timestamp_ms,timestamp_μs,freeAcceleration_m/s²_x,freeAcceleration_m/s²_y,freeAcceleration_m/s²_z
1746705267465,662322487,0.1712876,0.15685469,1.3408575
1746705267482,662339154,0.43558753,0.15077502,1.588625
1746705267498,662355821,-0.0832664,-0.08330082,2.1713228
1746705267515,662372488,-0.07361243,0.021163994,2.1722097
1746705267532,662389155,-0.025615478,-0.044493385,2.6203022
1746705267548,662405822,-0.14300515,-0.04608256,2.4119196
1746705267565,662422489,-0.041533846,-0.13778009,2.7969494
1746705267582,662439156,0.005301951,-0.0146780955,2.5186958
1746705267598,662455823,-0.38405696,-0.06544728,1.936202
1746705267615,662472490,0.144846,0.08237391,1.9952383
1746705267632,662489157,-0.23187725,-0.03414384,1.8563433
1746705267648,662505824,-0.18832263,0.22080532,1.3908033
1746705267665,662522491,0.057208586,-0.14653085,0.95520306
1746705267682,662539158,-0.06778589,-0.14342022,0.82550526
1746705267698,662555825,-0.30432922,-0.27114737,0.71936035
1746705267715,662572492,-0.12963393,-0.41712883,0.7587013
1746705267732,662589159,-0.14315759,-0.42733577,0.72822094
1746705267748,662605826,-0.15413944,-0.40241563,0.6783781
1746705267765,662622493,-0.14314328,-0.44451183,0.72297955
1746705267782,662639160,-0.11323994,-0.3178388,0.80701447
1746705267798,662655827,-0.087479174,-0.25122967,0.8470278
1746705267815,662672494,0.059050336,-0.22047877,1.1230011
1746705267832,662689161,0.29208294,-0.46107817,1.7712746
1746705267848,662705828,-0.175362,-0.06449444,1.6243696
1746705267865,662722495,-0.44268417,-0.24966778,1.647089
1746705267882,662739162,0.06502707,-0.30027714,1.3496943
1746705267898,662755829,-0.06930287,-0.34285748,1.3407154
1746705267915,662772496,-0.06344862,-0.052144457,1.1737185
1746705267932,662789163,-0.12915652,0.038954955,0.9948654
1746705267948,662805830,-0.073648416,0.0044914926,0.7394209
1746705267965,662822497,-0.003768652,0.13762721,0.3741293
1746705267982,662839164,0.20332415,0.32631192,0.103284836
1746705267998,662855831,0.30557036,0.34055796,-0.0861454
1746705268015,662872498,0.40996143,0.252208,-0.52575684
1746705268032,662889165,-0.09359694,0.24523796,-0.8668661
1746705268048,662905832,0.39093757,0.41837367,-1.0218935
1746705268065,662922499,-0.014081093,0.45792976,-0.9894495
1746705268082,662939166,-0.02703568,0.6896594,-1.3814087
1746705268098,662955833,0.2296837,0.5553611,-1.2636194
1746705268115,662972500,0.32060832,0.7550869,-1.1836357
1746705268132,662989167,0.03741383,0.67839646,-1.1440172
1746705268148,663005834,-0.03909845,0.6404623,-0.98597527
1746705268165,663022501,0.2675193,0.49637845,-1.4411535
1746705268182,663039168,0.26616168,0.29298133,-1.9518514
1746705268198,663055835,0.3359129,0.2580057,-1.6325779
1746705268215,663072502,0.08205183,0.16184841,-1.8915691
1746705268232,663089169,0.25408572,0.24784547,-1.5533714
1746705268248,663105836,-0.1724778,-0.028619716,-1.5639668
1746705268265,663122503,-0.2281247,0.13003045,-1.5465822
1746705268282,663139170,-0.2555294,0.0053607346,-1.6457567
1746705268298,663155837,-0.18783112,-0.0053924737,-1.7268162
1746705268315,663172504,-0.051783256,-0.20974813,-1.6438684
1746705268332,663189171,0.01838014,-0.55807567,-1.387003
1746705268348,663205838,0.14266519,-0.53846484,-1.4064331
1746705268365,663222505,0.021249823,-0.7614304,-1.326498
1746705268382,663239172,0.07196849,-1.014145,-1.3960648
1746705268398,663255839,-0.01178405,-0.8231987,-1.584837
1746705268415,663272506,0.100102514,-0.75020516,-1.567296
1746705268432,663289173,0.13229777,-0.93905145,-1.2347031
1746705268448,663305840,-0.13109995,-1.1422501,-1.0077105
1746705268465,663322507,-0.42995444,-1.2491114,-0.91011906
1746705268482,663339174,-0.27532774,-1.2903633,-0.6168871
1746705268498,663355841,-0.0909615,-1.3119777,-0.35686588
1746705268515,663372508,-0.2881015,-1.4238671,-0.48519802
1746705268532,663389175,-0.30343246,-1.462516,-0.64607716
1746705268548,663405842,-0.10812305,-1.3185718,-0.62284374
1746705268565,663422509,-0.1256905,-1.1946377,-0.30715466
1746705268582,663439176,0.08514659,-1.0472603,0.10797691
1746705268598,663455843,0.12902196,-0.79120725,0.3903637
1746705268615,663472510,-0.068256386,-0.7823454,0.3227911
1746705268632,663489177,-0.11114606,-1.0526707,0.18358994
1746705268648,663505844,-0.055530675,-1.1092792,-0.09359074
1746705268665,663522511,0.047483318,-0.7716742,-0.521327
1746705268682,663539178,-0.2559373,-0.9132286,-0.25948048
1746705268698,663555845,-0.15055676,-0.54986894,0.19767666
1746705268715,663572512,0.01899279,-0.41554055,0.24748135
1746705268732,663589179,-0.17986713,-0.70428354,-0.09454346
1746705268748,663605846,-0.17599186,-0.77001375,-0.21732616
1746705268765,663622513,-0.09542774,-0.563813,-0.46891594
1746705268782,663639180,-0.006139901,-0.58681357,-0.51198006
1746705268798,663655847,0.09940381,-0.802688,-0.4962597
1746705268815,663672514,-0.0029336074,-0.7410764,-0.15619278
1746705268832,663689181,-0.03991718,-0.80541307,0.21201038
1746705268848,663705848,-0.21730421,-0.8469212,0.30577183
1746705268865,663722515,-0.2996522,-0.6331901,0.22216225
1746705268882,663739182,-0.3527144,-0.43789384,0.12086105
1746705268898,663755849,-0.106362216,-0.2897204,-0.01172924
1746705268915,663772516,-0.061315637,-0.36001545,-0.10617447
1746705268932,663789183,0.034674905,-0.44812447,-0.1718731
1746705268948,663805850,-0.023076596,-0.46071273,-0.09049797
1746705268965,663822517,-0.08660635,-0.59286743,0.19868565
1746705268982,663839184,-0.018233294,-0.50017595,0.3852949
1746705268998,663855851,0.112605825,-0.49824682,0.3049221
1746705269015,663872518,-0.0017767044,-0.41326407,0.04012394
1746705269032,663889185,0.026773276,-0.39704886,-0.041287422
1746705269048,663905852,0.0067820535,-0.32043913,-0.045945168
1746705269065,663922519,0.18536176,-0.3396668,-0.046660423
1746705269082,663939186,-0.092937805,-0.49119386,-0.13871288
1746705269098,663955853,-0.12744999,-0.71807986,0.35362434
1746705269115,663972520,-0.16112423,-0.841052,0.22394466
1746705269132,663989187,-0.119177334,-0.85075086,0.12428951
1746705269148,664005854,-0.076429136,-0.8914631,0.064092636
1746705269165,664022521,-0.108507045,-0.8390001,0.00554657
1746705269182,664039188,-0.084149055,-1.1325837,0.47954178
1746705269198,664055855,-0.08270493,-1.192196,0.62870884
1746705269215,664072522,-0.067059025,-0.8166763,0.0858469
1746705269232,664089189,-0.0856229,-0.61696506,-0.15543461
1746705269248,664105856,-0.121621445,-0.5826905,-0.09518623
1746705269265,664122523,-0.13385454,-0.54438704,0.008919716
1746705269282,664139190,-0.08050221,-0.5994533,-0.013550758
1746705269298,664155857,-0.0619227,-0.73833436,-0.031499863
1746705269315,664172524,-0.15403888,-0.85606045,0.09284973
1746705269332,664189191,-0.1425237,-1.1562794,0.53685
1746705269348,664205858,-0.11839884,-1.1396642,0.6232767
1746705269365,664222525,-0.10345476,-0.8081265,0.20952225
1746705269382,664239192,-0.07155365,-0.51798594,-0.3631897
1746705269398,664255859,-0.05752866,-0.48484677,-0.43759727
1746705269415,664272526,-0.08874649,-0.7315192,-0.23292542
1746705269432,664289193,-0.14144324,-0.9229194,-0.12508297
1746705269448,664305860,-0.20775753,-0.9236957,0.3911209
1746705269465,664322527,0.05634717,-1.134879,0.91012096
1746705269482,664339194,0.07643942,-1.0560576,0.80397797
1746705269498,664355861,0.2219439,-0.76532066,0.5369072
1746705269515,664372528,0.106142506,-0.6670782,-0.0685482
1746705269532,664389195,-0.02486157,-0.72450966,-0.41617584
1746705269548,664405862,0.088233754,-1.0165738,-0.31480694
1746705269565,664422529,0.33505508,-1.0245141,-0.25685692
1746705269582,664439196,0.2612721,-0.81116205,-0.28319073
1746705269598,664455863,0.50124633,-0.07467836,-1.0047445
1746705269615,664472530,0.8492225,-0.20354676,-0.68056965
1746705269632,664489197,0.02738302,-0.3837056,-1.2406778
1746705269648,664505864,0.391301,-0.9355803,-1.1883755
1746705269665,664522531,-0.30830058,-1.2153614,-0.79362965
1746705269682,664539198,-0.5245187,-0.31223688,-0.8157568
1746705269698,664555865,-0.065321885,0.13433553,-0.27905464
1746705269715,664572532,-0.050167482,-0.18115948,-0.03003025
1746705269732,664589199,0.034600478,-0.5166299,-0.19698334
1746705269748,664605866,0.28264466,-0.929923,-0.48147964
1746705269765,664622533,0.3010382,-0.52923375,-1.0392914
1746705269782,664639200,0.6420157,-0.0011615969,-1.2706289
1746705269798,664655867,0.50519115,0.07856435,-1.0953379
1746705269815,664672534,0.23518994,0.2877993,-1.3249187
1746705269832,664689201,-0.41216952,0.40508282,-1.3157806
1746705269848,664705868,-0.28179374,0.4005798,-2.1766977
1746705269865,664722535,0.48130363,0.611576,-2.2472382
1746705269882,664739202,0.38169017,0.7982336,-1.7896137
1746705269898,664755869,0.27723274,0.94050753,-1.3468409
1746705269915,664772536,-0.0061740982,1.0020545,-0.96450424
1746705269932,664789203,-0.31339332,1.0380225,-1.1732502
1746705269948,664805870,-0.6048312,1.286733,-1.5236845
1746705269965,664822537,-0.6405016,1.2417457,-0.6801939
1746705269982,664839204,-0.57057536,0.8266944,-0.13391304
1746705269998,664855871,0.04021959,1.1665944,-0.17585754
1746705270015,664872538,0.4579908,1.4341267,0.29869366
1746705270032,664889205,-0.18232265,0.89374137,0.89812946
1746705270048,664905872,-0.27505505,0.76978534,0.65869427
1746705270065,664922539,-0.25368094,0.8532419,-0.06617355
1746705270082,664939206,-0.43816116,0.63757426,0.4713707
1746705270098,664955873,-0.6563418,0.83560187,0.31513405
1746705270115,664972540,-0.47634432,0.67246354,-0.062924385
1746705270132,664989207,-0.27659303,0.992752,0.002175331
1746705270148,665005874,0.057979483,1.031897,0.22805214
1746705270165,665022541,-0.26848242,0.9233738,-0.67936516
1746705270182,665039208,-0.114001445,0.9046986,-0.6502352
1746705270198,665055875,0.070405684,0.8163853,0.21279526
1746705270215,665072542,-0.10297018,0.9550407,0.30941772
1746705270232,665089209,0.1268027,0.8437444,0.1405716
1746705270248,665105876,-0.22002727,0.7329754,-0.07044506
1746705270265,665122543,0.20466053,0.66521794,0.24141026
1746705270282,665139210,0.1543035,0.6123931,-0.07961178
1746705270298,665155877,0.3427806,0.47491542,0.39599323
1746705270315,665172544,0.4639559,0.7903539,1.0351095
1746705270332,665189211,0.83762354,0.44445416,1.048831
1746705270348,665205878,0.90863603,0.36647967,0.6473665
1746705270365,665222545,0.41484296,0.34451908,0.555768
1746705270382,665239212,0.03183048,0.6064765,0.46331978
1746705270398,665255879,-0.095840566,0.557904,0.28005695
1746705270415,665272546,0.021686792,0.4169366,0.1962347
1746705270432,665289213,-0.14547855,0.55896074,-0.085105896
1746705270448,665305880,0.051449552,0.4645549,0.09611797
1746705270465,665322547,-0.28084022,0.47708952,0.0720911
1746705270482,665339214,-0.33071825,0.3657794,0.15494919
1746705270498,665355881,-0.2565115,0.25878868,0.49924564
1746705270515,665372548,-0.28534737,0.3350001,0.24570084
1746705270532,665389215,-0.22574832,0.17610988,0.7045202
1746705270548,665405882,-0.04147149,0.13796113,0.8757925
1746705270565,665422549,0.11998488,0.2831927,0.9417982
1746705270582,665439216,0.14235137,0.41084206,0.7294264
1746705270598,665455883,0.040711097,0.4822444,0.46172905
1746705270615,665472550,-0.17798047,0.51966983,0.30957603
1746705270632,665489217,-0.21913008,0.5092526,0.24807644
1746705270648,665505884,-0.22794724,0.5273379,0.25378036
1746705270665,665522551,-0.21865043,0.48919252,0.37085056
1746705270682,665539218,-0.050650943,0.6029074,0.42805958
1746705270698,665555885,0.2330697,0.5589574,0.72764015
1746705270715,665572552,0.39883786,0.5619232,0.91430473
1746705270732,665589219,0.30079904,0.44440633,1.2011967
1746705270748,665605886,-0.044427224,0.45860478,1.2518988
1746705270765,665622553,-0.09543936,0.40957856,1.2024527
1746705270782,665639220,-0.01580952,0.3992013,1.0950527
1746705270798,665655887,0.017721448,0.4412369,0.89436626
1746705270815,665672554,-0.0065641287,0.45595303,0.85738754
1746705270832,665689221,0.03919702,0.5074482,0.80319786
1746705270848,665705888,0.050608475,0.47294918,0.7217102
1746705270865,665722555,0.037318617,0.49224257,0.6366739
1746705270882,665739222,0.12897256,0.39512172,0.5427723
1746705270898,665755889,0.16351068,0.48038992,0.58445644
1746705270915,665772556,0.23099908,0.4184661,0.61909103
1746705270932,665789223,0.24771315,0.37673622,0.6034756
1746705270948,665805890,0.1718352,0.38071206,0.64339066
1746705270965,665822557,0.16936627,0.40615857,0.6424637
1746705270982,665839224,0.25145185,0.40037888,0.7441292
1746705270998,665855891,0.18867578,0.40399152,0.7251501
1746705271015,665872558,0.07629503,0.39704618,0.6532507
1746705271032,665889225,0.11668605,0.38011384,0.6391802
1746705271048,665905892,0.3749138,0.396783,0.8039732
1746705271065,665922559,-0.013859144,0.46213025,0.48717594
1746705271082,665939226,0.06361503,0.37890834,0.55504036
1746705271098,665955893,-0.04432597,0.4764525,0.58473206
1746705271115,665972560,-0.055039953,0.45469812,0.46765423
1746705271132,665989227,-0.007595529,0.37692934,0.4615717
1746705271148,666005894,-0.051359255,0.3555396,0.43052483
1746705271165,666022561,-0.07088121,0.4238768,0.6019783
1746705271182,666039228,-0.041741155,0.45771688,0.38770008
1746705271198,666055895,-0.07794187,0.34525186,0.51186943
1746705271215,666072562,-0.08666648,0.33169502,0.506999
1746705271232,666089229,-0.23538607,0.43741685,0.43412113
1746705271248,666105896,-0.053050578,0.3400212,0.32960033
1746705271265,666122563,0.019659529,0.28091523,0.33773613
1746705271282,666139230,0.030037235,0.34446552,0.32170582
1746705271298,666155897,0.10042661,0.21520106,0.26429462
1746705271315,666172564,-0.039668407,0.31472346,0.35063457
1746705271332,666189231,-0.024446059,0.2746192,0.20422935
1746705271348,666205898,-0.025633471,0.25623426,0.18456078
1746705271365,666222565,0.10196829,0.21335407,0.13005733
1746705271382,666239232,-0.1400236,0.23943569,0.26379013
1746705271398,666255899,-0.07328409,0.28448147,0.22332096
1746705271415,666272566,-0.0248571,0.23130384,0.24802208
1746705271432,666289233,0.026561273,0.29519132,0.22150803
1746705271448,666305900,-0.14976363,0.3201852,0.32056618
1746705271465,666322567,-0.04114438,0.27197447,0.24725056
1746705271482,666339234,-0.054243464,0.26855618,0.24408722
1746705271498,666355901,-0.05006735,0.29683593,0.2272749
1746705271515,666372568,-0.043499533,0.27757794,0.3268757
1746705271532,666389235,-0.07827334,0.3084508,0.27384186
1746705271548,666405902,-0.046122234,0.27388316,0.28484726
1746705271565,666422569,-0.0066542043,0.2569772,0.20799923
1746705271582,666439236,-0.11004627,0.3339943,0.311306
1746705271598,666455903,-0.050250854,0.3180301,0.23974323
1746705271615,666472570,-0.056954566,0.29065973,0.2719097
1746705271632,666489237,-0.069969505,0.28046608,0.26216602
1746705271648,666505904,-0.05930335,0.28340527,0.27686787
1746705271665,666522571,-0.03258584,0.29329962,0.2790022
1746705271682,666539238,-0.04831512,0.29425973,0.27584743
1746705271698,666555905,-0.035144396,0.28428802,0.24069023
1746705271715,666572572,-0.04520885,0.25817758,0.23754787
1746705271732,666589239,-0.08207966,0.24267718,0.17620182
1746705271748,666605906,-0.0777054,0.2212604,0.16210651
1746705271765,666622573,-0.0758432,0.25263503,0.20865822
1746705271782,666639240,-0.09921405,0.24626903,0.19264221
1746705271798,666655907,-0.10529606,0.24027531,0.19280148
1746705271815,666672574,-0.109624386,0.2247748,0.19126415
1746705271832,666689241,-0.11317411,0.24422735,0.18567085
1746705271848,666705908,-0.10494738,0.22710682,0.1720953
1746705271865,666722575,-0.100356534,0.25174108,0.19392872
1746705271882,666739242,-0.089517385,0.24910831,0.16946888
1746705271898,666755909,-0.10007245,0.24487789,0.19063187
1746705271915,666772576,-0.0876344,0.26021144,0.20851517
1746705271932,666789243,-0.114007704,0.26339906,0.21418953
1746705271948,666805910,-0.10541028,0.24925584,0.22570705
1746705271965,666822577,-0.11884296,0.25438154,0.22427273
1746705271982,666839244,-0.11260314,0.25056273,0.217947
1746705271998,666855911,-0.116584584,0.27167374,0.24103165
1746705272015,666872578,-0.1215117,0.28460976,0.24514294
1746705272032,666889245,-0.09468277,0.2725253,0.2317524
1746705272048,666905912,-0.12903236,0.27478346,0.22055244
1746705272065,666922579,-0.12569922,0.27484372,0.22840977
1746705272082,666939246,-0.13172781,0.26400915,0.22198105
1746705272098,666955913,-0.11540544,0.27787912,0.24219513
1746705272115,666972580,-0.120918944,0.2567928,0.22548866
1746705272132,666989247,-0.12607126,0.26151207,0.23660088
1746705272148,667005914,-0.12477913,0.26269367,0.22062397
1746705272165,667022581,-0.10294884,0.25842088,0.22339821
1746705272182,667039248,-0.14624296,0.24187477,0.19413376
1746705272198,667055915,-0.12513551,0.24489655,0.2418747
1746705272215,667072582,-0.15476574,0.24852093,0.22824287
1746705272232,667089249,-0.1303826,0.23911215,0.21018791
1746705272248,667105916,-0.11892018,0.28825405,0.22109604
1746705272265,667122583,-0.13386817,0.28283867,0.25501823
1746705272282,667139250,-0.1415199,0.2755422,0.22997284
1746705272298,667155917,-0.15841593,0.27068135,0.2282362
1746705272315,667172584,-0.14861578,0.27058622,0.23685837
1746705272332,667189251,-0.14812014,0.25668955,0.20026302
1746705272348,667205918,-0.14737596,0.23660724,0.18153858
1746705272365,667222585,-0.13071316,0.2524685,0.22347069
1746705272382,667239252,-0.1444344,0.26140264,0.21792984
1746705272398,667255919,-0.1411614,0.2267121,0.19460678
1746705272415,667272586,-0.15744309,0.21940692,0.17648983
1746705272432,667289253,-0.1637105,0.23038352,0.17347908
1746705272448,667305920,-0.17456764,0.2296609,0.21460438
1746705272465,667322587,-0.15753762,0.24452396,0.19835663
1746705272482,667339254,-0.1751595,0.23763394,0.19640446
1746705272498,667355921,-0.15799348,0.22008304,0.20730591
1746705272515,667372588,-0.16816914,0.26133838,0.21069527
1746705272532,667389255,-0.17348383,0.26411432,0.22467327
1746705272548,667405922,-0.17337409,0.24865603,0.23469067
1746705272565,667422589,-0.17460643,0.2547234,0.20733166
1746705272582,667439256,-0.17763267,0.26499373,0.2043314
1746705272598,667455923,-0.18612851,0.24880256,0.21459484
1746705272615,667472590,-0.16329734,0.23332405,0.22076702
1746705272632,667489257,-0.1528243,0.2517414,0.21850967
1746705272648,667505924,-0.1766671,0.26366103,0.2331829
1746705272665,667522591,-0.16887152,0.24038985,0.220932
1746705272682,667539258,-0.18709186,0.25375214,0.24320698
1746705272698,667555925,-0.17460988,0.25415972,0.23162079
1746705272715,667572592,-0.20088987,0.23950553,0.24349976
1746705272732,667589259,-0.15963173,0.26836285,0.24324226
1746705272748,667605926,-0.21227036,0.24993923,0.22794151
1746705272765,667622593,-0.20628268,0.25569993,0.24718952
1746705272782,667639260,-0.20024191,0.249553,0.21456051
1746705272798,667655927,-0.20327508,0.26228923,0.2339325
1746705272815,667672594,-0.22052649,0.2566359,0.23702908
1746705272832,667689261,-0.19050199,0.23814645,0.22332859
1746705272848,667705928,-0.19645627,0.23411116,0.21557903
1746705272865,667722595,-0.20424837,0.24205637,0.2311697
1746705272882,667739262,-0.201818,0.23343492,0.21557426
1746705272898,667755929,-0.20700027,0.23476683,0.19589806
1746705272915,667772596,-0.2014738,0.2530533,0.22994518
1746705272932,667789263,-0.20993935,0.2614838,0.22821331
1746705272948,667805930,-0.213998,0.24995331,0.2261076
1746705272965,667822597,-0.22285728,0.23751739,0.2349329
1746705272982,667839264,-0.20986503,0.24460152,0.20021152
1746705272998,667855931,-0.19293036,0.25469434,0.22581005
1746705273015,667872598,-0.22244065,0.23373555,0.20757866
1746705273032,667889265,-0.1974024,0.2551357,0.2246418
1746705273048,667905932,-0.20148923,0.2149648,0.19888687
1746705273065,667922599,-0.20264076,0.2506054,0.21471977
1746705273082,667939266,-0.23859203,0.23690608,0.22037697
1746705273098,667955933,-0.23506042,0.2333282,0.2038145
1746705273115,667972600,-0.2263585,0.2520682,0.23015594
1746705273132,667989267,-0.22458638,0.23587188,0.22282887
1746705273148,668005934,-0.232293,0.2487631,0.20581341
1746705273165,668022601,-0.23988037,0.23830001,0.23725605
1746705273182,668039268,-0.2303557,0.2509893,0.22248268
1746705273198,668055935,-0.22414371,0.24545601,0.23136616
1746705273215,668072602,-0.21799766,0.2600476,0.23180485
1746705273232,668089269,-0.230813,0.22698791,0.22781563
1746705273248,668105936,-0.2486766,0.24547154,0.21636009
1746705273265,668122603,-0.23672906,0.2349699,0.22363758
1746705273282,668139270,-0.237547,0.22964202,0.21522808
1746705273298,668155937,-0.2259583,0.23569575,0.21407032
1746705273315,668172604,-0.22006191,0.24182314,0.21211815
1746705273332,668189271,-0.23521598,0.24845387,0.23197365
1746705273348,668205938,-0.2342379,0.23557281,0.22182274
1746705273365,668222605,-0.23527633,0.23655382,0.20709229
1746705273382,668239272,-0.23474191,0.22916873,0.2109623
1746705273398,668255939,-0.24735989,0.23734316,0.2286148
1746705273415,668272606,-0.2385841,0.23130138,0.20775318
1746705273432,668289273,-0.24570008,0.2206303,0.20949364
1746705273448,668305940,-0.24001905,0.23355249,0.19568062
1746705273465,668322607,-0.25102115,0.24226032,0.21740913
1746705273482,668339274,-0.24698506,0.23737556,0.22458553
1746705273498,668355941,-0.24771717,0.23464972,0.21845818
1746705273515,668372608,-0.24290338,0.2343711,0.20686626
1746705273532,668389275,-0.2542747,0.22252011,0.20517635
1746705273548,668405942,-0.25590646,0.2263928,0.22698116
1746705273565,668422609,-0.25818127,0.23418435,0.23758125
1746705273582,668439276,-0.24968877,0.23147918,0.21102142
1746705273598,668455943,-0.259368,0.24293892,0.22571278
1746705273615,668472610,-0.25464696,0.2540767,0.23924446
1746705273632,668489277,-0.26140174,0.2364206,0.22364712
1746705273648,668505944,-0.2617851,0.22535671,0.18892288
1746705273665,668522611,-0.26149598,0.21429595,0.20129967
1746705273682,668539278,-0.276644,0.21827303,0.21363068
1746705273698,668555945,-0.26241583,0.24407558,0.22186565
1746705273715,668572612,-0.26259878,0.2128573,0.20148468
1746705273732,668589279,-0.25334412,0.22155967,0.2077837
1746705273748,668605946,-0.26950744,0.21463245,0.20911789
1746705273765,668622613,-0.26464123,0.22583917,0.21308899
1746705273782,668639280,-0.27221242,0.22566003,0.22066784
1746705273798,668655947,-0.27560812,0.21328065,0.21105957
1746705273815,668672614,-0.2674081,0.23810622,0.24118423
1746705273832,668689281,-0.2755936,0.2392581,0.24460125
1746705273848,668705948,-0.2904769,0.2506005,0.22448063
1746705273865,668722615,-0.27545145,0.22109075,0.21162891
1746705273882,668739282,-0.26575443,0.23386429,0.21564007
1746705273898,668755949,-0.26571053,0.23774111,0.21718979
1746705273915,668772616,-0.28209683,0.2174238,0.21300125
1746705273932,668789283,-0.28222668,0.23393694,0.2204237
1746705273948,668805950,-0.28649622,0.22120363,0.20602036
1746705273965,668822617,-0.28236124,0.23930973,0.23484993
1746705273982,668839284,-0.30029503,0.21073058,0.23718739
1746705273998,668855951,-0.31052017,0.1771966,0.2243309
1746705274015,668872618,-0.27120325,0.19041169,0.15761948
1746705274032,668889285,-0.2706067,0.2395033,0.16263103
1746705274048,668905952,-0.30344677,0.3177128,0.2564993
1746705274065,668922619,-0.254655,0.31019375,0.2803669
1746705274082,668939286,-0.2906006,0.2249991,0.25946045
1746705274098,668955953,-0.27258545,0.21105893,0.23625183
1746705274115,668972620,-0.27558386,0.14489228,0.17911339
1746705274132,668989287,-0.27208197,0.16418412,0.1446333
1746705274148,669005954,-0.3145765,0.17172366,0.15556145
1746705274165,669022621,-0.32259458,0.20020849,0.19272327
1746705274182,669039288,-0.3242364,0.28340772,0.24286175
1746705274198,669055955,-0.31404778,0.30447316,0.30118752
1746705274215,669072622,-0.30449194,0.30857685,0.30409145
1746705274232,669089289,-0.2819921,0.21975224,0.21364021
1746705274248,669105956,-0.2827411,0.16451158,0.2118864
1746705274265,669122623,-0.2735088,0.18198727,0.22438622
1746705274282,669139290,-0.24685776,0.16389646,0.1856041
1746705274298,669155957,-0.2640895,0.17726041,0.15379715
1746705274315,669172624,-0.2951256,0.20127498,0.19854069
1746705274332,669189291,-0.3049383,0.22791661,0.20450687
1746705274348,669205958,-0.3248221,0.24866475,0.22995186
1746705274365,669222625,-0.30586922,0.25748816,0.2609625
1746705274382,669239292,-0.3083435,0.21506695,0.25537777
1746705274398,669255959,-0.3139948,0.20072548,0.22462559
1746705274415,669272626,-0.3115538,0.17946425,0.19055367
1746705274432,669289293,-0.30257386,0.19781075,0.19373608
1746705274448,669305960,-0.29915175,0.232602,0.22809982
1746705274465,669322627,-0.31517485,0.2517757,0.24343395
1746705274482,669339294,-0.319955,0.23853749,0.23373222
1746705274498,669355961,-0.31184596,0.20300832,0.20890427
1746705274515,669372628,-0.31072614,0.15574293,0.17794037
1746705274532,669389295,-0.31509694,0.19240454,0.16534138
1746705274548,669405962,-0.32274702,0.24951477,0.26706123
1746705274565,669422629,-0.30706847,0.25939462,0.29503918
1746705274582,669439296,-0.3126495,0.23970747,0.23333359
1746705274598,669455963,-0.2956796,0.21889809,0.23284626
1746705274615,669472630,-0.28646168,0.19978124,0.19660187
1746705274632,669489297,-0.29918775,0.20453358,0.1947031
1746705274648,669505964,-0.31272134,0.20888962,0.20633125
1746705274665,669522631,-0.30695045,0.20782101,0.20958328
1746705274682,669539298,-0.3009802,0.21098897,0.19148827
1746705274698,669555965,-0.3137788,0.21232937,0.20431232
1746705274715,669572632,-0.3177704,0.20715225,0.20548916
1746705274732,669589299,-0.31561494,0.20536393,0.23141766
1746705274748,669605966,-0.33594835,0.22180375,0.22371864
1746705274765,669622633,-0.32194862,0.18448134,0.19197655
1746705274782,669639300,-0.31225118,0.1837661,0.20572948
1746705274798,669655967,-0.3436174,0.1875172,0.18337345
1746705274815,669672634,-0.36243743,0.1737364,0.1840496
1746705274832,669689301,-0.38946953,0.15807909,0.23784065
1746705274848,669705968,-0.25500605,0.22571613,0.16033268
1746705274865,669722635,-0.27026963,0.15395707,0.21474934
1746705274882,669739302,-0.3343432,0.20350116,0.20488071
1746705274898,669755969,-0.3040907,0.30285212,0.23835087
1746705274915,669772636,-0.33430353,0.28739005,0.3863802
1746705274932,669789303,-0.34256288,0.2888432,0.2521639
1746705274948,669805970,-0.31936437,0.20212087,0.24539948
1746705274965,669822637,-0.33105543,0.1836121,0.19116688
1746705274982,669839304,-0.3114643,0.19195661,0.20727444
1746705274998,669855971,-0.30866903,0.17440191,0.24227905
1746705275015,669872638,-0.3306054,0.19215834,0.24568272
1746705275032,669889305,-0.34476975,0.15021256,0.21921158
1746705275048,669905972,-0.30778494,0.11928093,0.099095345
1746705275065,669922639,-0.29224643,0.07406549,0.13351631
1746705275082,669939306,-0.330365,0.059798546,0.3509636
1746705275098,669955973,-0.34419733,0.2112641,0.30429935
1746705275115,669972640,-0.34724447,0.19178127,0.2674446
1746705275132,669989307,-0.3727738,0.17025317,0.2675352
1746705275148,670005974,-0.36415523,0.1648369,0.26476288
1746705275165,670022641,-0.3820327,0.1646859,0.24922085
1746705275182,670039308,-0.4441238,0.15491526,0.2484436
1746705275198,670055975,-0.31414577,0.27627555,0.44947338
1746705275215,670072642,-0.3601377,0.38088104,0.40987587
1746705275232,670089309,-0.3608649,0.2603736,0.42650032
1746705275248,670105976,-0.3958011,0.28867057,0.4965372
1746705275265,670122643,-0.34109318,0.21455032,0.8859663
1746705275282,670139310,-0.5281229,0.36887437,0.66337395
1746705275298,670155977,-0.46629888,0.49216524,0.57204056
1746705275315,670172644,-0.45740843,0.67657995,1.4079809
1746705275332,670189311,-0.31569082,0.6681806,2.164775
1746705275348,670205978,-0.74901474,1.237314,0.94088936
1746705275365,670222645,-0.3425708,1.2773478,1.9826641
1746705275382,670239312,-0.5094216,1.2466844,2.497673
1746705275398,670255979,-0.6668397,1.555858,2.4136734
1746705275415,670272646,-0.16636896,1.3027495,3.217513
1746705275432,670289313,-0.46751758,0.95624655,3.4570055
1746705275448,670305980,-0.66854423,1.0990373,2.7157774
1746705275465,670322647,-0.7675582,0.9024644,2.4099522
1746705275482,670339314,-0.56284404,1.0667214,2.5639782
1746705275498,670355981,-0.6080958,1.1463253,1.9029751
1746705275515,670372648,-0.40204126,0.728399,1.5147772
1746705275532,670389315,-0.23714769,0.6480959,1.1642551
1746705275548,670405982,-0.33284813,0.47441116,1.1436939
1746705275565,670422649,-0.45128182,0.47709957,1.3010654
1746705275582,670439316,-0.6546898,0.46193156,1.0909071
1746705275598,670455983,-0.5703043,0.5161214,1.1557913
1746705275615,670472650,-0.54041857,0.6251063,1.1726236
1746705275632,670489317,-0.5821446,0.6083021,0.9015608
1746705275648,670505984,-0.49302867,0.54735214,0.785367
1746705275665,670522651,-0.25146705,0.6616927,1.0506802
1746705275682,670539318,-0.3386979,0.81582695,1.3670034
1746705275698,670555985,-0.3358155,0.82636404,1.5241327
1746705275715,670572652,-0.4048376,0.8739591,1.1999149
1746705275732,670589319,-0.61822027,0.9126027,0.97888947
1746705275748,670605986,-0.9394645,0.7286556,0.7860222
1746705275765,670622653,-0.68791723,0.7521231,0.21957779
1746705275782,670639320,-0.5362816,0.6595852,-0.22382545
1746705275799,670655987,-0.33031526,0.8759307,-0.485528
1746705275815,670672654,-0.61513895,0.82069397,-0.4385214
1746705275832,670689321,-0.62417465,0.90782225,-0.664176
1746705275849,670705988,-0.53259027,0.979088,-1.0251513
1746705275865,670722655,-0.4866304,0.7330744,-1.4480047
1746705275882,670739322,-0.044244837,0.8617056,-1.7421007
1746705275899,670755989,-0.14832152,0.9086544,-1.4886236
1746705275915,670772656,-0.0072229328,0.98323727,-1.3054571
1746705275932,670789323,-0.11533816,0.90243155,-1.1282625
1746705275949,670805990,-0.24486627,0.8228864,-1.2063532
1746705275965,670822657,-0.014422956,0.49637377,-1.2157745
1746705275982,670839324,-0.33146793,0.5070872,-1.3063726
1746705275999,670855991,-0.19775979,0.6209134,-0.7871227
1746705276015,670872658,-0.55997103,0.20833263,-1.202487
1746705276032,670889325,-0.17672901,0.36518976,-1.3840361
1746705276049,670905992,-0.1538994,0.42192987,-1.4782343
1746705276065,670922659,-0.24703032,0.24426591,-1.3525734
1746705276082,670939326,-0.051857688,0.23215799,-1.3643389
1746705276099,670955993,-0.06613916,0.3437077,-1.3305311
1746705276115,670972660,-0.3208135,0.33455732,-1.6886387
1746705276132,670989327,-0.4411949,0.19307965,-1.7830582
1746705276149,671005994,-0.5064149,-0.060352076,-1.8387051
1746705276165,671022661,-0.33621287,-0.12838092,-1.8577037
1746705276182,671039328,-0.10823067,-0.034509283,-1.8039408
1746705276199,671055995,0.15211599,0.06387598,-1.6197691
1746705276215,671072662,-0.034894843,-0.4440742,-1.2697048
1746705276232,671089329,-0.09273419,-0.39862707,-1.2803411
1746705276249,671105996,-0.11637291,-0.2550931,-1.2957201
1746705276265,671122663,-0.1527702,-0.12774056,-1.2555046
1746705276282,671139330,-0.22786923,-0.06992916,-1.0501919
1746705276299,671155997,-0.12205506,-0.44275078,-0.99887085
1746705276315,671172664,-0.14913343,-0.7300534,-0.61456585
1746705276332,671189331,-0.21885316,-0.7799006,-0.34359264
1746705276349,671205998,-0.09718679,-0.53931934,-0.14083385
1746705276365,671222665,0.04221668,-0.5384903,-0.076189995
1746705276382,671239332,0.015166695,-0.4837283,-0.06044674
1746705276399,671255999,0.07658381,-0.47813937,-0.12035942
1746705276415,671272666,0.13789564,-0.52967185,-0.43831348
1746705276432,671289333,0.062912636,-0.47873256,-0.383914
1746705276449,671306000,-0.0055489326,-0.48805618,-0.33100796
1746705276465,671322667,-0.19377075,-0.36528164,-0.21444225
1746705276482,671339334,-0.26582998,-0.33067802,-0.11895847
1746705276499,671356001,-0.3468291,-0.19478014,0.10831928
1746705276515,671372668,-0.4663135,-0.21068019,0.044851303
1746705276532,671389335,-0.49224615,-0.3203761,0.103170395
1746705276549,671406002,-0.48399428,-0.38783386,0.026172638
1746705276565,671422669,-0.32660383,-0.044438623,-0.010397911
1746705276582,671439336,-0.21494794,-0.22281358,-0.08783913
1746705276599,671456003,-0.13092853,-0.23773798,0.049438477
1746705276615,671472670,-0.27639276,0.15800935,0.08909893
1746705276632,671489337,-0.4029038,0.062467847,0.27921104
1746705276649,671506004,-0.27548754,0.055032242,0.32917786
1746705276665,671522671,-0.26677477,0.18198268,-0.16275692
1746705276682,671539338,-0.31355962,0.21149959,-0.34923267
1746705276699,671556005,-0.20073184,-0.08193873,-0.31410408
1746705276715,671572672,-0.08298835,-0.2677037,0.29617786
1746705276732,671589339,-0.034700833,0.045119442,0.4246149
1746705276749,671606006,-0.01958577,0.30071768,0.33877563
1746705276765,671622673,0.0074704736,0.3013878,0.18079853
1746705276782,671639340,0.014585561,0.17410184,0.195508
1746705276799,671656007,-0.001551627,0.08696353,0.35226727
1746705276815,671672674,-0.13116746,0.09635778,0.035214424
1746705276832,671689341,-0.10966618,0.2143724,-0.082232475
1746705276849,671706008,-0.06458541,0.23192419,-0.21371937
1746705276865,671722675,-0.094708696,0.194775,-0.09756756
1746705276882,671739342,-0.24420266,0.19668983,-0.12579727
1746705276899,671756009,-0.28274524,0.16591322,0.22655296
1746705276915,671772676,-0.23816021,0.08174316,0.46656322
1746705276932,671789343,-0.18807028,0.09863113,0.47505856
1746705276949,671806010,-0.070060804,0.22400893,0.527277
1746705276965,671822677,-0.34402287,0.0572106,0.14121723
1746705276982,671839344,-0.13748327,0.4066322,-0.14615059
1746705276999,671856011,-0.24530524,0.26619476,-0.38566017
1746705277015,671872678,-0.15363833,0.22218685,-0.067863464
1746705277032,671889345,-0.15202188,0.032314163,-0.13704681
1746705277049,671906012,-0.06887529,-0.0385124,0.137784
1746705277065,671922679,0.06556015,-0.07259499,0.36163998
1746705277082,671939346,-0.103955425,0.049209952,0.3583746
1746705277099,671956013,0.016776212,0.20949087,0.17672634
1746705277115,671972680,-0.03426677,0.13456486,-0.012260437
1746705277132,671989347,-0.114698805,-0.009711638,0.15672493
1746705277149,672006014,-0.17920397,-0.037607394,0.3564911
1746705277165,672022681,-0.08436407,0.16592708,-0.0755415
1746705277182,672039348,-0.15053888,0.16850574,-0.015729904
1746705277199,672056015,-0.05436215,0.18450704,0.055461884
1746705277215,672072682,-0.100124195,0.19322695,-0.017544746
1746705277232,672089349,-0.055226922,0.1250356,0.034760475
1746705277249,672106016,-0.22484197,0.036010843,-0.03762722
1746705277265,672122683,-0.1858879,-0.068346016,0.34927273
1746705277282,672139350,-0.20640415,0.124383174,0.27529335
1746705277299,672156017,-0.13951075,0.22171256,0.086634636
1746705277315,672172684,-0.07712471,0.23518413,0.040304184
1746705277332,672189351,-0.123878926,0.21308362,0.017465591
1746705277349,672206018,-0.09718478,0.31179386,0.016925812
1746705277365,672222685,-0.12253629,0.21318956,0.104665756
1746705277382,672239352,-0.10864272,0.10465816,0.27618694
1746705277399,672256019,-0.15713608,0.20062836,0.12003422
1746705277415,672272686,-0.13521282,0.19626762,0.10520744
1746705277432,672289353,-0.17586826,0.17948605,0.17220783
1746705277449,672306020,-0.20648551,0.23670447,0.04975891
1746705277465,672322687,-0.08752119,0.3251653,0.037643433
1746705277482,672339354,-0.123974144,0.2722846,0.033745766
1746705277499,672356021,-0.16853346,0.3317889,-0.014567375
1746705277515,672372688,-0.1405065,0.28162745,0.0026216507
1746705277532,672389355,-0.1346603,0.26532263,0.06241703
1746705277549,672406022,-0.08294678,0.24444762,0.083333015
1746705277565,672422689,-0.061879784,0.29589227,0.15015411
1746705277582,672439356,-0.12060469,0.30492756,0.13036156
1746705277599,672456023,-0.18672049,0.34846318,0.034023285
1746705277615,672472690,-0.14123873,0.29449284,0.0016040802
1746705277632,672489357,-0.1081121,0.35049537,0.029714584
1746705277649,672506024,-0.09972679,0.33092278,0.100735664
1746705277665,672522691,-0.115714446,0.31436962,0.1655302
1746705277682,672539358,-0.11639169,0.29675502,0.2292366
1746705277699,672556025,-0.1920334,0.34350342,0.08840847
1746705277715,672572692,-0.15888217,0.43631652,0.074786186
1746705277732,672589359,-0.19326316,0.28766453,-0.03318882
1746705277749,672606026,-0.13162276,0.16987208,0.08957672
1746705277765,672622693,-0.11285639,0.23964813,0.096051216
1746705277782,672639360,-0.08324047,0.26176026,0.16398716
1746705277799,672656027,-0.1392233,0.29811263,0.2045536
1746705277815,672672694,-0.11735012,0.31124538,0.0930233
1746705277832,672689361,-0.13475528,0.34714445,0.0088682175
1746705277849,672706028,-0.091060296,0.2704252,0.017575264
1746705277865,672722695,-0.061685327,0.26626205,0.050269127
1746705277882,672739362,-0.0882941,0.25381392,0.07238865
1746705277899,672756029,-0.05236573,0.25242546,0.11584568
1746705277915,672772696,-0.06372131,0.2829437,0.13741684
1746705277932,672789363,-0.054277886,0.31295657,0.108198166
1746705277949,672806030,-0.0859499,0.2867329,0.11615753
1746705277965,672822697,-0.0745599,0.28572154,0.1103487
1746705277982,672839364,-0.043632858,0.25970507,0.07868862
1746705277999,672856031,-0.0714962,0.2798825,0.064641
1746705278015,672872698,-0.059939694,0.25606447,0.073913574
1746705278032,672889365,-0.0639598,0.30838552,0.037441254
1746705278049,672906032,-0.06380535,0.3059405,0.021719933
1746705278065,672922699,-0.02351334,0.28554338,0.09214115
1746705278082,672939366,-0.05930335,0.2727077,0.120417595
1746705278099,672956033,-0.07883548,0.33370036,0.09812927
1746705278115,672972700,-0.0483121,0.31192017,0.05303383
1746705278132,672989367,-0.08643156,0.31567383,0.07611179
1746705278149,673006034,-0.093299896,0.28559166,0.11201191
1746705278165,673022701,-0.09282672,0.283728,0.14375305
1746705278182,673039368,-0.0584169,0.26770684,0.13773727
1746705278199,673056035,0.021371862,0.24559045,0.15517616
1746705278215,673072702,-0.009728177,0.24658665,0.06156063
1746705278232,673089369,-0.0396512,0.27944773,0.03818035
1746705278249,673106036,-0.057020836,0.22449149,0.1866808
1746705278265,673122703,-0.013253424,0.30843043,0.23542595
1746705278282,673139370,-0.04225021,0.311261,0.15180874
1746705278299,673156037,-0.060591903,0.33069143,0.052018166
1746705278315,673172704,-0.082507126,0.2760841,0.06224537
1746705278332,673189371,-0.0878587,0.25571314,0.05582714
1746705278349,673206038,-0.07383326,0.2294213,0.039762497
1746705278365,673222705,-0.03367737,0.3002237,0.067424774
1746705278382,673239372,-0.048386756,0.30364168,0.09232426
1746705278399,673256039,-0.08412916,0.33326027,0.10716629
1746705278415,673272706,-0.07298927,0.30254692,0.11314964
1746705278432,673289373,-0.02823952,0.30542755,0.051442146
1746705278449,673306040,-0.031932402,0.27309105,0.025075912
1746705278465,673322707,-0.072207205,0.2913013,0.0017414093
1746705278482,673339374,-0.07064641,0.3293725,0.14159966
1746705278499,673356041,-0.040555533,0.29474968,0.16316986
1746705278515,673372708,-0.00066271593,0.30766803,0.12814903
1746705278532,673389375,-5.7219317E-05,0.33237964,0.10486221
1746705278549,673406042,0.032971736,0.35189342,0.10739231
1746705278565,673422709,-0.024739308,0.3211718,0.070500374
1746705278582,673439376,-0.06686815,0.31806898,0.054736137
1746705278599,673456043,-0.06370812,0.3020353,0.084789276
1746705278615,673472710,-0.078889124,0.36959833,0.013504028
1746705278632,673489377,-0.089384615,0.32638592,-0.0112781525
1746705278649,673506044,-0.03650056,0.26768717,-0.0046977997
1746705278665,673522711,-0.015607686,0.22380352,0.093948364
1746705278682,673539378,-0.015914122,0.2404016,0.1314373
1746705278699,673556045,-0.022084644,0.23799995,0.116259575
1746705278715,673572712,0.014948323,0.29442623,0.047232628
1746705278732,673589379,-0.014067905,0.27210847,0.06801891
1746705278749,673606046,-0.0153969135,0.24062288,0.15076733
1746705278765,673622713,-0.011749182,0.1983588,0.17677593
1746705278782,673639380,0.060902588,0.17948672,0.09707546
1746705278799,673656047,0.08837233,0.1254947,0.013025284
1746705278815,673672714,0.09499859,0.100695714,0.0650301
1746705278832,673689381,0.07562158,0.0071571083,0.100029945
1746705278849,673706048,0.03088569,-0.13298172,0.09086323
1746705278865,673722715,0.015798567,-0.20792091,0.05513668
1746705278882,673739382,0.12082864,-0.26043752,0.036981583
1746705278899,673756049,0.05156444,-0.25321046,-0.08758354
1746705278915,673772716,0.12352421,-0.36015022,0.13606071
1746705278932,673789383,0.10984366,-0.43221146,0.30328655
1746705278949,673806050,0.16176482,-0.37346244,0.25646782
1746705278965,673822717,0.10446817,-0.4633285,0.17190266
1746705278982,673839384,0.2826849,-0.6064948,0.09891224
1746705278999,673856051,0.3479748,-0.7688314,0.16816616
1746705279015,673872718,0.3696837,-0.8680801,0.2546587
1746705279032,673889385,0.3580814,-1.1517949,0.7466335
1746705279049,673906052,0.5943391,-1.258346,0.9311943
1746705279065,673922719,0.2931842,-1.1016352,0.47801876
1746705279082,673939386,0.42909974,-1.1325871,0.16414356
1746705279099,673956053,0.59303707,-1.2141682,-0.20849323
1746705279115,673972720,0.3263289,-1.2976003,-0.26769352
1746705279132,673989387,0.5641389,-1.4429567,0.94782925
1746705279149,674006054,0.30883187,-1.5831007,0.71252155
1746705279165,674022721,0.5678841,-0.80462027,-0.21142101
1746705279182,674039388,0.71712565,-0.72729576,-0.56244564
1746705279199,674056055,0.5367981,-0.7947421,0.120928764
1746705279215,674072722,0.13270602,0.099685214,-0.87777805
1746705279232,674089389,-0.09155147,-0.086767286,-1.4847269
1746705279249,674106056,-0.086935475,-0.10687049,-2.0625548
1746705279265,674122723,-0.28612095,-0.14884041,-1.8880038
1746705279282,674139390,-0.5341012,6.303065E-05,-1.788125
1746705279299,674156057,-0.019432887,0.22487259,-1.2112818
1746705279315,674172724,0.5338132,0.46414655,-0.29193878
1746705279332,674189391,0.5164969,0.5770443,-0.8761196
1746705279349,674206058,0.028019361,0.9382369,-1.73036
1746705279365,674222725,-0.036634333,1.0809405,-2.3351564
1746705279382,674239392,0.22074308,1.0282024,-1.9888902
1746705279399,674256059,0.18086043,0.9574812,-1.5603256
1746705279415,674272726,-0.045990586,0.72688615,-2.4545903
1746705279432,674289393,-0.16274291,0.9999971,-1.8869791
1746705279449,674306060,-0.3902276,0.8091806,-1.1285362
1746705279465,674322727,-0.461221,1.0441136,-1.6966238
1746705279482,674339394,-0.1248207,0.86467505,-2.6571665
1746705279499,674356061,0.26726472,0.99324477,-2.0462885
1746705279515,674372728,-1.3049237,0.61869437,0.2588024
1746705279532,674389395,-0.6071867,0.8920342,-0.41273403
1746705279549,674406062,-0.6316787,1.238716,0.5924797
1746705279565,674422729,-0.18874149,1.128766,-0.9965744
1746705279582,674439396,-0.35834312,0.450715,-0.6151161
1746705279599,674456063,-0.34801325,0.65920633,-0.63150024
1746705279615,674472730,-0.6405182,0.47421134,-0.48358917
1746705279632,674489397,-1.1324471,0.44713765,-0.8835764
1746705279649,674506064,-0.7976089,0.3204673,-0.688673
1746705279665,674522731,-0.3326427,0.41137066,-0.79570484
1746705279682,674539398,0.12839511,0.29169783,-0.35669422
1746705279699,674556065,0.6995658,0.61207366,-0.2508707
1746705279715,674572732,0.19534808,0.77649873,0.034786224
1746705279732,674589399,-0.42738515,0.6731962,0.1180315
1746705279749,674606066,-0.9239773,0.44905853,-0.9391365
1746705279765,674622733,-0.21916406,0.18414092,-0.19861507
1746705279782,674639400,-0.17205669,0.31847623,-0.29153728
1746705279799,674656067,0.4538198,0.83968586,-0.23491287
1746705279815,674672734,0.79108083,0.6247236,0.34612465
1746705279832,674689401,1.070505,0.8702866,0.1328659
1746705279849,674706068,0.4883375,0.7450449,0.38952732
1746705279865,674722735,0.061163202,0.84621066,0.08111191
1746705279882,674739402,0.14432724,0.87694573,-0.13529873
1746705279899,674756069,0.20273943,1.1254745,0.0023860931
1746705279915,674772736,0.27589703,1.3044614,0.077305794
1746705279932,674789403,0.40149888,1.1654433,0.5458412
1746705279949,674806070,0.43665847,1.0348055,0.6391678
1746705279965,674822737,0.19056536,0.6431033,1.4455528
1746705279982,674839404,0.3245406,0.3869729,1.915308
1746705279999,674856071,0.43774006,0.18181638,2.574319
1746705280015,674872738,0.5668235,0.19638988,2.8092775
1746705280032,674889405,0.39518118,0.3078131,2.6271286
1746705280049,674906072,0.30883098,0.5580399,2.3319635
1746705280065,674922739,0.3116906,0.6614725,2.0505133
1746705280082,674939406,0.02551244,0.69536936,1.9204206
1746705280099,674956073,-0.059130576,0.8706659,1.7116604
1746705280115,674972740,-0.08296578,0.65462273,1.5792656
1746705280132,674989407,-0.1780893,0.76308507,1.2472076
1746705280149,675006074,-0.21039207,0.69919056,0.9802275
1746705280165,675022741,-0.20190953,0.5487634,0.87126446
1746705280182,675039408,-0.22041172,0.36247185,0.8571415
1746705280199,675056075,-0.23455718,0.3227773,0.7983885
1746705280215,675072742,-0.058341127,0.29356214,0.7676964
1746705280232,675089409,0.16729788,0.2110463,0.7425766
1746705280249,675106076,0.35080415,0.25646973,0.92408466
1746705280265,675122743,0.45233142,0.18268138,0.80282974
1746705280282,675139410,0.3061772,0.213399,0.7854738
1746705280299,675156077,0.53736216,0.15149418,0.8136835
1746705280315,675172744,0.16856073,0.3275303,0.67778873
1746705280332,675189411,0.5878936,0.26587403,0.74734116
1746705280349,675206078,0.2091004,0.44040647,0.66685295
1746705280365,675222745,0.47290903,0.4377272,0.8578596
1746705280382,675239412,0.1864345,0.3782019,0.9732828
1746705280399,675256079,0.10034368,0.79737175,0.65081406
1746705280415,675272746,0.4785324,0.14559823,0.76465225
1746705280432,675289413,-0.10588289,0.532298,0.68492603
1746705280449,675306080,0.04844945,0.4190535,0.7310667
1746705280465,675322747,-0.011141227,0.41546142,0.79848194
1746705280482,675339414,-0.011731972,0.29275292,0.5213547
1746705280499,675356081,-0.040596657,0.1992713,0.36754322
1746705280515,675372748,0.033821646,0.37289572,0.44194794
1746705280532,675389415,0.16304365,0.12909651,0.44679356
1746705280549,675406082,0.10142001,0.12768468,0.36942673
1746705280565,675422749,0.12907895,0.19164973,0.30165386
1746705280582,675439416,0.24271362,0.22394858,0.24959469
1746705280599,675456083,0.103856415,0.13239443,0.25070572
1746705280615,675472750,0.20303011,0.12656353,0.17944145
1746705280632,675489417,0.19713853,0.11837716,0.24820709
1746705280649,675506084,0.18172821,0.18512158,0.24831295
1746705280665,675522751,0.2479247,0.2753712,0.29441833
1746705280682,675539418,0.04358033,0.18494546,0.37301445
1746705280699,675556085,0.19886853,0.28317964,0.32986832
1746705280715,675572752,0.0449774,0.13571763,0.44180202
1746705280732,675589419,0.047704592,0.16484348,0.3368597
1746705280749,675606086,0.08920581,0.2065472,0.30135918
1746705280765,675622753,0.079872355,0.18449453,0.3306446
1746705280782,675639420,0.1492025,0.16403593,0.20675564
1746705280799,675656087,0.12975687,0.09936023,0.23984051
1746705280815,675672754,0.07545071,0.17701119,0.28125286
1746705280832,675689421,0.11603396,0.15143864,0.28428268
1746705280849,675706088,0.1274529,0.18436454,0.2571249
1746705280865,675722755,0.10710193,0.2169657,0.31642532
1746705280882,675739422,0.11415477,0.18724675,0.30421925
1746705280899,675756089,0.103617474,0.14836521,0.2852459
1746705280915,675772756,0.15737435,0.1899612,0.2435646
1746705280932,675789423,0.12697391,0.13683821,0.2278347
1746705280949,675806090,0.17437173,0.139632,0.23354912
1746705280965,675822757,0.08225266,0.113853365,0.26490307
1746705280982,675839424,0.087559074,0.15763006,0.2646885
1746705280999,675856091,0.117990926,0.13908708,0.27563667
1746705281015,675872758,0.0929387,0.15635592,0.2585373
1746705281032,675889425,0.121713646,0.15809955,0.2861004
1746705281049,675906092,0.12995379,0.15885793,0.26703358
1746705281065,675922759,0.12801224,0.15754735,0.26135635
1746705281082,675939426,0.11508392,0.19870156,0.25109673
1746705281099,675956093,0.1503356,0.18596758,0.2843647
1746705281115,675972760,0.17051983,0.17712933,0.26702213
1746705281132,675989427,0.122376025,0.18197162,0.26108456
1746705281149,676006094,0.118377715,0.1457841,0.27685356
1746705281165,676022761,0.1258169,0.16573027,0.27070713
1746705281182,676039428,0.11217433,0.15072685,0.27956104
1746705281199,676056095,0.098623864,0.12365821,0.19654655
1746705281215,676072762,0.10212921,0.07088378,0.15651989
1746705281232,676089429,0.11141562,0.01218045,0.09849739
1746705281249,676106096,0.0960196,-0.010939283,0.09156513
1746705281265,676122763,0.07907955,-0.015578071,0.07137489
1746705281282,676139430,0.13893498,0.0071915295,0.11034584
1746705281299,676156097,0.15749717,0.024148675,0.109669685
1746705281315,676172764,0.15859485,0.04952321,0.12404251
1746705281332,676189431,0.1449761,0.0693744,0.09322357
1746705281349,676206098,0.14402047,0.09662029,0.19297695
1746705281365,676222765,0.119383745,0.1355796,0.21175575
1746705281382,676239432,0.08640653,0.12439949,0.23269081
1746705281399,676256099,0.1023477,0.15173222,0.25543976
1746705281415,676272766,0.09367696,0.19844285,0.28742313
1746705281432,676289433,0.08970089,0.20059204,0.3236475
1746705281449,676306100,0.043893922,0.16105215,0.32124805
1746705281465,676322767,0.071494415,0.16384941,0.30638695
1746705281482,676339434,0.099272944,0.14976385,0.2637663
1746705281499,676356101,0.09178269,0.14908169,0.2787962
1746705281515,676372768,0.11532553,0.1318446,0.23415184
1746705281532,676389435,0.13921012,0.11196546,0.22346878
1746705281549,676406102,0.11026252,0.057265807,0.18662739
1746705281565,676422769,0.11543852,0.11154537,0.22188759
1746705281582,676439436,0.088205926,0.12492262,0.2421217
1746705281599,676456103,0.08990205,0.11860804,0.2093401
1746705281615,676472770,0.060788482,0.11111421,0.21857357
1746705281632,676489437,0.07383147,0.121617645,0.21936703
1746705281649,676506104,0.095694505,0.10054742,0.22224522
1746705281665,676522771,0.08609093,0.11342422,0.24050045
1746705281682,676539438,0.069571316,0.10105881,0.21434307
1746705281699,676556105,0.088356346,0.08548331,0.2091608
1746705281715,676572772,0.08412011,0.0812949,0.23435879
1746705281732,676589439,0.07499318,0.11313198,0.21823215
1746705281749,676606106,0.059106883,0.04633312,0.20562458
1746705281765,676622773,0.08653114,0.08460088,0.2004919
1746705281782,676639440,0.059937235,0.07899685,0.18028831
1746705281799,676656107,0.032873504,0.06193555,0.19707394
1746705281815,676672774,0.054898918,0.07734174,0.21154594
1746705281832,676689441,0.06002172,0.092807494,0.20906258
1746705281849,676706108,0.061459694,0.092626564,0.2177391
1746705281865,676722775,0.07347184,0.10812707,0.24379921
1746705281882,676739442,0.045343515,0.10659042,0.21726608
1746705281899,676756109,0.06656026,0.104156256,0.2679596
1746705281915,676772776,0.06493834,0.12669921,0.26674747
1746705281932,676789443,0.054272745,0.07408605,0.20528507
1746705281949,676806110,0.041774236,0.07736108,0.177804
1746705281965,676822777,0.057558835,0.060432874,0.20805359
1746705281982,676839444,0.09701222,0.07569903,0.21278572
1746705281999,676856111,0.079927675,0.0820411,0.1712532
1746705282015,676872778,0.068739735,0.086782366,0.22527218
1746705282032,676889445,0.039203055,0.1275394,0.24864006
1746705282049,676906112,0.05100063,0.09824166,0.24453545
1746705282065,676922779,0.062752604,0.080552615,0.2236414
1746705282082,676939446,0.037135337,0.07107265,0.22273159
1746705282099,676956113,0.04045238,0.05904363,0.20213509
1746705282115,676972780,0.0447008,0.061099168,0.22472858
1746705282132,676989447,0.04762167,0.058069225,0.19638252
1746705282149,677006114,0.045248076,0.09053962,0.22010708
1746705282165,677022781,0.061136715,0.03722072,0.18732548
1746705282182,677039448,0.068163626,0.06339051,0.19089127
1746705282199,677056115,0.087854676,0.08287123,0.16704178
1746705282215,677072782,0.085359484,0.063601956,0.1876564
1746705282232,677089449,0.04171411,0.08796654,0.2201004
1746705282249,677106116,0.025564965,0.097185895,0.26773834
1746705282265,677122783,0.0075704954,0.10528019,0.24878311
1746705282282,677139450,-0.004192991,0.07113009,0.23403835
1746705282299,677156117,8.37056E-05,0.09643243,0.29666042
1746705282315,677172784,0.0106166415,0.10642268,0.27465725
1746705282332,677189451,0.0029455654,0.07351185,0.25358677
1746705282349,677206118,0.03465043,0.087903954,0.2538519
1746705282365,677222785,0.039596662,0.09765717,0.24361515
1746705282382,677239452,0.012477835,0.10507031,0.26568127
1746705282399,677256119,0.036174342,0.0519576,0.26847076
1746705282415,677272786,0.039494514,0.07575379,0.2297802
1746705282432,677289453,0.0006467347,0.086537175,0.2566204
1746705282449,677306120,0.04025066,0.06647298,0.23080063
1746705282465,677322787,0.037412383,0.07821791,0.23992443
1746705282482,677339454,0.02903411,0.052291974,0.20251465
1746705282499,677356121,0.0320208,0.04952589,0.22429466
1746705282515,677372788,0.008484663,0.057658743,0.23878193
1746705282532,677389455,0.0089300135,0.059300333,0.25033665
1746705282549,677406122,0.015756993,0.07488097,0.22548485
1746705282565,677422789,0.010090046,0.04970269,0.23604298
1746705282582,677439456,0.0066897427,0.06623952,0.22417164
1746705282599,677456123,0.0034434407,0.04498556,0.20095634
1746705282615,677472790,-0.008593291,0.08653282,0.22939014
1746705282632,677489457,-0.011765275,0.086864956,0.24584484
1746705282649,677506124,0.018894443,0.086061314,0.2617302
1746705282665,677522791,0.038996194,0.058568664,0.23940182
1746705282682,677539458,0.021264464,0.05809113,0.22495365
1746705282699,677556125,0.027150342,0.017456474,0.19098091
1746705282715,677572792,0.008203261,0.02825282,0.1951952
1746705282732,677589459,0.027766678,0.016883163,0.16558647
1746705282749,677606126,0.015915798,0.02135845,0.17446518
1746705282765,677622793,0.019753851,0.040497977,0.20134544
1746705282782,677639460,0.010609602,0.046982422,0.21259499
1746705282799,677656127,0.0149936965,0.047347084,0.20609379
1746705282815,677672794,-0.0085703805,0.051863387,0.2371006
1746705282832,677689461,-0.008839714,0.06487944,0.21854496
1746705282849,677706128,-0.004312906,0.07618618,0.2379322
1746705282865,677722795,-0.01555382,0.04854534,0.22694492
1746705282882,677739462,-0.026134476,0.035091087,0.23886299
1746705282899,677756129,-0.00063924707,0.055394445,0.24090481
1746705282915,677772796,-0.004021557,0.06227529,0.23682308
1746705282932,677789463,-0.017116176,0.038262736,0.25044155
1746705282949,677806130,-0.0132241445,0.03269067,0.22052479
1746705282965,677822797,-0.012712187,0.019000165,0.22766495
1746705282982,677839464,-0.013461738,0.02760709,0.2099514
1746705282999,677856131,-0.014878028,0.03605253,0.21400166
1746705283015,677872798,-0.009091054,0.055373322,0.23013783
1746705283032,677889465,-0.02991218,0.052913338,0.22593117
1746705283049,677906132,-0.042225733,0.046704598,0.22277546
1746705283065,677922799,-0.03708471,0.035651993,0.24627495
1746705283082,677939466,-0.041720144,0.040648848,0.23517895
1746705283099,677956133,-0.011345406,0.0504319,0.23508453
1746705283115,677972800,-0.014349643,0.045696218,0.22913456
1746705283132,677989467,-0.019301238,0.03418966,0.22583008
1746705283149,678006134,-0.029725434,0.024452206,0.21416664
1746705283165,678022801,-0.03927581,0.060404822,0.22972393
1746705283182,678039468,-0.033782754,0.035838626,0.23765278
1746705283199,678056135,-0.030466156,0.0390837,0.2157898
1746705283215,678072802,-0.008001987,0.046601333,0.22879314
1746705283232,678089469,-0.02961692,0.04077323,0.2279234
1746705283249,678106136,-0.04861183,0.06314107,0.2466402
1746705283265,678122803,-0.017345946,0.011805619,0.23452568
1746705283282,678139470,-0.040556315,-0.010771313,0.19697475
1746705283299,678156137,-0.03798703,-0.020509101,0.1919756
1746705283315,678172804,-0.032235373,-0.0024256743,0.18214321
1746705283332,678189471,-0.037796598,-0.0141371945,0.1749878
1746705283349,678206138,-0.049347416,-0.040922094,0.164258
1746705283365,678222805,-0.03501822,-0.0785495,0.11715031
1746705283382,678239472,0.008496063,-0.17052753,0.046284676
1746705283399,678256139,0.045355584,-0.18175034,0.02805233
1746705283415,678272806,-0.002734793,-0.086340375,0.1388216
1746705283432,678289473,-0.058333974,-0.09298698,0.10313702
1746705283449,678306140,0.07388679,0.13446316,0.25230694
1746705283465,678322807,-0.07288646,0.06678891,0.28939915
1746705283482,678339474,-0.0724401,0.10880521,0.36076546
1746705283499,678356141,0.042442877,0.18995439,0.45278263
1746705283515,678372808,-0.0013419718,0.15921889,0.495183
1746705283532,678389475,-0.031237276,0.13702473,0.6203537
1746705283549,678406142,-0.10840211,0.026414985,0.9185505
1746705283565,678422809,-0.17565951,0.22674775,0.58771515
1746705283582,678439476,-0.17730333,0.08894877,0.49666023
1746705283599,678456143,-0.17541687,0.030695034,0.4923525
1746705283615,678472810,-0.2710964,0.06317281,0.5011015
1746705283632,678489477,-0.31100085,-0.07584711,0.5669842
1746705283649,678506144,-0.237799,0.090997934,0.57329273
1746705283665,678522811,-0.46436125,-0.12696296,0.5273895
1746705283682,678539478,-0.20318267,0.007114641,1.3784466
1746705283699,678556145,-0.31189916,0.64004636,0.99319553
1746705283715,678572812,-0.041370124,0.6977706,1.8325367
1746705283732,678589479,-0.9483076,1.5341942,1.7987738
1746705283749,678606146,-0.3500213,1.3042927,3.1667967
1746705283765,678622813,-0.41426226,0.9700078,4.137933
1746705283782,678639480,-0.34922156,1.0167638,4.8117743
1746705283799,678656147,-0.46110097,1.4791887,4.6676035
1746705283815,678672814,-1.0567831,0.88404244,4.3525047
1746705283832,678689481,-0.82416916,1.0763575,3.9212961
1746705283849,678706148,-1.0348096,1.2159185,3.638176
1746705283865,678722815,-0.6720715,1.3848467,2.413413
1746705283882,678739482,0.18666528,0.99444646,1.9429951
1746705283899,678756149,0.11732419,0.6562101,2.268588
1746705283915,678772816,-0.42250764,0.44790208,1.7654524
1746705283932,678789483,-0.3140004,0.23056702,1.47579
1746705283949,678806150,-0.011773992,0.25675225,1.5680485
1746705283965,678822817,-0.058204114,0.30657396,1.3109636
1746705283982,678839484,-0.011231079,0.313512,1.1376457
1746705283999,678856151,0.3095423,0.5681753,1.3992186
1746705284015,678872818,0.06588815,0.87207806,1.3385572
1746705284032,678889485,0.012017509,0.81357664,0.78822136
1746705284049,678906152,-0.42377633,0.5389807,-0.07121849
1746705284065,678922819,-0.47887897,0.66869265,-0.47161388
1746705284082,678939486,-0.52421534,0.47878778,-0.72017765
1746705284099,678956153,-0.20025823,0.676618,-0.99803925
1746705284115,678972820,-0.05164401,0.8156998,-1.3729038
1746705284132,678989487,-0.1986725,0.920331,-1.742671
1746705284149,679006154,-0.29664236,0.77030444,-1.7644196
1746705284165,679022821,-0.19292867,0.7050646,-1.7399073
1746705284182,679039488,-0.28259736,0.66768193,-2.0127597
1746705284199,679056155,-0.32447588,0.36869636,-2.1302748
1746705284215,679072822,-0.09687789,0.14699543,-2.3442917
1746705284232,679089489,-0.06571326,0.21076545,-2.291483
1746705284249,679106156,-0.25503945,0.09445993,-1.9887052
1746705284265,679122823,-0.1293436,0.2765423,-1.1987104
1746705284282,679139490,-0.04751684,0.110695235,-1.6406488
1746705284299,679156157,-0.12629667,0.012881946,-2.1578841
1746705284315,679172824,-0.13608922,-0.12566848,-2.1120586
1746705284332,679189491,0.24593802,-0.1610033,-1.3614826
1746705284349,679206158,0.16533332,-0.35738292,-1.2248917
1746705284365,679222825,0.14582622,-0.19496074,-1.210969
1746705284382,679239492,0.12314424,-0.27092722,-1.3780012
1746705284399,679256159,0.23600152,-0.05322313,-1.6045208
1746705284415,679272826,-0.045805182,-0.23725867,-1.7505732
1746705284432,679289493,0.14678095,-0.2620068,-1.3159657
1746705284449,679306160,0.23122884,-0.14793451,-1.2110186
1746705284465,679322827,0.24043567,-0.19817105,-1.0543957
1746705284482,679339494,0.15318751,-0.3600322,-1.0643015
1746705284499,679356161,0.119192645,-0.333461,-1.1709518
1746705284515,679372828,0.21224567,-0.25975847,-1.0382519
1746705284532,679389495,0.28759065,-0.42877898,-0.78117657
1746705284549,679406162,0.23291603,-0.62971336,-0.44248772
1746705284565,679422829,0.25182155,-0.5545256,-0.42324066
1746705284582,679439496,0.3640255,-0.39690894,-0.4402666
1746705284599,679456163,0.19952689,-0.32421404,-0.33913517
1746705284615,679472830,0.068022706,-0.32201645,-0.3878374
1746705284632,679489497,-0.043330558,-0.542012,-0.35557938
1746705284649,679506164,-0.112682045,-0.8158661,-0.27046776
1746705284665,679522831,-0.086841375,-0.584475,-0.12199497
1746705284682,679539498,-0.054282915,-0.56891423,-0.1666069
1746705284699,679556165,0.024990872,-0.3370915,-0.47186947
1746705284715,679572832,0.041793793,-0.33078957,-0.36111355
1746705284732,679589499,-0.14181763,-0.5847584,-0.28979683
1746705284749,679606166,-0.048330877,-0.44775927,-0.058693886
1746705284765,679622833,0.005497748,-0.33560225,0.14158249
1746705284782,679639500,0.007903754,-0.11032577,0.2771778
1746705284799,679656167,0.030119488,-0.16634929,0.28900337
1746705284815,679672834,-0.14687036,-0.23088866,0.15468788
1746705284832,679689501,-0.15175636,-0.114300504,-0.08740711
1746705284849,679706168,-0.09607392,-0.14739563,-0.19805908
1746705284865,679722835,-0.12289916,-0.2776507,-0.21618843
1746705284882,679739502,-0.12907147,-0.32808706,-0.21716595
1746705284899,679756169,-0.083097756,-0.1678133,-0.21871471
1746705284915,679772836,-0.046342842,-0.15889469,-0.16543579
1746705284932,679789503,-0.14365144,-0.061583854,-0.16867256
1746705284949,679806170,-0.09824356,-0.09366646,-0.2522545
1746705284965,679822837,-0.026334856,-0.09753502,-0.07495499
1746705284982,679839504,-0.09841901,-0.002217025,-0.10803127
1746705284999,679856171,-0.12694284,0.098574355,-0.073949814
1746705285015,679872838,-0.029815845,0.02058666,0.122133255
1746705285032,679889505,0.006772331,-0.19575109,0.30497742
1746705285049,679906172,0.03223515,-0.2311325,0.30421257
1746705285065,679922839,-0.004890128,-0.0044512604,0.18215752
1746705285082,679939506,-0.12711729,0.07432834,0.15030384
1746705285099,679956173,-0.13325618,0.15221478,0.13974762
1746705285115,679972840,-0.19028977,0.08691346,0.053896904
1746705285132,679989507,-0.13556273,0.04525422,0.12752533
1746705285149,680006174,-0.05306857,0.24040629,0.11711502
1746705285165,680022841,-0.026304793,0.28653893,0.10180569
1746705285182,680039508,-0.063651346,0.24644293,-0.012876511
1746705285199,680056175,-0.04588732,0.16534191,0.010150909
1746705285215,680072842,0.09636538,0.07702659,0.09520531
1746705285232,680089509,0.10698615,0.17132603,0.048152924
1746705285249,680106176,-0.04124373,0.27675107,-0.08751488
1746705285265,680122843,-0.08855673,0.22154604,-0.04783821
1746705285282,680139510,-0.14142346,0.1238606,0.041911125
1746705285299,680156177,-0.24326916,-0.05331745,0.16785336
1746705285315,680172844,-0.11350357,-0.021052908,0.29743385
1746705285332,680189511,-0.089772746,0.10957834,0.20229912
1746705285349,680206178,-0.118218124,0.106470175,-0.19064426
1746705285365,680222845,-0.14580432,0.071716815,-0.38427448
1746705285382,680239512,-0.13529463,-0.09332672,-0.31727123
1746705285399,680256179,-0.10505355,-0.12914422,-0.14504814
1746705285415,680272846,-0.04011823,-0.08209407,0.047096252
1746705285432,680289513,-0.06698661,-0.05254834,0.09871578
1746705285449,680306180,-0.061599053,-0.101565406,-0.004972458
1746705285465,680322847,0.010013268,-0.19748911,0.08430767
1746705285482,680339514,0.009757011,-0.15766314,0.189188
1746705285499,680356181,-0.04365912,0.10909735,0.2187624
1746705285515,680372848,0.028594237,0.14226241,0.25449085
1746705285532,680389515,0.030329032,0.16956185,0.14037037
1746705285549,680406182,0.035725866,0.10219258,0.05450535
1746705285565,680422849,-0.05328057,0.081305966,0.033359528
1746705285582,680439516,-0.11540879,0.06637597,-0.07264233
1746705285599,680456183,-0.1241705,0.086272426,-0.067528725
1746705285615,680472850,-0.13835686,0.07613544,-0.043592453
1746705285632,680489517,-0.11460113,0.07033953,-0.010789871
1746705285649,680506184,0.040901083,-0.04872426,0.14836311
1746705285665,680522851,0.14108998,-0.18787068,0.34190178
1746705285682,680539518,0.040230654,-0.34064022,0.7145548
1746705285699,680556185,-0.031229565,-0.08042198,0.3709154
1746705285715,680572852,-0.11964548,0.20843992,-0.10718441
1746705285732,680589519,-0.0852693,0.22586252,-0.11865711
1746705285749,680606186,0.0043846536,0.2366164,-0.03358364
1746705285765,680622853,0.11689672,0.24758172,-0.043683052
1746705285782,680639520,0.08773934,0.07647138,0.03336525
1746705285799,680656187,0.09036629,-0.11511521,0.29502392
1746705285815,680672854,0.04554937,0.009259919,0.31669712
1746705285832,680689521,-0.018342702,0.19138767,0.19195557
1746705285849,680706188,-0.057058945,0.21243006,0.035217285
1746705285865,680722855,-0.02474009,0.077454165,-1.7166138E-05
1746705285882,680739522,0.0286804,0.080767974,0.09902859
1746705285899,680756189,-0.00011008013,0.20129375,0.032608032
1746705285915,680772856,-0.051600758,0.22902255,-0.01834488
1746705285932,680789523,-0.04211934,0.18496881,-0.05820656
1746705285949,680806190,0.00064125867,0.1785037,-0.024256706
1746705285965,680822857,0.02384235,0.20360376,0.02844143
1746705285982,680839524,-0.0087027,0.09411013,0.008277893
1746705285999,680856191,0.10348795,-0.18926942,0.3505211
1746705286015,680872858,0.08166079,-0.067353845,0.38657475
1746705286032,680889525,-0.08629701,0.22239003,0.11152458
1746705286049,680906192,-0.08527031,0.30995882,0.035925865
1746705286065,680922859,-0.07475704,0.24473193,0.08352566
1746705286082,680939526,-0.064762205,0.14119738,0.09074497
1746705286099,680956193,-0.02154486,0.13700047,0.05370903
1746705286115,680972860,0.0062920013,0.074825436,0.06815815
1746705286132,680989527,-0.0022178073,0.06644504,0.103588104
1746705286149,681006194,-0.008860948,0.1251896,0.066734314
1746705286165,681022861,-0.03701766,0.13564017,0.060977936
1746705286182,681039528,-0.045283947,0.18364674,0.049978256
1746705286199,681056195,0.007192647,0.20575775,0.038443565
1746705286215,681072862,-0.0005110624,0.19563866,-0.0031404495
1746705286232,681089529,0.00017389307,0.11432129,0.12918949
1746705286249,681106196,0.032154016,0.052306503,0.17984962
1746705286265,681122863,0.0856686,-0.021830734,0.25371265
1746705286282,681139530,0.05099627,0.104553774,0.11510658
1746705286299,681156197,0.0008929343,0.1786566,0.0023212433
1746705286315,681172864,-0.019373879,0.17474735,0.059331894
1746705286332,681189531,-0.008671073,0.12424392,0.1349392
1746705286349,681206198,0.0020736414,0.10701711,0.112026215
1746705286365,681222865,0.042721037,0.14651632,0.036780357
1746705286382,681239532,0.044508133,0.15088376,0.028642654
1746705286399,681256199,0.045174986,0.16748653,0.013691902
1746705286415,681272866,0.013812654,0.16667898,0.043195724
1746705286432,681289533,0.03145576,0.1720967,0.110177994
1746705286449,681306200,0.016198989,0.20594439,0.10180378
1746705286465,681322867,0.06290459,0.22001475,0.13310719
1746705286482,681339534,0.059535246,0.18284053,0.18735027
1746705286499,681356201,0.022739425,0.17240694,0.18852806
1746705286515,681372868,0.06448136,0.29142693,0.07522106
1746705286532,681389535,0.022634933,0.2500234,0.08682728
1746705286549,681406202,0.035002016,0.17293085,0.11790085
1746705286565,681422869,0.036201946,0.1847281,0.13523483
1746705286582,681439536,0.04125334,0.10908885,0.090081215
1746705286599,681456203,0.00036343207,-0.07135763,0.14865208
1746705286615,681472870,0.0346644,0.053101536,0.16332245
1746705286632,681489537,0.007773669,0.24342729,0.045638084
1746705286649,681506204,-0.003912594,0.29936117,0.05956459
1746705286665,681522871,0.025945496,0.22948165,0.040471077
1746705286682,681539538,0.040500212,0.1660138,0.06193447
1746705286699,681556205,0.011935927,0.093374774,0.10190296
1746705286715,681572872,0.06631372,0.15659072,0.14839172
1746705286732,681589539,0.045901738,0.22841057,0.0932045
1746705286749,681606206,0.02123753,0.2467384,0.08118534
1746705286765,681622873,0.00065701635,0.2120606,0.07291031
1746705286782,681639540,0.020935677,0.19430384,0.110245705
1746705286799,681656207,-0.01338362,0.18696345,0.07154369
1746705286815,681672874,0.014579079,0.21230468,0.06543255
1746705286832,681689541,0.03523637,0.18824306,0.058933258
1746705286849,681706208,0.06488089,0.18827145,0.048991203
1746705286865,681722875,0.050585788,0.18250592,0.09594154
1746705286882,681739542,0.015914233,0.15296847,0.08350086
1746705286899,681756209,0.048303384,0.12553427,0.12285137
1746705286915,681772876,0.06741251,0.21230379,0.0916214
1746705286932,681789543,0.04558558,0.1946125,0.13383293
1746705286949,681806210,0.03328164,0.16552699,0.15570831
1746705286965,681822877,0.009143468,0.21375036,0.010925293
1746705286982,681839544,0.0295445,0.25122207,-0.025156975
1746705286999,681856211,0.026717287,0.17765637,0.040994644
1746705287015,681872878,0.014158651,0.2216046,0.03605938
1746705287032,681889545,0.05444798,0.18800054,0.0931263
1746705287049,681906212,0.0763946,0.12527387,0.06354427
1746705287065,681922879,0.09512454,0.21277316,0.020531654
1746705287082,681939546,0.08341939,0.09428313,0.10108757
1746705287099,681956213,0.04623209,0.122129045,0.15797901
1746705287115,681972880,0.029892623,0.21706751,0.04534912
1746705287132,681989547,-0.0051534264,0.12489099,-0.024417877
1746705287149,682006214,0.033857185,0.18956581,0.061517715
1746705287165,682022881,0.080797926,0.15501182,0.050076485
1746705287182,682039548,0.12594251,0.20382392,0.12624836
1746705287199,682056215,0.10627426,0.18787806,0.1622324
1746705287215,682072882,0.053770624,0.14596602,0.10089016
1746705287232,682089549,0.03798703,0.06085386,0.1556387
1746705287249,682106216,0.04253474,0.22086813,0.112249374
1746705287265,682122883,0.12007876,0.23627353,-0.047800064
1746705287282,682139550,0.20542304,0.21640792,0.011732101
1746705287299,682156217,0.25147578,0.22211264,0.01922226
1746705287315,682172884,0.21124332,0.21972486,0.07360268
1746705287332,682189551,0.10630824,0.1275081,0.10544586
1746705287349,682206218,0.10044147,0.16134126,0.060613632
1746705287365,682222885,0.069928825,0.16662243,0.033851624
1746705287382,682239552,0.07344904,0.12053361,0.07151604
1746705287399,682256219,0.013686034,0.07308404,0.1279726
1746705287415,682272886,-0.046741925,0.013668041,0.12552834
1746705287432,682289553,-0.036357064,0.059446845,0.042081833
1746705287449,682306220,-0.029704202,0.080780044,0.078110695
1746705287465,682322887,0.0012096522,0.07166161,0.06812096
1746705287482,682339554,-0.02026592,0.0507171,0.14020824
1746705287499,682356221,0.0076920865,0.024722992,0.22617722
1746705287515,682372888,0.056470994,0.08682383,0.23389244
1746705287532,682389555,-0.010008686,0.120261595,0.16961193
1746705287549,682406222,-0.041530047,0.17611681,0.09197903
1746705287565,682422889,0.030383904,0.19487737,0.077905655
1746705287582,682439556,0.08862468,0.14613232,0.05851555
1746705287599,682456223,0.1615592,0.17386223,0.091794014
1746705287615,682472890,0.17373875,0.15411219,0.09236908
1746705287632,682489557,0.1512026,0.0989018,0.11111355
1746705287649,682506224,0.15100166,0.10295074,0.11148453
1746705287665,682522891,0.0934463,0.10047712,0.07616997
1746705287682,682539558,0.09103191,0.11543729,0.1387682
1746705287699,682556225,0.044194322,0.21602662,0.05831337
1746705287715,682572892,0.041616883,0.13968018,0.039669037
1746705287732,682589559,0.016932113,0.0698706,0.07594013
1746705287749,682606226,0.028226333,0.16133367,0.12249851
1746705287765,682622893,0.02942481,0.20535879,0.11376095
1746705287782,682639560,0.08836361,0.14614774,0.09078312
1746705287799,682656227,0.1586277,0.112375386,0.08441639
1746705287815,682672894,0.17880869,0.1669492,0.05182457
1746705287832,682689561,0.23071432,0.23347627,0.10242844
1746705287849,682706228,0.23504388,0.26380453,0.13245106
1746705287865,682722895,0.1749816,0.20743522,0.0912714
1746705287882,682739562,0.19669777,0.115186505,0.095962524
1746705287899,682756229,0.12994562,0.15821677,-0.022275925
1746705287915,682772896,0.13057515,0.16839287,-0.027254105
1746705287932,682789563,0.07879927,0.13855858,0.022760391
1746705287949,682806230,0.07084444,0.112911366,0.10648346
1746705287965,682822897,0.043442536,0.124884285,0.13744354
1746705287982,682839564,0.09633017,0.17068812,0.20389462
1746705287999,682856231,0.10863523,0.22873154,0.16532898
1746705288015,682872898,0.12395615,0.25266486,0.14949608
1746705288032,682889565,0.12718827,0.21199891,0.10173988
1746705288049,682906232,0.085315004,0.22601786,0.057724
1746705288065,682922899,0.080263615,0.18156919,0.056427956
1746705288082,682939566,0.080553174,0.19131838,0.08129501
1746705288099,682956233,0.056514803,0.20098598,0.05682087
1746705288115,682972900,0.10014588,0.18931234,0.044006348
1746705288132,682989567,0.08522739,0.14329147,0.007115364
1746705288149,683006234,0.1193168,0.21329886,-0.025522232
1746705288165,683022901,0.1755825,0.18495451,0.045666695
1746705288182,683039568,0.17117338,0.21469782,0.054271698
1746705288199,683056235,0.13625416,0.24706653,0.05750656
1746705288215,683072902,0.09336684,0.20428257,0.09889507
1746705288232,683089569,0.066745214,0.1848461,0.15726566
1746705288249,683106236,0.07057891,0.19698152,0.13664341
1746705288265,683122903,0.08536194,0.17441922,0.09202671
1746705288282,683139570,0.0939929,0.1398733,0.04203224
1746705288299,683156237,0.12590216,0.16996662,0.03019905
1746705288315,683172904,0.16553637,0.13115963,0.056093216
1746705288332,683189571,0.19127725,0.12851816,0.063137054
1746705288349,683206238,0.17577204,0.1330262,0.06935501
1746705288365,683222905,0.14123012,0.15466605,0.063485146
1746705288382,683239572,0.10575203,0.15061331,0.112579346
1746705288399,683256239,0.13467963,0.12633802,0.12277317
1746705288415,683272906,0.138033,0.12076695,0.13227844
1746705288432,683289573,0.1427252,0.08054647,0.16181278
1746705288449,683306240,0.09677966,0.15383168,0.13587761
1746705288465,683322907,0.09401346,0.18494713,0.0076856613
1746705288482,683339574,0.090653054,0.16762018,0.067705154
1746705288499,683356241,0.05516713,0.1238378,0.17721844
1746705288515,683372908,0.089213856,0.12090509,0.15094757
1746705288532,683389575,0.12844083,0.16289736,0.024759293
1746705288549,683406242,0.17778534,0.13367237,-0.0023269653
1746705288565,683422909,0.16235444,0.102594234,0.012465477
1746705288582,683439576,0.12753381,0.09002297,0.011651993
1746705288599,683456243,0.15061778,0.09986827,0.043081284
1746705288615,683472910,0.1640375,0.08077401,-0.02225399
1746705288632,683489577,0.20943421,-0.019589122,0.12850952
1746705288649,683506244,0.24024034,-0.05567149,0.27627087
1746705288665,683522911,0.19293582,0.05363171,0.15426826
1746705288682,683539578,0.25084367,0.019730384,0.053954124
1746705288699,683556245,0.2701343,-0.007962425,0.0029067993
1746705288715,683572912,0.31004655,-0.13070792,0.036849976
1746705288732,683589579,0.30546778,-0.20740236,0.14209366
1746705288749,683606246,0.2844552,-0.12388429,0.30810356
1746705288765,683622913,0.25083652,-0.008194432,0.30718708
1746705288782,683639580,0.22076173,0.050604675,0.21893597
1746705288799,683656247,0.25031742,-0.02631485,0.06146431
1746705288815,683672914,0.2707914,-0.056982394,0.008729935
1746705288832,683689581,0.2922005,-0.09282247,0.049952507
1746705288849,683706248,0.2875766,-0.15011175,0.10037613
1746705288865,683722915,0.35478336,-0.18975401,0.18800259
1746705288882,683739582,0.32874164,-0.20328258,0.22053623
1746705288899,683756249,0.34006837,-0.23706901,0.28543568
1746705288915,683772916,0.33503184,-0.21102886,0.28441715
1746705288932,683789583,0.4097632,-0.17752986,0.1928606
1746705288949,683806250,0.3948554,-0.17057793,0.0630846
1746705288965,683822917,0.431242,-0.2592006,-0.0025949478
1746705288982,683839584,0.5113231,-0.38473195,-0.040452003
1746705288999,683856251,0.44229504,-0.48803964,-0.100174904
1746705289015,683872918,0.5372582,-0.5060874,0.035092354
1746705289032,683889585,0.49345088,-0.6000103,0.10473347
1746705289049,683906252,0.55316955,-0.66119224,0.15645027
1746705289065,683922919,0.5961133,-0.785399,0.27778435
1746705289082,683939586,0.59580284,-0.7877379,0.43755722
1746705289099,683956253,0.5876263,-0.926005,0.70756817
1746705289115,683972920,0.8327003,-0.8825881,0.75597477
1746705289132,683989587,0.80461985,-0.904759,0.5526819
1746705289149,684006254,0.9317454,-1.0719782,0.4848795
1746705289165,684022921,0.86976314,-1.0525355,-0.28372478
1746705289182,684039588,0.97411996,-0.28950012,-1.0888014
1746705289199,684056255,0.8731967,-0.38457772,-1.0911379
1746705289215,684072922,0.87705296,-1.3075448,-0.12707043
1746705289232,684089589,0.77591336,-0.9232876,-0.21003723
1746705289249,684106256,0.48035124,0.21519928,-1.5039921
1746705289265,684122923,-0.044148054,0.07973936,-1.2282352
1746705289282,684139590,-0.14258796,0.14317212,-1.4273958
1746705289299,684156257,0.040426005,-0.12679085,-0.71939945
1746705289315,684172924,-0.07138367,-0.4508455,-0.679718
1746705289332,684189591,0.11284007,0.058252618,-0.75699234
1746705289349,684206258,0.22927344,0.31584078,-1.0284805
1746705289365,684222925,0.5075492,0.5580356,-0.89015865
1746705289382,684239592,0.6105074,1.0792239,-1.324789
1746705289399,684256259,0.26461565,1.1198778,-1.8718724
1746705289415,684272926,0.14993808,0.92744744,-2.4720135
1746705289432,684289593,-0.022195954,0.39109012,-1.6846943
1746705289449,684306260,-0.3163075,0.46957612,-2.2525115
1746705289465,684322927,-0.07872808,0.45635277,-1.8050756
1746705289482,684339594,0.37965766,0.43127552,-0.9053526
1746705289499,684356261,0.49110872,0.7529932,-1.2445269
1746705289515,684372928,0.3719721,1.3634347,-1.770257
1746705289532,684389595,-0.096722774,0.95720196,-1.1002159
1746705289549,684406262,-0.6301419,0.4029655,-0.86503506
1746705289565,684422929,-0.67157096,0.4796103,-1.1626892
1746705289582,684439596,-0.59456694,0.06824856,-0.902586
1746705289599,684456263,-0.43740246,0.39345232,-0.39022923
1746705289615,684472930,0.16253695,0.5463884,0.32109642
1746705289632,684489597,0.38708723,1.068699,-0.5692005
1746705289649,684506264,-0.41967553,0.2781525,-0.14197445
1746705289665,684522931,-1.1489613,-0.27376068,-0.72446823
1746705289682,684539598,-1.5021839,-0.62064606,-0.13476658
1746705289699,684556265,-0.22072072,0.15689291,-0.37150383
1746705289715,684572932,0.50798976,0.7196163,-0.4466505
1746705289732,684589599,0.2713681,0.7213658,-0.3702364
1746705289749,684606266,-0.110770896,0.3950272,-0.38438797
1746705289765,684622933,-0.33158928,0.32141542,-0.81964874
1746705289782,684639600,-0.022316093,0.7989407,-0.7648382
1746705289799,684656267,0.23491111,0.93489724,-0.1440258
1746705289815,684672934,0.1641678,0.7196497,-0.024914742
1746705289832,684689601,-0.32262552,0.71571463,-0.29214
1746705289849,684706268,0.2897975,1.0200152,-0.10469055
1746705289865,684722935,0.019069567,0.8299691,-0.27707767
1746705289882,684739602,0.26590598,1.0672259,0.11095142
1746705289899,684756269,-0.16303371,0.9881826,-0.098638535
1746705289915,684772936,0.07976037,0.92942876,0.5228243
1746705289932,684789603,0.22341159,0.86256063,0.49008083
1746705289949,684806270,0.11443338,0.8688219,0.7617178
1746705289965,684822937,-0.40894914,0.5534033,0.48162365
1746705289982,684839604,-0.41732037,0.2971493,0.713294
1746705289999,684856271,-0.3634579,0.29323024,0.68178177
1746705290015,684872938,-0.18607509,0.21945463,1.2193794
1746705290032,684889605,-0.06717056,0.0048692296,1.6912518
1746705290049,684906272,0.1206476,-0.06094751,1.8593388
1746705290065,684922939,0.38830113,0.08071925,1.9659853
1746705290082,684939606,0.39656976,0.31531754,1.551981
1746705290099,684956273,0.41844085,0.5761491,1.1218863
1746705290115,684972940,0.34577376,0.79721195,0.9943781
1746705290132,684989607,0.51291203,0.66991794,1.4266777
1746705290149,685006274,0.8420094,0.67075324,2.115181
1746705290165,685022941,0.70668536,0.52447313,2.6482983
1746705290182,685039608,0.656478,0.28324053,2.768857
1746705290199,685056275,0.5420721,0.32953855,2.3547974
1746705290215,685072942,0.41974303,0.5196947,1.7896271
1746705290232,685089609,0.25503778,0.6256454,1.144989
1746705290249,685106276,0.2967292,0.7228404,0.66561985
1746705290265,685122943,0.24306966,0.74932975,0.46307278
1746705290282,685139610,0.29557443,0.67135346,0.44007206
1746705290299,685156277,0.35283756,0.6203599,0.5233259
1746705290315,685172944,0.571637,0.51911074,0.6905899
1746705290332,685189611,0.69622856,0.43425784,0.86621094
1746705290349,685206278,0.36230925,0.008996173,0.7354593
1746705290365,685222945,0.1144222,-0.18933246,0.70450306
1746705290382,685239612,0.23935634,-0.10918876,0.6856642
1746705290399,685256279,0.32090494,0.06516129,0.47471428
1746705290415,685272946,0.26405442,-0.123718664,0.47463036
1746705290432,685289613,0.14424476,0.0712338,0.43710804
1746705290449,685306280,0.20668858,0.08994776,0.48501778
1746705290465,685322947,0.119326636,0.1677952,0.5176525
1746705290482,685339614,0.39542773,0.35242125,0.44404602
1746705290499,685356281,0.23748396,0.009693533,0.6308489
1746705290515,685372948,0.076483786,0.20253873,0.5706072
1746705290532,685389615,0.12610891,0.30803582,0.6305609
1746705290549,685406282,0.24161963,0.18299665,0.5706835
1746705290565,685422949,0.25127405,0.2761907,0.5331106
1746705290582,685439616,0.24116701,0.11475513,0.48652363
1746705290599,685456283,0.13943096,0.23093034,0.34782124
1746705290615,685472950,0.22940515,0.2432287,0.37499332
1746705290632,685489617,0.27034396,0.1514193,0.44797134
1746705290649,685506284,0.21407445,0.21975034,0.41438103
1746705290665,685522951,0.35184506,0.22086869,0.33969402
1746705290682,685539618,0.17399645,0.18903284,0.40226746
1746705290699,685556285,0.29418036,0.102612786,0.24406147
1746705290715,685572952,0.3552638,0.16992997,0.21482563
1746705290732,685589619,0.26322094,0.0044146045,0.3135252
1746705290749,685606286,0.38265285,0.19196947,0.19464588
1746705290765,685622953,0.19917731,0.077092186,0.26911163
1746705290782,685639620,0.34376383,0.15345405,0.1871891
1746705290799,685656287,0.24870767,-0.00083951466,0.2508173
1746705290815,685672954,0.2962837,0.154829,0.2997799
1746705290832,685689621,0.33069095,0.124714084,0.3644085
1746705290849,685706288,0.303555,0.13097043,0.21162319
1746705290865,685722955,0.12268838,0.10122779,0.43720245
1746705290882,685739622,0.15692772,0.16795422,0.43313694
1746705290899,685756289,0.20845276,0.17767927,0.4353943
1746705290915,685772956,0.17130485,0.24761927,0.43523693
1746705290932,685789623,0.1923477,0.18445328,0.46724892
1746705290949,685806290,0.18271424,0.17866877,0.4071493
1746705290965,685822957,0.1567445,0.131032,0.38945198
1746705290982,685839624,0.22297625,0.08041527,0.33690166
1746705290999,685856291,0.23137167,0.07291317,0.2809515
1746705291015,685872958,0.24366042,0.061556585,0.25985909
1746705291032,685889625,0.289306,0.100887604,0.19219494
1746705291049,685906292,0.25555062,0.05323196,0.21702766
1746705291065,685922959,0.2814341,0.050445087,0.19993496
1746705291082,685939626,0.27945238,0.07543942,0.23678684
1746705291099,685956293,0.2545702,0.017380033,0.1989479
1746705291115,685972960,0.25397184,0.060066313,0.2125616
1746705291132,685989627,0.23547621,0.064724214,0.18530941
1746705291149,686006294,0.2357665,0.07911152,0.2398529
1746705291165,686022961,0.26548982,0.034632884,0.22137833
1746705291182,686039628,0.22704932,0.068066515,0.24642181
1746705291199,686056295,0.22885385,0.06354518,0.24097443
1746705291215,686072962,0.23993468,0.0631794,0.22062492
1746705291232,686089629,0.2256028,0.057111807,0.2501955
1746705291249,686106296,0.24351703,0.06281083,0.23877239
1746705291265,686122963,0.25173795,0.034827117,0.20035362
1746705291282,686139630,0.25369096,0.05692629,0.15896416
1746705291299,686156297,0.23637311,0.048423745,0.20583725
1746705291315,686172964,0.24422552,0.07743495,0.23044777
1746705291332,686189631,0.25321358,0.033549182,0.19951057
1746705291349,686206298,0.25503358,0.048229627,0.2104063
1746705291365,686222965,0.24337997,0.060468078,0.21626472
1746705291382,686239632,0.23841183,0.06650919,0.25214005
1746705291399,686256299,0.20175889,0.056521844,0.24571419
1746705291415,686272966,0.19721699,0.060778983,0.2328434
1746705291432,686289633,0.21164665,0.0625444,0.26512337
1746705291449,686306300,0.20426352,0.050716765,0.27337742
1746705291465,686322967,0.20386103,0.059717968,0.23170567
1746705291482,686339634,0.22115143,0.014986209,0.23716927
1746705291499,686356301,0.25629285,0.0669114,0.18534565
1746705291515,686372968,0.24143942,0.07600379,0.1963625
1746705291532,686389635,0.17232692,0.042432483,0.2684164
1746705291549,686406302,0.18321116,0.07715734,0.33246326
1746705291565,686422969,0.18239166,0.12699068,0.34476185
1746705291582,686439636,0.19050188,0.10214978,0.29782677
1746705291599,686456303,0.1777132,0.1330728,0.3369522
1746705291615,686472970,0.16751525,0.11183493,0.3145361
1746705291632,686489637,0.1760745,0.05163149,0.334301
1746705291649,686506304,0.17478098,0.08107899,0.2768345
1746705291665,686522971,0.1769115,0.04755618,0.21214962
1746705291682,686539638,0.18872194,0.06753623,0.2708416
1746705291699,686556305,0.19805484,0.049166705,0.22231579
1746705291715,686572972,0.20605615,0.0037143384,0.20241451
1746705291732,686589639,0.26710278,-0.074256144,0.12206364
1746705291749,686606306,0.25411808,-0.07299508,0.07789326
1746705291765,686622973,0.22973399,-0.08174137,0.10472107
1746705291782,686639640,0.2233884,-0.026416438,0.13186836
1746705291799,686656307,0.18104902,0.02712732,0.20107555
1746705291815,686672974,0.17345063,0.03240133,0.19451141
1746705291832,686689641,0.17207167,-0.019009888,0.20623016
1746705291849,686706308,0.18849216,-0.014485651,0.21322632
1746705291865,686722975,0.18034439,-0.015300803,0.17635918
1746705291882,686739642,0.1909484,0.010163134,0.2071619
1746705291899,686756309,0.1685263,0.059547093,0.25149727
1746705291915,686772976,0.15247317,0.061081845,0.3060608
1746705291932,686789643,0.16533236,0.09682101,0.33092022
1746705291949,686806310,0.13353525,0.04275356,0.28383827
1746705291965,686822977,0.16425504,0.055160202,0.2908697
1746705291982,686839644,0.16267352,0.028442135,0.24505138
1746705291999,686856311,0.1835765,-0.031389937,0.26751804
1746705292015,686872978,0.15461877,-0.007214775,0.2939949
1746705292032,686889645,0.18572888,-0.058869068,0.408926
1746705292049,686906312,0.18764606,-0.1803345,0.7054186
1746705292065,686922979,0.023984617,0.058067773,0.38969803
1746705292082,686939646,-0.06122914,0.005378951,0.34253597
1746705292099,686956313,0.09662655,0.08442062,0.39523792
1746705292115,686972980,0.0019433334,0.1261116,0.503788
1746705292132,686989647,0.028895084,0.26575577,0.47049332
1746705292149,687006314,0.06213772,0.084603004,0.24387455
1746705292165,687022981,0.08741346,0.21557568,0.47767162
1746705292182,687039648,0.05775262,0.14519346,0.71001434
1746705292199,687056315,0.07788063,0.24549992,0.80306625
1746705292215,687072982,-0.18175313,0.37145337,0.29667854
1746705292232,687089649,0.34941667,0.23690608,0.8451052
1746705292249,687106316,-0.035582256,0.19910243,0.38221455
1746705292265,687122983,0.16049068,-0.12245772,0.9396467
1746705292282,687139650,-0.052961953,0.33685783,1.1784105
1746705292299,687156317,0.10970217,0.6182496,0.8724165
1746705292315,687172984,-0.018618964,0.34197873,0.9989071
1746705292332,687189651,-0.032675024,0.7153423,1.0266514
1746705292349,687206318,-0.010369102,0.27022448,1.4777946
1746705292365,687222985,0.17371349,0.6150425,1.0092468
1746705292382,687239652,-0.16879307,-0.041835144,1.069252
1746705292399,687256319,0.15209743,0.43047354,0.85109615
1746705292415,687272986,-0.010453701,-0.04378194,0.9889946
1746705292432,687289653,0.19143069,0.2156386,0.41606522
1746705292449,687306320,0.43635887,0.085002646,0.51014805
1746705292466,687322987,0.40968785,0.08603773,0.85605145
1746705292482,687339654,0.075095214,-0.20953266,0.93674564
1746705292499,687356321,0.019467978,-0.07626374,0.81466866
1746705292516,687372988,-0.08790552,0.13389745,0.75266075
1746705292532,687389655,0.24731876,0.26924303,0.85860157
1746705292549,687406322,-0.21237162,0.51999867,0.20113945
1746705292566,687422989,0.098594025,0.17991206,0.8548441
1746705292582,687439656,-0.06414833,0.2636894,1.1365423
1746705292599,687456323,0.089072704,0.11709285,1.3851967
1746705292616,687472990,0.022830619,0.04122361,1.4464655
1746705292632,687489657,0.09795858,0.21052864,1.2252121
1746705292649,687506324,-0.020388069,0.1616991,0.84111595
1746705292666,687522991,-0.11850802,0.13812162,0.6793051
1746705292682,687539658,-0.08947078,0.19827208,0.667655
1746705292699,687556325,-0.13637051,0.22937839,0.71468925
1746705292716,687572992,-0.0035413392,0.25715098,0.75861454
1746705292732,687589659,-0.031064948,0.3031021,0.5546951
1746705292749,687606326,-0.0669789,0.25896704,0.3481779
1746705292766,687622993,-0.12951458,0.26366013,0.35642052
1746705292782,687639660,-0.11543707,0.3048482,0.44756508
1746705292799,687656327,-0.10466654,0.34614,0.79150486
1746705292816,687672994,-0.11467388,0.2939439,0.87817097
1746705292832,687689661,-0.08728315,0.40785548,0.83430004
1746705292849,687706328,-0.18699183,0.35705614,0.7518749
1746705292866,687722995,-0.05135948,0.21824521,0.46982765
1746705292882,687739662,-0.059046984,0.25643462,0.275342
1746705292899,687756329,-0.04800712,0.50009483,0.5013399
1746705292916,687772996,-0.11398658,0.6969483,0.6821346
1746705292932,687789663,-0.45624503,0.48569366,0.68777657
1746705292949,687806330,-0.54089445,0.43517905,0.43614388
1746705292966,687822997,-0.38565496,0.3285323,0.24497414
1746705292982,687839664,-0.31944606,0.35384738,-0.09013462
1746705292999,687856331,-0.21368386,0.40918785,-0.16933441
1746705293016,687872998,-0.29276642,0.32991248,-0.16902447
1746705293032,687889665,-0.29812226,0.43841597,-0.021884918
1746705293049,687906332,-0.23654343,0.54215014,-0.054039955
1746705293066,687922999,-0.12758914,0.49264535,-0.24780655
1746705293082,687939666,0.21885584,0.61831886,-0.25576687
1746705293099,687956333,0.12940954,0.53640115,-0.5698948
1746705293116,687973000,0.2790795,0.7095676,-0.26553917
1746705293132,687989667,0.12651838,0.63603806,-0.3098011
1746705293149,688006334,-0.13697879,0.6326677,-0.31692982
1746705293166,688023001,-0.59843403,0.5311808,-0.38689995
1746705293182,688039668,-0.31518558,0.6774997,-0.5086622
1746705293199,688056335,-0.18994936,0.6155587,-0.62184525
1746705293216,688073002,-0.16425374,0.48124194,-0.6607933
1746705293232,688089669,-0.25198615,0.38920265,-0.6888027
1746705293249,688106336,-0.32316834,0.16654554,-0.7503128
1746705293266,688123003,-0.24124166,0.14344928,-0.9824734
1746705293282,688139670,-0.27389377,0.1692572,-1.1103458
1746705293299,688156337,-0.09219731,0.20351055,-0.7339535
1746705293316,688173004,-0.03424442,0.16794674,-0.8653555
1746705293332,688189671,0.29475313,0.25802112,-0.9375763
1746705293349,688206338,0.46535018,0.3406827,-1.2116299
1746705293366,688223005,0.91057724,0.5800367,-1.2546082
1746705293382,688239672,0.83653146,0.566275,-1.3946075
1746705293399,688256339,0.588639,0.11856446,-1.3841715
1746705293416,688273006,0.5616847,-0.19506948,-1.3505602
1746705293432,688289673,0.3803673,-0.1100333,-1.2813559
1746705293449,688306340,0.35132438,-0.33043978,-0.96422386
1746705293466,688323007,0.4458964,-0.3116726,-0.87184525
1746705293482,688339674,0.41665933,-0.06906729,-1.0056658
1746705293499,688356341,0.7771246,-0.055573925,-1.0205278
1746705293516,688373008,0.6842728,-0.27327555,-1.1431303
1746705293532,688389675,0.9405746,-0.10513848,-0.8355074
1746705293549,688406342,0.44396254,-0.60272926,-0.8578825
1746705293566,688423009,0.4197913,-0.5974157,-0.90615654
1746705293582,688439676,0.27893287,-0.5892241,-0.64242935
1746705293599,688456343,0.34249672,-0.6509899,-0.28137398
1746705293616,688473010,0.4478109,-0.31740785,0.09044838
1746705293632,688489677,0.24097915,-0.072429374,0.30415154
1746705293649,688506344,0.08882327,-0.30599082,-0.10828209
1746705293666,688523011,0.3213381,-0.5294624,0.08020306
1746705293682,688539678,0.29528186,-0.55006135,0.2025404
1746705293699,688556345,0.1550714,-0.22891034,0.13744164
1746705293716,688573012,0.119506456,-0.2665354,-0.062426567
1746705293732,688589679,-0.019763574,-0.43287128,-0.19656372
1746705293749,688606346,0.040731102,-0.35344505,-0.13200378
1746705293766,688623013,-0.094664104,-0.36734354,-0.1538229
1746705293782,688639680,-0.13628066,-0.28360173,-0.036122322
1746705293799,688656347,-0.23709516,-0.19375041,0.16916084
1746705293816,688673014,-0.009288975,-0.22099665,0.2788267
1746705293832,688689681,0.17985988,-0.26448175,0.17288208
1746705293849,688706348,0.1685395,-0.0040359735,-0.3297224
1746705293866,688723015,0.073780395,0.06521884,-0.5497961
1746705293882,688739682,0.118914925,-0.2061878,-0.45530987
1746705293899,688756349,0.15489347,-0.39092147,-0.19130898
1746705293916,688773016,0.1374484,-0.54702514,-0.010920525
1746705293932,688789683,0.12904756,-0.6898478,0.26131344
1746705293949,688806350,0.17133442,-0.6737485,0.2168417
1746705293966,688823017,0.096282676,-0.34281188,0.08507156
1746705293982,688839684,0.24642259,-0.17443107,0.08435631
1746705293999,688856351,0.17041008,0.06398841,0.05266857
1746705294016,688873018,0.21156742,0.23408914,0.050679207
1746705294032,688889685,0.17330669,0.35622266,-0.29902458
1746705294049,688906352,0.10209859,0.46933943,-0.43455315
1746705294066,688923019,0.020976132,0.3304286,-0.38382912
1746705294082,688939686,0.041043796,0.19471622,0.04388523
1746705294099,688956353,0.11609922,0.12306176,0.43744946
1746705294116,688973020,0.13134605,0.014129371,0.5573845
1746705294132,688989687,0.031021364,-0.16135445,0.42898846
1746705294149,689006354,0.01839154,-0.065266676,0.11644173
1746705294166,689023021,0.05333075,-0.025832286,-0.24120712
1746705294182,689039688,0.06639005,-0.22596467,-0.31281567
1746705294199,689056355,0.15183236,-0.36531562,-0.0340662
1746705294216,689073022,0.15295058,-0.30699974,0.21727276
1746705294232,689089689,0.16648552,-0.16039178,0.15384865
1746705294249,689106356,0.14580399,-0.025508193,-0.032922745
1746705294266,689123023,0.19194566,0.0065214373,0.08954239
1746705294282,689139690,0.21528444,0.06228032,0.31290913
1746705294299,689156357,0.25791183,-0.11588275,0.38379288
1746705294316,689173024,0.15912122,-0.16334349,0.19711685
1746705294332,689189691,0.13006398,-0.1607541,-0.07974529
1746705294349,689206358,0.20239054,-0.11101978,-0.27550697
1746705294366,689223025,0.2587111,-0.20598753,-0.15559006
1746705294382,689239692,0.2721904,-0.20347434,0.22132874
1746705294399,689256359,0.21235955,-0.15731736,0.31365108
1746705294416,689273026,0.2094227,-0.03502135,0.26319313
1746705294432,689289693,0.18520194,0.05888471,0.021359444
1746705294449,689306360,0.16086785,0.07247475,-0.1685648
1746705294466,689323027,0.21993205,0.106085956,-0.109791756
1746705294482,689339694,0.21664396,0.13742761,-0.1083889
1746705294499,689356361,0.22722752,-0.1579385,0.07125759
1746705294516,689373028,0.2631638,-0.3612631,0.5099106
1746705294532,689389695,0.045916155,-0.053799793,0.35741615
1746705294549,689406362,-0.037367903,0.133146,0.048844337
1746705294566,689423029,0.05950943,0.1158899,0.023377419
1746705294582,689439696,0.13300921,0.1355121,-0.022758484
1746705294599,689456363,0.14675726,0.10039688,-0.030644417
1746705294616,689473030,0.23111564,0.07343339,-0.0066070557
1746705294632,689489697,0.24197692,0.025972206,0.058911324
1746705294649,689506364,0.21140045,0.13053156,0.07503891
1746705294666,689523031,0.16743478,0.021750716,0.1373167
1746705294682,689539698,0.1672686,-0.08163408,0.23489666
1746705294699,689556365,0.13981327,0.07193831,0.14984322
1746705294716,689573032,0.14927179,0.150002,0.01913929
1746705294732,689589699,0.08895805,0.16669083,-0.02085495
1746705294749,689606366,0.15828964,0.117453374,-0.031253815
1746705294766,689623033,0.16806833,0.15695997,-0.041399002
1746705294782,689639700,0.18211803,0.068072215,0.07650089
1746705294799,689656367,0.15659575,0.036901094,0.19833755
1746705294816,689673034,0.099903695,0.045707505,0.20017529
1746705294832,689689701,0.02677484,0.12195381,0.08099842
1746705294849,689706368,0.071595,0.055033807,0.006814003
1746705294866,689723035,0.08128652,-0.006914597,0.058534622
1746705294882,689739702,0.09767393,-0.04148691,-0.06372452
1746705294899,689756369,0.18445899,-0.08576706,0.115675926
1746705294916,689773036,0.25227806,-0.117795795,0.076473236
1746705294932,689789703,0.30478618,-0.29511264,0.27428913
1746705294949,689806370,0.3068662,-0.34217644,0.29155636
1746705294966,689823037,0.18620428,-0.14361088,0.07031822
1746705294982,689839704,0.13802573,-0.08552522,0.025443077
1746705294999,689856371,0.11708916,-0.09388192,0.058938026
1746705295016,689873038,0.14362484,-0.050784156,0.07116127
1746705295032,689889705,0.28300172,-0.11220261,0.096652985
1746705295049,689906372,0.35829216,-0.14111133,0.08394241
1746705295066,689923039,0.41733277,-0.10013291,0.11851883
1746705295082,689939706,0.46085733,-0.19387223,0.14480972
1746705295099,689956373,0.5412631,-0.2781536,0.20029163
1746705295116,689973040,0.5008413,-0.27637914,0.15390301
1746705295132,689989707,0.46182436,-0.2707645,0.21455765
1746705295149,690006374,0.40442735,-0.20954227,0.2480774
1746705295166,690023041,0.3177525,-0.16361998,0.16628647
1746705295182,690039708,0.2884058,-0.22579636,0.12560368
1746705295199,690056375,0.3471933,-0.26365253,0.2986765
1746705295216,690073042,0.27257103,-0.21454719,0.37811375
1746705295232,690089709,0.27597636,-0.10007234,0.093346596
1746705295249,690106376,0.32524744,-0.13363102,0.026313782
1746705295266,690123043,0.46726635,-0.28115517,0.2096777
1746705295282,690139710,0.43832535,-0.3189787,0.44662762
1746705295299,690156377,0.44647384,-0.2005774,0.544034
1746705295316,690173044,0.42581698,-0.14947943,0.3928728
1746705295332,690189711,0.5324386,-0.018772854,0.121165276
1746705295349,690206378,0.52197325,-0.15471657,-0.12489414
1746705295366,690223045,0.6562518,-0.32755455,-0.16598797
1746705295382,690239712,0.7113177,-0.33648556,-0.40775967
1746705295399,690256379,0.7362363,-0.52634096,-0.6389837
1746705295416,690273046,0.7393053,-0.6414985,-0.45903206
1746705295432,690289713,0.78415394,-0.76608896,-0.06400585
1746705295449,690306380,0.9562655,-0.9955523,0.18760967
1746705295466,690323047,1.1877084,-1.1092688,0.582489
1746705295482,690339714,1.303462,-1.0448574,1.1606646
1746705295499,690356381,1.401309,-1.203014,1.5737457
1746705295516,690373048,1.0408012,-0.887295,0.588604
1746705295532,690389715,0.4255685,0.23790115,-1.0910511
1746705295549,690406382,0.45323673,0.516794,-1.7724266
1746705295566,690423049,1.0131487,-0.44591227,-0.8563423
1746705295582,690439716,0.7291716,0.3538209,-1.7626648
1746705295599,690456383,0.44078314,0.92360705,-2.507895
1746705295616,690473050,0.2442549,-0.15725847,-2.4464583
1746705295632,690489717,0.20275073,-0.8358968,-2.0461302
1746705295649,690506384,0.06631115,-0.37021512,-1.3167849
1746705295666,690523051,-0.513433,-0.17797644,-0.39400864
1746705295682,690539718,-0.83021104,0.36552796,-0.65923214
1746705295699,690556385,-0.49062043,0.02635754,-0.76690674
1746705295716,690573052,0.021026367,0.44965118,-1.8702693
1746705295732,690589719,0.30225378,0.711147,-3.7726498
1746705295749,690606386,0.15230604,1.0239905,-2.8886313
1746705295766,690623053,-0.3012802,0.19689569,-1.3266344
1746705295782,690639720,-0.43685585,0.2204001,-0.64906025
1746705295799,690656387,-0.68236214,0.009989912,-1.5525379
1746705295816,690673054,-0.6494104,0.03925983,-1.4237862
1746705295832,690689721,0.16854352,0.8103659,-1.1550093
1746705295849,690706388,1.0004194,1.3839954,-0.3170538
1746705295866,690723055,0.38761818,1.481779,0.13982105
1746705295882,690739722,-1.0414144,0.5241142,0.4448557
1746705295899,690756389,-0.74113655,0.84317803,0.8323736
1746705295916,690773056,-0.9196978,-0.119360834,-1.4436598
1746705295932,690789723,-0.6566048,0.31401604,-0.8859949
1746705295949,690806390,0.30982366,0.8974004,0.053462982
1746705295966,690823057,0.40178487,0.9131905,0.050471306
1746705295982,690839724,-0.60372126,0.26557386,0.2938528
1746705295999,690856391,-0.89742863,0.377004,-0.63438797
1746705296016,690873058,-0.8691847,0.38723576,-0.78705025
1746705296032,690889725,-0.39776382,0.59305394,-0.8561201
1746705296049,690906392,-0.109654784,0.9501224,-0.25152397
1746705296066,690923059,-0.16907269,0.59042233,-0.2552328
1746705296082,690939726,-0.23644072,0.33590376,0.27115822
1746705296099,690956393,-0.71119523,0.3288289,-0.69662666
1746705296116,690973060,-0.4647526,-0.0052029346,0.26757908
1746705296132,690989727,-0.1710082,0.14351365,1.2541761
1746705296149,691006394,-0.26867956,-0.010077529,0.9556246
1746705296166,691023061,-0.07241719,-0.08146578,0.5999651
1746705296182,691039728,0.071716145,0.0108998325,0.586277
1746705296199,691056395,-0.15256928,-0.2583908,1.0634241
1746705296216,691073062,0.027233489,0.10104328,0.20985126
1746705296232,691089729,-0.13883306,0.1342696,0.8382025
1746705296249,691106396,-0.08101797,0.3927431,0.061605453
1746705296266,691123063,-0.43763992,0.16998428,0.56273556
1746705296282,691139730,-0.60177845,0.05208433,-0.19819355
1746705296299,691156397,-0.20414801,0.4281319,0.08534813
1746705296316,691173064,-0.28911334,0.7063944,-0.36235237
1746705296332,691189731,0.105290025,0.83155054,0.24388313
1746705296349,691206398,0.115025245,0.74418604,0.18786526
1746705296366,691223065,0.4808896,0.7256863,0.52942944
1746705296382,691239732,0.6209675,0.6593375,0.8009739
1746705296399,691256399,0.6667977,0.5526472,0.95080566
1746705296416,691273066,0.5254562,0.6470775,0.6302824
1746705296432,691289733,0.47406775,0.8193988,0.28728008
1746705296449,691306400,0.26296803,0.65450406,0.25555515
1746705296466,691323067,0.22615835,0.6926332,0.66959286
1746705296482,691339734,0.42657256,0.5827441,1.4379578
1746705296499,691356401,0.5569848,0.4923291,2.0940504
1746705296516,691373068,0.50448585,0.1321811,2.8246107
1746705296532,691389735,0.2876424,-0.029748233,3.141779
1746705296549,691406402,0.20000789,-0.11085438,3.0202322
1746705296566,691423069,0.18841326,0.03609332,2.4493685
1746705296582,691439736,-0.01656812,0.4581732,1.5694761
1746705296599,691456403,-0.01928291,0.40433392,0.8406124
1746705296616,691473070,0.09809302,0.6854121,0.5232792
1746705296632,691489737,0.19622448,0.682304,0.5091953
1746705296649,691506404,0.26738632,0.624432,0.520566
1746705296666,691523071,0.39044148,0.42826658,0.7742157
1746705296682,691539738,0.46430767,0.34333447,0.65501213
1746705296699,691556405,0.2215466,-0.054614272,0.60723114
1746705296716,691573072,0.5479101,0.17737317,0.691555
1746705296732,691589739,0.2595376,0.025596257,0.6388941
1746705296749,691606406,0.27900368,0.018265255,0.7267294
1746705296766,691623073,0.23135832,-0.006000429,0.58238983
1746705296782,691639740,0.3394153,0.13832535,0.57619953
1746705296799,691656407,0.105124846,0.10761322,0.45564938
1746705296816,691673074,0.054979883,0.07752055,0.5498581
1746705296832,691689741,0.15197574,0.19750823,0.5939903
1746705296849,691706408,0.173793,0.059142422,0.64820004
1746705296866,691723075,0.1706869,0.37520817,0.6326103
1746705296882,691739742,0.44773668,0.5907928,0.5081234
1746705296899,691756409,-0.20251983,-0.06720208,0.6791134
1746705296916,691773076,0.0733303,0.20240507,0.49392986
1746705296932,691789743,0.1418549,0.021047544,0.5323019
1746705296949,691806410,0.14877503,0.07950155,0.31801605
1746705296966,691823077,0.12342519,0.20129454,0.56122494
1746705296982,691839744,0.17116024,0.14978978,0.5260658
1746705296999,691856411,0.16520256,0.19767798,0.520978
1746705297016,691873078,0.12787494,0.2363492,0.49382877
1746705297032,691889745,0.17825599,0.10666552,0.49940968
1746705297049,691906412,0.13093758,0.21476433,0.40361977
1746705297066,691923079,0.15763369,0.08803214,0.28069305
1746705297082,691939746,0.26507023,0.07748892,0.242589
1746705297099,691956413,0.27421582,0.043978408,0.28516197
1746705297116,691973080,0.19227841,0.0019579735,0.19370556
1746705297132,691989747,0.26770526,0.037768997,0.20889187
1746705297149,692006414,0.24052508,0.014959275,0.15075493
1746705297166,692023081,0.20190965,0.010146929,0.18439674
1746705297182,692039748,0.21967027,0.013503424,0.27644157
1746705297199,692056415,0.23398241,-0.00914235,0.25704575
1746705297216,692073082,0.19145611,0.011340265,0.22080708
1746705297232,692089749,0.19466609,0.028071886,0.24154949
