timestamp_ms,timestamp_μs,freeAcceleration_m/s²_x,freeAcceleration_m/s²_y,freeAcceleration_m/s²_z
1746704814859,209719360,0.047203477,-0.1670053,0.28347874
1746704814876,209736027,0.038527377,-0.12890372,0.25636578
1746704814892,209752694,0.04011566,-0.0656148,0.1859703
1746704814909,209769361,0.015788285,0.011174083,0.26708603
1746704814926,209786028,0.013383062,0.116791554,0.38602543
1746704814942,209802695,-0.022023402,0.16965282,0.484169
1746704814959,209819362,-0.02287521,0.18624999,0.5849867
1746704814976,209836029,-0.08884461,0.15431178,0.49556446
1746704814992,209852696,-0.087190166,0.08749594,0.39389324
1746704815009,209869363,0.0201108,0.06266834,0.39526176
1746704815026,209886030,-0.03290893,0.00602278,0.4289875
1746704815042,209902697,-0.07795707,-0.07021257,0.36581612
1746704815059,209919364,-0.061207905,0.02854171,0.4261322
1746704815076,209936031,0.0019454567,0.09073933,0.3416443
1746704815092,209952698,-0.0073231785,0.013215874,0.4757824
1746704815109,209969365,-0.038755804,0.10830678,0.4524355
1746704815126,209986032,-0.024063852,0.12822938,0.65013885
1746704815142,210002699,-0.06345533,0.20154074,0.895627
1746704815159,210019366,-0.013683463,0.44864437,0.76961136
1746704815176,210036033,-0.060950417,0.4969377,1.002039
1746704815192,210052700,-0.031592216,0.7364658,1.1094294
1746704815209,210069367,-0.15816894,0.78752756,1.2763071
1746704815226,210086034,-0.068336405,0.5731512,1.4446411
1746704815242,210102701,0.07856279,-0.20352307,1.8661461
1746704815259,210119368,-0.80184984,-1.4497222,1.4975071
1746704815276,210136035,-0.38819686,2.9155214,0.2996359
1746704815292,210152702,0.24000306,-0.09756363,5.135639
1746704815309,210169369,-0.014586902,0.47866237,4.0178947
1746704815326,210186036,0.049512815,0.3476507,3.261407
1746704815342,210202703,-0.13677384,0.30669755,3.9176388
1746704815359,210219370,-0.081793,0.9905795,3.7935753
1746704815376,210236037,0.0067038243,0.8000805,3.2128172
1746704815392,210252704,0.4605822,0.8081574,3.2164698
1746704815409,210269371,0.71331793,0.81020117,2.9175653
1746704815426,210286038,0.18967287,0.72832656,2.357788
1746704815442,210302705,-0.30711374,0.59653217,2.3224192
1746704815459,210319372,-0.35519898,0.57187486,2.9968748
1746704815476,210336039,-0.20095246,0.49481142,4.064499
1746704815492,210352706,-0.064669006,0.50223565,3.4708204
1746704815509,210369373,-0.047550593,0.52248746,1.6923304
1746704815526,210386040,0.021100517,0.4482329,1.3313828
1746704815542,210402707,0.09514298,0.7183883,1.5308447
1746704815559,210419374,-0.16790628,0.9049248,1.7190571
1746704815576,210436041,-0.20911336,0.92062664,1.4345636
1746704815592,210452708,-0.09305135,1.1576484,0.86829853
1746704815609,210469375,-0.12957828,1.2417736,0.057346344
1746704815626,210486042,-0.09655938,1.3836565,-0.48225594
1746704815642,210502709,-0.22330453,1.3946638,-1.567359
1746704815659,210519376,0.027212478,1.5730183,-2.9546824
1746704815676,210536043,0.048175424,1.2316798,-3.4400735
1746704815692,210552710,-0.27674246,0.46147257,-3.8131819
1746704815709,210569377,-0.6372798,0.67076844,-4.553909
1746704815726,210586044,-0.6119987,0.43150082,-5.13857
1746704815742,210602711,-0.56305766,0.98846024,-5.1595545
1746704815759,210619378,-0.0392567,0.74532706,-4.0720205
1746704815776,210636045,0.03773994,-0.1922483,-3.538824
1746704815792,210652712,-0.22428632,-0.9118315,-3.2670932
1746704815809,210669379,-0.4471619,-1.1419123,-3.063592
1746704815826,210686046,0.0045902855,-1.2170632,-3.054514
1746704815842,210702713,0.3691265,-1.3741847,-2.8509827
1746704815859,210719380,0.56502044,-1.6053061,-2.9717069
1746704815876,210736047,0.7128465,-1.7444476,-3.0732646
1746704815892,210752714,0.7642871,-1.8486695,-3.0514722
1746704815909,210769381,0.83071476,-2.2995353,-2.2682037
1746704815926,210786048,0.6170853,-2.1959264,-1.6272259
1746704815942,210802715,0.6744244,-1.8797932,-0.38280106
1746704815959,210819382,0.36123762,-1.6403362,-0.59624195
1746704815976,210836049,0.45537278,-1.3122222,-0.33599663
1746704815992,210852716,0.36634535,-1.6075972,0.40155888
1746704816009,210869383,0.41973117,-1.7799269,0.32311726
1746704816026,210886050,0.097260766,-1.6980196,0.38530064
1746704816042,210902717,-0.18487382,-1.8024715,0.552495
1746704816059,210919384,-0.19325243,-1.5779668,0.5621948
1746704816076,210936051,-0.2946967,-1.2015257,0.16739559
1746704816092,210952718,-0.19611406,-1.6312914,0.47211552
1746704816109,210969385,-0.13012344,-1.3501571,-0.29074478
1746704816126,210986052,0.14485182,-1.3083289,-0.31306648
1746704816142,211002719,0.2084502,-1.2177091,-0.32200336
1746704816159,211019386,0.22860883,-1.097278,-0.57946205
1746704816176,211036053,0.06839452,-1.2810344,-0.6313524
1746704816192,211052720,0.027676715,-1.3417808,-0.6009426
1746704816209,211069387,0.0134067545,-1.1563231,-0.37386322
1746704816226,211086054,0.07398681,-1.1776078,0.051506996
1746704816242,211102721,0.20449647,-0.9775301,0.002366066
1746704816259,211119388,0.119827084,-0.85146165,-0.076275826
1746704816276,211136055,0.1424086,-0.93377054,-0.34609127
1746704816292,211152722,0.051635962,-1.0873332,-0.5317764
1746704816309,211169389,0.14233595,-0.74469244,-0.63315964
1746704816326,211186056,0.087455034,-0.4824925,-0.7828579
1746704816342,211202723,-0.114800945,-0.8412918,-0.30268097
1746704816359,211219390,-0.11095563,-1.503471,-0.15561295
1746704816376,211236057,-0.024784457,-2.0877964,-0.16341782
1746704816392,211252724,0.12845424,-3.1393826,-0.6453209
1746704816409,211269391,0.69174486,-2.187841,-1.426467
1746704816426,211286058,0.40665746,-0.35145,-1.6357145
1746704816442,211302725,0.4771684,-0.7095993,-0.61608124
1746704816459,211319392,-0.578874,-1.7985262,-0.15555954
1746704816476,211336059,-0.95113146,-1.9184535,-1.0425224
1746704816492,211352726,-0.763362,-1.1315786,-2.2135878
1746704816509,211369393,-0.084215656,0.025086423,-3.0334945
1746704816526,211386060,0.0013703579,0.38617352,-3.7024488
1746704816542,211402727,-0.03187831,-0.12873977,-3.6431794
1746704816559,211419394,0.6108457,0.10570621,-3.6693645
1746704816576,211436061,0.16267642,0.18193698,-3.9487562
1746704816592,211452728,0.24594493,0.34872213,-2.3558216
1746704816609,211469395,0.6060648,0.7199397,-1.6471415
1746704816626,211486062,0.2410538,0.21686389,-1.6635056
1746704816642,211502729,0.29903015,0.23398745,-1.3692627
1746704816659,211519396,0.51827705,0.50908583,-1.441144
1746704816676,211536063,0.45201048,0.93809617,-1.5123577
1746704816692,211552730,0.3890974,0.5973873,-0.8717489
1746704816709,211569397,-0.10574175,0.45145193,-0.66367245
1746704816726,211586064,-0.25754592,0.72177494,-0.5025034
1746704816742,211602731,0.016579296,0.62200975,0.26782417
1746704816759,211619398,0.11798042,0.21722017,0.4921198
1746704816776,211636065,-0.25695586,0.5797137,0.27370358
1746704816792,211652732,-0.6160643,0.40478733,0.39396286
1746704816809,211669399,-0.37867945,0.5424391,0.6093035
1746704816826,211686066,0.16966288,0.6475452,0.7922039
1746704816842,211702733,-0.007894031,0.63073856,0.4660778
1746704816859,211719400,-0.38075274,0.62072206,0.34971905
1746704816876,211736067,-0.47730073,0.6664864,0.7607498
1746704816892,211752734,-0.19975218,0.6237918,1.3959751
1746704816909,211769401,-0.049220234,0.70657474,2.0994787
1746704816926,211786068,0.2314005,0.4467673,1.1440935
1746704816942,211802735,0.41616482,0.5522019,1.4439602
1746704816959,211819402,0.4191581,0.04497304,1.6911573
1746704816976,211836069,0.034398645,0.015122216,1.6456499
1746704816992,211852736,0.3302346,0.08073355,2.702899
1746704817009,211869403,0.069279626,0.46227688,2.0304232
1746704817026,211886070,0.18658437,0.62776226,1.2913084
1746704817042,211902737,-0.02040472,0.61997914,1.6352386
1746704817059,211919404,-0.011506894,1.0247253,1.7547741
1746704817076,211936071,0.2027439,0.8006574,2.421937
1746704817092,211952738,0.29019827,0.491834,2.7855968
1746704817109,211969405,0.4877616,0.16242507,2.8910065
1746704817126,211986072,0.53451,0.21722643,2.669364
1746704817142,212002739,0.44996846,0.33757943,2.0831451
1746704817159,212019406,0.45115733,0.58503914,1.5587788
1746704817176,212036073,0.38921025,0.522289,1.1287689
1746704817192,212052740,0.24180861,0.5529887,0.8501425
1746704817209,212069407,0.14277762,0.5047441,0.7997122
1746704817226,212086074,0.14066163,0.49511853,0.7365904
1746704817242,212102741,0.16078316,0.5408987,0.7572317
1746704817259,212119408,0.12173656,0.5558336,0.7712412
1746704817276,212136075,0.16755694,0.5534981,0.9030962
1746704817292,212152742,0.17085129,0.5826697,0.9371586
1746704817309,212169409,0.15465711,0.37939557,0.8622494
1746704817326,212186076,0.17377953,0.23377645,0.7024212
1746704817342,212202743,0.17819123,0.09571339,0.6686058
1746704817359,212219410,0.24477932,0.052203014,0.6622572
1746704817376,212236077,0.14251588,0.0780543,0.67072296
1746704817392,212252744,0.13399668,0.058363926,0.61210537
1746704817409,212269411,0.14931738,0.20823674,0.5869293
1746704817426,212286078,0.10958862,0.23614502,0.49030304
1746704817442,212302745,0.11503251,0.18737985,0.4729576
1746704817459,212319412,0.121394806,0.14069068,0.4230013
1746704817476,212336079,0.17895363,0.091618635,0.31990337
1746704817492,212352746,0.16527107,0.16542841,0.34237576
1746704817509,212369413,0.14921702,0.14056708,0.383276
1746704817526,212386080,0.16648452,0.15077268,0.43248653
1746704817542,212402747,0.16047247,0.120291546,0.42965508
1746704817559,212419414,0.18741204,0.13180223,0.40898418
1746704817576,212436081,0.103734374,0.09953702,0.41627026
1746704817592,212452748,0.07423871,0.09665728,0.48052025
1746704817609,212469415,0.063817866,-0.009724826,0.54723835
1746704817626,212486082,0.015480954,-0.10319392,0.7035103
1746704817642,212502749,0.04186085,0.24330637,0.58779716
1746704817659,212519416,0.08527868,0.2862622,0.64656353
1746704817676,212536083,0.08056457,0.425125,0.80542755
1746704817692,212552750,0.07583705,0.52235025,1.0123558
1746704817709,212569417,0.24753277,0.5139495,1.3774338
1746704817726,212586084,0.26056314,0.59420514,1.5619593
1746704817742,212602751,0.072016545,0.82025343,1.5731125
1746704817759,212619418,0.15419823,0.6816459,2.3390636
1746704817776,212636085,0.13517974,0.8727146,2.8019953
1746704817792,212652752,0.10893574,0.9596692,3.2027702
1746704817809,212669419,-0.040216908,0.9926123,3.380579
1746704817826,212686086,-0.20408767,0.9319728,3.2065039
1746704817842,212702753,-0.08167163,0.72120726,3.1062336
1746704817859,212719420,0.21717033,0.7895957,2.8685007
1746704817876,212736087,0.23436026,0.6354234,2.5269585
1746704817892,212752754,0.24714297,0.4729675,2.2940168
1746704817909,212769421,0.04744733,0.37630126,2.0660267
1746704817926,212786088,-0.26883444,0.2593915,2.052559
1746704817942,212802755,-0.44473827,0.24345389,2.048069
1746704817959,212819422,-0.54451513,0.19365029,2.5026636
1746704817976,212836089,-0.22155811,0.3632651,3.106512
1746704817992,212852756,-0.09095658,0.650941,1.9169054
1746704818009,212869423,0.062819436,0.5959104,1.1695366
1746704818026,212886090,0.050550807,0.7457255,0.8643055
1746704818042,212902757,0.03406695,1.0983927,0.75076675
1746704818059,212919424,0.17105894,1.1719288,0.5488205
1746704818076,212936091,0.10772944,1.1525222,-0.021306992
1746704818092,212952758,0.03314518,1.2193292,-0.5321293
1746704818109,212969425,0.051457822,1.2128363,-0.9375391
1746704818126,212986092,0.21444224,1.126307,-1.2240953
1746704818142,213002759,-0.009724714,1.0014408,-1.6652622
1746704818159,213019426,-0.10281172,0.9385454,-1.5819902
1746704818176,213036093,0.025032893,0.8499564,-1.2940044
1746704818192,213052760,0.38650486,0.9393655,-1.1983757
1746704818209,213069427,0.51994467,0.8272467,-0.9929085
1746704818226,213086094,0.85745513,0.7965233,-1.1788616
1746704818242,213102761,0.80852336,0.8695399,-1.4892988
1746704818259,213119428,0.3797083,0.78548723,-1.706193
1746704818276,213136095,-0.18000102,0.09491679,-2.0925603
1746704818292,213152762,-0.4785152,0.17200261,-2.4353585
1746704818309,213169429,-0.4200223,0.39985886,-2.3448582
1746704818326,213186096,-0.004750656,0.24323618,-2.1241722
1746704818342,213202763,0.14455387,0.018922383,-2.6951618
1746704818359,213219430,0.50220513,-0.19098032,-3.117846
1746704818376,213236097,0.24440114,-0.50709087,-3.6660295
1746704818392,213252764,0.29147923,-0.8045601,-3.8801575
1746704818409,213269431,0.36855075,-1.030553,-3.620254
1746704818426,213286098,0.31949902,-1.1346054,-3.7437658
1746704818442,213302765,0.4681736,-1.1110147,-3.3023834
1746704818459,213319432,0.781467,-1.2241415,-2.189436
1746704818476,213336099,0.6187655,-1.4723529,-0.99444485
1746704818492,213352766,0.5405663,-1.3319122,-0.31432533
1746704818509,213369433,0.412136,-1.0146091,-0.17926407
1746704818526,213386100,0.10367872,-1.1861564,-0.45587444
1746704818542,213402767,0.33542722,-1.0646152,0.091300964
1746704818559,213419434,0.2903136,-1.0664977,0.35306835
1746704818576,213436101,0.20440818,-1.2439843,0.5703192
1746704818592,213452768,0.38936874,-1.1817194,0.533494
1746704818609,213469435,0.5177696,-0.84384364,0.30554104
1746704818626,213486102,0.35398686,-0.6783911,0.07378769
1746704818642,213502769,0.11984899,-0.5516961,0.027661324
1746704818659,213519436,-0.06569672,-0.84319746,0.0520792
1746704818676,213536103,0.0104275495,-1.0833886,0.34203148
1746704818692,213552770,0.14654315,-1.0333781,0.4037037
1746704818709,213569437,0.21638334,-0.72243744,0.03841591
1746704818726,213586104,0.14965779,-0.65653175,-0.016037941
1746704818742,213602771,0.07549061,-0.62129384,-0.1955347
1746704818759,213619438,-0.0024284683,-0.48753405,-0.2033577
1746704818776,213636105,0.053007215,-0.36066586,-0.17372036
1746704818792,213652772,0.11349809,-0.3627785,-0.085157394
1746704818809,213669439,0.07377514,-0.3365334,0.11645126
1746704818826,213686106,0.25852448,-0.103881896,0.12596321
1746704818842,213702773,0.24471785,-0.057840012,0.17009449
1746704818859,213719440,0.12319587,-0.38937253,0.34389973
1746704818876,213736107,0.117489584,-0.6307992,0.50748634
1746704818892,213752774,0.087157756,-0.5373817,0.4794712
1746704818909,213769441,0.13216947,-0.4961516,0.41248226
1746704818926,213786108,0.20762789,-0.5892481,0.3663578
1746704818942,213802775,0.35070503,-0.8678836,0.23890018
1746704818959,213819442,0.43260866,-0.91647243,-0.106113434
1746704818976,213836109,0.46177396,-0.5673943,-0.872489
1746704818992,213852776,0.6735241,-0.32889864,-1.2749453
1746704819009,213869443,0.69692725,-0.7924637,-1.3109941
1746704819026,213886110,0.68982893,-1.7740033,-1.1416893
1746704819042,213902777,0.78831947,-2.226061,-0.8090887
1746704819059,213919444,0.4130269,-2.0754912,-0.8208599
1746704819076,213936111,0.20933487,-0.98955923,-1.843607
1746704819092,213952778,1.0323489,-0.9615866,-1.2496595
1746704819109,213969445,0.27638426,-2.629305,-0.5219135
1746704819126,213986112,0.10601018,-2.3041437,-0.16303921
1746704819142,214002779,-0.1076387,-1.7724946,-1.1865902
1746704819159,214019446,-0.18766136,-1.2088231,-2.5292287
1746704819176,214036113,-0.020683888,-0.38254958,-3.1978111
1746704819192,214052780,-0.11052995,-0.1250584,-3.103105
1746704819209,214069447,0.35835406,0.3619419,-3.3527436
1746704819226,214086114,0.35075587,0.78653806,-2.114181
1746704819242,214102781,0.1807737,0.18996723,-1.4559889
1746704819259,214119448,0.094097726,0.8703397,-1.7864761
1746704819276,214136115,0.30691582,0.9147602,-2.5399294
1746704819292,214152782,-0.16365463,0.8620386,-1.9359293
1746704819309,214169449,-0.004467353,1.2516669,-0.8227997
1746704819326,214186116,0.64020646,1.5323077,-0.31383228
1746704819342,214202783,-0.4102264,1.1938308,-1.4143591
1746704819359,214219450,-0.44479057,1.3921098,-1.9444437
1746704819376,214236117,-0.34872347,1.2897918,-1.1325426
1746704819392,214252784,-0.16517954,1.0638779,-0.7900753
1746704819409,214269451,-0.3536764,0.7899508,-1.2778778
1746704819426,214286118,-0.53492016,1.3394738,-0.32808876
1746704819442,214302785,-0.27196667,1.337379,-0.3047495
1746704819459,214319452,0.049353115,1.3711838,-0.7013817
1746704819476,214336119,-0.11247474,1.1874295,-0.4365673
1746704819492,214352786,-0.0565832,0.97695035,-0.11795616
1746704819509,214369453,-0.48581302,1.1400303,0.29957008
1746704819526,214386120,-0.8881303,0.85889125,1.1145687
1746704819542,214402787,-0.6089756,0.789397,0.8531656
1746704819559,214419454,-0.19194801,0.89822143,1.2218266
1746704819576,214436121,0.23997311,0.8176115,1.5504723
1746704819592,214452788,0.27476314,0.47624308,2.094327
1746704819609,214469455,0.2258757,0.52227694,2.2465096
1746704819626,214486122,0.42859927,0.21842647,3.0630512
1746704819642,214502789,0.40420753,0.1697847,2.454318
1746704819659,214519456,0.24165282,0.3033766,2.386279
1746704819676,214536123,0.7346746,0.50821036,2.462573
1746704819692,214552790,-0.022811063,0.82150936,1.83988
1746704819709,214569457,-0.02378759,0.9916344,1.4131956
1746704819726,214586124,0.13499032,1.2607262,1.2603054
1746704819742,214602791,0.25389463,1.1392703,1.2432508
1746704819759,214619458,0.18486309,0.8082642,1.532486
1746704819776,214636125,0.07321659,0.56760263,1.6317902
1746704819792,214652792,0.18233226,0.4566077,1.7717838
1746704819809,214669459,0.21536076,0.33694443,1.8103752
1746704819826,214686126,0.29974964,0.2071489,1.8293972
1746704819842,214702793,-0.040165726,0.35232034,1.479681
1746704819859,214719460,-0.0013544885,0.2574248,1.1344357
1746704819876,214736127,0.10998938,0.12781589,0.86609745
1746704819892,214752794,-0.04341806,0.23787053,0.74291515
1746704819909,214769461,0.11107711,0.4184795,0.52867603
1746704819926,214786128,0.11589817,0.31141457,0.5091467
1746704819942,214802795,0.1248616,0.5143335,0.6101227
1746704819959,214819462,0.17237979,0.6019699,0.76703167
1746704819976,214836129,0.2225248,0.5391204,0.92370033
1746704819992,214852796,0.16818032,0.6360906,0.97173595
1746704820009,214869463,0.13919035,0.6662398,1.1499901
1746704820026,214886130,0.11686308,0.7298336,1.1347075
1746704820042,214902797,0.12283702,0.65804404,1.0377169
1746704820059,214919464,0.16925932,0.58434534,0.8217573
1746704820076,214936131,0.15779501,0.42254576,0.6465788
1746704820092,214952798,0.10030881,0.4443263,0.57519054
1746704820109,214969465,0.13077486,0.40142468,0.50210667
1746704820126,214986132,0.07874462,0.30817074,0.3385601
1746704820142,215002799,0.11371009,0.1128698,0.17811108
1746704820159,215019466,0.14889751,0.100599155,0.1926384
1746704820176,215036133,0.18805163,0.006068377,0.22796059
1746704820192,215052800,0.17147087,0.04316974,0.19302654
1746704820209,215069467,0.1224632,0.10255914,0.28065586
1746704820226,215086134,0.12530404,0.11750724,0.32113647
1746704820242,215102801,0.14004382,0.14611578,0.3801012
1746704820259,215119468,0.13463683,0.086257674,0.3519373
1746704820276,215136135,0.13400574,0.14983861,0.36679173
1746704820292,215152802,0.117903195,0.26184654,0.41765308
1746704820309,215169469,0.05447726,0.29114103,0.4173813
1746704820326,215186136,0.054343376,0.2792723,0.45268822
1746704820342,215202803,0.08273399,0.3063493,0.44079208
1746704820359,215219470,0.08963786,0.24181129,0.35241985
1746704820376,215236137,0.11659688,0.20076358,0.24143219
1746704820392,215252804,0.10749956,0.14358763,0.29884434
1746704820409,215269471,0.12569195,0.10590893,0.30101871
1746704820426,215286138,0.116804406,0.1183975,0.30151176
1746704820442,215302805,0.115351796,0.10452852,0.26341438
1746704820459,215319472,0.14137518,0.20580961,0.29794598
1746704820476,215336139,0.10363167,0.26360536,0.4219761
1746704820492,215352806,0.1293513,0.2535142,0.5484257
1746704820509,215369473,0.06593498,0.36486635,0.66721535
1746704820526,215386140,0.067741185,0.4328905,0.785017
1746704820542,215402807,0.05599793,0.5713854,1.1825333
1746704820559,215419474,-0.031775385,0.70941067,1.3045931
1746704820576,215436141,-0.035086952,0.8313951,1.3908787
1746704820592,215452808,-0.12207026,1.0239906,1.4846392
1746704820609,215469475,-0.2821813,0.6071204,2.0953932
1746704820626,215486142,-0.7462235,-0.32897776,2.7515125
1746704820642,215502809,0.52828765,1.8508488,2.3750763
1746704820659,215519476,-0.21236625,1.7686417,2.4072762
1746704820676,215536143,-0.301521,1.012158,3.0414171
1746704820692,215552810,-0.2115539,1.0329915,3.105547
1746704820709,215569477,0.018067446,1.0085068,3.354804
1746704820726,215586144,-0.22521947,0.9810706,2.4525862
1746704820742,215602811,0.050389208,0.8781451,2.3842154
1746704820759,215619478,0.20919628,0.6942529,2.0984726
1746704820776,215636145,0.18992768,0.5082079,1.6393375
1746704820792,215652812,0.04143908,0.404695,1.2719841
1746704820809,215669479,-0.09206208,0.45062402,1.2612524
1746704820826,215686146,-0.22446735,0.4098834,1.342329
1746704820842,215702813,-0.088638976,0.29130286,1.1260796
1746704820859,215719480,-0.09049034,0.48957518,0.8627844
1746704820876,215736147,0.06397254,0.6102742,0.72046375
1746704820892,215752814,0.18008238,0.6348709,1.3430033
1746704820909,215769481,-0.0532086,0.69843686,1.2577076
1746704820926,215786148,-0.20084248,0.6376724,0.77235603
1746704820942,215802815,-0.14853509,0.6836025,0.50646114
1746704820959,215819482,-0.09071519,1.122118,0.43205643
1746704820976,215836149,0.1399076,1.1797986,0.29130936
1746704820992,215852816,0.17014164,1.1778858,-0.13596344
1746704821009,215869483,0.17829037,1.1315985,-0.4614191
1746704821026,215886150,-0.1655195,1.0022744,-0.7918854
1746704821042,215902817,-0.36160183,0.8729681,-0.99780655
1746704821059,215919484,-0.4342678,1.0831314,-0.8613453
1746704821076,215936151,-0.7230595,0.7220959,-0.71981907
1746704821092,215952818,-0.46910766,0.7501137,-0.7005596
1746704821109,215969485,-0.13189399,1.0292966,-0.82624817
1746704821126,215986152,0.23095348,1.0539691,-0.9662447
1746704821142,216002819,0.14520071,0.75602496,-1.4861927
1746704821159,216019486,0.08717396,0.84463054,-1.9174762
1746704821176,216036153,0.058039945,0.55297476,-1.9723315
1746704821192,216052820,-0.5070417,0.21521147,-2.2525454
1746704821209,216069487,-0.54914933,0.0043506795,-1.6713686
1746704821226,216086154,-0.6799048,0.02316086,-1.8318906
1746704821242,216102821,-0.4058213,0.15091528,-1.9384899
1746704821259,216119488,-0.19638184,0.005875038,-2.1448712
1746704821276,216136155,-0.03857811,0.105213694,-2.4774027
1746704821292,216152822,0.11297753,-0.1592998,-2.9749856
1746704821309,216169489,0.13375562,-0.3289125,-2.9844804
1746704821326,216186156,0.29087093,-0.5767706,-2.5295486
1746704821342,216202823,0.7808109,-0.9307665,-2.3427505
1746704821359,216219490,1.2599838,-0.86968625,-2.2794743
1746704821376,216236157,1.1850799,-0.5732405,-2.1259012
1746704821392,216252824,0.74586767,-0.5511547,-1.7726355
1746704821409,216269491,0.7823509,-0.94572866,-1.4681044
1746704821426,216286158,0.4633549,-1.5753648,-0.6192131
1746704821442,216302825,0.5468794,-1.6507636,-0.26262474
1746704821459,216319492,0.6788361,-1.0093317,-0.39800644
1746704821476,216336159,0.5792774,-0.84307814,-0.4052801
1746704821492,216352826,0.5326175,-1.0520098,0.11383152
1746704821509,216369493,0.5163042,-1.4373329,0.345685
1746704821526,216386160,0.50795954,-1.1361847,0.47255325
1746704821542,216402827,0.3823759,-0.9551028,0.38410664
1746704821559,216419494,0.2538602,-0.8405996,0.24771881
1746704821576,216436161,0.08440587,-0.929986,0.27147007
1746704821592,216452828,-0.10121762,-1.0784522,0.736886
1746704821609,216469495,0.058348056,-0.9922936,0.61237335
1746704821626,216486162,0.09368076,-0.91602916,0.3193407
1746704821642,216502829,0.10535574,-0.7831865,0.014227867
1746704821659,216519496,0.21841529,-0.56049895,-0.24781227
1746704821676,216536163,0.17519325,-0.40591004,-0.23495102
1746704821692,216552830,0.331021,-0.3186848,-0.4208765
1746704821709,216569497,0.305333,-0.45355138,-0.44919395
1746704821726,216586164,0.3479225,-0.50912493,-0.21123028
1746704821742,216602831,0.226234,-0.3613335,-0.30505562
1746704821759,216619498,0.22381157,-0.22188601,-0.49938202
1746704821776,216636165,0.377409,-0.31016737,-0.38044453
1746704821792,216652832,0.49543905,-0.32934186,-0.05553627
1746704821809,216669499,0.5085351,-0.23665082,0.12751007
1746704821826,216686166,0.544573,-0.34195784,0.012008667
1746704821842,216702833,0.5659207,-0.6036305,-0.094096184
1746704821859,216719500,0.66035205,-1.072773,-0.14681911
1746704821876,216736167,0.7281223,-1.1812427,-0.07618141
1746704821892,216752834,0.61282915,-1.1057181,-0.14498234
1746704821909,216769501,0.34434852,-1.2634331,-0.018612862
1746704821926,216786168,0.3676578,-1.5349414,0.12642956
1746704821942,216802835,0.59123176,-1.8627406,-0.16689682
1746704821959,216819502,0.7866941,-1.4914508,-0.5246458
1746704821976,216836169,0.7087613,-1.141137,-1.7132435
1746704821992,216852836,-0.009295792,-0.87672263,-2.3341508
1746704822009,216869503,0.22361062,-1.3010738,-2.0942864
1746704822026,216886170,1.0207187,-0.83606654,-2.0253239
1746704822042,216902837,1.1112225,0.039435398,-2.7603817
1746704822059,216919504,0.56678045,-0.15516974,-2.412878
1746704822076,216936171,-0.3098987,0.04271042,-2.8094387
1746704822092,216952838,-0.68228036,-0.5725311,-1.7489815
1746704822109,216969505,-0.6377978,0.00047451802,-0.45986366
1746704822126,216986172,0.07797294,0.4065057,-0.6701946
1746704822142,217002839,0.5187831,0.38213506,-1.3761673
1746704822159,217019506,0.5526472,1.0331095,-1.22223
1746704822176,217036173,0.04189549,0.85027164,-1.224083
1746704822192,217052840,0.15666191,0.798222,-0.30146408
1746704822209,217069507,-0.04691034,0.09642662,-0.086634636
1746704822226,217086174,-0.09361404,0.35124257,0.2596531
1746704822242,217102841,0.3215616,0.98998606,0.17145824
1746704822259,217119508,-0.26845348,0.15257464,-0.3023529
1746704822276,217136175,0.18246491,0.69947773,-0.30839157
1746704822292,217152842,0.36332422,0.8132958,-0.39885998
1746704822309,217169509,-0.25241786,0.7101691,-0.58972836
1746704822326,217186176,-0.4221088,0.65632457,-0.83201694
1746704822342,217202843,-0.52134454,0.52805585,-0.19824791
1746704822359,217219510,-0.45925465,0.9674507,-0.750021
1746704822376,217236177,0.025363132,0.94572455,-1.0525837
1746704822392,217252844,0.09573607,0.8966284,-1.1733332
1746704822409,217269511,-0.27657852,0.8869651,-0.80141926
1746704822426,217286178,-0.60692203,1.1137006,-0.8540945
1746704822442,217302845,-0.8098415,0.7802625,-0.6596203
1746704822459,217319512,-0.96394354,0.6056801,-0.097042084
1746704822476,217336179,-0.25581694,0.72019386,0.5553856
1746704822492,217352846,0.3647765,0.88999146,0.60485744
1746704822509,217369513,-0.08773677,0.7755316,1.1594744
1746704822526,217386180,-0.36177137,0.6706327,1.2831011
1746704822542,217402847,-0.34523922,0.5891328,1.4437447
1746704822559,217419514,0.071898304,0.49640015,1.4017773
1746704822576,217436181,0.24391198,0.51979434,1.0803328
1746704822592,217452848,0.0012869876,0.44993314,0.9997759
1746704822609,217469515,0.10385105,0.34605125,1.1100235
1746704822626,217486182,0.19100401,0.43740323,1.1610394
1746704822642,217502849,0.25500983,0.38217407,1.3411045
1746704822659,217519516,0.04433558,0.5171806,0.87668324
1746704822676,217536183,-0.099783,0.45568144,0.5899658
1746704822692,217552850,-0.3161042,0.4830906,0.19882202
1746704822709,217569517,-0.2762657,0.57469004,0.3330469
1746704822726,217586184,-0.33307117,0.5181797,0.22931385
1746704822742,217602851,-0.29676306,0.44949326,0.3600378
1746704822759,217619518,0.09984189,0.58199245,0.39109802
1746704822776,217636185,0.12095538,0.5881379,0.5848665
1746704822792,217652852,0.09051045,0.50068915,1.1327066
1746704822809,217669519,-0.09843153,0.27774546,1.6221962
1746704822826,217686186,0.07174744,0.1657248,2.3146524
1746704822842,217702853,-0.038810343,-0.116535634,2.686654
1746704822859,217719520,0.00027827363,0.12522246,2.3126764
1746704822876,217736187,-0.019897683,0.29719287,1.5382309
1746704822892,217752854,0.10823548,0.27286753,1.0861559
1746704822909,217769521,0.22573702,0.56237906,0.8337641
1746704822926,217786188,0.3135888,0.577339,0.71346664
1746704822942,217802855,0.24379988,0.6588615,0.7027378
1746704822959,217819522,0.18713622,0.72493565,0.76618004
1746704822976,217836189,0.23984247,0.729156,0.75639915
1746704822992,217852856,0.28367805,0.7103644,0.9185648
1746704823009,217869523,0.27136785,0.7334079,1.1118011
1746704823026,217886190,0.2423313,0.91375494,1.2266483
1746704823042,217902857,0.07966326,0.8119498,1.1908531
1746704823059,217919524,-0.0427682,0.6208113,1.0124874
1746704823076,217936191,-0.07695685,0.48599753,0.8346205
1746704823092,217952858,-0.08301361,0.28843677,0.7614527
1746704823109,217969525,0.07426106,0.1552074,0.5091438
1746704823126,217986192,-0.17083319,0.31945634,0.62848663
1746704823142,218002859,0.04864804,0.23358256,0.4782591
1746704823159,218019526,0.08265096,0.16289233,0.36250305
1746704823176,218036193,0.12493815,0.03686086,0.21462631
1746704823193,218052860,0.16143502,-0.0396265,0.09233475
1746704823209,218069527,0.17657289,-0.044393696,0.11528778
1746704823226,218086194,0.17424724,0.010872229,0.15208817
1746704823243,218102861,0.20173754,0.043081228,0.23514938
1746704823259,218119528,0.17830366,0.121620774,0.3281002
1746704823276,218136195,0.18823099,0.21486501,0.41788864
1746704823293,218152862,0.105186425,0.21116632,0.46350098
1746704823309,218169529,0.023499817,0.25120118,0.50890255
1746704823326,218186196,0.03942031,0.27699146,0.48906422
1746704823343,218202863,0.04308704,0.26228508,0.47095776
1746704823359,218219530,0.050566453,0.2822783,0.33552837
1746704823376,218236197,0.11440935,0.20318334,0.2917261
1746704823393,218252864,0.127047,0.09861448,0.2171917
1746704823409,218269531,0.110880084,-0.018194178,0.16813755
1746704823426,218286198,0.14430533,-0.052142892,0.23422432
1746704823443,218302865,0.15479602,0.018068898,0.28518772
1746704823459,218319532,0.10125517,0.039081912,0.33605862
1746704823476,218336199,0.05522547,0.11606827,0.4213705
1746704823493,218352866,0.05028427,0.20618735,0.37961102
1746704823509,218369533,0.028894525,0.29392603,0.4848404
1746704823526,218386200,0.085609935,0.35115337,0.59708595
1746704823543,218402867,0.072597004,0.4096284,0.6364956
1746704823559,218419534,0.12245627,0.48774505,0.78185654
1746704823576,218436201,-0.01807538,0.7255738,1.0414066
1746704823593,218452868,-0.116644815,0.9778621,1.6395473
1746704823609,218469535,-0.24245478,1.1306676,1.953186
1746704823626,218486202,-0.37175938,1.1722729,2.0755167
1746704823643,218502869,-0.60435855,1.1921158,2.4287968
1746704823659,218519536,-0.6290312,0.86873496,3.0202427
1746704823676,218536203,-1.2214355,-2.446566,5.1464615
1746704823693,218552870,-0.59397066,5.1440406,0.19826698
1746704823709,218569537,-0.52945906,0.8230362,3.7772741
1746704823726,218586204,-0.65841997,0.99809015,3.1083183
1746704823743,218602871,-0.2820738,0.7482277,3.1727161
1746704823759,218619538,0.14618485,0.7409285,2.4846067
1746704823776,218636205,0.42965,0.6383273,2.3036098
1746704823793,218652872,0.4575603,0.3293336,2.0667906
1746704823809,218669539,0.073092535,-0.006760373,1.5731945
1746704823826,218686206,-0.17362888,-0.025143644,1.213479
1746704823843,218702873,-0.04862077,0.10592234,1.3995438
1746704823859,218719540,0.0059570675,0.14709723,1.5540695
1746704823876,218736207,-0.20026292,0.27632347,1.2200985
1746704823893,218752874,-0.20831765,0.3637689,1.0888777
1746704823909,218769541,-0.072625615,0.5266667,1.7645187
1746704823926,218786208,-0.1205345,0.5386425,1.5355072
1746704823943,218802875,-0.12021745,0.60410386,0.737442
1746704823959,218819542,-0.098719746,0.6051636,0.22912788
1746704823976,218836209,0.014510349,0.756533,-0.029239655
1746704823993,218852876,0.12572257,0.93719476,0.013641357
1746704824009,218869543,0.042716008,1.0735382,0.020874977
1746704824026,218886210,-0.025396213,0.9190616,-0.45842743
1746704824043,218902877,-0.0853587,0.8349408,-1.0754404
1746704824059,218919544,-0.20944393,0.8492957,-1.3235073
1746704824076,218936211,-0.5522633,0.44696254,-1.6459808
1746704824093,218952878,-0.7452458,0.5301354,-1.5483665
1746704824109,218969545,-0.5495241,0.8822131,-1.3687544
1746704824126,218986212,-0.22929099,0.88780105,-1.3668242
1746704824143,219002879,-0.1914108,1.0966084,-1.6775074
1746704824159,219019546,0.005575307,0.81483805,-1.7669535
1746704824176,219036213,-0.16261305,0.8168886,-2.5459752
1746704824193,219052880,-0.11756603,0.54041654,-2.4924116
1746704824209,219069547,0.15388331,0.42578503,-2.3491292
1746704824226,219086214,0.306295,0.3665066,-2.08954
1746704824243,219102881,0.20099503,0.36883214,-2.1614022
1746704824259,219119548,0.0760837,0.27850786,-1.9055095
1746704824276,219136215,-0.22431335,-0.1844459,-2.1292877
1746704824293,219152882,-0.21313591,-0.081871346,-2.5544949
1746704824309,219169549,-0.29055667,-0.14034925,-2.7828965
1746704824326,219186216,-0.06819112,-0.31283766,-3.1594071
1746704824343,219202883,0.55369794,-0.4237402,-2.5380454
1746704824359,219219550,1.2277279,-0.42911783,-1.5584307
1746704824376,219236217,1.1511233,-0.8066889,-1.2543468
1746704824393,219252884,0.6881663,-1.0404416,-0.6275759
1746704824409,219269551,0.64010644,-0.7779576,-0.1991415
1746704824426,219286218,0.69448805,-0.61019415,-0.11293602
1746704824443,219302885,0.59161085,-0.60859066,-0.010505676
1746704824459,219319552,0.40981436,-0.58333105,0.3279543
1746704824476,219336219,0.18835862,-0.7454756,0.26525307
1746704824493,219352886,0.22964726,-0.68866533,0.24954033
1746704824509,219369553,0.4735893,-0.46745476,-0.15769386
1746704824526,219386220,0.47184232,-0.7544872,-0.72621346
1746704824543,219402887,0.51670873,-0.7183545,-1.1036253
1746704824559,219419554,0.4953019,-0.72628635,-1.2766161
1746704824576,219436221,0.5212674,-0.7421926,-1.359045
1746704824593,219452888,0.606837,-0.74512583,-1.230833
1746704824609,219469555,0.5271228,-0.745209,-0.7447033
1746704824626,219486222,0.34620157,-0.926123,-0.29358673
1746704824643,219502889,0.38817853,-1.0172099,0.2404995
1746704824659,219519556,0.4110553,-1.0990914,0.6383476
1746704824676,219536223,0.32609892,-1.2288177,0.7759552
1746704824693,219552890,0.2961131,-1.1140878,1.2318382
1746704824709,219569557,0.2614753,-0.90914273,1.3661604
1746704824726,219586224,0.14291285,-0.39537117,1.4016857
1746704824743,219602891,-0.103440344,0.12229511,1.1952848
1746704824759,219619558,-0.22351418,0.36622754,-0.09158802
1746704824776,219636225,-0.042998977,-0.09526502,-0.6891937
1746704824793,219652892,0.019794755,-0.61398095,-0.68978786
1746704824809,219669559,0.17372768,-0.31078023,-0.7731581
1746704824826,219686226,0.23227914,-0.22522841,-0.75788593
1746704824843,219702893,0.24278681,-0.4149992,-0.46418667
1746704824859,219719560,0.20906764,-0.28512743,-0.19328022
1746704824876,219736227,0.12330126,-0.17640202,-0.14582348
1746704824893,219752894,0.20254822,-0.29770204,-0.116467476
1746704824909,219769561,0.39778724,-0.54993796,-0.24607277
1746704824926,219786228,0.5656896,-0.9659836,-0.21670532
1746704824943,219802895,0.7914115,-1.2909621,0.09529686
1746704824959,219819562,0.9155187,-1.5599439,0.28928947
1746704824976,219836229,1.0606025,-1.3649547,0.5630684
1746704824993,219852896,1.3217374,-1.1901644,0.5570288
1746704825009,219869563,1.4094576,-1.041599,0.43587875
1746704825026,219886230,1.2471564,-1.0416712,-0.12643337
1746704825043,219902897,1.1835681,-0.76331306,-0.90881634
1746704825059,219919564,0.8629423,-0.4703267,-1.5711441
1746704825076,219936231,0.8462888,-0.5668153,-1.7925291
1746704825093,219952898,0.225619,0.07873501,-1.9656444
1746704825109,219969565,-0.21527013,-0.27302712,-0.99051285
1746704825126,219986232,0.13217685,-0.39340872,-1.2351961
1746704825143,220002899,-0.21758372,-0.6774644,-1.1811209
1746704825159,220019566,-0.8051138,0.0018412997,-1.8721514
1746704825176,220036233,-0.6782068,0.6017221,-2.7060995
1746704825193,220052900,0.01844887,0.74352235,-2.497919
1746704825209,220069567,-0.16110143,0.31151402,-3.4758534
1746704825226,220086234,0.011660447,0.5727979,-2.2050052
1746704825243,220102901,0.2435205,1.5913905,-1.7316914
1746704825259,220119568,0.26339626,0.9921596,-1.0101509
1746704825276,220136235,0.11257107,0.39190036,-1.5226145
1746704825293,220152902,0.24841666,0.91233027,-1.82586
1746704825309,220169569,0.20988873,1.2526916,-1.3330774
1746704825326,220186236,-0.065300874,0.7623736,-0.71843624
1746704825343,220202903,-0.04528987,1.0081452,-0.14992714
1746704825359,220219570,0.14903542,0.9830275,-0.9093008
1746704825376,220236237,-0.44228196,0.32649654,-0.77603626
1746704825393,220252904,-1.0014507,0.14831895,-1.0052252
1746704825409,220269571,-0.8405322,0.054021068,0.5083771
1746704825426,220286238,-0.3100289,0.28693095,0.46288204
1746704825443,220302905,0.10136759,0.49737668,0.36093616
1746704825459,220319572,0.516137,0.23955493,0.4614067
1746704825476,220336239,0.28932524,0.15490744,0.40851402
1746704825493,220352906,-0.17945766,-0.038303863,0.90078545
1746704825509,220369573,-0.682322,-0.13657267,0.8516207
1746704825526,220386240,-0.6492641,-0.19348176,0.8041954
1746704825543,220402907,-0.33459866,-0.16315037,0.5804472
1746704825559,220419574,-0.15429367,0.2128885,0.44588757
1746704825576,220436241,-0.19154881,0.51612025,0.16099358
1746704825593,220452908,-0.6093418,0.46193692,-0.08791256
1746704825609,220469575,-0.6136831,0.6178911,-0.7415323
1746704825626,220486242,-0.1887055,0.77581537,-0.33632946
1746704825643,220502909,-0.4727012,0.70468116,-0.038043976
1746704825659,220519576,-0.51181215,0.68264747,0.37135983
1746704825676,220536243,-0.3014365,0.45029187,0.27472973
1746704825693,220552910,-0.40099645,0.36421704,0.5598345
1746704825709,220569577,-0.19249964,0.108014874,1.1305695
1746704825726,220586244,0.23534372,0.21667503,1.5524702
1746704825743,220602911,0.24486436,0.22623914,1.8460264
1746704825759,220619578,0.34175923,0.33911005,1.610301
1746704825776,220636245,0.5793286,0.77231324,1.0744371
1746704825793,220652912,0.34006938,0.85847026,0.6701317
1746704825809,220669579,-0.21138895,0.97347915,0.67584705
1746704825826,220686246,-0.00999997,0.93217933,0.827878
1746704825843,220702913,0.1447147,0.9242122,0.9420099
1746704825859,220719580,0.26578572,0.5801688,1.4397802
1746704825876,220736247,0.19637702,0.33632463,2.0136566
1746704825893,220752914,0.13263817,0.2294745,2.18966
1746704825909,220769581,0.026582172,0.28812316,1.9267635
1746704825926,220786248,-0.18626094,0.21251433,1.5701265
1746704825943,220802915,-0.47988233,0.3141819,1.1556997
1746704825959,220819582,0.08551159,0.405191,0.8878994
1746704825976,220836249,-0.1493338,0.41199428,0.68350697
1746704825993,220852916,-0.011773992,0.41751057,0.47845268
1746704826009,220869583,0.00034286888,0.45025334,0.2527008
1746704826026,220886250,0.058054026,0.2006811,0.28110886
1746704826043,220902917,0.10667301,0.094163105,0.36316872
1746704826059,220919584,0.2500512,0.26378173,0.5754242
1746704826076,220936251,0.37016773,0.3135252,0.72636604
1746704826093,220952918,0.21947753,0.28359962,0.7942867
1746704826109,220969585,0.11484777,0.33750725,0.9640827
1746704826126,220986252,0.18067256,0.42260745,1.114543
1746704826143,221002919,0.104083724,0.64557827,1.0402327
1746704826159,221019586,0.11794153,0.6373604,0.9710531
1746704826176,221036253,0.10649186,0.5823868,0.84528923
1746704826193,221052920,0.020968644,0.5221009,0.69076824
1746704826209,221069587,0.04734686,0.39481765,0.618454
1746704826226,221086254,0.06279999,0.32308128,0.6449499
1746704826243,221102921,0.049987666,0.30107978,0.6201029
1746704826259,221119588,0.06637932,0.3055801,0.56164455
1746704826276,221136255,0.12101483,0.26260123,0.4796419
1746704826293,221152922,0.089340925,0.092435345,0.36236286
1746704826309,221169589,0.10243208,-0.008046914,0.3669052
1746704826326,221186256,0.09842013,0.068093896,0.33084297
1746704826343,221202923,0.13593331,0.028473986,0.29640102
1746704826359,221219590,0.12787902,0.10487887,0.3263693
1746704826376,221236257,0.16306254,0.14588423,0.3228674
1746704826393,221252924,0.193351,0.1853717,0.3731146
1746704826409,221269591,0.10351444,0.17900974,0.37287712
1746704826426,221286258,0.054163896,0.17457278,0.3972559
1746704826443,221302925,0.062029205,0.23452634,0.4099121
1746704826459,221319592,0.058313075,0.22066472,0.43111515
1746704826476,221336259,0.08959696,0.20278615,0.43686962
1746704826493,221352926,0.094755635,0.154984,0.39338112
1746704826509,221369593,0.05679833,0.1337126,0.3432188
1746704826526,221386260,0.07671054,0.10413122,0.36546803
1746704826543,221402927,0.13236527,0.047623012,0.27915382
1746704826559,221419594,0.114219256,-0.005206399,0.25955105
1746704826576,221436261,0.101985835,0.08775309,0.25634098
1746704826593,221452928,0.16663997,0.07558437,0.24169827
1746704826609,221469595,0.13261873,0.056968424,0.29739952
1746704826626,221486262,0.11433068,0.108224414,0.3761301
1746704826643,221502929,0.062692255,0.13688838,0.48578453
1746704826659,221519596,-0.0057512117,0.26144445,0.5575714
1746704826676,221536263,-0.050579865,0.3223104,0.7044115
1746704826693,221552930,-0.06932042,0.33327872,0.7253313
1746704826709,221569597,-0.14532164,0.3999152,0.7139435
1746704826726,221586264,-0.24531184,0.52522737,0.9506321
1746704826743,221602931,-0.33291283,0.735344,1.3701162
1746704826759,221619598,-0.32242268,0.8738601,1.5569963
1746704826776,221636265,-0.38065654,0.82368636,1.4915113
1746704826793,221652932,-0.46561337,0.83356607,1.5618763
1746704826809,221669599,-0.37591022,0.66958356,2.1847286
1746704826826,221686266,-0.22608268,-1.2072212,3.5026789
1746704826843,221702933,-0.8972399,1.4723977,1.2561893
1746704826859,221719600,-0.32049692,1.9629556,2.5719461
1746704826876,221736267,-0.30051363,0.66939116,3.7881985
1746704826893,221752934,-0.25018287,0.57737064,3.2315674
1746704826909,221769601,-0.27673775,1.1582574,2.845685
1746704826926,221786268,0.24904048,1.208735,2.9480572
1746704826943,221802935,0.1943701,0.9743538,2.5581846
1746704826959,221819602,-0.08337704,0.70545626,2.4505177
1746704826976,221836269,-0.29378363,0.29823357,1.8023977
1746704826993,221852936,-0.2758503,0.22785023,1.4135418
1746704827009,221869603,-0.1997143,0.25255713,1.4725523
1746704827026,221886270,-0.08719039,0.32401377,1.5087347
1746704827043,221902937,-0.01301393,0.5255795,1.2624693
1746704827059,221919604,-0.08538932,0.6719881,1.0674143
1746704827076,221936271,-0.14576487,0.6703788,1.271841
1746704827093,221952938,-0.22409901,0.68791586,0.9648247
1746704827109,221969605,-0.32189453,0.7521305,0.4430189
1746704827126,221986272,-0.17670164,0.7020312,-0.13277245
1746704827143,222002939,-0.32701588,0.93568254,-0.49456882
1746704827159,222019606,-0.3565759,0.89911157,-0.48870087
1746704827176,222036273,-0.42367193,0.75531423,-0.6258545
1746704827193,222052940,-0.55211544,0.7693858,-1.0056524
1746704827209,222069607,-0.5118456,0.6004672,-1.4142828
1746704827226,222086274,-0.5847069,0.7104598,-1.7277012
1746704827243,222102941,-0.4587894,0.5831197,-1.870532
1746704827259,222119608,-0.56055886,0.4702859,-2.0983186
1746704827276,222136275,-0.47244784,0.3414954,-2.0727625
1746704827293,222152942,-0.1792337,0.57956654,-1.8077297
1746704827309,222169609,0.020667572,0.611587,-1.5270033
1746704827326,222186276,0.31693488,0.4463156,-1.1589203
1746704827343,222202943,0.55494946,0.6553097,-0.7070246
1746704827359,222219610,0.033896856,0.4229737,-1.0815496
1746704827376,222236277,0.015175748,0.43832836,-1.136734
1746704827393,222252944,-0.008095415,0.31519127,-1.092246
1746704827409,222269611,-0.18293294,0.39900059,-1.1811914
1746704827426,222286278,-0.46720856,-0.07817165,-1.2630501
1746704827443,222302945,-0.37983212,-0.16291055,-1.1360483
1746704827459,222319612,-0.16263942,0.0056533134,-1.2413492
1746704827476,222336279,0.055166125,-0.23526639,-1.5235739
1746704827493,222352946,0.082388215,-0.23373967,-2.3345695
1746704827509,222369613,0.3414565,-0.3698412,-2.540156
1746704827526,222386280,0.49708188,-0.5199005,-2.4668183
1746704827543,222402947,0.24908295,-0.80520296,-2.115028
1746704827559,222419614,0.288518,-0.89056826,-1.6495667
1746704827576,222436281,0.58607244,-0.76249,-1.4076109
1746704827593,222452948,0.9772079,-0.55482596,-1.0001287
1746704827609,222469615,0.9041823,-0.37796667,-0.77876186
1746704827626,222486282,0.85132265,-0.4588179,-0.7434225
1746704827643,222502949,0.68781394,-0.9556491,-0.7888727
1746704827659,222519616,0.5441902,-1.3845845,-0.31627464
1746704827676,222536283,0.65908974,-1.3116093,-0.510376
1746704827693,222552950,0.51799864,-0.4889053,-0.74076843
1746704827709,222569617,0.50774455,-0.08840362,-0.48999023
1746704827726,222586284,0.67247003,-0.42805725,-0.13058376
1746704827743,222602951,0.82641065,-0.76665413,0.28606606
1746704827759,222619618,0.8515078,-1.2759994,0.18714714
1746704827776,222636285,0.89564604,-1.3010428,-0.006635666
1746704827793,222652952,1.0223327,-1.1014618,0.06987858
1746704827809,222669619,0.657901,-1.0667024,0.67485905
1746704827826,222686286,0.37424496,-0.8556438,0.2743883
1746704827843,222702953,0.33332264,-0.5252959,-0.10058975
1746704827859,222719620,0.29360116,-0.26725712,-0.34547234
1746704827876,222736287,0.37178844,-0.27429757,-0.09989643
1746704827893,222752954,0.3309371,-0.5224738,-0.17283249
1746704827909,222769621,0.32288492,-0.45800352,-0.06706619
1746704827926,222786288,0.1194508,-0.40278867,-0.22957706
1746704827943,222802955,0.17040661,-0.32124287,-0.05551243
1746704827959,222819622,0.20479956,-0.34313798,-0.016476631
1746704827976,222836289,0.1787956,-0.32856962,0.11142063
1746704827993,222852956,0.15269443,-0.38656208,0.34804916
1746704828009,222869623,0.120784946,-0.41881454,0.37346458
1746704828026,222886290,0.12539032,-0.52293026,0.13695717
1746704828043,222902957,0.32101622,-0.49054188,-0.19579697
1746704828059,222919624,0.40739226,-0.4609731,-0.45039558
1746704828076,222936291,0.5886809,-0.35112298,-0.21519184
1746704828093,222952958,0.63477445,-0.35642338,0.055820465
1746704828109,222969625,0.6348549,-0.45788506,-0.20305634
1746704828126,222986292,0.6106828,-0.52854824,-0.46500778
1746704828143,223002959,0.61323225,-0.888522,-0.5474615
1746704828159,223019626,0.7209627,-1.1212059,-1.0846758
1746704828176,223036293,0.7072637,-0.8303081,-1.316639
1746704828193,223052960,0.9844689,-0.53437257,-1.0732489
1746704828209,223069627,1.4186852,-0.7933044,-0.8174019
1746704828226,223086294,1.2571864,-0.78421646,-1.3294964
1746704828243,223102961,0.9409589,-0.28213516,-1.6572723
1746704828259,223119628,0.72132516,-0.52777445,-1.5972137
1746704828276,223136295,0.4409734,-0.931156,-1.7800045
1746704828293,223152962,0.07290233,-0.17967916,-1.5885801
1746704828309,223169629,0.04422025,-0.546672,-1.3311567
1746704828326,223186296,0.5721374,-0.47152272,-0.5182924
1746704828343,223202963,0.5647782,0.22625971,-0.850132
1746704828359,223219630,0.39314285,0.34157473,-1.6839056
1746704828376,223236297,0.045564234,0.40370786,-3.2478242
1746704828393,223252964,0.23891339,0.8161941,-2.6600146
1746704828409,223269631,-0.11042311,0.81345844,-1.5941925
1746704828426,223286298,-0.25543976,0.4086969,-1.8788414
1746704828443,223302965,-0.18251051,-0.06680914,-0.82863045
1746704828459,223319632,-0.23791255,0.029190568,-0.9509058
1746704828476,223336299,-0.32850292,0.85338485,-0.6204996
1746704828493,223352966,0.6289063,1.0929694,0.34521675
1746704828509,223369633,0.29083842,0.844996,-0.2681179
1746704828526,223386300,-0.13711782,0.20621015,-0.29515266
1746704828543,223402967,-0.36624765,-0.1026139,-0.048228264
1746704828559,223419634,-0.5706794,-0.26400188,0.18014145
1746704828576,223436301,-0.7192601,-0.069114454,0.8156605
1746704828593,223452968,-0.31838816,0.11761811,1.2163935
1746704828609,223469635,-0.5892055,-0.103129774,0.78834534
1746704828626,223486302,-0.70002156,-0.22068506,-0.031002998
1746704828643,223502969,-0.3746399,0.06899666,-0.077282906
1746704828659,223519636,-0.010609937,0.3647051,0.22505093
1746704828676,223536303,0.53447825,0.79908127,0.030552864
1746704828693,223552970,0.16898899,0.83141845,-0.20678806
1746704828709,223569637,-0.13099726,0.7459188,0.18044186
1746704828726,223586304,-0.37893403,0.73807174,-0.013187408
1746704828743,223602971,-0.5811436,0.5763868,-0.018053055
1746704828759,223619638,-0.4968076,0.6819994,-0.3169136
1746704828776,223636305,-0.31810823,0.7589341,-0.49136543
1746704828793,223652972,-0.3241786,1.0928142,-0.103432655
1746704828809,223669639,-0.20923238,1.0908645,0.07421303
1746704828826,223686306,-0.27375442,1.1691852,0.04115486
1746704828843,223702973,-0.40276262,1.0757394,-0.5852556
1746704828859,223719640,-0.5987684,0.8827879,-0.34566784
1746704828876,223736307,-0.71551305,0.56695807,-0.19828606
1746704828893,223752974,-0.7096665,0.24310833,0.1223917
1746704828909,223769641,-0.47171003,0.20461226,0.8925791
1746704828926,223786308,-0.07783056,0.10636512,1.5890656
1746704828943,223802975,-0.0035110533,0.04356223,1.639473
1746704828959,223819642,0.02425205,0.0065531763,1.4989729
1746704828976,223836309,-0.011093171,0.2898467,0.79389286
1746704828993,223852976,-0.07333047,0.54650515,0.44609165
1746704829009,223869643,-0.18870026,0.5808594,0.30433464
1746704829026,223886310,-0.12783131,0.5482861,0.4374876
1746704829043,223902977,0.124197096,0.5818382,0.7285862
1746704829059,223919644,0.13156117,0.47377738,1.0042772
1746704829076,223936311,0.21796905,0.29429972,1.4452257
1746704829093,223952978,0.1707468,0.17678668,1.703021
1746704829109,223969645,0.21027204,0.19556825,1.914566
1746704829126,223986312,0.21786277,-0.0012695536,2.0547085
1746704829143,224002979,-0.04230966,0.17691118,1.8412409
1746704829159,224019646,-0.09264646,0.33622485,1.3073492
1746704829176,224036313,0.030393291,0.5985758,1.067071
1746704829193,224052980,0.02169819,0.58943653,0.54855347
1746704829209,224069647,0.0876895,0.37284285,0.44225693
1746704829226,224086314,0.2803086,0.35753545,0.18188572
1746704829243,224102981,0.3737089,0.31881285,0.18771362
1746704829259,224119648,0.583025,0.27703324,0.2775526
1746704829276,224136315,0.5768379,0.111922994,0.62612915
1746704829293,224152982,0.45735848,0.33241606,0.9721527
1746704829309,224169649,0.20782006,0.6141737,1.2168884
1746704829326,224186316,0.06819621,0.6764753,1.3376999
1746704829343,224202983,-0.087862834,0.5533462,1.2276087
1746704829359,224219650,-0.22698702,0.73890096,1.1079617
1746704829376,224236317,-0.32141274,0.6449252,0.99306774
1746704829393,224252984,-0.41283995,0.52590644,0.8467541
1746704829409,224269651,-0.4179519,0.4910395,0.8188753
1746704829426,224286318,-0.40875947,0.47499263,0.8747101
1746704829443,224302985,-0.32777974,0.43782845,0.834115
1746704829459,224319652,-0.22050716,0.40910873,0.74194527
1746704829476,224336319,-0.11257766,0.35747367,0.68625355
1746704829493,224352986,-0.0016728827,0.2664347,0.4582367
1746704829509,224369653,0.14471671,0.21215637,0.35178757
1746704829526,224386320,0.18315837,0.11865688,0.27457905
1746704829543,224402987,0.2513001,0.020612476,0.24356842
1746704829559,224419654,0.15907003,0.15061834,0.3065033
1746704829576,224436321,0.25564438,0.009869214,0.15102673
1746704829593,224452988,0.28275216,-0.018549563,0.11387348
1746704829609,224469655,0.2223118,-0.012363284,0.15966797
1746704829626,224486322,0.15431368,0.016507326,0.29410458
1746704829643,224502989,0.12556958,0.13154162,0.3265171
1746704829659,224519656,0.05259718,0.2086423,0.36282063
1746704829676,224536323,0.03619513,0.2141833,0.36013985
1746704829693,224552990,0.070789345,0.20365886,0.39251232
1746704829709,224569657,0.044109277,0.22755675,0.39592266
1746704829726,224586324,0.06199467,0.18137316,0.3187027
1746704829743,224602991,0.048019636,0.19777074,0.33447266
1746704829759,224619658,0.051189944,0.13471428,0.32142162
1746704829776,224636325,0.06978946,0.13950975,0.31935024
1746704829793,224652992,0.103836186,0.0825829,0.27104187
1746704829809,224669659,0.06326366,0.09725484,0.2689209
1746704829826,224686326,0.08947145,0.1126835,0.3040018
1746704829843,224702993,0.1105903,0.07099755,0.3044443
1746704829859,224719660,0.08093572,0.09656318,0.2937975
1746704829876,224736327,0.056402266,0.10863143,0.37381363
1746704829893,224752994,0.019530898,0.1731128,0.534173
1746704829909,224769661,-0.075541236,0.25607365,0.70191
1746704829926,224786328,-0.11956267,0.32487363,0.87084866
1746704829943,224802995,-0.10909902,0.53895646,0.9398794
1746704829959,224819662,-0.17604451,0.6120844,0.9628191
1746704829976,224836329,-0.14909041,0.66293406,0.9102278
1746704829993,224852996,-0.24123563,0.67341125,1.2140226
1746704830009,224869663,-0.40581056,0.8179619,1.5598488
1746704830026,224886330,-0.46690056,0.8448574,1.6711025
1746704830043,224902997,-0.5238867,0.828032,2.2541695
1746704830059,224919664,-0.39791384,0.55910736,3.1684494
1746704830076,224936331,0.68179876,-2.5308058,6.142358
1746704830093,224952998,-1.6037654,2.4809523,1.8977795
1746704830109,224969665,-0.27433008,0.378371,5.5479174
1746704830126,224986332,-0.8485055,0.85114896,4.6534233
1746704830143,225002999,-0.6963384,1.2456214,3.255437
1746704830159,225019666,-0.44672865,1.6757785,2.2980452
1746704830176,225036333,-0.75590026,1.0089227,1.8255758
1746704830193,225053000,-0.9341573,0.638096,1.4368544
1746704830209,225069667,-0.6139419,0.5589829,0.9800396
1746704830226,225086334,-0.42320526,0.42485365,1.1591024
1746704830243,225103001,-0.13740705,0.34840998,1.1847324
1746704830259,225119668,-0.026488297,0.43600002,1.0679445
1746704830276,225136335,0.026528083,0.43364108,1.399663
1746704830293,225153002,-0.14510015,0.53176033,1.1457615
1746704830309,225169669,-0.048992027,0.6530255,0.83914566
1746704830326,225186336,0.0014761913,0.82149315,0.47607994
1746704830343,225203003,-0.06641766,0.89916426,0.011567116
1746704830359,225219670,-0.10240129,1.1475827,-0.49421787
1746704830376,225236337,-0.17316253,1.077923,-0.5887127
1746704830393,225253004,-0.33336097,1.0320822,-1.0411873
1746704830409,225269671,-0.32597727,1.0631084,-1.2994165
1746704830426,225286338,-0.34352025,1.0139405,-1.436677
1746704830443,225303005,-0.21793558,1.1995517,-1.6400747
1746704830459,225319672,-0.13185957,1.2162577,-1.9493732
1746704830476,225336339,-0.2519775,1.318685,-2.3459353
1746704830493,225353006,-0.5047465,1.1462282,-2.0094018
1746704830509,225369673,-0.5378874,0.65370834,-2.1060433
1746704830526,225386340,-0.14022376,0.5767024,-1.9245286
1746704830543,225403007,-0.42176527,0.47959533,-1.4937439
1746704830559,225419674,-0.5366707,0.21571827,-1.9374905
1746704830576,225436341,0.0055760895,0.32634065,-1.4530554
1746704830593,225453008,-0.22073245,0.1479743,-2.0102468
1746704830609,225469675,-0.45552018,-0.0064094574,-1.4449368
1746704830626,225486342,-0.37872806,-0.385756,-1.2188663
1746704830643,225503009,-0.42707938,-0.3580747,-1.698349
1746704830659,225519676,-0.04223691,-0.031024491,-1.7820892
1746704830676,225536343,0.2363474,0.22066405,-1.5196991
1746704830693,225553010,0.4092044,-0.1011975,-1.227623
1746704830709,225569677,0.60040396,-0.28600708,-1.3864918
1746704830726,225586344,0.6383927,-0.7726806,-1.6598177
1746704830743,225603011,0.68323505,-1.0688586,-1.9557924
1746704830759,225619678,0.69310784,-1.3145316,-2.255426
1746704830776,225636345,0.7876963,-1.280572,-1.9766669
1746704830793,225653012,1.0261818,-0.90004367,-1.8071547
1746704830809,225669679,1.0087621,-1.1707957,-1.3850937
1746704830826,225686346,0.9238855,-1.3332702,-1.3289242
1746704830843,225703013,1.0456779,-0.54911244,-1.0178537
1746704830859,225719680,0.8755814,-0.37195808,-0.78479004
1746704830876,225736347,0.8996899,-0.45864546,-0.19633007
1746704830893,225753014,0.8757934,-0.28960773,0.6303234
1746704830909,225769681,0.78220046,-0.4090982,0.88756657
1746704830926,225786348,0.78294814,-0.5768411,0.7499809
1746704830943,225803015,0.7168179,-0.3682423,0.12892628
1746704830959,225819682,0.47569537,-0.22156057,0.04934597
1746704830976,225836349,0.13797298,-0.42882937,-0.088998795
1746704830993,225853016,0.20816544,-0.6547099,-0.25920963
1746704831009,225869683,0.42319262,-0.4905507,-0.16017532
1746704831026,225886350,0.4680474,-0.6015801,-0.3790226
1746704831043,225903017,0.5720972,-0.6313626,-0.37172508
1746704831059,225919684,0.5384447,-0.79354453,-0.08920002
1746704831076,225936351,0.462589,-0.6454513,0.46878433
1746704831093,225953018,0.37693682,-0.37997404,0.3002529
1746704831109,225969685,0.21157044,-0.3294393,0.058265686
1746704831126,225986352,0.16696116,-0.2666029,0.10488415
1746704831143,226003019,0.20598082,-0.28189388,-0.05185604
1746704831159,226019686,0.26485536,-0.21621615,-0.26377392
1746704831176,226036353,0.30050188,-0.15517454,-0.059864044
1746704831193,226053020,0.1521323,-0.04685882,-0.10709095
1746704831209,226069687,0.10809075,0.11089014,-0.28695107
1746704831226,226086354,0.1488546,-0.20376134,-0.12948895
1746704831243,226103021,0.35174984,-0.34013084,-0.11648178
1746704831259,226119688,0.4382507,-0.25613445,-0.20411015
1746704831276,226136355,0.4099661,-0.23130976,-0.24452686
1746704831293,226153022,0.4315481,-0.35648036,-0.20789719
1746704831309,226169689,0.49515384,-0.58027214,-0.27523613
1746704831326,226186356,0.5438556,-0.49778816,-0.061327934
1746704831343,226203023,0.62314296,-0.3868265,0.514802
1746704831359,226219690,0.7009155,-0.3657061,1.0009756
1746704831376,226236357,0.6990465,-0.49062905,0.8248453
1746704831393,226253024,0.5665098,-0.4705006,0.48013496
1746704831409,226269691,0.41723856,-0.38257885,0.03893757
1746704831426,226286358,0.37631255,-0.18856849,-0.054210663
1746704831443,226303025,0.3224485,-0.29441372,0.1596384
1746704831459,226319692,0.22868292,-0.2155208,-0.12087917
1746704831476,226336359,0.27614042,-0.05843858,-0.71068
1746704831493,226353026,0.3773474,-0.118447565,-0.8001442
1746704831509,226369693,0.66105646,-0.500546,-0.7783718
1746704831526,226386360,0.6882622,-0.9043303,-0.6866741
1746704831543,226403027,0.65908605,-0.5532568,-0.9247818
1746704831559,226419694,0.9115977,-0.45283556,-0.7685671
1746704831576,226436361,0.7409765,-0.4428271,-0.8403301
1746704831593,226453028,0.8035177,-0.4284541,-0.89836216
1746704831609,226469695,0.9363409,-0.62344813,-1.1259136
1746704831626,226486362,0.7747289,-0.024504395,-1.5560408
1746704831643,226503029,0.7651426,0.28820342,-1.3890963
1746704831659,226519696,0.5663141,-0.33455452,-0.9951525
1746704831676,226536363,0.4600852,-0.5321646,-1.2216244
1746704831693,226553030,0.42509863,0.11080398,-1.072176
1746704831709,226569697,-0.15571919,0.07574608,-1.9079475
1746704831726,226586364,-0.43923178,-0.28420532,-1.7362499
1746704831743,226603031,-0.49165708,-0.73336947,-2.3882928
1746704831759,226619698,-0.13108315,-0.036755923,-2.2638454
1746704831776,226636365,0.55409133,1.1262027,-1.4321632
1746704831793,226653032,0.47024712,0.74656254,-0.8704033
1746704831809,226669699,0.34522218,0.7919292,-0.64064884
1746704831826,226686366,-0.041087884,0.539314,-0.22357655
1746704831843,226703033,-0.15821488,0.4113776,-0.13311005
1746704831859,226719700,-0.09213232,0.47705218,-1.0543718
1746704831876,226736367,-0.044343907,0.4250224,-0.7237148
1746704831893,226753034,0.07365423,0.4770182,-0.5113182
1746704831909,226769701,0.006317035,0.3282176,-0.2780199
1746704831926,226786368,-0.098216064,0.04479166,-0.2729597
1746704831943,226803035,-0.46936357,0.036250897,0.31354523
1746704831959,226819702,-0.96759784,-0.15533637,1.0620356
1746704831976,226836369,-0.6867032,-0.15510033,0.60066414
1746704831993,226853036,-0.3040299,0.061903253,0.2931652
1746704832009,226869703,-0.05113619,0.39075282,-0.018187523
1746704832026,226886370,-0.01645469,0.75201434,-0.34313583
1746704832043,226903037,-0.42717466,0.7438271,-0.64014053
1746704832059,226919704,-0.8705729,0.47880778,-0.7296543
1746704832076,226936371,-1.1236467,0.24158789,-0.8497162
1746704832093,226953038,-0.994701,0.24025206,-1.0910673
1746704832109,226969705,-0.5790003,0.5565305,-0.6480179
1746704832126,226986372,-0.2717735,0.600476,-0.07914734
1746704832143,227003039,0.11309443,0.6536851,0.038362503
1746704832159,227019706,0.47286278,0.89198893,-0.16631126
1746704832176,227036373,0.8633769,1.2505959,0.027320862
1746704832193,227053040,0.648719,0.99033004,0.12877464
1746704832209,227069707,0.016561639,0.9544839,0.96537495
1746704832226,227086374,0.10194493,0.76096886,0.98182297
1746704832243,227103041,0.17051524,0.43000305,0.4371109
1746704832259,227119708,-0.06848403,0.4804108,0.4641428
1746704832276,227136375,-0.12055618,0.5768867,0.20396423
1746704832293,227153042,-0.4185375,0.5477326,0.37500763
1746704832309,227169709,-0.29290536,0.5401187,0.6242485
1746704832326,227186376,-0.09180437,0.62090325,0.81482506
1746704832343,227203043,-0.24425273,0.5709737,0.7160654
1746704832359,227219710,-0.3805727,0.44601595,0.405159
1746704832376,227236377,-0.42779464,0.39597443,0.23073292
1746704832393,227253044,-0.5009548,0.4399914,0.16152287
1746704832409,227269711,-0.39246663,0.3125709,0.40032482
1746704832426,227286378,-0.015536721,0.4843671,0.9363375
1746704832443,227303045,0.2252083,0.37760603,1.6430197
1746704832459,227319712,0.15349036,0.1253597,2.117302
1746704832476,227336379,-0.05475844,0.108089074,2.4321404
1746704832493,227353046,0.16115072,0.22384174,2.5745745
1746704832509,227369713,0.13983496,0.3524339,2.3065557
1746704832526,227386380,-0.32827818,0.47307613,1.7339516
1746704832543,227403047,-0.24018401,0.32527247,1.120121
1746704832559,227419714,-0.29107133,0.1439409,0.735343
1746704832576,227436381,-0.349641,0.29280588,0.2997303
1746704832593,227453048,-0.2570505,0.21665044,0.15309525
1746704832609,227469715,-0.12796497,0.36611903,-0.057579994
1746704832626,227486382,0.15878825,0.4665767,0.20959663
1746704832643,227503049,0.24724914,0.5040996,0.68038464
1746704832659,227519716,0.27094206,0.5150365,1.1882305
1746704832676,227536383,0.11160259,0.62595606,1.229312
1746704832693,227553050,0.105397925,0.6429888,1.3478918
1746704832709,227569717,0.019046992,0.80404407,1.0301714
1746704832726,227586384,0.08731249,0.6559516,0.9451637
1746704832743,227603051,-0.0059707016,0.6372024,0.8284912
1746704832759,227619718,-0.017737765,0.5989743,0.7164173
1746704832776,227636385,-0.021665782,0.52109444,1.0387869
1746704832793,227653052,-0.28622377,0.7030125,1.5080194
1746704832809,227669719,0.06446996,0.19230026,0.387537
1746704832826,227686386,0.03557069,0.13038516,0.383646
1746704832843,227703053,-0.03019755,0.21411033,0.18600178
1746704832859,227719720,0.070240565,0.097500265,0.27958488
1746704832876,227736387,0.16860801,0.050348528,0.38237667
1746704832893,227753054,0.14878626,0.11573043,0.315053
1746704832909,227769721,0.14165239,0.17413503,0.27613163
1746704832926,227786388,0.16748278,0.17623962,0.19727898
1746704832943,227803055,0.14742249,0.16214535,0.2691393
1746704832959,227819722,0.13779585,0.2003293,0.2419033
1746704832976,227836389,0.15660904,0.19145483,0.23028278
1746704832993,227853056,0.16972037,0.14433762,0.1780119
1746704833009,227869723,0.15112638,0.15275948,0.19118118
1746704833026,227886390,0.13651942,0.16092922,0.19555473
1746704833043,227903057,0.1961306,0.1258883,0.21230698
1746704833059,227919724,0.17094456,0.1413487,0.20969772
1746704833076,227936391,0.16419373,0.14105858,0.13048553
1746704833093,227953058,0.1451491,0.14401108,0.16640186
1746704833109,227969725,0.08758735,0.14284982,0.16776752
1746704833126,227986392,0.14125215,0.11897427,0.21187305
1746704833143,228003059,0.15260828,0.13176994,0.1876831
1746704833159,228019726,0.07928647,0.15619868,0.20057678
1746704833176,228036393,0.10553606,0.16498955,0.18758202
1746704833193,228053060,0.11442092,0.18060865,0.20205402
1746704833209,228069727,0.11269244,0.17287755,0.20837593
1746704833226,228086394,0.08904013,0.1822851,0.20468903
1746704833243,228103061,0.090593375,0.1604976,0.20034885
1746704833259,228119728,0.089922786,0.13771348,0.19151211
1746704833276,228136395,0.10844966,0.1317125,0.20240688
1746704833293,228153062,0.18065065,0.08856165,0.20333195
1746704833309,228169729,0.24013858,0.07293418,0.28604126
1746704833326,228186396,0.19804204,0.04362168,0.36865807
1746704833343,228203063,0.17627914,0.01423487,0.34852123
1746704833359,228219730,0.15118673,0.05969204,0.3290739
1746704833376,228236397,0.17936893,0.050073832,0.3517723
1746704833393,228253064,0.13824053,0.023648119,0.4161148
1746704833409,228269731,0.086232804,0.056514803,0.39481354
1746704833426,228286398,0.065948725,0.051972013,0.54243183
1746704833443,228303065,0.04786005,0.12439502,0.47730064
1746704833459,228319732,-0.0033856067,0.20935588,0.54739857
1746704833476,228336399,0.045963988,0.26162192,0.5351486
1746704833493,228353066,-0.41441694,1.0183816,0.577302
1746704833509,228369733,-0.22467707,0.49149483,0.5988579
1746704833526,228386400,-0.14880727,0.4714038,1.0230446
1746704833543,228403067,-0.3243935,0.6041806,1.51791
1746704833559,228419734,-0.62584925,0.8766053,1.8844776
1746704833576,228436401,-0.5095956,1.4322563,1.8956375
1746704833593,228453068,-0.7600759,1.4658993,2.6540565
1746704833609,228469735,-0.8234921,1.2215844,2.950303
1746704833626,228486402,-0.7472674,1.070492,3.008935
1746704833643,228503069,0.68323684,-3.173454,5.2916727
1746704833659,228519736,-2.6073961,4.758121,-1.8697562
1746704833676,228536403,-0.32828087,-0.10592815,4.1755877
1746704833693,228553070,-0.5519725,0.42046317,3.0588522
1746704833709,228569737,-0.09334102,0.49532303,2.885087
1746704833726,228586404,-0.025556695,0.5064871,2.244832
1746704833743,228603071,0.10092504,0.32905018,2.2792091
1746704833759,228619738,-0.16632001,0.22234331,2.3242035
1746704833776,228636405,-0.22043104,0.228196,1.9805489
1746704833793,228653072,-0.32439497,0.45443895,1.6642294
1746704833809,228669739,-0.58763444,0.3628297,1.6359367
1746704833826,228686406,-0.578087,0.43054608,1.5147581
1746704833843,228703073,-0.51828957,0.49857023,1.3276005
1746704833859,228719740,-0.49957514,0.66597605,1.3065434
1746704833876,228736407,-0.58965933,0.77379066,1.3919296
1746704833893,228753074,-0.48406056,0.80943674,1.0102606
1746704833909,228769741,-0.39693242,0.7277776,0.479702
1746704833926,228786408,-0.2538317,0.7033557,0.08005428
1746704833943,228803075,-0.37790743,0.8566018,-0.05912876
1746704833959,228819742,-0.18349844,0.91966206,-0.16177177
1746704833976,228836409,-0.16688086,0.7734352,-0.5777302
1746704833993,228853076,-0.3768714,0.78843635,-0.94616604
1746704834009,228869743,-0.46865922,0.7072531,-1.4080744
1746704834026,228886410,-0.5100032,0.91620004,-1.7977037
1746704834043,228903077,-0.4249213,0.86340183,-2.1766672
1746704834059,228919744,-0.44109556,0.79990155,-2.5417428
1746704834076,228936411,-0.36241028,0.57912064,-3.0397434
1746704834093,228953078,-0.4816693,0.3933104,-3.1587753
1746704834109,228969745,-0.31604078,0.44573346,-2.6252766
1746704834126,228986412,-0.16582398,0.3065649,-2.1748033
1746704834143,229003079,-0.0034136015,0.5298265,-1.8139219
1746704834159,229019746,0.05235098,0.72854877,-1.9212375
1746704834176,229036413,0.008670403,0.62164754,-1.8149295
1746704834193,229053080,-0.19036743,0.35282728,-1.594614
1746704834209,229069747,-0.28031665,0.29852414,-1.6370716
1746704834226,229086414,-0.36950162,0.31749144,-1.5294323
1746704834243,229103081,-0.14425425,0.1300052,-0.83596134
1746704834259,229119748,-0.3092485,0.17656954,-1.0873156
1746704834276,229136415,-0.37446076,0.03775894,-1.3353157
1746704834293,229153082,0.08199366,-0.15071937,-1.282834
1746704834309,229169749,0.24074692,-0.30981836,-0.87797165
1746704834326,229186416,0.3644805,-0.03976318,-1.1661282
1746704834343,229203083,0.7192024,0.12935075,-0.9851494
1746704834359,229219750,0.5027444,0.26861364,-1.3197861
1746704834376,229236417,0.41401038,-0.08335793,-1.7965937
1746704834393,229253084,0.38703078,-0.37258527,-1.9781303
1746704834409,229269751,1.020026,-1.0621233,-1.0610371
1746704834426,229286418,1.2009251,-1.2466401,-0.98758125
1746704834443,229303085,1.1811844,-0.83824354,-1.2958479
1746704834459,229319752,0.94914645,-0.41963014,-1.0960264
1746704834476,229336419,0.7460438,-1.0022776,-0.96169376
1746704834493,229353086,0.92406046,-1.262253,-0.65275574
1746704834509,229369753,1.2586584,-1.0399327,-0.17420387
1746704834526,229386420,1.4458004,-0.726346,-0.16483879
1746704834543,229403087,1.3631967,-0.3516289,0.12276173
1746704834559,229419754,1.389448,-0.5463991,0.8859825
1746704834576,229436421,1.2067853,-0.68877685,1.0863914
1746704834593,229453088,1.0313098,-0.5641726,0.49943256
1746704834609,229469755,0.92991984,-0.25878385,0.0008354187
1746704834626,229486422,0.86378014,-0.33368462,-0.27841282
1746704834643,229503089,0.69864035,-0.122964315,-0.12065315
1746704834659,229519756,0.6335032,-0.35908875,0.39170647
1746704834676,229536423,0.5096394,-0.48236978,0.3277588
1746704834693,229553090,0.45453975,-0.51723826,0.15580368
1746704834709,229569757,0.4317155,-0.72194743,0.21540356
1746704834726,229586424,0.32549408,-0.52457935,-0.18253994
1746704834743,229603091,0.31369206,-0.40727535,-0.42931843
1746704834759,229619758,0.37640622,-0.45274526,-0.15882587
1746704834776,229636425,0.3239731,-0.44365758,0.062337875
1746704834793,229653092,0.2262131,-0.317205,0.028502464
1746704834809,229669759,0.19359608,-0.16203795,0.07215881
1746704834826,229686426,0.26181,-0.1766928,0.1820383
1746704834843,229703093,0.34617487,-0.29867342,0.005768776
1746704834859,229719760,0.58161145,-0.2675983,-0.099396706
1746704834876,229736427,0.62488073,-0.14699039,0.14918804
1746704834893,229753094,0.5721689,-0.092358015,0.15530586
1746704834909,229769761,0.46956256,0.024409626,-0.07676792
1746704834926,229786428,0.57842314,-0.12012212,-0.0021066666
1746704834943,229803095,0.6384217,-0.18205018,-0.33045578
1746704834959,229819762,0.9557316,-0.24617851,-0.14942265
1746704834976,229836429,0.8707062,-0.273239,-0.107185364
1746704834993,229853096,0.7754014,-0.4111818,0.18915081
1746704835009,229869763,0.78754956,-0.37413788,0.37198257
1746704835026,229886430,0.86842585,-0.47038436,0.2411232
1746704835043,229903097,0.8034729,-0.3137381,-0.13455391
1746704835059,229919764,1.0152062,-0.54404306,-0.24864674
1746704835076,229936431,1.2030195,-0.9794721,-0.3058796
1746704835093,229953098,1.3450222,-1.0920982,-0.09577274
1746704835109,229969765,1.1282492,-1.0572908,-0.106490135
1746704835126,229986432,0.90419966,-0.9392172,0.16856289
1746704835143,230003099,0.7720444,-0.4346698,-0.50429535
1746704835159,230019766,1.1296713,-0.6326616,-0.46104813
1746704835176,230036433,1.6072965,-1.3231175,-0.53483963
1746704835193,230053100,1.138472,-1.0631685,-0.8069229
1746704835209,230069767,0.56838226,-0.3926147,-1.1559105
1746704835226,230086434,0.43726224,-0.23333411,-1.2361412
1746704835243,230103101,0.3621362,-0.35177776,-1.2435846
1746704835259,230119768,-0.0133172935,-0.22207285,-1.2618275
1746704835276,230136435,-0.39619207,0.02145825,-2.1462598
1746704835293,230153102,-0.3092581,0.2082041,-3.372827
1746704835309,230169769,0.5335367,0.53819,-4.1990614
1746704835326,230186436,0.4732708,0.736609,-2.4974852
1746704835343,230203103,0.39759406,1.2986724,-1.5961609
1746704835359,230219770,-0.07535365,1.4402034,-0.9447136
1746704835376,230236437,-0.32860985,0.81968784,-1.4411993
1746704835393,230253104,-0.65463316,0.7785897,-2.739231
1746704835409,230269771,-0.49950245,0.5912015,-1.9828181
1746704835426,230286438,-0.5820446,0.19209263,-1.3597002
1746704835443,230303105,-0.3971642,0.49196756,-0.89264107
1746704835459,230319772,-0.59025633,0.7153728,-1.5057545
1746704835476,230336439,-0.40820864,1.1496532,-0.5611315
1746704835493,230353106,-0.33325526,0.6584056,-1.6040564
1746704835509,230369773,-0.72855747,0.34957325,-0.9067545
1746704835526,230386440,-0.7446841,0.3511791,-0.5714998
1746704835543,230403107,-0.54258513,0.49452564,-0.28895473
1746704835559,230419774,-0.34268734,0.5329425,-0.13392544
1746704835576,230436441,-0.643571,0.27102822,0.14902496
1746704835593,230453108,-0.5634581,-0.1291707,0.033938408
1746704835609,230469775,-0.047084402,-0.022890074,0.22995567
1746704835626,230486442,0.6679122,0.32422164,0.57191086
1746704835643,230503109,-0.18607761,0.71875274,2.7334805
1746704835659,230519776,-0.8394613,0.27777272,2.9421034
1746704835676,230536443,-0.6320015,0.023859113,1.620635
1746704835693,230553110,-0.29753134,0.17773773,0.73113537
1746704835709,230569777,-0.30663922,0.48586643,0.018375397
1746704835726,230586444,-0.31034628,0.8019096,-0.3551159
1746704835743,230603111,-0.3255921,1.2030106,-0.6528816
1746704835759,230619778,-0.26860553,1.3101834,-0.62421894
1746704835776,230636445,-0.5935351,1.0948498,-0.42925072
1746704835793,230653112,-0.6166376,0.65528756,-0.8428354
1746704835809,230669779,-0.5505116,0.5948629,-0.6691494
1746704835826,230686446,-0.62854964,0.44340232,-0.4116459
1746704835843,230703113,-0.66286534,0.22957082,-0.08804417
1746704835859,230719780,-0.63528687,-0.049903292,0.47884178
1746704835876,230736447,-0.58741564,-0.28632948,1.0741882
1746704835893,230753114,-0.447811,-0.22842935,1.3118477
1746704835909,230769781,-0.34003472,-0.15200713,1.4373598
1746704835926,230786448,-0.2836453,0.05322626,1.4691334
1746704835943,230803115,0.02681552,0.4372175,1.495697
1746704835959,230819782,0.14985554,0.66519994,1.5343313
1746704835976,230836449,0.10821413,0.62350786,1.6731939
1746704835993,230853116,0.10232166,0.63873374,1.7891073
1746704836009,230869783,0.20490287,0.5850269,1.9856462
1746704836026,230886450,0.24172115,0.6896318,1.8278666
1746704836043,230903117,0.25071517,0.5495919,1.7241297
1746704836059,230919784,0.23031144,0.6082165,1.4474373
1746704836076,230936451,0.19746336,0.71091914,1.1104774
1746704836093,230953118,0.21778068,0.71213454,0.80991364
1746704836109,230969785,0.077292845,0.6588829,0.4683838
1746704836126,230986452,0.14952603,0.46570054,0.39671803
1746704836143,231003119,0.22292238,0.43720865,0.40391636
1746704836159,231019786,0.2575703,0.55689716,0.10643482
1746704836176,231036453,0.33255515,0.39706463,0.3054943
1746704836193,231053120,0.21183999,0.5070226,0.33744907
1746704836209,231069787,0.373319,0.4547001,0.8771734
1746704836226,231086454,0.24408318,0.41511396,0.9267664
1746704836243,231103121,0.05755861,0.53867507,0.75876904
1746704836259,231119788,-1.4895331,2.2978134,3.7179651
1746704836276,231136455,0.21355422,0.33611196,1.3940439
1746704836293,231153122,0.15631786,0.38063228,1.0778341
1746704836309,231169789,0.095495015,0.30315375,0.55160904
1746704836326,231186456,-0.04007604,0.35682246,0.49367046
1746704836343,231203123,-0.23087491,0.32009158,0.40123177
1746704836359,231219790,0.26905692,0.2831186,0.42750263
1746704836376,231236457,-0.007935157,0.17119405,0.40143585
1746704836393,231253124,0.009540259,0.2104597,0.27195358
1746704836409,231269791,0.008586865,0.19212794,0.26821136
1746704836426,231286458,0.0068376525,0.18249531,0.24745941
1746704836443,231303125,0.05256628,0.13263102,0.2608204
1746704836459,231319792,0.07355325,0.18802302,0.24139595
1746704836476,231336459,0.1455114,0.21138157,0.16129494
1746704836493,231353126,0.15693308,0.19957572,0.15373993
1746704836509,231369793,0.19018286,0.19370225,0.15585041
1746704836526,231386460,0.1835223,0.18860526,0.14823723
1746704836543,231403127,0.18659745,0.20463538,0.15984821
1746704836559,231419794,0.16274537,0.22670472,0.15147305
1746704836576,231436461,0.13914497,0.19431792,0.12661457
1746704836593,231453128,0.14341553,0.19586004,0.12811089
1746704836609,231469795,0.1622119,0.17874175,0.1370678
1746704836626,231486462,0.15844364,0.17667536,0.121209145
1746704836643,231503129,0.14878649,0.2317912,0.13972092
1746704836659,231519796,0.11367902,0.2570208,0.1269722
1746704836676,231536463,0.06897196,0.2136282,0.16616344
1746704836693,231553130,0.17702182,0.2474456,0.15750504
1746704836709,231569797,0.11412035,0.24498741,0.16373444
1746704836726,231586464,0.1145091,0.21104741,0.15307713
1746704836743,231603131,0.14057612,0.22774786,0.1603117
1746704836759,231619798,0.14251153,0.21123259,0.16005135
1746704836776,231636465,0.17343387,0.14809746,0.119968414
1746704836793,231653132,0.16188613,0.15326317,0.13827991
1746704836809,231669799,0.17143963,0.1460133,0.13763142
1746704836826,231686466,0.1538865,0.14092246,0.14187717
1746704836843,231703133,0.10186542,0.15767632,0.16864777
1746704836859,231719800,0.101616755,0.18065065,0.17007446
1746704836876,231736467,0.124325395,0.20711024,0.18871593
1746704836893,231753134,0.1989476,0.15966436,0.35037518
1746704836909,231769801,0.1816853,0.11086198,0.46675968
1746704836926,231786468,0.26490477,0.087544434,0.69988155
1746704836943,231803135,0.37073252,-0.00971812,0.9484663
1746704836959,231819802,0.10428031,0.22253497,0.6062746
1746704836976,231836469,0.086013936,0.15383548,0.71833706
1746704836993,231853136,0.057748597,0.22455755,0.64487267
1746704837009,231869803,-0.18816483,0.41169858,0.4922552
1746704837026,231886470,-0.8119685,1.360156,0.82407475
1746704837043,231903137,-0.21928275,0.6418609,1.515871
1746704837059,231919804,-0.35256884,0.8323349,1.3425922
1746704837076,231936471,-0.4945835,1.0408654,1.7611809
1746704837093,231953138,-0.5763656,1.0924906,2.3498268
1746704837109,231969805,-0.5395154,1.078786,2.471054
1746704837126,231986472,-0.040400077,0.123017505,3.4652967
1746704837143,232003139,0.14226404,0.65916103,1.6656256
1746704837159,232019806,-1.3347838,2.066303,2.321329
1746704837176,232036473,-0.2598233,0.747597,3.504424
1746704837193,232053140,-0.35465872,0.8362746,3.3833265
1746704837209,232069807,-0.3689356,0.88917273,2.5897503
1746704837226,232086474,-0.13870108,0.785697,2.4055223
1746704837243,232103141,-0.13211817,0.6516444,1.8308458
1746704837259,232119808,-0.36037686,0.42991713,1.5958948
1746704837276,232136475,-0.3545375,0.106823996,1.2866516
1746704837293,232153142,-0.28274667,0.16434863,1.0643911
1746704837309,232169809,-0.355437,0.24111505,1.0472097
1746704837326,232186476,-0.4670492,0.15073892,0.803812
1746704837343,232203143,-0.26205721,0.34362724,0.7040396
1746704837359,232219810,-0.27491558,0.45631546,0.373518
1746704837376,232236477,-0.23980269,0.3693801,0.6517811
1746704837393,232253144,-0.44136164,0.32737988,0.78096294
1746704837409,232269811,-0.3993458,0.2716789,0.67180824
1746704837426,232286478,-0.29456136,0.43366084,0.46436977
1746704837443,232303145,-0.32664484,0.48219657,0.14349747
1746704837459,232319812,-0.3125912,0.5532498,-0.122896194
1746704837476,232336479,-0.37626287,0.5075209,-0.24812603
1746704837493,232353146,-0.2573699,0.5024922,-0.73449993
1746704837509,232369813,-0.23845525,0.38143906,-1.0803776
1746704837526,232386480,-0.22779317,0.46609056,-1.1758146
1746704837543,232403147,-0.4127867,0.40803486,-1.2003679
1746704837559,232419814,-0.46070418,0.36028153,-1.2783566
1746704837576,232436481,-0.6894541,0.38870278,-1.5216513
1746704837593,232453148,-0.7658936,-0.045162916,-2.1091824
1746704837609,232469815,-0.35118222,0.045924872,-2.3675528
1746704837626,232486482,-0.17635642,0.3529132,-1.8256302
1746704837643,232503149,-0.28622025,0.13746963,-1.4616537
1746704837659,232519816,0.06616615,0.49874166,-1.3898144
1746704837676,232536483,0.20454313,0.6595604,-1.053731
1746704837693,232553150,-0.023202656,0.63931143,-1.1576023
1746704837709,232569817,0.2589274,0.63029873,-1.2321653
1746704837726,232586484,0.23781733,0.48180977,-1.3615427
1746704837743,232603151,0.28904662,0.4793081,-1.6176939
1746704837759,232619818,0.3904377,0.46990636,-1.0746841
1746704837776,232636485,0.5107184,0.39425686,-0.78583145
1746704837793,232653152,0.21913439,0.28600684,-1.0654182
1746704837809,232669819,0.06609502,0.32689765,-1.094985
1746704837826,232686486,0.10832248,0.083891116,-1.2396984
1746704837843,232703153,0.44166702,0.32502404,-1.0493393
1746704837859,232719820,0.16392261,0.38799995,-1.2464609
1746704837876,232736487,0.032194693,0.46774924,-1.67587
1746704837893,232753154,0.086196095,0.20465696,-1.8377552
1746704837909,232769821,0.32232195,-0.28485453,-1.0475159
1746704837926,232786488,0.62765515,-0.2430444,-0.97482204
1746704837943,232803155,0.687409,0.30933544,-0.9603033
1746704837959,232819822,0.75374854,0.09059136,-0.55286026
1746704837976,232836489,0.7601487,-0.34992483,-0.7651005
1746704837993,232853156,1.0812682,-0.59531164,-0.8147154
1746704838009,232869823,1.0485669,-0.9242342,-1.0336866
1746704838026,232886490,1.2835169,-0.0685541,-0.88021564
1746704838043,232903157,1.3954521,0.16074146,-1.2870455
1746704838059,232919824,1.2013955,-0.0047459626,-1.3169069
1746704838076,232936491,1.2679409,-0.4479032,-1.282382
1746704838093,232953158,1.2855294,-0.35264814,-1.1058464
1746704838109,232969825,1.0606242,-0.58549523,-0.4336071
1746704838126,232986492,1.1941762,-0.8620368,0.09425259
1746704838143,233003159,1.3097523,-1.367143,1.5955849
1746704838159,233019826,1.1136203,-1.2418923,1.788806
1746704838176,233036493,0.7342642,-0.9437703,1.2898312
1746704838193,233053160,0.5362079,-0.6090024,0.6066227
1746704838209,233069827,0.34942138,-0.6666426,0.8824377
1746704838226,233086494,0.28185877,-1.2002938,0.96062183
1746704838243,233103161,0.32837528,-0.61378235,0.22524929
1746704838259,233119828,0.32254496,-0.24579005,-0.705163
1746704838276,233136495,0.5202077,-0.3173325,-1.0539951
1746704838293,233153162,0.8761442,-0.4201174,-0.5912714
1746704838309,233169829,1.0386609,-0.36678824,-0.3305006
1746704838326,233186496,1.0917469,-0.28958237,-0.29348373
1746704838343,233203163,1.1686314,-0.30706266,-0.052122116
1746704838359,233219830,1.0830328,-0.6111393,0.5681944
1746704838376,233236497,0.81193084,-0.28022793,0.42089653
1746704838393,233253164,0.6569056,0.11377558,0.26953793
1746704838409,233269831,0.6798113,-0.07293295,0.43180656
1746704838426,233286498,0.81592214,-0.15728015,0.39185333
1746704838443,233303165,0.6876223,-0.039773237,0.21870327
1746704838459,233319832,0.62066674,0.30546644,-0.13115215
1746704838476,233336499,0.64769477,0.16465384,-0.22858334
1746704838493,233353166,1.3884528,-0.3067121,-0.13667011
1746704838509,233369833,1.6958554,-0.668195,0.053944588
1746704838526,233386500,1.3589927,-0.30575442,-0.123963356
1746704838543,233403167,1.0123478,-0.310545,-0.56852627
1746704838559,233419834,0.8209269,-0.98953855,-0.47415447
1746704838576,233436501,0.95404,-1.2651933,-0.42874432
1746704838593,233453168,0.83956516,-1.3481381,-0.8719034
1746704838609,233469835,0.80205625,-0.25838232,-1.2308655
1746704838626,233486502,0.89635706,-0.8149726,-0.5459709
1746704838643,233503169,0.9709689,-0.29323927,-0.4070549
1746704838659,233519836,0.81527776,0.29452056,-0.80262184
1746704838676,233536503,0.48919678,-0.038743287,-0.9657135
1746704838693,233553170,0.44814393,-0.12913528,-1.200593
1746704838709,233569837,0.4089349,-0.017401041,-1.6632566
1746704838726,233586504,0.04331061,-0.31520468,-1.4015665
1746704838743,233603171,0.12224882,0.7195994,-1.9469066
1746704838759,233619838,0.014293207,0.6585701,-2.620296
1746704838776,233636505,0.08113431,0.3163115,-2.8440967
1746704838793,233653172,-0.5290108,-0.037766203,-1.4445982
1746704838809,233669839,-0.9723803,0.87730145,-1.3004494
1746704838826,233686506,-0.6808657,0.33295888,-0.9519739
1746704838843,233703173,-0.92184556,-0.076792344,-1.0410385
1746704838859,233719840,-0.84215844,0.60415184,-1.2552023
1746704838876,233736507,-0.47626466,0.60125107,-1.3216839
1746704838893,233753174,-0.29125538,0.9863331,-1.4534187
1746704838909,233769841,-0.22910783,1.0550371,-1.0043049
1746704838926,233786508,0.072257884,0.9488185,-0.7300453
1746704838943,233803175,-0.27266836,0.49032038,-0.46743584
1746704838959,233819842,-0.17924806,0.17154028,-0.8612852
1746704838976,233836509,-0.18521842,-0.03484958,-0.8061924
1746704838993,233853176,0.06453378,-0.16849312,-0.2840109
1746704839009,233869843,0.06935691,-0.25718036,-0.45328236
1746704839026,233886510,0.060770657,0.4536963,0.3105116
1746704839043,233903177,0.15352273,0.4445306,0.29207802
1746704839059,233919844,-0.18410282,0.11541494,0.45518875
1746704839076,233936511,-0.34035948,-0.23032406,-0.33967876
1746704839093,233953178,-0.6632939,-0.37085772,-0.30176353
1746704839109,233969845,-0.8117054,-0.2634193,-0.20592594
1746704839126,233986512,-0.59440035,-0.05106824,-0.18730164
1746704839143,234003179,-0.36600676,0.110925235,-0.45606518
1746704839159,234019846,-0.23703924,0.56497335,-0.23422337
1746704839176,234036513,-0.21392839,0.3510423,-0.6347561
1746704839193,234053180,-0.6869491,0.59102803,0.239295
1746704839209,234069847,-0.5502524,0.5183767,0.26583958
1746704839226,234086514,0.010150226,0.72412753,0.0959034
1746704839243,234103181,0.15809786,0.96972114,-0.29863453
1746704839259,234119848,0.22250475,1.221014,0.44208527
1746704839276,234136515,0.24275391,0.82387644,0.24955368
1746704839293,234153182,0.038086385,0.5742564,0.5727377
1746704839309,234169849,0.23241709,0.539942,0.48638058
1746704839326,234186516,0.45215744,0.6370479,0.5697937
1746704839343,234203183,0.44940794,0.8268199,1.2018785
1746704839359,234219850,0.22491471,0.65317893,1.1535788
1746704839376,234236517,-0.17935115,0.4906343,1.0040369
1746704839393,234253184,-0.30993912,0.5893167,0.82324505
1746704839409,234269851,-0.36807466,0.5980166,0.6850462
1746704839426,234286518,-0.30138156,0.42832637,1.0870123
1746704839443,234303185,0.06377121,0.59976804,1.5344496
1746704839459,234319852,0.3778848,0.7096411,2.1304913
1746704839476,234336519,0.31003934,0.547329,2.3908806
1746704839493,234353186,0.095545866,0.43395332,2.5006752
1746704839509,234369853,-0.06094863,0.42548528,2.2313824
1746704839526,234386520,-0.15781781,0.44939336,1.9368296
1746704839543,234403187,-0.20703658,0.7694037,1.4154959
1746704839559,234419854,-0.33982965,0.53754026,0.9419756
1746704839576,234436521,-0.33489498,0.2744794,0.587512
1746704839593,234453188,-0.36301953,0.3780867,0.46870804
1746704839609,234469855,-0.1118689,0.244071,0.43755436
1746704839626,234486522,0.0382795,0.24310733,0.3082819
1746704839643,234503189,0.07117262,0.27708846,0.29018116
1746704839659,234519856,0.21679488,0.33106852,0.14317608
1746704839676,234536523,0.2869464,0.30879298,0.32845974
1746704839693,234553190,0.36535016,0.322537,0.43687057
1746704839709,234569857,0.39754024,0.35791665,0.7065239
1746704839726,234586524,0.39149293,0.4154576,0.8587532
1746704839743,234603191,0.3294181,0.48009947,0.93404865
1746704839759,234619858,0.19164224,0.5280774,0.8659363
1746704839776,234636525,0.10745028,0.5717996,0.83022213
1746704839793,234653192,0.027684705,0.6136963,0.7086067
1746704839809,234669859,0.06478819,0.47756338,0.5864992
1746704839826,234686526,0.02542013,0.43730757,0.5860262
1746704839843,234703193,0.056590296,0.43012208,0.46899796
1746704839860,234719860,0.11897645,0.329478,0.37312603
1746704839876,234736527,0.1430085,0.32978755,0.4163561
1746704839893,234753194,0.106428936,0.25467402,0.40917587
1746704839910,234769861,0.1380501,0.17196104,0.4235754
1746704839926,234786528,0.31461862,0.13048686,0.5107136
1746704839943,234803195,0.28070742,0.14535204,0.3887968
1746704839960,234819862,0.2695824,0.20705603,0.55097294
1746704839976,234836529,0.1963159,0.20334762,0.62337494
1746704839993,234853196,0.21145985,0.11099587,0.37457848
1746704840010,234869863,0.13346009,0.19262983,0.32749176
1746704840026,234886530,0.09003197,0.21566576,0.3403988
1746704840043,234903197,0.069836006,0.23164938,0.297637
1746704840060,234919864,0.11254252,0.24751456,0.2549858
1746704840076,234936531,0.12836365,0.2643623,0.23662567
1746704840093,234953198,0.18104762,0.23946597,0.3092804
1746704840110,234969865,0.23131613,0.14798346,0.3619709
1746704840126,234986532,0.24278983,0.07880117,0.4190464
1746704840143,235003199,0.21931577,0.076354705,0.39380836
1746704840160,235019866,0.17106235,0.11978294,0.33143616
1746704840176,235036533,0.26038036,0.18844244,0.3408661
1746704840193,235053200,0.12873279,0.39430612,0.35686588
1746704840210,235069867,0.23558567,0.12287692,0.4497862
1746704840226,235086534,0.23340592,0.12095828,0.41826153
1746704840243,235103201,0.19512329,0.20719863,0.32908344
1746704840260,235119868,0.24512,0.20696484,0.35093307
1746704840276,235136535,0.27588233,0.1376519,0.39904308
1746704840293,235153202,0.21604326,0.20821036,0.46520996
1746704840310,235169869,0.027972925,0.32933202,0.56385994
1746704840326,235186536,0.08747196,0.29737258,0.60282993
1746704840343,235203203,0.030795112,0.46842694,0.5169449
1746704840360,235219870,-0.08664659,0.56070036,0.8566828
1746704840376,235236537,-0.2384833,0.58536655,0.92786026
1746704840393,235253204,-0.34830517,0.68376064,1.3318815
1746704840410,235269871,-0.41061348,0.7654039,1.274272
1746704840426,235286538,-0.46372256,0.76631606,1.6022558
1746704840443,235303205,-0.5797573,0.72367984,2.0238037
1746704840460,235319872,-0.58530635,0.72435445,2.388053
1746704840476,235336539,-0.108590305,-1.0717698,3.7350512
1746704840493,235353206,-0.17542191,1.7958944,1.741498
1746704840510,235369873,-1.0447884,0.9363798,2.1949053
1746704840526,235386540,-0.5638262,0.5157041,3.9737263
1746704840543,235403207,-0.4823584,0.62096816,3.1064463
1746704840560,235419874,-0.5021613,1.1593924,2.1987305
1746704840576,235436541,-0.040646054,1.0226938,2.3441973
1746704840593,235453208,0.07447284,0.96711606,1.7908363
1746704840610,235469875,0.03139586,0.8423002,1.8283873
1746704840626,235486542,0.16600028,0.5547787,1.2478733
1746704840643,235503209,0.12654766,0.43110296,0.9697161
1746704840660,235519876,-0.080931805,0.29491886,1.1654816
1746704840676,235536543,-0.11623121,0.27275375,1.4523268
1746704840693,235553210,0.037736364,0.4451663,1.3465195
1746704840710,235569877,-0.05272458,0.4317156,0.9752779
1746704840726,235586544,-0.10881683,0.50651145,1.3552923
1746704840743,235603211,-0.21855131,0.5089654,1.3502598
1746704840760,235619878,-0.26409787,0.57206017,0.8701992
1746704840776,235636545,-0.30104932,0.61762863,0.4069872
1746704840793,235653212,-0.31961465,0.6667569,0.0586586
1746704840810,235669879,-0.31924254,0.73339415,-0.19538689
1746704840826,235686546,-0.364979,0.7615053,-0.16302395
1746704840843,235703213,-0.28802985,0.7938429,-0.32854939
1746704840860,235719880,-0.47783202,0.59507877,-0.43833065
1746704840876,235736547,-0.51468647,0.5186379,-0.8551588
1746704840893,235753214,-0.7149288,0.42438707,-1.2401667
1746704840910,235769881,-0.72173023,0.5959043,-1.5085316
1746704840926,235786548,-0.60394263,0.59680796,-1.92731
1746704840943,235803215,-0.5071169,0.81179625,-2.0838227
1746704840960,235819882,-0.5675063,0.49108478,-1.9784327
1746704840976,235836549,-0.4166088,0.75074226,-1.6527576
1746704840993,235853216,-0.4873932,0.6132697,-1.6465054
1746704841010,235869883,-0.5317962,0.62579507,-1.8234558
1746704841026,235886550,-0.38914606,0.5233871,-2.1002955
1746704841043,235903217,-0.06330284,0.6287918,-2.09057
1746704841060,235919884,-0.2207134,0.49102813,-1.9897809
1746704841076,235936551,-0.29769406,0.36441663,-1.9469914
1746704841093,235953218,-0.18780582,0.39282972,-1.5917311
1746704841110,235969885,0.0016647804,0.3061763,-1.4241915
1746704841126,235986552,0.2881004,0.14522061,-0.8531294
1746704841143,236003219,0.09185829,0.19686697,-1.3781109
1746704841160,236019886,0.220845,-0.022635492,-1.9016185
1746704841176,236036553,0.7827921,-0.13784178,-1.9154406
1746704841193,236053220,0.7943218,-0.118912354,-1.9084964
1746704841210,236069887,0.749794,-0.56523633,-2.1338682
1746704841226,236086554,1.140408,-0.8672117,-2.2815733
1746704841243,236103221,1.2464824,-0.92092705,-2.1747952
1746704841260,236119888,1.5069582,-0.36052772,-1.8980169
1746704841276,236136555,1.6016228,-0.5858648,-1.512785
1746704841293,236153222,1.1599189,-0.64590585,-1.2292604
1746704841310,236169889,0.8444951,-0.7634353,-0.7032156
1746704841326,236186556,0.6805576,-1.225227,-0.3451414
1746704841343,236203223,0.5850036,-1.2184403,0.022197723
1746704841360,236219890,0.6396657,-0.52790284,0.087161064
1746704841376,236236557,1.0784769,-0.39153302,0.6770315
1746704841393,236253224,1.1808219,-0.5087535,0.5606508
1746704841410,236269891,1.239282,-0.2924059,0.6576023
1746704841426,236286558,1.232134,-0.3443006,0.23517227
1746704841443,236303225,1.1367081,-0.15387961,-0.36723232
1746704841460,236319892,0.87704074,-0.21946312,-0.7588444
1746704841476,236336559,0.6290044,-0.112735465,-0.8305769
1746704841493,236353226,0.49692678,-0.22755776,-0.49303246
1746704841510,236369893,0.5969678,-0.7488237,0.103097916
1746704841526,236386560,0.80890924,-1.149403,0.6465082
1746704841543,236403227,0.7475427,-1.2152181,0.85410786
1746704841560,236419894,0.42014992,-0.69690275,0.3794489
1746704841576,236436561,0.35040393,-0.51052606,0.27167034
1746704841593,236453228,0.4513842,-0.7948863,0.519474
1746704841610,236469895,0.53114057,-0.6179981,0.3723526
1746704841626,236486562,0.4510111,-0.19761083,-0.2507906
1746704841643,236503229,0.43592295,-0.07523323,-0.6146908
1746704841660,236519896,0.50835115,-0.22419634,-0.52339077
1746704841676,236536563,0.6154027,-0.3293566,-0.15882492
1746704841693,236553230,0.61537284,-0.2570304,0.1175766
1746704841710,236569897,0.6262375,-0.19325869,0.029129982
1746704841726,236586564,0.6372697,-0.25852123,-0.00018882751
1746704841743,236603231,0.73820007,-0.35595086,-0.036393166
1746704841760,236619898,0.8265156,-0.51143575,0.008066177
1746704841776,236636565,0.8671427,-0.5662467,0.014264107
1746704841793,236653232,0.86278695,-0.5484788,-0.13546085
1746704841810,236669899,0.92949384,-0.74814695,-0.21121693
1746704841826,236686566,1.1065543,-0.92691094,-0.3429737
1746704841843,236703233,1.1604387,-1.2038194,-0.40506458
1746704841860,236719900,1.2822574,-1.4809382,-0.10315609
1746704841876,236736567,1.4052091,-1.5669091,0.20073128
1746704841893,236753234,1.4844984,-1.241806,0.5859642
1746704841910,236769901,1.4438682,-1.4124343,0.8818674
1746704841926,236786568,1.6120238,-1.3200151,0.74406815
1746704841943,236803235,1.6317742,-1.5362164,0.8524761
1746704841960,236819902,1.3772366,-1.3835242,-0.37828255
1746704841976,236836569,0.9765365,-0.7801397,-0.80772686
1746704841993,236853236,0.51409495,-0.12641916,-1.21735
1746704842010,236869903,0.33327883,0.42368433,-1.2386675
1746704842026,236886570,0.7279072,0.7584663,-1.0819387
1746704842043,236903237,0.5112945,0.033876516,-1.4175892
1746704842060,236919904,0.3738031,0.28451052,-1.6353292
1746704842076,236936571,0.091771066,0.6794939,-1.3662596
1746704842093,236953238,0.19729136,1.1427683,-1.8063288
1746704842110,236969905,-0.13164333,0.6515656,-3.429791
1746704842126,236986572,-0.05322827,0.64291334,-3.1129436
1746704842143,237003239,0.15241946,1.2124331,-2.1736302
1746704842160,237019906,0.06630355,1.4302833,-1.2593012
1746704842176,237036573,0.063551776,0.9155189,-1.0793171
1746704842193,237053240,0.16083479,0.8839751,-2.2497587
1746704842210,237069907,-0.058255803,0.9539039,-1.8570867
1746704842226,237086574,0.17279652,1.1199583,-1.9904432
1746704842243,237103241,-0.07428576,0.9205058,-1.9255371
1746704842260,237119908,-0.28884092,1.097606,-1.7989426
1746704842276,237136575,-0.50450337,1.0649289,-2.4726462
1746704842293,237153242,-0.8105435,0.61146945,-2.1383939
1746704842310,237169909,-0.98774207,0.2689576,-2.0209708
1746704842326,237186576,-0.9523344,0.54013985,-1.4499617
1746704842343,237203243,-0.3339359,0.7744631,-1.1148748
1746704842360,237219910,-0.49272895,0.5132985,-0.88272
1746704842376,237236577,-0.64106417,0.18273368,-0.65858555
1746704842393,237253244,-0.82100946,0.3575073,0.36701488
1746704842410,237269911,-0.6171758,0.45811382,0.4377823
1746704842426,237286578,-0.42494014,0.37312526,0.7077713
1746704842443,237303245,-0.20171642,0.18426363,0.78624153
1746704842460,237319912,-0.010952917,0.30450535,1.2678652
1746704842476,237336579,-0.057212386,0.46265942,1.7755547
1746704842493,237353246,-0.10595743,0.11790286,1.356945
1746704842510,237369913,-0.115129516,0.08658367,1.0547495
1746704842526,237386580,-0.34238496,0.061947845,0.6506109
1746704842543,237403247,-0.2872424,-0.047425985,0.037625313
1746704842560,237419914,-0.38058904,-0.04349115,0.15313625
1746704842576,237436581,-0.1959333,0.17143063,-0.09381008
1746704842593,237453248,-0.15599908,0.1539603,0.3917141
1746704842610,237469915,-0.38104007,-0.026889391,0.6128893
1746704842626,237486582,-0.5271696,-0.104777955,0.698082
1746704842643,237503249,-0.3099624,-0.11845036,0.70927334
1746704842660,237519916,-0.064070545,0.024817538,0.9378519
1746704842676,237536583,-0.19729052,-0.03937449,1.0770807
1746704842693,237553250,-0.110240616,0.22823367,1.092248
1746704842710,237569917,-0.020397345,0.5669575,0.8339672
1746704842726,237586584,0.026135258,0.7233024,1.0353003
1746704842743,237603251,0.15184772,0.90010154,0.97791004
1746704842760,237619918,0.33389354,0.9512772,1.3373699
1746704842776,237636585,0.36422542,0.79142565,1.8096724
1746704842793,237653252,0.2752323,0.6271044,2.2618866
1746704842810,237669919,0.32097667,0.5579385,2.5155573
1746704842826,237686586,0.34457594,0.61758304,2.4861412
1746704842843,237703253,0.22830054,0.67738974,2.0213356
1746704842860,237719920,-0.024952596,0.67926437,1.3808498
1746704842876,237736587,-0.101644136,0.5282929,0.9441185
1746704842893,237753254,-0.022447517,0.49962622,0.6342478
1746704842910,237769921,0.05402459,0.5140396,0.5746498
1746704842926,237786588,0.19310643,0.45768023,0.51224995
1746704842943,237803255,0.21769726,0.60825115,0.37344646
1746704842960,237819922,0.25106356,0.35719204,0.28537464
1746704842976,237836589,0.3852373,0.29938376,0.21350765
1746704842993,237853256,0.42981726,0.30557463,0.40454578
1746704843010,237869923,0.41050223,0.2467869,0.6244316
1746704843026,237886590,0.28903544,0.2914266,0.5873985
1746704843043,237903257,0.21790916,0.23767015,0.7683277
1746704843060,237919924,0.16618685,0.31117707,0.8040199
1746704843076,237936591,0.051540468,0.3866325,0.78492546
1746704843093,237953258,0.055678308,0.40389574,0.8069372
1746704843110,237969925,-0.04072747,0.46329698,0.79447174
1746704843126,237986592,-0.07781525,0.45838362,0.7106018
1746704843143,238003259,0.017790793,0.39058766,0.68192196
1746704843160,238019926,0.043166555,0.29910716,0.6806154
1746704843176,238036593,0.042162757,0.21640703,0.75843906
1746704843193,238053260,0.10296426,0.23666613,0.67052364
1746704843210,238069927,0.11020698,0.23225734,0.60991096
1746704843226,238086594,0.14088519,0.19368057,0.59242153
1746704843243,238103261,0.20643193,0.16060244,0.5227127
1746704843260,238119928,0.21178518,0.10315369,0.5030422
1746704843276,238136595,0.23278108,0.10161458,0.42644405
1746704843293,238153262,0.27272576,0.087520406,0.32717133
1746704843310,238169929,0.23532914,0.13213582,0.32124805
1746704843326,238186596,0.21747525,0.13527407,0.3089075
1746704843343,238203263,0.19708373,0.15931378,0.3274145
1746704843360,238219930,0.16178209,0.1727487,0.36921978
1746704843376,238236597,0.14895144,0.23118336,0.39388084
1746704843393,238253264,0.15866184,0.25036737,0.43754578
1746704843410,238269931,0.17326948,0.23916747,0.42761898
1746704843426,238286598,0.061485283,0.16237165,0.46301556
1746704843443,238303265,0.05982503,0.2245762,0.5631666
1746704843460,238319932,0.09168814,0.2827118,0.71158314
1746704843476,238336599,0.09615002,0.26588094,0.6455965
1746704843493,238353266,0.09773674,0.1852025,0.56008434
1746704843510,238369933,0.13682283,0.2593586,0.4445877
1746704843526,238386600,0.19198997,0.25697643,0.40880585
1746704843543,238403267,0.18228337,0.30907506,0.42236614
1746704843560,238419934,0.16825345,0.32549566,0.38982105
1746704843576,238436601,0.17805389,0.2742637,0.41937542
1746704843593,238453268,0.15435715,0.42262757,0.48972988
1746704843610,238469935,0.13876277,0.37881568,0.6953764
1746704843626,238486602,0.037475523,0.4621726,1.0129776
1746704843643,238503269,-0.046426658,0.62650347,1.3834724
1746704843660,238519936,-0.25328544,0.784215,1.8418312
1746704843676,238536603,-0.4116571,0.82707995,2.237647
1746704843693,238553270,-0.21523494,-0.3383919,2.9854107
1746704843710,238569937,-0.43429473,0.60300344,1.0837507
1746704843726,238586604,-0.7681376,1.5193479,1.5876055
1746704843743,238603271,-0.23110121,0.78348625,3.4568548
1746704843760,238619938,-0.1858699,0.2737419,3.3964348
1746704843776,238636605,-0.28056732,0.4859536,3.1587496
1746704843793,238653272,-0.32082894,0.6317806,2.4599648
1746704843810,238669939,-0.022636386,0.72116274,2.2203789
1746704843826,238686606,0.043259256,0.69106764,1.6726904
1746704843843,238703273,0.022019826,0.39608216,1.2888546
1746704843860,238719940,0.03220162,0.19474304,0.98719215
1746704843876,238736607,0.12429388,0.12041738,0.9622364
1746704843893,238753274,0.20530033,0.18218765,1.1076527
1746704843910,238769941,0.14348716,0.25106674,1.2611752
1746704843926,238786608,0.08310636,0.23947424,0.8704977
1746704843943,238803275,0.09882592,0.35057113,0.8596678
1746704843960,238819942,0.045549035,0.4405514,1.2174501
1746704843976,238836609,-0.20601736,0.3376733,0.994647
1746704843993,238853276,-0.29020253,0.3535803,0.61068344
1746704844010,238869943,-0.27922356,0.38970444,0.3856678
1746704844026,238886610,-0.26684865,0.4460372,0.083735466
1746704844043,238903277,-0.39482468,0.5530057,-0.018814087
1746704844060,238919944,-0.45998576,0.46440852,-0.1710329
1746704844076,238936611,-0.4244255,0.5257455,-0.37629318
1746704844093,238953278,-0.3162952,0.60889375,-0.6577654
1746704844110,238969945,-0.30708078,0.60634035,-0.88949394
1746704844126,238986612,-0.36559817,0.6164221,-1.0638485
1746704844143,239003279,-0.59630555,0.65718824,-1.0528975
1746704844160,239019946,-0.52900046,0.73132086,-1.2385397
1746704844176,239036613,-0.39873615,0.54345477,-1.394742
1746704844193,239053280,-0.5395208,0.27552778,-1.6824055
1746704844210,239069947,-0.5865161,0.40026432,-1.432704
1746704844226,239086614,-0.35078418,0.61283463,-1.1825733
1746704844243,239103281,-0.35603988,0.9224275,-0.8626175
1746704844260,239119948,-0.13224088,1.084243,-0.9525852
1746704844276,239136615,-0.23804124,0.9778662,-1.6459341
1746704844293,239153282,-0.015804658,0.50439835,-2.033093
1746704844310,239169949,0.32439932,0.5102395,-1.9064875
1746704844326,239186616,0.41064125,0.58262587,-2.0295973
1746704844343,239203283,0.4861775,1.082778,-1.3503971
1746704844360,239219950,0.61793244,0.5421385,-1.1929264
1746704844376,239236617,0.30862445,0.007932251,-1.4514885
1746704844393,239253284,-0.0026867376,-0.2142546,-1.6122026
1746704844410,239269951,0.009752988,-0.35213238,-1.9043674
1746704844426,239286618,0.3456581,-0.0199026,-2.0371656
1746704844443,239303285,0.49679354,0.36879984,-2.1826653
1746704844460,239319952,0.9361364,-0.14485271,-2.3025837
1746704844476,239336619,1.1795028,-0.7360351,-1.8589845
1746704844493,239353286,1.0918097,-1.3506433,-1.4117937
1746704844510,239369953,1.2063428,-1.3841801,-1.3238716
1746704844526,239386620,1.4721668,-0.77594054,-1.4564571
1746704844543,239403287,1.3890194,-0.77815443,-1.8544688
1746704844560,239419954,1.0386214,-0.9529617,-1.8628211
1746704844576,239436621,1.0168196,-0.3808408,-0.64854145
1746704844593,239453288,1.0649416,-0.6805438,-0.057890892
1746704844610,239469955,1.2470721,-0.734097,0.7776413
1746704844626,239486622,1.264108,-1.1982976,1.0969286
