timestamp_ms,timestamp_μs,freeAcceleration_m/s²_x,freeAcceleration_m/s²_y,freeAcceleration_m/s²_z
1751194488961,185678737,-1.060524,-2.2569077,1.5877962
1751194488961,185678737,-1.060524,-2.2569077,1.5877962
1751194488978,185695404,-1.6630889,-3.808937,1.5316162
1751194488978,185695404,-1.6630889,-3.808937,1.5316162
1751194488994,185712071,-1.9056135,-5.2623453,1.2617416
1751194488994,185712071,-1.9056135,-5.2623453,1.2617416
1751194489011,185728738,-1.7798896,-6.659152,0.67988205
1751194489011,185728738,-1.7798896,-6.659152,0.67988205
1751194489028,185745405,-1.3033644,-7.7266507,-0.004371643
1751194489028,185745405,-1.3033644,-7.7266507,-0.004371643
1751194489044,185762072,-0.95454395,-8.686514,-0.9137945
1751194489044,185762072,-0.95454395,-8.686514,-0.9137945
1751194489061,185778739,-1.0163927,-9.953684,-2.6353388
1751194489061,185778739,-1.0163927,-9.953684,-2.6353388
1751194489078,185795406,0.020827832,-10.253315,-3.7950358
1751194489078,185795406,0.020827832,-10.253315,-3.7950358
1751194489094,185812073,0.3568048,-10.61911,-5.8297033
1751194489094,185812073,0.3568048,-10.61911,-5.8297033
1751194489111,185828740,0.7414113,-10.99627,-8.828007
1751194489111,185828740,0.7414113,-10.99627,-8.828007
1751194489128,185845407,1.4764584,-11.346742,-10.973977
1751194489128,185845407,1.4764584,-11.346742,-10.973977
1751194489144,185862074,0.8359189,-12.095947,-11.945283
1751194489144,185862074,0.8359189,-12.095947,-11.945283
1751194489161,185878741,0.08773275,-12.352206,-10.717461
1751194489161,185878741,0.08773275,-12.352206,-10.717461
1751194489178,185895408,-0.96787065,-11.930087,-8.301978
1751194489178,185895408,-0.96787065,-11.930087,-8.301978
1751194489194,185912075,-1.343217,-8.331545,-1.8156471
1751194489194,185912075,-1.343217,-8.331545,-1.8156471
1751194489211,185928742,-3.316878,7.4308863,17.112534
1751194489211,185928742,-3.316878,7.4308863,17.112534
1751194489228,185945409,-4.6793923,1.7758695,5.041319
1751194489228,185945409,-4.6793923,1.7758695,5.041319
1751194489244,185962076,3.1377714,-8.678128,-8.054593
1751194489244,185962076,3.1377714,-8.678128,-8.054593
1751194489261,185978743,-0.9302223,-10.378239,-1.0953207
1751194489261,185978743,-0.9302223,-10.378239,-1.0953207
1751194489278,185995410,-1.9002821,-6.0503426,1.8912878
1751194489278,185995410,-1.9002821,-6.0503426,1.8912878
1751194489294,186012077,-1.1076173,-5.163046,-2.6575327
1751194489294,186012077,-1.1076173,-5.163046,-2.6575327
1751194489311,186028744,1.708346,-5.434526,-1.6377792
1751194489311,186028744,1.708346,-5.434526,-1.6377792
1751194489328,186045411,1.9097483,-4.9602246,-0.46631336
1751194489328,186045411,1.9097483,-4.9602246,-0.46631336
1751194489344,186062078,0.26837647,-4.412945,-1.0421848
1751194489344,186062078,0.26837647,-4.412945,-1.0421848
1751194489361,186078745,-1.6372205,-4.161781,-0.17218399
1751194489361,186078745,-1.6372205,-4.161781,-0.17218399
1751194489378,186095412,-3.233493,-4.097052,0.447505
1751194489378,186095412,-3.233493,-4.097052,0.447505
1751194489394,186112079,-2.154395,-3.8643277,-0.2735262
1751194489394,186112079,-2.154395,-3.8643277,-0.2735262
1751194489411,186128746,-0.5573035,-3.7631907,-0.6459503
1751194489411,186128746,-0.5573035,-3.7631907,-0.6459503
1751194489428,186145413,-0.78567666,-3.6944983,-0.4430189
1751194489428,186145413,-0.78567666,-3.6944983,-0.4430189
1751194489444,186162080,-0.95269233,-3.5394533,-0.50063896
1751194489444,186162080,-0.95269233,-3.5394533,-0.50063896
1751194489461,186178747,-0.9705492,-3.376653,-0.37177372
1751194489461,186178747,-0.9705492,-3.376653,-0.37177372
1751194489478,186195414,-0.8939308,-3.1145105,-0.154068
1751194489478,186195414,-0.8939308,-3.1145105,-0.154068
1751194489494,186212081,-0.7812415,-2.8981833,-0.65129185
1751194489494,186212081,-0.7812415,-2.8981833,-0.65129185
1751194489511,186228748,-0.8756206,-2.8990116,-0.647212
1751194489511,186228748,-0.8756206,-2.8990116,-0.647212
1751194489528,186245415,-1.1648331,-3.0235415,-0.38419724
1751194489528,186245415,-1.1648331,-3.0235415,-0.38419724
1751194489544,186262082,-1.1895411,-3.067135,-0.31498337
1751194489544,186262082,-1.1895411,-3.067135,-0.31498337
1751194489561,186278749,-1.0018898,-3.2185624,-0.39333916
1751194489561,186278749,-1.0018898,-3.2185624,-0.39333916
1751194489578,186295416,-0.8316453,-3.194352,-0.17464542
1751194489578,186295416,-0.8316453,-3.194352,-0.17464542
1751194489594,186312083,-0.6353749,-3.3223917,0.071434975
1751194489594,186312083,-0.6353749,-3.3223917,0.071434975
1751194489611,186328750,-0.37328285,-3.1845338,0.1480074
1751194489611,186328750,-0.37328285,-3.1845338,0.1480074
1751194489628,186345417,-0.7735675,-2.9515712,0.41966724
1751194489628,186345417,-0.7735675,-2.9515712,0.41966724
1751194489644,186362084,-1.4247808,-2.6680567,0.6042366
1751194489644,186362084,-1.4247808,-2.6680567,0.6042366
1751194489661,186378751,-0.9271548,-2.391862,0.3941269
1751194489661,186378751,-0.9271548,-2.391862,0.3941269
1751194489678,186395418,-0.8468241,-2.101417,0.3070984
1751194489678,186395418,-0.8468241,-2.101417,0.3070984
1751194489694,186412085,-0.5661601,-1.9387505,0.5385971
1751194489694,186412085,-0.5661601,-1.9387505,0.5385971
1751194489711,186428752,0.24291322,-1.7616723,1.1912012
1751194489711,186428752,0.24291322,-1.7616723,1.1912012
1751194489728,186445419,1.2157912,-1.6306703,1.5123005
1751194489728,186445419,1.2157912,-1.6306703,1.5123005
1751194489744,186462086,0.74936974,-1.242882,2.0118456
1751194489744,186462086,0.74936974,-1.242882,2.0118456
1751194489761,186478753,-0.8591342,-0.01758153,2.8308582
1751194489761,186478753,-0.8591342,-0.01758153,2.8308582
1751194489778,186495420,-0.9841452,1.4560593,4.767824
1751194489778,186495420,-0.9841452,1.4560593,4.767824
1751194489794,186512087,-2.3596125,4.932468,8.798569
1751194489794,186512087,-2.3596125,4.932468,8.798569
1751194489811,186528754,-1.1190311,10.877336,9.63833
1751194489811,186528754,-1.1190311,10.877336,9.63833
1751194489828,186545421,-3.329001,13.657564,7.8362293
1751194489828,186545421,-3.329001,13.657564,7.8362293
1751194489844,186562088,-5.2842054,10.95687,4.4966307
1751194489844,186562088,-5.2842054,10.95687,4.4966307
1751194489861,186578755,-10.500082,-0.65405834,2.8748808
1751194489861,186578755,-10.500082,-0.65405834,2.8748808
1751194489878,186595422,-11.957046,4.3630114,3.9564877
1751194489878,186595422,-11.957046,4.3630114,3.9564877
1751194489894,186612089,-6.3123407,9.284496,2.835391
1751194489894,186612089,-6.3123407,9.284496,2.835391
1751194489911,186628756,-1.5740864,9.837699,0.04895687
1751194489911,186628756,-1.5740864,9.837699,0.04895687
1751194489928,186645423,1.0041351,8.430577,-4.5559573
1751194489928,186645423,1.0041351,8.430577,-4.5559573
1751194489944,186662090,0.07347944,5.116803,-7.203967
1751194489944,186662090,0.07347944,5.116803,-7.203967
1751194489961,186678757,-3.3177633,3.0877337,-8.643354
1751194489961,186678757,-3.3177633,3.0877337,-8.643354
1751194489978,186695424,-3.412121,4.1549153,-8.473481
1751194489978,186695424,-3.412121,4.1549153,-8.473481
1751194489994,186712091,-2.4557986,4.245772,-7.55245
1751194489994,186712091,-2.4557986,4.245772,-7.55245
1751194490011,186728758,-1.7023737,4.3503203,-6.5539513
1751194490011,186728758,-1.7023737,4.3503203,-6.5539513
1751194490028,186745425,-1.43989,4.1001225,-5.32352
1751194490028,186745425,-1.43989,4.1001225,-5.32352
1751194490044,186762092,-1.3028029,3.728915,-3.5920372
1751194490044,186762092,-1.3028029,3.728915,-3.5920372
1751194490061,186778759,-0.62687874,3.4913936,-1.6381493
1751194490061,186778759,-0.62687874,3.4913936,-1.6381493
1751194490078,186795426,-0.29283148,2.1090717,0.6717682
1751194490078,186795426,-0.29283148,2.1090717,0.6717682
1751194490094,186812093,-0.056146566,-0.43912584,3.8544865
1751194490094,186812093,-0.056146566,-0.43912584,3.8544865
1751194490111,186828760,0.7199462,-3.1767862,7.5489807
1751194490111,186828760,0.7199462,-3.1767862,7.5489807
1751194490128,186845427,2.1287923,-8.156308,10.640924
1751194490128,186845427,2.1287923,-8.156308,10.640924
1751194490144,186862094,2.9245431,-18.211782,11.909334
1751194490144,186862094,2.9245431,-18.211782,11.909334
1751194490161,186878761,1.8203772,-25.43804,8.954208
1751194490161,186878761,1.8203772,-25.43804,8.954208
1751194490178,186895428,-5.2067566,-26.988567,0.6237278
1751194490178,186895428,-5.2067566,-26.988567,0.6237278
1751194490194,186912095,-5.727034,-28.93085,-10.244362
1751194490194,186912095,-5.727034,-28.93085,-10.244362
1751194490211,186928762,-0.696347,-32.026512,-32.62542
1751194490211,186928762,-0.696347,-32.026512,-32.62542
1751194490228,186945429,1.8197656,-24.269451,-36.407616
1751194490228,186945429,1.8197656,-24.269451,-36.407616
1751194490244,186962096,6.1633577,-21.731771,-19.042938
1751194490244,186962096,6.1633577,-21.731771,-19.042938
1751194490261,186978763,11.63988,-5.1993494,10.319654
1751194490261,186978763,11.63988,-5.1993494,10.319654
1751194490278,186995430,-11.132785,9.738523,26.316185
1751194490278,186995430,-11.132785,9.738523,26.316185
1751194490294,187012097,16.247276,-14.126913,-19.799767
1751194490294,187012097,16.247276,-14.126913,-19.799767
1751194490311,187028764,-2.849177,-13.287607,7.2982807
1751194490311,187028764,-2.849177,-13.287607,7.2982807
1751194490328,187045431,-10.872418,-7.9707055,1.2928324
1751194490328,187045431,-10.872418,-7.9707055,1.2928324
1751194490344,187062098,-0.19390889,-5.388722,-1.1698914
1751194490344,187062098,-0.19390889,-5.388722,-1.1698914
1751194490361,187078765,3.7212367,-4.2271748,-0.9086046
1751194490361,187078765,3.7212367,-4.2271748,-0.9086046
1751194490378,187095432,3.6820557,-3.920427,-0.4234991
1751194490378,187095432,3.6820557,-3.920427,-0.4234991
1751194490394,187112099,0.54913265,-3.7208323,0.19834328
1751194490394,187112099,0.54913265,-3.7208323,0.19834328
1751194490411,187128766,-0.9224535,-3.0444274,0.23603535
1751194490411,187128766,-0.9224535,-3.0444274,0.23603535
1751194490428,187145433,-2.1065176,-2.6663606,1.3050299
1751194490428,187145433,-2.1065176,-2.6663606,1.3050299
1751194490444,187162100,-1.6380224,-2.477577,0.9120283
1751194490444,187162100,-1.6380224,-2.477577,0.9120283
1751194490461,187178767,-1.1031733,-1.9799274,-0.5151396
1751194490461,187178767,-1.1031733,-1.9799274,-0.5151396
1751194490478,187195434,-1.011304,-1.8079597,-0.0688591
1751194490478,187195434,-1.011304,-1.8079597,-0.0688591
1751194490494,187212101,-1.243696,-1.4411836,0.060857773
1751194490494,187212101,-1.243696,-1.4411836,0.060857773
1751194490511,187228768,-1.6573358,-1.7153006,-0.29850674
1751194490511,187228768,-1.6573358,-1.7153006,-0.29850674
1751194490528,187245435,-1.1748629,-1.7414507,0.21275425
1751194490528,187245435,-1.1748629,-1.7414507,0.21275425
1751194490544,187262102,-0.41363463,-1.670898,-0.0050354004
1751194490544,187262102,-0.41363463,-1.670898,-0.0050354004
1751194490561,187278769,-0.71926165,-1.4627339,-0.27263546
1751194490561,187278769,-0.71926165,-1.4627339,-0.27263546
1751194490578,187295436,-1.6632519,-1.108254,-0.439003
1751194490578,187295436,-1.6632519,-1.108254,-0.439003
1751194490594,187312103,-1.3603227,-1.3383124,-0.47150135
1751194490594,187312103,-1.3603227,-1.3383124,-0.47150135
1751194490611,187328770,-0.6248926,-1.1397697,-0.32846928
1751194490611,187328770,-0.6248926,-1.1397697,-0.32846928
1751194490628,187345437,-0.3729603,-0.95948035,0.16362667
1751194490628,187345437,-0.3729603,-0.95948035,0.16362667
1751194490644,187362104,0.04971409,-0.9141302,0.7042551
1751194490644,187362104,0.04971409,-0.9141302,0.7042551
1751194490661,187378771,0.8797061,-1.1079776,0.91361713
1751194490661,187378771,0.8797061,-1.1079776,0.91361713
1751194490678,187395438,0.37709755,-0.76417136,1.0872889
1751194490678,187395438,0.37709755,-0.76417136,1.0872889
1751194490694,187412105,-0.25338793,-0.3733862,1.4136038
1751194490694,187412105,-0.25338793,-0.3733862,1.4136038
1751194490711,187428772,-1.4995531,0.5258089,1.8398151
1751194490711,187428772,-1.4995531,0.5258089,1.8398151
1751194490728,187445439,2.1517897,-1.4640985,0.8588848
1751194490728,187445439,2.1517897,-1.4640985,0.8588848
1751194490744,187462106,3.6428266,0.9520571,1.2226257
1751194490744,187462106,3.6428266,0.9520571,1.2226257
1751194490761,187478773,-0.3904825,0.8029897,2.492878
1751194490761,187478773,-0.3904825,0.8029897,2.492878
1751194490778,187495440,-3.0495272,2.8607807,4.0546675
1751194490778,187495440,-3.0495272,2.8607807,4.0546675
1751194490794,187512107,-2.9507997,4.928807,6.0616093
1751194490794,187512107,-2.9507997,4.928807,6.0616093
1751194490811,187528774,-1.0993847,6.4505267,4.708
1751194490811,187528774,-1.0993847,6.4505267,4.708
1751194490828,187545441,0.43745062,12.227233,4.3409863
1751194490828,187545441,0.43745062,12.227233,4.3409863
1751194490844,187562108,-0.70955396,14.016226,3.9358864
1751194490844,187562108,-0.70955396,14.016226,3.9358864
1751194490861,187578775,0.34161675,15.238634,1.3685741
1751194490861,187578775,0.34161675,15.238634,1.3685741
1751194490878,187595442,-6.3822136,3.0142922,1.7187195
1751194490878,187595442,-6.3822136,3.0142922,1.7187195
1751194490894,187612109,-12.304777,0.9449757,4.332242
1751194490894,187612109,-12.304777,0.9449757,4.332242
1751194490911,187628776,-8.966348,11.394767,5.382614
1751194490911,187628776,-8.966348,11.394767,5.382614
1751194490928,187645443,1.7332125,13.815568,-0.32223892
1751194490928,187645443,1.7332125,13.815568,-0.32223892
1751194490944,187662110,2.0460408,9.183275,-6.241512
1751194490944,187662110,2.0460408,9.183275,-6.241512
1751194490961,187678777,-0.85790473,4.8552375,-6.1407857
1751194490961,187678777,-0.85790473,4.8552375,-6.1407857
1751194490978,187695444,-3.388519,4.5231223,-7.1112156
1751194490978,187695444,-3.388519,4.5231223,-7.1112156
1751194490994,187712111,-3.4575348,5.923333,-8.093221
1751194490994,187712111,-3.4575348,5.923333,-8.093221
1751194491011,187728778,-1.6985867,5.446563,-7.6343174
1751194491011,187728778,-1.6985867,5.446563,-7.6343174
1751194491028,187745445,-0.10276947,4.815603,-6.35559
1751194491028,187745445,-0.10276947,4.815603,-6.35559
1751194491044,187762112,0.5009236,4.4812093,-4.9799514
1751194491044,187762112,0.5009236,4.4812093,-4.9799514
1751194491061,187778779,1.5470226,5.122244,-3.7295017
1751194491061,187778779,1.5470226,5.122244,-3.7295017
1751194491078,187795446,1.7198805,4.2484894,-2.028244
1751194491078,187795446,1.7198805,4.2484894,-2.028244
1751194491094,187812113,1.1459688,2.9750624,0.13803959
1751194491094,187812113,1.1459688,2.9750624,0.13803959
1751194491111,187828780,1.7933532,1.7909511,3.1289845
1751194491111,187828780,1.7933532,1.7909511,3.1289845
1751194491128,187845447,2.0149674,-1.1932056,5.93544
1751194491128,187845447,2.0149674,-1.1932056,5.93544
1751194491144,187862114,1.978973,-4.696016,8.815542
1751194491144,187862114,1.978973,-4.696016,8.815542
1751194491161,187878781,2.288364,-11.3808,10.640312
1751194491161,187878781,2.288364,-11.3808,10.640312
1751194491178,187895448,-0.12824486,-19.834908,10.99408
1751194491178,187895448,-0.12824486,-19.834908,10.99408
1751194491194,187912115,-4.367938,-23.831955,4.5329447
1751194491194,187912115,-4.367938,-23.831955,4.5329447
1751194491211,187928782,-6.9132667,-25.515932,-5.1606307
1751194491211,187928782,-6.9132667,-25.515932,-5.1606307
1751194491228,187945449,-1.7637079,-29.016455,-17.621126
1751194491228,187945449,-1.7637079,-29.016455,-17.621126
1751194491244,187962116,2.0250385,-29.558638,-31.020885
1751194491244,187962116,2.0250385,-29.558638,-31.020885
1751194491261,187978783,3.7710989,-23.119108,-24.069607
1751194491261,187978783,3.7710989,-23.119108,-24.069607
1751194491278,187995450,4.1321177,-18.73861,-10.410668
1751194491278,187995450,4.1321177,-18.73861,-10.410668
1751194491294,188012117,9.374073,6.910848,18.821781
1751194491294,188012117,9.374073,6.910848,18.821781
1751194491311,188028784,-8.26427,12.218554,20.704865
1751194491311,188028784,-8.26427,12.218554,20.704865
1751194491328,188045451,11.737691,-10.892964,-15.379549
1751194491328,188045451,11.737691,-10.892964,-15.379549
1751194491344,188062118,6.1571927,-12.620983,1.9012623
1751194491344,188062118,6.1571927,-12.620983,1.9012623
1751194491361,188078785,-3.1159449,-8.6556225,3.319355
1751194491361,188078785,-3.1159449,-8.6556225,3.319355
1751194491378,188095452,-7.0242414,-6.0323625,0.28333282
1751194491378,188095452,-7.0242414,-6.0323625,0.28333282
1751194491394,188112119,-1.6454328,-3.8582847,1.7935038
1751194491394,188112119,-1.6454328,-3.8582847,1.7935038
1751194491411,188128786,4.037403,-2.3683462,-2.5358372
1751194491411,188128786,4.037403,-2.3683462,-2.5358372
1751194491428,188145453,2.4751737,-1.1348369,-2.1678653
1751194491428,188145453,2.4751737,-1.1348369,-2.1678653
1751194491444,188162120,0.3032988,-1.5318246,-0.30787754
1751194491444,188162120,0.3032988,-1.5318246,-0.30787754
1751194491461,188178787,-2.663843,-1.9137738,1.4546385
1751194491461,188178787,-2.663843,-1.9137738,1.4546385
1751194491478,188195454,-1.7631763,-1.9252025,1.8345375
1751194491478,188195454,-1.7631763,-1.9252025,1.8345375
1751194491494,188212121,-0.45143694,-1.2289395,1.0077744
1751194491494,188212121,-0.45143694,-1.2289395,1.0077744
1751194491511,188228788,-0.80714506,-0.98051846,-0.6049042
1751194491511,188228788,-0.80714506,-0.98051846,-0.6049042
1751194491528,188245455,-0.24883519,-1.0979186,-0.2320242
1751194491528,188245455,-0.24883519,-1.0979186,-0.2320242
1751194491544,188262122,0.70345795,-0.91277933,0.19433022
1751194491544,188262122,0.70345795,-0.91277933,0.19433022
1751194491561,188278789,0.6361843,-1.0807493,0.73460674
1751194491561,188278789,0.6361843,-1.0807493,0.73460674
1751194491578,188295456,0.61351556,-0.94077116,0.60681057
1751194491578,188295456,0.61351556,-0.94077116,0.60681057
1751194491594,188312123,0.6676026,-0.8011357,-0.17866135
1751194491594,188312123,0.6676026,-0.8011357,-0.17866135
1751194491611,188328790,-0.05943701,-0.48756513,0.032149315
1751194491611,188328790,-0.05943701,-0.48756513,0.032149315
1751194491628,188345457,-0.41167867,-0.5146766,0.039544106
1751194491628,188345457,-0.41167867,-0.5146766,0.039544106
1751194491644,188362124,-0.19136286,-0.4765799,-0.06517315
1751194491644,188362124,-0.19136286,-0.4765799,-0.06517315
1751194491661,188378791,-0.10968876,-0.3952726,-0.25892258
1751194491661,188378791,-0.10968876,-0.3952726,-0.25892258
1751194491678,188395458,-0.41254345,-0.19297393,-0.21712685
1751194491678,188395458,-0.41254345,-0.19297393,-0.21712685
1751194491694,188412125,-0.07733884,-0.0991727,-0.1287632
1751194491694,188412125,-0.07733884,-0.0991727,-0.1287632
1751194491711,188428792,0.3531726,-0.011784497,-0.23415661
1751194491711,188428792,0.3531726,-0.011784497,-0.23415661
1751194491728,188445459,0.23019466,-0.026920794,0.08930111
1751194491728,188445459,0.23019466,-0.026920794,0.08930111
1751194491744,188462126,0.12911539,0.096274406,0.63273144
1751194491744,188462126,0.12911539,0.096274406,0.63273144
1751194491761,188478793,-0.32274914,0.5458466,0.9374943
1751194491761,188478793,-0.32274914,0.5458466,0.9374943
1751194491778,188495460,-0.21760215,0.51799554,1.2220688
1751194491778,188495460,-0.21760215,0.51799554,1.2220688
1751194491794,188512127,0.80788,0.696244,1.0936098
1751194491794,188512127,0.80788,0.696244,1.0936098
1751194491811,188528794,0.9090205,1.0081029,1.2836637
1751194491811,188528794,0.9090205,1.0081029,1.2836637
1751194491828,188545461,0.1792004,1.5037106,2.0818872
1751194491828,188545461,0.1792004,1.5037106,2.0818872
1751194491844,188562128,0.13600205,2.73974,2.7355547
1751194491844,188562128,0.13600205,2.73974,2.7355547
1751194491861,188578795,0.058694053,3.8478346,4.5686855
1751194491861,188578795,0.058694053,3.8478346,4.5686855
1751194491878,188595462,0.33732486,7.5011744,5.8961525
1751194491878,188595462,0.33732486,7.5011744,5.8961525
1751194491894,188612129,0.48424262,11.735203,6.1271286
1751194491894,188612129,0.48424262,11.735203,6.1271286
1751194491911,188628796,-0.25633448,17.871675,6.549711
1751194491911,188628796,-0.25633448,17.871675,6.549711
1751194491928,188645463,-0.35800338,26.373182,3.1386786
1751194491928,188645463,-0.35800338,26.373182,3.1386786
1751194491944,188662130,-11.055321,2.6682262,2.4853172
1751194491944,188662130,-11.055321,2.6682262,2.4853172
1751194491961,188678797,-12.538281,0.52963585,0.7683029
1751194491961,188678797,-12.538281,0.52963585,0.7683029
1751194491978,188695464,-3.809385,9.639927,-1.364047
1751194491978,188695464,-3.809385,9.639927,-1.364047
1751194491994,188712131,1.7453165,13.153036,-4.2432213
1751194491994,188712131,1.7453165,13.153036,-4.2432213
1751194492011,188728798,-0.16149303,6.761837,-7.626199
1751194492011,188728798,-0.16149303,6.761837,-7.626199
1751194492028,188745465,-2.5684485,3.9284708,-8.181843
1751194492028,188745465,-2.5684485,3.9284708,-8.181843
1751194492044,188762132,-3.7229204,3.415278,-9.319949
1751194492044,188762132,-3.7229204,3.415278,-9.319949
1751194492061,188778799,-3.1777833,2.6524923,-9.290867
1751194492061,188778799,-3.1777833,2.6524923,-9.290867
1751194492078,188795466,-2.7727053,3.3475163,-8.418813
1751194492078,188795466,-2.7727053,3.3475163,-8.418813
1751194492094,188812133,-3.3659925,3.9449062,-7.0047083
1751194492094,188812133,-3.3659925,3.9449062,-7.0047083
1751194492111,188828800,-4.0263667,3.5493062,-5.015366
1751194492111,188828800,-4.0263667,3.5493062,-5.015366
1751194492128,188845467,-5.422115,2.3927517,-3.0755334
1751194492128,188845467,-5.422115,2.3927517,-3.0755334
1751194492144,188862134,-6.0941143,-0.78541,-0.11525822
1751194492144,188862134,-6.0941143,-0.78541,-0.11525822
1751194492161,188878801,-6.409592,-4.4357977,2.6828327
1751194492161,188878801,-6.409592,-4.4357977,2.6828327
1751194492178,188895468,-7.3843217,-9.093673,4.2794456
1751194492178,188895468,-7.3843217,-9.093673,4.2794456
1751194492194,188912135,-6.454493,-13.309431,5.489664
1751194492194,188912135,-6.454493,-13.309431,5.489664
1751194492211,188928802,-3.714214,-18.20212,6.1534853
1751194492211,188928802,-3.714214,-18.20212,6.1534853
1751194492228,188945469,0.1776967,-23.109177,4.5958996
1751194492228,188945469,0.1776967,-23.109177,4.5958996
1751194492244,188962136,4.9915967,-25.454433,1.2487831
1751194492244,188962136,4.9915967,-25.454433,1.2487831
1751194492261,188978803,9.733347,-23.692875,-1.0305443
1751194492261,188978803,9.733347,-23.692875,-1.0305443
1751194492278,188995470,12.82862,-15.663013,-2.0153651
1751194492278,188995470,12.82862,-15.663013,-2.0153651
1751194492294,189012137,16.915321,-9.293494,-3.1320343
1751194492294,189012137,16.915321,-9.293494,-3.1320343
1751194492311,189028804,33.580032,-0.97268414,-6.420601
1751194492311,189028804,33.580032,-0.97268414,-6.420601
1751194492328,189045471,12.642205,8.631567,10.511082
1751194492328,189045471,12.642205,8.631567,10.511082
1751194492344,189062138,-15.652993,5.812892,1.7963533
1751194492344,189062138,-15.652993,5.812892,1.7963533
1751194492361,189078805,2.9875395,-6.514703,-2.0150452
1751194492361,189078805,2.9875395,-6.514703,-2.0150452
1751194492378,189095472,1.2684642,2.2120614,3.5393944
1751194492378,189095472,1.2684642,2.2120614,3.5393944
1751194492394,189112139,2.310322,0.27256918,-0.14007378
1751194492394,189112139,2.310322,0.27256918,-0.14007378
1751194492411,189128806,2.507666,-0.49893478,-0.7443533
1751194492411,189128806,2.507666,-0.49893478,-0.7443533
1751194492428,189145473,1.0100206,-0.9376277,-0.08495617
1751194492428,189145473,1.0100206,-0.9376277,-0.08495617
1751194492444,189162140,1.032473,0.12567174,-0.09798813
1751194492444,189162140,1.032473,0.12567174,-0.09798813
1751194492461,189178807,0.62763196,0.2224613,0.643651
1751194492461,189178807,0.62763196,0.2224613,0.643651
1751194492478,189195474,0.4786226,0.8470141,0.47961044
1751194492478,189195474,0.4786226,0.8470141,0.47961044
1751194492494,189212141,-0.07315758,0.22694506,0.6031742
1751194492494,189212141,-0.07315758,0.22694506,0.6031742
1751194492511,189228808,0.39466935,-1.1306819,0.5084114
1751194492511,189228808,0.39466935,-1.1306819,0.5084114
1751194492528,189245475,0.7549575,-0.4678408,-0.3137684
1751194492528,189245475,0.7549575,-0.4678408,-0.3137684
1751194492544,189262142,0.68715036,0.03324876,0.09441185
1751194492544,189262142,0.68715036,0.03324876,0.09441185
1751194492561,189278809,0.541495,0.38676158,0.26051044
1751194492561,189278809,0.541495,0.38676158,0.26051044
1751194492578,189295476,0.6017809,1.114181,0.3783474
1751194492578,189295476,0.6017809,1.114181,0.3783474
1751194492594,189312143,0.07741461,0.90661496,0.504714
1751194492594,189312143,0.07741461,0.90661496,0.504714
1751194492611,189328810,0.41411856,0.5226248,0.44743443
1751194492611,189328810,0.41411856,0.5226248,0.44743443
1751194492628,189345477,0.77872807,0.7342574,0.01058197
1751194492628,189345477,0.77872807,0.7342574,0.01058197
1751194492644,189362144,0.7133054,1.0143585,0.0076389313
1751194492644,189362144,0.7133054,1.0143585,0.0076389313
1751194492661,189378811,0.4366214,0.9589158,0.038269043
1751194492661,189378811,0.4366214,0.9589158,0.038269043
1751194492678,189395478,0.25911498,0.09741215,0.14737129
1751194492678,189395478,0.25911498,0.09741215,0.14737129
1751194492694,189412145,0.2582576,-0.27909276,-0.06482601
1751194492694,189412145,0.2582576,-0.27909276,-0.06482601
1751194492711,189428812,0.42067283,-0.28711486,-0.28815365
1751194492711,189428812,0.42067283,-0.28711486,-0.28815365
1751194492728,189445479,0.46292886,0.22439066,-0.15342236
1751194492728,189445479,0.46292886,0.22439066,-0.15342236
1751194492744,189462146,0.3230956,0.45165697,-0.10586262
1751194492744,189462146,0.3230956,0.45165697,-0.10586262
1751194492761,189478813,0.2176663,0.44531786,-0.19390488
1751194492761,189478813,0.2176663,0.44531786,-0.19390488
1751194492778,189495480,0.23509763,0.1973484,-0.2015152
1751194492778,189495480,0.23509763,0.1973484,-0.2015152
1751194492794,189512147,0.032663736,0.15817395,-0.16656017
1751194492794,189512147,0.032663736,0.15817395,-0.16656017
1751194492811,189528814,0.06068064,-0.041222814,-0.15890121
1751194492811,189528814,0.06068064,-0.041222814,-0.15890121
1751194492828,189545481,0.04029715,0.12096314,-0.16362
1751194492828,189545481,0.04029715,0.12096314,-0.16362
1751194492844,189562148,0.10366754,0.27586478,-0.21160412
1751194492844,189562148,0.10366754,0.27586478,-0.21160412
1751194492861,189578815,-0.14355746,0.42736015,0.14529514
1751194492861,189578815,-0.14355746,0.42736015,0.14529514
1751194492878,189595482,0.15686855,0.9175807,0.37263203
1751194492878,189595482,0.15686855,0.9175807,0.37263203
1751194492894,189612149,-0.079561226,0.9235155,0.46650505
1751194492894,189612149,-0.079561226,0.9235155,0.46650505
1751194492911,189628816,-0.60399145,1.2485027,0.25131607
1751194492911,189628816,-0.60399145,1.2485027,0.25131607
1751194492928,189645483,-0.86029553,3.9032538,0.72584724
1751194492928,189645483,-0.86029553,3.9032538,0.72584724
1751194492944,189662150,-1.637515,2.2757332,1.616952
1751194492944,189662150,-1.637515,2.2757332,1.616952
1751194492961,189678817,-0.7797987,-0.48726785,1.9324884
1751194492961,189678817,-0.7797987,-0.48726785,1.9324884
1751194492978,189695484,-1.1856138,-2.335957,2.0454865
1751194492978,189695484,-1.1856138,-2.335957,2.0454865
1751194492994,189712151,-1.5719398,-2.6912544,3.9599648
1751194492994,189712151,-1.5719398,-2.6912544,3.9599648
1751194493011,189728818,-2.0650256,-4.100591,3.9687757
1751194493011,189728818,-2.0650256,-4.100591,3.9687757
1751194493028,189745485,-3.21373,-3.6188304,2.7198296
1751194493028,189745485,-3.21373,-3.6188304,2.7198296
1751194493044,189762152,-3.3491096,-6.8551273,3.2784023
1751194493044,189762152,-3.3491096,-6.8551273,3.2784023
1751194493061,189778819,-2.960113,-9.344931,3.3265676
1751194493061,189778819,-2.960113,-9.344931,3.3265676
1751194493078,189795486,-1.8809174,-10.935292,1.7942562
1751194493078,189795486,-1.8809174,-10.935292,1.7942562
1751194493094,189812153,0.0054286825,-9.879335,0.3438835
1751194493094,189812153,0.0054286825,-9.879335,0.3438835
1751194493111,189828820,7.6999907,-6.4364295,-0.8799505
1751194493111,189828820,7.6999907,-6.4364295,-0.8799505
1751194493128,189845487,6.103482,-5.110347,2.860939
1751194493128,189845487,6.103482,-5.110347,2.860939
1751194493144,189862154,2.572137,-7.4882617,4.7100677
1751194493144,189862154,2.572137,-7.4882617,4.7100677
1751194493161,189878821,5.6377606,-15.120898,-3.3151226
1751194493161,189878821,5.6377606,-15.120898,-3.3151226
1751194493178,189895488,8.354716,-9.117536,-4.933241
1751194493178,189895488,8.354716,-9.117536,-4.933241
1751194493194,189912155,1.4446677,-5.6887436,-3.5829716
1751194493194,189912155,1.4446677,-5.6887436,-3.5829716
1751194493211,189928822,-1.0663059,-5.6687646,-3.748952
1751194493211,189928822,-1.0663059,-5.6687646,-3.748952
1751194493228,189945489,0.44474116,-6.522478,-4.2736588
1751194493228,189945489,0.44474116,-6.522478,-4.2736588
1751194493244,189962156,2.051496,-6.9091077,-4.6629257
1751194493244,189962156,2.051496,-6.9091077,-4.6629257
1751194493261,189978823,2.8309593,-6.2460637,-4.9779005
1751194493261,189978823,2.8309593,-6.2460637,-4.9779005
1751194493278,189995490,3.5123994,-5.422917,-5.038589
1751194493278,189995490,3.5123994,-5.422917,-5.038589
1751194493294,190012157,5.3623805,-5.575647,-5.026905
1751194493294,190012157,5.3623805,-5.575647,-5.026905
1751194493311,190028824,6.577742,-5.4964476,-4.3138742
1751194493311,190028824,6.577742,-5.4964476,-4.3138742
1751194493328,190045491,5.7413406,-4.488792,-2.756565
1751194493328,190045491,5.7413406,-4.488792,-2.756565
1751194493344,190062158,4.676858,-3.950913,-1.3321514
1751194493344,190062158,4.676858,-3.950913,-1.3321514
1751194493361,190078825,4.5437093,-3.1706955,0.95084953
1751194493361,190078825,4.5437093,-3.1706955,0.95084953
1751194493378,190095492,3.4316208,-1.8873166,4.104905
1751194493378,190095492,3.4316208,-1.8873166,4.104905
1751194493394,190112159,1.8296708,0.5169247,7.3168793
1751194493394,190112159,1.8296708,0.5169247,7.3168793
1751194493411,190128826,-0.6363776,3.80492,10.4956455
1751194493411,190128826,-0.6363776,3.80492,10.4956455
1751194493428,190145493,-3.4732773,11.094315,11.807095
1751194493428,190145493,-3.4732773,11.094315,11.807095
1751194493444,190162160,-4.830326,15.967672,9.103483
1751194493444,190162160,-4.830326,15.967672,9.103483
1751194493461,190178827,-1.0203491,20.236216,3.8099718
1751194493461,190178827,-1.0203491,20.236216,3.8099718
1751194493478,190195494,0.3228287,24.32015,-1.7708015
1751194493478,190195494,0.3228287,24.32015,-1.7708015
1751194493494,190212161,-6.0278916,28.586992,-13.647186
1751194493494,190212161,-6.0278916,28.586992,-13.647186
1751194493511,190228828,-10.3963585,27.669907,-24.762802
1751194493511,190228828,-10.3963585,27.669907,-24.762802
1751194493528,190245495,-7.5500655,22.525927,-17.953714
1751194493528,190245495,-7.5500655,22.525927,-17.953714
1751194493544,190262162,-5.703662,17.756752,-7.017658
1751194493544,190262162,-5.703662,17.756752,-7.017658
1751194493561,190278829,-6.74444,-10.968347,14.28944
1751194493561,190278829,-6.74444,-10.968347,14.28944
1751194493578,190295496,13.164633,-13.175448,18.94121
1751194493578,190295496,13.164633,-13.175448,18.94121
1751194493594,190312163,-13.253966,10.046758,-13.683084
1751194493594,190312163,-13.253966,10.046758,-13.683084
1751194493611,190328830,-7.125004,11.922655,3.2716188
1751194493611,190328830,-7.125004,11.922655,3.2716188
1751194493628,190345497,4.324477,7.309415,4.1637993
1751194493628,190345497,4.324477,7.309415,4.1637993
1751194493644,190362164,1.3140378,5.1632967,-0.63750744
1751194493644,190362164,1.3140378,5.1632967,-0.63750744
1751194493661,190378831,-4.716184,2.240476,1.3881807
1751194493661,190378831,-4.716184,2.240476,1.3881807
1751194493678,190395498,-5.7012653,0.77105844,-1.1296272
1751194493678,190395498,-5.7012653,0.77105844,-1.1296272
1751194493694,190412165,-2.2498574,1.3535951,-1.3128214
1751194493694,190412165,-2.2498574,1.3535951,-1.3128214
1751194493711,190428832,1.2453145,1.8025413,0.40819168
1751194493711,190428832,1.2453145,1.8025413,0.40819168
1751194493728,190445499,1.9985026,2.354019,2.042635
1751194493728,190445499,1.9985026,2.354019,2.042635
1751194493744,190462166,0.45648164,1.7680621,1.5881567
1751194493744,190462166,0.45648164,1.7680621,1.5881567
1751194493761,190478833,0.7826793,1.1061523,-0.7305517
1751194493761,190478833,0.7826793,1.1061523,-0.7305517
1751194493778,190495500,-0.74123335,1.133674,-0.13265133
1751194493778,190495500,-0.74123335,1.133674,-0.13265133
1751194493794,190512167,-1.6994872,0.7210664,0.12501335
1751194493794,190512167,-1.6994872,0.7210664,0.12501335
1751194493811,190528834,-0.70598,0.92605466,0.010937691
1751194493811,190528834,-0.70598,0.92605466,0.010937691
1751194493828,190545501,-0.04247953,0.9006633,0.37857437
1751194493828,190545501,-0.04247953,0.9006633,0.37857437
1751194493844,190562168,-0.083862506,0.79042095,-0.029650688
1751194493844,190562168,-0.083862506,0.79042095,-0.029650688
1751194493861,190578835,-0.49773788,0.8870695,-0.28695107
1751194493861,190578835,-0.49773788,0.8870695,-0.28695107
1751194493878,190595502,-0.10982801,0.97527957,0.09954357
1751194493878,190595502,-0.10982801,0.97527957,0.09954357
1751194493894,190612169,0.14527057,1.1229508,0.24150467
1751194493894,190612169,0.14527057,1.1229508,0.24150467
1751194493911,190628836,-0.089088015,1.0975608,0.14493942
1751194493911,190628836,-0.089088015,1.0975608,0.14493942
1751194493928,190645503,-0.1426985,1.0886959,0.3261795
1751194493928,190645503,-0.1426985,1.0886959,0.3261795
1751194493944,190662170,-0.34258837,0.7787399,0.8428793
1751194493944,190662170,-0.34258837,0.7787399,0.8428793
1751194493961,190678837,-0.8011978,0.7568917,0.90190697
1751194493961,190678837,-0.8011978,0.7568917,0.90190697
1751194493978,190695504,-0.23722681,0.5391908,0.9320011
1751194493978,190695504,-0.23722681,0.5391908,0.9320011
1751194493994,190712171,0.1635308,0.40152472,0.77646065
1751194493994,190712171,0.1635308,0.40152472,0.77646065
1751194494011,190728838,-0.58387125,-0.0005762164,0.2807064
1751194494011,190728838,-0.58387125,-0.0005762164,0.2807064
1751194494028,190745505,-1.550824,-0.12186708,0.47633934
1751194494028,190745505,-1.550824,-0.12186708,0.47633934
1751194494044,190762172,-1.9267304,-0.5756822,0.774992
1751194494044,190762172,-1.9267304,-0.5756822,0.774992
1751194494061,190778839,-1.9514252,-1.0423892,1.5027857
1751194494061,190778839,-1.9514252,-1.0423892,1.5027857
1751194494078,190795506,1.2624048,-1.9092859,3.1286612
1751194494078,190795506,1.2624048,-1.9092859,3.1286612
1751194494094,190812173,2.6377268,-2.9236062,4.356617
1751194494094,190812173,2.6377268,-2.9236062,4.356617
1751194494111,190828840,3.287982,-4.7069507,5.0111446
1751194494111,190828840,3.287982,-4.7069507,5.0111446
1751194494128,190845507,2.6082134,-6.984171,4.555352
1751194494128,190845507,2.6082134,-6.984171,4.555352
1751194494144,190862174,2.3424292,-13.993924,5.2106915
1751194494144,190862174,2.3424292,-13.993924,5.2106915
1751194494161,190878841,3.6306872,-15.46408,4.1459227
1751194494161,190878841,3.6306872,-15.46408,4.1459227
1751194494178,190895508,4.441898,-11.608639,2.4002934
1751194494178,190895508,4.441898,-11.608639,2.4002934
1751194494194,190912175,7.9152474,2.2928948,4.298583
1751194494194,190912175,7.9152474,2.2928948,4.298583
1751194494211,190928842,16.046652,-2.4862027,4.5960293
1751194494211,190928842,16.046652,-2.4862027,4.5960293
1751194494228,190945509,9.898313,-12.071452,1.584342
1751194494228,190945509,9.898313,-12.071452,1.584342
1751194494244,190962176,2.763565,-13.266826,-3.4540534
1751194494244,190962176,2.763565,-13.266826,-3.4540534
1751194494261,190978843,1.5722677,-7.936946,-7.070769
1751194494261,190978843,1.5722677,-7.936946,-7.070769
1751194494278,190995510,2.879464,-4.108396,-7.3068457
1751194494278,190995510,2.879464,-4.108396,-7.3068457
1751194494294,191012177,5.211878,-3.209871,-8.47089
1751194494294,191012177,5.211878,-3.209871,-8.47089
1751194494311,191028844,4.299992,-3.019169,-8.586452
1751194494311,191028844,4.299992,-3.019169,-8.586452
1751194494328,191045511,2.5775795,-3.6715314,-7.978466
1751194494328,191045511,2.5775795,-3.6715314,-7.978466
1751194494344,191062178,1.7422411,-4.049342,-6.994791
1751194494344,191062178,1.7422411,-4.049342,-6.994791
1751194494361,191078845,1.4560206,-4.541943,-5.9494314
1751194494361,191078845,1.4560206,-4.541943,-5.9494314
1751194494378,191095512,1.1220925,-5.1639686,-4.837967
1751194494378,191095512,1.1220925,-5.1639686,-4.837967
1751194494394,191112179,1.1591998,-4.3078136,-2.908443
1751194494394,191112179,1.1591998,-4.3078136,-2.908443
1751194494411,191128846,1.2123582,-3.7252011,-0.33385468
1751194494411,191128846,1.2123582,-3.7252011,-0.33385468
1751194494428,191145513,0.24952361,-3.1163046,3.295226
1751194494428,191145513,0.24952361,-3.1163046,3.295226
1751194494444,191162180,-1.9138373,-1.6068745,6.9571915
1751194494444,191162180,-1.9138373,-1.6068745,6.9571915
1751194494461,191178847,-4.71996,0.8184092,10.560377
1751194494461,191178847,-4.71996,0.8184092,10.560377
1751194494478,191195514,-8.497695,7.0161076,13.982269
1751194494478,191195514,-8.497695,7.0161076,13.982269
1751194494494,191212181,-8.986467,15.694309,14.159153
1751194494494,191212181,-8.986467,15.694309,14.159153
1751194494511,191228848,-4.32743,21.539461,8.140591
1751194494511,191228848,-4.32743,21.539461,8.140591
1751194494528,191245515,-2.9280517,25.166014,-1.608119
1751194494528,191245515,-2.9280517,25.166014,-1.608119
1751194494544,191262182,-9.546465,30.093428,-17.45027
1751194494544,191262182,-9.546465,30.093428,-17.45027
1751194494561,191278849,-11.095362,26.149897,-27.634129
1751194494561,191278849,-11.095362,26.149897,-27.634129
1751194494578,191295516,-9.956871,20.12185,-14.69541
1751194494578,191295516,-9.956871,20.12185,-14.69541
1751194494594,191312183,-9.751334,14.072917,-3.5978718
1751194494594,191312183,-9.751334,14.072917,-3.5978718
1751194494611,191328850,-0.25629693,-31.162033,29.581638
1751194494611,191328850,-0.25629693,-31.162033,29.581638
1751194494628,191345517,0.4944596,10.045502,-2.5721688
1751194494628,191345517,0.4944596,10.045502,-2.5721688
1751194494644,191362184,-21.329067,13.154574,-11.986923
1751194494644,191362184,-21.329067,13.154574,-11.986923
1751194494661,191378851,2.6785789,10.131542,11.745617
1751194494661,191378851,2.6785789,10.131542,11.745617
1751194494678,191395518,4.8867416,4.936709,-0.6719179
1751194494678,191395518,4.8867416,4.936709,-0.6719179
1751194494694,191412185,-0.7334792,3.4576838,1.5198011
1751194494694,191412185,-0.7334792,3.4576838,1.5198011
1751194494711,191428852,-3.085678,1.6347481,0.0144701
1751194494711,191428852,-3.085678,1.6347481,0.0144701
1751194494728,191445519,-3.5808842,-0.015723689,-2.0489736
1751194494728,191445519,-3.5808842,-0.015723689,-2.0489736
1751194494744,191462186,-1.3666861,0.9141749,-0.9327841
1751194494744,191462186,-1.3666861,0.9141749,-0.9327841
1751194494761,191478853,-0.65789115,1.5581928,0.728446
1751194494761,191478853,-0.65789115,1.5581928,0.728446
1751194494778,191495520,-0.43301722,1.5546091,1.9171495
1751194494778,191495520,-0.43301722,1.5546091,1.9171495
1751194494794,191512187,0.2509058,1.4543647,1.5437508
1751194494794,191512187,0.2509058,1.4543647,1.5437508
1751194494811,191528854,0.70742667,1.2243868,-0.47448158
1751194494811,191528854,0.70742667,1.2243868,-0.47448158
1751194494828,191545521,-0.68146354,0.9768967,0.089660645
1751194494828,191545521,-0.68146354,0.9768967,0.089660645
1751194494844,191562188,-1.4510975,0.60182023,0.6077194
1751194494844,191562188,-1.4510975,0.60182023,0.6077194
1751194494861,191578855,-1.5115421,0.8102385,0.035500526
1751194494861,191578855,-1.5115421,0.8102385,0.035500526
1751194494878,191595522,-0.48319343,0.8716013,0.54628086
1751194494878,191595522,-0.48319343,0.8716013,0.54628086
1751194494894,191612189,-0.35821438,0.7266748,0.44027805
1751194494894,191612189,-0.35821438,0.7266748,0.44027805
1751194494911,191628856,-0.5627538,0.6072876,0.15819073
1751194494911,191628856,-0.5627538,0.6072876,0.15819073
1751194494928,191645523,-0.3785965,0.7391144,0.35456562
1751194494928,191645523,-0.3785965,0.7391144,0.35456562
1751194494944,191662190,-0.29927692,0.79762745,0.39140034
1751194494944,191662190,-0.29927692,0.79762745,0.39140034
1751194494961,191678857,-0.2748503,0.6674736,0.19864178
1751194494961,191678857,-0.2748503,0.6674736,0.19864178
1751194494978,191695524,0.059892196,0.7463035,0.14123058
1751194494978,191695524,0.059892196,0.7463035,0.14123058
1751194494994,191712191,0.048600435,0.6095082,0.41563225
1751194494994,191712191,0.048600435,0.6095082,0.41563225
1751194495011,191728858,-0.13696294,0.43491018,0.79346085
1751194495011,191728858,-0.13696294,0.43491018,0.79346085
1751194495028,191745525,1.3472893,0.22272173,1.2472744
1751194495028,191745525,1.3472893,0.22272173,1.2472744
1751194495044,191762192,-0.8729026,1.0405893,0.24030685
1751194495044,191762192,-0.8729026,1.0405893,0.24030685
1751194495061,191778859,-1.5111941,-1.7407944,0.29685593
1751194495061,191778859,-1.5111941,-1.7407944,0.29685593
1751194495078,191795526,-0.8860219,-0.24242774,0.7840166
1751194495078,191795526,-0.8860219,-0.24242774,0.7840166
1751194495094,191812193,-1.4031795,-0.7891708,0.68775845
1751194495094,191812193,-1.4031795,-0.7891708,0.68775845
1751194495111,191828860,-1.7567534,-1.200226,0.61341476
1751194495111,191828860,-1.7567534,-1.200226,0.61341476
1751194495128,191845527,1.0774916,-1.5395952,1.8023214
1751194495128,191845527,1.0774916,-1.5395952,1.8023214
1751194495144,191862194,2.6061668,-2.5509021,3.7489204
1751194495144,191862194,2.6061668,-2.5509021,3.7489204
1751194495161,191878861,3.2084854,-4.2711334,5.1505585
1751194495161,191878861,3.2084854,-4.2711334,5.1505585
1751194495178,191895528,1.9293692,-7.371025,3.7336483
1751194495178,191895528,1.9293692,-7.371025,3.7336483
1751194495194,191912195,2.972682,-12.058389,3.9324303
1751194495194,191912195,2.972682,-12.058389,3.9324303
1751194495211,191928862,2.8193874,-14.635921,3.0357037
1751194495211,191928862,2.8193874,-14.635921,3.0357037
1751194495228,191945529,3.8958213,-13.120389,1.1868973
1751194495228,191945529,3.8958213,-13.120389,1.1868973
1751194495244,191962196,4.721637,0.34474427,4.3374996
1751194495244,191962196,4.721637,0.34474427,4.3374996
1751194495261,191978863,8.952864,-1.2509109,5.980959
1751194495261,191978863,8.952864,-1.2509109,5.980959
1751194495278,191995530,11.90319,-10.01229,4.4316616
1751194495278,191995530,11.90319,-10.01229,4.4316616
1751194495294,192012197,3.1873899,-10.561137,-1.8675451
1751194495294,192012197,3.1873899,-10.561137,-1.8675451
1751194495311,192028864,1.3107381,-8.912288,-6.2376547
1751194495311,192028864,1.3107381,-8.912288,-6.2376547
1751194495328,192045531,2.9921374,-5.1117144,-7.4570255
1751194495328,192045531,2.9921374,-5.1117144,-7.4570255
1751194495344,192062198,4.8768616,-2.169359,-8.085588
1751194495344,192062198,4.8768616,-2.169359,-8.085588
1751194495361,192078865,5.2661085,-3.0415642,-8.152794
1751194495361,192078865,5.2661085,-3.0415642,-8.152794
1751194495378,192095532,3.7750108,-4.155702,-7.902647
1751194495378,192095532,3.7750108,-4.155702,-7.902647
1751194495394,192112199,2.366191,-4.1022754,-6.8163133
1751194495394,192112199,2.366191,-4.1022754,-6.8163133
1751194495411,192128866,1.5221391,-4.848908,-5.6618342
1751194495411,192128866,1.5221391,-4.848908,-5.6618342
1751194495428,192145533,0.50176823,-5.0291986,-3.9935389
1751194495428,192145533,0.50176823,-5.0291986,-3.9935389
1751194495444,192162200,0.31385064,-5.083189,-2.0325136
1751194495444,192162200,0.31385064,-5.083189,-2.0325136
1751194495461,192178867,-0.55442256,-4.725106,0.51017
1751194495461,192178867,-0.55442256,-4.725106,0.51017
1751194495478,192195534,-2.062314,-2.7439263,3.7026815
1751194495478,192195534,-2.062314,-2.7439263,3.7026815
1751194495494,192212201,-3.3446112,0.71307117,6.790245
1751194495494,192212201,-3.3446112,0.71307117,6.790245
1751194495511,192228868,-4.7911863,3.777105,9.3855915
1751194495511,192228868,-4.7911863,3.777105,9.3855915
1751194495528,192245535,-7.0123076,8.907296,10.246992
1751194495528,192245535,-7.0123076,8.907296,10.246992
1751194495544,192262202,-7.702271,13.096577,8.617777
1751194495544,192262202,-7.702271,13.096577,8.617777
1751194495561,192278869,-8.087133,15.274673,4.689599
1751194495561,192278869,-8.087133,15.274673,4.689599
1751194495578,192295536,-8.286964,17.109074,0.86779976
1751194495578,192295536,-8.286964,17.109074,0.86779976
1751194495594,192312203,-6.6289773,18.468098,-4.5871816
1751194495594,192312203,-6.6289773,18.468098,-4.5871816
1751194495611,192328870,-3.6062112,22.206234,-12.462479
1751194495611,192328870,-3.6062112,22.206234,-12.462479
1751194495628,192345537,-3.0567296,22.599943,-17.475069
1751194495628,192345537,-3.0567296,22.599943,-17.475069
1751194495644,192362204,-4.66179,18.925062,-12.678938
1751194495644,192362204,-4.66179,18.925062,-12.678938
1751194495661,192378871,-5.0960035,14.743093,-5.297164
1751194495661,192378871,-5.0960035,14.743093,-5.297164
1751194495678,192395538,-5.346015,4.084511,3.452321
1751194495678,192395538,-5.346015,4.084511,3.452321
1751194495694,192412205,1.0204475,-25.445091,25.673046
1751194495694,192412205,1.0204475,-25.445091,25.673046
1751194495711,192428872,1.1568085,-1.7443675,-1.741148
1751194495711,192428872,1.1568085,-1.7443675,-1.741148
1751194495728,192445539,-6.319046,14.281807,-9.473047
1751194495728,192445539,-6.319046,14.281807,-9.473047
1751194495744,192462206,0.9379216,8.950237,6.044114
1751194495744,192462206,0.9379216,8.950237,6.044114
1751194495761,192478873,-3.9281194,3.23362,1.5587311
1751194495761,192478873,-3.9281194,3.23362,1.5587311
1751194495778,192495540,-2.2967143,3.423052,3.0892448
1751194495778,192495540,-2.2967143,3.423052,3.0892448
1751194495794,192512207,-3.3362448,-0.4985708,-1.6467743
1751194495794,192512207,-3.3362448,-0.4985708,-1.6467743
1751194495811,192528874,-1.1558449,-0.34818557,-3.9706635
1751194495811,192528874,-1.1558449,-0.34818557,-3.9706635
1751194495828,192545541,3.0623465,0.9848048,-1.8398223
1751194495828,192545541,3.0623465,0.9848048,-1.8398223
1751194495844,192562208,0.89038825,0.79081196,0.6544981
1751194495844,192562208,0.89038825,0.79081196,0.6544981
1751194495861,192578875,-1.90704,1.793849,1.9803267
1751194495861,192578875,-1.90704,1.793849,1.9803267
1751194495878,192595542,-1.3439885,1.2333211,1.5207157
1751194495878,192595542,-1.3439885,1.2333211,1.5207157
1751194495894,192612209,-0.95666695,1.2404212,-0.3100443
1751194495894,192612209,-0.95666695,1.2404212,-0.3100443
1751194495911,192628876,-0.5436383,1.0949188,0.32247066
1751194495911,192628876,-0.5436383,1.0949188,0.32247066
1751194495928,192645543,0.11378061,0.8759332,0.2302885
1751194495928,192645543,0.11378061,0.8759332,0.2302885
1751194495944,192662210,-0.19359173,0.799538,-0.014724731
1751194495944,192662210,-0.19359173,0.799538,-0.014724731
1751194495961,192678877,-0.8917168,0.8050852,0.091321945
1751194495961,192678877,-0.8917168,0.8050852,0.091321945
1751194495978,192695544,-0.9127147,0.7720513,0.20324135
1751194495978,192695544,-0.9127147,0.7720513,0.20324135
1751194495994,192712211,-0.44325122,0.713857,0.22594643
1751194495994,192712211,-0.44325122,0.713857,0.22594643
1751194496011,192728878,-0.09807413,0.6476929,0.046536446
1751194496011,192728878,-0.09807413,0.6476929,0.046536446
1751194496028,192745545,-0.20347859,0.6727347,-0.062048912
1751194496028,192745545,-0.20347859,0.6727347,-0.062048912
1751194496044,192762212,-0.28409213,0.7939051,0.11418152
1751194496044,192762212,-0.28409213,0.7939051,0.11418152
1751194496061,192778879,-0.23981063,0.77230924,0.14468384
1751194496061,192778879,-0.23981063,0.77230924,0.14468384
1751194496078,192795546,-0.29032344,0.8713541,-0.0018320084
1751194496078,192795546,-0.29032344,0.8713541,-0.0018320084
1751194496094,192812213,-0.29973936,0.79845625,-0.018982887
1751194496094,192812213,-0.29973936,0.79845625,-0.018982887
1751194496111,192828880,-0.26426718,0.8087282,0.004579544
1751194496111,192828880,-0.26426718,0.8087282,0.004579544
1751194496128,192845547,-0.26441514,0.7179746,0.036510468
1751194496128,192845547,-0.26441514,0.7179746,0.036510468
1751194496144,192862214,-0.33157185,0.74716985,0.035704613
1751194496144,192862214,-0.33157185,0.74716985,0.035704613
1751194496161,192878881,-0.28933215,0.7169057,-0.0006866455
1751194496161,192878881,-0.28933215,0.7169057,-0.0006866455
1751194496178,192895548,-0.215901,0.5980496,-0.0859499
1751194496178,192895548,-0.215901,0.5980496,-0.0859499
1751194496194,192912215,-0.30541167,0.5341542,-0.11189842
1751194496194,192912215,-0.30541167,0.5341542,-0.11189842
1751194496211,192928882,-0.2501177,0.55619544,-0.06594467
1751194496211,192928882,-0.2501177,0.55619544,-0.06594467
1751194496228,192945549,0.18254414,0.25143084,0.2159214
1751194496228,192945549,0.18254414,0.25143084,0.2159214
1751194496244,192962216,0.4070761,0.16224381,0.3273611
1751194496244,192962216,0.4070761,0.16224381,0.3273611
1751194496261,192978883,-0.12010491,0.24984121,0.22853279
1751194496261,192978883,-0.12010491,0.24984121,0.22853279
1751194496278,192995550,-0.61388886,0.3908314,0.14202595
1751194496278,192995550,-0.61388886,0.3908314,0.14202595
1751194496294,193012217,-0.27565116,0.0077954615,0.6150484
1751194496294,193012217,-0.27565116,0.0077954615,0.6150484
1751194496311,193028884,0.5188661,-0.5649198,1.3418379
1751194496311,193028884,0.5188661,-0.5649198,1.3418379
1751194496328,193045551,0.75806344,-0.94908965,1.8963299
1751194496328,193045551,0.75806344,-0.94908965,1.8963299
1751194496344,193062218,1.5354947,-1.3355521,1.9429541
1751194496344,193062218,1.5354947,-1.3355521,1.9429541
1751194496361,193078885,2.3274536,-1.7487159,1.5116091
1751194496361,193078885,2.3274536,-1.7487159,1.5116091
1751194496378,193095552,0.5652251,-0.5073619,1.0006657
1751194496378,193095552,0.5652251,-0.5073619,1.0006657
1751194496394,193112219,-0.66399664,-1.8074726,2.1654682
1751194496394,193112219,-0.66399664,-1.8074726,2.1654682
1751194496411,193128886,-0.33781436,-0.19695559,1.833456
1751194496411,193128886,-0.33781436,-0.19695559,1.833456
1751194496428,193145553,-0.6081403,-0.5654822,2.596877
1751194496428,193145553,-0.6081403,-0.5654822,2.596877
1751194496444,193162220,-0.2541311,-1.7255797,2.4322948
1751194496444,193162220,-0.2541311,-1.7255797,2.4322948
1751194496461,193178887,0.25481817,-1.6575022,1.8630571
1751194496461,193178887,0.25481817,-1.6575022,1.8630571
1751194496478,193195554,0.13082571,-1.7642734,0.8851261
1751194496478,193195554,0.13082571,-1.7642734,0.8851261
1751194496494,193212221,1.7186238,-2.0047333,-0.69732
1751194496494,193212221,1.7186238,-2.0047333,-0.69732
1751194496511,193228888,1.4150171,-2.9092658,-2.087348
1751194496511,193228888,1.4150171,-2.9092658,-2.087348
1751194496528,193245555,-1.3765181,-2.088181,-2.6279426
1751194496528,193245555,-1.3765181,-2.088181,-2.6279426
1751194496544,193262222,-4.5554976,-0.6141909,-2.7951183
1751194496544,193262222,-4.5554976,-0.6141909,-2.7951183
1751194496561,193278889,-5.6892204,1.028817,-2.6763992
1751194496561,193278889,-5.6892204,1.028817,-2.6763992
1751194496578,193295556,-5.946565,2.0865526,-2.3272114
1751194496578,193295556,-5.946565,2.0865526,-2.3272114
1751194496594,193312223,-6.2094517,3.7932594,-2.3424668
1751194496594,193312223,-6.2094517,3.7932594,-2.3424668
1751194496611,193328890,-6.285204,5.9613185,-2.3303046
1751194496611,193328890,-6.285204,5.9613185,-2.3303046
1751194496628,193345557,-6.085094,7.7717786,-2.0639477
1751194496628,193345557,-6.085094,7.7717786,-2.0639477
1751194496644,193362224,-5.3801255,8.653556,-1.8087826
1751194496644,193362224,-5.3801255,8.653556,-1.8087826
1751194496661,193378891,-4.3425794,8.369047,-1.6125212
1751194496661,193378891,-4.3425794,8.369047,-1.6125212
1751194496678,193395558,-3.3009644,7.7526336,-1.1261244
1751194496678,193395558,-3.3009644,7.7526336,-1.1261244
1751194496694,193412225,-2.2120218,7.0957284,-0.34441566
1751194496694,193412225,-2.2120218,7.0957284,-0.34441566
1751194496711,193428892,-1.0070591,6.5776296,0.58334064
1751194496711,193428892,-1.0070591,6.5776296,0.58334064
1751194496728,193445559,-0.09379587,6.0216284,1.3940134
1751194496728,193445559,-0.09379587,6.0216284,1.3940134
1751194496744,193462226,0.97479993,5.1129317,2.0833158
1751194496744,193462226,0.97479993,5.1129317,2.0833158
1751194496761,193478893,1.9866704,3.8222446,2.64464
1751194496761,193478893,1.9866704,3.8222446,2.64464
1751194496778,193495560,2.9110806,2.156604,3.0355835
1751194496778,193495560,2.9110806,2.156604,3.0355835
1751194496794,193512227,4.122174,-0.17652807,2.980298
1751194496794,193512227,4.122174,-0.17652807,2.980298
1751194496811,193528894,5.8809896,-1.6041096,1.7581053
1751194496811,193528894,5.8809896,-1.6041096,1.7581053
1751194496828,193545561,7.292185,-2.4981537,0.37474155
1751194496828,193545561,7.292185,-2.4981537,0.37474155
1751194496844,193562228,8.329817,-3.7117705,-1.7545013
1751194496844,193562228,8.329817,-3.7117705,-1.7545013
1751194496861,193578895,9.815459,-3.7895222,-5.024766
1751194496861,193578895,9.815459,-3.7895222,-5.024766
1751194496878,193595562,10.430174,-4.863221,-7.628759
1751194496878,193595562,10.430174,-4.863221,-7.628759
1751194496894,193612229,8.8133,-7.3507304,-6.621666
1751194496894,193612229,8.8133,-7.3507304,-6.621666
1751194496911,193628896,5.883756,-8.91561,-4.169185
1751194496911,193628896,5.883756,-8.91561,-4.169185
1751194496928,193645563,2.102012,-8.830847,-1.6619692
1751194496928,193645563,2.102012,-8.830847,-1.6619692
1751194496944,193662230,-7.444878,-2.8890646,3.973793
1751194496944,193662230,-7.444878,-2.8890646,3.973793
1751194496961,193678897,-24.793848,11.308956,13.006197
1751194496961,193678897,-24.793848,11.308956,13.006197
1751194496978,193695564,-7.6373887,3.0959857,-2.5028086
1751194496978,193695564,-7.6373887,3.0959857,-2.5028086
1751194496994,193712231,3.1868093,-8.893923,-3.9845676
1751194496994,193712231,3.1868093,-8.893923,-3.9845676
1751194497011,193728898,0.36496896,-5.09054,3.868801
1751194497011,193728898,0.36496896,-5.09054,3.868801
1751194497028,193745565,6.198617,2.2634983,1.6820221
1751194497028,193745565,6.198617,2.2634983,1.6820221
1751194497044,193762232,3.7135444,-0.97857165,2.4935074
1751194497044,193762232,3.7135444,-0.97857165,2.4935074
1751194497061,193778899,2.8388507,2.264104,0.92061806
1751194497061,193778899,2.8388507,2.264104,0.92061806
1751194497078,193795566,0.8900936,0.35680377,-3.731834
1751194497078,193795566,0.8900936,0.35680377,-3.731834
1751194497094,193812233,-2.2664804,-2.3389523,-0.8622017
1751194497094,193812233,-2.2664804,-2.3389523,-0.8622017
1751194497111,193828900,-0.5950006,-1.2336662,1.3276281
1751194497111,193828900,-0.5950006,-1.2336662,1.3276281
1751194497128,193845567,0.11144892,-0.48822248,1.4414625
1751194497128,193845567,0.11144892,-0.48822248,1.4414625
1751194497144,193862234,0.17521381,-0.76509756,0.50881577
1751194497144,193862234,0.17521381,-0.76509756,0.50881577
1751194497161,193878901,0.67381805,-0.4627427,0.7937994
1751194497161,193878901,0.67381805,-0.4627427,0.7937994
1751194497178,193895568,0.41728258,-0.5231676,0.7450638
1751194497178,193895568,0.41728258,-0.5231676,0.7450638
1751194497194,193912235,-0.6497991,-0.5066236,0.23785686
1751194497194,193912235,-0.6497991,-0.5066236,0.23785686
1751194497211,193928902,-1.2401013,-0.50182146,-0.5702858
1751194497211,193928902,-1.2401013,-0.50182146,-0.5702858
1751194497228,193945569,-0.6124539,-0.044626374,-0.59741783
1751194497228,193945569,-0.6124539,-0.044626374,-0.59741783
1751194497244,193962236,-0.14171638,0.15665866,-0.2665167
1751194497244,193962236,-0.14171638,0.15665866,-0.2665167
1751194497261,193978903,-0.70744264,-0.13213617,-0.13618183
1751194497261,193978903,-0.70744264,-0.13213617,-0.13618183
1751194497278,193995570,-0.93323386,-0.2844598,-0.25051117
1751194497278,193995570,-0.93323386,-0.2844598,-0.25051117
1751194497295,194012237,-0.9892377,-0.3347797,-0.21617031
1751194497295,194012237,-0.9892377,-0.3347797,-0.21617031
1751194497311,194028904,-0.5654491,-0.41968223,-0.022278786
1751194497311,194028904,-0.5654491,-0.41968223,-0.022278786
1751194497328,194045571,-0.51473916,-0.15829657,0.1236887
1751194497328,194045571,-0.51473916,-0.15829657,0.1236887
1751194497345,194062238,-0.3749734,-0.03164295,0.05515957
1751194497345,194062238,-0.3749734,-0.03164295,0.05515957
1751194497361,194078905,-0.47327527,-0.15813094,0.03392315
1751194497361,194078905,-0.47327527,-0.15813094,0.03392315
1751194497378,194095572,-0.62757295,-0.19014359,0.0380373
1751194497378,194095572,-0.62757295,-0.19014359,0.0380373
1751194497395,194112239,-0.72630847,-0.21227719,0.20130634
1751194497395,194112239,-0.72630847,-0.21227719,0.20130634
1751194497411,194128906,-0.3122351,-0.13596852,0.2500267
1751194497411,194128906,-0.3122351,-0.13596852,0.2500267
1751194497428,194145573,0.018579962,0.012030808,0.1802597
1751194497428,194145573,0.018579962,0.012030808,0.1802597
1751194497445,194162240,-0.16285713,0.08268727,0.26056767
1751194497445,194162240,-0.16285713,0.08268727,0.26056767
1751194497461,194178907,-0.25383896,0.039474174,0.38080883
1751194497461,194178907,-0.25383896,0.039474174,0.38080883
1751194497478,194195574,-0.12079914,0.11069613,0.4797058
1751194497478,194195574,-0.12079914,0.11069613,0.4797058
1751194497495,194212241,-0.49240753,0.15809786,0.5174198
1751194497495,194212241,-0.49240753,0.15809786,0.5174198
1751194497511,194228908,-0.8701914,-0.06943855,0.606657
1751194497511,194228908,-0.8701914,-0.06943855,0.606657
1751194497528,194245575,-0.6638022,0.20851345,0.5504236
1751194497528,194245575,-0.6638022,0.20851345,0.5504236
1751194497545,194262242,0.13549131,0.6974592,0.411314
1751194497545,194262242,0.13549131,0.6974592,0.411314
1751194497561,194278909,0.41354388,1.0491081,0.7902889
1751194497561,194278909,0.41354388,1.0491081,0.7902889
1751194497578,194295576,-0.34081525,1.4734772,1.4120159
1751194497578,194295576,-0.34081525,1.4734772,1.4120159
1751194497595,194312243,-0.71984136,2.0581934,2.1579313
1751194497595,194312243,-0.71984136,2.0581934,2.1579313
1751194497611,194328910,-1.2203472,2.640578,3.3384895
1751194497611,194328910,-1.2203472,2.640578,3.3384895
1751194497628,194345577,-1.3116491,3.8412535,3.4644995
1751194497628,194345577,-1.3116491,3.8412535,3.4644995
1751194497645,194362244,-1.3891447,5.042985,2.9459743
1751194497645,194362244,-1.3891447,5.042985,2.9459743
1751194497661,194378911,-2.041393,6.3798156,3.1135378
1751194497661,194378911,-2.041393,6.3798156,3.1135378
1751194497678,194395578,-2.8926144,8.802997,3.1635847
1751194497678,194395578,-2.8926144,8.802997,3.1635847
1751194497695,194412245,-4.63774,12.623505,2.2660341
1751194497695,194412245,-4.63774,12.623505,2.2660341
1751194497711,194428912,-5.22905,9.954104,1.4574995
1751194497711,194428912,-5.22905,9.954104,1.4574995
1751194497728,194445579,-6.716863,8.406079,1.1753187
1751194497728,194445579,-6.716863,8.406079,1.1753187
1751194497745,194462246,-8.31925,-1.7452937,2.4574585
1751194497745,194462246,-8.31925,-1.7452937,2.4574585
1751194497761,194478913,-9.813089,1.2368017,1.9487047
1751194497761,194478913,-9.813089,1.2368017,1.9487047
1751194497778,194495580,-8.584611,8.760358,-0.009050369
1751194497778,194495580,-8.584611,8.760358,-0.009050369
1751194497795,194512247,-3.485539,10.218987,-4.3357096
1751194497795,194512247,-3.485539,10.218987,-4.3357096
1751194497811,194528914,-1.2431531,7.8070188,-7.7877617
1751194497811,194528914,-1.2431531,7.8070188,-7.7877617
1751194497828,194545581,-2.5332007,4.162389,-8.95016
1751194497828,194545581,-2.5332007,4.162389,-8.95016
1751194497845,194562248,-4.0280457,3.5282307,-8.625239
1751194497845,194562248,-4.0280457,3.5282307,-8.625239
1751194497861,194578915,-3.6206892,4.810404,-8.079994
1751194497861,194578915,-3.6206892,4.810404,-8.079994
1751194497878,194595582,-2.1983972,5.5570273,-7.210511
1751194497878,194595582,-2.1983972,5.5570273,-7.210511
1751194497895,194612249,-1.1876528,6.1980133,-6.5008097
1751194497895,194612249,-1.1876528,6.1980133,-6.5008097
1751194497911,194628916,-0.44257554,6.5602646,-5.595012
1751194497911,194628916,-0.44257554,6.5602646,-5.595012
1751194497928,194645583,0.40530363,6.369995,-4.1688824
1751194497928,194645583,0.40530363,6.369995,-4.1688824
1751194497945,194662250,0.5701516,6.0600214,-2.3609333
1751194497945,194662250,0.5701516,6.0600214,-2.3609333
1751194497961,194678917,0.7084947,5.8419814,-0.28065014
1751194497961,194678917,0.7084947,5.8419814,-0.28065014
1751194497978,194695584,0.843883,5.4128814,2.5649338
1751194497978,194695584,0.843883,5.4128814,2.5649338
1751194497995,194712251,1.6687338,4.0773435,6.3950214
1751194497995,194712251,1.6687338,4.0773435,6.3950214
1751194498011,194728918,3.289824,1.7334682,9.742315
1751194498011,194728918,3.289824,1.7334682,9.742315
1751194498028,194745585,4.957791,-4.7923,12.557259
1751194498028,194745585,4.957791,-4.7923,12.557259
1751194498045,194762252,5.0613875,-9.183423,13.274965
1751194498045,194762252,5.0613875,-9.183423,13.274965
1751194498061,194778919,2.2471304,-14.446684,9.00503
1751194498061,194778919,2.2471304,-14.446684,9.00503
1751194498078,194795586,1.0970621,-18.345175,3.619752
1751194498078,194795586,1.0970621,-18.345175,3.619752
1751194498095,194812253,4.248557,-20.59388,-3.7576666
1751194498095,194812253,4.248557,-20.59388,-3.7576666
1751194498111,194828920,9.4530115,-25.35807,-15.111884
1751194498111,194828920,9.4530115,-25.35807,-15.111884
1751194498128,194845587,10.300005,-22.202883,-17.14317
1751194498128,194845587,10.300005,-22.202883,-17.14317
1751194498145,194862254,6.2267027,-17.424398,-8.944523
1751194498145,194862254,6.2267027,-17.424398,-8.944523
1751194498161,194878921,2.303598,-12.192806,-2.0125012
1751194498161,194878921,2.303598,-12.192806,-2.0125012
1751194498178,194895588,-2.4062555,26.134165,21.54979
1751194498178,194895588,-2.4062555,26.134165,21.54979
1751194498195,194912255,-5.6084228,-8.357425,-0.037781715
1751194498195,194912255,-5.6084228,-8.357425,-0.037781715
1751194498211,194928922,14.769742,-11.770818,-5.740961
1751194498211,194928922,14.769742,-11.770818,-5.740961
1751194498228,194945589,-1.3489407,-3.5777705,6.655937
1751194498228,194945589,-1.3489407,-3.5777705,6.655937
1751194498245,194962256,-3.1044538,-5.606003,-2.2878718
1751194498245,194962256,-3.1044538,-5.606003,-2.2878718
1751194498261,194978923,-2.014647,-3.5164995,4.9404755
1751194498261,194978923,-2.014647,-3.5164995,4.9404755
1751194498278,194995590,1.4648889,-1.5352725,1.2257347
1751194498278,194995590,1.4648889,-1.5352725,1.2257347
1751194498295,195012257,4.340483,0.8548397,-3.372891
1751194498295,195012257,4.340483,0.8548397,-3.372891
1751194498311,195028924,2.608575,-0.010140895,-1.9873581
1751194498311,195028924,2.608575,-0.010140895,-1.9873581
1751194498328,195045591,-0.17110364,-0.85587716,1.0923052
1751194498328,195045591,-0.17110364,-0.85587716,1.0923052
1751194498345,195062258,-2.162753,-0.56125623,2.3389883
1751194498345,195062258,-2.162753,-0.56125623,2.3389883
1751194498361,195078925,-2.9332075,-0.95144635,1.0863619
1751194498361,195078925,-2.9332075,-0.95144635,1.0863619
1751194498378,195095592,-2.063608,-0.53754085,-0.58357906
1751194498378,195095592,-2.063608,-0.53754085,-0.58357906
1751194498395,195112259,-0.8212018,-0.38054198,-0.7790203
1751194498395,195112259,-0.8212018,-0.38054198,-0.7790203
1751194498411,195128926,-0.22777401,-0.1911836,-0.17758942
1751194498411,195128926,-0.22777401,-0.1911836,-0.17758942
1751194498428,195145593,0.85346925,-0.009310432,0.084812164
1751194498428,195145593,0.85346925,-0.009310432,0.084812164
1751194498445,195162260,0.41268182,0.3011531,0.56478405
1751194498445,195162260,0.41268182,0.3011531,0.56478405
1751194498461,195178927,0.153831,-0.006478523,0.22709084
1751194498461,195178927,0.153831,-0.006478523,0.22709084
1751194498478,195195594,0.12473968,-0.12248041,-0.112407684
1751194498478,195195594,0.12473968,-0.12248041,-0.112407684
1751194498495,195212261,-0.699199,-0.00299485,0.24934864
1751194498495,195212261,-0.699199,-0.00299485,0.24934864
1751194498511,195228928,-0.752497,-0.065195374,0.27715302
1751194498511,195228928,-0.752497,-0.065195374,0.27715302
1751194498528,195245595,-0.26246837,-0.10963467,0.27077675
1751194498528,195245595,-0.26246837,-0.10963467,0.27077675
1751194498545,195262262,-0.21756059,-0.08049551,0.2374878
1751194498545,195262262,-0.21756059,-0.08049551,0.2374878
1751194498561,195278929,-0.35695243,0.052599527,0.7095957
1751194498561,195278929,-0.35695243,0.052599527,0.7095957
1751194498578,195295596,0.072706975,0.20654899,0.8492861
1751194498578,195295596,0.072706975,0.20654899,0.8492861
1751194498595,195312263,0.1511084,0.35672155,0.7830801
1751194498595,195312263,0.1511084,0.35672155,0.7830801
1751194498611,195328930,-0.35726893,0.5268149,0.88019276
1751194498611,195328930,-0.35726893,0.5268149,0.88019276
1751194498628,195345597,-0.6467238,0.9483948,0.9927635
1751194498628,195345597,-0.6467238,0.9483948,0.9927635
1751194498645,195362264,-0.5633751,1.2776253,1.2637205
1751194498645,195362264,-0.5633751,1.2776253,1.2637205
1751194498661,195378931,-0.40134904,1.6455911,1.5172396
1751194498661,195378931,-0.40134904,1.6455911,1.5172396
1751194498678,195395598,1.3787216,1.779342,1.0725527
1751194498678,195395598,1.3787216,1.779342,1.0725527
1751194498695,195412265,-0.26993704,2.8953056,1.6332846
1751194498695,195412265,-0.26993704,2.8953056,1.6332846
1751194498711,195428932,-3.414076,2.961813,2.8765945
1751194498711,195428932,-3.414076,2.961813,2.8765945
1751194498728,195445599,-4.171652,4.0385323,4.362462
1751194498728,195445599,-4.171652,4.0385323,4.362462
1751194498745,195462266,-3.620172,6.5015616,3.5376415
1751194498745,195462266,-3.620172,6.5015616,3.5376415
1751194498761,195478933,-3.2611778,9.517469,3.359004
1751194498761,195478933,-3.2611778,9.517469,3.359004
1751194498778,195495600,-4.089158,16.792463,2.9275856
1751194498778,195495600,-4.089158,16.792463,2.9275856
1751194498795,195512267,-4.13686,15.820267,0.56860447
1751194498795,195512267,-4.13686,15.820267,0.56860447
1751194498811,195528934,-5.1969895,11.675253,-0.38277245
1751194498811,195528934,-5.1969895,11.675253,-0.38277245
1751194498828,195545601,-7.620114,-4.0677347,4.4634438
1751194498828,195545601,-7.620114,-4.0677347,4.4634438
1751194498845,195562268,-15.137104,5.1547494,4.3744316
1751194498845,195562268,-15.137104,5.1547494,4.3744316
1751194498861,195578935,-10.016498,11.239024,0.15138817
1751194498861,195578935,-10.016498,11.239024,0.15138817
1751194498878,195595602,-4.07602,13.1911955,-5.500582
1751194498878,195595602,-4.07602,13.1911955,-5.500582
1751194498895,195612269,-1.2469407,8.51484,-8.14017
1751194498895,195612269,-1.2469407,8.51484,-8.14017
1751194498911,195628936,-2.002837,2.8241208,-7.865821
1751194498911,195628936,-2.002837,2.8241208,-7.865821
1751194498928,195645603,-4.386182,3.0449204,-8.892557
1751194498928,195645603,-4.386182,3.0449204,-8.892557
1751194498945,195662270,-3.3207567,4.075926,-8.8321
1751194498945,195662270,-3.3207567,4.075926,-8.8321
1751194498961,195678937,-1.4460642,5.18402,-8.151609
1751194498961,195678937,-1.4460642,5.18402,-8.151609
1751194498978,195695604,-0.47732064,5.409597,-6.8991632
1751194498978,195695604,-0.47732064,5.409597,-6.8991632
1751194498995,195712271,0.012582215,6.1984725,-5.5852985
1751194498995,195712271,0.012582215,6.1984725,-5.5852985
1751194499011,195728938,0.52995366,6.867668,-4.1083293
1751194499011,195728938,0.52995366,6.867668,-4.1083293
1751194499028,195745605,0.5938254,6.1567855,-2.0759664
1751194499028,195745605,0.5938254,6.1567855,-2.0759664
1751194499045,195762272,0.63722473,5.6372094,0.5897207
1751194499045,195762272,0.63722473,5.6372094,0.5897207
1751194499061,195778939,1.7719014,5.3783107,4.2279024
1751194499061,195778939,1.7719014,5.3783107,4.2279024
1751194499078,195795606,3.7036557,3.7357671,8.470762
1751194499078,195795606,3.7036557,3.7357671,8.470762
1751194499095,195812273,3.9266975,0.3311758,11.527433
1751194499095,195812273,3.9266975,0.3311758,11.527433
1751194499111,195828940,5.031579,-7.2604203,13.77853
1751194499111,195828940,5.031579,-7.2604203,13.77853
1751194499128,195845607,1.9731487,-15.255874,13.512346
1751194499128,195845607,1.9731487,-15.255874,13.512346
1751194499145,195862274,-0.8315651,-22.427244,7.1134415
1751194499145,195862274,-0.8315651,-22.427244,7.1134415
1751194499161,195878941,3.7719464,-24.4261,-2.1992502
1751194499161,195878941,3.7719464,-24.4261,-2.1992502
1751194499178,195895608,12.267544,-28.632538,-15.062662
1751194499178,195895608,12.267544,-28.632538,-15.062662
1751194499195,195912275,15.084151,-26.967253,-21.20389
1751194499195,195912275,15.084151,-26.967253,-21.20389
1751194499211,195928942,9.429853,-19.565058,-12.924982
1751194499211,195928942,9.429853,-19.565058,-12.924982
1751194499228,195945609,6.1361513,-13.0707445,-3.8342528
1751194499228,195945609,6.1361513,-13.0707445,-3.8342528
1751194499245,195962276,-2.1992173,14.734675,16.290573
1751194499245,195962276,-2.1992173,14.734675,16.290573
1751194499261,195978943,-16.96155,10.419325,13.484144
1751194499261,195978943,-16.96155,10.419325,13.484144
1751194499278,195995610,12.285486,-11.081322,-11.151835
1751194499278,195995610,12.285486,-11.081322,-11.151835
1751194499295,196012277,7.6465373,-6.9459743,8.3422985
1751194499295,196012277,7.6465373,-6.9459743,8.3422985
1751194499311,196028944,-0.33161813,-4.772985,3.112091
1751194499311,196028944,-0.33161813,-4.772985,3.112091
1751194499328,196045611,-2.9761744,-4.040508,-1.1913052
1751194499328,196045611,-2.9761744,-4.040508,-1.1913052
1751194499345,196062278,-1.0971435,-2.1237895,2.1724148
1751194499345,196062278,-1.0971435,-2.1237895,2.1724148
1751194499361,196078945,2.3438575,-0.48802423,1.1810055
1751194499361,196078945,2.3438575,-0.48802423,1.1810055
1751194499378,196095612,0.9808536,0.32328567,-2.846311
1751194499378,196095612,0.9808536,0.32328567,-2.846311
1751194499395,196112279,-0.44374228,-0.4473129,-0.9353838
1751194499395,196112279,-0.44374228,-0.4473129,-0.9353838
1751194499411,196128946,-1.1188107,-0.8411575,1.967638
1751194499411,196128946,-1.1188107,-0.8411575,1.967638
1751194499428,196145613,-1.3221444,-0.7865586,1.9776068
1751194499428,196145613,-1.3221444,-0.7865586,1.9776068
1751194499445,196162280,-1.2014892,-0.20087467,0.6971874
1751194499445,196162280,-1.2014892,-0.20087467,0.6971874
1751194499461,196178947,-1.6513327,0.046784613,-0.9342184
1751194499461,196178947,-1.6513327,0.046784613,-0.9342184
1751194499478,196195614,-0.6148323,0.31270513,-0.53306293
1751194499478,196195614,-0.6148323,0.31270513,-0.53306293
1751194499495,196212281,-0.532162,0.62603164,-0.053842545
1751194499495,196212281,-0.532162,0.62603164,-0.053842545
1751194499511,196228948,-0.807219,0.30346176,0.13320732
1751194499511,196228948,-0.807219,0.30346176,0.13320732
1751194499528,196245615,-0.8782694,0.40627345,0.116521835
1751194499528,196245615,-0.8782694,0.40627345,0.116521835
1751194499545,196262282,-0.3486326,0.37862536,-0.31593704
1751194499545,196262282,-0.3486326,0.37862536,-0.31593704
1751194499561,196278949,-0.22703284,0.34794953,-0.27025795
1751194499561,196278949,-0.22703284,0.34794953,-0.27025795
1751194499578,196295616,-0.56757313,0.030329814,0.089476585
1751194499578,196295616,-0.56757313,0.030329814,0.089476585
1751194499595,196312283,-0.68940604,0.0426418,0.44449425
1751194499595,196312283,-0.68940604,0.0426418,0.44449425
1751194499611,196328950,-0.5613121,-0.0030775499,0.29964924
1751194499611,196328950,-0.5613121,-0.0030775499,0.29964924
1751194499628,196345617,-0.22825858,0.09208644,-0.029857635
1751194499628,196345617,-0.22825858,0.09208644,-0.029857635
1751194499645,196362284,0.122486666,0.17885506,0.17188168
1751194499645,196362284,0.122486666,0.17885506,0.17188168
1751194499661,196378951,0.16179745,0.3500794,0.2991228
1751194499661,196378951,0.16179745,0.3500794,0.2991228
1751194499678,196395618,-0.40942812,0.3101115,0.3981552
1751194499678,196395618,-0.40942812,0.3101115,0.3981552
1751194499695,196412285,-0.3745943,0.3540092,0.6324959
1751194499695,196412285,-0.3745943,0.3540092,0.6324959
1751194499711,196428952,-0.14679772,0.7259435,0.791934
1751194499711,196428952,-0.14679772,0.7259435,0.791934
1751194499728,196445619,-0.36263257,1.035508,0.8680134
1751194499728,196445619,-0.36263257,1.035508,0.8680134
1751194499745,196462286,-0.6099107,1.1936228,0.9292202
1751194499745,196462286,-0.6099107,1.1936228,0.9292202
1751194499761,196478953,-0.12915339,1.293042,0.69866943
1751194499761,196478953,-0.12915339,1.293042,0.69866943
1751194499778,196495620,-0.4420373,1.4201012,0.9893904
1751194499778,196495620,-0.4420373,1.4201012,0.9893904
1751194499795,196512287,-1.4303132,1.8921976,1.8356962
1751194499795,196512287,-1.4303132,1.8921976,1.8356962
1751194499811,196528954,-1.4729518,2.9195385,2.6557055
1751194499811,196528954,-1.4729518,2.9195385,2.6557055
1751194499828,196545621,-1.3662552,4.4638495,4.4364567
1751194499828,196545621,-1.3662552,4.4638495,4.4364567
1751194499845,196562288,-2.3955789,7.2633758,4.593811
1751194499845,196562288,-2.3955789,7.2633758,4.593811
1751194499861,196578955,-4.523678,9.864353,4.4336996
1751194499861,196578955,-4.523678,9.864353,4.4336996
1751194499878,196595622,-6.9247255,14.39682,3.9112234
1751194499878,196595622,-6.9247255,14.39682,3.9112234
1751194499895,196612289,-8.051895,17.502903,1.2504625
1751194499895,196612289,-8.051895,17.502903,1.2504625
1751194499911,196628956,-8.574328,10.205607,0.5835676
1751194499911,196628956,-8.574328,10.205607,0.5835676
1751194499928,196645623,-9.063412,-2.156486,2.4273138
1751194499928,196645623,-9.063412,-2.156486,2.4273138
1751194499945,196662290,-10.757728,1.593899,1.0894079
1751194499945,196662290,-10.757728,1.593899,1.0894079
1751194499961,196678957,-7.916801,10.438634,-1.8680367
1751194499961,196678957,-7.916801,10.438634,-1.8680367
1751194499978,196695624,-3.8733902,11.417473,-6.6104302
1751194499978,196695624,-3.8733902,11.417473,-6.6104302
1751194499995,196712291,-2.073269,5.9286814,-8.351933
1751194499995,196712291,-2.073269,5.9286814,-8.351933
1751194500011,196728958,-3.003422,2.5692072,-8.481293
1751194500011,196728958,-3.003422,2.5692072,-8.481293
1751194500028,196745625,-4.866766,2.3986204,-9.329254
1751194500028,196745625,-4.866766,2.3986204,-9.329254
1751194500045,196762292,-5.195166,2.7278423,-9.09399
1751194500045,196762292,-5.195166,2.7278423,-9.09399
1751194500061,196778959,-4.6317697,3.3085396,-7.6850533
1751194500061,196778959,-4.6317697,3.3085396,-7.6850533
1751194500078,196795626,-4.7335324,3.6764145,-6.2300463
1751194500078,196795626,-4.7335324,3.6764145,-6.2300463
1751194500095,196812293,-5.5612583,3.4911156,-4.3129497
1751194500095,196812293,-5.5612583,3.4911156,-4.3129497
1751194500111,196828960,-6.104944,2.5884776,-2.2387457
1751194500111,196828960,-6.104944,2.5884776,-2.2387457
1751194500128,196845627,-6.135299,0.28046563,0.19112301
1751194500128,196845627,-6.135299,0.28046563,0.19112301
1751194500145,196862294,-5.257782,-2.1236115,3.3550558
1751194500145,196862294,-5.257782,-2.1236115,3.3550558
1751194500161,196878961,-5.2651196,-4.938404,6.026964
1751194500161,196878961,-5.2651196,-4.938404,6.026964
1751194500178,196895628,-3.6530256,-8.438705,7.783188
1751194500178,196895628,-3.6530256,-8.438705,7.783188
1751194500195,196912295,-0.78066194,-12.930934,8.866238
1751194500195,196912295,-0.78066194,-12.930934,8.866238
1751194500211,196928962,2.4124453,-16.752293,7.733135
1751194500211,196928962,2.4124453,-16.752293,7.733135
1751194500228,196945629,5.5685587,-19.27173,4.160798
1751194500228,196945629,5.5685587,-19.27173,4.160798
1751194500245,196962296,8.830623,-19.491312,1.862176
1751194500245,196962296,8.830623,-19.491312,1.862176
1751194500261,196978963,11.568243,-16.66493,0.21347618
1751194500261,196978963,11.568243,-16.66493,0.21347618
1751194500278,196995630,13.913292,-11.747792,-1.5492296
1751194500278,196995630,13.913292,-11.747792,-1.5492296
1751194500295,197012297,15.304351,-8.968682,-3.676952
1751194500295,197012297,15.304351,-8.968682,-3.676952
1751194500311,197028964,17.50954,-5.573502,-5.558438
1751194500311,197028964,17.50954,-5.573502,-5.558438
1751194500328,197045631,18.377146,-7.2331357,-7.0176234
1751194500328,197045631,18.377146,-7.2331357,-7.0176234
1751194500345,197062298,15.7329645,-3.9578276,-4.8339725
1751194500345,197062298,15.7329645,-3.9578276,-4.8339725
1751194500361,197078965,2.8652134,4.9663734,1.6684189
1751194500361,197078965,2.8652134,4.9663734,1.6684189
1751194500378,197095632,-14.919673,10.905997,11.163925
1751194500378,197095632,-14.919673,10.905997,11.163925
1751194500395,197112299,-4.78112,6.9568095,4.0547895
1751194500395,197112299,-4.78112,6.9568095,4.0547895
1751194500411,197128966,7.9680877,14.267663,-1.7637072
1751194500411,197128966,7.9680877,14.267663,-1.7637072
1751194500428,197145633,5.753032,-4.513999,2.4634886
1751194500428,197145633,5.753032,-4.513999,2.4634886
1751194500445,197162300,-0.54518074,-3.621444,1.5968208
1751194500445,197162300,-0.54518074,-3.621444,1.5968208
1751194500461,197178967,1.9136871,-0.07432697,0.010152817
1751194500461,197178967,1.9136871,-0.07432697,0.010152817
1751194500478,197195634,0.15625478,-0.86983377,1.1976099
1751194500478,197195634,0.15625478,-0.86983377,1.1976099
1751194500495,197212301,-0.3111135,2.7282386,-1.27427
1751194500495,197212301,-0.3111135,2.7282386,-1.27427
1751194500511,197228968,-0.034583267,3.1367457,0.6314812
1751194500511,197228968,-0.034583267,3.1367457,0.6314812
1751194500528,197245635,-0.21650806,1.3671324,1.3793049
1751194500528,197245635,-0.21650806,1.3671324,1.3793049
1751194500545,197262302,-0.016002633,-0.049120158,0.6258497
1751194500545,197262302,-0.016002633,-0.049120158,0.6258497
1751194500561,197278969,0.23784684,-0.98382354,-0.5548029
1751194500561,197278969,0.23784684,-0.98382354,-0.5548029
1751194500578,197295636,0.024360677,-0.3165852,-0.048128128
1751194500578,197295636,0.024360677,-0.3165852,-0.048128128
1751194500595,197312303,-1.6357988,1.0031478,1.0231209
1751194500595,197312303,-1.6357988,1.0031478,1.0231209
1751194500611,197328970,0.23686652,0.50447845,0.34969616
1751194500611,197328970,0.23686652,0.50447845,0.34969616
1751194500628,197345637,-0.04779333,0.58336836,-0.7036762
1751194500628,197345637,-0.04779333,0.58336836,-0.7036762
1751194500645,197362304,-0.057894774,-0.2897682,-0.3470726
1751194500645,197362304,-0.057894774,-0.2897682,-0.3470726
1751194500661,197378971,-0.35402128,0.082367234,-0.4502859
1751194500661,197378971,-0.35402128,0.082367234,-0.4502859
1751194500678,197395638,-0.58553153,-0.001295509,-0.60745335
1751194500678,197395638,-0.58553153,-0.001295509,-0.60745335
1751194500695,197412305,-0.38998497,-0.34372833,-0.30716896
1751194500695,197412305,-0.38998497,-0.34372833,-0.30716896
1751194500711,197428972,-0.11716996,0.05768495,-0.06358719
1751194500711,197428972,-0.11716996,0.05768495,-0.06358719
1751194500728,197445639,-0.35437846,0.5953617,-0.04915619
1751194500728,197445639,-0.35437846,0.5953617,-0.04915619
1751194500745,197462306,-0.36584735,1.2684723,0.08655357
1751194500745,197462306,-0.36584735,1.2684723,0.08655357
1751194500761,197478973,-0.47239822,1.1121377,0.16003132
1751194500761,197478973,-0.47239822,1.1121377,0.16003132
1751194500778,197495640,-0.47191945,0.81483704,-0.020920753
1751194500778,197495640,-0.47191945,0.81483704,-0.020920753
1751194500795,197512307,-0.15690297,0.6960551,0.031583786
1751194500795,197512307,-0.15690297,0.6960551,0.031583786
1751194500811,197528974,-0.35102263,0.93264514,0.2210865
1751194500811,197528974,-0.35102263,0.93264514,0.2210865
1751194500828,197545641,-0.50646603,0.8716872,0.15333939
1751194500828,197545641,-0.50646603,0.8716872,0.15333939
1751194500845,197562308,-0.5008201,0.50952536,-0.057631493
1751194500845,197562308,-0.5008201,0.50952536,-0.057631493
1751194500861,197578975,-0.5337485,0.40091613,-0.11602116
1751194500861,197578975,-0.5337485,0.40091613,-0.11602116
1751194500878,197595642,-0.77983177,0.4248523,0.0066051483
1751194500878,197595642,-0.77983177,0.4248523,0.0066051483
1751194500895,197612309,-0.64097613,0.6827876,0.026376724
1751194500895,197612309,-0.64097613,0.6827876,0.026376724
1751194500911,197628976,-0.5790863,0.8828528,0.020323753
1751194500911,197628976,-0.5790863,0.8828528,0.020323753
1751194500928,197645643,-0.7299424,0.93299603,0.14194489
1751194500928,197645643,-0.7299424,0.93299603,0.14194489
1751194500945,197662310,-0.44631693,0.7883046,0.2743082
1751194500945,197662310,-0.44631693,0.7883046,0.2743082
1751194500961,197678977,-0.8210878,1.2115082,0.53339195
1751194500961,197678977,-0.8210878,1.2115082,0.53339195
1751194500978,197695644,-1.1125456,1.9958752,0.4681492
1751194500978,197695644,-1.1125456,1.9958752,0.4681492
1751194500995,197712311,-1.8537936,2.524724,0.6731491
1751194500995,197712311,-1.8537936,2.524724,0.6731491
1751194501011,197728978,-1.9261023,0.2654621,1.2953348
1751194501011,197728978,-1.9261023,0.2654621,1.2953348
1751194501028,197745645,-0.9884212,-1.3608111,1.9730244
1751194501028,197745645,-0.9884212,-1.3608111,1.9730244
1751194501045,197762312,-0.80953175,-3.177053,3.167097
1751194501045,197762312,-0.80953175,-3.177053,3.167097
1751194501061,197778979,-1.0641828,-3.5995293,3.4532576
1751194501061,197778979,-1.0641828,-3.5995293,3.4532576
1751194501078,197795646,-1.9953873,-3.2285492,2.8039465
1751194501078,197795646,-1.9953873,-3.2285492,2.8039465
1751194501095,197812313,-2.5413213,-4.0345616,2.6154556
1751194501095,197812313,-2.5413213,-4.0345616,2.6154556
1751194501111,197828980,-2.826789,-5.5656166,3.232398
1751194501111,197828980,-2.826789,-5.5656166,3.232398
1751194501128,197845647,-2.2936752,-7.743667,3.0051823
1751194501128,197845647,-2.2936752,-7.743667,3.0051823
1751194501145,197862314,-0.7169486,-10.858647,1.5734692
1751194501145,197862314,-0.7169486,-10.858647,1.5734692
1751194501161,197878981,3.037335,-9.196349,-1.0276327
1751194501161,197878981,3.037335,-9.196349,-1.0276327
1751194501178,197895648,9.143697,-4.047506,-1.9452901
1751194501178,197895648,9.143697,-4.047506,-1.9452901
1751194501195,197912315,5.757926,-1.3003961,2.663291
1751194501195,197912315,5.757926,-1.3003961,2.663291
1751194501211,197928982,4.253671,-5.0196157,4.426859
1751194501211,197928982,4.253671,-5.0196157,4.426859
1751194501228,197945649,8.419991,-10.790212,-2.9254332
1751194501228,197945649,8.419991,-10.790212,-2.9254332
1751194501245,197962316,10.727284,-6.848696,-4.9840007
1751194501245,197962316,10.727284,-6.848696,-4.9840007
1751194501261,197978983,3.6512146,-4.0593305,-2.9308004
1751194501261,197978983,3.6512146,-4.0593305,-2.9308004
1751194501278,197995650,0.32281262,-4.871625,-2.4936614
1751194501278,197995650,0.32281262,-4.871625,-2.4936614
1751194501295,198012317,1.7090958,-5.4135294,-3.0803285
1751194501295,198012317,1.7090958,-5.4135294,-3.0803285
1751194501311,198028984,3.7308164,-5.413599,-3.7206268
1751194501311,198028984,3.7308164,-5.413599,-3.7206268
1751194501328,198045651,4.660953,-5.0445747,-4.1041374
1751194501328,198045651,4.660953,-5.0445747,-4.1041374
1751194501345,198062318,5.004884,-4.086118,-4.112899
1751194501345,198062318,5.004884,-4.086118,-4.112899
1751194501361,198078985,6.4969974,-3.7997642,-3.7867088
1751194501361,198078985,6.4969974,-3.7997642,-3.7867088
1751194501378,198095652,8.505348,-3.1703916,-3.3199143
1751194501378,198095652,8.505348,-3.1703916,-3.3199143
1751194501395,198112319,8.751137,-2.2127519,-2.4449272
1751194501395,198112319,8.751137,-2.2127519,-2.4449272
1751194501411,198128986,7.3817534,-1.7534055,-1.0757837
1751194501411,198128986,7.3817534,-1.7534055,-1.0757837
1751194501428,198145653,6.520875,-1.0890728,0.42400265
1751194501428,198145653,6.520875,-1.0890728,0.42400265
1751194501445,198162320,5.673456,-0.2408133,2.2120762
1751194501445,198162320,5.673456,-0.2408133,2.2120762
1751194501461,198178987,3.8870544,0.5487335,4.4459457
1751194501461,198178987,3.8870544,0.5487335,4.4459457
1751194501478,198195654,1.4278463,1.8072574,6.7878876
1751194501478,198195654,1.4278463,1.8072574,6.7878876
1751194501495,198212321,-1.6481447,3.1472197,8.391275
1751194501495,198212321,-1.6481447,3.1472197,8.391275
1751194501511,198228988,-5.505757,6.4127784,8.934517
1751194501511,198228988,-5.505757,6.4127784,8.934517
1751194501528,198245655,-7.671695,9.045679,6.9238358
1751194501528,198245655,-7.671695,9.045679,6.9238358
1751194501545,198262322,-7.8122563,12.793767,4.113387
1751194501545,198262322,-7.8122563,12.793767,4.113387
1751194501561,198278989,-7.602407,16.386957,2.0659523
1751194501561,198278989,-7.602407,16.386957,2.0659523
1751194501578,198295656,-9.801263,18.150595,-3.406649
1751194501578,198295656,-9.801263,18.150595,-3.406649
1751194501595,198312323,-13.205562,22.487534,-15.195398
1751194501595,198312323,-13.205562,22.487534,-15.195398
1751194501611,198328990,-15.041225,19.254757,-20.389862
1751194501611,198328990,-15.041225,19.254757,-20.389862
1751194501628,198345657,-13.719043,14.650848,-12.991558
1751194501628,198345657,-13.719043,14.650848,-12.991558
1751194501645,198362324,-11.643275,9.832601,-5.137918
1751194501645,198362324,-11.643275,9.832601,-5.137918
1751194501661,198378991,-2.841669,-13.923224,12.850153
1751194501661,198378991,-2.841669,-13.923224,12.850153
1751194501678,198395658,7.055766,-5.2159457,13.394039
1751194501678,198395658,7.055766,-5.2159457,13.394039
1751194501695,198412325,-16.779942,2.375607,-11.039645
1751194501695,198412325,-16.779942,2.375607,-11.039645
1751194501711,198428992,-9.488121,8.379978,1.9483881
1751194501711,198428992,-9.488121,8.379978,1.9483881
1751194501728,198445659,-1.1466606,9.173298,3.700715
1751194501728,198445659,-1.1466606,9.173298,3.700715
1751194501745,198462326,-1.7409415,3.0714715,3.9538908
1751194501745,198462326,-1.7409415,3.0714715,3.9538908
1751194501761,198478993,-3.6930254,0.5413591,-0.28094673
1751194501761,198478993,-3.6930254,0.5413591,-0.28094673
1751194501778,198495660,-4.08311,-1.2839737,-3.3710876
1751194501778,198495660,-4.08311,-1.2839737,-3.3710876
1751194501795,198512327,-1.5640252,0.67170584,-0.960598
1751194501795,198512327,-1.5640252,0.67170584,-0.960598
1751194501811,198528994,-0.70062685,1.9071163,0.7889652
1751194501811,198528994,-0.70062685,1.9071163,0.7889652
1751194501828,198545661,-1.0642706,1.2533896,2.7073212
1751194501828,198545661,-1.0642706,1.2533896,2.7073212
1751194501845,198562328,-0.18180588,1.4823903,1.4776049
1751194501845,198562328,-0.18180588,1.4823903,1.4776049
1751194501861,198578995,0.66598994,1.2161062,-1.2208691
1751194501861,198578995,0.66598994,1.2161062,-1.2208691
1751194501878,198595662,-1.61246,0.2213518,-0.1953249
1751194501878,198595662,-1.61246,0.2213518,-0.1953249
1751194501895,198612329,-1.6995102,-0.36361444,0.13034725
1751194501895,198612329,-1.6995102,-0.36361444,0.13034725
1751194501911,198628996,-1.0159909,0.25495297,-0.41082573
1751194501911,198628996,-1.0159909,0.25495297,-0.41082573
1751194501928,198645663,-0.31588593,0.54045343,0.03139496
1751194501928,198645663,-0.31588593,0.54045343,0.03139496
1751194501945,198662330,-0.5691218,0.49861515,0.0674572
1751194501945,198662330,-0.5691218,0.49861515,0.0674572
1751194501961,198678997,-0.8807168,0.36044192,-0.14592075
1751194501961,198678997,-0.8807168,0.36044192,-0.14592075
1751194501978,198695664,-0.55474263,0.60609716,0.016872406
1751194501978,198695664,-0.55474263,0.60609716,0.016872406
1751194501995,198712331,-0.36046672,0.69938296,0.22213554
1751194501995,198712331,-0.36046672,0.69938296,0.22213554
1751194502011,198728998,-0.8059623,0.6988801,0.30858612
1751194502011,198728998,-0.8059623,0.6988801,0.30858612
1751194502028,198745665,-1.1040957,0.48850366,0.46588135
1751194502028,198745665,-1.1040957,0.48850366,0.46588135
1751194502045,198762332,-1.3342559,0.27555817,0.3926258
1751194502045,198762332,-1.3342559,0.27555817,0.3926258
1751194502061,198778999,-1.421247,0.099761434,0.20845222
1751194502061,198778999,-1.421247,0.099761434,0.20845222
1751194502078,198795666,-1.050183,0.22710504,0.32949734
1751194502078,198795666,-1.050183,0.22710504,0.32949734
1751194502095,198812333,-0.6167062,0.21429417,0.5189276
1751194502095,198812333,-0.6167062,0.21429417,0.5189276
1751194502111,198829000,-0.42107975,0.20085098,0.5965891
1751194502111,198829000,-0.42107975,0.20085098,0.5965891
1751194502128,198845667,0.037730888,0.02406944,0.93919563
1751194502128,198845667,0.037730888,0.02406944,0.93919563
1751194502145,198862334,-0.2969165,-0.48862392,0.87236214
1751194502145,198862334,-0.2969165,-0.48862392,0.87236214
1751194502161,198879001,-1.6965934,-0.91494226,0.56410503
1751194502161,198879001,-1.6965934,-0.91494226,0.56410503
1751194502178,198895668,-1.630711,-1.5049022,0.72310066
1751194502178,198895668,-1.630711,-1.5049022,0.72310066
1751194502195,198912335,1.0787511,-0.7589172,1.6711264
1751194502195,198912335,1.0787511,-0.7589172,1.6711264
1751194502211,198929002,1.8380464,-0.9477696,3.3025713
1751194502211,198929002,1.8380464,-0.9477696,3.3025713
1751194502228,198945669,2.023783,-2.3952222,4.342043
1751194502228,198945669,2.023783,-2.3952222,4.342043
1751194502245,198962336,1.7939034,-3.9033256,3.5416145
1751194502245,198962336,1.7939034,-3.9033256,3.5416145
1751194502261,198979003,2.4201026,-6.2510576,3.4128857
1751194502261,198979003,2.4201026,-6.2510576,3.4128857
1751194502278,198995670,5.5876513,-10.232394,4.0374928
1751194502278,198995670,5.5876513,-10.232394,4.0374928
1751194502295,199012337,5.791547,-10.504831,2.5230198
1751194502295,199012337,5.791547,-10.504831,2.5230198
1751194502311,199029004,6.593223,-10.449129,1.3933821
1751194502311,199029004,6.593223,-10.449129,1.3933821
1751194502328,199045671,4.929806,-0.17049569,3.9480524
1751194502328,199045671,4.929806,-0.17049569,3.9480524
1751194502345,199062338,8.187433,0.9676374,4.8681784
1751194502345,199062338,8.187433,0.9676374,4.8681784
1751194502361,199079005,11.44973,-4.5809293,2.4890938
1751194502361,199079005,11.44973,-4.5809293,2.4890938
1751194502378,199095672,8.090476,-10.405827,-1.4624453
1751194502378,199095672,8.090476,-10.405827,-1.4624453
1751194502395,199112339,4.816091,-9.194633,-6.2566814
1751194502395,199112339,4.816091,-9.194633,-6.2566814
1751194502411,199129006,3.701627,-4.8090715,-6.679102
1751194502411,199129006,3.701627,-4.8090715,-6.679102
1751194502428,199145673,5.1667695,-2.5705035,-7.440568
1751194502428,199145673,5.1667695,-2.5705035,-7.440568
1751194502445,199162340,6.138058,-2.3733323,-8.17675
1751194502445,199162340,6.138058,-2.3733323,-8.17675
1751194502461,199179007,4.944053,-2.6727633,-8.143702
1751194502461,199179007,4.944053,-2.6727633,-8.143702
1751194502478,199195674,3.6286547,-3.4489434,-7.031685
1751194502478,199195674,3.6286547,-3.4489434,-7.031685
1751194502495,199212341,3.3648503,-4.319837,-5.9275055
1751194502495,199212341,3.3648503,-4.319837,-5.9275055
1751194502511,199229008,3.0409436,-4.741589,-4.6711755
1751194502511,199229008,3.0409436,-4.741589,-4.6711755
1751194502528,199245675,2.5806043,-4.539137,-2.9463096
1751194502528,199245675,2.5806043,-4.539137,-2.9463096
1751194502545,199262342,2.51886,-3.7947583,-0.7921095
1751194502545,199262342,2.51886,-3.7947583,-0.7921095
1751194502561,199279009,2.0535738,-3.322674,1.9665031
1751194502561,199279009,2.0535738,-3.322674,1.9665031
1751194502578,199295676,0.35759792,-2.7258923,5.5056467
1751194502578,199295676,0.35759792,-2.7258923,5.5056467
1751194502595,199312343,-2.2285655,-0.98197466,8.992056
1751194502595,199312343,-2.2285655,-0.98197466,8.992056
1751194502611,199329010,-6.0833135,2.1248035,12.247789
1751194502611,199329010,-6.0833135,2.1248035,12.247789
1751194502628,199345677,-10.489602,8.473476,14.051983
1751194502628,199345677,-10.489602,8.473476,14.051983
1751194502645,199362344,-11.518678,12.959677,10.246197
1751194502645,199362344,-11.518678,12.959677,10.246197
1751194502661,199379011,-10.271761,18.693941,3.1723604
1751194502661,199379011,-10.271761,18.693941,3.1723604
1751194502678,199395678,-12.535147,21.432688,-5.694018
1751194502678,199395678,-12.535147,21.432688,-5.694018
1751194502695,199412345,-17.910738,24.094873,-19.993647
1751194502695,199412345,-17.910738,24.094873,-19.993647
1751194502711,199429012,-17.7897,17.570303,-21.569384
1751194502711,199429012,-17.7897,17.570303,-21.569384
1751194502728,199445679,-15.859752,13.234523,-10.117622
1751194502728,199445679,-15.859752,13.234523,-10.117622
1751194502745,199462346,-11.04922,8.235885,-1.9483647
1751194502745,199462346,-11.04922,8.235885,-1.9483647
1751194502761,199479013,11.562425,-25.957533,26.504276
1751194502761,199479013,11.562425,-25.957533,26.504276
1751194502778,199495680,-3.7233016,5.7841253,-4.0561476
1751194502778,199495680,-3.7233016,5.7841253,-4.0561476
1751194502795,199512347,-20.79361,5.8296213,-8.777845
1751194502795,199512347,-20.79361,5.8296213,-8.777845
1751194502811,199529014,1.1787976,6.3104477,10.019894
1751194502811,199529014,1.1787976,6.3104477,10.019894
1751194502828,199545681,2.3566773,8.960531,-2.7828412
1751194502828,199545681,2.3566773,8.960531,-2.7828412
1751194502845,199562348,-2.360663,2.5638454,4.136796
1751194502845,199562348,-2.360663,2.5638454,4.136796
1751194502861,199579015,-4.003884,0.8233687,1.2213593
1751194502861,199579015,-4.003884,0.8233687,1.2213593
1751194502878,199595682,-4.64844,-1.974041,-2.528935
1751194502878,199595682,-4.64844,-1.974041,-2.528935
1751194502895,199612349,-2.5481322,-0.56076866,-2.4670014
1751194502895,199612349,-2.5481322,-0.56076866,-2.4670014
1751194502911,199629016,-0.014703129,1.4851507,0.8003197
1751194502911,199629016,-0.014703129,1.4851507,0.8003197
1751194502928,199645683,0.20985743,1.7382405,2.2417364
1751194502928,199645683,0.20985743,1.7382405,2.2417364
1751194502945,199662350,-0.7906062,1.0125289,1.8560209
1751194502945,199662350,-0.7906062,1.0125289,1.8560209
1751194502961,199679017,0.047016397,0.9237298,-0.1730814
1751194502961,199679017,0.047016397,0.9237298,-0.1730814
1751194502978,199695684,0.16639322,0.8315356,-0.6899729
1751194502978,199695684,0.16639322,0.8315356,-0.6899729
1751194502995,199712351,-1.012358,0.10935237,-0.23704624
1751194502995,199712351,-1.012358,0.10935237,-0.23704624
1751194503011,199729018,-1.3410795,-0.062486846,0.117424965
1751194503011,199729018,-1.3410795,-0.062486846,0.117424965
1751194503028,199745685,-0.98646647,0.0031202408,0.6222782
1751194503028,199745685,-0.98646647,0.0031202408,0.6222782
1751194503045,199762352,-1.0761689,-0.18933648,-0.15029907
1751194503045,199762352,-1.0761689,-0.18933648,-0.15029907
1751194503061,199779019,-0.76800585,-0.005834806,-0.567996
1751194503061,199779019,-0.76800585,-0.005834806,-0.567996
1751194503078,199795686,-0.24089913,0.3892353,-0.05428505
1751194503078,199795686,-0.24089913,0.3892353,-0.05428505
1751194503095,199812353,-0.2947224,0.5082984,0.3112955
1751194503095,199812353,-0.2947224,0.5082984,0.3112955
1751194503111,199829020,-0.46504843,0.38814968,0.2731495
1751194503111,199829020,-0.46504843,0.38814968,0.2731495
1751194503128,199845687,-0.86345077,0.35732526,0.09569073
1751194503128,199845687,-0.86345077,0.35732526,0.09569073
1751194503145,199862354,-1.0139867,0.19578797,0.39889717
1751194503145,199862354,-1.0139867,0.19578797,0.39889717
1751194503161,199879021,-1.112023,0.001681041,0.5543022
1751194503161,199879021,-1.112023,0.001681041,0.5543022
1751194503178,199895688,-0.9345967,0.057390302,0.49329948
1751194503178,199895688,-0.9345967,0.057390302,0.49329948
1751194503195,199912355,-0.5842251,0.07183215,0.5085659
1751194503195,199912355,-0.5842251,0.07183215,0.5085659
1751194503211,199929022,-0.44602245,-0.20961156,0.66597843
1751194503211,199929022,-0.44602245,-0.20961156,0.66597843
1751194503228,199945689,-0.4958617,-0.42905727,0.97727966
1751194503228,199945689,-0.4958617,-0.42905727,0.97727966
1751194503245,199962356,-0.058937684,-0.61591697,1.3385696
1751194503245,199962356,-0.058937684,-0.61591697,1.3385696
1751194503261,199979023,0.3822703,-0.9639633,1.1509542
1751194503261,199979023,0.3822703,-0.9639633,1.1509542
1751194503278,199995690,-1.4320204,-0.5696118,0.7640619
1751194503278,199995690,-1.4320204,-0.5696118,0.7640619
1751194503295,200012357,0.22390075,-1.9179057,1.5566006
1751194503295,200012357,0.22390075,-1.9179057,1.5566006
1751194503311,200029024,1.5800121,-1.2300411,2.9152756
1751194503311,200029024,1.5800121,-1.2300411,2.9152756
1751194503328,200045691,1.9495971,-1.7468681,3.5204525
1751194503328,200045691,1.9495971,-1.7468681,3.5204525
1751194503345,200062358,1.2839483,-3.6689744,2.5962658
1751194503345,200062358,1.2839483,-3.6689744,2.5962658
1751194503361,200079025,1.6280795,-5.2096286,2.6121416
1751194503361,200079025,1.6280795,-5.2096286,2.6121416
1751194503378,200095692,3.9160311,-7.909932,3.374341
1751194503378,200095692,3.9160311,-7.909932,3.374341
1751194503395,200112359,7.2268844,-10.350643,3.243719
1751194503395,200112359,7.2268844,-10.350643,3.243719
1751194503411,200129026,7.4596624,-11.240576,1.113822
1751194503411,200129026,7.4596624,-11.240576,1.113822
1751194503428,200145693,7.209369,-8.1900215,0.54742146
1751194503428,200145693,7.209369,-8.1900215,0.54742146
1751194503445,200162360,3.75042,6.7352858,5.099869
1751194503445,200162360,3.75042,6.7352858,5.099869
1751194503461,200179027,12.092168,1.5043254,6.8935394
1751194503461,200179027,12.092168,1.5043254,6.8935394
1751194503478,200195694,11.264876,-10.869766,1.3254938
1751194503478,200195694,11.264876,-10.869766,1.3254938
1751194503495,200212361,6.2272964,-10.260763,-5.5937366
1751194503495,200212361,6.2272964,-10.260763,-5.5937366
1751194503511,200229028,3.330649,-4.580138,-6.4933968
1751194503511,200229028,3.330649,-4.580138,-6.4933968
1751194503528,200245695,5.1175876,-2.7711298,-6.413254
1751194503528,200245695,5.1175876,-2.7711298,-6.413254
1751194503545,200262362,6.569575,-2.5586348,-8.147558
1751194503545,200262362,6.569575,-2.5586348,-8.147558
1751194503561,200279029,5.0231886,-2.5502737,-8.272046
1751194503561,200279029,5.0231886,-2.5502737,-8.272046
1751194503578,200295696,3.2743359,-3.7610812,-7.2503405
1751194503578,200295696,3.2743359,-3.7610812,-7.2503405
1751194503595,200312363,2.5931025,-5.1408634,-6.249486
1751194503595,200312363,2.5931025,-5.1408634,-6.249486
1751194503611,200329030,1.919753,-5.9392,-4.966362
1751194503611,200329030,1.919753,-5.9392,-4.966362
1751194503628,200345697,1.2605474,-5.6465993,-3.1103873
1751194503628,200345697,1.2605474,-5.6465993,-3.1103873
1751194503645,200362364,0.88342893,-5.721532,-1.0271368
1751194503645,200362364,0.88342893,-5.721532,-1.0271368
1751194503661,200379031,-0.38678828,-5.9712596,1.327528
1751194503661,200379031,-0.38678828,-5.9712596,1.327528
1751194503678,200395698,-2.9771094,-5.4264135,4.54395
1751194503678,200395698,-2.9771094,-5.4264135,4.54395
1751194503695,200412365,-5.698338,-3.6834328,7.3015537
1751194503695,200412365,-5.698338,-3.6834328,7.3015537
1751194503711,200429032,-9.544619,-0.63965297,9.198622
1751194503711,200429032,-9.544619,-0.63965297,9.198622
1751194503728,200445699,-12.761211,3.1993878,10.330698
1751194503728,200445699,-12.761211,3.1993878,10.330698
1751194503745,200462366,-13.997508,7.099516,8.941963
1751194503745,200462366,-13.997508,7.099516,8.941963
1751194503761,200479033,-13.323719,13.203738,5.7896776
1751194503761,200479033,-13.323719,13.203738,5.7896776
1751194503778,200495700,-11.202526,17.30115,-0.42222977
1751194503778,200495700,-11.202526,17.30115,-0.42222977
1751194503795,200512367,-11.993891,25.50945,-13.586291
1751194503795,200512367,-11.993891,25.50945,-13.586291
1751194503811,200529034,-13.136553,24.88431,-23.64252
1751194503811,200529034,-13.136553,24.88431,-23.64252
1751194503828,200545701,-12.842126,17.903103,-15.002685
1751194503828,200545701,-12.842126,17.903103,-15.002685
1751194503845,200562368,-8.189632,12.122371,-1.1454926
1751194503845,200562368,-8.189632,12.122371,-1.1454926
1751194503861,200579035,4.0683417,-14.820179,19.01669
1751194503861,200579035,4.0683417,-14.820179,19.01669
1751194503878,200595702,8.18405,-5.694936,7.9654846
1751194503878,200595702,8.18405,-5.694936,7.9654846
1751194503895,200612369,-7.4480042,9.090908,-9.741758
1751194503895,200612369,-7.4480042,9.090908,-9.741758
1751194503911,200629036,1.7402353,14.116975,5.9660187
1751194503911,200629036,1.7402353,14.116975,5.9660187
1751194503928,200645703,-4.553757,3.1399372,4.9633455
1751194503928,200645703,-4.553757,3.1399372,4.9633455
1751194503945,200662370,-2.0125518,1.2022527,0.85132885
1751194503945,200662370,-2.0125518,1.2022527,0.85132885
1751194503961,200679037,0.19530986,1.6057807,0.61108494
1751194503961,200679037,0.19530986,1.6057807,0.61108494
1751194503978,200695704,-4.293777,-0.38025656,-3.1488152
1751194503978,200695704,-4.293777,-0.38025656,-3.1488152
1751194503995,200712371,-1.8190743,0.27943075,-1.3938074
1751194503995,200712371,-1.8190743,0.27943075,-1.3938074
1751194504011,200729038,-0.18874261,0.76833695,-0.22720718
1751194504011,200729038,-0.18874261,0.76833695,-0.22720718
1751194504028,200745705,-0.46932468,0.4502445,1.0626497
1751194504028,200745705,-0.46932468,0.4502445,1.0626497
1751194504045,200762372,-0.735888,0.39214677,1.4893274
1751194504045,200762372,-0.735888,0.39214677,1.4893274
1751194504061,200779039,-0.40813825,0.1720786,0.2664461
1751194504061,200779039,-0.40813825,0.1720786,0.2664461
1751194504078,200795706,-0.83610743,0.20954183,-0.26051044
1751194504078,200795706,-0.83610743,0.20954183,-0.26051044
1751194504095,200812373,-0.11906289,0.20791689,0.3510189
1751194504095,200812373,-0.11906289,0.20791689,0.3510189
1751194504111,200829040,0.016573709,0.46425027,0.03687954
1751194504111,200829040,0.016573709,0.46425027,0.03687954
1751194504128,200845707,-0.636178,0.1805285,0.078891754
1751194504128,200845707,-0.636178,0.1805285,0.078891754
1751194504145,200862374,-1.4682877,0.20065004,0.3754282
1751194504145,200862374,-1.4682877,0.20065004,0.3754282
1751194504161,200879041,-1.1023402,0.12730895,0.37663174
1751194504161,200879041,-1.1023402,0.12730895,0.37663174
1751194504178,200895708,-0.5509402,0.31569284,0.21132946
1751194504178,200895708,-0.5509402,0.31569284,0.21132946
1751194504195,200912375,-0.45826414,0.33899158,0.2403717
1751194504195,200912375,-0.45826414,0.33899158,0.2403717
1751194504211,200929042,-0.57353985,0.44837615,0.100209236
1751194504211,200929042,-0.57353985,0.44837615,0.100209236
1751194504228,200945709,-0.5400598,0.40334812,0.09573746
1751194504228,200945709,-0.5400598,0.40334812,0.09573746
1751194504245,200962376,-0.22938465,0.3425886,0.12664223
1751194504245,200962376,-0.22938465,0.3425886,0.12664223
1751194504261,200979043,-0.24608843,0.38859874,0.073506355
1751194504261,200979043,-0.24608843,0.38859874,0.073506355
1751194504278,200995710,-0.61142796,0.25148875,0.10753536
1751194504278,200995710,-0.61142796,0.25148875,0.10753536
1751194504295,201012377,-0.6379062,0.19147661,0.21825314
1751194504295,201012377,-0.6379062,0.19147661,0.21825314
1751194504311,201029044,-0.4566694,0.10162084,0.089562416
1751194504311,201029044,-0.4566694,0.10162084,0.089562416
1751194504328,201045711,-0.2557699,0.036706414,-0.011540413
1751194504328,201045711,-0.2557699,0.036706414,-0.011540413
1751194504345,201062378,-0.34469542,-0.053764924,-0.13209248
1751194504345,201062378,-0.34469542,-0.053764924,-0.13209248
1751194504361,201079045,-0.3677823,-0.1503489,-0.0839653
1751194504361,201079045,-0.3677823,-0.1503489,-0.0839653
1751194504378,201095712,-0.55528015,-0.047795564,0.12696743
1751194504378,201095712,-0.55528015,-0.047795564,0.12696743
1751194504395,201112379,-0.31825742,-0.20632504,0.7819376
1751194504395,201112379,-0.31825742,-0.20632504,0.7819376
1751194504411,201129046,-0.08698029,-0.23994452,1.0084333
1751194504411,201129046,-0.08698029,-0.23994452,1.0084333
1751194504428,201145713,-0.5946989,-0.36202997,0.66897106
1751194504428,201145713,-0.5946989,-0.36202997,0.66897106
1751194504445,201162380,-0.48565432,-0.53062445,0.8246212
1751194504445,201162380,-0.48565432,-0.53062445,0.8246212
1751194504461,201179047,-0.07909185,-1.9388777,1.8626719
1751194504461,201179047,-0.07909185,-1.9388777,1.8626719
1751194504478,201195714,1.0135629,-1.1757928,1.1553478
1751194504478,201195714,1.0135629,-1.1757928,1.1553478
1751194504495,201212381,0.96550554,0.28003782,-0.17210293
1751194504495,201212381,0.96550554,0.28003782,-0.17210293
1751194504511,201229048,-0.4458082,-0.4734856,-0.07687473
1751194504511,201229048,-0.4458082,-0.4734856,-0.07687473
1751194504528,201245715,0.33403072,-0.26233917,0.877491
1751194504528,201245715,0.33403072,-0.26233917,0.877491
1751194504545,201262382,0.4812397,-0.5705032,0.7471323
1751194504545,201262382,0.4812397,-0.5705032,0.7471323
1751194504561,201279049,-0.01635489,-0.72533196,0.90976334
1751194504561,201279049,-0.01635489,-0.72533196,0.90976334
1751194504578,201295716,-0.5672236,-0.6312142,0.4791832
1751194504578,201295716,-0.5672236,-0.6312142,0.4791832
1751194504595,201312383,-0.4480069,-0.13632323,-0.0019483566
1751194504595,201312383,-0.4480069,-0.13632323,-0.0019483566
1751194504611,201329050,-1.0046422,0.44638085,-0.06163311
1751194504611,201329050,-1.0046422,0.44638085,-0.06163311
1751194504628,201345717,-2.9724796,1.164458,-0.30502892
1751194504628,201345717,-2.9724796,1.164458,-0.30502892
1751194504645,201362384,-4.1905866,1.5647552,-0.81506443
1751194504645,201362384,-4.1905866,1.5647552,-0.81506443
1751194504661,201379051,-5.3546124,1.9748148,-1.0505733
1751194504661,201379051,-5.3546124,1.9748148,-1.0505733
1751194504678,201395718,-5.623222,2.9900384,-1.2053938
1751194504678,201395718,-5.623222,2.9900384,-1.2053938
1751194504695,201412385,-5.4799833,3.862975,-0.95934296
1751194504695,201412385,-5.4799833,3.862975,-0.95934296
1751194504711,201429052,-5.1047587,4.5656033,-0.6714735
1751194504711,201429052,-5.1047587,4.5656033,-0.6714735
1751194504728,201445719,-4.566574,5.1038117,-0.42806244
1751194504728,201445719,-4.566574,5.1038117,-0.42806244
1751194504745,201462386,-3.840819,5.3363957,-0.19965744
1751194504745,201462386,-3.840819,5.3363957,-0.19965744
1751194504761,201479053,-2.7107747,5.2568374,0.08629608
1751194504761,201479053,-2.7107747,5.2568374,0.08629608
1751194504778,201495720,-1.3719989,4.9886723,0.39737225
1751194504778,201495720,-1.3719989,4.9886723,0.39737225
1751194504795,201512387,-0.43255165,4.107164,0.77264977
1751194504795,201512387,-0.43255165,4.107164,0.77264977
1751194504811,201529054,0.9112382,2.6153977,0.9491148
1751194504811,201529054,0.9112382,2.6153977,0.9491148
1751194504828,201545721,2.2433906,1.2271626,1.0260944
1751194504828,201545721,2.2433906,1.2271626,1.0260944
1751194504845,201562388,3.5334675,0.27572533,0.4419012
1751194504845,201562388,3.5334675,0.27572533,0.4419012
1751194504861,201579055,4.5455685,-0.6224856,-0.47326374
1751194504861,201579055,4.5455685,-0.6224856,-0.47326374
1751194504878,201595722,5.2999506,-1.652876,-1.3539124
1751194504878,201595722,5.2999506,-1.652876,-1.3539124
1751194504895,201612389,6.2771397,-2.8144248,-2.313568
1751194504895,201612389,6.2771397,-2.8144248,-2.313568
1751194504911,201629056,5.455617,-3.802554,-2.6350012
1751194504911,201629056,5.455617,-3.802554,-2.6350012
1751194504928,201645723,5.4698586,-5.029896,-3.3793397
1751194504928,201645723,5.4698586,-5.029896,-3.3793397
1751194504945,201662390,5.6476517,-6.0478406,-3.7484899
1751194504945,201662390,5.6476517,-6.0478406,-3.7484899
1751194504961,201679057,5.6872263,-6.4552984,-3.7028174
1751194504961,201679057,5.6872263,-6.4552984,-3.7028174
1751194504978,201695724,5.114159,-6.6920714,-3.3856378
1751194504978,201695724,5.114159,-6.6920714,-3.3856378
1751194504995,201712391,1.4200138,-4.9507155,-1.2077017
1751194504995,201712391,1.4200138,-4.9507155,-1.2077017
1751194505011,201729058,-15.866024,4.0024724,8.477324
1751194505011,201729058,-15.866024,4.0024724,8.477324
1751194505028,201745725,-13.967812,-2.505786,5.398961
1751194505028,201745725,-13.967812,-2.505786,5.398961
1751194505045,201762392,7.9262476,-3.5929167,-4.0218344
1751194505045,201762392,7.9262476,-3.5929167,-4.0218344
1751194505061,201779059,5.4148984,-1.4325789,3.6451187
1751194505061,201779059,5.4148984,-1.4325789,3.6451187
1751194505078,201795726,2.5712903,2.3665502,1.5046034
1751194505078,201795726,2.5712903,2.3665502,1.5046034
1751194505095,201812393,2.9178903,0.056758992,0.1982193
1751194505095,201812393,2.9178903,0.056758992,0.1982193
1751194505111,201829060,1.2064581,-0.32760572,0.33382893
1751194505111,201829060,1.2064581,-0.32760572,0.33382893
1751194505128,201845727,0.65057087,-0.8486635,-1.3911562
1751194505128,201845727,0.65057087,-0.8486635,-1.3911562
1751194505145,201862394,-1.4725158,-2.7599988,-0.9121809
1751194505145,201862394,-1.4725158,-2.7599988,-0.9121809
1751194505161,201879061,-0.89177895,-2.3558836,0.3983965
1751194505161,201879061,-0.89177895,-2.3558836,0.3983965
1751194505178,201895728,-0.1473764,-1.3233429,1.2149324
1751194505178,201895728,-0.1473764,-1.3233429,1.2149324
1751194505195,201912395,-0.25456202,-0.69093174,1.0194454
1751194505195,201912395,-0.25456202,-0.69093174,1.0194454
1751194505211,201929062,0.3802961,-0.41462928,0.17553139
1751194505211,201929062,0.3802961,-0.41462928,0.17553139
1751194505228,201945729,-0.0119709065,-0.444095,-0.14085674
1751194505228,201945729,-0.0119709065,-0.444095,-0.14085674
1751194505245,201962396,-0.8380033,-0.886907,-0.12779522
1751194505245,201962396,-0.8380033,-0.886907,-0.12779522
1751194505261,201979063,-1.2484759,-1.2493907,-0.26805496
1751194505261,201979063,-1.2484759,-1.2493907,-0.26805496
1751194505278,201995730,-0.31036562,-0.7493352,-0.06462288
1751194505278,201995730,-0.31036562,-0.7493352,-0.06462288
1751194505295,202012397,-0.16402185,-0.60534686,0.23298931
1751194505295,202012397,-0.16402185,-0.60534686,0.23298931
1751194505311,202029064,-0.8327527,-0.8498566,0.12017155
1751194505311,202029064,-0.8327527,-0.8498566,0.12017155
1751194505328,202045731,-0.8776071,-1.2510308,-0.08044529
1751194505328,202045731,-0.8776071,-1.2510308,-0.08044529
1751194505345,202062398,-0.6214201,-1.1118046,0.14735413
1751194505345,202062398,-0.6214201,-1.1118046,0.14735413
1751194505361,202079065,-0.4076416,-1.0053514,0.18856144
1751194505361,202079065,-0.4076416,-1.0053514,0.18856144
1751194505378,202095732,-0.42978367,-0.90168345,0.09899235
1751194505378,202095732,-0.42978367,-0.90168345,0.09899235
1751194505395,202112399,-0.4933539,-0.834763,-0.21706295
1751194505395,202112399,-0.4933539,-0.834763,-0.21706295
1751194505411,202129066,-0.14090413,-0.49739343,-0.15866661
1751194505411,202129066,-0.14090413,-0.49739343,-0.15866661
1751194505428,202145733,-0.30173758,-0.45341346,0.21562576
1751194505428,202145733,-0.30173758,-0.45341346,0.21562576
1751194505445,202162400,-0.24912038,-0.4215157,0.3979435
1751194505445,202162400,-0.24912038,-0.4215157,0.3979435
1751194505461,202179067,-0.07920763,-0.26196346,0.43199444
1751194505461,202179067,-0.07920763,-0.26196346,0.43199444
1751194505478,202195734,-0.2504391,-0.20930022,0.3904276
1751194505478,202195734,-0.2504391,-0.20930022,0.3904276
1751194505495,202212401,-0.21452618,-0.2315116,0.09650421
1751194505495,202212401,-0.21452618,-0.2315116,0.09650421
1751194505511,202229068,-0.5964718,-0.29602772,0.029752731
1751194505511,202229068,-0.5964718,-0.29602772,0.029752731
1751194505528,202245735,-1.4515624,-0.8118058,0.45329952
1751194505528,202245735,-1.4515624,-0.8118058,0.45329952
1751194505545,202262402,-1.0774835,-0.58476377,0.55111694
1751194505545,202262402,-1.0774835,-0.58476377,0.55111694
1751194505561,202279069,-0.80183125,-0.23015085,0.30096817
1751194505561,202279069,-0.80183125,-0.23015085,0.30096817
1751194505578,202295736,-1.2736837,-0.41918647,0.20075607
1751194505578,202295736,-1.2736837,-0.41918647,0.20075607
1751194505595,202312403,-0.5988817,-0.09004935,0.40539646
1751194505595,202312403,-0.5988817,-0.09004935,0.40539646
1751194505611,202329070,-0.42979395,0.2602111,0.90095615
1751194505611,202329070,-0.42979395,0.2602111,0.90095615
1751194505628,202345737,-0.46829137,0.7558515,1.0464382
1751194505628,202345737,-0.46829137,0.7558515,1.0464382
1751194505645,202362404,-0.28939027,1.0828131,1.0314245
1751194505645,202362404,-0.28939027,1.0828131,1.0314245
1751194505661,202379071,-0.34690955,1.4642684,1.1363869
1751194505661,202379071,-0.34690955,1.4642684,1.1363869
1751194505678,202395738,-1.1425316,2.0200226,1.2867498
1751194505678,202395738,-1.1425316,2.0200226,1.2867498
1751194505695,202412405,-1.9706033,2.7507389,2.4840412
1751194505695,202412405,-1.9706033,2.7507389,2.4840412
1751194505711,202429072,-3.3864515,4.495146,3.805997
1751194505711,202429072,-3.3864515,4.495146,3.805997
1751194505728,202445739,-3.4637194,6.078163,2.8266506
1751194505728,202445739,-3.4637194,6.078163,2.8266506
1751194505745,202462406,-4.6168213,7.2623615,1.9250317
1751194505745,202462406,-4.6168213,7.2623615,1.9250317
1751194505761,202479073,-5.7698503,8.654643,1.5033445
1751194505761,202479073,-5.7698503,8.654643,1.5033445
1751194505778,202495740,-5.7242336,7.6804614,1.2131824
1751194505778,202495740,-5.7242336,7.6804614,1.2131824
1751194505795,202512407,-5.3980165,3.6205976,1.9184971
1751194505795,202512407,-5.3980165,3.6205976,1.9184971
1751194505811,202529074,-6.0992393,4.1252484,3.1148443
1751194505811,202529074,-6.0992393,4.1252484,3.1148443
1751194505828,202545741,-7.6576104,5.132413,3.6023245
1751194505828,202545741,-7.6576104,5.132413,3.6023245
1751194505845,202562408,-8.4424,5.0899634,1.8347216
1751194505845,202562408,-8.4424,5.0899634,1.8347216
1751194505861,202579075,-7.916618,5.8100543,-0.902668
1751194505861,202579075,-7.916618,5.8100543,-0.902668
1751194505878,202595742,-6.483295,4.5837545,-3.560708
1751194505878,202595742,-6.483295,4.5837545,-3.560708
1751194505895,202612409,-4.6853704,3.8087645,-6.9267397
1751194505895,202612409,-4.6853704,3.8087645,-6.9267397
1751194505911,202629076,-5.094459,5.0523367,-8.73319
1751194505911,202629076,-5.094459,5.0523367,-8.73319
1751194505928,202645743,-5.418793,4.9664564,-9.361532
1751194505928,202645743,-5.418793,4.9664564,-9.361532
1751194505945,202662410,-2.779145,3.8770556,-8.346715
1751194505945,202662410,-2.779145,3.8770556,-8.346715
1751194505961,202679077,-1.707973,4.3883724,-7.2480316
1751194505961,202679077,-1.707973,4.3883724,-7.2480316
1751194505978,202695744,-2.6915498,5.4144,-6.6325946
1751194505978,202695744,-2.6915498,5.4144,-6.6325946
1751194505995,202712411,-3.6340144,5.1104054,-5.635515
1751194505995,202712411,-3.6340144,5.1104054,-5.635515
1751194506011,202729078,-4.241132,4.482497,-4.3088293
1751194506011,202729078,-4.241132,4.482497,-4.3088293
1751194506028,202745745,-4.451146,3.8864648,-2.3289127
1751194506028,202745745,-4.451146,3.8864648,-2.3289127
1751194506045,202762412,-4.390442,3.41554,0.1850853
1751194506045,202762412,-4.390442,3.41554,0.1850853
1751194506061,202779079,-3.3290217,3.2003977,4.2904243
1751194506061,202779079,-3.3290217,3.2003977,4.2904243
1751194506078,202795746,-0.4349741,1.241479,8.741308
1751194506078,202795746,-0.4349741,1.241479,8.741308
1751194506095,202812413,2.4411132,-2.9970553,12.339636
1751194506095,202812413,2.4411132,-2.9970553,12.339636
1751194506111,202829080,4.6567316,-8.930117,15.472559
1751194506111,202829080,4.6567316,-8.930117,15.472559
1751194506128,202845747,5.798887,-14.195656,11.236593
1751194506128,202845747,5.798887,-14.195656,11.236593
1751194506145,202862414,5.570381,-19.014025,5.4982758
1751194506145,202862414,5.570381,-19.014025,5.4982758
1751194506161,202879081,7.737952,-20.310581,-1.4413862
1751194506161,202879081,7.737952,-20.310581,-1.4413862
1751194506178,202895748,15.844598,-22.990631,-12.373555
1751194506178,202895748,15.844598,-22.990631,-12.373555
1751194506195,202912415,20.309095,-20.08822,-20.486057
1751194506195,202912415,20.309095,-20.08822,-20.486057
1751194506211,202929082,16.694931,-14.035441,-12.553305
1751194506211,202929082,16.694931,-14.035441,-12.553305
1751194506228,202945749,8.926105,-7.847917,-2.5026727
1751194506228,202945749,8.926105,-7.847917,-2.5026727
1751194506245,202962416,-15.423634,13.260389,21.381538
1751194506245,202962416,-15.423634,13.260389,21.381538
1751194506261,202979083,6.454752,-3.8468025,-1.7980928
1751194506261,202979083,6.454752,-3.8468025,-1.7980928
1751194506278,202995750,16.304724,-4.3072567,-1.3507977
1751194506278,202995750,16.304724,-4.3072567,-1.3507977
1751194506295,203012417,-0.85827726,-7.2001567,5.6826935
1751194506295,203012417,-0.85827726,-7.2001567,5.6826935
1751194506311,203029084,-2.2104595,-6.7209373,-1.6146984
1751194506311,203029084,-2.2104595,-6.7209373,-1.6146984
1751194506328,203045751,1.1310441,-1.9735664,2.0717402
1751194506328,203045751,1.1310441,-1.9735664,2.0717402
1751194506345,203062418,3.0308282,-0.54712194,0.90105534
1751194506345,203062418,3.0308282,-0.54712194,0.90105534
1751194506361,203079085,2.7849748,0.47183496,-0.19285393
1751194506361,203079085,2.7849748,0.47183496,-0.19285393
1751194506378,203095752,0.9839597,0.029673804,-0.13084793
1751194506378,203095752,0.9839597,0.029673804,-0.13084793
1751194506395,203112419,-0.72188383,-1.3514673,0.26404858
1751194506395,203112419,-0.72188383,-1.3514673,0.26404858
1751194506411,203129086,-0.84094805,-1.4109229,1.712182
1751194506411,203129086,-0.84094805,-1.4109229,1.712182
1751194506428,203145753,-1.5113323,-1.3327963,1.0302563
1751194506428,203145753,-1.5113323,-1.3327963,1.0302563
1751194506445,203162420,-1.2250528,-1.2676105,-0.7652283
1751194506445,203162420,-1.2250528,-1.2676105,-0.7652283
1751194506461,203179087,-0.37680396,-0.4530306,0.22492886
1751194506461,203179087,-0.37680396,-0.4530306,0.22492886
1751194506478,203195754,0.22179951,0.00939872,0.3563881
1751194506478,203195754,0.22179951,0.00939872,0.3563881
1751194506495,203212421,0.50697184,0.08232943,0.20146656
1751194506495,203212421,0.50697184,0.08232943,0.20146656
1751194506511,203229088,-0.7378067,-0.31384593,0.7046337
1751194506511,203229088,-0.7378067,-0.31384593,0.7046337
1751194506528,203245755,-0.6138645,-0.3067349,0.029503822
1751194506528,203245755,-0.6138645,-0.3067349,0.029503822
1751194506545,203262422,-0.14233439,-0.11423434,-0.1376915
1751194506545,203262422,-0.14233439,-0.11423434,-0.1376915
1751194506561,203279089,-0.4974491,-0.27758858,0.2219162
1751194506561,203279089,-0.4974491,-0.27758858,0.2219162
1751194506578,203295756,-0.8806433,-0.5362442,0.27307415
1751194506578,203295756,-0.8806433,-0.5362442,0.27307415
1751194506595,203312423,-0.918345,-0.46355045,0.2589426
1751194506595,203312423,-0.918345,-0.46355045,0.2589426
1751194506611,203329090,-0.5803648,-0.37426305,0.44300747
1751194506611,203329090,-0.5803648,-0.37426305,0.44300747
1751194506628,203345757,-0.2800814,-0.09824803,0.928545
1751194506628,203345757,-0.2800814,-0.09824803,0.928545
1751194506645,203362424,-0.12136575,0.2227548,0.874671
1751194506645,203362424,-0.12136575,0.2227548,0.874671
1751194506661,203379091,-0.13253424,0.09236383,0.60938644
1751194506661,203379091,-0.13253424,0.09236383,0.60938644
1751194506678,203395758,-1.9746449,0.5539563,0.30857277
1751194506678,203395758,-1.9746449,0.5539563,0.30857277
1751194506695,203412425,-0.22801854,-1.0642833,0.14275265
1751194506695,203412425,-0.22801854,-1.0642833,0.14275265
1751194506711,203429092,-0.6028274,2.1818826,0.74960804
1751194506711,203429092,-0.6028274,2.1818826,0.74960804
1751194506728,203445759,-0.84155446,1.1571766,1.3654404
1751194506728,203445759,-0.84155446,1.1571766,1.3654404
1751194506745,203462426,-0.11074441,1.4639298,1.0494576
1751194506745,203462426,-0.11074441,1.4639298,1.0494576
1751194506761,203479093,-1.0068657,1.6276699,1.120038
1751194506761,203479093,-1.0068657,1.6276699,1.120038
1751194506778,203495760,-3.2862492,1.2862527,1.5786514
1751194506778,203495760,-3.2862492,1.2862527,1.5786514
1751194506795,203512427,-4.2549214,2.0414762,2.8672132
1751194506795,203512427,-4.2549214,2.0414762,2.8672132
1751194506811,203529094,-5.900638,4.692664,4.210389
1751194506811,203529094,-5.900638,4.692664,4.210389
1751194506828,203545761,-6.064187,8.109168,3.6234846
1751194506828,203545761,-6.064187,8.109168,3.6234846
1751194506845,203562428,-8.232173,11.994553,2.830288
1751194506845,203562428,-8.232173,11.994553,2.830288
1751194506861,203579095,-9.512021,13.300871,1.0329266
1751194506861,203579095,-9.512021,13.300871,1.0329266
1751194506878,203595762,-8.943214,8.985938,-0.15854168
1751194506878,203595762,-8.943214,8.985938,-0.15854168
1751194506895,203612429,-6.531262,-4.145777,4.6626873
1751194506895,203612429,-6.531262,-4.145777,4.6626873
1751194506911,203629096,-13.811209,0.309451,4.623412
1751194506911,203629096,-13.811209,0.309451,4.623412
1751194506928,203645763,-14.2056265,7.534603,1.2058916
1751194506928,203645763,-14.2056265,7.534603,1.2058916
1751194506945,203662430,-7.078067,10.782695,-4.6837707
1751194506945,203662430,-7.078067,10.782695,-4.6837707
1751194506961,203679097,-3.857551,7.6661563,-7.558898
1751194506961,203679097,-3.857551,7.6661563,-7.558898
1751194506978,203695764,-3.9289384,2.4100354,-7.6352425
1751194506978,203695764,-3.9289384,2.4100354,-7.6352425
1751194506995,203712431,-6.0797443,1.3764001,-8.96028
1751194506995,203712431,-6.0797443,1.3764001,-8.96028
1751194507011,203729098,-6.163546,1.8839089,-9.145794
1751194507011,203729098,-6.163546,1.8839089,-9.145794
1751194507028,203745765,-4.7872977,2.4163086,-7.9791446
1751194507028,203745765,-4.7872977,2.4163086,-7.9791446
1751194507045,203762432,-4.113408,3.3362932,-6.7037935
1751194507045,203762432,-4.113408,3.3362932,-6.7037935
1751194507061,203779099,-4.240627,4.388981,-5.852355
1751194507061,203779099,-4.240627,4.388981,-5.852355
1751194507078,203795766,-3.764695,4.652136,-4.3044143
1751194507078,203795766,-3.764695,4.652136,-4.3044143
1751194507095,203812433,-3.6764302,3.6097207,-2.033853
1751194507095,203812433,-3.6764302,3.6097207,-2.033853
1751194507111,203829100,-3.9869723,3.1688209,0.62791634
1751194507111,203829100,-3.9869723,3.1688209,0.62791634
1751194507128,203845767,-2.9772208,2.6813142,4.4021215
1751194507128,203845767,-2.9772208,2.6813142,4.4021215
1751194507145,203862434,-0.74241126,0.9144364,8.130274
1751194507145,203862434,-0.74241126,0.9144364,8.130274
1751194507161,203879101,2.5613222,-1.5663002,11.609518
1751194507161,203879101,2.5613222,-1.5663002,11.609518
1751194507178,203895768,7.3988285,-7.910496,13.890621
1751194507178,203895768,7.3988285,-7.910496,13.890621
1751194507195,203912435,9.262695,-13.089692,12.0184555
1751194507195,203912435,9.262695,-13.089692,12.0184555
1751194507211,203929102,9.127021,-17.791388,5.6743364
1751194507211,203929102,9.127021,-17.791388,5.6743364
1751194507228,203945769,10.52412,-18.584524,-1.1848736
1751194507228,203945769,10.52412,-18.584524,-1.1848736
1751194507245,203962436,15.238638,-20.547108,-10.516296
1751194507245,203962436,15.238638,-20.547108,-10.516296
1751194507261,203979103,18.054081,-20.53186,-19.581245
1751194507261,203979103,18.054081,-20.53186,-19.581245
1751194507278,203995770,16.091911,-14.567378,-13.702574
1751194507278,203995770,16.091911,-14.567378,-13.702574
1751194507295,204012437,13.402198,-9.990469,-5.300811
1751194507295,204012437,13.402198,-9.990469,-5.300811
1751194507311,204029104,9.095103,-5.311987,-0.26348877
1751194507311,204029104,9.095103,-5.311987,-0.26348877
1751194507328,204045771,-8.563829,20.483173,17.54617
1751194507328,204045771,-8.563829,20.483173,17.54617
1751194507345,204062438,-12.715628,3.7274032,9.46273
1751194507345,204062438,-12.715628,3.7274032,9.46273
1751194507361,204079105,17.329725,-4.427011,-10.073265
1751194507361,204079105,17.329725,-4.427011,-10.073265
1751194507378,204095772,9.072231,-3.5415523,6.975357
1751194507378,204095772,9.072231,-3.5415523,6.975357
1751194507395,204112439,1.4995592,-5.0200386,1.4899197
1751194507395,204112439,1.4995592,-5.0200386,1.4899197
1751194507411,204129106,-1.4923354,-6.2373996,0.8847561
1751194507411,204129106,-1.4923354,-6.2373996,0.8847561
1751194507428,204145773,-0.97053146,-2.7659688,3.7795706
1751194507428,204145773,-0.97053146,-2.7659688,3.7795706
1751194507445,204162440,3.7587843,2.4010422,-2.6389532
1751194507445,204162440,3.7587843,2.4010422,-2.6389532
1751194507461,204179107,0.9576904,0.91802645,-2.8818345
1751194507461,204179107,0.9576904,0.91802645,-2.8818345
1751194507478,204195774,-0.50072557,-0.983096,-0.40343857
1751194507478,204195774,-0.50072557,-0.983096,-0.40343857
1751194507495,204212441,-1.1349375,-1.288535,2.354128
1751194507495,204212441,-1.1349375,-1.288535,2.354128
1751194507511,204229108,-1.0059375,-1.4212668,2.644168
1751194507511,204229108,-1.0059375,-1.4212668,2.644168
1751194507528,204245775,-1.05013,-0.9016859,0.66786575
1751194507528,204245775,-1.05013,-0.9016859,0.66786575
1751194507545,204262442,-1.147784,-0.95225257,-1.1996346
1751194507545,204262442,-1.147784,-0.95225257,-1.1996346
1751194507561,204279109,-0.8671643,-0.65478766,-0.43297958
1751194507561,204279109,-0.8671643,-0.65478766,-0.43297958
1751194507578,204295776,-0.07092804,0.15752031,-0.23472595
1751194507578,204295776,-0.07092804,0.15752031,-0.23472595
1751194507595,204312443,-0.17452249,0.5045483,0.1455164
1751194507595,204312443,-0.17452249,0.5045483,0.1455164
1751194507611,204329110,-0.46130884,0.12847637,0.10382843
1751194507611,204329110,-0.46130884,0.12847637,0.10382843
1751194507628,204345777,-0.45605806,-0.12526694,-0.4534607
1751194507628,204345777,-0.45605806,-0.12526694,-0.4534607
1751194507645,204362444,-1.1373056,-0.39061794,-0.13035583
1751194507645,204362444,-1.1373056,-0.39061794,-0.13035583
1751194507661,204379111,-1.1128529,-0.5406186,0.03131485
1751194507661,204379111,-1.1128529,-0.5406186,0.03131485
1751194507678,204395778,-0.7053644,-0.22469959,0.088703156
1751194507678,204395778,-0.7053644,-0.22469959,0.088703156
1751194507695,204412445,-0.5663546,-0.14028299,-0.18534088
1751194507695,204412445,-0.5663546,-0.14028299,-0.18534088
1751194507711,204429112,-0.67472214,-0.19538027,0.08584976
1751194507711,204429112,-0.67472214,-0.19538027,0.08584976
1751194507728,204445779,-0.4266203,0.027238853,0.31763363
1751194507728,204445779,-0.4266203,0.027238853,0.31763363
1751194507745,204462446,-0.08304579,0.17615804,0.20016289
1751194507745,204462446,-0.08304579,0.17615804,0.20016289
1751194507761,204479113,-0.00082968007,0.054871425,0.29088306
1751194507761,204479113,-0.00082968007,0.054871425,0.29088306
1751194507778,204495780,-0.20907559,0.120332114,0.37854195
1751194507778,204495780,-0.20907559,0.120332114,0.37854195
1751194507795,204512447,-0.50965065,0.25227046,0.42338848
1751194507795,204512447,-0.50965065,0.25227046,0.42338848
1751194507811,204529114,-0.679095,0.2937519,0.6615534
1751194507811,204529114,-0.679095,0.2937519,0.6615534
1751194507828,204545781,-0.8002501,0.25537607,0.85975456
1751194507828,204545781,-0.8002501,0.25537607,0.85975456
1751194507845,204562448,-0.50717616,0.58553445,0.71489716
1751194507845,204562448,-0.50717616,0.58553445,0.71489716
1751194507861,204579115,-1.0676013,0.6644364,1.0455542
1751194507861,204579115,-1.0676013,0.6644364,1.0455542
1751194507878,204595782,-2.2940526,0.4473641,1.9061422
1751194507878,204595782,-2.2940526,0.4473641,1.9061422
1751194507895,204612449,-2.61863,1.3355371,2.2932167
1751194507895,204612449,-2.61863,1.3355371,2.2932167
1751194507911,204629116,-1.9467196,2.536838,3.4283333
1751194507911,204629116,-1.9467196,2.536838,3.4283333
1751194507928,204645783,-3.2819114,5.074954,5.2144327
1751194507928,204645783,-3.2819114,5.074954,5.2144327
1751194507945,204662450,-3.957655,7.9370236,5.5947866
1751194507945,204662450,-3.957655,7.9370236,5.5947866
1751194507961,204679117,-8.871729,12.398809,6.0524845
1751194507961,204679117,-8.871729,12.398809,6.0524845
1751194507978,204695784,-12.302054,17.49617,3.6606846
1751194507978,204695784,-12.302054,17.49617,3.6606846
1751194507995,204712451,-12.373061,15.699854,-0.41180897
1751194507995,204712451,-12.373061,15.699854,-0.41180897
1751194508011,204729118,-13.275266,-8.771764,0.73692226
1751194508011,204729118,-13.275266,-8.771764,0.73692226
1751194508028,204745785,-9.838351,-5.8085475,0.41306973
1751194508028,204745785,-9.838351,-5.8085475,0.41306973
1751194508045,204762452,-9.248146,9.6692095,-1.3436356
1751194508045,204762452,-9.248146,9.6692095,-1.3436356
1751194508061,204779119,-5.5209746,9.372328,-6.4332385
1751194508061,204779119,-5.5209746,9.372328,-6.4332385
1751194508078,204795786,-3.9074016,4.0713744,-7.767037
1751194508078,204795786,-3.9074016,4.0713744,-7.767037
1751194508095,204812453,-5.1710763,1.6271503,-8.2842
1751194508095,204812453,-5.1710763,1.6271503,-8.2842
1751194508111,204829120,-5.0959964,0.5407228,-8.998564
1751194508111,204829120,-5.0959964,0.5407228,-8.998564
1751194508128,204845787,-5.067242,0.5480982,-8.915234
1751194508128,204845787,-5.067242,0.5480982,-8.915234
1751194508145,204862454,-5.3000884,0.64609337,-7.6745367
1751194508145,204862454,-5.3000884,0.64609337,-7.6745367
1751194508161,204879121,-5.8423247,0.9150664,-6.1504784
1751194508161,204879121,-5.8423247,0.9150664,-6.1504784
1751194508178,204895788,-6.2532563,0.7656109,-4.400706
1751194508178,204895788,-6.2532563,0.7656109,-4.400706
1751194508195,204912455,-6.161849,-1.373704,-2.3970923
1751194508195,204912455,-6.161849,-1.373704,-2.3970923
1751194508211,204929122,-5.6136017,-3.9444296,0.28632545
1751194508211,204929122,-5.6136017,-3.9444296,0.28632545
1751194508228,204945789,-3.257372,-6.209106,3.61899
1751194508228,204945789,-3.257372,-6.209106,3.61899
1751194508245,204962456,-0.07196938,-10.388482,5.9153337
1751194508245,204962456,-0.07196938,-10.388482,5.9153337
1751194508261,204979123,4.327521,-14.620957,6.8336067
1751194508261,204979123,4.327521,-14.620957,6.8336067
1751194508278,204995790,9.36536,-16.295744,6.1217194
1751194508278,204995790,9.36536,-16.295744,6.1217194
1751194508295,205012457,14.884383,-15.499935,3.835023
1751194508295,205012457,14.884383,-15.499935,3.835023
1751194508311,205029124,18.286875,-12.836852,1.2491426
1751194508311,205029124,18.286875,-12.836852,1.2491426
1751194508328,205045791,18.797125,-9.084101,0.2676897
1751194508328,205045791,18.797125,-9.084101,0.2676897
1751194508345,205062458,17.623878,-4.619997,-1.2364216
1751194508345,205062458,17.623878,-4.619997,-1.2364216
1751194508361,205079125,16.58033,-0.8142039,-1.7478533
1751194508361,205079125,16.58033,-0.8142039,-1.7478533
1751194508378,205095792,22.79918,8.370706,-3.531077
1751194508378,205095792,22.79918,8.370706,-3.531077
1751194508395,205112459,2.459997,10.611851,6.2426815
1751194508395,205112459,2.459997,10.611851,6.2426815
1751194508411,205129126,-11.899118,-6.23922,4.8350306
1751194508411,205129126,-11.899118,-6.23922,4.8350306
1751194508428,205145793,3.7753925,-4.149677,1.1377401
1751194508428,205145793,3.7753925,-4.149677,1.1377401
1751194508445,205162460,-1.0663843,1.7255818,3.0913744
1751194508445,205162460,-1.0663843,1.7255818,3.0913744
1751194508461,205179127,0.16580594,1.4622582,-1.3688164
1751194508461,205179127,0.16580594,1.4622582,-1.3688164
1751194508478,205195794,0.36129484,0.9071944,-1.1058235
1751194508478,205195794,0.36129484,0.9071944,-1.1058235
1751194508495,205212461,-0.027898887,-0.01657058,-0.007613182
1751194508495,205212461,-0.027898887,-0.01657058,-0.007613182
1751194508511,205229128,0.028617704,0.31598172,0.85495853
1751194508511,205229128,0.028617704,0.31598172,0.85495853
1751194508528,205245795,-0.62788635,0.657856,1.7573318
1751194508528,205245795,-0.62788635,0.657856,1.7573318
1751194508545,205262462,-1.1069247,1.0517625,-0.15041542
1751194508545,205262462,-1.1069247,1.0517625,-0.15041542
1751194508561,205279129,-0.5079502,0.08650633,-0.42462063
1751194508561,205279129,-0.5079502,0.08650633,-0.42462063
1751194508578,205295796,-0.31264636,-0.65557045,0.31457806
1751194508578,205295796,-0.31264636,-0.65557045,0.31457806
1751194508595,205312463,-0.10099924,-1.1872979,-0.19549179
1751194508595,205312463,-0.10099924,-1.1872979,-0.19549179
1751194508611,205329130,0.06133687,-1.1280515,-0.27437496
1751194508611,205329130,0.06133687,-1.1280515,-0.27437496
1751194508628,205345797,-0.27947032,-0.5362945,0.37756157
1751194508628,205345797,-0.27947032,-0.5362945,0.37756157
1751194508645,205362464,-0.52810884,0.2787069,0.49198055
1751194508645,205362464,-0.52810884,0.2787069,0.49198055
1751194508661,205379131,-0.5282031,0.52157354,0.0538826
1751194508661,205379131,-0.5282031,0.52157354,0.0538826
1751194508678,205395798,-0.51386654,0.40725344,0.052116394
1751194508678,205395798,-0.51386654,0.40725344,0.052116394
1751194508695,205412465,-0.7787665,0.73517525,0.22858143
1751194508695,205412465,-0.7787665,0.73517525,0.22858143
1751194508711,205429132,-0.99714583,0.84082246,0.13696861
1751194508711,205429132,-0.99714583,0.84082246,0.13696861
1751194508728,205445799,-0.74183816,0.36706716,-0.102394104
1751194508728,205445799,-0.74183816,0.36706716,-0.102394104
1751194508745,205462466,-0.62158597,-0.26746622,-0.38280106
1751194508745,205462466,-0.62158597,-0.26746622,-0.38280106
1751194508761,205479133,-0.6876023,-0.09466265,-0.26494122
1751194508761,205479133,-0.6876023,-0.09466265,-0.26494122
1751194508778,205495800,-0.7056617,0.18709822,0.018684387
1751194508778,205495800,-0.7056617,0.18709822,0.018684387
1751194508795,205512467,-0.7145025,0.21692021,0.0262928
1751194508795,205512467,-0.7145025,0.21692021,0.0262928
1751194508811,205529134,-0.6732443,0.08080485,-0.045484543
1751194508811,205529134,-0.6732443,0.08080485,-0.045484543
1751194508828,205545801,-0.6036075,0.13014624,-0.090418816
1751194508828,205545801,-0.6036075,0.13014624,-0.090418816
1751194508845,205562468,-0.67272395,0.054682333,-0.18373108
1751194508845,205562468,-0.67272395,0.054682333,-0.18373108
1751194508861,205579135,-0.8135456,0.05372849,-0.16898632
1751194508861,205579135,-0.8135456,0.05372849,-0.16898632
1751194508878,205595802,-0.74221766,-0.024618946,-0.0067358017
1751194508878,205595802,-0.74221766,-0.024618946,-0.0067358017
1751194508895,205612469,-0.69251156,-0.24512555,-0.02234459
1751194508895,205612469,-0.69251156,-0.24512555,-0.02234459
1751194508911,205629136,-0.64442676,0.044953484,0.03275299
1751194508911,205629136,-0.64442676,0.044953484,0.03275299
1751194508928,205645803,-0.85090756,0.21772642,0.15024948
1751194508928,205645803,-0.85090756,0.21772642,0.15024948
1751194508945,205662470,-0.8193176,0.17216241,0.16466141
1751194508945,205662470,-0.8193176,0.17216241,0.16466141
1751194508961,205679137,-0.634682,0.10266621,0.25969887
1751194508961,205679137,-0.634682,0.10266621,0.25969887
1751194508978,205695804,-0.89629006,0.35298485,0.3888235
1751194508978,205695804,-0.89629006,0.35298485,0.3888235
1751194508995,205712471,-0.91141254,0.00841124,0.3082018
1751194508995,205712471,-0.91141254,0.00841124,0.3082018
1751194509011,205729138,-1.3688072,0.46723038,0.40356255
1751194509011,205729138,-1.3688072,0.46723038,0.40356255
1751194509028,205745805,-3.3893137,2.3904552,0.60043335
1751194509028,205745805,-3.3893137,2.3904552,0.60043335
1751194509045,205762472,-3.5517993,1.9192752,1.3938532
1751194509045,205762472,-3.5517993,1.9192752,1.3938532
1751194509061,205779139,-1.7986928,-0.9554309,2.8700762
1751194509061,205779139,-1.7986928,-0.9554309,2.8700762
1751194509078,205795806,-0.9787346,-4.2988067,3.6649466
1751194509078,205795806,-0.9787346,-4.2988067,3.6649466
1751194509095,205812473,-0.24288975,-4.058241,3.1140022
1751194509095,205812473,-0.24288975,-4.058241,3.1140022
1751194509111,205829140,-1.9861138,-3.9827006,2.5292444
1751194509111,205829140,-1.9861138,-3.9827006,2.5292444
1751194509128,205845807,-1.5396694,-5.237968,2.1750584
1751194509128,205845807,-1.5396694,-5.237968,2.1750584
1751194509145,205862474,-0.81356484,-7.3083177,2.512393
1751194509145,205862474,-0.81356484,-7.3083177,2.512393
1751194509161,205879141,0.7576052,-9.358885,2.0869656
1751194509161,205879141,0.7576052,-9.358885,2.0869656
1751194509178,205895808,2.8176503,-11.153415,0.5694809
1751194509178,205895808,2.8176503,-11.153415,0.5694809
1751194509195,205912475,7.211464,-7.0378437,-1.7060108
1751194509195,205912475,7.211464,-7.0378437,-1.7060108
1751194509211,205929142,9.980308,-2.3914394,-0.8438387
1751194509211,205929142,9.980308,-2.3914394,-0.8438387
1751194509228,205945809,2.741503,-1.1431547,4.28376
1751194509228,205945809,2.741503,-1.1431547,4.28376
1751194509245,205962476,2.9710898,-4.772772,3.7723389
1751194509245,205962476,2.9710898,-4.772772,3.7723389
1751194509261,205979143,9.098466,-9.320006,-2.8548532
1751194509261,205979143,9.098466,-9.320006,-2.8548532
1751194509278,205995810,9.094616,-4.707103,-4.5442796
1751194509278,205995810,9.094616,-4.707103,-4.5442796
1751194509295,206012477,5.022858,-4.1558857,-2.918706
1751194509295,206012477,5.022858,-4.1558857,-2.918706
1751194509311,206029144,3.6794884,-4.8206806,-2.7177958
1751194509311,206029144,3.6794884,-4.8206806,-2.7177958
1751194509328,206045811,4.272964,-4.4778676,-3.3109508
1751194509328,206045811,4.272964,-4.4778676,-3.3109508
1751194509345,206062478,5.51946,-3.7877774,-3.4807763
1751194509345,206062478,5.51946,-3.7877774,-3.4807763
1751194509361,206079145,6.130731,-3.9428427,-4.155776
1751194509361,206079145,6.130731,-3.9428427,-4.155776
1751194509378,206095812,6.010881,-2.7898915,-4.369222
1751194509378,206095812,6.010881,-2.7898915,-4.369222
1751194509395,206112479,6.668099,-1.160138,-3.758305
1751194509395,206112479,6.668099,-1.160138,-3.758305
1751194509411,206129146,8.382863,-0.7219457,-3.6963363
1751194509411,206129146,8.382863,-0.7219457,-3.6963363
1751194509428,206145813,9.159669,0.21328679,-3.1795273
1751194509428,206145813,9.159669,0.21328679,-3.1795273
1751194509445,206162480,8.22284,1.0592562,-1.7040672
1751194509445,206162480,8.22284,1.0592562,-1.7040672
1751194509461,206179147,6.994895,1.5587132,-0.10571766
1751194509461,206179147,6.994895,1.5587132,-0.10571766
1751194509478,206195814,5.8433146,2.1238198,1.5737896
1751194509478,206195814,5.8433146,2.1238198,1.5737896
1751194509495,206212481,4.7969856,2.6876252,3.4923306
1751194509495,206212481,4.7969856,2.6876252,3.4923306
1751194509511,206229148,2.8772287,3.2168782,5.924533
1751194509511,206229148,2.8772287,3.2168782,5.924533
1751194509528,206245815,-0.2683092,3.7394116,8.3827095
1751194509528,206245815,-0.2683092,3.7394116,8.3827095
1751194509545,206262482,-4.972912,6.7021165,9.413591
1751194509545,206262482,-4.972912,6.7021165,9.413591
1751194509561,206279149,-8.444743,9.144054,8.049305
1751194509561,206279149,-8.444743,9.144054,8.049305
1751194509578,206295816,-10.33255,10.762796,4.404583
1751194509578,206295816,-10.33255,10.762796,4.404583
1751194509595,206312483,-12.380147,11.059194,2.2109299
1751194509595,206312483,-12.380147,11.059194,2.2109299
1751194509611,206329150,-15.126295,10.23474,-1.7127762
1751194509611,206329150,-15.126295,10.23474,-1.7127762
1751194509628,206345817,-14.761783,12.645759,-6.897316
1751194509628,206345817,-14.761783,12.645759,-6.897316
1751194509645,206362484,-16.916645,14.991586,-14.831445
1751194509645,206362484,-16.916645,14.991586,-14.831445
1751194509661,206379151,-17.441923,10.844396,-16.354012
1751194509661,206379151,-17.441923,10.844396,-16.354012
1751194509678,206395818,-16.59868,6.1375213,-10.871131
1751194509678,206395818,-16.59868,6.1375213,-10.871131
1751194509695,206412485,-13.604942,2.162727,-4.0398874
1751194509695,206412485,-13.604942,2.162727,-4.0398874
1751194509711,206429152,1.7306278,-17.859028,14.973732
1751194509711,206429152,1.7306278,-17.859028,14.973732
1751194509728,206445819,5.5958176,-1.5066919,11.258926
1751194509728,206445819,5.5958176,-1.5066919,11.258926
1751194509745,206462486,-16.285881,2.440591,-11.857403
1751194509745,206462486,-16.285881,2.440591,-11.857403
1751194509761,206479153,-9.629369,3.7107005,5.5779257
1751194509761,206479153,-9.629369,3.7107005,5.5779257
1751194509778,206495820,-1.691308,4.2946935,3.0277987
1751194509778,206495820,-1.691308,4.2946935,3.0277987
1751194509795,206512487,-2.2750328,3.1713538,0.18596172
1751194509795,206512487,-2.2750328,3.1713538,0.18596172
1751194509811,206529154,-1.2709063,0.39897564,-0.11690903
1751194509811,206529154,-1.2709063,0.39897564,-0.11690903
1751194509828,206545821,-3.395938,-2.1195629,-3.7112885
1751194509828,206545821,-3.395938,-2.1195629,-3.7112885
1751194509845,206562488,-1.607961,0.48078015,-0.52941895
1751194509845,206562488,-1.607961,0.48078015,-0.52941895
1751194509861,206579155,-2.260114,0.6783864,1.5000172
1751194509861,206579155,-2.260114,0.6783864,1.5000172
1751194509878,206595822,-2.1961432,0.3967849,2.7126303
1751194509878,206595822,-2.1961432,0.3967849,2.7126303
1751194509895,206612489,-1.068525,0.9411975,0.8910103
1751194509895,206612489,-1.068525,0.9411975,0.8910103
1751194509911,206629156,-0.7653112,0.78990674,-0.7571955
1751194509911,206629156,-0.7653112,0.78990674,-0.7571955
1751194509928,206645823,-1.8385531,-0.18670204,0.006447792
1751194509928,206645823,-1.8385531,-0.18670204,0.006447792
1751194509945,206662490,-1.9908088,-0.9749891,0.20184994
1751194509945,206662490,-1.9908088,-0.9749891,0.20184994
1751194509961,206679157,-0.85776556,-0.022379905,-0.23396873
1751194509961,206679157,-0.85776556,-0.022379905,-0.23396873
1751194509978,206695824,-0.64840806,0.4215984,-0.05940628
1751194509978,206695824,-0.64840806,0.4215984,-0.05940628
1751194509995,206712491,-1.1457943,-0.14135072,0.07104969
1751194509995,206712491,-1.1457943,-0.14135072,0.07104969
1751194510011,206729158,-0.74814445,0.048011255,-0.035574913
1751194510011,206729158,-0.74814445,0.048011255,-0.035574913
1751194510028,206745825,-0.5504387,0.35496616,-0.18622875
1751194510028,206745825,-0.5504387,0.35496616,-0.18622875
1751194510045,206762492,-0.8573452,0.2689861,-0.1683302
1751194510045,206762492,-0.8573452,0.2689861,-0.1683302
1751194510061,206779159,-1.0863307,0.11339103,-0.12763691
1751194510061,206779159,-1.0863307,0.11339103,-0.12763691
1751194510078,206795826,-1.1472067,0.09381901,0.15791702
1751194510078,206795826,-1.1472067,0.09381901,0.15791702
1751194510095,206812493,-1.123851,-0.118216224,0.31616116
1751194510095,206812493,-1.123851,-0.118216224,0.31616116
1751194510111,206829160,-1.2417762,-0.21049534,0.47693443
1751194510111,206829160,-1.2417762,-0.21049534,0.47693443
1751194510128,206845827,-1.2547001,-0.170687,0.7274866
1751194510128,206845827,-1.2547001,-0.170687,0.7274866
1751194510145,206862494,-1.2690789,-0.25452605,0.8219166
1751194510145,206862494,-1.2690789,-0.25452605,0.8219166
1751194510161,206879161,-1.1646857,-0.5343511,0.7864599
1751194510161,206879161,-1.1646857,-0.5343511,0.7864599
1751194510178,206895828,-0.9381296,-0.6108049,0.8278856
1751194510178,206895828,-0.9381296,-0.6108049,0.8278856
1751194510195,206912495,-0.44093272,-0.671331,1.0577335
1751194510195,206912495,-0.44093272,-0.671331,1.0577335
1751194510211,206929162,-0.4188893,-1.1474321,1.137187
1751194510211,206929162,-0.4188893,-1.1474321,1.137187
1751194510228,206945829,-1.014017,-1.6203992,0.8659706
1751194510228,206945829,-1.014017,-1.6203992,0.8659706
1751194510245,206962496,-0.15438879,-1.4804901,1.3702335
1751194510245,206962496,-0.15438879,-1.4804901,1.3702335
1751194510261,206979163,1.4836401,-0.48504883,2.1612635
1751194510261,206979163,1.4836401,-0.48504883,2.1612635
1751194510278,206995830,2.002953,-1.0266567,2.4627228
1751194510278,206995830,2.002953,-1.0266567,2.4627228
1751194510295,207012497,2.727217,-2.3550673,3.8834248
1751194510295,207012497,2.727217,-2.3550673,3.8834248
1751194510311,207029164,3.766655,-4.03614,4.08547
1751194510311,207029164,3.766655,-4.03614,4.08547
1751194510328,207045831,5.943407,-6.759161,3.4365044
1751194510328,207045831,5.943407,-6.759161,3.4365044
1751194510345,207062498,8.80738,-8.034332,3.019185
1751194510345,207062498,8.80738,-8.034332,3.019185
1751194510361,207079165,9.61763,-8.73429,1.9768333
1751194510361,207079165,9.61763,-8.73429,1.9768333
1751194510378,207095832,9.377702,-4.178839,3.360937
1751194510378,207095832,9.377702,-4.178839,3.360937
1751194510395,207112499,5.5374875,3.6324184,5.4788666
1751194510395,207112499,5.5374875,3.6324184,5.4788666
1751194510411,207129166,11.61303,3.188823,4.247801
1751194510411,207129166,11.61303,3.188823,4.247801
1751194510428,207145833,12.607229,-3.396545,-0.06729698
1751194510428,207145833,12.607229,-3.396545,-0.06729698
1751194510445,207162500,10.163433,-8.317996,-3.6353216
1751194510445,207162500,10.163433,-8.317996,-3.6353216
1751194510461,207179167,6.019042,-5.1499295,-6.9322176
1751194510461,207179167,6.019042,-5.1499295,-6.9322176
1751194510478,207195834,4.0837,-1.3990092,-7.6773505
1751194510478,207195834,4.0837,-1.3990092,-7.6773505
1751194510495,207212501,5.8648405,0.5347392,-8.743211
1751194510495,207212501,5.8648405,0.5347392,-8.743211
1751194510511,207229168,5.3254485,0.19718257,-8.89081
1751194510511,207229168,5.3254485,0.19718257,-8.89081
1751194510528,207245835,4.5523133,-1.7873592,-8.069244
1751194510528,207245835,4.5523133,-1.7873592,-8.069244
1751194510545,207262502,3.805135,-2.8683827,-6.563737
1751194510545,207262502,3.805135,-2.8683827,-6.563737
1751194510561,207279169,4.176365,-3.6577342,-5.3218594
1751194510561,207279169,4.176365,-3.6577342,-5.3218594
1751194510578,207295836,4.288897,-4.2284503,-3.730083
1751194510578,207295836,4.288897,-4.2284503,-3.730083
1751194510595,207312503,3.403281,-3.7407303,-1.4637136
1751194510595,207312503,3.403281,-3.7407303,-1.4637136
1751194510611,207329170,3.10378,-3.5725393,0.9715471
1751194510611,207329170,3.10378,-3.5725393,0.9715471
1751194510628,207345837,1.8893309,-4.5029583,4.429802
1751194510628,207345837,1.8893309,-4.5029583,4.429802
1751194510645,207362504,-2.0228372,-4.084313,8.2288265
1751194510645,207362504,-2.0228372,-4.084313,8.2288265
1751194510661,207379171,-6.8913727,-2.5544026,11.456583
1751194510661,207379171,-6.8913727,-2.5544026,11.456583
1751194510678,207395838,-12.310409,0.83953434,13.7409
1751194510678,207395838,-12.310409,0.83953434,13.7409
1751194510695,207412505,-14.137949,5.0539613,10.812323
1751194510695,207412505,-14.137949,5.0539613,10.812323
1751194510711,207429172,-14.214129,10.730063,6.561508
1751194510711,207429172,-14.214129,10.730063,6.561508
1751194510728,207445839,-16.05587,12.872798,-0.0030126572
1751194510728,207445839,-16.05587,12.872798,-0.0030126572
1751194510745,207462506,-21.58954,14.679464,-11.756374
1751194510745,207462506,-21.58954,14.679464,-11.756374
1751194510761,207479173,-23.592783,12.981685,-23.274363
1751194510761,207479173,-23.592783,12.981685,-23.274363
1751194510778,207495840,-18.708574,9.036205,-15.202494
1751194510778,207495840,-18.708574,9.036205,-15.202494
1751194510795,207512507,-13.65814,8.207324,-5.669277
1751194510795,207512507,-13.65814,8.207324,-5.669277
1751194510811,207529174,-7.240459,1.0821288,2.502635
1751194510811,207529174,-7.240459,1.0821288,2.502635
1751194510828,207545841,12.32111,-1.9807286,18.94179
1751194510828,207545841,12.32111,-1.9807286,18.94179
1751194510845,207562508,-10.681806,-1.6529486,-6.9444914
1751194510845,207562508,-10.681806,-1.6529486,-6.9444914
1751194510861,207579175,-13.218927,-1.281754,2.407812
1751194510861,207579175,-13.218927,-1.281754,2.407812
1751194510878,207595842,-0.9386972,5.872486,3.595911
1751194510878,207595842,-0.9386972,5.872486,3.595911
1751194510895,207612509,-2.115091,3.5797474,-2.4688416
1751194510895,207612509,-2.115091,3.5797474,-2.4688416
1751194510911,207629176,-1.6848258,2.9917076,2.2138262
1751194510911,207629176,-1.6848258,2.9917076,2.2138262
1751194510928,207645843,-3.229972,-0.15256146,1.6265402
1751194510928,207645843,-3.229972,-0.15256146,1.6265402
1751194510945,207662510,-2.6939352,-1.1365614,-2.2595181
1751194510945,207662510,-2.6939352,-1.1365614,-2.2595181
1751194510961,207679177,-1.0526761,0.31732202,-1.5414152
1751194510961,207679177,-1.0526761,0.31732202,-1.5414152
1751194510978,207695844,-1.6647102,0.27872938,0.66616154
1751194510978,207695844,-1.6647102,0.27872938,0.66616154
1751194510995,207712511,-1.8703226,-0.050014153,1.7926817
1751194510995,207712511,-1.8703226,-0.050014153,1.7926817
1751194511011,207729178,-1.0797423,0.61605436,1.3905468
1751194511011,207729178,-1.0797423,0.61605436,1.3905468
1751194511028,207745845,-0.31908408,0.79134536,-0.24118805
1751194511028,207745845,-0.31908408,0.79134536,-0.24118805
1751194511045,207762512,-1.2428707,0.08569453,-0.3059349
1751194511045,207762512,-1.2428707,0.08569453,-0.3059349
1751194511061,207779179,-1.3219476,-0.67564493,0.4993086
1751194511061,207779179,-1.3219476,-0.67564493,0.4993086
1751194511078,207795846,-1.4102243,-0.4811701,0.10975075
1751194511078,207795846,-1.4102243,-0.4811701,0.10975075
1751194511095,207812513,-0.9350033,-0.17291006,0.30510807
1751194511095,207812513,-0.9350033,-0.17291006,0.30510807
1751194511111,207829180,-0.81313,-0.05608074,0.14642906
1751194511111,207829180,-0.81313,-0.05608074,0.14642906
1751194511128,207845847,-0.9695118,-0.23441893,-0.14756966
1751194511128,207845847,-0.9695118,-0.23441893,-0.14756966
1751194511145,207862514,-0.81827074,-0.048946656,0.09231758
1751194511145,207862514,-0.81827074,-0.048946656,0.09231758
1751194511161,207879181,-0.6398731,0.2660763,0.19739628
1751194511161,207879181,-0.6398731,0.2660763,0.19739628
1751194511178,207895848,-0.62142676,0.2421459,0.17455006
1751194511178,207895848,-0.62142676,0.2421459,0.17455006
1751194511195,207912515,-0.68114525,0.21660182,-0.03546524
1751194511195,207912515,-0.68114525,0.21660182,-0.03546524
1751194511211,207929182,-0.5291205,0.25954783,0.065340996
1751194511211,207929182,-0.5291205,0.25954783,0.065340996
1751194511228,207945849,-0.912774,-0.096665554,0.29164314
1751194511228,207945849,-0.912774,-0.096665554,0.29164314
1751194511245,207962516,-1.0563947,-0.5484793,0.44576168
1751194511245,207962516,-1.0563947,-0.5484793,0.44576168
1751194511261,207979183,-0.89703095,-0.44469133,0.62750053
1751194511261,207979183,-0.89703095,-0.44469133,0.62750053
1751194511278,207995850,-0.5351553,-0.3889996,0.7470083
1751194511278,207995850,-0.5351553,-0.3889996,0.7470083
1751194511295,208012517,-0.43525013,-0.6209019,0.8339348
1751194511295,208012517,-0.43525013,-0.6209019,0.8339348
1751194511311,208029184,-0.69750816,-0.4002614,1.2353115
1751194511311,208029184,-0.69750816,-0.4002614,1.2353115
1751194511328,208045851,0.26797897,-2.0135548,0.421587
1751194511328,208045851,0.26797897,-2.0135548,0.421587
1751194511345,208062518,-1.6139485,-0.8867566,0.69524384
1751194511345,208062518,-1.6139485,-0.8867566,0.69524384
1751194511361,208079185,-0.6281772,-1.6731805,1.1643991
1751194511361,208079185,-0.6281772,-1.6731805,1.1643991
1751194511378,208095852,1.441935,-1.1876186,1.735404
1751194511378,208095852,1.441935,-1.1876186,1.735404
1751194511395,208112519,1.6068963,-0.23212995,2.191124
1751194511395,208112519,1.6068963,-0.23212995,2.191124
1751194511411,208129186,1.8939857,-1.685657,2.7031965
1751194511411,208129186,1.8939857,-1.685657,2.7031965
1751194511428,208145853,2.3977597,-2.8033755,3.233117
1751194511428,208145853,2.3977597,-2.8033755,3.233117
1751194511445,208162520,3.1583786,-4.404444,2.732729
1751194511445,208162520,3.1583786,-4.404444,2.732729
1751194511461,208179187,5.4936767,-6.1532254,2.6542377
1751194511461,208179187,5.4936767,-6.1532254,2.6542377
1751194511478,208195854,7.567005,-6.9342346,2.297268
1751194511478,208195854,7.567005,-6.9342346,2.297268
1751194511495,208212521,9.188453,-8.818438,1.0761776
1751194511495,208212521,9.188453,-8.818438,1.0761776
1751194511511,208229188,9.605527,-6.8061724,0.62654114
1751194511511,208229188,9.605527,-6.8061724,0.62654114
1751194511528,208245855,2.7953486,3.6524634,4.33399
1751194511528,208245855,2.7953486,3.6524634,4.33399
1751194511545,208262522,8.154097,4.284917,6.4531307
1751194511545,208262522,8.154097,4.284917,6.4531307
1751194511561,208279189,13.405906,-2.4313524,3.2278185
1751194511561,208279189,13.405906,-2.4313524,3.2278185
1751194511578,208295856,9.722255,-7.9324694,-2.7017617
1751194511578,208295856,9.722255,-7.9324694,-2.7017617
1751194511595,208312523,6.719917,-5.070707,-6.6122932
1751194511595,208312523,6.719917,-5.070707,-6.6122932
1751194511611,208329190,5.3441625,-1.8926641,-6.580005
1751194511611,208329190,5.3441625,-1.8926641,-6.580005
1751194511628,208345857,6.1126375,0.35901624,-6.86718
1751194511628,208345857,6.1126375,0.35901624,-6.86718
1751194511645,208362524,6.835473,0.20938839,-7.426732
1751194511645,208362524,6.835473,0.20938839,-7.426732
1751194511661,208379191,5.6451945,-1.4884951,-7.200431
1751194511661,208379191,5.6451945,-1.4884951,-7.200431
1751194511678,208395858,4.245729,-2.1723156,-6.167346
1751194511678,208395858,4.245729,-2.1723156,-6.167346
1751194511695,208412525,3.7931972,-3.1921968,-5.2306833
1751194511695,208412525,3.7931972,-3.1921968,-5.2306833
1751194511711,208429192,3.4300103,-4.013195,-3.9933572
1751194511711,208429192,3.4300103,-4.013195,-3.9933572
1751194511728,208445859,2.8126643,-3.6751063,-2.3674483
1751194511728,208445859,2.8126643,-3.6751063,-2.3674483
1751194511745,208462526,2.4535155,-3.2275767,-0.11097431
1751194511745,208462526,2.4535155,-3.2275767,-0.11097431
1751194511761,208479193,1.4500877,-3.6269784,2.690506
1751194511761,208479193,1.4500877,-3.6269784,2.690506
1751194511778,208495860,-1.2993221,-2.8635912,5.873227
1751194511778,208495860,-1.2993221,-2.8635912,5.873227
1751194511795,208512527,-4.8936477,-2.2875137,8.375147
1751194511795,208512527,-4.8936477,-2.2875137,8.375147
1751194511811,208529194,-9.962001,-0.046814788,9.7745495
1751194511811,208529194,-9.962001,-0.046814788,9.7745495
1751194511828,208545861,-13.002085,1.5096453,8.887831
1751194511828,208545861,-13.002085,1.5096453,8.887831
1751194511845,208562528,-14.794941,3.7351553,5.660207
1751194511845,208562528,-14.794941,3.7351553,5.660207
1751194511861,208579195,-15.725379,7.3014317,2.8741512
1751194511861,208579195,-15.725379,7.3014317,2.8741512
1751194511878,208595862,-15.114389,10.145013,-1.1657257
1751194511878,208595862,-15.114389,10.145013,-1.1657257
1751194511895,208612529,-14.306529,13.569973,-8.123537
1751194511895,208612529,-14.306529,13.569973,-8.123537
1751194511911,208629196,-15.527767,16.31794,-15.674664
1751194511911,208629196,-15.527767,16.31794,-15.674664
1751194511928,208645863,-16.57163,12.408377,-14.795687
1751194511928,208645863,-16.57163,12.408377,-14.795687
1751194511945,208662530,-14.226856,9.057646,-7.5164857
1751194511945,208662530,-14.226856,9.057646,-7.5164857
1751194511961,208679197,-9.262987,5.2944536,-1.6827517
1751194511961,208679197,-9.262987,5.2944536,-1.6827517
1751194511978,208695864,2.4877458,-14.387516,12.918337
1751194511978,208695864,2.4877458,-14.387516,12.918337
1751194511995,208712531,13.41601,-8.314362,13.803267
1751194511995,208712531,13.41601,-8.314362,13.803267
1751194512011,208729198,-9.64936,4.37279,-8.391705
1751194512011,208729198,-9.64936,4.37279,-8.391705
1751194512028,208745865,-6.5415535,9.42298,3.4080896
1751194512028,208745865,-6.5415535,9.42298,3.4080896
1751194512045,208762532,-2.8989842,2.2340636,3.0665493
1751194512045,208762532,-2.8989842,2.2340636,3.0665493
1751194512061,208779199,-3.0020618,1.3087524,1.5859118
1751194512061,208779199,-3.0020618,1.3087524,1.5859118
1751194512078,208795866,-1.6592847,0.23143649,-0.20911503
1751194512078,208795866,-1.6592847,0.23143649,-0.20911503
1751194512095,208812533,-3.3047574,-1.5276072,-2.8784237
1751194512095,208812533,-3.3047574,-1.5276072,-2.8784237
1751194512111,208829200,-0.7055076,0.21208999,-1.5947428
1751194512111,208829200,-0.7055076,0.21208999,-1.5947428
1751194512128,208845867,0.26381883,0.57161415,-0.3374958
1751194512128,208845867,0.26381883,0.57161415,-0.3374958
1751194512145,208862534,-1.0302634,0.33197933,1.5839596
1751194512145,208862534,-1.0302634,0.33197933,1.5839596
1751194512161,208879201,-1.4935871,-0.12053383,2.0481405
1751194512161,208879201,-1.4935871,-0.12053383,2.0481405
1751194512178,208895868,-0.87829113,0.054815657,-0.23800468
1751194512178,208895868,-0.87829113,0.054815657,-0.23800468
1751194512195,208912535,-1.2723134,-0.21225059,-0.22832584
1751194512195,208912535,-1.2723134,-0.21225059,-0.22832584
1751194512211,208929202,-0.678704,0.18998556,0.26628876
1751194512211,208929202,-0.678704,0.18998556,0.26628876
1751194512228,208945869,-0.37461117,0.24909289,0.14752197
1751194512228,208945869,-0.37461117,0.24909289,0.14752197
1751194512245,208962536,-0.81462693,-0.14131026,0.13906765
1751194512245,208962536,-0.81462693,-0.14131026,0.13906765
1751194512261,208979203,-1.3177168,-0.31856722,0.2624998
1751194512261,208979203,-1.3177168,-0.31856722,0.2624998
1751194512278,208995870,-1.1472555,-0.22749618,0.26367283
1751194512278,208995870,-1.1472555,-0.22749618,0.26367283
1751194512295,209012537,-0.7858998,0.023994563,0.2068739
1751194512295,209012537,-0.7858998,0.023994563,0.2068739
1751194512311,209029204,-0.65554315,0.086924635,0.10002041
1751194512311,209029204,-0.65554315,0.086924635,0.10002041
1751194512328,209045871,-0.74645066,0.05184651,-0.01919365
1751194512328,209045871,-0.74645066,0.05184651,-0.01919365
1751194512345,209062538,-0.7803375,0.006799711,0.15918064
1751194512345,209062538,-0.7803375,0.006799711,0.15918064
1751194512361,209079205,-0.89095336,0.046558417,0.21138382
1751194512361,209079205,-0.89095336,0.046558417,0.21138382
1751194512378,209095872,-0.81526387,-0.017952785,0.15134811
1751194512378,209095872,-0.81526387,-0.017952785,0.15134811
1751194512395,209112539,-0.7977745,-0.02099703,0.056318283
1751194512395,209112539,-0.7977745,-0.02099703,0.056318283
1751194512411,209129206,-0.8000909,-0.04400143,0.095929146
1751194512411,209129206,-0.8000909,-0.04400143,0.095929146
1751194512428,209145873,-0.685979,-0.1505619,0.15559101
1751194512428,209145873,-0.685979,-0.1505619,0.15559101
1751194512445,209162540,-0.6988655,-0.2333131,0.13880253
1751194512445,209162540,-0.6988655,-0.2333131,0.13880253
1751194512461,209179207,-0.7821988,-0.35224548,-0.00012207031
1751194512461,209179207,-0.7821988,-0.35224548,-0.00012207031
1751194512478,209195874,-0.7028746,-0.25724778,-0.15926552
1751194512478,209195874,-0.7028746,-0.25724778,-0.15926552
1751194512495,209212541,-0.40178353,-0.15447517,-0.06387806
1751194512495,209212541,-0.40178353,-0.15447517,-0.06387806
1751194512511,209229208,-0.062900454,-0.11042568,0.14686108
1751194512511,209229208,-0.062900454,-0.11042568,0.14686108
1751194512528,209245875,-0.03196347,-0.33802626,0.20596027
1751194512528,209245875,-0.03196347,-0.33802626,0.20596027
1751194512545,209262542,0.113750994,-0.77553564,0.24957371
1751194512545,209262542,0.113750994,-0.77553564,0.24957371
1751194512561,209279209,0.5543804,-0.7128624,0.73781586
1751194512561,209279209,0.5543804,-0.7128624,0.73781586
1751194512578,209295876,0.05654073,-0.5653188,1.2752781
1751194512578,209295876,0.05654073,-0.5653188,1.2752781
1751194512595,209312543,-1.1457576,-0.8012291,1.4948778
1751194512595,209312543,-1.1457576,-0.8012291,1.4948778
1751194512611,209329210,-1.4733189,-1.190763,1.3817711
1751194512611,209329210,-1.4733189,-1.190763,1.3817711
1751194512628,209345877,-1.1583338,-1.4832476,1.6083117
1751194512628,209345877,-1.1583338,-1.4832476,1.6083117
1751194512645,209362544,-0.06307938,-1.0067745,0.7352581
1751194512645,209362544,-0.06307938,-1.0067745,0.7352581
1751194512661,209379211,-0.39091936,1.7536019,-1.1033812
1751194512661,209379211,-0.39091936,1.7536019,-1.1033812
1751194512678,209395878,-0.03757767,0.24525785,0.69439316
1751194512678,209395878,-0.03757767,0.24525785,0.69439316
1751194512695,209412545,0.3351047,-0.5659589,0.8858166
1751194512695,209412545,0.3351047,-0.5659589,0.8858166
1751194512711,209429212,0.74886966,-0.28199065,0.86358166
1751194512711,209429212,0.74886966,-0.28199065,0.86358166
1751194512728,209445879,0.88289225,-0.28927562,0.8747864
1751194512728,209445879,0.88289225,-0.28927562,0.8747864
1751194512745,209462546,0.98244876,-0.26452288,0.58277225
1751194512745,209462546,0.98244876,-0.26452288,0.58277225
1751194512761,209479213,0.4440239,0.24797869,0.21856308
1751194512761,209479213,0.4440239,0.24797869,0.21856308
1751194512778,209495880,-0.75049573,0.20044842,-0.11217117
1751194512778,209495880,-0.75049573,0.20044842,-0.11217117
1751194512795,209512547,-2.6225388,0.51764035,-0.70277977
1751194512795,209512547,-2.6225388,0.51764035,-0.70277977
1751194512811,209529214,-4.6085124,1.1534909,-1.1713114
1751194512811,209529214,-4.6085124,1.1534909,-1.1713114
1751194512828,209545881,-5.595357,1.7173434,-1.3178482
1751194512828,209545881,-5.595357,1.7173434,-1.3178482
1751194512845,209562548,-5.632836,2.0844977,-1.4248104
1751194512845,209562548,-5.632836,2.0844977,-1.4248104
1751194512861,209579215,-5.399677,2.4427884,-1.4373131
1751194512861,209579215,-5.399677,2.4427884,-1.4373131
1751194512878,209595882,-4.9934263,2.788278,-1.292942
1751194512878,209595882,-4.9934263,2.788278,-1.292942
1751194512895,209612549,-4.588748,3.0124066,-1.0720015
1751194512895,209612549,-4.588748,3.0124066,-1.0720015
1751194512911,209629216,-4.0476303,3.7195046,-0.8746147
1751194512911,209629216,-4.0476303,3.7195046,-0.8746147
1751194512928,209645883,-3.2154672,3.876092,-0.48835564
1751194512928,209645883,-3.2154672,3.876092,-0.48835564
1751194512945,209662550,-2.0575948,3.7392466,-0.017349243
1751194512945,209662550,-2.0575948,3.7392466,-0.017349243
1751194512961,209679217,-0.41282216,3.1453803,0.5217943
1751194512961,209679217,-0.41282216,3.1453803,0.5217943
1751194512978,209695884,0.77742636,2.3012445,0.96691895
1751194512978,209695884,0.77742636,2.3012445,0.96691895
1751194512995,209712551,2.2968519,0.9757524,1.1343851
1751194512995,209712551,2.2968519,0.9757524,1.1343851
1751194513011,209729218,3.5108929,-0.15173313,1.0092115
1751194513011,209729218,3.5108929,-0.15173313,1.0092115
1751194513028,209745885,4.4629145,-0.8181861,0.30323982
1751194513028,209745885,4.4629145,-0.8181861,0.30323982
1751194513045,209762552,6.1662784,-1.9361888,-0.99071026
1751194513045,209762552,6.1662784,-1.9361888,-0.99071026
1751194513061,209779219,7.030955,-3.5749736,-2.003502
1751194513061,209779219,7.030955,-3.5749736,-2.003502
1751194513078,209795886,6.2747974,-4.4865785,-2.7207513
1751194513078,209795886,6.2747974,-4.4865785,-2.7207513
1751194513095,209812553,6.4872375,-4.833025,-3.76265
1751194513095,209812553,6.4872375,-4.833025,-3.76265
1751194513111,209829220,6.7059484,-5.119203,-3.9987445
1751194513111,209829220,6.7059484,-5.119203,-3.9987445
1751194513128,209845887,6.428417,-5.4290266,-3.6312356
1751194513128,209845887,6.428417,-5.4290266,-3.6312356
1751194513145,209862554,4.3611336,-4.7500367,-2.2380314
1751194513145,209862554,4.3611336,-4.7500367,-2.2380314
1751194513161,209879221,-7.7837563,-1.1322697,3.7368507
1751194513161,209879221,-7.7837563,-1.1322697,3.7368507
1751194513178,209895888,-22.305883,-2.1368375,10.041161
1751194513178,209895888,-22.305883,-2.1368375,10.041161
1751194513195,209912555,-1.0810846,-2.3935394,-2.2098455
1751194513195,209912555,-1.0810846,-2.3935394,-2.2098455
1751194513211,209929222,8.754475,1.1113447,-2.1044993
1751194513211,209929222,8.754475,1.1113447,-2.1044993
1751194513228,209945889,1.8719357,-0.050027564,3.3263845
1751194513228,209945889,1.8719357,-0.050027564,3.3263845
1751194513245,209962556,2.396428,-2.1776333,1.028512
1751194513245,209962556,2.396428,-2.1776333,1.028512
1751194513261,209979223,1.7441511,0.3495018,0.7490616
1751194513261,209979223,1.7441511,0.3495018,0.7490616
1751194513278,209995890,1.6834694,3.3533976,-1.478241
1751194513278,209995890,1.6834694,3.3533976,-1.478241
1751194513295,210012557,0.65915245,0.0957938,-1.4985199
1751194513295,210012557,0.65915245,0.0957938,-1.4985199
1751194513311,210029224,-0.08197427,-2.65181,0.1747427
1751194513311,210029224,-0.08197427,-2.65181,0.1747427
1751194513328,210045891,-0.4225119,-2.2725291,1.6160202
1751194513328,210045891,-0.4225119,-2.2725291,1.6160202
1751194513345,210062558,-0.11547618,-2.1998386,1.0982714
1751194513345,210062558,-0.11547618,-2.1998386,1.0982714
1751194513361,210079225,0.18273972,-1.4613547,0.47965622
1751194513361,210079225,0.18273972,-1.4613547,0.47965622
1751194513378,210095892,0.5934667,-0.68572164,0.39777374
1751194513378,210095892,0.5934667,-0.68572164,0.39777374
1751194513395,210112559,0.35956797,-0.7548529,0.34036446
1751194513395,210112559,0.35956797,-0.7548529,0.34036446
1751194513411,210129226,-0.046869326,-0.692649,-0.043060303
1751194513411,210129226,-0.046869326,-0.692649,-0.043060303
1751194513428,210145893,0.21059391,0.02401915,-0.19054604
1751194513428,210145893,0.21059391,0.02401915,-0.19054604
1751194513445,210162560,-0.035112992,0.017614609,0.002128601
1751194513445,210162560,-0.035112992,0.017614609,0.002128601
1751194513461,210179227,-0.8637095,-1.0347412,-0.49328423
1751194513461,210179227,-0.8637095,-1.0347412,-0.49328423
1751194513478,210195894,-1.0862901,-1.7622683,-0.8223467
1751194513478,210195894,-1.0862901,-1.7622683,-0.8223467
1751194513495,210212561,-0.74159765,-1.2802762,-0.48674965
1751194513495,210212561,-0.74159765,-1.2802762,-0.48674965
1751194513511,210229228,-0.6269463,-0.9079512,-0.07331753
1751194513511,210229228,-0.6269463,-0.9079512,-0.07331753
1751194513528,210245895,-0.10314229,-0.63874394,-0.03435421
1751194513528,210245895,-0.10314229,-0.63874394,-0.03435421
1751194513545,210262562,-0.042004343,-0.35329854,0.20379734
1751194513545,210262562,-0.042004343,-0.35329854,0.20379734
1751194513561,210279229,0.14775234,-0.2877631,0.28890705
1751194513561,210279229,0.14775234,-0.2877631,0.28890705
1751194513578,210295896,-0.031010635,-0.22968382,0.33025074
1751194513578,210295896,-0.031010635,-0.22968382,0.33025074
1751194513595,210312563,-0.10198449,-0.6375971,0.4620638
1751194513595,210312563,-0.10198449,-0.6375971,0.4620638
1751194513611,210329230,-0.20356442,-0.7406895,0.71492195
1751194513611,210329230,-0.20356442,-0.7406895,0.71492195
1751194513628,210345897,-0.25184634,-0.8549081,0.75977135
1751194513628,210345897,-0.25184634,-0.8549081,0.75977135
1751194513645,210362564,-0.089335896,-0.57548463,0.5488224
1751194513645,210362564,-0.089335896,-0.57548463,0.5488224
1751194513661,210379231,0.18809777,-0.32962686,0.3968525
1751194513661,210379231,0.18809777,-0.32962686,0.3968525
1751194513678,210395898,-0.6292261,-1.0296956,0.47762108
1751194513678,210395898,-0.6292261,-1.0296956,0.47762108
1751194513695,210412565,-1.2089847,-1.6530958,0.7984419
1751194513695,210412565,-1.2089847,-1.6530958,0.7984419
1751194513711,210429232,-1.472574,-0.8761015,0.88452244
1751194513711,210429232,-1.472574,-0.8761015,0.88452244
1751194513728,210445899,-0.7188369,0.13767761,0.90201664
1751194513728,210445899,-0.7188369,0.13767761,0.90201664
1751194513745,210462566,-0.34614155,1.1949266,0.5522804
1751194513745,210462566,-0.34614155,1.1949266,0.5522804
1751194513761,210479233,-0.4182759,1.1627811,0.71128845
1751194513761,210479233,-0.4182759,1.1627811,0.71128845
1751194513778,210495900,-1.3373666,0.65901613,1.2179508
1751194513778,210495900,-1.3373666,0.65901613,1.2179508
1751194513795,210512567,-1.8112257,1.1769252,1.4411602
1751194513795,210512567,-1.8112257,1.1769252,1.4411602
1751194513811,210529234,-2.0328057,2.3424408,2.603178
1751194513811,210529234,-2.0328057,2.3424408,2.603178
1751194513828,210545901,-4.082112,3.853008,3.867795
1751194513828,210545901,-4.082112,3.853008,3.867795
1751194513845,210562568,-5.1520185,5.952591,3.478263
1751194513845,210562568,-5.1520185,5.952591,3.478263
1751194513861,210579235,-8.765781,7.454596,3.7106752
1751194513861,210579235,-8.765781,7.454596,3.7106752
1751194513878,210595902,-10.800051,7.843976,3.2656841
1751194513878,210595902,-10.800051,7.843976,3.2656841
1751194513895,210612569,-11.20816,6.106466,1.9061823
1751194513895,210612569,-11.20816,6.106466,1.9061823
1751194513911,210629236,-8.874644,-0.15632854,1.7700586
1751194513911,210629236,-8.874644,-0.15632854,1.7700586
1751194513928,210645903,-9.149366,-1.7860821,2.612135
1751194513928,210645903,-9.149366,-1.7860821,2.612135
1751194513945,210662570,-10.756813,0.38102007,2.0712252
1751194513945,210662570,-10.756813,0.38102007,2.0712252
1751194513962,210679237,-9.410804,0.826438,1.8101234
1751194513962,210679237,-9.410804,0.826438,1.8101234
1751194513978,210695904,-9.884394,1.93609,-2.2684917
1751194513978,210695904,-9.884394,1.93609,-2.2684917
1751194513995,210712571,-5.828292,4.2652717,-7.5071216
1751194513995,210712571,-5.828292,4.2652717,-7.5071216
1751194514012,210729238,-5.430158,2.4339767,-10.611063
1751194514012,210729238,-5.430158,2.4339767,-10.611063
1751194514028,210745905,-4.275569,0.62648195,-10.220914
1751194514028,210745905,-4.275569,0.62648195,-10.220914
1751194514045,210762572,-3.2270129,1.1620563,-8.465296
1751194514045,210762572,-3.2270129,1.1620563,-8.465296
1751194514062,210779239,-4.0685883,2.7027767,-7.88494
1751194514062,210779239,-4.0685883,2.7027767,-7.88494
1751194514078,210795906,-4.5354147,3.3658726,-7.236585
1751194514078,210795906,-4.5354147,3.3658726,-7.236585
1751194514095,210812573,-4.5817304,3.209125,-6.083785
1751194514095,210812573,-4.5817304,3.209125,-6.083785
1751194514112,210829240,-4.8236294,2.0383215,-4.412227
1751194514112,210829240,-4.8236294,2.0383215,-4.412227
1751194514128,210845907,-5.6983438,2.0210233,-3.1208367
1751194514128,210845907,-5.6983438,2.0210233,-3.1208367
1751194514145,210862574,-5.6277432,1.326029,-0.9392948
1751194514145,210862574,-5.6277432,1.326029,-0.9392948
1751194514162,210879241,-4.4984074,0.9129427,2.814413
1751194514162,210879241,-4.4984074,0.9129427,2.814413
1751194514178,210895908,-2.371468,0.28092024,7.3117523
1751194514178,210895908,-2.371468,0.28092024,7.3117523
1751194514195,210912575,1.6527916,-1.5489589,11.370443
1751194514195,210912575,1.6527916,-1.5489589,11.370443
1751194514212,210929242,6.6329145,-6.4455976,15.024469
1751194514212,210929242,6.6329145,-6.4455976,15.024469
1751194514228,210945909,10.154452,-10.64414,13.646408
1751194514228,210945909,10.154452,-10.64414,13.646408
1751194514245,210962576,12.328424,-13.596455,6.499096
1751194514245,210962576,12.328424,-13.596455,6.499096
1751194514262,210979243,14.504559,-13.247139,0.4834919
1751194514262,210979243,14.504559,-13.247139,0.4834919
1751194514278,210995910,18.332047,-12.618239,-5.834311
1751194514278,210995910,18.332047,-12.618239,-5.834311
1751194514295,211012577,23.723772,-12.42996,-16.370766
1751194514295,211012577,23.723772,-12.42996,-16.370766
1751194514312,211029244,21.558346,-8.290209,-15.382044
1751194514312,211029244,21.558346,-8.290209,-15.382044
1751194514328,211045911,16.942415,-5.698122,-7.451832
1751194514328,211045911,16.942415,-5.698122,-7.451832
1751194514345,211062578,6.0784807,1.060172,2.5091772
1751194514345,211062578,6.0784807,1.060172,2.5091772
1751194514362,211079245,-21.319263,2.3262038,20.709015
1751194514362,211079245,-21.319263,2.3262038,20.709015
1751194514378,211095912,11.199011,0.83336794,-6.9297247
1751194514378,211095912,11.199011,0.83336794,-6.9297247
1751194514395,211112579,14.32592,4.5254784,2.277172
1751194514395,211112579,14.32592,4.5254784,2.277172
1751194514412,211129246,-1.684266,-5.495648,4.0739784
1751194514412,211129246,-1.684266,-5.495648,4.0739784
1751194514428,211145913,1.5382903,-7.0659547,-3.6278687
1751194514428,211145913,1.5382903,-7.0659547,-3.6278687
1751194514445,211162580,0.4976972,-4.453631,3.9061642
1751194514445,211162580,0.4976972,-4.453631,3.9061642
1751194514462,211179247,2.9791265,0.9379152,1.3674765
1751194514462,211179247,2.9791265,0.9379152,1.3674765
1751194514478,211195914,2.5196495,2.1526296,-2.0430717
1751194514478,211195914,2.5196495,2.1526296,-2.0430717
1751194514495,211212581,0.06109682,-0.9067499,-1.205101
1751194514495,211212581,0.06109682,-0.9067499,-1.205101
1751194514512,211229248,-1.0671488,-2.3374085,1.0378399
1751194514512,211229248,-1.0671488,-2.3374085,1.0378399
1751194514528,211245915,-0.29083416,-1.7101747,2.080289
1751194514528,211245915,-0.29083416,-1.7101747,2.080289
1751194514545,211262582,-0.3481353,-1.3735987,1.0251274
1751194514545,211262582,-0.3481353,-1.3735987,1.0251274
1751194514562,211279249,-0.8561038,-1.4422896,-0.9489403
1751194514562,211279249,-0.8561038,-1.4422896,-0.9489403
1751194514578,211295916,-0.21884914,-0.8470198,-0.2715721
1751194514578,211295916,-0.21884914,-0.8470198,-0.2715721
1751194514595,211312583,-0.13954987,-0.23142944,0.07389927
1751194514595,211312583,-0.13954987,-0.23142944,0.07389927
1751194514612,211329250,-0.44931692,-0.63287836,-0.11470699
1751194514612,211329250,-0.44931692,-0.63287836,-0.11470699
1751194514628,211345917,-0.47526276,-0.58527446,0.31169415
1751194514628,211345917,-0.47526276,-0.58527446,0.31169415
1751194514645,211362584,-0.2056793,-0.31985286,0.015651703
1751194514645,211362584,-0.2056793,-0.31985286,0.015651703
1751194514662,211379251,-0.123187825,-0.40080175,0.047058105
1751194514662,211379251,-0.123187825,-0.40080175,0.047058105
1751194514678,211395918,-0.25353298,-0.62896514,0.3346901
1751194514678,211395918,-0.25353298,-0.62896514,0.3346901
1751194514695,211412585,-0.19842854,-0.6761352,0.49188995
1751194514695,211412585,-0.19842854,-0.6761352,0.49188995
1751194514712,211429252,-0.082406096,-0.5300098,0.2808199
1751194514712,211429252,-0.082406096,-0.5300098,0.2808199
1751194514728,211445919,-0.12373677,-0.576857,0.35912323
1751194514728,211445919,-0.12373677,-0.576857,0.35912323
1751194514745,211462586,-0.27957,-0.5024398,0.71058846
1751194514745,211462586,-0.27957,-0.5024398,0.71058846
1751194514762,211479253,-0.40800413,-0.3867248,0.69305897
1751194514762,211479253,-0.40800413,-0.3867248,0.69305897
1751194514778,211495920,-0.5907662,-0.6137498,0.48465443
1751194514778,211495920,-0.5907662,-0.6137498,0.48465443
1751194514795,211512587,-0.9647067,-0.72113883,0.4419756
1751194514795,211512587,-0.9647067,-0.72113883,0.4419756
1751194514812,211529254,-0.8215782,-0.05389579,0.48541355
1751194514812,211529254,-0.8215782,-0.05389579,0.48541355
1751194514828,211545921,-0.955728,0.15274797,0.87786293
1751194514828,211545921,-0.955728,0.15274797,0.87786293
1751194514845,211562588,-1.941949,0.78932637,0.92099
1751194514845,211562588,-1.941949,0.78932637,0.92099
1751194514862,211579255,0.1662619,0.34766993,0.82560635
1751194514862,211579255,0.1662619,0.34766993,0.82560635
1751194514878,211595922,-0.8032287,1.5052929,0.9226427
1751194514878,211595922,-0.8032287,1.5052929,0.9226427
1751194514895,211612589,-2.8986654,-0.20834179,1.6079292
1751194514895,211612589,-2.8986654,-0.20834179,1.6079292
1751194514912,211629256,-3.8542466,-0.5373739,2.1850176
1751194514912,211629256,-3.8542466,-0.5373739,2.1850176
1751194514928,211645923,-4.1755433,0.8730248,3.6185036
1751194514928,211645923,-4.1755433,0.8730248,3.6185036
1751194514945,211662590,-5.452959,2.8893855,3.857954
1751194514945,211662590,-5.452959,2.8893855,3.857954
1751194514962,211679257,-6.6027746,5.191125,3.1861439
1751194514962,211679257,-6.6027746,5.191125,3.1861439
1751194514978,211695924,-10.659675,7.2398214,2.7304134
1751194514978,211695924,-10.659675,7.2398214,2.7304134
1751194514995,211712591,-11.497694,8.304944,1.1476736
1751194514995,211712591,-11.497694,8.304944,1.1476736
1751194515012,211729258,-11.206716,6.7708683,-0.17591095
1751194515012,211729258,-11.206716,6.7708683,-0.17591095
1751194515028,211745925,-6.1659613,-2.7981997,3.3247356
1751194515028,211745925,-6.1659613,-2.7981997,3.3247356
1751194515045,211762592,-10.69114,-4.4262815,3.7268038
1751194515045,211762592,-10.69114,-4.4262815,3.7268038
1751194515062,211779259,-13.544091,-2.2011614,1.363102
1751194515062,211779259,-13.544091,-2.2011614,1.363102
1751194515078,211795926,-10.980841,4.7288885,-2.094647
1751194515078,211795926,-10.980841,4.7288885,-2.094647
1751194515095,211812593,-8.577252,6.815362,-5.872905
1751194515095,211812593,-8.577252,6.815362,-5.872905
1751194515112,211829260,-6.2097516,2.6052687,-7.687326
1751194515112,211829260,-6.2097516,2.6052687,-7.687326
1751194515128,211845927,-5.6664057,-0.9571348,-8.428267
1751194515128,211845927,-5.6664057,-0.9571348,-8.428267
1751194515145,211862594,-6.8874025,-1.5215937,-9.096088
1751194515145,211862594,-6.8874025,-1.5215937,-9.096088
1751194515162,211879261,-6.5379124,-0.42316088,-8.852728
1751194515162,211879261,-6.5379124,-0.42316088,-8.852728
1751194515178,211895928,-5.915318,1.2505827,-7.8860116
1751194515178,211895928,-5.915318,1.2505827,-7.8860116
1751194515195,211912595,-5.388429,0.88018304,-6.3088655
1751194515195,211912595,-5.388429,0.88018304,-6.3088655
1751194515212,211929262,-6.014045,1.2285252,-4.935602
1751194515212,211929262,-6.014045,1.2285252,-4.935602
1751194515228,211945929,-6.1111116,1.440478,-3.3127494
1751194515228,211945929,-6.1111116,1.440478,-3.3127494
1751194515245,211962596,-5.6482186,0.4140069,-1.0470304
1751194515245,211962596,-5.6482186,0.4140069,-1.0470304
1751194515262,211979263,-5.2618556,0.18649854,2.4550343
1751194515262,211979263,-5.2618556,0.18649854,2.4550343
1751194515278,211995930,-3.0492349,-0.12624682,6.8158836
1751194515278,211995930,-3.0492349,-0.12624682,6.8158836
1751194515295,212012597,0.20391937,-1.8526099,10.42296
1751194515295,212012597,0.20391937,-1.8526099,10.42296
1751194515312,212029264,5.325866,-5.2818494,13.408653
1751194515312,212029264,5.325866,-5.2818494,13.408653
1751194515328,212045931,9.578773,-7.2122025,13.372509
1751194515328,212045931,9.578773,-7.2122025,13.372509
1751194515345,212062598,12.93686,-10.6492605,8.454819
1751194515345,212062598,12.93686,-10.6492605,8.454819
1751194515362,212079265,16.016766,-10.795907,3.6066113
1751194515362,212079265,16.016766,-10.795907,3.6066113
1751194515378,212095932,18.487019,-9.573977,-3.6156578
1751194515378,212095932,18.487019,-9.573977,-3.6156578
1751194515395,212112599,22.931932,-10.889353,-14.053734
1751194515395,212112599,22.931932,-10.889353,-14.053734
1751194515412,212129266,21.842945,-8.011977,-17.453896
1751194515412,212129266,21.842945,-8.011977,-17.453896
1751194515428,212145933,17.404413,-5.738219,-9.401858
1751194515428,212145933,17.404413,-5.738219,-9.401858
1751194515445,212162600,12.282931,-5.2135663,-3.3614216
1751194515445,212162600,12.282931,-5.2135663,-3.3614216
1751194515462,212179267,7.737668,-1.494491,-0.11600113
1751194515462,212179267,7.737668,-1.494491,-0.11600113
1751194515478,212195934,-14.411165,16.22395,15.421297
1751194515478,212195934,-14.411165,16.22395,15.421297
1751194515495,212212601,-8.507154,-4.0455475,8.087494
1751194515495,212212601,-8.507154,-4.0455475,8.087494
1751194515512,212229268,17.936354,4.298933,-7.22995
1751194515512,212229268,17.936354,4.298933,-7.22995
1751194515528,212245935,7.4725127,1.99693,4.9739285
1751194515528,212245935,7.4725127,1.99693,4.9739285
1751194515545,212262602,2.5546496,-4.0721154,0.2670498
1751194515545,212262602,2.5546496,-4.0721154,0.2670498
1751194515562,212279269,1.0470781,-6.51433,2.2430382
1751194515562,212279269,1.0470781,-6.51433,2.2430382
1751194515578,212295936,1.1049032,-0.30313465,1.6292276
1751194515578,212295936,1.1049032,-0.30313465,1.6292276
1751194515595,212312603,3.2997937,4.6306133,-3.9420671
1751194515595,212312603,3.2997937,4.6306133,-3.9420671
1751194515612,212329270,0.18742992,-1.0186753,-0.6851454
1751194515612,212329270,0.18742992,-1.0186753,-0.6851454
1751194515628,212345937,-0.9269029,-2.308461,1.6990099
1751194515628,212345937,-0.9269029,-2.308461,1.6990099
1751194515645,212362604,-0.3936215,-1.4881513,2.3227434
1751194515645,212362604,-0.3936215,-1.4881513,2.3227434
1751194515662,212379271,-0.40611768,-0.9753705,1.4759121
1751194515662,212379271,-0.40611768,-0.9753705,1.4759121
1751194515678,212395938,-1.2096725,-2.094407,-0.91596985
1751194515678,212395938,-1.2096725,-2.094407,-0.91596985
1751194515695,212412605,-0.1004123,-0.9041261,-0.7383909
1751194515695,212412605,-0.1004123,-0.9041261,-0.7383909
1751194515712,212429272,0.20742851,0.04355597,0.6701441
1751194515712,212429272,0.20742851,0.04355597,0.6701441
1751194515728,212445939,-0.12490351,0.101520926,0.84989166
1751194515728,212445939,-0.12490351,0.101520926,0.84989166
1751194515745,212462606,-0.27182752,-0.29067782,-0.069610596
1751194515745,212462606,-0.27182752,-0.29067782,-0.069610596
1751194515762,212479273,-0.03431192,-0.1734065,0.23034668
1751194515762,212479273,-0.03431192,-0.1734065,0.23034668
1751194515778,212495940,-0.17411302,-0.12977162,0.59259987
1751194515778,212495940,-0.17411302,-0.12977162,0.59259987
1751194515795,212512607,-0.5407896,-0.53520286,0.40910912
1751194515795,212512607,-0.5407896,-0.53520286,0.40910912
1751194515812,212529274,-0.7596253,-0.9526462,0.0027017593
1751194515812,212529274,-0.7596253,-0.9526462,0.0027017593
1751194515828,212545941,-0.5962655,-0.6493532,-0.27346706
1751194515828,212545941,-0.5962655,-0.6493532,-0.27346706
1751194515845,212562608,-0.5039632,-0.49172583,-0.26040268
1751194515845,212562608,-0.5039632,-0.49172583,-0.26040268
1751194515862,212579275,-0.7094449,-0.58837885,0.08482933
1751194515862,212579275,-0.7094449,-0.58837885,0.08482933
1751194515878,212595942,-0.62533027,-0.28763604,-0.1038475
1751194515878,212595942,-0.62533027,-0.28763604,-0.1038475
1751194515895,212612609,-0.4677782,-0.17111169,-0.21383858
1751194515895,212612609,-0.4677782,-0.17111169,-0.21383858
1751194515912,212629276,-0.6254492,-0.36020687,0.10160923
1751194515912,212629276,-0.6254492,-0.36020687,0.10160923
1751194515928,212645943,-0.75372815,-0.35303146,0.2592888
1751194515928,212645943,-0.75372815,-0.35303146,0.2592888
1751194515945,212662610,-0.9494906,-0.21422152,0.23404121
1751194515945,212662610,-0.9494906,-0.21422152,0.23404121
1751194515962,212679277,-1.1115626,-0.15297629,0.59589577
1751194515962,212679277,-1.1115626,-0.15297629,0.59589577
1751194515978,212695944,-1.0541135,0.24026816,1.1434193
1751194515978,212695944,-1.0541135,0.24026816,1.1434193
1751194515995,212712611,-1.1088778,0.5337526,1.0813932
1751194515995,212712611,-1.1088778,0.5337526,1.0813932
1751194516012,212729278,-1.0745314,0.5821482,0.76824856
1751194516012,212729278,-1.0745314,0.5821482,0.76824856
1751194516028,212745945,-1.3989555,0.38743848,1.2475309
1751194516028,212745945,-1.3989555,0.38743848,1.2475309
1751194516045,212762612,-2.5518854,0.31304878,2.0449991
1751194516045,212762612,-2.5518854,0.31304878,2.0449991
1751194516062,212779279,-3.2619476,0.37795928,3.4777975
1751194516062,212779279,-3.2619476,0.37795928,3.4777975
1751194516078,212795946,-4.97711,2.0373626,4.0602903
1751194516078,212795946,-4.97711,2.0373626,4.0602903
1751194516095,212812613,-5.8853817,3.5694063,3.5833654
1751194516095,212812613,-5.8853817,3.5694063,3.5833654
1751194516112,212829280,-9.776612,5.2365994,4.369157
1751194516112,212829280,-9.776612,5.2365994,4.369157
1751194516128,212845947,-15.444527,9.185337,3.9490786
1751194516128,212845947,-15.444527,9.185337,3.9490786
1751194516145,212862614,-18.525328,10.307601,1.223072
1751194516145,212862614,-18.525328,10.307601,1.223072
1751194516162,212879281,-6.043494,-7.755297,2.364603
1751194516162,212879281,-6.043494,-7.755297,2.364603
1751194516178,212895948,-6.003313,-9.284119,1.4014387
1751194516178,212895948,-6.003313,-9.284119,1.4014387
1751194516195,212912615,-12.278959,1.9014207,-1.017602
1751194516195,212912615,-12.278959,1.9014207,-1.017602
1751194516212,212929282,-9.409728,8.157371,-4.559285
1751194516212,212929282,-9.409728,8.157371,-4.559285
1751194516228,212945949,-6.0380306,5.2611136,-6.866502
1751194516228,212945949,-6.0380306,5.2611136,-6.866502
1751194516245,212962616,-5.698709,1.0140673,-7.5333633
1751194516245,212962616,-5.698709,1.0140673,-7.5333633
1751194516262,212979283,-5.870153,-0.67151177,-8.899889
1751194516262,212979283,-5.870153,-0.67151177,-8.899889
1751194516278,212995950,-4.647597,-0.2717249,-8.795703
1751194516278,212995950,-4.647597,-0.2717249,-8.795703
1751194516295,213012617,-4.415052,1.1138654,-8.300271
1751194516295,213012617,-4.415052,1.1138654,-8.300271
1751194516312,213029284,-5.324053,0.9987567,-7.238481
1751194516312,213029284,-5.324053,0.9987567,-7.238481
1751194516328,213045951,-5.6196446,-0.08283854,-5.3692102
1751194516328,213045951,-5.6196446,-0.08283854,-5.3692102
1751194516345,213062618,-5.756044,-1.4429457,-3.149694
1751194516345,213062618,-5.756044,-1.4429457,-3.149694
1751194516362,213079285,-3.1072552,-2.6654599,-0.11184788
1751194516362,213079285,-3.1072552,-2.6654599,-0.11184788
1751194516378,213095952,-0.666483,-5.4824862,2.1779995
1751194516378,213095952,-0.666483,-5.4824862,2.1779995
1751194516395,213112619,2.9885287,-8.931384,4.321683
1751194516395,213112619,2.9885287,-8.931384,4.321683
1751194516412,213129286,7.8128543,-10.642033,5.7784023
1751194516412,213129286,7.8128543,-10.642033,5.7784023
1751194516428,213145953,12.671737,-11.369422,6.310068
1751194516428,213145953,12.671737,-11.369422,6.310068
1751194516445,213162620,17.58925,-9.220455,4.232724
1751194516445,213162620,17.58925,-9.220455,4.232724
1751194516462,213179287,20.443623,-6.287632,2.4418325
1751194516462,213179287,20.443623,-6.287632,2.4418325
1751194516478,213195954,20.6323,-3.4932497,1.1154842
1751194516478,213195954,20.6323,-3.4932497,1.1154842
1751194516495,213212621,18.099663,-0.020873874,-0.30614567
1751194516495,213212621,18.099663,-0.020873874,-0.30614567
1751194516512,213229288,18.66403,7.042895,-0.94862175
1751194516512,213229288,18.66403,7.042895,-0.94862175
1751194516528,213245955,10.763745,14.930217,2.0791607
1751194516528,213245955,10.763745,14.930217,2.0791607
1751194516545,213262622,1.4973196,-1.0289216,3.492509
1751194516545,213262622,1.4973196,-1.0289216,3.492509
1751194516562,213279289,-1.200882,-11.630433,-0.600441
1751194516562,213279289,-1.200882,-11.630433,-0.600441
1751194516578,213295956,-0.41854277,1.116852,3.6677542
1751194516578,213295956,-0.41854277,1.116852,3.6677542
1751194516595,213312623,-0.69526434,-2.0023453,4.5436783
1751194516595,213312623,-0.69526434,-2.0023453,4.5436783
1751194516612,213329290,-0.5606771,1.792923,-0.79946136
1751194516612,213329290,-0.5606771,1.792923,-0.79946136
1751194516628,213345957,-1.8148403,2.781954,-1.3172007
1751194516628,213345957,-1.8148403,2.781954,-1.3172007
1751194516645,213362624,-0.94909656,0.9070025,-1.0033512
1751194516645,213362624,-0.94909656,0.9070025,-1.0033512
1751194516662,213379291,0.25676766,-0.3907498,0.11049461
1751194516662,213379291,0.25676766,-0.3907498,0.11049461
1751194516678,213395958,-0.63902485,-0.21878678,1.6850805
1751194516678,213395958,-0.63902485,-0.21878678,1.6850805
1751194516695,213412625,-1.4409518,-0.3039271,1.42552
1751194516695,213412625,-1.4409518,-0.3039271,1.42552
1751194516712,213429292,-2.3057494,-1.5327877,0.022791862
1751194516712,213429292,-2.3057494,-1.5327877,0.022791862
1751194516728,213445959,1.0263883,0.30934662,-0.99447155
1751194516728,213445959,1.0263883,0.30934662,-0.99447155
1751194516745,213462626,0.41588473,-0.8401044,-0.28387547
1751194516745,213462626,0.41588473,-0.8401044,-0.28387547
1751194516762,213479293,0.63136464,-1.0514722,-0.05222702
1751194516762,213479293,0.63136464,-1.0514722,-0.05222702
1751194516778,213495960,-0.12289145,-0.45151427,0.43020916
1751194516778,213495960,-0.12289145,-0.45151427,0.43020916
1751194516795,213512627,-0.6725246,0.01841881,0.5805998
1751194516795,213512627,-0.6725246,0.01841881,0.5805998
1751194516812,213529294,-1.0135696,0.15724538,0.17068005
1751194516812,213529294,-1.0135696,0.15724538,0.17068005
1751194516828,213545961,-0.57044035,0.11993996,0.013119698
1751194516828,213545961,-0.57044035,0.11993996,0.013119698
1751194516845,213562628,-0.7772113,0.0944872,0.068489075
1751194516845,213562628,-0.7772113,0.0944872,0.068489075
1751194516862,213579295,-0.60870713,-0.41555262,-0.28606796
1751194516862,213579295,-0.60870713,-0.41555262,-0.28606796
1751194516878,213595962,-0.2300914,-0.8623711,-0.6722336
1751194516878,213595962,-0.2300914,-0.8623711,-0.6722336
1751194516895,213612629,-0.26705775,-0.8222899,-0.58866215
1751194516895,213612629,-0.26705775,-0.8222899,-0.58866215
1751194516912,213629296,-0.33828506,-0.7738388,-0.41689205
1751194516912,213629296,-0.33828506,-0.7738388,-0.41689205
1751194516928,213645963,-0.7467029,-0.272738,-0.20112514
1751194516928,213645963,-0.7467029,-0.272738,-0.20112514
1751194516945,213662630,-1.0486497,0.14009568,-0.045920372
1751194516945,213662630,-1.0486497,0.14009568,-0.045920372
1751194516962,213679297,-0.9247147,0.19310267,-0.052550316
1751194516962,213679297,-0.9247147,0.19310267,-0.052550316
1751194516978,213695964,-0.8153113,0.107854165,0.18629932
1751194516978,213695964,-0.8153113,0.107854165,0.18629932
1751194516995,213712631,-0.29458517,-0.36490256,0.20084381
1751194516995,213712631,-0.29458517,-0.36490256,0.20084381
1751194517012,213729298,0.06316521,-0.49002767,0.014673233
1751194517012,213729298,0.06316521,-0.49002767,0.014673233
1751194517028,213745965,-0.3726475,-0.2750413,0.17226791
1751194517028,213745965,-0.3726475,-0.2750413,0.17226791
1751194517045,213762632,-0.6508315,0.0028254273,-0.018284798
1751194517045,213762632,-0.6508315,0.0028254273,-0.018284798
1751194517062,213779299,-1.0044663,-0.17378892,-0.18222332
1751194517062,213779299,-1.0044663,-0.17378892,-0.18222332
1751194517078,213795966,-1.1933964,-0.107570976,0.019949913
1751194517078,213795966,-1.1933964,-0.107570976,0.019949913
1751194517095,213812633,-0.8361251,-0.08753013,-0.008194923
1751194517095,213812633,-0.8361251,-0.08753013,-0.008194923
1751194517112,213829300,-0.38495055,-0.56281525,-0.100479126
1751194517112,213829300,-0.38495055,-0.56281525,-0.100479126
1751194517128,213845967,-0.42739478,-0.79956394,-0.065989494
1751194517128,213845967,-0.42739478,-0.79956394,-0.065989494
1751194517145,213862634,-0.29263836,-0.77838945,-0.16164589
1751194517145,213862634,-0.29263836,-0.77838945,-0.16164589
1751194517162,213879301,-0.1750111,-0.9464303,-0.15182972
1751194517162,213879301,-0.1750111,-0.9464303,-0.15182972
1751194517178,213895968,-0.49369138,-0.51911736,-0.109368324
1751194517178,213895968,-0.49369138,-0.51911736,-0.109368324
1751194517195,213912635,-0.80818194,-0.4817404,-0.08254242
1751194517195,213912635,-0.80818194,-0.4817404,-0.08254242
1751194517212,213929302,-0.6011361,-0.48625132,-0.0041513443
1751194517212,213929302,-0.6011361,-0.48625132,-0.0041513443
1751194517228,213945969,-1.1487846,-0.736574,0.5525713
1751194517228,213945969,-1.1487846,-0.736574,0.5525713
1751194517245,213962636,-1.9840825,-1.2129648,2.1227665
1751194517245,213962636,-1.9840825,-1.2129648,2.1227665
1751194517262,213979303,-3.633608,-0.8804184,3.9974003
1751194517262,213979303,-3.633608,-0.8804184,3.9974003
1751194517278,213995970,-4.9877863,-2.4345791,6.4578266
1751194517278,213995970,-4.9877863,-2.4345791,6.4578266
1751194517295,214012637,-1.3056393,-6.739558,6.006151
1751194517295,214012637,-1.3056393,-6.739558,6.006151
1751194517312,214029304,1.2453579,-7.7120695,4.226061
1751194517312,214029304,1.2453579,-7.7120695,4.226061
1751194517328,214045971,4.8406825,-9.870808,2.8742085
1751194517328,214045971,4.8406825,-9.870808,2.8742085
1751194517345,214062638,6.920419,-11.490823,1.0760345
1751194517345,214062638,6.920419,-11.490823,1.0760345
1751194517362,214079305,12.335735,-1.5186417,-3.0198345
1751194517362,214079305,12.335735,-1.5186417,-3.0198345
1751194517378,214095972,9.035939,3.403482,-0.39158535
1751194517378,214095972,9.035939,3.403482,-0.39158535
1751194517395,214112639,6.729019,0.35569137,3.9566002
1751194517395,214112639,6.729019,0.35569137,3.9566002
1751194517412,214129306,11.3387575,-2.2918513,0.07157135
1751194517412,214129306,11.3387575,-2.2918513,0.07157135
1751194517428,214145973,14.987047,0.33306068,-4.506994
1751194517428,214145973,14.987047,0.33306068,-4.506994
1751194517445,214162640,7.226621,-0.2261539,-3.1491747
1751194517445,214162640,7.226621,-0.2261539,-3.1491747
1751194517462,214179307,2.8413324,-3.4300032,-2.7515607
1751194517462,214179307,2.8413324,-3.4300032,-2.7515607
1751194517478,214195974,4.18371,-3.9658217,-3.3827906
1751194517478,214195974,4.18371,-3.9658217,-3.3827906
1751194517495,214212641,6.017199,-2.3520148,-3.616109
1751194517495,214212641,6.017199,-2.3520148,-3.616109
1751194517512,214229308,6.9064827,-1.5469062,-4.0629096
1751194517512,214229308,6.9064827,-1.5469062,-4.0629096
1751194517528,214245975,7.034918,-0.93337965,-4.4952335
1751194517528,214245975,7.034918,-0.93337965,-4.4952335
1751194517545,214262642,7.804713,0.43170762,-4.0330443
1751194517545,214262642,7.804713,0.43170762,-4.0330443
1751194517562,214279309,9.062092,1.3383332,-3.6203055
1751194517562,214279309,9.062092,1.3383332,-3.6203055
1751194517578,214295976,8.320978,1.5171298,-2.960658
1751194517578,214295976,8.320978,1.5171298,-2.960658
1751194517595,214312643,6.576052,1.1431161,-1.6797657
1751194517595,214312643,6.576052,1.1431161,-1.6797657
1751194517612,214329310,5.977808,0.8877575,-0.49945736
1751194517612,214329310,5.977808,0.8877575,-0.49945736
1751194517628,214345977,5.0546384,1.0635109,1.2722569
1751194517628,214345977,5.0546384,1.0635109,1.2722569
1751194517645,214362644,3.440531,0.5464981,3.478363
1751194517645,214362644,3.440531,0.5464981,3.478363
1751194517662,214379311,1.2846783,0.21191174,5.6577053
1751194517662,214379311,1.2846783,0.21191174,5.6577053
1751194517678,214395978,-1.593842,-0.9126631,7.782799
1751194517678,214395978,-1.593842,-0.9126631,7.782799
1751194517695,214412645,-6.723529,-1.4690393,9.125734
1751194517695,214412645,-6.723529,-1.4690393,9.125734
1751194517712,214429312,-10.8474865,-0.38984996,8.07954
1751194517712,214429312,-10.8474865,-0.38984996,8.07954
1751194517728,214445979,-12.773845,2.999736,5.965287
1751194517728,214445979,-12.773845,2.999736,5.965287
1751194517745,214462646,-15.034344,7.194511,3.6333704
1751194517745,214462646,-15.034344,7.194511,3.6333704
1751194517762,214479313,-17.574923,8.476193,-1.7764673
1751194517762,214479313,-17.574923,8.476193,-1.7764673
1751194517778,214495980,-22.069891,9.413045,-10.96253
1751194517778,214495980,-22.069891,9.413045,-10.96253
1751194517795,214512647,-23.883646,7.959265,-20.283922
1751194517795,214512647,-23.883646,7.959265,-20.283922
1751194517812,214529314,-19.667944,5.26304,-14.396585
1751194517812,214529314,-19.667944,5.26304,-14.396585
1751194517828,214545981,-16.54435,3.6541655,-7.380549
1751194517828,214545981,-16.54435,3.6541655,-7.380549
1751194517845,214562648,-11.935395,0.45416716,-2.6778717
1751194517845,214562648,-11.935395,0.45416716,-2.6778717
1751194517862,214579315,10.761883,-11.046923,15.487587
1751194517862,214579315,10.761883,-11.046923,15.487587
1751194517878,214595982,2.5777986,1.6319659,6.3508034
1751194517878,214595982,2.5777986,1.6319659,6.3508034
1751194517895,214612649,-15.690236,-1.872431,-7.547284
1751194517895,214612649,-15.690236,-1.872431,-7.547284
1751194517912,214629316,-8.39798,0.69373703,6.1867085
1751194517912,214629316,-8.39798,0.69373703,6.1867085
1751194517928,214645983,-2.9390445,3.8885376,-0.5533991
1751194517928,214645983,-2.9390445,3.8885376,-0.5533991
1751194517945,214662650,-1.6661034,4.0171833,0.92481613
1751194517945,214662650,-1.6661034,4.0171833,0.92481613
1751194517962,214679317,-4.0047235,-2.0717115,0.633728
1751194517962,214679317,-4.0047235,-2.0717115,0.633728
1751194517978,214695984,-3.6427472,-4.4255223,-2.0209198
1751194517978,214695984,-3.6427472,-4.4255223,-2.0209198
1751194517995,214712651,-2.8854425,-2.0699315,-0.9968691
1751194517995,214712651,-2.8854425,-2.0699315,-0.9968691
1751194518012,214729318,-1.7072549,0.04271612,1.3880663
1751194518012,214729318,-1.7072549,0.04271612,1.3880663
1751194518028,214745985,-1.0746222,1.1046485,1.9962101
1751194518028,214745985,-1.0746222,1.1046485,1.9962101
1751194518045,214762652,-0.97189826,0.76311386,0.7543659
1751194518045,214762652,-0.97189826,0.76311386,0.7543659
1751194518062,214779319,-0.80292344,0.88142747,-0.49335957
1751194518062,214779319,-0.80292344,0.88142747,-0.49335957
1751194518078,214795986,-0.9444902,0.05384058,-0.07923031
1751194518078,214795986,-0.9444902,0.05384058,-0.07923031
1751194518095,214812653,-1.6170834,-1.2810998,0.24982834
1751194518095,214812653,-1.6170834,-1.2810998,0.24982834
1751194518112,214829320,-1.4997572,-1.2053609,0.08729839
1751194518112,214829320,-1.4997572,-1.2053609,0.08729839
1751194518128,214845987,-1.0478221,-0.118625924,0.261508
1751194518128,214845987,-1.0478221,-0.118625924,0.261508
1751194518145,214862654,-1.0190257,-0.31552306,0.10881901
1751194518145,214862654,-1.0190257,-0.31552306,0.10881901
1751194518162,214879321,-0.91857743,-0.5408629,-0.08305931
1751194518162,214879321,-0.91857743,-0.5408629,-0.08305931
1751194518178,214895988,-1.0163242,-0.50586593,-0.081456184
1751194518178,214895988,-1.0163242,-0.50586593,-0.081456184
1751194518195,214912655,-0.6727397,0.0035121709,-0.13214302
1751194518195,214912655,-0.6727397,0.0035121709,-0.13214302
1751194518212,214929322,-0.77311796,0.28917643,-0.033543587
1751194518212,214929322,-0.77311796,0.28917643,-0.033543587
1751194518228,214945989,-0.8965662,-0.2510009,0.04916954
1751194518228,214945989,-0.8965662,-0.2510009,0.04916954
1751194518245,214962656,-0.9733136,-0.6150312,0.21403217
1751194518245,214962656,-0.9733136,-0.6150312,0.21403217
1751194518262,214979323,-0.6938134,-0.49618992,0.50033
1751194518262,214979323,-0.6938134,-0.49618992,0.50033
1751194518278,214995990,-0.9862442,-0.72170407,0.6950474
1751194518278,214995990,-0.9862442,-0.72170407,0.6950474
1751194518295,215012657,-1.0008942,-1.2577553,0.5809698
1751194518295,215012657,-1.0008942,-1.2577553,0.5809698
1751194518312,215029324,-0.7134536,-0.9766005,0.31721306
1751194518312,215029324,-0.7134536,-0.9766005,0.31721306
1751194518328,215045991,-0.30869767,-0.667771,0.7116833
1751194518328,215045991,-0.30869767,-0.667771,0.7116833
1751194518345,215062658,-0.20878197,-0.5947901,1.2790356
1751194518345,215062658,-0.20878197,-0.5947901,1.2790356
1751194518362,215079325,-0.25293034,-1.3557816,0.9595499
1751194518362,215079325,-0.25293034,-1.3557816,0.9595499
1751194518378,215095992,-0.61995643,-1.6909792,1.1700001
1751194518378,215095992,-0.61995643,-1.6909792,1.1700001
1751194518395,215112659,0.94862944,-0.9466351,2.0674381
1751194518395,215112659,0.94862944,-0.9466351,2.0674381
1751194518412,215129326,1.8919775,-0.64495414,2.8237839
1751194518412,215129326,1.8919775,-0.64495414,2.8237839
1751194518428,215145993,2.9943445,-1.175989,4.3515034
1751194518428,215145993,2.9943445,-1.175989,4.3515034
1751194518445,215162660,4.2998533,-2.8485467,4.3761263
1751194518445,215162660,4.2998533,-2.8485467,4.3761263
1751194518462,215179327,7.1321163,-4.5168314,4.676197
1751194518462,215179327,7.1321163,-4.5168314,4.676197
1751194518478,215195994,13.143854,-6.1527987,5.2149563
1751194518478,215195994,13.143854,-6.1527987,5.2149563
1751194518495,215212661,14.086547,-4.5518675,2.7465477
1751194518495,215212661,14.086547,-4.5518675,2.7465477
1751194518512,215229328,11.391573,-3.9830573,1.1101475
1751194518512,215229328,11.391573,-3.9830573,1.1101475
1751194518528,215245995,1.7805073,7.5372715,4.1397085
1751194518528,215245995,1.7805073,7.5372715,4.1397085
1751194518545,215262662,9.611726,8.001603,5.2856665
1751194518545,215262662,9.611726,8.001603,5.2856665
1751194518562,215279329,13.926654,-1.6463253,0.40291786
1751194518562,215279329,13.926654,-1.6463253,0.40291786
1751194518578,215295996,11.410332,-4.5725913,-4.624848
1751194518578,215295996,11.410332,-4.5725913,-4.624848
1751194518595,215312663,7.789706,-1.8292513,-6.877121
1751194518595,215312663,7.789706,-1.8292513,-6.877121
1751194518612,215329330,5.8035417,-0.15230647,-6.7871494
1751194518612,215329330,5.8035417,-0.15230647,-6.7871494
1751194518628,215345997,6.2003617,2.0722451,-8.039455
1751194518628,215345997,6.2003617,2.0722451,-8.039455
1751194518645,215362664,5.806682,2.470985,-8.783549
1751194518645,215362664,5.806682,2.470985,-8.783549
1751194518662,215379331,5.2446146,0.3943316,-8.200938
1751194518662,215379331,5.2446146,0.3943316,-8.200938
1751194518678,215395998,4.7626486,-0.98825985,-6.9052954
1751194518678,215395998,4.7626486,-0.98825985,-6.9052954
1751194518695,215412665,4.972228,-1.7264862,-5.659666
1751194518695,215412665,4.972228,-1.7264862,-5.659666
1751194518712,215429332,5.353888,-2.2414153,-4.3360457
1751194518712,215429332,5.353888,-2.2414153,-4.3360457
1751194518728,215445999,4.8455563,-1.7248597,-2.3875966
1751194518728,215445999,4.8455563,-1.7248597,-2.3875966
1751194518745,215462666,4.3274846,-1.5385029,-0.02194786
1751194518745,215462666,4.3274846,-1.5385029,-0.02194786
1751194518762,215479333,3.4247148,-2.165856,3.212082
1751194518762,215479333,3.4247148,-2.165856,3.212082
1751194518778,215496000,0.6623449,-2.917564,6.8107414
1751194518778,215496000,0.6623449,-2.917564,6.8107414
1751194518795,215512667,-3.2560196,-3.5682013,10.15284
1751194518795,215512667,-3.2560196,-3.5682013,10.15284
1751194518812,215529334,-10.6011715,-1.7214292,13.29384
1751194518812,215529334,-10.6011715,-1.7214292,13.29384
1751194518828,215546001,-14.849427,0.45188016,13.501986
1751194518828,215546001,-14.849427,0.45188016,13.501986
