timestamp_ms,timestamp_μs,freeAcceleration_m/s²_x,freeAcceleration_m/s²_y,freeAcceleration_m/s²_z
1749910471759,471792420,0.076841295,0.061673928,0.579854
1749910471776,471809087,0.03886175,-0.060357664,0.6862602
1749910471792,471825754,0.011441628,-0.04089572,0.7851019
1749910471809,471842421,0.0001122035,-0.05912074,0.7706213
1749910471826,471859088,-0.105186984,-0.29311356,0.77147007
1749910471842,471875755,-0.06510799,-0.40666282,0.64952374
1749910471859,471892422,-0.11661543,-0.51446426,0.6312618
1749910471876,471909089,-0.08669688,-0.683548,0.77968884
1749910471892,471925756,-0.039869793,-0.8437232,0.8447485
1749910471909,471942423,-0.15726818,-1.2360532,1.2207241
1749910471926,471959090,-0.05065139,-1.2886997,1.8025789
1749910471942,471975757,-0.3495624,-1.4411079,2.2991943
1749910471959,471992424,-0.2988109,-1.2763962,2.5891352
1749910471976,472009091,-0.32805243,-1.2872179,2.7460833
1749910471992,472025758,-0.13350295,-0.9542595,2.4254875
1749910472009,472042425,0.13219897,-0.14185384,1.6288118
1749910472026,472059092,-0.011761252,0.5722155,1.0065641
1749910472042,472075759,-0.1604186,0.9122954,0.80262756
1749910472059,472092426,0.013687487,0.9326869,0.6413374
1749910472076,472109093,-0.037885446,1.5830367,-0.16102886
1749910472092,472125760,0.1764427,2.073965,-0.28427505
1749910472109,472142427,0.6685751,1.0926737,0.457469
1749910472126,472159094,0.9639812,1.3373156,0.5688753
1749910472142,472175761,0.55875266,1.9411707,-0.25625706
1749910472159,472192428,0.5479892,2.4583642,-0.82610035
1749910472176,472209095,0.8478586,2.6024055,-0.8522873
1749910472192,472225762,1.0044844,2.226105,-0.7108669
1749910472209,472242429,0.93925846,1.8888485,-0.39330292
1749910472226,472259096,0.5184077,1.4798392,-0.35944748
1749910472242,472275763,0.4087985,1.0580385,-0.28395367
1749910472259,472292430,0.39206138,0.8035025,-0.2033968
1749910472276,472309097,0.2701912,0.8708382,-0.41493034
1749910472292,472325764,0.22418886,1.1251407,-0.6299114
1749910472309,472342431,0.22448032,1.1365943,-0.75577354
1749910472326,472359098,0.3875015,0.95583606,-0.67146015
1749910472342,472375765,0.43416587,0.7223563,-0.52394104
1749910472359,472392432,0.30428606,0.5471052,-0.5116644
1749910472376,472409099,0.20385097,0.47403073,-0.54413605
1749910472392,472425766,-0.05170436,0.112099126,-0.4731369
1749910472409,472442433,-0.1828944,-0.13440192,-0.57806206
1749910472426,472459100,-0.13913056,-0.18851417,-0.63762
1749910472442,472475767,-0.22309655,-0.1875162,-0.7422533
1749910472459,472492434,-0.35817114,-0.102575235,-0.9716568
1749910472476,472509101,-0.3837524,-0.24990179,-1.0428295
1749910472492,472525768,-0.3665932,0.16024694,-1.3723869
1749910472509,472542435,-0.19340487,0.43430468,-1.576437
1749910472526,472559102,-0.30181915,0.40091005,-1.6284771
1749910472542,472575769,-0.12953123,0.5530429,-2.0406623
1749910472559,472592436,-0.10720229,0.6844354,-2.3992615
1749910472576,472609103,-0.033841316,0.8374884,-2.4268618
1749910472592,472625770,-0.24350674,0.7237524,-2.5832434
1749910472609,472642437,-0.2193868,0.8427411,-2.4650373
1749910472626,472659104,-0.22211577,0.7395257,-2.13236
1749910472642,472675771,0.10447532,0.89114696,-1.8323784
1749910472659,472692438,0.44800735,1.1093198,-1.506134
1749910472676,472709105,0.5375833,1.3401706,-1.6537609
1749910472692,472725772,0.4890184,1.6116841,-1.7596426
1749910472709,472742439,0.21279171,1.6472474,-1.9027977
1749910472726,472759106,0.06332122,2.0216122,-2.000937
1749910472742,472775773,-0.11179827,2.106325,-1.7408047
1749910472759,472792440,-0.02059359,2.2122176,-1.3716564
1749910472776,472809107,0.14381382,2.2924771,-0.8580942
1749910472792,472825774,0.34553874,1.8871118,-0.35981655
1749910472809,472842441,0.2732752,1.463685,0.090387344
1749910472826,472859108,0.10811098,1.3491925,0.15142632
1749910472842,472875775,-0.2249658,1.2894735,-0.11427593
1749910472859,472892442,-0.5087669,0.9266145,-0.13787365
1749910472876,472909109,-0.7569313,0.5053221,0.010649681
1749910472892,472925776,-0.8688977,0.49795377,0.29260635
1749910472909,472942443,-0.8863089,0.64396185,0.45705605
1749910472926,472959110,-0.7622601,1.0217766,0.5241308
1749910472942,472975777,-0.6228515,1.2870271,0.67149734
1749910472959,472992444,-0.4097167,1.5350215,0.70835304
1749910472976,473009111,-0.19929533,1.8036705,0.5602007
1749910472992,473025778,-0.058194056,1.7587309,0.22029781
1749910473009,473042445,0.039131083,1.7150357,-0.05892372
1749910473026,473059112,0.03317491,1.6080405,-0.09314346
1749910473042,473075779,-0.027000142,1.5438861,0.089138985
1749910473059,473092446,-0.15715978,1.4354258,0.3964119
1749910473076,473109113,-0.21525058,1.2522224,0.5824747
1749910473092,473125780,-0.05959705,1.2912674,0.5283222
1749910473109,473142447,-0.08091884,1.2706575,0.31712055
1749910473126,473159114,0.09311952,1.5562925,0.36871815
1749910473142,473175781,0.23403594,1.6754081,0.4016695
1749910473159,473192448,0.024477128,1.5540761,0.07855511
1749910473176,473209115,-0.15049261,1.2125889,-0.13675594
1749910473192,473225782,-0.40001065,0.7209701,-0.43198776
1749910473209,473242449,-0.4543189,0.48564538,-0.53880405
1749910473226,473259116,-0.43654048,0.2951245,-0.7318611
1749910473242,473275783,-0.47878286,0.32181373,-1.0682259
1749910473259,473292450,-0.52038085,0.18280901,-1.6995506
1749910473276,473309117,-0.4973532,0.031852607,-2.288834
1749910473292,473325784,-0.331598,0.058611132,-2.6481814
1749910473309,473342451,-0.07065021,0.18601419,-2.7545395
1749910473326,473359118,-0.2218413,0.2937213,-2.6355839
1749910473342,473375785,-0.21371572,0.08338039,-2.7303448
1749910473359,473392452,0.11384308,-0.13189901,-3.2178578
1749910473376,473409119,0.3978743,-0.33330968,-3.5978794
1749910473392,473425786,0.1450513,-0.3788968,-3.164559
1749910473409,473442453,-0.1790854,-0.5337226,-2.7769046
1749910473426,473459120,-0.12686841,-0.7613904,-2.429428
1749910473442,473475787,0.36173984,-1.4943392,-2.5825996
1749910473459,473492454,0.4898947,-1.2618362,-2.8511963
1749910473476,473509121,-0.2447639,0.14122185,-2.7614522
1749910473492,473525788,-0.6127719,0.5422316,-2.071003
1749910473509,473542455,-0.20526804,-0.54400015,-0.33843517
1749910473526,473559122,0.63534606,-2.2445009,0.29499054
1749910473542,473575789,1.265902,-0.93922985,-0.19258785
1749910473559,473592456,1.0420487,0.79647565,-1.1596336
1749910473576,473609123,0.6127098,1.4098433,-0.65676975
1749910473592,473625790,-0.16051337,0.27740887,0.71779156
1749910473609,473642457,-0.07958,-0.61735326,1.0059271
1749910473626,473659124,0.28092605,-0.16580594,0.5861397
1749910473642,473675791,0.5456052,0.24131487,0.5803013
1749910473659,473692458,0.8114173,0.6587368,0.3136816
1749910473676,473709125,0.2642531,0.8918671,0.25099087
1749910473692,473725792,-0.22694992,0.7459097,0.45034695
1749910473709,473742459,-0.27303,0.26612034,0.5133381
1749910473726,473759126,0.14665893,0.40932912,0.48789692
1749910473742,473775793,0.3950265,0.68247604,0.061074257
1749910473759,473792460,0.20749132,0.7640378,-0.32113457
1749910473776,473809127,-0.0031875183,0.84087497,-0.29008007
1749910473792,473825794,-0.15499036,0.44270897,0.45253754
1749910473809,473842461,0.1624814,-0.084943414,0.90469456
1749910473826,473859128,0.5225871,-0.20150542,1.1911764
1749910473842,473875795,0.57340014,-0.30698946,1.0993853
1749910473859,473892462,0.4289578,0.0047619436,0.7487669
1749910473876,473909129,0.035843432,-0.42782637,0.54676723
1749910473892,473925796,-0.18868248,-0.8283319,0.5858135
1749910473909,473942463,-0.43450537,-1.2889194,0.78183174
1749910473926,473959130,-0.62534726,-1.6699654,1.0089445
1749910473942,473975797,-0.49462926,-1.4117384,1.5925941
1749910473959,473992464,-0.08950129,-1.1754886,2.2145624
1749910473976,474009131,0.20228034,-1.0011134,2.4978952
1749910473992,474025798,0.29730576,-0.8594194,1.9771013
1749910474009,474042465,0.23902833,-0.547925,1.0303173
1749910474026,474059132,0.30193114,-0.6424723,0.5295086
1749910474042,474075799,0.44508895,-0.56870747,0.45094872
1749910474059,474092466,0.44922796,-0.51702344,-0.009421349
1749910474076,474109133,0.28037152,-0.8806395,-0.35367584
1749910474092,474125800,0.15426126,-1.0851175,-0.2034254
1749910474109,474142467,-0.030160168,-1.3677379,0.031170845
1749910474126,474159134,-0.32629895,-1.6876473,0.30546188
1749910474142,474175801,-0.43122646,-1.8317707,0.4367447
1749910474159,474192468,-0.41297707,-1.7834159,0.78535557
1749910474176,474209135,-0.26922405,-1.4242709,1.0265636
1749910474192,474225802,-0.1513661,-1.158973,0.9257698
1749910474209,474242469,-0.008628941,-0.97178,0.7208061
1749910474226,474259136,0.022142982,-0.8367996,0.53082085
1749910474242,474275803,-0.003814025,-0.8504116,0.39053154
1749910474259,474292470,-0.035226982,-0.6976374,0.21602345
1749910474276,474309137,-0.13082057,-0.7185584,0.12984371
1749910474292,474325804,-0.09803725,-0.6299572,0.2318573
1749910474309,474342471,-0.11805217,-0.7638066,0.31181812
1749910474326,474359138,-0.056696743,-0.83902246,0.41652107
1749910474342,474375805,-0.08546018,-0.85774505,0.4517336
1749910474359,474392472,-0.11678731,-0.82813716,0.37973404
1749910474376,474409139,-0.17314006,-0.80246514,0.36938286
1749910474392,474425806,-0.2015043,-0.8511409,0.3279972
1749910474409,474442473,-0.15131715,-0.7891601,0.3096466
1749910474426,474459140,-0.15571298,-0.87078947,0.31861877
1749910474442,474475807,-0.104499236,-0.8456253,0.33582115
1749910474459,474492474,-0.10793977,-0.9683091,0.35948277
1749910474476,474509141,-0.08557931,-0.97157574,0.34779167
1749910474492,474525808,-0.060231153,-1.0121337,0.45472622
1749910474509,474542475,-0.032602046,-1.0874449,0.54187393
1749910474526,474559142,0.035959657,-1.0312653,0.51787186
1749910474542,474575809,0.034381658,-1.0609881,0.38360405
1749910474559,474592476,0.06973716,-1.0963398,0.4016037
1749910474576,474609143,0.08087324,-1.1831162,0.46770287
1749910474592,474625810,0.22002526,-1.015804,0.41187572
1749910474609,474642477,0.123418935,-1.2737322,0.55484295
1749910474626,474659144,0.1257446,-1.3085277,0.6675081
1749910474642,474675811,0.07648032,-1.2800212,0.45913887
1749910474659,474692478,0.04239862,-1.4177811,0.3988905
1749910474676,474709145,0.044661913,-1.4745505,0.34156036
1749910474692,474725812,0.15325725,-1.5640024,0.50584126
1749910474709,474742479,0.22426374,-1.795619,0.93434525
1749910474726,474759146,0.1374493,-1.9415869,1.3756828
1749910474742,474775813,-0.046867985,-2.076044,1.4761772
1749910474759,474792480,-0.05180829,-2.2175844,1.9609833
1749910474776,474809147,0.12738249,-2.3382993,2.5503206
1749910474792,474825814,0.14123024,-2.3970883,2.9626446
1749910474809,474842481,-0.14756146,-1.9379878,2.7517376
1749910474826,474859148,-0.35374078,-1.5679147,2.21099
1749910474842,474875815,-0.46383566,-1.4702264,1.8821497
1749910474859,474892482,-0.5889817,-1.1459036,1.4214821
1749910474876,474909149,-0.94709796,-0.49513507,0.2904148
1749910474892,474925816,-0.66872996,0.1131854,0.3344593
1749910474909,474942483,0.12910868,0.08734462,0.98989487
1749910474926,474959150,0.38181823,0.5246343,0.9968262
1749910474942,474975817,0.1811311,1.2153934,0.3640747
1749910474959,474992484,0.5781259,1.4457392,0.41725636
1749910474976,475009151,1.0546249,0.50821215,1.1985645
1749910474992,475025818,0.69509894,-0.35111806,1.4108324
1749910475009,475042485,0.1844411,-0.6707597,0.9093132
1749910475026,475059152,-0.09553838,-0.60552365,0.29943752
1749910475042,475075819,-0.31875986,-0.7695533,-0.08063412
1749910475059,475092486,-0.33147833,-0.7788327,-0.2764187
1749910475076,475109153,-0.18446591,-0.6704727,-0.63500214
1749910475092,475125820,-0.05436707,-0.39675158,-0.9105072
1749910475109,475142487,0.041720256,-0.2110103,-1.1663103
1749910475126,475159154,0.2063123,-0.021889964,-1.4425592
1749910475142,475175821,0.38444763,-0.25101823,-1.6587706
1749910475159,475192488,0.39788133,-0.40064406,-1.7626429
1749910475176,475209155,0.556136,-0.5057238,-1.8404231
1749910475192,475225822,0.37307632,-0.55554545,-2.178761
1749910475209,475242489,0.20748909,-0.660386,-2.5333405
1749910475226,475259156,0.20543958,-0.6529076,-2.8468032
1749910475242,475275823,0.24866743,-0.47117326,-3.0236783
1749910475259,475292490,0.11713051,-0.26872516,-3.1476011
1749910475276,475309157,0.2344091,-0.1757784,-3.1287432
1749910475292,475325824,0.3157714,0.34435993,-3.3142743
1749910475309,475342491,0.115647055,-0.032992523,-3.0982184
1749910475326,475359158,0.2042734,0.44099364,-2.9723225
1749910475342,475375825,0.22466695,0.706733,-2.922665
1749910475359,475392492,0.30052748,0.8741659,-2.8606625
1749910475376,475409159,0.28501502,1.0639989,-2.5647717
1749910475392,475425826,0.23007329,1.098055,-1.9268174
1749910475409,475442493,0.16453192,0.99196416,-1.2364769
1749910475426,475459160,0.15125903,1.0696102,-0.618474
1749910475442,475475827,0.042098887,1.0653787,-0.16345596
1749910475459,475492494,-0.089630485,0.8673284,-0.12671852
1749910475476,475509161,-0.15690498,0.76944155,-0.25664902
1749910475492,475525828,-0.21905254,0.52056366,-0.15758038
1749910475509,475542495,-0.38569552,0.36725122,0.03102398
1749910475526,475559162,-0.4356169,0.17710161,0.17747593
1749910475542,475575829,-0.3218544,0.08986316,0.22698116
1749910475559,475592496,-0.28977427,0.1376252,0.43461323
1749910475576,475609163,-0.28891486,0.33533984,0.61561394
1749910475592,475625830,-0.38963136,0.37265465,0.66111565
1749910475609,475642497,-0.5111674,0.40636444,0.5553999
1749910475626,475659164,-0.4951525,0.5423544,0.2642374
1749910475642,475675831,-0.36907086,0.7426196,0.07133484
1749910475659,475692498,-0.20367618,0.98276836,0.11741066
1749910475676,475709165,-0.111749776,0.9857708,-0.00633049
1749910475692,475725832,-0.07887862,1.0062258,-0.13469028
1749910475709,475742499,-0.036005925,1.0959316,-0.037272453
1749910475726,475759166,-0.0073855384,0.87442803,0.062120438
1749910475742,475775833,-0.00041551059,0.6282191,0.12467861
1749910475759,475792500,-0.085767284,0.50547904,0.14850998
1749910475776,475809167,-0.15695795,0.51864195,0.13232136
1749910475792,475825834,-0.22796154,0.50536144,0.14097214
1749910475809,475842501,-0.24257347,0.46938682,0.14233112
1749910475826,475859168,-0.19174238,0.47103098,0.1822443
1749910475842,475875835,-0.18173906,0.48268315,0.31558228
1749910475859,475892502,-0.16095749,0.4039764,0.2683792
1749910475876,475909169,-0.17086358,0.3851906,0.19245529
1749910475892,475925836,-0.20333824,0.5195201,0.21129322
1749910475909,475942503,-0.25170195,0.5295632,0.17715168
1749910475926,475959170,-0.26766974,0.67052656,0.12226105
1749910475942,475975837,-0.302312,0.5061873,-0.043167114
1749910475959,475992504,-0.3572971,0.32527617,-0.16066265
1749910475976,476009171,-0.3001343,0.2271712,0.05313015
1749910475992,476025838,-0.32173014,-0.17705624,0.15181732
1749910476009,476042505,-0.2038588,-0.26654232,0.08403206
1749910476026,476059172,-0.08086073,0.08287816,0.14671421
1749910476042,476075839,-0.04723991,0.039972164,-0.25342178
1749910476059,476092506,3.7326663E-05,-0.057346944,-0.559845
1749910476076,476109173,0.07267188,0.123787284,-0.7084427
1749910476092,476125840,0.22577134,0.14131272,-0.8245497
1749910476109,476142507,0.14548391,0.050215315,-0.8877735
1749910476126,476159174,0.046378266,-0.0006231541,-0.8717184
1749910476142,476175841,0.08948475,-0.16920154,-1.0304565
1749910476159,476192508,0.14279684,-0.3862818,-1.2638292
1749910476176,476209175,0.1207674,-0.60883385,-1.3485479
1749910476192,476225842,0.17083989,-0.7472579,-1.5825262
1749910476209,476242509,0.1752793,-0.5342188,-1.7569275
1749910476226,476259176,0.17338437,-0.35183465,-2.1220336
1749910476242,476275843,0.08434172,-0.67046994,-2.8594894
1749910476259,476292510,-0.19763574,-0.54140437,-2.8196764
1749910476276,476309177,-0.46363828,-0.5159431,-2.7743216
1749910476292,476325844,-0.13759771,-0.6760174,-3.4283137
1749910476309,476342511,0.49093446,-0.18558493,-3.3308034
1749910476326,476359178,0.060462043,-0.11813084,-3.200798
1749910476342,476375845,-0.6959969,-0.46155962,-3.3182096
1749910476359,476392512,-0.7698731,-0.9135996,-2.6580648
1749910476376,476409179,-0.076364875,-1.5705884,-1.532649
1749910476392,476425846,0.9507148,-1.4605576,-1.1323824
1749910476409,476442513,1.0771999,-0.19565654,-1.6082611
1749910476426,476459180,0.13440996,0.41845313,-1.441329
1749910476442,476475847,0.052416917,-0.49896562,-0.7800646
1749910476459,476492514,0.34352443,-0.91788656,0.21017838
1749910476476,476509181,0.61925495,-0.5672667,0.31215
1749910476492,476525848,0.49828503,0.45195335,-0.14039516
1749910476509,476542515,0.260963,0.83945686,-0.36201286
1749910476526,476559182,-0.074076,0.2647579,0.06282139
1749910476542,476575849,-0.35661894,0.06068712,-0.2728262
1749910476559,476592516,-0.07014485,0.043832902,-0.33882332
1749910476576,476609183,0.5628436,0.1865191,0.32239628
1749910476592,476625850,0.43994948,0.6623866,0.5381994
1749910476609,476642517,-0.102278635,0.9220818,0.1284008
1749910476626,476659184,-0.093600295,0.7733612,-0.16353989
1749910476642,476675851,0.13189164,0.38051406,0.07057953
1749910476659,476692518,0.13615516,0.46567985,0.13236237
1749910476676,476709185,-0.48848936,0.26502421,0.09149742
1749910476692,476725852,-0.46926054,0.41131726,0.3537979
1749910476709,476742519,0.04714514,-0.051610257,1.0699263
1749910476726,476759186,0.50639474,-0.685061,1.6733217
1749910476742,476775853,0.6405928,-0.5539284,1.2700386
1749910476759,476792520,0.21009392,-0.73686856,0.58783436
1749910476776,476809187,0.17637408,-1.0396155,0.8570595
1749910476792,476825854,0.3174588,-1.6679991,1.6173773
1749910476809,476842521,-0.0683858,-1.551907,2.2376204
1749910476826,476859188,-0.59005743,-1.4674227,2.9424381
1749910476842,476875855,-0.32244048,-1.9949837,3.5887957
1749910476859,476892522,0.16652095,-2.3355258,2.9476414
1749910476876,476909189,0.46104956,-1.6782604,1.6308098
1749910476892,476925856,0.56244934,-1.4346337,0.8119621
1749910476909,476942523,0.82726145,-1.2402667,0.22247219
1749910476926,476959190,0.80063635,-1.6395954,-0.22799015
1749910476942,476975857,0.7100613,-1.4275417,-0.17169666
1749910476959,476992524,0.45974335,-1.344512,-0.34248257
1749910476976,477009191,0.27976066,-1.6526159,-0.8162117
1749910476992,477025858,0.054879583,-1.9355829,-0.6312237
1749910477009,477042525,0.05370435,-1.6051317,0.37326813
1749910477026,477059192,-0.14469804,-1.4776846,1.2237978
1749910477042,477075859,-0.33395675,-1.3316488,1.2787619
1749910477059,477092526,-0.30399483,-1.2598447,1.095355
1749910477076,477109193,-0.23379612,-1.0767826,1.0770988
1749910477092,477125860,-0.2183726,-0.85159934,1.0448046
1749910477109,477142527,-0.08731601,-0.5809249,0.56378174
1749910477126,477159194,-0.06553109,-0.25981548,0.07215309
1749910477142,477175861,-0.03992545,-0.25639305,0.034374237
1749910477159,477192528,0.060342018,-0.15379122,-0.0034971237
1749910477176,477209195,-0.022427961,-0.22175883,-0.084319115
1749910477192,477225862,-0.18611813,-0.5859819,0.0853138
1749910477209,477242529,-0.25779203,-0.7573283,0.33105373
1749910477226,477259196,-0.2883887,-0.96387345,0.47479725
1749910477242,477275863,-0.20676804,-1.2126769,0.6209755
1749910477259,477292530,-0.13696048,-1.2029867,0.47771835
1749910477276,477309197,-0.2157242,-1.1675726,0.18869972
1749910477292,477325864,-0.115441315,-1.0649525,0.19908428
1749910477309,477342531,0.0025976675,-0.90958667,0.38977528
1749910477326,477359198,0.06553936,-0.7644941,0.4837036
1749910477342,477375865,0.14478745,-0.684742,0.4232483
1749910477359,477392532,0.1710015,-0.6794443,0.35531044
1749910477376,477409199,0.15547048,-0.76101446,0.27769852
1749910477392,477425866,0.11723769,-0.8032854,0.31446457
1749910477409,477442533,0.11475424,-0.8002045,0.4070778
1749910477426,477459200,0.14574006,-0.8902119,0.48929977
1749910477442,477475867,0.16610096,-0.9042997,0.54317474
1749910477459,477492534,0.18190266,-0.8817602,0.44094467
1749910477476,477509201,0.15093316,-0.9754617,0.4197359
1749910477492,477525868,0.16687678,-0.9408581,0.45117283
1749910477509,477542535,0.19015431,-1.1043826,0.3951521
1749910477526,477559202,0.21472397,-1.0134163,0.34495258
1749910477542,477575869,0.16568613,-1.0111176,0.5171747
1749910477559,477592536,0.116483554,-1.2052281,0.6282921
1749910477576,477609203,0.04410313,-1.3253565,0.6286726
1749910477592,477625870,0.094898015,-1.3398484,0.49984837
1749910477609,477642537,0.047165032,-1.3653563,0.48800945
1749910477626,477659204,0.08353707,-1.3898451,0.4413557
1749910477642,477675871,0.13651098,-1.4887791,0.50028133
1749910477659,477692538,0.2543915,-1.6113281,0.77192974
1749910477676,477709205,0.41296923,-1.7194185,0.8219938
1749910477692,477725872,0.26026475,-1.7188097,1.1717997
1749910477709,477742539,0.20479889,-1.9720454,1.7310295
1749910477726,477759206,0.50934714,-2.520534,2.3172712
1749910477742,477775873,0.73242915,-2.7248333,2.5019207
1749910477759,477792540,0.1444001,-1.9252912,1.4641228
1749910477776,477809207,-0.40951395,-1.6965336,1.1724348
1749910477792,477825874,-0.39511725,-1.7356429,1.2942533
1749910477809,477842541,-0.5107081,-1.4837141,1.0506115
1749910477826,477859208,-0.45528516,-0.89252836,0.37979317
1749910477842,477875875,-0.24628803,-0.33617756,0.30022144
1749910477859,477892542,0.09258667,0.071000904,0.5931282
1749910477876,477909209,0.5310914,0.343235,0.79774
1749910477892,477925876,0.5302087,0.43128368,0.74036026
1749910477909,477942543,0.26212212,0.89126205,0.24055672
1749910477926,477959210,0.06412564,1.4379925,-0.0024290085
1749910477942,477975877,0.11654368,1.4449259,-0.05061531
1749910477959,477992544,0.43156418,0.8716775,0.27036858
1749910477976,478009211,0.76334393,-0.052716646,0.8545418
1749910477992,478025878,0.5835767,-0.49794438,1.0097303
1749910478009,478042545,0.17852494,-0.28924096,0.40488625
1749910478026,478059212,-0.06457535,-0.061013002,-0.16148758
1749910478042,478075879,-0.1732934,-0.03733225,-0.3437004
1749910478059,478092546,-0.16888103,-0.032586623,-0.33577347
1749910478076,478109213,-0.018272854,0.005071062,-0.54451656
1749910478092,478125880,0.18433605,0.019426852,-0.69204617
1749910478109,478142547,0.28159234,0.06774901,-0.86442566
1749910478126,478159214,0.32855064,-0.0438823,-1.0302267
1749910478142,478175881,0.45463988,-0.05485321,-1.1778498
1749910478159,478192548,0.56897706,-0.31424916,-1.2637482
1749910478176,478209215,0.41088587,-0.46631062,-1.3024693
1749910478192,478225882,0.15903506,-0.49719116,-1.581563
1749910478209,478242549,-0.12209574,-0.6440166,-1.895402
1749910478226,478259216,-0.19737948,-0.83641946,-2.0871563
1749910478242,478275883,-0.23841535,-0.6315352,-2.0805502
1749910478259,478292550,-0.15772583,-0.5929553,-2.2829342
1749910478276,478309217,-0.015734864,-0.2799435,-2.3220215
1749910478292,478325884,0.07378051,-0.32367313,-2.0273285
1749910478309,478342551,-0.03948781,-0.11946209,-1.9943771
1749910478326,478359218,0.020726804,-0.0417891,-2.3588085
1749910478342,478375885,0.008085134,0.09890806,-2.4420652
1749910478359,478392552,-0.02750841,0.3791285,-2.4877186
1749910478376,478409219,-0.1449743,0.38385433,-2.3233624
1749910478392,478425886,-0.21101232,0.4642639,-2.1451797
1749910478409,478442553,0.010103456,0.81221056,-1.9039259
1749910478426,478459220,-0.12818177,0.9974517,-1.7366152
1749910478442,478475887,-0.14553577,1.0476571,-1.4941196
1749910478459,478492554,-0.092166014,1.1383387,-1.13696
1749910478476,478509221,-0.18755129,0.9820054,-0.76196957
1749910478492,478525888,-0.33187115,0.79124075,-0.41122818
1749910478509,478542555,-0.3237974,0.72420144,-0.20317268
1749910478526,478559222,-0.21672554,0.4876666,-0.24535942
1749910478542,478575889,-0.11915118,0.29286546,0.0011749268
1749910478559,478592556,-0.19424371,0.14503309,0.36716938
1749910478576,478609223,-0.063696496,0.21321012,0.61897755
1749910478592,478625890,-0.027917216,0.27473632,0.36173153
1749910478609,478642557,-0.0824052,0.29374096,0.17563915
1749910478626,478659224,-0.23342977,0.4610051,0.32754326
1749910478642,478675891,-0.2950333,0.63609666,0.4885435
1749910478659,478692558,-0.37381247,0.59334666,0.43201828
1749910478676,478709225,-0.36822754,0.6150913,0.27113533
1749910478692,478725892,-0.24403949,0.8436997,0.058071136
1749910478709,478742559,-0.061210588,0.9688539,-0.18488407
1749910478726,478759226,0.076731324,0.86555356,-0.37320518
1749910478742,478775893,0.00299485,0.89422953,-0.37890053
1749910478759,478792560,-0.040882308,0.794585,-0.08377266
1749910478776,478809227,-0.09371116,0.45927733,0.1644268
1749910478792,478825894,-0.09684012,0.17759557,0.23051357
1749910478809,478842561,-0.15982383,0.13203514,0.25272465
1749910478826,478859228,-0.12430293,0.22454558,0.30135155
1749910478842,478875895,-0.02671427,0.30941883,0.19181347
1749910478859,478892562,0.088799685,0.41382843,-0.013949394
1749910478876,478909229,0.11127749,0.5782202,-0.09110832
1749910478892,478925896,0.061174154,0.71837044,0.10243511
1749910478909,478942563,0.044651408,0.69644225,0.27043343
1749910478926,478959230,0.16772479,0.45582652,0.24769878
1749910478942,478975897,0.16358511,0.30538574,0.21544361
1749910478959,478992564,0.094894215,0.24619594,0.4143591
1749910478976,479009231,-0.0011636084,0.07174632,0.61654186
1749910478992,479025898,-0.04418471,0.058532454,0.5518856
1749910479009,479042565,-0.10063939,0.14408897,0.3271227
1749910479026,479059232,-0.06793922,0.13966252,-0.08793545
1749910479042,479075899,-0.06861624,0.18801105,-0.38630676
1749910479059,479092566,-0.031985376,0.105556674,-0.22082329
1749910479076,479109233,-0.020425284,-0.17128178,0.1974678
1749910479092,479125900,-0.09315595,-0.39061415,0.53706455
1749910479109,479142567,-0.1668352,-0.4765562,0.34298515
1749910479126,479159234,-0.023832293,-0.37678877,-0.20544338
1749910479142,479175901,0.058245912,-0.11841806,-0.6078396
1749910479159,479192568,0.14470229,-0.12446855,-0.18074322
1749910479176,479209235,0.14920808,-0.61277086,0.29010773
1749910479192,479225902,0.11448423,-0.57011586,0.22746468
1749910479209,479242569,-0.12071734,-0.30511507,-0.28431034
1749910479226,479259236,-0.24185063,-0.05120995,-0.7581892
1749910479242,479275903,-0.20392138,-0.1264015,-1.0901794
1749910479259,479292570,-0.009650619,-0.17311123,-0.87350845
1749910479276,479309237,0.13585252,-0.39665794,-0.7052994
1749910479292,479325904,0.13431497,-0.44781694,-0.6696396
1749910479309,479342571,0.04314426,-0.28977895,-0.89479923
1749910479326,479359238,-0.10792457,-0.19630249,-1.3260593
1749910479342,479375905,-0.18803698,-0.29460952,-1.5002995
1749910479359,479392572,-0.09076012,-0.42836973,-1.3544121
1749910479376,479409239,0.2341667,-0.34279802,-1.5842323
1749910479392,479425906,0.559056,0.17197366,-1.9042497
1749910479409,479442573,0.48988518,0.6140756,-2.294025
1749910479426,479459240,0.20014557,0.3946833,-2.5820384
1749910479442,479475907,-0.022582855,-0.107196145,-2.143076
1749910479459,479492574,0.046287075,-0.5842821,-1.6795921
1749910479476,479509241,0.4693877,-0.5135601,-2.1572495
1749910479492,479525908,0.55063915,0.25790322,-2.7856522
1749910479509,479542575,-0.4108814,0.2373455,-2.4940076
1749910479526,479559242,-0.5983311,-0.80773014,-2.2099948
1749910479542,479575909,0.028033443,-1.7578458,-1.6744852
1749910479559,479592576,0.77625847,-1.405242,-1.9893045
1749910479576,479609243,0.8403399,0.24630089,-3.165966
1749910479592,479625910,0.61839104,1.1291306,-3.0958285
1749910479609,479642577,0.1971362,0.29290992,-1.9177651
1749910479626,479659244,0.085856915,-0.58140725,-1.0532341
1749910479642,479675911,0.7811284,-0.80968475,-0.74761105
1749910479659,479692578,0.854427,-0.1694636,-0.85115623
1749910479676,479709245,0.12441581,0.5927246,-1.1456547
1749910479692,479725912,-0.578838,0.62983125,-0.43316746
1749910479709,479742579,-0.5618548,-0.22463566,0.84066105
1749910479726,479759246,-0.098390624,-0.6398188,1.3089523
1749910479742,479775913,0.47961432,-0.17390448,1.3480692
1749910479759,479792580,0.77075714,0.49378908,0.9816694
1749910479776,479809247,0.0923969,1.0113921,0.8850498
1749910479792,479825914,-0.55734277,0.6862031,0.9639549
1749910479809,479842581,-0.2327827,0.28365672,0.9388027
1749910479826,479859248,0.090024315,0.62950313,0.61707306
1749910479842,479875915,0.12675732,0.9469345,0.35727978
1749910479859,479892582,-0.1310443,1.2797085,0.033777237
1749910479876,479909249,-0.40696725,0.92311287,-0.27515697
1749910479892,479925916,-0.062033787,0.65903366,-0.01897335
1749910479909,479942583,0.48171735,0.047574956,0.3480711
1749910479926,479959250,0.6430734,-0.2239564,0.29501915
1749910479942,479975917,0.13746919,-0.36186635,-0.19660378
1749910479959,479992584,-0.35628188,-0.8278873,-0.42549324
1749910479976,480009251,-0.0696824,-0.96751183,-0.16349983
1749910479992,480025918,-0.009405201,-1.8614317,0.1655016
1749910480009,480042585,0.13865693,-1.698825,0.5388565
1749910480026,480059252,-0.1294909,-1.2533628,1.3550453
1749910480042,480075919,-0.2749283,-0.8708501,2.775282
1749910480059,480092586,-0.017645454,-0.7904853,4.210598
1749910480076,480109253,0.07326576,-1.1528602,4.3798065
1749910480093,480125920,0.0604873,-1.0377635,3.0161743
1749910480109,480142587,0.30025077,-0.76524734,1.382618
1749910480126,480159254,0.5723691,-0.45054245,0.35483837
1749910480143,480175921,0.5746465,-0.3421011,-0.81050587
1749910480159,480192588,0.4630091,-0.31198767,-1.1855621
1749910480176,480209255,0.47371113,-0.22028185,-0.5547428
1749910480193,480225922,0.55990666,0.003287652,-0.4616127
1749910480209,480242589,0.26724595,-0.7963346,-0.87185
1749910480226,480259256,0.19644442,-1.2857299,-0.8645134
1749910480243,480275923,0.15464012,-1.2293041,0.09238052
1749910480259,480292590,0.058314305,-1.1726688,1.2357626
1749910480276,480309257,-0.06887574,-1.2492344,1.709856
1749910480293,480325924,-0.084436715,-1.3618356,1.6311941
1749910480309,480342591,-0.040357277,-1.1366733,1.4126778
1749910480326,480359258,-0.110636234,-0.8470368,0.9458971
1749910480343,480375925,-0.18446167,-0.6089365,0.36962128
1749910480359,480392592,-0.056947973,-0.61332357,0.019075394
1749910480376,480409259,0.070612885,-0.46660966,0.05351448
1749910480393,480425926,0.17545186,-0.40439194,0.12636662
1749910480409,480442593,0.036065828,-0.31171966,0.13058376
1749910480426,480459260,-0.048205934,-0.55077237,0.21376228
1749910480443,480475927,-0.044234555,-0.6971689,0.42756653
1749910480459,480492594,-0.12240888,-0.8783686,0.5996227
1749910480476,480509261,-0.09590002,-0.94429505,0.5799761
1749910480493,480525928,-0.06947744,-1.0078653,0.446743
1749910480509,480542595,-0.038982894,-0.7595636,0.33882904
1749910480526,480559262,-0.034064043,-0.7330154,0.303977
1749910480543,480575929,0.045505896,-0.5875762,0.3358345
1749910480559,480592596,0.1291098,-0.560366,0.38315487
1749910480576,480609263,0.17381954,-0.5183444,0.3588543
1749910480593,480625930,0.14899507,-0.47261658,0.3021841
1749910480609,480642597,0.10845966,-0.4738307,0.2719326
1749910480626,480659264,0.10042191,-0.4947607,0.2602253
1749910480643,480675931,0.06951074,-0.44211623,0.21517658
1749910480659,480692598,0.072019674,-0.40341964,0.21502972
1749910480676,480709265,0.08450243,-0.36742735,0.22187138
1749910480693,480725932,0.09036741,-0.36924967,0.21406841
1749910480709,480742599,0.09961928,-0.41026542,0.19649601
1749910480726,480759266,0.10831438,-0.4183825,0.2309227
1749910480743,480775933,0.14421973,-0.4927048,0.3733139
1749910480759,480792600,0.16628,-0.56695,0.48822403
1749910480776,480809267,0.13263035,-0.56991756,0.49637127
1749910480793,480825934,0.16076662,-0.6522562,0.5586519
1749910480809,480842601,0.22403687,-0.67668414,0.6183338
1749910480826,480859268,0.24797802,-0.7057569,0.6523924
1749910480843,480875935,0.26828304,-0.7851194,0.6782961
1749910480859,480892602,0.25264654,-0.7990248,0.6191969
1749910480876,480909269,0.2363616,-0.85651374,0.51203156
1749910480893,480925936,0.23261485,-0.9747163,0.5981264
1749910480909,480942603,0.29317054,-1.1556262,0.8037319
1749910480926,480959270,0.23473532,-1.1486771,0.7775707
1749910480943,480975937,0.14429796,-1.2053767,0.68792343
1749910480959,480992604,0.18997952,-1.4562492,0.7171984
1749910480976,481009271,0.22824763,-1.7936944,0.9659748
1749910480993,481025938,0.3780619,-2.0024104,1.1808367
1749910481009,481042605,0.25421044,-2.2925804,1.5091476
1749910481026,481059272,0.13082638,-2.6758392,2.4059467
1749910481043,481075939,0.70530987,-3.0357292,3.8328304
1749910481059,481092606,1.2188085,-3.15899,3.7003555
1749910481076,481109273,0.6202994,-2.1705291,1.8535976
1749910481093,481125940,-0.020387063,-1.4285281,1.4854383
1749910481109,481142607,-0.5155695,-1.6436377,1.9048901
1749910481126,481159274,-0.79243904,-1.6982863,1.354662
1749910481143,481175941,-0.47626767,-1.2454444,0.8073902
1749910481159,481192608,0.12258054,-0.72017956,1.2119656
1749910481176,481209275,0.42261314,-0.10053434,1.0398579
1749910481193,481225942,0.32682958,0.7735893,0.17436028
1749910481209,481242609,-0.016882828,1.5775545,-0.4284401
1749910481226,481259276,0.018443841,2.132654,-0.17325306
1749910481243,481275943,0.38056523,1.8777789,0.3470354
1749910481259,481292610,0.7633828,0.98193264,0.5994053
1749910481276,481309277,0.8839658,0.010457054,1.0582056
1749910481293,481325944,0.5206039,-0.8806634,1.014307
1749910481309,481342611,0.23763205,-1.0071871,0.36414433
1749910481326,481359278,-0.03572229,-0.9676817,-0.04973221
1749910481343,481375945,-0.28743386,-0.7651494,-0.28530693
1749910481359,481392612,-0.34664178,-0.35137868,-0.7376299
1749910481376,481409279,-0.11088567,0.1316498,-1.2081499
1749910481393,481425946,0.15712759,0.45124483,-1.3863382
1749910481409,481442613,0.32744515,0.39904404,-1.5403223
1749910481426,481459280,0.47131327,0.26720595,-1.6855536
1749910481443,481475947,0.5686036,0.06921213,-1.8143368
1749910481459,481492614,0.6455112,0.053504307,-2.0788436
1749910481476,481509281,0.5514192,0.14146861,-2.362256
1749910481493,481525948,0.36947876,0.1089011,-2.7259154
1749910481509,481542615,0.27447614,0.22913408,-2.9474
1749910481526,481559282,0.13186504,0.21253881,-2.9398875
1749910481543,481575949,-0.054989327,0.27420077,-2.801196
1749910481559,481592616,-0.12331635,0.29299107,-2.787097
1749910481576,481609283,-0.18545988,0.31532347,-2.5928388
1749910481593,481625950,-0.11109488,0.30064514,-2.1899128
1749910481609,481642617,-0.16522302,0.20424837,-1.929039
1749910481626,481659284,-0.08017499,0.31293267,-1.7836475
1749910481643,481675951,-0.0059441035,0.4344932,-1.7165623
1749910481659,481692618,0.14701878,0.6262507,-1.556076
1749910481676,481709285,0.266007,0.66815865,-1.5457506
1749910481693,481725952,0.28960684,0.82284653,-1.4210463
1749910481709,481742619,0.14191106,0.9400603,-1.1941366
1749910481726,481759286,0.032967042,1.2444005,-0.92520905
1749910481743,481775953,-0.09626725,1.0247154,-0.754014
1749910481759,481792620,-0.20382772,0.87613326,-0.72912025
1749910481776,481809287,-0.14555499,0.83702296,-0.7420683
1749910481793,481825954,-0.16671407,0.71258837,-0.5730505
1749910481809,481842621,-0.14380108,0.58059055,-0.40067196
1749910481826,481859288,-0.16562422,0.4558227,-0.11067867
1749910481843,481875955,-0.15832652,0.31224826,0.1269989
1749910481859,481892622,-0.03762438,0.35719314,0.24022293
1749910481876,481909289,0.033154793,0.4203143,0.23696613
1749910481893,481925956,0.025975559,0.5175315,0.108810425
1749910481909,481942623,-0.04298892,0.66079926,0.038963318
1749910481926,481959290,-0.19343147,0.8733789,-0.08971596
1749910481943,481975957,-0.16324112,0.854123,-0.07396412
1749910481959,481992624,-0.2557178,0.6977404,0.012434959
1749910481976,482009291,-0.28484267,0.6848546,0.19068718
1749910481993,482025958,-0.34576157,0.41832885,0.2319622
1749910482009,482042625,-0.31428826,0.64625126,0.1563673
1749910482026,482059292,-0.23049371,0.68431306,-0.094901085
1749910482043,482075959,-0.14602168,0.7277229,-0.08364391
1749910482059,482092626,-0.12524392,0.7224189,0.11716938
1749910482076,482109293,-0.1537083,0.65325505,0.36371613
1749910482093,482125960,-0.18559062,0.5496351,0.41737938
1749910482109,482142627,-0.18174978,0.5863715,0.2725773
1749910482126,482159294,-0.19710982,0.66211826,0.1214962
1749910482143,482175961,-0.18236825,0.8176933,0.07518864
1749910482159,482192628,-0.19748263,0.93405885,0.11128616
1749910482176,482209295,-0.19079334,0.89488286,0.07734966
1749910482193,482225962,-0.17147958,0.626594,0.058483124
1749910482209,482242629,-0.25128132,0.39926186,0.21531677
1749910482226,482259296,-0.29622328,0.3626654,0.34545994
1749910482243,482275963,-0.31095168,0.51054496,0.32045174
1749910482259,482292630,-0.22888933,0.57382214,0.11154175
1749910482276,482309297,-0.099429965,0.44656748,-0.14191246
1749910482293,482325964,-0.007476508,0.53488016,-0.10739994
1749910482309,482342631,-0.019644776,0.5858105,0.21558094
1749910482326,482359298,-0.03683449,0.5226978,0.22710133
1749910482343,482375965,-0.02612397,0.33409935,-0.09644508
1749910482359,482392632,-0.033130206,0.2977385,-0.45649242
1749910482376,482409299,-0.06405009,0.39356875,-0.70155144
1749910482393,482425966,-0.025461925,0.47074154,-0.6136446
1749910482409,482442633,0.00023312401,0.09443311,-0.29192162
1749910482426,482459300,-0.03248828,-0.11281727,0.07184887
1749910482443,482475967,0.14818752,-0.26353338,-0.19854355
1749910482459,482492634,0.3769899,-0.30217344,-0.8770485
1749910482476,482509301,0.15186633,-0.02616018,-1.132824
1749910482493,482525968,0.065171234,0.3716134,-1.032567
1749910482509,482542635,0.26900008,0.2621161,-0.8063307
1749910482526,482559302,0.43551007,0.015163119,-0.50270367
1749910482543,482575969,0.3654314,-0.23573196,-0.8625393
1749910482559,482592636,0.26026317,-0.32885394,-1.5976505
1749910482576,482609303,0.18911901,-0.35127407,-1.7172174
1749910482593,482625970,0.27816656,-0.39821213,-1.4640455
1749910482609,482642637,0.44502234,-0.49671775,-1.3589315
1749910482626,482659304,0.43956506,-0.2716505,-1.8121729
1749910482643,482675971,-0.030472191,0.0861914,-2.2304854
1749910482659,482692638,-0.30117777,0.11897963,-2.654912
1749910482676,482709305,-0.28617996,-0.07905083,-2.6894078
1749910482693,482725972,0.017053591,-0.3666779,-2.440967
1749910482709,482742639,0.38385937,-0.4195736,-2.5524745
1749910482726,482759306,0.5883054,-0.12587333,-2.726039
1749910482743,482775973,0.23871675,-0.14003791,-2.581501
1749910482759,482792640,-0.0021030335,-0.014312987,-2.3339248
1749910482776,482809307,0.12851146,0.07482699,-2.305132
1749910482793,482825974,0.43080154,-0.22394735,-2.09543
1749910482809,482842641,0.5349718,-0.48652902,-1.659358
1749910482826,482859308,0.33022073,0.007319714,-1.8848801
1749910482843,482875975,0.13634044,0.48790866,-1.8174925
1749910482859,482892642,0.03147934,0.6371434,-1.0292206
1749910482876,482909309,-0.052468996,0.14246671,-0.23132801
1749910482893,482925976,-0.20774122,-0.26878282,0.29478836
1749910482909,482942643,-0.08363855,-0.2257159,0.14701176
1749910482926,482959310,0.17462575,0.686415,-0.12892342
1749910482943,482975977,0.3609768,0.7629275,0.19636917
1749910482959,482992644,0.12997524,0.82222885,0.50660324
1749910482976,483009311,-0.26793414,1.0682225,0.03903103
1749910482993,483025978,-0.4771456,1.0245726,-0.29338264
1749910483009,483042645,-0.21443453,0.6536033,-0.30886745
1749910483026,483059312,0.095590904,0.4063081,0.024772644
1749910483043,483075979,-0.07639114,0.043793563,0.00023651123
1749910483059,483092646,-0.16071767,0.023711149,0.047620773
1749910483076,483109313,-0.020760553,0.15237571,0.20199299
1749910483093,483125980,0.06663994,0.4115618,0.31472397
1749910483109,483142647,0.08528606,0.4433545,0.32470608
1749910483126,483159314,0.076253906,0.46325698,0.40359497
1749910483143,483175981,0.17700326,0.27198666,0.48550606
1749910483159,483192648,0.14320184,-0.0496391,0.38118458
1749910483176,483209315,0.28255814,-0.30755046,0.2208023
1749910483193,483225982,0.22338556,-0.6856765,0.39962673
1749910483209,483242649,0.5046813,-1.2134523,1.0855904
1749910483226,483259316,0.33064875,-1.1043019,2.370943
1749910483243,483275983,-0.3266481,-0.4919614,3.5305662
1749910483259,483292650,-0.4760084,-0.8913133,4.6084385
1749910483276,483309317,-0.22604088,-1.6662095,4.7729654
1749910483293,483325984,-0.19339637,-1.4653158,2.8129091
1749910483309,483342651,0.034018226,-1.1738762,0.21000195
1749910483326,483359318,0.62806714,-1.0367174,-0.45764542
1749910483343,483375985,1.2102726,-1.0756274,-1.0144253
1749910483359,483392652,1.0269741,-0.88410485,-1.1239567
1749910483376,483409319,0.9042076,-0.45895258,-0.88230705
1749910483393,483425986,0.72162676,-0.39291766,-0.642766
1749910483409,483442653,0.6666218,-0.8083563,-0.44336987
1749910483426,483459320,0.4645699,-1.3817424,0.050149918
1749910483443,483475987,0.20677832,-1.6391698,0.7413597
1749910483459,483492654,-0.06910216,-1.8194577,1.3466234
1749910483476,483509321,-0.27915293,-2.021976,1.5071964
1749910483493,483525988,-0.33182934,-1.836448,1.7135601
1749910483509,483542655,-0.09572814,-1.16122,1.7815084
1749910483526,483559322,0.21359032,-0.4954549,1.1594067
1749910483543,483575989,0.4256983,-0.13849689,0.3534565
1749910483559,483592656,0.6481876,0.31381866,-0.11685085
1749910483576,483609323,0.6800223,0.5045023,-0.20052528
1749910483593,483625990,0.59256613,0.27269363,-0.12665081
1749910483609,483642657,0.34507248,-0.034226093,0.017724037
1749910483626,483659324,0.08960053,-0.72993004,0.40377712
1749910483643,483675991,-0.029717835,-0.9945721,0.629014
1749910483659,483692658,-0.32759312,-1.2998409,0.7083559
1749910483676,483709325,-0.49109486,-1.610473,0.7231941
1749910483693,483725992,-0.41201594,-1.5678278,0.75468445
1749910483709,483742659,-0.3752331,-1.3366457,0.6974821
1749910483726,483759326,-0.19140019,-0.9145042,0.3853531
1749910483743,483775993,-0.06456373,-0.53964454,0.20605946
1749910483759,483792660,0.052032474,-0.25670174,0.123641014
1749910483776,483809327,0.17758775,-0.11904702,0.15447235
1749910483793,483825994,0.25244424,-0.1296279,0.21598434
1749910483809,483842661,0.25042614,-0.22214751,0.2731104
1749910483826,483859328,0.20040776,-0.3363729,0.39482403
1749910483843,483875995,0.16900821,-0.48219678,0.40996933
1749910483859,483892662,0.07665288,-0.51169336,0.32218838
1749910483876,483909329,0.07246983,-0.49548733,0.25340366
1749910483893,483925996,0.08139984,-0.45791724,0.26237583
1749910483909,483942663,0.13794772,-0.38446328,0.26809216
1749910483926,483959330,0.21208496,-0.40593126,0.31242466
1749910483943,483975997,0.23778246,-0.45553258,0.4098873
1749910483959,483992664,0.30330172,-0.51246804,0.48151684
1749910483976,484009331,0.24235107,-0.5697895,0.5177765
1749910483993,484025998,0.25213602,-0.7267343,0.5390997
1749910484009,484042665,0.2755823,-0.6968222,0.47412968
1749910484026,484059332,0.29216942,-0.7191869,0.42412567
1749910484043,484075999,0.31067696,-0.6675418,0.39880657
1749910484059,484092666,0.29278877,-0.7551758,0.43674374
1749910484076,484109333,0.34006065,-0.8331848,0.4650507
1749910484093,484126000,0.29254404,-0.8653273,0.4583807
1749910484109,484142667,0.3091812,-0.78619385,0.2983837
1749910484126,484159334,0.28844526,-0.85458505,0.20871639
1749910484143,484176001,0.31484997,-0.8339181,0.33907127
1749910484159,484192668,0.31609315,-0.9583887,0.47133446
1749910484176,484209335,0.30106434,-1.1046723,0.63166237
1749910484193,484226002,0.29187036,-1.0576401,0.72861004
1749910484209,484242669,0.28666207,-1.4112432,1.2564383
1749910484226,484259336,0.41059887,-1.5579926,1.7641201
1749910484243,484276003,0.8088125,-1.8038377,2.1181107
1749910484259,484292670,1.1351291,-1.9597889,2.4326868
1749910484276,484309337,0.9487917,-2.0484052,2.515891
1749910484293,484326004,0.21628499,-1.8693953,2.0361814
1749910484309,484342671,-0.38577756,-2.0188725,1.7161045
1749910484326,484359338,-0.4376245,-2.2470798,1.4013939
1749910484343,484376005,-0.12693301,-1.5917764,1.157814
1749910484359,484392672,0.07248078,-0.72208387,0.93428135
1749910484376,484409339,0.3909369,-0.11207633,0.89616966
1749910484393,484426006,0.6371306,0.23386765,0.97192
1749910484409,484442673,0.45809093,0.6926423,0.6597147
1749910484426,484459340,0.051184468,1.1545312,0.27827454
1749910484443,484476007,-0.2464512,1.5202928,-0.14109516
1749910484459,484492674,-0.26868314,1.5747623,-0.49341488
1749910484476,484509341,0.19277434,1.3400195,-0.39328384
1749910484493,484526008,0.7554921,0.7076959,0.19307613
1749910484509,484542675,0.61514944,0.08557574,0.48868465
1749910484526,484559342,0.23251449,0.021931985,0.12893581
1749910484543,484576009,-0.11739526,0.07212428,-0.3281374
1749910484559,484592676,-0.21832232,-0.004205173,-0.5479927
1749910484576,484609343,-0.15643805,-0.11616907,-0.558939
1749910484593,484626010,0.0029767456,-0.1725482,-0.5538378
1749910484609,484642677,0.15791078,-0.2388037,-0.7364683
1749910484626,484659344,0.20766723,-0.17038259,-0.8734989
1749910484643,484676011,0.16849054,-0.06137934,-1.1040497
1749910484659,484692678,0.30062404,-0.14137396,-1.4540424
1749910484676,484709345,0.41199473,-0.17659356,-1.447813
1749910484693,484726012,0.43479753,-0.18676564,-1.5997763
1749910484709,484742679,0.36626488,-0.16943578,-1.8951578
1749910484726,484759346,0.22378698,-0.096022286,-2.1774
1749910484743,484776013,0.021405613,-0.087625794,-2.2191195
1749910484759,484792680,-0.22706413,-0.022542175,-2.3981423
1749910484776,484809347,-0.15655205,0.029484041,-2.378129
1749910484793,484826014,-0.093373656,0.096099615,-2.2072382
1749910484809,484842681,0.05843478,-0.10947978,-1.9643927
1749910484826,484859348,0.023831623,-0.20306532,-1.6547737
1749910484843,484876015,0.1365805,-0.3211186,-1.5961065
1749910484859,484892682,0.014322934,0.06364844,-1.9424095
1749910484876,484909349,-0.09196016,0.34903136,-2.182643
1749910484893,484926016,-0.12845781,0.8043763,-2.4074292
1749910484909,484942683,-0.12686215,1.1976452,-2.3948913
1749910484926,484959350,-0.15142556,1.0876323,-2.1656613
1749910484943,484976017,-0.11346166,1.1608211,-1.846992
1749910484959,484992684,-0.1446055,1.220302,-1.3654423
1749910484976,485009351,-0.28161022,1.1877149,-0.9304466
1749910484993,485026018,-0.25534523,1.0619028,-0.50875473
1749910485009,485042685,-0.29389518,0.95156485,-0.3359661
1749910485026,485059352,-0.28098798,0.9963547,-0.30194378
1749910485043,485076019,-0.28537083,0.92820996,-0.43533516
1749910485059,485092686,-0.25407946,0.78438956,-0.42699814
1749910485076,485109353,-0.27017933,0.72532433,0.025342941
1749910485093,485126020,-0.3671614,0.5972275,0.21620846
1749910485109,485142687,-0.15377043,0.7285045,0.26498604
1749910485126,485159354,-0.18417333,0.7073615,0.0053892136
1749910485143,485176021,-0.19638318,0.76918745,-0.0650959
1749910485159,485192688,-0.4402832,0.7354803,0.21270561
1749910485176,485209355,-0.5504098,0.64687645,0.6408529
1749910485193,485226022,-0.5828802,0.3710896,0.7058315
1749910485209,485242689,-0.47796503,0.37025434,0.6418133
1749910485226,485259356,-0.48107788,0.68590873,0.392704
1749910485243,485276023,-0.45712265,0.8300055,0.13397598
1749910485259,485292690,-0.41864267,0.6316324,-0.016263008
1749910485276,485309357,-0.39724264,0.8205449,-0.104608536
1749910485293,485326024,-0.3890889,1.0168009,-0.0741663
1749910485309,485342691,-0.2754949,0.9882209,-0.07137394
1749910485326,485359358,-0.21769871,0.7598104,-0.042696
1749910485343,485376025,-0.21651722,0.6903819,0.049162865
1749910485359,485392692,-0.2726992,0.72003895,0.19339275
1749910485376,485409359,-0.30706725,0.6805366,0.19187164
1749910485393,485426026,-0.20723607,0.5685441,0.030186653
1749910485409,485442693,-0.21775794,0.5890235,0.007730484
1749910485426,485459360,-0.20901836,0.70750344,0.1103096
1749910485443,485476027,-0.10674532,0.6970817,0.21277046
1749910485459,485492694,0.06684557,0.52077603,0.23729324
1749910485476,485509361,0.14974965,0.54908663,0.28622723
1749910485493,485526028,0.038314816,0.59516025,0.36361313
1749910485509,485542695,-0.046866197,0.39010656,0.39206505
1749910485526,485559362,0.07737125,0.030922348,0.37520123
1749910485543,485576029,-0.112598896,-0.042027812,0.4686947
1749910485559,485592696,-0.20120434,0.12387781,0.33434296
1749910485576,485609363,-0.10412217,0.17729159,0.005952835
1749910485593,485626030,-0.0634969,0.30781445,-0.236969
1749910485609,485642697,-0.12108703,0.38788775,-0.35642815
1749910485626,485659364,-0.0398765,0.36470765,-0.2957077
1749910485643,485676031,-0.0646062,0.30675521,-0.16514206
1749910485659,485692698,0.017504193,0.20654407,-0.3109293
1749910485676,485709365,0.09958083,0.06454898,-0.76783085
1749910485693,485726032,0.043262273,0.34452623,-0.99331474
1749910485709,485742699,0.0065840213,0.6574104,-0.8714924
1749910485726,485759366,0.19092096,0.18634811,-0.5665636
1749910485743,485776033,0.2648897,-0.15246512,-0.4607687
1749910485759,485792700,0.24283566,-0.36387932,-0.70383835
1749910485776,485809367,0.25777057,-0.32637832,-1.0378122
1749910485793,485826034,0.16543557,-0.32752493,-1.4404583
1749910485809,485842701,-0.085198894,-0.1859715,-1.5027342
1749910485826,485859368,-0.19122897,-0.11682441,-1.5564651
1749910485843,485876035,0.13136259,-0.23267654,-1.9543381
1749910485859,485892702,0.37958938,-0.20325139,-2.3147984
1749910485876,485909369,0.21834779,0.008433591,-2.4718294
1749910485893,485926036,-0.058283463,0.107774705,-2.3183646
1749910485909,485942703,-0.15295327,-0.24801601,-2.26055
1749910485926,485959370,0.12547772,-0.39325696,-2.142662
1749910485943,485976037,0.48680228,-0.24036482,-2.3192
1749910485959,485992704,0.26458278,-0.21838434,-3.0404315
1749910485976,486009371,-0.16570078,0.17078088,-3.3238273
1749910485993,486026038,-0.3646397,-0.1191656,-2.772777
1749910486009,486042705,0.09344831,-0.6779271,-1.3940325
1749910486026,486059372,1.0220492,-1.0549502,-0.86382675
1749910486043,486076039,0.96817476,-0.35990113,-1.1704512
1749910486059,486092706,0.2666715,0.3946604,-2.14536
1749910486076,486109373,-0.24043535,0.4957322,-2.1239824
1749910486093,486126040,-0.12092453,-0.18570082,-0.6417122
1749910486109,486142707,0.34461653,-0.60420334,0.086880684
1749910486126,486159374,0.24096261,-0.39544472,-0.13500977
1749910486143,486176041,-0.15324116,0.3364468,-0.34866142
1749910486159,486192708,-0.32721335,0.44402716,-0.32369518
1749910486176,486209375,-0.36225975,0.17121764,0.13149166
1749910486193,486226042,-0.25962573,0.33491415,0.2979269
1749910486209,486242709,-0.0017311078,0.40353274,0.23994064
1749910486226,486259376,0.36521325,0.80047256,0.25121593
1749910486243,486276043,0.19003674,1.2871205,0.25148392
1749910486259,486292710,-0.45063677,0.86995655,0.2113676
1749910486276,486309377,-0.60996574,0.6149143,0.21587467
1749910486293,486326044,-0.35246494,0.79121184,-0.029341698
1749910486309,486342711,-0.21582858,0.98288894,-0.21697807
1749910486326,486359378,-0.28689966,0.6994097,-0.14431381
1749910486343,486376045,-0.42004722,0.5276636,0.33641148
1749910486359,486392712,-0.14959097,0.06253892,1.0136633
1749910486376,486409379,0.53103685,-0.35425687,1.7273407
1749910486393,486426046,0.6661464,-0.5955129,1.9493351
1749910486409,486442713,0.5267199,-0.5240051,1.5201445
1749910486426,486459380,0.2162975,-1.043105,1.0435677
1749910486443,486476047,0.3345562,-1.4369556,0.80702496
1749910486459,486492714,0.49372828,-1.5651119,0.77573586
1749910486476,486509381,0.33947393,-1.7512336,1.0920591
1749910486493,486526048,0.52303505,-1.1980348,1.5959206
1749910486509,486542715,0.55439526,-0.82270044,2.149846
1749910486526,486559382,0.57932633,-0.7863282,2.2368107
1749910486543,486576049,0.76384926,-0.54045635,1.9253893
1749910486559,486592716,0.77156985,-0.05040709,1.4804201
1749910486576,486609383,0.6819957,-0.0582249,0.86926556
1749910486593,486626050,0.65696204,-0.00570271,0.4525118
1749910486609,486642717,0.47642905,-0.3910082,-0.144454
1749910486626,486659384,0.4351891,-0.63012886,-0.7078419
1749910486643,486676051,0.32289666,-0.6580195,-0.51431274
1749910486659,486692718,0.24415728,-0.7150586,-0.26902485
1749910486676,486709385,0.19243728,-0.74333525,-0.015817642
1749910486693,486726052,0.2519409,-0.75964814,0.35546398
1749910486709,486742719,0.2727667,-0.5924763,0.7681694
1749910486726,486759386,0.17659244,-0.59200716,0.9387884
1749910486743,486776053,0.08005608,-0.6268486,0.66283894
1749910486759,486792720,-0.0936602,-0.7742889,0.37538624
1749910486776,486809387,-0.28093722,-0.7779216,0.41035652
1749910486793,486826054,-0.26597103,-0.61084145,0.48189735
1749910486809,486842721,-0.23066917,-0.43211672,0.30892467
1749910486826,486859388,-0.14458986,-0.30479455,0.12654972
1749910486843,486876055,-0.03958772,-0.11107051,0.16424751
1749910486859,486892722,-0.029146314,-0.1460552,0.20665836
1749910486876,486909389,0.069111995,-0.31273174,0.32987976
1749910486893,486926056,0.008079994,-0.545854,0.3330326
1749910486909,486942723,-0.02940067,-0.72812384,0.3639431
1749910486926,486959390,-0.09319663,-0.755354,0.39627075
1749910486943,486976057,-0.0911421,-0.79554164,0.31670666
1749910486959,486992724,-0.024985172,-0.937897,0.40589237
1749910486976,487009391,0.051624786,-0.6583308,0.40419865
1749910486993,487026058,0.11894264,-0.66802055,0.42248058
1749910487009,487042725,0.19491425,-0.50887394,0.35468102
1749910487026,487059392,0.16475542,-0.4446428,0.32367802
1749910487043,487076059,0.23491971,-0.37918168,0.33864594
1749910487059,487092726,0.25514385,-0.32026434,0.37043095
1749910487076,487109393,0.3006399,-0.30851695,0.3324499
1749910487093,487126060,0.2706695,-0.24404597,0.2927847
1749910487109,487142727,0.24134505,-0.27517283,0.21508026
1749910487126,487159394,0.1925097,-0.26925758,0.18547535
1749910487143,487176061,0.15217969,-0.2730991,0.21008301
1749910487159,487192728,0.14969712,-0.2896672,0.25441933
1749910487176,487209395,0.17974196,-0.33077815,0.34698677
1749910487193,487226062,0.2101272,-0.38227332,0.43438244
1749910487209,487242729,0.22421435,-0.42012277,0.42890358
1749910487226,487259396,0.19635524,-0.45759538,0.41091347
1749910487243,487276063,0.22059767,-0.52892643,0.43981838
1749910487259,487292730,0.27287692,-0.5468946,0.4048319
1749910487276,487309397,0.23768458,-0.55517805,0.42155838
1749910487293,487326064,0.24762017,-0.58777696,0.45554638
1749910487309,487342731,0.25971714,-0.64230627,0.5337715
1749910487326,487359398,0.25035417,-0.68452024,0.5396881
1749910487343,487376065,0.267062,-0.632923,0.5195646
1749910487359,487392732,0.33310336,-0.6075324,0.45052052
1749910487376,487409399,0.34346834,-0.6083629,0.39539433
1749910487393,487426066,0.3523324,-0.69546145,0.33550072
1749910487409,487442733,0.2915123,-0.7952354,0.42936897
1749910487426,487459400,0.31387076,-0.94042516,0.5276747
1749910487443,487476067,0.33544555,-0.9443639,0.51231766
1749910487459,487492734,0.31297246,-1.1259933,0.5233555
1749910487476,487509401,0.35024637,-1.0812032,0.53178215
1749910487493,487526068,0.3567068,-1.2623209,0.6523943
1749910487509,487542735,0.54690427,-1.5846382,1.1715984
1749910487526,487559402,0.8024895,-1.8556291,1.849493
1749910487543,487576069,0.9111783,-2.0478697,2.0374784
1749910487559,487592736,0.90045726,-1.9370831,2.0829334
1749910487576,487609403,0.72319025,-1.7692895,2.261757
1749910487593,487626070,0.6479001,-1.8781489,1.8932428
1749910487609,487642737,0.30068237,-1.2845236,1.6723223
1749910487626,487659404,-0.09867695,-1.1090257,1.4056435
1749910487643,487676071,-0.2971419,-0.9939985,0.9157944
1749910487659,487692738,-0.2683463,-0.4789219,0.5594044
1749910487676,487709405,0.015854668,0.13859099,0.35844135
1749910487693,487726072,0.37662446,0.5256095,0.4438219
1749910487709,487742739,0.16745345,0.5831889,0.3601017
1749910487726,487759406,-0.1439743,1.0936724,-0.057172775
1749910487743,487776073,-0.3786437,1.4664819,-0.066449165
1749910487759,487792740,-0.341079,1.4031439,0.0910511
1749910487776,487809407,-0.0102889715,1.1738255,0.20601273
1749910487793,487826074,0.6122831,0.4586942,0.6794138
1749910487809,487842741,0.8962342,-0.2107582,1.098566
1749910487826,487859408,0.5380471,-0.17083542,0.8181133
1749910487843,487876075,0.10528444,-0.01608824,0.2926302
1749910487859,487892742,-0.24391924,0.22510347,-0.04744339
1749910487876,487909409,-0.38746506,0.61933583,-0.4564848
1749910487893,487926076,-0.32364208,0.7325942,-0.8993511
1749910487909,487942743,-0.09353637,0.7449908,-0.9023571
1749910487926,487959410,-0.006196673,0.57293856,-0.8689413
1749910487943,487976077,0.1529564,0.25153166,-1.017128
1749910487959,487992744,0.44336522,0.12940003,-1.1875305
1749910487976,488009411,0.57215875,0.17548393,-1.1918545
1749910487993,488026078,0.53262556,-0.1693694,-1.2412977
1749910488009,488042745,0.49034542,-0.2950505,-1.3501444
1749910488026,488059412,0.4763745,-0.4274351,-1.5268717
1749910488043,488076079,0.45476416,-0.74750423,-1.6812553
1749910488059,488092746,0.2758541,-0.74461854,-1.7986603
1749910488076,488109413,0.051085003,-0.61432993,-2.0586963
1749910488093,488126080,-0.045249082,-0.4041853,-2.390514
1749910488109,488142747,0.026695717,-0.3561119,-2.5096354
1749910488126,488159414,0.04048289,-0.10996558,-2.408235
1749910488143,488176081,0.08557641,-0.0045050154,-2.454195
1749910488159,488192748,-0.030779298,0.09027688,-2.7203488
1749910488176,488209415,-0.07384533,0.14502738,-2.6567836
1749910488193,488226082,-0.054337565,0.18286924,-2.4068308
1749910488209,488242749,-0.2026793,0.46328983,-2.5581088
1749910488226,488259416,-0.20140372,0.73841786,-2.4540539
1749910488243,488276083,-0.4284721,0.86479944,-2.203208
1749910488259,488292750,-0.37092468,1.0363648,-1.840375
1749910488276,488309417,-0.43687776,1.5093002,-1.5554905
1749910488293,488326084,-0.39475763,1.424915,-1.190937
1749910488309,488342751,-0.3499024,1.2059107,-0.6054249
1749910488326,488359418,-0.3436418,1.1560771,-0.30102825
1749910488343,488376085,-0.38480303,0.8383004,0.0055627823
1749910488359,488392752,-0.459605,0.65313214,0.05691719
1749910488376,488409419,-0.37504646,0.47162554,-0.030970573
1749910488393,488426086,-0.40028867,0.3508474,0.082307816
1749910488409,488442753,-0.39440268,0.5135293,0.18304539
1749910488426,488459420,-0.36298212,0.5188849,0.27309227
1749910488443,488476087,-0.44880307,0.4292727,0.3062744
1749910488459,488492754,-0.48590955,0.571281,0.20407486
1749910488476,488509421,-0.55181104,0.53565437,0.32840443
1749910488493,488526088,-0.50480086,0.46975493,0.5785141
1749910488509,488542755,-0.4178682,0.5859189,0.55127525
1749910488526,488559422,-0.40855485,0.5339606,0.580925
1749910488543,488576089,-0.2671941,0.58324385,0.47026253
1749910488559,488592756,-0.2048626,0.728692,0.344759
1749910488576,488609423,-0.16721742,0.6512754,0.1225729
1749910488593,488626090,-0.2772144,0.7652504,-0.2656479
1749910488609,488642757,-0.38256097,0.74549794,-0.369236
1749910488626,488659424,-0.44150558,0.7881561,-0.2051754
1749910488643,488676091,-0.40971446,0.54789954,-0.03330803
1749910488659,488692758,-0.34380516,0.42973137,0.08954239
1749910488676,488709425,-0.30934125,0.5128402,0.17693329
1749910488693,488726092,-0.28840727,0.63820904,0.2628441
1749910488709,488742759,-0.22796623,0.5989557,0.2435112
1749910488726,488759426,-0.14504762,0.57684916,0.09372616
1749910488743,488776093,-0.19098735,0.685487,0.03328991
1749910488759,488792760,-0.2599525,0.7558987,0.03810501
1749910488776,488809427,-0.28427115,0.76125115,0.041303635
1749910488793,488826094,-0.2996057,0.7678821,0.021678925
1749910488809,488842761,-0.30635893,0.72640014,0.019982338
1749910488826,488859428,-0.2984611,0.77000797,0.078207016
1749910488843,488876095,-0.3140708,0.8516543,0.14570332
1749910488859,488892762,-0.33564427,0.8246066,0.07648659
1749910488876,488909429,-0.2228898,0.8802167,0.038158417
1749910488893,488926096,-0.17329429,0.9361878,0.11618233
1749910488909,488942763,-0.11112371,0.6301161,0.36453724
1749910488926,488959430,-0.03978419,0.359051,0.73816204
1749910488943,488976097,-0.028666431,0.19555551,0.81573486
1749910488959,488992764,-0.10246303,0.24048519,0.45298767
1749910488976,489009431,-0.111043245,0.42360845,0.003129959
1749910488993,489026098,-0.0072304206,0.34443995,-0.25245094
1749910489009,489042765,-0.039879404,0.2807982,-0.18716145
1749910489026,489059432,-0.04430541,0.29195663,0.03277588
1749910489043,489076099,-0.033780854,0.2402838,-0.3055048
1749910489059,489092766,-0.058361243,0.10813333,-1.0265484
1749910489076,489109433,-0.0279684,0.108137354,-1.2979965
1749910489093,489126100,-0.022410303,0.22097228,-0.90522003
1749910489109,489142767,0.13574344,0.0657669,-0.32799053
1749910489126,489159434,0.24312152,-0.335714,-0.17799568
1749910489143,489176101,0.24709581,-0.42544708,-0.6051636
1749910489159,489192768,0.18153007,-0.2481937,-1.6571054
1749910489176,489209435,-0.17360452,0.28683507,-2.1077466
1749910489193,489226102,-0.17514609,0.56658447,-1.5735731
1749910489209,489242769,0.15455295,-0.18830363,-1.0423651
1749910489226,489259436,0.36350134,-0.6224351,-0.7875328
1749910489243,489276103,0.4240698,-0.4549139,-1.2387266
1749910489259,489292770,0.26842946,-0.17958987,-1.9778247
1749910489276,489309437,-0.05241848,0.15610111,-2.1027846
1749910489293,489326104,-0.19156781,0.15802969,-2.039979
1749910489309,489342771,-0.008221254,-0.18012328,-1.7013998
1749910489326,489359438,0.32260138,-0.42475486,-1.0643368
1749910489343,489376105,0.5775988,-0.49573463,-1.2743301
1749910489359,489392772,0.42450923,-0.078567706,-1.6816092
1749910489376,489409439,0.10942256,0.25615725,-1.5795116
1749910489393,489426106,-0.09904731,0.21702874,-1.3630581
1749910489409,489442773,-0.08007776,-0.19180687,-0.91886234
1749910489426,489459440,0.34601682,-0.3527612,-1.1805153
1749910489443,489476107,0.5039256,-0.23157674,-1.5075464
1749910489459,489492774,0.3285504,0.35110992,-2.167561
1749910489476,489509441,-0.13748595,0.4213149,-2.133522
1749910489493,489526108,-0.39184302,0.26213232,-1.5618649
1749910489509,489542775,-0.37533793,-0.12381165,-1.2791433
1749910489526,489559442,-0.019174058,-0.34912735,-1.3909016
1749910489543,489576109,0.09007997,-0.060561728,-1.3429098
1749910489559,489592776,0.22685269,0.08541469,-1.0177107
1749910489576,489609443,0.3606965,0.26288712,-0.6498995
1749910489593,489626110,0.055222005,0.2706343,-0.52790356
1749910489609,489642777,-0.027583063,0.12783153,-0.8095846
1749910489626,489659444,0.036714237,0.47241083,-0.87376595
1749910489643,489676111,-0.110381424,0.78624034,-1.016861
1749910489659,489692778,-0.27041423,0.92533123,-1.0263662
1749910489676,489709445,-0.32029808,0.95295745,-0.9937048
1749910489693,489726112,-0.41243124,0.8824384,-0.9775505
1749910489709,489742779,-0.28573114,0.4702384,-0.65846634
1749910489726,489759446,-0.0026986955,0.22554536,-0.16373348
1749910489743,489776113,0.009450798,0.6271466,-0.3539467
1749910489759,489792780,-0.439673,0.6702834,-0.41848564
1749910489776,489809447,-0.31104332,0.6813545,0.19708633
1749910489793,489826114,-0.18340288,0.57080674,1.1040659
1749910489809,489842781,0.08845212,0.24762173,1.7059126
1749910489826,489859448,0.47192705,0.17514877,2.1595592
1749910489843,489876115,0.5799012,0.33121312,2.021922
1749910489859,489892782,0.33151397,-0.031040808,1.9579039
1749910489876,489909449,0.40714538,-0.47045922,1.877368
1749910489893,489926116,0.5423023,-1.0495989,2.1737509
1749910489909,489942783,-0.06973291,-1.0393431,2.4476624
1749910489926,489959450,-0.38081378,-1.3311338,2.777525
1749910489943,489976117,0.16098207,-1.5497276,3.3071785
1749910489959,489992784,0.9216016,-1.3317548,2.91325
1749910489976,490009451,0.9375942,-1.1296968,1.0470905
1749910489993,490026118,0.7160946,-0.6379585,0.08512306
1749910490009,490042785,0.71234405,-0.5011891,0.09184456
1749910490026,490059452,0.87068933,-1.1807609,-0.009350777
1749910490043,490076119,0.8598242,-1.1987771,-0.2152214
1749910490059,490092786,0.54529023,-1.2854489,-0.27758408
1749910490076,490109453,0.45989802,-1.4149926,-0.4963541
1749910490093,490126120,0.2797457,-1.374816,-0.4961481
1749910490109,490142787,0.114314586,-1.139526,0.2978859
1749910490126,490159454,-0.08578673,-0.9559059,1.2750006
1749910490143,490176121,-0.1535087,-0.855349,1.6471033
1749910490159,490192788,-0.122750185,-0.76819545,1.346734
1749910490176,490209455,-0.107810356,-0.51257867,0.97983456
1749910490193,490226122,-0.044064462,-0.24817672,0.69660664
1749910490209,490242789,-0.03496011,0.04012393,0.24293518
1749910490226,490259456,-0.06067751,0.12836014,-0.077778816
1749910490243,490276123,0.049306735,0.11613733,-0.097598076
1749910490259,490292790,0.14750245,0.080058314,0.08693409
1749910490276,490309457,0.097087994,-0.036467258,0.1393919
1749910490293,490326124,0.01755292,-0.5343118,0.19566154
1749910490309,490342791,-0.03850905,-0.6228182,0.30051422
1749910490326,490359458,-0.05606711,-0.98796237,0.55251884
1749910490343,490376125,0.03673346,-0.95068485,0.73238754
1749910490359,490392792,0.059454445,-1.0278469,0.68743706
1749910490376,490409459,0.06583373,-0.86883754,0.50648403
1749910490393,490426126,0.08018326,-0.67232585,0.42821026
1749910490409,490442793,0.10731572,-0.42369696,0.38337517
1749910490426,490459460,0.13561,-0.30741793,0.30038738
1749910490443,490476127,0.14854895,-0.26155174,0.2611494
1749910490459,490492794,0.16662645,-0.23693179,0.31320953
1749910490476,490509461,0.15230374,-0.26839995,0.36872482
1749910490493,490526128,0.12413596,-0.33663508,0.31057358
1749910490509,490542795,0.08629411,-0.3843245,0.2937231
1749910490526,490559462,0.056055486,-0.3878446,0.34430695
1749910490543,490576129,0.06518867,-0.3870795,0.4154129
1749910490559,490592796,0.13508385,-0.3724727,0.40906906
1749910490576,490609463,0.13467908,-0.32946748,0.370821
1749910490593,490626130,0.19566838,-0.3626585,0.37185478
1749910490609,490642797,0.26865765,-0.38189894,0.4570818
1749910490626,490659464,0.33244064,-0.44695908,0.52727795
1749910490643,490676131,0.34237692,-0.5024035,0.6500149
1749910490659,490692798,0.32801688,-0.53178406,0.6093006
1749910490676,490709465,0.36543676,-0.64693636,0.5366764
1749910490693,490726132,0.43356216,-0.7512865,0.6223049
1749910490709,490742799,0.4704152,-0.86112636,0.78545856
1749910490726,490759466,0.4586249,-0.7893483,0.87075806
1749910490743,490776133,0.33778664,-0.92736953,0.70768356
1749910490759,490792800,0.31340966,-0.893209,0.68502045
1749910490776,490809467,0.19325757,-0.78991824,0.5373421
1749910490793,490826134,0.21894905,-0.7697232,0.3518467
1749910490809,490842801,0.30350488,-0.60100377,0.15841389
1749910490826,490859468,0.36129728,-0.7288796,0.32785225
1749910490843,490876135,0.6129809,-1.0561217,1.1364403
1749910490859,490892802,0.9322073,-1.8903702,2.5920553
1749910490876,490909469,1.2110562,-2.8785748,3.7783785
1749910490893,490926136,0.9838287,-3.4432466,3.3069868
1749910490909,490942803,0.43679348,-3.115659,2.0893402
1749910490926,490959470,0.09322055,-2.4845405,1.4712
1749910490943,490976137,0.22507128,-1.7980803,1.7215261
1749910490959,490992804,0.39789328,-0.85110223,1.6447201
1749910490976,491009471,0.40733984,-0.38714457,1.4404993
1749910490993,491026138,0.4463337,0.13517706,0.98429775
1749910491009,491042805,0.40211254,0.9027792,0.6991167
1749910491026,491059472,0.06753019,1.0805804,0.4417181
1749910491043,491076139,-0.35310128,1.1311134,0.024829865
1749910491059,491092806,-0.46043825,1.4729631,-0.35104752
1749910491076,491109473,-0.25405914,1.4779347,-0.31584454
1749910491093,491126140,0.04086778,1.4166446,0.08610439
1749910491109,491142807,0.4000636,0.6541554,0.51216507
1749910491126,491159474,0.75863403,-0.112537876,0.84071636
1749910491143,491176141,0.6627436,-0.21532032,0.8569441
1749910491159,491192808,0.30099753,-0.2283985,0.39351177
1749910491176,491209475,-0.06426445,-0.13630088,-0.043418884
1749910491193,491226142,-0.271429,-0.16089244,-0.46852875
1749910491209,491242809,-0.23115687,-0.122442186,-0.77756214
1749910491226,491259476,-0.036706414,-0.10395341,-0.8031635
1749910491243,491276143,0.017422164,0.09342842,-0.83993244
1749910491259,491292810,0.17153859,0.2736877,-1.2240076
1749910491276,491309477,0.54056025,0.4179024,-1.5581102
1749910491293,491326144,0.78337157,0.48141584,-1.5461884
1749910491309,491342811,0.6898857,0.34508052,-1.5652428
1749910491326,491359478,0.4404298,0.17250204,-1.7434235
1749910491343,491376145,0.16664724,-0.07023962,-2.1080565
1749910491359,491392812,-0.020220993,-0.3069454,-2.3542385
1749910491376,491409479,0.00844879,-0.39896125,-2.4076986
1749910491393,491426146,0.13375597,-0.27148643,-2.5781488
1749910491409,491442813,0.053111818,-0.090226926,-2.738634
1749910491426,491459480,-0.066235386,-0.049684808,-2.7507925
1749910491443,491476147,-0.18451956,0.13198686,-2.7230825
1749910491459,491492814,-0.3813008,0.32494503,-2.8435397
1749910491476,491509481,-0.48498556,0.5077886,-3.0588255
1749910491493,491526148,-0.51598257,0.87463367,-3.0362363
1749910491509,491542815,-0.58042204,1.0810788,-2.7401972
1749910491526,491559482,-0.5988493,1.0452937,-2.262838
1749910491543,491576149,-0.6450414,1.2072395,-1.7683973
1749910491559,491592816,-0.5322096,1.1574523,-1.221076
1749910491576,491609483,-0.20355012,1.3053777,-0.563941
1749910491593,491626150,-0.16531935,1.0541909,-0.14890575
1749910491609,491642817,-0.2838771,0.6705373,0.016311646
1749910491626,491659484,-0.33564404,0.4413364,-0.1045351
1749910491643,491676151,-0.43348393,0.17755623,-0.07463646
1749910491659,491692818,-0.47384346,-0.032617915,-0.18022728
1749910491676,491709485,-0.24106453,-0.09923707,-0.1779604
1749910491693,491726152,-0.3037644,0.040228307,0.116568565
1749910491709,491742819,-0.27597725,0.5453575,0.26616096
1749910491726,491759486,-0.25238502,0.727902,-0.027956963
1749910491743,491776153,-0.33414248,0.6536889,0.14501381
1749910491759,491792820,-0.41085905,0.8422428,0.15472317
1749910491776,491809487,-0.37074497,0.9974999,0.1805811
1749910491793,491826154,-0.5499116,0.7056288,0.3069334
1749910491809,491842821,-0.45207998,0.7075631,0.14060307
1749910491826,491859488,-0.45767137,0.65603805,0.113217354
1749910491843,491876155,-0.49944282,0.61932355,0.029763222
1749910491859,491892822,-0.3606538,0.7431848,-0.14954758
1749910491876,491909489,-0.27666613,0.47326097,-0.09623718
1749910491893,491926156,-0.33174956,0.48555642,0.11279011
1749910491909,491942823,-0.34588316,0.40867534,0.33626175
1749910491926,491959490,-0.3223088,0.401402,0.2876835
1749910491943,491976157,-0.36472398,0.5231095,0.22335911
1749910491959,491992824,-0.47749677,0.5704176,-0.015751839
1749910491976,492009491,-0.46353322,0.71729755,-0.13932419
1749910491993,492026158,-0.4865676,0.65873325,-0.20527077
1749910492009,492042825,-0.51234084,0.7089946,-0.17633915
1749910492026,492059492,-0.47912952,0.7024937,-0.106098175
1749910492043,492076159,-0.48106357,0.67830795,0.07640362
1749910492059,492092826,-0.42898238,0.6861358,0.2771883
1749910492076,492109493,-0.39512798,0.694478,0.42236423
1749910492093,492126160,-0.32468253,0.72647196,0.46807766
1749910492109,492142827,-0.31038663,0.80195487,0.3894844
1749910492126,492159494,-0.2863096,0.8789656,0.25378418
1749910492143,492176161,-0.3325276,0.9187382,0.0616045
1749910492159,492192828,-0.36183417,0.910824,-0.059516907
1749910492176,492209495,-0.40623972,0.9673338,-0.12201595
1749910492193,492226162,-0.5026498,1.0553657,0.048784256
1749910492209,492242829,-0.53032047,0.9164027,0.47062397
1749910492226,492259496,-0.28256106,0.5205,0.7428951
1749910492243,492276163,-0.24811369,0.20634829,0.6818619
1749910492259,492292830,-0.30037123,0.3268942,0.54074
1749910492276,492309497,-0.13923024,0.38819528,0.42287445
1749910492293,492326164,-0.09698361,0.40422943,0.4007826
1749910492309,492342831,-0.08280529,0.47214296,0.14277649
1749910492326,492359498,-0.08376193,0.44590342,-0.19364548
1749910492343,492376165,-0.07264394,0.54950505,-0.45788288
1749910492359,492392832,-0.10029987,0.59836084,-0.7113457
1749910492376,492409499,-0.1625489,0.5654775,-1.0538158
1749910492393,492426166,-0.16979587,0.55220586,-1.3604555
1749910492409,492442833,-0.15792978,0.46165136,-1.4496088
1749910492426,492459500,-0.018523859,0.23620547,-1.2867231
1749910492443,492476167,0.21774632,-0.042123474,-1.1854038
1749910492459,492492834,0.42458835,-0.23725498,-1.1109419
1749910492476,492509501,0.33161232,-0.36795172,-1.107419
1749910492493,492526168,0.11540309,-0.16195525,-1.2013531
1749910492509,492542835,0.2506356,-0.17562956,-1.805172
1749910492526,492559502,0.2663311,-0.37879,-1.963275
1749910492543,492576169,0.28882053,-0.23904498,-1.5590801
1749910492559,492592836,0.5233104,-0.33083683,-1.488348
1749910492576,492609503,0.43617055,-0.48780495,-1.5564404
1749910492593,492626170,0.04175155,-0.31036618,-2.0208797
1749910492609,492642837,-0.160894,-0.018673167,-2.6064506
1749910492626,492659504,-0.27008346,0.0032591543,-2.5535316
1749910492643,492676171,-0.22891727,-0.118206166,-1.6695948
1749910492659,492692838,0.12345805,-0.316797,-0.8717241
1749910492676,492709505,0.5258583,-0.37863106,-0.592947
1749910492693,492726172,0.841233,-0.16157427,-1.0687141
1749910492709,492742839,0.762284,0.6143956,-1.580472
1749910492726,492759506,0.43414977,0.9540619,-1.8391333
1749910492743,492776173,0.048366416,0.41868055,-1.513938
1749910492759,492792840,0.15181336,0.019116504,-1.1480713
1749910492776,492809507,0.26062503,-0.15529948,-1.3104515
1749910492793,492826174,0.18815567,-0.062315747,-1.9882903
1749910492809,492842841,0.07404873,0.26154447,-2.0864725
1749910492826,492859508,0.0034865786,0.23414983,-1.5637598
1749910492843,492876175,-0.21347812,0.23621342,-1.3218994
1749910492859,492892842,-0.32120243,0.12899335,-1.2616749
1749910492876,492909509,-0.18619815,-0.16953133,-0.70491886
1749910492893,492926176,-0.017178312,0.039603256,-0.3226509
1749910492909,492942843,-0.1253074,0.60880625,-0.50634193
1749910492926,492959510,-0.3044899,1.1762573,-0.6275101
1749910492943,492976177,-0.25130612,1.059071,-0.060786247
1749910492959,492992844,-0.21996982,0.79305416,0.42747593
1749910492976,493009511,-0.14767568,0.8198406,0.048215866
1749910492993,493026178,-0.20375128,1.1063194,0.01143074
1749910493009,493042845,-0.40998086,1.107089,-0.0105896
1749910493026,493059512,-0.53803813,0.7235517,-0.15024853
1749910493043,493076179,-0.40873837,0.2587927,0.23216343
1749910493059,493092846,0.13337487,-0.106006384,0.7371578
1749910493076,493109513,0.5590021,-0.08000155,0.64683056
1749910493093,493126180,0.59055877,0.15546198,0.40665722
1749910493109,493142847,0.61179835,0.1652827,0.029747963
1749910493126,493159514,0.2546852,0.1131065,-0.1322279
1749910493143,493176181,0.036841642,-0.4303447,0.08714867
1749910493159,493192848,0.14672485,-1.2676077,0.7652855
1749910493176,493209515,0.45069018,-1.6105436,2.2917461
1749910493193,493226182,0.29812247,-0.71610177,4.4702234
1749910493209,493242849,0.34600967,-0.74975455,6.2932625
1749910493226,493259516,0.29380688,-0.7401685,5.6920977
1749910493243,493276183,-0.360766,-0.15472528,2.971757
1749910493259,493292850,0.08039605,-0.13857244,-0.09370804
1749910493276,493309517,0.47424576,-0.21967949,-1.0678034
1749910493293,493326184,0.8327988,-0.43850002,-1.5094862
1749910493309,493342851,1.0869377,-0.48333806,-1.8955717
1749910493326,493359518,0.8808907,-0.45516515,-0.94739914
1749910493343,493376185,0.55174863,-0.22838174,0.17734051
1749910493359,493392852,0.6289474,-0.4330655,0.036408424
1749910493376,493409519,0.68747866,-1.5799563,-0.2697401
1749910493393,493426186,0.48031324,-1.8053763,0.41096592
1749910493409,493442853,0.23902565,-1.576497,1.3401899
1749910493426,493459520,0.056096386,-1.6540799,1.7206907
1749910493443,493476187,-0.041235458,-1.3611796,1.6676235
1749910493459,493492854,-0.13310465,-0.95566654,1.6399755
1749910493476,493509521,-0.094206244,-0.43739027,1.1289749
1749910493493,493526188,-0.07767634,-0.07095374,0.21065521
1749910493509,493542855,-0.032221626,0.1188443,-0.33492947
1749910493526,493559522,0.10234189,0.10238525,-0.17136765
1749910493543,493576189,0.24883229,0.011387985,0.13579464
1749910493559,493592856,0.16340183,-0.20711046,0.36067677
1749910493576,493609523,0.12497503,-0.39773238,0.4956274
1749910493593,493626190,0.07812426,-0.5397905,0.6071205
1749910493609,493642857,0.04109308,-0.7166536,0.63390255
1749910493626,493659524,0.0012632952,-0.9662134,0.48663425
1749910493643,493676191,0.055042524,-0.98939353,0.4009428
1749910493659,493692858,0.06361067,-1.0645616,0.5031462
1749910493676,493709525,0.0056504076,-0.80755454,0.55220413
1749910493693,493726192,0.03801821,-0.55655193,0.53968906
1749910493709,493742859,0.07513992,-0.34759572,0.45389938
1749910493726,493759526,0.108823985,-0.17112376,0.31930637
1749910493743,493776193,0.10618318,-0.123004764,0.2151165
1749910493759,493792860,0.18912885,-0.096297204,0.24210358
1749910493776,493809527,0.19477992,-0.08638709,0.26838875
1749910493793,493826194,0.16946171,-0.14666273,0.24630642
1749910493809,493842861,0.17913736,-0.20589052,0.27139854
1749910493826,493859528,0.14130959,-0.15485895,0.28465748
1749910493843,493876195,0.14702727,-0.20563526,0.31879807
1749910493859,493892862,0.17996258,-0.2117973,0.35332298
1749910493876,493909529,0.22040434,-0.26380184,0.3756132
1749910493893,493926196,0.30626795,-0.36537015,0.4162941
1749910493909,493942863,0.33676696,-0.42864153,0.5624857
1749910493926,493959530,0.31048834,-0.4679445,0.6932583
1749910493943,493976197,0.30468348,-0.537109,0.7557421
1749910493959,493992864,0.32365927,-0.6215801,0.6685066
1749910493976,494009531,0.35025507,-0.60684997,0.5682812
1749910493993,494026198,0.45867005,-0.53046757,0.5521593
1749910494009,494042865,0.47002047,-0.5109459,0.65577316
1749910494026,494059532,0.45050645,-0.5775331,0.7492628
1749910494043,494076199,0.3997165,-0.72599846,0.6093626
1749910494059,494092866,0.38603348,-0.7522465,0.6882305
1749910494076,494109533,0.39602652,-0.84889776,0.5726185
1749910494093,494126200,0.31648338,-0.8695537,0.5255728
1749910494109,494142867,0.3929161,-0.9021273,0.5590029
1749910494126,494159534,0.57452554,-1.0629216,0.7354145
1749910494143,494176201,0.58362406,-1.1290667,0.91604424
1749910494159,494192868,0.6666638,-1.4403155,1.2828646
1749910494176,494209535,0.79634607,-1.5071015,1.4088478
1749910494193,494226202,0.9079583,-1.6871811,1.6492243
1749910494209,494242869,1.2526131,-1.7565329,1.9370155
1749910494226,494259536,1.2940967,-1.754064,2.1909103
1749910494243,494276203,0.849923,-1.6362252,1.933979
1749910494259,494292870,0.38319933,-1.583731,1.7976313
1749910494276,494309537,0.26272205,-1.3109167,1.9358625
1749910494293,494326204,0.24930277,-0.8316841,1.8734045
1749910494309,494342871,-0.06675684,-0.5891462,1.2497349
1749910494326,494359538,-0.38014257,-0.2692634,0.8162279
1749910494343,494376205,-0.1732972,-0.17725025,1.188838
1749910494359,494392872,0.20267774,-0.08355987,1.3465853
1749910494376,494409539,0.1378145,0.42112187,0.8606968
1749910494393,494426206,-0.21885361,1.0202032,0.2297306
1749910494409,494442873,-0.4572807,1.4461128,0.009482384
1749910494426,494459540,-0.43329552,1.5011468,-0.060011864
1749910494443,494476207,0.08389603,1.4214034,0.1686945
1749910494459,494492874,0.7864328,0.9389965,0.8102207
1749910494476,494509541,1.0271397,0.49072438,1.0461788
1749910494493,494526208,0.75894696,0.3882914,0.45159245
1749910494509,494542875,0.3061144,0.09297446,-0.31303024
1749910494526,494559542,0.016865393,0.0127138635,-0.73848057
1749910494543,494576209,-0.012867641,-0.19833533,-0.9377756
1749910494559,494592876,0.123808295,-0.349161,-1.2049732
1749910494576,494609543,0.2572907,-0.10740602,-1.3966599
1749910494593,494626210,0.28021014,-0.05288473,-1.5338278
1749910494609,494642877,0.29615176,-0.04055151,-1.8427863
1749910494626,494659544,0.38859963,0.09861984,-2.0680952
1749910494643,494676211,0.47689575,0.31997165,-2.3738542
1749910494659,494692878,0.4500639,0.5121766,-2.5465503
1749910494676,494709545,0.2718492,0.1981534,-2.5769582
1749910494693,494726212,0.08927845,-0.05725463,-2.6474204
1749910494709,494742879,-0.08014079,-0.055251174,-2.8612099
1749910494726,494759546,-0.18322341,0.00046043668,-2.827958
1749910494743,494776213,-0.29397854,0.056461718,-2.8571382
1749910494759,494792880,-0.25178778,0.30253664,-2.7314458
1749910494776,494809547,-0.30737635,0.51287943,-2.641045
1749910494793,494826214,-0.45717922,0.5070596,-2.486928
1749910494809,494842881,-0.5762155,0.6338691,-2.1339126
1749910494826,494859548,-0.56462616,0.6412455,-1.975451
1749910494843,494876215,-0.46309114,0.7659325,-1.80476
1749910494859,494892882,-0.515897,1.2276672,-1.6454926
1749910494876,494909549,-0.58845776,1.445777,-1.4919167
1749910494893,494926216,-0.61658037,1.664868,-1.3361835
1749910494909,494942883,-0.50608695,1.4671901,-0.7413864
1749910494926,494959550,-0.4097547,0.9249117,-0.34064102
1749910494943,494976217,-0.31313628,1.020327,-0.30600643
1749910494959,494992884,-0.29789135,0.9581395,-0.27527428
1749910494976,495009551,-0.34947592,0.32301578,-0.062091827
1749910494993,495026218,-0.4011284,0.12666434,0.18005562
1749910495009,495042885,-0.46181443,0.24333453,0.21642017
1749910495026,495059552,-0.5399134,0.15732987,0.07999992
1749910495043,495076219,-0.53482807,0.47412485,-0.12798214
1749910495059,495092886,-0.58032477,0.75391793,-0.1635189
1749910495076,495109553,-0.6611446,0.86350554,-0.012866974
1749910495093,495126220,-0.6823661,0.70829123,0.0061388016
1749910495109,495142887,-0.6235587,0.6868001,-0.047214508
1749910495126,495159554,-0.6191492,0.7214285,0.091563225
1749910495143,495176221,-0.63709015,0.52208894,0.21567917
1749910495159,495192888,-0.609622,0.42790192,0.2989912
1749910495176,495209555,-0.6540481,0.52504444,0.32148838
1749910495193,495226222,-0.583321,0.617531,0.31729603
1749910495209,495242889,-0.45541233,0.53994787,0.32327175
1749910495226,495259556,-0.3566773,0.539947,0.30249214
1749910495243,495276223,-0.39999208,0.599061,0.32442665
1749910495259,495292890,-0.5037951,0.67466426,0.33680916
1749910495276,495309557,-0.5085058,0.60940427,0.2965088
1749910495293,495326224,-0.4158264,0.57655233,0.24311638
1749910495309,495342891,-0.36266765,0.5893903,0.2715292
1749910495326,495359558,-0.38612556,0.78261286,0.3043909
1749910495343,495376225,-0.4120041,0.92035145,0.26886272
1749910495359,495392892,-0.37993133,0.89696354,0.1693821
1749910495376,495409559,-0.40800568,0.90507483,0.06864071
1749910495393,495426226,-0.4111123,0.9500693,0.020148277
1749910495409,495442893,-0.34503403,0.8677755,0.08662701
1749910495426,495459560,-0.3560358,0.67565566,0.15583801
1749910495443,495476227,-0.34126383,0.5000595,0.25075912
1749910495459,495492894,-0.3494549,0.45516604,0.32671928
1749910495476,495509561,-0.3090375,0.32789776,0.20917797
1749910495493,495526228,-0.2786205,0.30239135,-0.008353233
1749910495509,495542895,-0.2651219,0.43556798,-0.059981346
1749910495526,495559562,-0.18086669,0.50316185,-0.099993706
1749910495543,495576229,-0.16821653,0.31524333,-0.1302805
1749910495559,495592896,-0.19363375,0.27790236,-0.17954159
1749910495576,495609563,-0.13750696,0.2844761,-0.1987133
1749910495593,495626230,-0.12164447,0.2036308,-0.2079544
1749910495609,495642897,-0.1568272,0.17206049,-0.4919157
1749910495626,495659564,-0.109242626,0.2622824,-0.92975044
1749910495643,495676231,-0.07224341,0.24557815,-1.0274
1749910495659,495692898,0.07618193,0.22248793,-0.7054663
1749910495676,495709565,0.115093306,0.0017331195,-0.25778866
1749910495693,495726232,0.13642158,-0.20110825,-0.35793877
1749910495709,495742899,0.081239134,-0.21706215,-0.7417383
1749910495726,495759566,-0.022870963,0.099532776,-1.036869
1749910495743,495776233,0.07748948,0.0372795,-0.89954567
1749910495759,495792900,0.21640055,-0.09093803,-0.51858044
1749910495776,495809567,0.19584541,-0.1295861,-0.5336895
1749910495793,495826234,0.13492426,-0.044551495,-0.77032757
1749910495809,495842901,0.18535572,-0.14969847,-0.9745207
1749910495826,495859568,0.22882362,-0.11057935,-1.1139326
1749910495843,495876235,-0.024790492,0.19765486,-1.0769005
1749910495859,495892902,0.04886105,0.11485347,-1.1929684
1749910495876,495909569,0.0914586,0.062585525,-1.2451658
1749910495893,495926236,-0.004817598,0.0054617627,-1.4843159
1749910495909,495942903,-0.00042311003,0.09051246,-1.8949032
1749910495926,495959570,0.026821332,0.17186068,-1.9009271
1749910495943,495976237,0.2505777,0.14469525,-1.7452993
1749910495959,495992904,0.4363154,0.27476057,-1.5864592
1749910495976,496009571,0.47436088,-0.14521626,-1.7068539
1749910495993,496026238,0.21989718,-0.5509517,-2.0071683
1749910496009,496042905,-0.09637141,-0.41113877,-2.2527556
1749910496026,496059572,0.08947916,-0.27806666,-2.4742117
1749910496043,496076239,0.3611576,0.1308769,-2.2050714
1749910496059,496092906,0.43415046,0.037045818,-2.2073884
1749910496076,496109573,0.08038666,-0.14255902,-2.3088465
1749910496093,496126240,-0.29726037,-0.31465572,-2.0795627
1749910496109,496142907,-0.11362706,-0.2746715,-1.4824095
1749910496126,496159574,0.22092065,-0.14412495,-0.50344276
1749910496143,496176241,0.5593597,0.063740864,-0.21797848
1749910496159,496192908,0.3618219,0.118396156,-0.13709354
1749910496176,496209575,-0.008913697,0.3951843,-0.004998207
1749910496193,496226242,-0.3950055,0.30735412,0.398942
1749910496209,496242909,-0.42464936,0.49009585,0.5622244
1749910496226,496259576,-0.13010645,0.97186965,0.23950386
1749910496243,496276243,-0.065232255,1.3681518,-0.069708824
1749910496259,496292910,-0.076540895,1.449499,-0.15266228
1749910496276,496309577,-0.27670568,1.0698452,-0.061455727
1749910496293,496326244,-0.40997395,0.7378965,-0.14637566
1749910496309,496342911,-0.44157845,0.72056496,-0.42992973
1749910496326,496359578,-0.17930835,0.9035256,-0.6015749
1749910496343,496376245,-0.16759738,0.78280383,-0.80447674
1749910496359,496392912,-0.53337836,0.6644323,-0.8892021
1749910496376,496409579,-0.64532995,0.06738647,-0.78248215
1749910496393,496426246,-0.5787676,0.16820635,-0.4391327
1749910496409,496442913,-0.33810583,0.19541179,-0.227314
1749910496426,496459580,-0.010318923,0.16919617,0.21110725
1749910496443,496476247,0.34089303,0.120359264,0.9264555
1749910496459,496492914,0.67642796,0.11754032,1.2384119
1749910496476,496509581,0.83134705,0.13275395,1.3823557
1749910496493,496526248,0.76748043,-0.12798598,1.4101477
1749910496509,496542915,0.7233554,-0.7099885,1.2360573
1749910496526,496559582,0.6816913,-0.9545293,1.589427
1749910496543,496576249,0.56425,-0.89282006,2.3188915
1749910496559,496592916,0.23773418,-0.8565182,2.826744
1749910496576,496609583,0.37923443,-0.84933496,3.235959
1749910496593,496626250,0.59832275,-0.7287146,3.1745415
1749910496609,496642917,0.5997505,-0.24775651,1.9684114
1749910496626,496659584,0.4804724,0.5064213,0.54972553
1749910496643,496676251,0.5310194,0.58951116,0.13538074
1749910496659,496692918,0.7782891,0.4581412,-0.13854313
1749910496676,496709585,0.8730856,-0.05725262,-0.8958149
1749910496693,496726252,0.80846244,-0.31318256,-0.94943905
1749910496709,496742919,0.6106251,-0.41598377,-0.5652008
1749910496726,496759586,0.3993629,-1.065186,-0.43136692
1749910496743,496776253,0.3248003,-1.6426913,-0.08761501
1749910496760,496792920,0.21922262,-1.6651541,0.6920271
1749910496776,496809587,0.101551324,-1.4922029,1.3284502
1749910496793,496826254,0.0040643597,-1.3008753,1.3495369
1749910496810,496842921,-0.00821723,-1.0733076,1.0210838
1749910496826,496859588,-0.018126454,-0.50406885,0.7270613
1749910496843,496876255,-0.052289516,-0.17948069,0.4917755
1749910496860,496892922,-0.056945737,0.035489835,0.268116
1749910496876,496909589,0.09656564,0.24262689,0.06920147
1749910496893,496926256,0.14641619,0.3852011,0.016170502
1749910496910,496942923,0.15930708,0.19657496,0.14716244
1749910496926,496959590,0.226099,-0.1422975,0.3223219
1749910496943,496976257,0.2544579,-0.47299185,0.4441061
1749910496960,496992924,0.2275201,-0.8528785,0.6431093
1749910496976,497009591,0.17014186,-0.80171704,0.4570942
1749910496993,497026258,0.127355,-0.9631888,0.31516266
1749910497010,497042925,0.19280809,-0.9929686,0.37575722
1749910497026,497059592,0.14760706,-0.70715076,0.49240685
1749910497043,497076259,0.14966829,-0.60068524,0.52080727
1749910497060,497092926,0.1830361,-0.42358252,0.45371342
1749910497076,497109593,0.20179689,-0.31636226,0.40294075
1749910497093,497126260,0.23799615,-0.210939,0.38215065
1749910497110,497142927,0.20156354,-0.13280536,0.33907032
1749910497126,497159594,0.21347499,-0.13472155,0.27672577
1749910497143,497176261,0.19212459,-0.12688182,0.26056004
1749910497160,497192928,0.19419834,-0.17262532,0.2771654
1749910497176,497209595,0.21492067,-0.19736753,0.28403568
1749910497193,497226262,0.21315268,-0.27074817,0.27925396
1749910497210,497242929,0.2091746,-0.3386874,0.35705566
1749910497226,497259596,0.25513914,-0.3632812,0.4361725
1749910497243,497276263,0.2954287,-0.47154596,0.5388441
1749910497260,497292930,0.35065427,-0.55048335,0.62100697
1749910497276,497309597,0.36390948,-0.46747488,0.6461201
1749910497293,497326264,0.35329887,-0.47472766,0.5670986
1749910497310,497342931,0.3316919,-0.3597269,0.47210217
1749910497326,497359598,0.35050496,-0.31895074,0.35606098
1749910497343,497376265,0.32804146,-0.30238307,0.25371265
1749910497360,497392932,0.3282565,-0.3418579,0.2534771
1749910497376,497409599,0.31770533,-0.41349876,0.36280727
1749910497393,497426266,0.39182448,-0.52063966,0.3745203
1749910497410,497442933,0.38856208,-0.68061393,0.539691
1749910497426,497459600,0.4311641,-0.76762867,0.54691505
1749910497443,497476267,0.4459602,-0.8342876,0.67346287
1749910497460,497492934,0.5045309,-0.9395975,0.726038
1749910497476,497509601,0.46848762,-0.8325699,0.91532516
1749910497493,497526268,0.65984374,-1.1236405,1.0219269
1749910497510,497542935,0.83838636,-0.9194954,1.2408667
1749910497526,497559602,0.90404373,-1.0478345,1.1552839
1749910497543,497576269,1.0321895,-1.079787,1.6942768
1749910497560,497592936,1.1546576,-1.323436,1.6546144
1749910497576,497609603,0.85814625,-1.3317658,1.697154
1749910497593,497626270,0.558587,-1.2951814,1.4251118
1749910497610,497642937,0.6280759,-1.0919372,1.3095274
1749910497626,497659604,0.33665654,-0.49357873,1.349227
1749910497643,497676271,0.11605575,-0.22339495,0.896204
1749910497660,497692938,-0.08629791,0.091701105,0.57240677
1749910497676,497709605,-0.18652,0.34763506,0.5653963
1749910497693,497726272,-0.16398363,0.48659196,0.59966755
1749910497710,497742939,0.085752755,0.6597643,0.6796818
1749910497726,497759606,0.19575377,0.9754345,0.556057
1749910497743,497776273,-0.11355978,0.8976797,0.469285
1749910497760,497792940,-0.38760656,1.114343,0.31285572
1749910497776,497809607,-0.49151012,1.1514723,0.22354126
1749910497793,497826274,-0.2009918,1.0299009,0.45999813
1749910497810,497842941,0.3580597,0.63513845,0.68713856
1749910497826,497859608,0.7189256,0.1661061,0.7741604
1749910497843,497876275,0.6373179,0.011680117,0.7080126
1749910497860,497892942,0.21333708,-0.06966161,0.27892685
1749910497876,497909609,-0.22745058,-0.10143867,-0.19291401
1749910497893,497926276,-0.3595796,-0.054310296,-0.74528503
1749910497910,497942943,-0.3303716,-0.040352583,-1.1724539
1749910497926,497959610,-0.11311611,-0.118773,-1.2300196
1749910497943,497976277,0.068688884,-0.047199342,-1.1664181
1749910497960,497992944,0.1815513,-0.038603034,-1.2791443
1749910497976,498009611,0.2522753,-0.15380307,-1.4977741
1749910497993,498026278,0.3739899,-0.1542654,-1.3798332
1749910498010,498042945,0.5521595,-0.0017942502,-1.4616795
1749910498026,498059612,0.5570191,0.20585622,-1.6195679
1749910498043,498076279,0.525609,-0.020970432,-1.57372
1749910498060,498092946,0.5260791,-0.2626362,-1.3704329
1749910498076,498109613,0.30525768,-0.31042942,-1.4578619
1749910498093,498126280,0.035629306,-0.4052168,-1.7068415
1749910498110,498142947,-0.0043374924,-0.38565138,-1.8072481
1749910498126,498159614,0.05815293,-0.27826837,-2.0385575
1749910498143,498176281,-0.082040206,-0.23624057,-2.062005
1749910498160,498192948,-0.18329448,-0.23027948,-2.0007749
1749910498176,498209615,-0.28264666,-0.014207489,-2.1877956
1749910498193,498226282,-0.384082,0.22045262,-2.3597832
1749910498210,498242949,-0.32356226,0.095644325,-2.3552437
1749910498226,498259616,-0.28978455,0.3224854,-2.1818419
1749910498243,498276283,-0.3414507,0.3467107,-1.91223
1749910498260,498292950,-0.36727783,0.6871368,-1.5304842
1749910498276,498309617,-0.36378813,0.78911495,-1.2296343
1749910498293,498326284,-0.43326935,0.775981,-0.9663019
1749910498310,498342951,-0.59025747,0.90799457,-0.89168644
1749910498326,498359618,-0.7025484,1.223147,-0.97595406
1749910498343,498376285,-0.80008405,1.1981748,-0.8301163
1749910498360,498392952,-0.67797244,1.022608,-0.64079666
1749910498376,498409619,-0.5671925,0.65575147,-0.526968
1749910498393,498426286,-0.6484748,0.56636393,-0.44329166
1749910498410,498442953,-0.6369131,0.39484814,-0.13642693
1749910498426,498459620,-0.52704424,0.4985823,0.07194424
1749910498443,498476287,-0.3521849,0.280167,0.14191818
1749910498460,498492954,-0.40135127,0.2096319,0.19067287
1749910498476,498509621,-0.47973078,0.28359413,0.15403652
1749910498493,498526288,-0.64882773,0.38052365,0.2355547
1749910498510,498542955,-0.6527481,0.49985164,0.17782497
1749910498526,498559622,-0.66412604,0.4519184,0.23063564
1749910498543,498576289,-0.7647344,0.591789,0.26781178
1749910498560,498592956,-0.67284864,0.5921602,0.35580063
1749910498576,498609623,-0.586876,0.41062704,0.10198116
1749910498593,498626290,-0.52049553,0.4963472,-0.011427879
1749910498610,498642957,-0.5451445,0.6918285,0.107375145
1749910498626,498659624,-0.38818792,0.68372244,0.14659405
1749910498643,498676291,-0.19161318,0.49125645,0.2678156
1749910498660,498692958,-0.23834886,0.542933,0.15674591
1749910498676,498709625,-0.30242866,0.6711435,0.081624985
1749910498693,498726292,-0.3723033,0.5797035,-0.037923813
1749910498710,498742959,-0.4259104,0.5605845,-0.12824917
1749910498726,498759626,-0.43665132,0.5549908,-0.03613472
1749910498743,498776293,-0.5018505,0.5424226,0.20858288
1749910498760,498792960,-0.46849656,0.52334934,0.36562824
1749910498776,498809627,-0.43357402,0.605465,0.270957
1749910498793,498826294,-0.4157113,0.69045097,0.19171047
1749910498810,498842961,-0.35797566,0.76982486,0.12488556
1749910498826,498859628,-0.25330678,0.8096483,0.0062999725
1749910498843,498876295,-0.30895257,0.90536416,-0.12743568
1749910498860,498892962,-0.43902192,0.956172,-0.0008058548
1749910498876,498909629,-0.36445397,0.86940795,0.10811615
1749910498893,498926296,-0.38048342,0.7712289,0.14834881
1749910498910,498942963,-0.5164821,0.8778253,0.38947582
1749910498926,498959630,-0.4786217,0.8453062,0.62554646
1749910498943,498976297,-0.38181242,0.64621675,0.57051086
1749910498960,498992964,-0.3757494,0.46029162,0.28721714
1749910498976,499009631,-0.4445972,0.70514685,0.07849884
1749910498993,499026298,-0.33429492,0.71965396,0.39087105
1749910499010,499042965,-0.17411257,0.30362582,0.6829834
1749910499026,499059632,0.123951346,-0.06602103,0.46727276
1749910499043,499076299,0.07916516,0.06888311,0.023424149
1749910499060,499092966,-0.029414752,0.26509038,-0.2013216
1749910499076,499109633,0.04993771,0.27235746,-0.121751785
1749910499093,499126300,0.13557625,0.04608636,-0.2262268
1749910499110,499142967,0.068690225,0.020184562,-0.58619595
1749910499126,499159634,-0.06636457,-0.07558202,-1.0639725
1749910499143,499176301,-0.09507369,-0.17171226,-1.1654701
1749910499160,499192968,0.033003252,-0.26780182,-0.7188616
1749910499176,499209635,0.28805098,-0.43072534,-0.46553993
1749910499193,499226302,0.38458532,-0.56137836,-0.61515903
1749910499210,499242969,0.13915694,-0.1894755,-1.2144976
1749910499226,499259636,0.028086638,-0.0146725075,-1.9199252
1749910499243,499276303,0.13132258,-0.25135204,-2.0342016
1749910499260,499292970,0.23360546,0.031821426,-1.566803
1749910499276,499309637,0.3930929,0.07038523,-1.4605417
1749910499293,499326304,0.41373456,-0.11139607,-1.5457611
1749910499310,499342971,0.22374831,-0.17891888,-1.7602291
1749910499326,499359638,-0.10324935,-0.3835689,-2.1371536
1749910499343,499376305,-0.22481447,-0.41809574,-2.2548304
1749910499360,499392972,0.15312828,-0.009874802,-1.9404569
1749910499376,499409639,0.6245334,0.32926533,-1.5299253
1749910499393,499426306,0.75329006,0.3879624,-1.5465126
1749910499410,499442973,0.2920608,0.31019464,-2.0209422
1749910499426,499459640,-0.08389223,0.06579618,-2.4072332
1749910499443,499476307,-0.11024106,-0.05243044,-2.2106376
1749910499460,499492974,0.021170253,0.22299676,-1.6534357
1749910499476,499509641,0.19921799,0.10105155,-1.0308542
1749910499493,499526308,0.6926687,-0.09569596,-1.0410051
1749910499510,499542975,0.9169648,0.22894096,-0.98269844
1749910499526,499559642,0.77820706,0.6973306,-1.5921965
1749910499543,499576309,0.10230814,1.2055765,-1.5493965
1749910499560,499592976,-0.59281224,0.7559277,-1.0447655
1749910499576,499609643,-0.49358633,-0.24103078,-0.8121586
1749910499593,499626310,-0.016653057,-0.34064996,-0.619915
1749910499610,499642977,0.24570914,0.08714546,-0.7839298
1749910499626,499659644,0.15898499,0.7492752,-0.92596245
1749910499643,499676311,-0.2116243,0.9233367,-0.57610893
1749910499660,499692978,-0.78582776,0.24651188,-0.032004356
1749910499676,499709645,-0.6524542,-0.023822905,-0.078988075
1749910499693,499726312,-0.11261611,0.39516923,-0.17235851
1749910499710,499742979,-0.13878478,1.3264935,-0.4387493
1749910499726,499759646,-0.7860204,1.6018188,-0.3603773
1749910499743,499776313,-1.3923346,0.8403987,-0.5447426
1749910499760,499792980,-1.0831186,-0.30017802,0.108226776
1749910499776,499809647,0.3417969,-0.52199394,0.6587019
1749910499793,499826314,0.66777426,0.2763255,0.6029663
1749910499810,499842981,-0.16038172,0.7954741,0.36177158
1749910499826,499859648,-0.8984233,1.2063613,0.74744606
1749910499843,499876315,-0.73179704,0.91027594,1.6122713
1749910499860,499892982,-0.03899407,-0.010907432,2.2932806
1749910499876,499909649,0.44101432,0.28454494,2.0317383
1749910499893,499926316,0.5188254,0.523966,1.3837242
1749910499910,499942983,0.599616,0.20661224,1.026845
1749910499926,499959650,0.3275797,-0.60841095,0.666275
1749910499943,499976317,0.1034485,-1.4396143,0.35963058
1749910499960,499992984,0.14770786,-1.7514073,0.38114548
1749910499976,500009651,0.6624182,-1.6589305,0.86485195
1749910499993,500026318,1.0338588,-1.1654301,1.3279619
1749910500010,500042985,0.8696201,-0.5883889,1.4245987
1749910500026,500059652,0.9566283,-0.6403577,1.4368076
1749910500043,500076319,0.9506243,-0.13874097,1.1962633
1749910500060,500092986,0.8021969,0.031902898,0.7599716
1749910500076,500109653,0.54437786,0.054154955,0.4173317
1749910500093,500126320,0.5802513,-0.010559646,0.40188408
1749910500110,500142987,0.4975224,-0.18809353,0.3212967
1749910500126,500159654,0.40360785,-0.5013038,-0.08953285
1749910500143,500176321,0.2835758,-0.65212387,-0.30599976
1749910500160,500192988,0.2665868,-0.7498211,-0.13572598
1749910500176,500209655,0.1706195,-0.6617526,0.031741142
1749910500193,500226322,0.075656004,-0.47350168,0.13909721
1749910500210,500242989,0.028625304,-0.15710816,0.26239395
1749910500226,500259656,0.001467139,0.064331725,0.3401928
1749910500243,500276323,-0.0141371945,0.13027474,0.44213963
1749910500260,500292990,-0.041240375,-0.03597508,0.3526926
1749910500276,500309657,-0.031533655,-0.23506835,0.40522385
1749910500293,500326324,0.055850524,-0.29014397,0.5207119
1749910500310,500342991,0.007523893,-0.40387493,0.5377979
1749910500326,500359658,0.030601606,-0.5991068,0.4996872
1749910500343,500376325,0.10861344,-0.5977456,0.49587727
1749910500360,500392992,0.1577845,-0.7162774,0.49129677
1749910500376,500409659,0.17937094,-0.71631813,0.5179577
1749910500393,500426326,0.19492118,-0.8217492,0.5164671
1749910500410,500442993,0.25480253,-0.7468384,0.52113724
1749910500426,500459660,0.27425307,-0.79549915,0.55905724
1749910500443,500476327,0.28524992,-0.7218107,0.48526478
1749910500460,500492994,0.24178648,-0.64318514,0.37291622
1749910500476,500509661,0.21498281,-0.58250606,0.34287643
1749910500493,500526328,0.23011017,-0.5053505,0.3986969
1749910500510,500542995,0.24416421,-0.41513887,0.5194731
1749910500526,500559662,0.24371673,-0.3322596,0.5546808
1749910500543,500576329,0.25688702,-0.2847021,0.48555183
1749910500560,500592996,0.22806859,-0.26024106,0.4170971
1749910500576,500609663,0.21173784,-0.2831167,0.3569231
1749910500593,500626330,0.20776781,-0.29120898,0.36663342
1749910500610,500642997,0.23709673,-0.28447232,0.37477207
1749910500626,500659664,0.2802164,-0.29217345,0.42144585
1749910500643,500676331,0.36348483,-0.33183137,0.44180298
1749910500660,500692998,0.37276238,-0.30104,0.46858215
1749910500676,500709665,0.40550882,-0.3053482,0.5215502
1749910500693,500726332,0.4441046,-0.29796332,0.52801514
1749910500710,500742999,0.5161357,-0.33676025,0.5506773
1749910500726,500759666,0.5193033,-0.33014628,0.6982508
1749910500743,500776333,0.5951292,-0.46451288,0.74167633
1749910500760,500793000,0.53020537,-0.5813715,0.69839096
1749910500776,500809667,0.58855295,-0.71271265,0.6238308
1749910500793,500826334,0.6730503,-0.66746265,0.59262085
1749910500810,500843001,0.7255977,-0.71299404,0.55844784
1749910500826,500859668,0.72886455,-0.8708152,0.6446638
1749910500843,500876335,0.7784205,-0.99065727,0.75634
1749910500860,500893002,0.7725868,-1.211727,0.7804022
1749910500876,500909669,0.8631216,-1.2705764,1.1713209
1749910500893,500926336,0.9885866,-1.2964559,1.3785458
1749910500910,500943003,1.1146859,-1.4367898,1.7914839
1749910500926,500959670,1.2880923,-1.3249036,1.8431635
1749910500943,500976337,1.2420771,-1.2109528,1.809329
1749910500960,500993004,0.93067306,-1.176818,1.800662
1749910500976,501009671,0.53191346,-0.94129264,1.3761091
1749910500993,501026338,0.19251662,-0.6788095,1.0919876
1749910501010,501043005,0.24952585,-0.7288427,1.2581873
1749910501026,501059672,0.10365994,-0.24550149,0.8243084
1749910501043,501076339,-0.09028269,0.078931816,0.38358784
1749910501060,501093006,0.0996461,0.3291892,0.509799
1749910501076,501109673,0.3984315,0.6125936,0.7959871
1749910501093,501126340,0.28655323,0.6599671,0.60404015
1749910501110,501143007,-0.35969,0.8068634,0.15362453
1749910501126,501159674,-0.89209765,0.9263629,-0.283782
1749910501143,501176341,-1.134926,0.8274206,-0.44263172
1749910501160,501193008,-1.1182601,0.7478813,-0.5056553
1749910501176,501209675,-0.4583314,0.77327996,-0.096242905
1749910501193,501226342,0.35780445,0.4217667,0.35278893
1749910501210,501243009,0.6099789,0.07981826,0.50984573
1749910501226,501259676,0.33565143,0.002078894,0.48980522
1749910501243,501276343,0.0032764764,0.024770824,0.09353542
1749910501260,501293010,-0.18131974,0.15971006,-0.14942074
1749910501276,501309677,-0.24165103,0.27000734,-0.502162
1749910501293,501326344,-0.26295516,0.4126333,-0.8422661
1749910501310,501343011,-0.1719977,0.3518742,-0.95386696
1749910501326,501359678,0.0064351615,0.2599802,-0.86761665
1749910501343,501376345,0.10372968,0.13771427,-0.85449123
1749910501360,501393012,0.13237399,-0.027109886,-0.94627666
1749910501376,501409679,0.25666463,-0.08463072,-1.0441208
1749910501393,501426346,0.41880584,-0.25372577,-1.0792255
1749910501410,501443013,0.42149514,-0.25195432,-1.0788784
1749910501426,501459680,0.5221676,-0.4849851,-1.1274214
1749910501443,501476347,0.4912113,-0.55816716,-1.0622063
1749910501460,501493014,0.29899597,-0.43291664,-1.0997925
1749910501476,501509681,0.123290196,-0.43106598,-1.4063072
1749910501493,501526348,-0.14727761,-0.26324126,-1.5959005
1749910501510,501543015,-0.20777988,-0.14038435,-1.7811642
1749910501526,501559682,-0.20731452,-0.008646823,-1.967062
