timestamp_ms,timestamp_μs,freeAcceleration_m/s²_x,freeAcceleration_m/s²_y,freeAcceleration_m/s²_z
1749911648970,179087261,0.07950227,0.087676644,0.15609074
1749911648987,179103928,0.046743654,0.08724588,0.13702774
1749911649003,179120595,0.10798604,0.02057716,0.2147789
1749911649020,179137262,0.082617655,-0.061607156,0.2478733
1749911649037,179153929,0.099345416,-0.13958082,0.21940517
1749911649053,179170596,0.10664535,-0.17563295,0.14490604
1749911649070,179187263,0.15178546,-0.12588003,0.07800484
1749911649087,179203930,0.0907072,-0.024070054,0.10922241
1749911649103,179220597,0.12478863,-0.034935914,0.058796883
1749911649120,179237264,0.08926856,-0.057234347,0.11133385
1749911649137,179253931,0.11453547,-0.035077844,0.2076149
1749911649153,179270598,0.14747116,0.010469627,0.19605637
1749911649170,179287265,0.3025396,-0.013892056,0.082969666
1749911649187,179303932,0.23572347,0.023429802,0.06982899
1749911649203,179320599,0.12961365,-0.042824857,0.17187977
1749911649220,179337266,0.1796286,0.010462642,0.22225952
1749911649237,179353933,0.13777277,0.035581026,0.12364006
1749911649253,179370600,0.12139905,0.029643405,0.14673615
1749911649270,179387267,0.14021672,0.04381368,0.17273426
1749911649287,179403934,0.07420317,-0.018785818,0.26871014
1749911649303,179420601,0.0670592,-0.08514279,0.23329163
1749911649320,179437268,0.054948818,0.0003933828,0.23725224
1749911649337,179453935,0.19414955,-0.044905428,0.13658619
1749911649353,179470602,-0.031533543,-0.00045764277,0.04520321
1749911649370,179487269,-0.04849337,-0.0033324664,0.098228455
1749911649387,179503936,-0.09168602,0.028213594,0.18208504
1749911649403,179520603,-0.3095799,-0.21228635,0.38425064
1749911649420,179537270,-0.24479732,-0.2728816,0.37491035
1749911649437,179553937,-0.10741547,-0.038491055,0.33887386
1749911649453,179570604,-0.41769552,-0.1792157,0.5320835
1749911649470,179587271,-0.053212848,-0.10167549,0.37272358
1749911649487,179603938,-0.32200438,-0.33345652,0.7077875
1749911649503,179620605,-0.077341296,-0.36240268,0.4773054
1749911649520,179637272,-0.10918055,-0.11144825,0.23094368
1749911649537,179653939,-0.36614898,-0.18073894,0.19208527
1749911649553,179670606,0.07161249,-0.008896151,-0.0104494095
1749911649570,179687273,-0.1103346,-0.062115703,0.15474892
1749911649587,179703940,-0.1607794,-0.2214611,0.23901272
1749911649603,179720607,-0.1573149,-0.3817038,0.35839367
1749911649620,179737274,-0.14172745,-0.4834973,0.4168024
1749911649637,179753941,-0.04018048,-0.58374155,0.5004587
1749911649653,179770608,0.0554135,-0.615322,0.6961422
1749911649670,179787275,0.061202765,-0.5430173,0.9279127
1749911649687,179803942,0.119432025,-0.429073,0.9740944
1749911649703,179820609,-0.30969933,-0.69348127,1.1474895
1749911649720,179837276,-0.06374707,-0.8686325,1.3110294
1749911649737,179853943,0.05550855,-0.963163,1.6937132
1749911649753,179870610,0.12765837,-1.197763,1.9002485
1749911649770,179887277,0.19097343,-1.542722,1.8737211
1749911649787,179903944,0.6453513,-1.2074329,1.6790848
1749911649803,179920611,0.5019545,-1.2467948,1.8543472
1749911649820,179937278,0.25064096,-1.2806102,1.8730927
1749911649837,179953945,0.5359083,-0.9477241,1.5834064
1749911649853,179970612,0.40762505,-0.41573477,1.5912771
1749911649870,179987279,-0.08061386,-0.05694708,1.0746365
1749911649887,180003946,-0.43360084,0.31335565,0.052347183
1749911649903,180020613,-0.2922547,0.9050945,0.16370964
1749911649920,180037280,-0.0426437,1.6453909,0.9190159
1749911649937,180053947,-0.020694394,0.9194245,0.93768406
1749911649953,180070614,-0.23612523,-0.025946166,0.862936
1749911649970,180087281,-0.05124392,0.36254337,1.7333698
1749911649987,180103948,0.2787525,0.27028215,1.070406
1749911650003,180120615,0.16231053,0.3664478,0.95675755
1749911650020,180137282,0.20957826,0.44731736,0.6392422
1749911650037,180153949,0.17287436,0.36807677,0.20492458
1749911650053,180170616,0.25096047,0.31577384,0.113892555
1749911650070,180187283,-0.0028785674,0.13280414,0.21888065
1749911650087,180203950,0.0724501,0.29668137,0.27015114
1749911650103,180220617,0.023768423,0.42177442,0.23883152
1749911650120,180237284,-0.29818997,0.52040833,0.36053467
1749911650137,180253951,-0.3690694,0.6328403,-0.028629303
1749911650153,180270618,-0.36139426,0.5374748,-0.49506855
1749911650170,180287285,-0.2536002,0.47674084,-0.59701633
1749911650187,180303952,0.14446251,0.43998256,-0.6452112
1749911650203,180320619,0.19872816,-0.0014178545,-0.58392715
1749911650220,180337286,-0.017255424,-0.24508554,-0.53916645
1749911650237,180353953,0.1212389,-0.26081762,-0.24941254
1749911650253,180370620,0.25824475,-0.024562957,-0.08192158
1749911650270,180387287,0.011610213,0.013774321,-0.3327713
1749911650287,180403954,-0.28980258,-0.15907338,-0.8123894
1749911650303,180420621,-0.10100472,-0.08995771,-0.8296089
1749911650320,180437288,-0.07625217,-0.31508866,-0.28835392
1749911650337,180453955,0.06508736,-0.25436524,-0.32452965
1749911650353,180470622,-0.055997707,-0.13773058,-0.48323917
1749911650370,180487289,-0.056021623,-0.23941031,-0.7283993
1749911650387,180503956,-0.16534522,-0.16908386,-0.902606
1749911650403,180520623,-0.21032345,0.15498857,-0.7811594
1749911650420,180537290,0.03172269,0.09581039,-0.7549944
1749911650437,180553957,-0.2017338,-0.03915567,-0.733675
1749911650453,180570624,-0.30765146,-0.08907293,-0.60972977
1749911650470,180587291,-0.079483554,0.027052332,-0.74609566
1749911650487,180603958,-0.2428446,-0.055422496,-0.90621185
1749911650503,180620625,-0.4074129,-0.030384015,-1.0960169
1749911650520,180637292,-0.36657247,0.060683545,-0.9846258
1749911650537,180653959,-0.3101316,0.16324738,-0.9183264
1749911650553,180670626,-0.19664742,0.37154168,-1.2904005
1749911650570,180687293,-0.3311352,0.12637468,-1.6145124
1749911650587,180703960,-0.27711365,-0.07018251,-1.4763556
1749911650603,180720627,-0.10405422,-0.073783524,-1.0639334
1749911650620,180737294,0.16931458,-0.15334487,-0.79263115
1749911650637,180753961,-0.14571407,-0.41796723,0.26245308
1749911650653,180770628,-0.03532505,0.09211628,0.46051025
1749911650670,180787295,-0.55108875,0.31116322,0.28935528
1749911650687,180803962,-0.5509948,0.49973172,-0.7695856
1749911650703,180820629,-0.35145053,0.46725863,-1.228075
1749911650720,180837296,-0.34981528,0.38559684,-1.0108709
1749911650737,180853963,-0.28000715,0.1639956,-1.0242243
1749911650753,180870630,-0.15561241,0.015236319,-1.0024767
1749911650770,180887297,-0.2433005,0.10411848,-0.8143263
1749911650787,180903964,-0.1932872,-0.08020617,-0.64639187
1749911650803,180920631,0.0976047,0.1794048,-0.44001293
1749911650820,180937298,-0.17308307,0.029574564,-0.20051765
1749911650837,180953965,-0.1559964,0.3084234,0.13100243
1749911650853,180970632,-0.45045516,0.073756814,-0.19570541
1749911650870,180987299,-0.11668181,0.098940246,-0.5450182
1749911650887,181003966,-0.08288643,0.008082452,-0.7747984
1749911650903,181020633,-0.007999306,-0.060889736,-0.9630842
1749911650920,181037300,0.13781328,-0.15820773,-0.67252064
1749911650937,181053967,-0.56800616,0.12738864,-0.22198296
1749911650953,181070634,-0.259075,0.013276893,-0.075063705
1749911650970,181087301,-0.005043626,0.11711084,0.15088272
1749911650987,181103968,-0.21458791,0.19753394,-0.27702618
1749911651003,181120635,0.1587798,-0.06968318,-1.121027
1749911651020,181137302,-0.09149872,-0.25740513,-0.80020523
1749911651037,181153969,0.23711266,-0.028883908,-1.0135984
1749911651053,181170636,0.15630333,-0.1307391,-0.6095114
1749911651070,181187303,0.47374952,0.026880786,0.08516979
1749911651087,181203970,0.40258482,0.36874563,0.69091225
1749911651103,181220637,0.1851355,0.45984694,0.42455673
1749911651120,181237304,-0.2904071,0.3228572,0.042936325
1749911651137,181253971,0.30269274,0.5024029,-0.37204742
1749911651153,181270638,-0.42650837,0.5195652,-0.1865282
1749911651170,181287305,0.04556373,0.78517956,-0.63302517
1749911651187,181303972,-0.43820977,0.9405069,0.16239643
1749911651203,181320639,-0.19425522,0.27660298,0.16640472
1749911651220,181337306,0.1295024,-0.16961661,0.31947517
1749911651237,181353973,-0.058964312,-0.41135123,0.27632713
1749911651253,181370640,0.7122919,0.56484854,0.41433716
1749911651270,181387307,-0.12579662,1.837994,0.7594843
1749911651287,181403974,-0.67601424,2.2868302,0.115971565
1749911651303,181420641,-1.2325968,2.4109087,-0.90865326
1749911651320,181437308,-1.4709309,2.440178,-1.3917236
1749911651337,181453975,-1.6439162,2.4891655,-1.0037079
1749911651353,181470642,-1.5659041,1.859751,0.3671913
1749911651370,181487309,-0.8718615,0.65245926,1.5315886
1749911651387,181503976,0.8096449,-0.3302185,2.0480728
1749911651403,181520643,2.349484,-1.2579454,0.6618786
1749911651420,181537310,1.9268495,-2.0072103,-0.91723824
1749911651437,181553977,0.8756671,-1.4528464,-1.6964645
1749911651453,181570644,0.08645227,-0.3972027,-0.7943182
1749911651470,181587311,0.17773473,-0.15348311,0.53123665
1749911651487,181603978,-0.3804714,0.2895616,1.3034897
1749911651503,181620645,-0.5366813,0.58530354,1.1678953
1749911651520,181637312,-0.60325134,0.72288626,0.39759636
1749911651537,181653979,-0.6549181,0.7686492,-0.5177889
1749911651553,181670646,-0.75160176,0.7639035,-0.8205061
1749911651570,181687313,-0.8358068,0.8241772,-0.5604172
1749911651587,181703980,-0.64975154,0.87166345,-0.23357677
1749911651603,181720647,-0.25587165,1.0746186,-0.024899483
1749911651620,181737314,-0.30729306,1.228199,0.32548332
1749911651637,181753981,-1.0342057,1.5527395,0.6247902
1749911651653,181770648,-1.4457963,1.8145759,0.35098267
1749911651670,181787315,-0.69537926,2.0171444,0.189394
1749911651687,181803982,-0.54184043,2.1378727,0.9012041
1749911651703,181820649,-1.2887423,0.8982399,1.1909056
1749911651720,181837316,0.31650573,-0.30577406,0.33971977
1749911651737,181853983,0.319201,0.22703138,0.06500816
1749911651753,181870650,0.21867792,0.5944027,-0.010012627
1749911651770,181887317,-0.16633058,0.42687085,-0.068125725
1749911651787,181903984,-0.42532006,0.36378187,-0.028362274
1749911651803,181920651,0.021924721,0.19851583,0.37276077
1749911651820,181937318,0.24464738,0.1447367,0.45141983
1749911651837,181953985,0.4175725,-0.04898845,0.23918915
1749911651853,181970652,0.23091243,-0.28240404,-0.04095459
1749911651870,181987319,0.17645769,-0.46195188,-0.23439407
1749911651887,182003986,0.14543013,-0.27823317,-0.24933243
1749911651903,182020653,0.17621586,-0.10067973,0.008407593
1749911651920,182037320,0.13585705,-0.001656678,0.18917084
1749911651937,182053987,-0.036810964,0.1172587,0.22126293
1749911651953,182070654,-0.18975295,0.08745179,0.14667034
1749911651970,182087321,-0.21230245,0.07278621,-0.05388069
1749911651987,182103988,-0.22159544,0.10309893,-0.22911263
1749911652003,182120655,-0.13212036,0.12499079,-0.077386856
1749911652020,182137322,-0.103942744,0.23253405,0.05089283
1749911652037,182153989,-0.10165895,0.33146927,0.19351959
1749911652053,182170656,-0.085295506,0.36888188,0.32600594
1749911652070,182187323,-0.18358712,0.32711625,0.2633114
1749911652087,182203990,-0.06689564,0.33043396,0.11337948
1749911652103,182220657,0.0182115,0.32694715,0.18472004
1749911652120,182237324,0.08982243,0.34790966,0.27434826
1749911652137,182253991,-0.024346149,0.3058576,0.31078243
1749911652153,182270658,-0.1295224,0.31789073,0.3213663
1749911652170,182287325,-0.17815731,0.3096241,0.1798191
1749911652187,182303992,-0.23798513,0.31586203,0.05195427
1749911652203,182320659,-0.32629696,0.34143025,0.06074047
1749911652220,182337326,-0.4192207,0.33988354,0.055725098
1749911652237,182353993,-0.37843364,0.3885091,-0.008012772
1749911652253,182370660,-0.28184995,0.41734886,0.03741169
1749911652270,182387327,-0.34947956,0.47917345,0.15759277
1749911652287,182403994,-0.3049741,0.52783006,0.26584816
1749911652303,182420661,-0.12853771,0.63810164,0.23694992
1749911652320,182437328,-0.020163495,0.7983162,0.40667343
1749911652337,182453995,-0.33194736,0.6473465,0.39456654
1749911652353,182470662,-0.2998888,0.30927354,0.15474415
1749911652370,182487329,-0.15905221,0.4008022,0.035943985
1749911652387,182503996,-0.07422709,0.48779044,0.2184782
1749911652403,182520663,-0.07466344,0.5482956,0.294899
1749911652420,182537330,-0.124856904,0.6021163,0.31967068
1749911652437,182553997,-0.15971029,0.6211093,0.25810528
1749911652453,182570664,-0.2685507,0.36058128,0.19845295
1749911652470,182587331,-0.28218845,0.21002965,0.10875797
1749911652487,182603998,-0.23435004,0.26831782,0.039284706
1749911652503,182620665,-0.09605598,0.31446987,0.18183231
1749911652520,182637332,-0.12615663,0.20094977,0.17715168
1749911652537,182653999,-0.01538205,0.08410815,-0.000869751
1749911652553,182670666,-0.20137411,0.06806797,0.014378548
1749911652570,182687333,-0.23824453,-0.04660804,-0.0044116974
1749911652587,182704000,-0.43476215,-0.021114487,-0.1409874
1749911652603,182720667,-0.2665374,0.026799204,-0.09205723
1749911652620,182737334,-0.15312761,0.11103553,-0.07723904
1749911652637,182754001,-0.12593307,0.27684146,0.04506588
1749911652653,182770668,-0.03842752,0.39136884,0.2626419
1749911652670,182787335,-0.13759223,0.42881754,0.37547112
1749911652687,182804002,-0.25046358,0.38244766,0.07478237
1749911652703,182820669,-0.36485416,0.25428006,-0.22437
1749911652720,182837336,-0.34535846,0.062302448,-0.18869781
1749911652737,182854003,-0.13364136,0.07241697,0.072125435
1749911652753,182870670,0.15451205,0.100981474,0.26690292
1749911652770,182887337,0.048444923,0.24670433,0.2170639
1749911652787,182904004,0.14429046,0.64790404,0.2815876
1749911652803,182920671,0.15306334,0.5659206,0.56947994
1749911652820,182937338,-0.6314804,0.40188244,0.36214638
1749911652837,182954005,-0.6035864,0.08628941,-0.11060715
1749911652853,182970672,-0.48682654,0.16653246,-0.35276031
1749911652870,182987339,0.0049877474,0.5783411,-0.2916956
1749911652887,183004006,0.45912233,0.5670747,0.21721268
1749911652903,183020673,0.14621122,0.58945185,0.65807915
1749911652920,183037340,0.124496266,0.24639197,0.4729185
1749911652937,183054007,-0.6211122,-0.36879638,-0.9140701
1749911652953,183070674,-0.73361504,-0.49936494,-1.87083
1749911652970,183087341,0.40287015,-0.4296403,-0.796896
1749911652987,183104008,1.1663818,-0.022422262,0.630682
1749911653003,183120675,0.89502645,0.3877532,1.320364
1749911653020,183137342,0.981318,0.10183943,0.9457989
1749911653037,183154009,-0.36277437,-0.37026596,-0.20718575
1749911653053,183170676,-0.0770006,-0.11568416,-1.0285044
1749911653070,183187343,-0.3760164,-0.25446123,-0.66553307
1749911653087,183204010,0.09750389,-0.5530666,-0.5963898
1749911653103,183220677,-0.06545141,-0.6672738,-0.88057613
1749911653120,183237344,0.04076094,-0.6598289,-1.1006937
1749911653137,183254011,-0.26162332,-0.6069074,-0.7762413
1749911653153,183270678,0.29512283,-1.0045363,-0.7797928
1749911653170,183287345,-0.015010906,-1.5949768,-0.66179943
1749911653187,183304012,0.068378314,-1.4998721,-0.7896557
1749911653203,183320679,0.9220219,-0.46115685,-0.24831867
1749911653220,183337346,0.40235907,-0.14146894,-0.17975426
1749911653237,183354013,0.24651082,-0.9679422,-1.580656
1749911653253,183370680,-0.89835584,-0.7949606,-2.332665
1749911653270,183387347,-0.46808055,-0.350704,-2.1094909
1749911653287,183404014,-0.56488585,-0.52660793,-0.6432543
1749911653303,183420681,-0.43686244,-0.090228155,-0.09915733
1749911653320,183437348,-0.076506525,-0.87511367,-0.86610603
1749911653337,183454015,0.37865078,-0.65679777,-1.9968681
1749911653353,183470682,0.13002123,-0.09384538,-2.4818506
1749911653370,183487349,0.35236248,-0.31049058,-1.2451944
1749911653387,183504016,-0.97857964,-0.7818271,0.10049534
1749911653403,183520683,-0.5095644,-0.908592,-0.4188795
1749911653420,183537350,0.19063638,-0.9619505,-1.9156218
1749911653437,183554017,1.2652346,-0.8175221,-2.4998646
1749911653453,183570684,1.0731132,-0.55699193,-2.0189896
1749911653470,183587351,0.11365868,-0.5639738,-0.84966564
1749911653487,183604018,-0.12596129,-0.60246354,0.51423645
1749911653503,183620685,-0.25857455,-0.33757988,0.61114216
1749911653520,183637352,0.2008603,-0.32042763,-0.51278496
1749911653537,183654019,0.057119574,-0.4290063,-0.67051506
1749911653553,183670686,0.11911095,-0.20712766,-0.7339058
1749911653570,183687353,0.060249034,-0.04436039,-0.37100124
1749911653587,183704020,-0.2797819,-0.2439208,-0.04635048
1749911653603,183720687,-0.09608945,-0.23213944,-0.34179497
1749911653620,183737354,0.59769714,-0.38448912,-0.8589468
1749911653637,183754021,1.0459181,-0.42821395,-0.80715466
1749911653653,183770688,0.60920054,-0.35054845,0.21008205
1749911653670,183787355,0.050674967,0.030716268,0.5474682
1749911653687,183804022,-0.026429737,0.039535195,0.08362579
1749911653703,183820689,0.28676948,-0.14164105,-0.31558418
1749911653720,183837356,0.62663233,-0.49915427,-0.3313322
1749911653737,183854023,0.7141233,-0.33511388,-0.17886257
1749911653753,183870690,0.3109128,-0.21767536,-0.07287598
1749911653770,183887357,0.22960804,0.05127454,-0.36065388
1749911653787,183904024,-0.2039606,-0.13880579,-0.6058922
1749911653803,183920691,0.04783278,-0.23955236,-0.4108858
1749911653820,183937358,-0.02094037,-0.119512044,0.2800932
1749911653837,183954025,-0.07379325,-0.05835286,0.2508297
1749911653853,183970692,-0.23868278,-0.093584426,0.6511431
1749911653870,183987359,-0.33778182,-0.041496634,0.366889
1749911653887,184004026,-0.3575081,-0.101524614,0.22623062
1749911653903,184020693,-0.20710108,-0.30627456,0.3427372
1749911653920,184037360,-0.461937,-0.43640324,0.6689348
1749911653937,184054027,-0.6170053,-0.41619152,0.4459257
1749911653953,184070694,-0.6748998,-0.39809468,0.7666826
1749911653970,184087361,-0.32890457,-0.58481294,0.53869057
1749911653987,184104028,-0.14280695,-1.0894897,1.0800734
1749911654003,184120695,0.14835353,-0.994532,0.91602993
1749911654020,184137362,-0.022576205,-1.229886,0.616704
1749911654037,184154029,0.020277264,-0.859066,0.6369333
1749911654053,184170696,0.051616907,-1.3162615,0.2162466
1749911654070,184187363,0.11295171,-1.2523588,0.049954414
1749911654087,184204030,0.063699014,-0.98128915,0.50723934
1749911654103,184220697,0.17583781,-0.7482471,0.59115696
1749911654120,184237364,-0.01679102,-0.66836053,0.56604576
1749911654137,184254031,0.07585516,-0.497549,0.8711901
1749911654153,184270698,0.014035608,-0.6509997,0.747262
1749911654170,184287365,-0.17045729,-0.7676908,1.1298475
1749911654187,184304032,0.40254325,-0.7808505,1.0924149
1749911654203,184320699,0.38258937,-0.75724965,1.527854
1749911654220,184337366,0.25603443,-0.6329028,2.1632748
1749911654237,184354033,-0.07480213,-0.846845,2.4607792
1749911654253,184370700,0.06259095,-0.8315685,2.6406527
1749911654270,184387367,0.16257662,-0.642061,2.3783798
1749911654287,184404034,0.16637176,-0.5893075,1.8600368
1749911654303,184420701,0.026053285,-0.6760161,2.1662025
1749911654320,184437368,0.009440741,-0.32056245,1.5240688
1749911654337,184454035,-0.065498404,-0.26908797,1.0998697
1749911654353,184470702,-0.05677883,-0.32236168,0.66370296
1749911654370,184487369,-0.07258544,-0.38043213,0.34979057
1749911654387,184504036,-0.24541019,-0.57521415,0.05285263
1749911654403,184520703,-0.15852064,-0.54456246,0.17876816
1749911654420,184537370,-0.2058462,-0.403288,0.25123787
1749911654437,184554037,0.04501825,-0.08878365,0.62334824
1749911654453,184570704,0.028202474,-0.15427534,0.26286507
1749911654470,184587371,0.07261886,-0.17820749,0.39452076
1749911654487,184604038,-0.047815457,-0.23848368,0.2086935
1749911654503,184620705,0.122884184,-0.25189096,0.6160984
1749911654520,184637372,0.13579781,-0.13427547,0.024852753
1749911654537,184654039,0.13021483,-0.30717692,0.33409882
1749911654553,184670706,0.050933994,-0.3422418,-0.008701324
1749911654570,184687373,0.10633808,-0.32473075,0.36564636
1749911654587,184704040,0.034261517,-0.29822534,0.2020874
1749911654603,184720707,0.020068334,-0.22222346,0.24660301
1749911654620,184737374,0.059809774,-0.13611318,0.45496178
1749911654637,184754041,0.035119306,-0.17334536,0.3022461
1749911654653,184770708,0.031453915,-0.15940157,0.23937702
1749911654670,184787375,0.023502331,-0.17963362,0.2909994
1749911654687,184804042,0.074220605,-0.13273211,0.16640568
1749911654703,184820709,0.09292021,-0.17308016,0.081228256
1749911654720,184837376,0.102564454,-0.1984295,0.07165432
1749911654737,184854043,0.10987366,-0.24642298,0.1087122
1749911654753,184870710,0.072994776,-0.30720896,0.1667471
1749911654770,184887377,0.100623466,-0.2682564,0.27423286
1749911654787,184904044,0.09437726,-0.21734288,0.3105831
1749911654803,184920711,0.047307856,-0.19354473,0.36826992
1749911654820,184937378,0.04898876,-0.22734705,0.21475315
1749911654837,184954045,0.054883216,-0.21565793,0.28261948
1749911654853,184970712,0.084688894,-0.21799906,0.33618927
1749911654870,184987379,0.10175539,-0.26298586,0.30505753
1749911654887,185004046,0.099474415,-0.28892335,0.22232151
1749911654903,185020713,0.09164629,-0.24372065,0.19247818
1749911654920,185037380,0.11185136,-0.24151263,0.15361214
1749911654937,185054047,0.13605167,-0.17983891,0.172019
1749911654953,185070714,0.11525686,-0.18741907,0.21301842
1749911654970,185087381,0.13836849,-0.16737913,0.19157505
1749911654987,185104048,0.13417438,-0.17441784,0.18121052
1749911655003,185120715,0.118691914,-0.17376289,0.17835426
1749911655020,185137382,0.123381495,-0.16377565,0.16446114
1749911655037,185154049,0.14026242,-0.16437249,0.15142345
1749911655053,185170716,0.13072564,-0.1513285,0.17480469
1749911655070,185187383,0.13479759,-0.15622081,0.18825626
1749911655087,185204050,0.10351293,-0.15931942,0.16739845
1749911655103,185220717,0.11105649,-0.107391216,0.14803219
1749911655120,185237384,0.124152675,-0.12361993,0.15778828
1749911655137,185254051,0.12450979,-0.14818993,0.17557812
1749911655153,185270718,0.16743986,-0.14580527,0.15631676
1749911655170,185287385,0.18402213,-0.13424322,0.2081852
1749911655187,185304052,0.17714256,-0.1655214,0.20548344
1749911655203,185320719,0.16763422,-0.17734574,0.17654324
1749911655220,185337386,0.21040386,-0.14456421,0.11182785
1749911655237,185354053,0.1985402,-0.12928085,0.13967514
1749911655253,185370720,0.1825427,-0.14569038,0.13053131
1749911655270,185387387,0.15626724,-0.10709808,0.154109
1749911655287,185404054,0.13061768,-0.111635834,0.19697475
1749911655303,185420721,0.119352564,-0.09806357,0.20184803
1749911655320,185437388,0.12469017,-0.089255705,0.1410532
1749911655337,185454055,0.12869395,-0.05942986,0.12163639
1749911655353,185470722,0.16169341,-0.064865865,0.08733177
1749911655370,185487389,0.1365996,-0.056542575,0.09381008
1749911655387,185504056,0.16141228,-0.09011752,0.08025265
1749911655403,185520723,0.17520314,-0.11523914,0.10703468
1749911655420,185537390,0.20445949,-0.10696162,0.11149883
1749911655437,185554057,0.21113023,-0.100229524,0.11871338
1749911655453,185570724,0.2070814,-0.10695682,0.17192459
1749911655470,185587391,0.20497362,-0.11532263,0.15768051
1749911655487,185604058,0.20838784,-0.1326541,0.15375233
1749911655503,185620725,0.19529568,-0.1382089,0.16936398
1749911655520,185637392,0.18054137,-0.16166636,0.19409752
1749911655537,185654059,0.1788435,-0.15372786,0.18363285
1749911655553,185670726,0.19137765,-0.121365465,0.15301418
1749911655570,185687393,0.17246388,-0.12464781,0.15762901
1749911655587,185704060,0.17377675,-0.12436708,0.14577484
1749911655603,185720727,0.19973487,-0.1137786,0.17851448
1749911655620,185737394,0.20048687,-0.13711156,0.22126007
1749911655637,185754061,0.21080948,-0.13412806,0.20264816
1749911655653,185770728,0.20189948,-0.1203857,0.18489075
1749911655670,185787395,0.22393058,-0.091039345,0.14428997
1749911655687,185804062,0.20109841,-0.10085424,0.15218544
1749911655703,185820729,0.21369699,-0.10750314,0.14795399
1749911655720,185837396,0.21654443,-0.11574518,0.13655186
1749911655737,185854063,0.22086243,-0.098929346,0.13271809
1749911655753,185870730,0.22290768,-0.10523951,0.14290524
1749911655770,185887397,0.22994147,-0.12622821,0.1856575
1749911655787,185904064,0.22475557,-0.13425876,0.2069664
1749911655803,185920731,0.23576829,-0.13725087,0.18094826
1749911655820,185937398,0.22916052,-0.13093361,0.16594505
1749911655837,185954065,0.25264373,-0.10816748,0.14875317
1749911655853,185970732,0.2434796,-0.11822701,0.12990761
1749911655870,185987399,0.26514253,-0.10104875,0.12869072
1749911655887,186004066,0.25667244,-0.10718245,0.13588428
1749911655903,186020733,0.23292202,-0.09359946,0.19462013
1749911655920,186037400,0.24809983,-0.106414795,0.16226673
1749911655937,186054067,0.25663444,-0.09410292,0.16097641
1749911655953,186070734,0.27651832,-0.09560957,0.16480255
1749911655970,186087401,0.23213373,-0.094974905,0.15605068
1749911655987,186104068,0.2613118,-0.10895966,0.17124653
1749911656003,186120735,0.25611228,-0.11913246,0.18415928
1749911656020,186137402,0.28336823,-0.11981596,0.21856403
1749911656037,186154069,0.28702825,-0.12855795,0.246768
1749911656053,186170736,0.32355773,-0.12943155,0.26290798
1749911656070,186187403,0.30795437,-0.15727171,0.31802368
1749911656087,186204070,0.2868444,-0.13404435,0.33165836
1749911656103,186220737,0.30369827,-0.12139329,0.30285168
1749911656120,186237404,0.28142914,-0.18395904,0.20203114
1749911656137,186254071,0.16902581,-0.21589597,0.43676186
1749911656153,186270738,0.22248709,-0.28111285,0.3262291
1749911656170,186287405,0.31517673,-0.31378677,0.35546494
1749911656187,186304072,0.32287258,-0.28194624,0.35389423
1749911656203,186320739,0.37991726,-0.23452555,0.34622002
1749911656220,186337406,0.34500515,-0.28374803,0.24768543
1749911656237,186354073,0.347308,-0.26317453,0.289423
1749911656253,186370740,0.38349172,-0.23630996,0.3726139
1749911656270,186387407,0.430891,-0.2724909,0.46227074
1749911656287,186404074,0.39979303,-0.35551283,0.4892044
1749911656303,186420741,0.3554019,-0.49352667,0.30776215
1749911656320,186437408,0.3231582,-0.37923443,0.2888527
1749911656337,186454075,0.27648574,-0.19170058,0.4121828
1749911656353,186470742,0.35359588,-0.2496005,0.41925144
1749911656370,186487409,0.33856878,-0.33387852,0.27629852
1749911656387,186504076,0.33487856,-0.45262647,0.34691143
1749911656403,186520743,0.24025111,-0.39803746,0.3577404
1749911656420,186537410,0.41773885,-0.3214913,0.35882187
1749911656437,186554077,0.28815022,-0.35161537,0.3748598
1749911656453,186570744,0.33860123,-0.3891516,0.41689968
1749911656470,186587411,0.24471405,-0.6237967,0.6117525
1749911656487,186604078,0.26762843,-0.7421097,0.752182
1749911656503,186620745,0.31106025,-0.6837553,0.6342983
1749911656520,186637412,0.36894423,-0.8338038,0.5795555
1749911656537,186654079,0.59072226,-0.64217675,1.0514774
1749911656553,186670746,0.90986603,-0.51332736,1.7100191
1749911656570,186687413,0.5398306,-1.1740123,1.7547531
1749911656587,186704080,0.6054648,-1.850239,2.3113213
1749911656603,186720747,0.9246066,-1.3464161,2.8069134
1749911656620,186737414,1.1565428,-1.2847388,2.597062
1749911656637,186754081,1.4772112,-1.8446399,2.0238104
1749911656653,186770748,0.7237389,-1.3685964,1.1234808
1749911656670,186787415,0.11777534,-0.39726657,1.4086523
1749911656687,186804082,-0.33405754,-0.11229123,1.4001036
1749911656703,186820749,0.6586747,-0.4736225,1.1435308
1749911656720,186837416,0.8240506,-0.18487506,1.9319344
1749911656737,186854083,0.3985158,0.031406477,2.1758394
1749911656753,186870750,0.30492163,0.16537522,2.0775337
1749911656770,186887417,0.21854438,0.1297372,1.7161112
1749911656787,186904084,0.0071597905,-0.2565702,1.6874027
1749911656803,186920751,0.33510605,-0.3348368,1.7902918
1749911656820,186937418,0.41151282,-0.3421267,1.5451508
1749911656837,186954085,0.42760688,-0.266523,1.2352114
1749911656853,186970752,0.17292571,-0.46151045,0.4336319
1749911656870,186987419,0.047684252,-0.185232,0.49976826
1749911656887,187004086,0.16046129,-0.044156883,0.6069155
1749911656903,187020753,-0.23293917,-0.22236276,0.7070732
1749911656920,187037420,0.3819851,-0.07677469,0.2760563
1749911656937,187054087,-0.140612,-0.32212675,-0.12610912
1749911656953,187070754,-0.83157337,-0.3649609,0.06338024
1749911656970,187087421,0.07453531,-0.051648032,0.690012
1749911656987,187104088,0.41117108,-0.027419116,-0.15796566
1749911657003,187120755,0.030606467,-0.31010008,-1.4141445
1749911657020,187137422,-0.22018541,-0.15329279,-1.1948175
1749911657037,187154089,-0.1742098,0.006247299,-0.61408806
1749911657053,187170756,-0.23249231,-0.32266632,-0.93167686
1749911657070,187187423,-0.028020311,-0.30534083,-1.487277
1749911657087,187204090,0.31773597,-0.3383709,-1.6633911
1749911657103,187220757,0.23159519,-0.39059415,-1.9782567
1749911657120,187237424,0.12606058,-0.46644115,-1.7766161
1749911657137,187254091,0.2035337,-0.49476358,-1.3984537
1749911657153,187270758,0.33482024,-0.6109149,-1.0796013
1749911657170,187287425,0.3754323,-0.6665903,-0.42202377
1749911657187,187304092,0.23923391,-0.42973763,-0.111834526
1749911657203,187320759,0.032517783,-0.2578813,-0.57185555
1749911657220,187337426,0.12062307,-0.20021956,-1.2001152
1749911657237,187354093,0.30255324,-0.014144682,-1.4223242
1749911657253,187370760,0.21786647,0.022245016,-1.5086632
1749911657270,187387427,-0.028103234,-0.1842909,-1.6682558
1749911657287,187404094,-0.19195108,0.12677555,-1.8205619
1749911657304,187420761,-0.32856762,0.09351502,-1.7557802
1749911657320,187437428,0.14088257,0.060458243,-1.9223738
1749911657337,187454095,0.2798642,0.3515916,-2.0100598
1749911657354,187470762,0.14016218,0.5914684,-1.8646421
1749911657370,187487429,0.19713965,0.6161167,-1.759862
1749911657387,187504096,-0.14230533,0.6382351,-1.7820435
1749911657404,187520763,0.08429087,0.7518891,-2.0215726
1749911657420,187537430,-0.07940029,0.9123146,-1.7517204
1749911657437,187554097,0.22340098,1.0856742,-1.3194456
1749911657454,187570764,-0.3771286,0.8151295,-0.8773298
1749911657470,187587431,0.2558822,0.7346463,-0.9112549
1749911657487,187604098,0.60196006,0.7017708,-0.82225513
1749911657504,187620765,0.61422235,0.7188548,-0.5935154
1749911657520,187637432,0.61690646,0.9802917,-0.27062225
1749911657537,187654099,0.021028547,0.69012517,-0.030742645
1749911657554,187670766,0.12674011,0.45937133,-0.278471
1749911657570,187687433,0.2697183,0.12095884,-0.5335779
1749911657587,187704100,0.50656426,0.13313013,-0.33949184
1749911657604,187720767,0.2592328,0.5736846,0.79619217
1749911657620,187737434,0.615288,0.6195901,1.1831331
1749911657637,187754101,0.32648426,0.44747227,1.0065641
1749911657654,187770768,0.034038343,0.5339282,0.28014183
1749911657670,187787435,-0.09112087,0.36889306,-0.4700327
1749911657687,187804102,-0.059505295,0.034301974,-0.62592316
1749911657704,187820769,0.73712033,0.056612927,-0.5277147
1749911657720,187837436,0.38135335,0.20479442,0.04728985
1749911657737,187854103,0.5208828,-0.13714007,0.40184498
1749911657754,187870770,0.12701939,0.22733256,0.6329012
1749911657770,187887437,-0.08079234,0.55697864,0.35581303
1749911657787,187904104,0.096744455,0.30804744,0.21298122
1749911657804,187920771,-0.25975713,0.28839877,-0.17938805
1749911657820,187937438,-0.025191084,-0.22925265,0.16668224
1749911657837,187954105,0.52224153,0.09778122,-0.1737442
1749911657854,187970772,0.11531263,0.14105657,-0.23528862
1749911657870,187987439,0.30350813,0.19709763,-0.10969734
1749911657887,188004106,0.61467236,0.16004388,0.013010979
1749911657904,188020773,-0.3187112,0.34547156,0.097846985
1749911657920,188037440,0.39073855,0.45479444,0.08316517
1749911657937,188054107,-0.24529295,0.25271717,0.29089546
1749911657954,188070774,0.23220012,0.008604355,-0.06458378
1749911657970,188087441,-0.13985759,0.3436934,0.03855419
1749911657987,188104108,0.32117018,0.42204332,0.028676033
1749911658004,188120775,-0.29235718,0.55889404,0.19205475
1749911658020,188137442,-0.12264385,0.67557013,0.34271526
1749911658037,188154109,-0.010972922,0.52985424,0.4564209
1749911658054,188170776,0.085045174,0.30582082,0.28150368
1749911658070,188187443,0.0056852195,0.24234682,0.078624725
1749911658087,188204110,-0.14249857,0.24878947,-0.23899841
1749911658104,188220777,-0.30399445,0.1721223,-0.2334814
1749911658120,188237444,-0.10710249,0.31166133,0.10346508
1749911658137,188254111,-0.017497823,0.19001764,0.051740646
1749911658154,188270778,-0.1074182,0.27374795,-0.011871338
1749911658170,188287445,-0.080248356,0.47307634,0.17622852
1749911658187,188304112,-0.20502184,0.54381037,0.3206377
1749911658204,188320779,-0.26743734,0.34227198,0.20904827
1749911658220,188337446,-0.109016374,0.16303259,0.25412655
1749911658237,188354113,0.23044471,0.14735773,0.23398304
1749911658254,188370780,0.22659168,0.18361366,-0.06257534
1749911658270,188387447,0.31638694,0.37501797,0.057958603
1749911658287,188404114,0.22917822,0.31115955,0.3342619
1749911658304,188420781,0.24894923,0.048696432,0.6262331
1749911658320,188437448,0.2271737,-0.0413157,0.4177599
1749911658337,188454115,0.18452838,0.16262524,0.197793
1749911658354,188470782,0.29392305,0.13742895,0.020784378
1749911658370,188487449,0.18363406,-0.10256551,-0.026278496
1749911658387,188504116,0.203605,-0.08424583,0.12343788
1749911658404,188520783,0.399719,-0.19358838,0.1994505
1749911658420,188537450,0.4601534,-0.33610213,0.052495003
1749911658437,188554117,0.29769534,-0.08460725,-0.04309368
1749911658454,188570784,0.2549709,-0.038220715,-0.16590214
1749911658470,188587451,0.20017496,-0.05822982,-0.23068905
1749911658487,188604118,0.11715493,-0.19745503,-0.08116245
1749911658504,188620785,0.15469527,-0.21624655,0.07380295
1749911658520,188637452,0.2384681,-0.13343902,0.1821394
1749911658537,188654119,0.24093148,-0.20370156,0.097955704
1749911658554,188670786,0.2369705,-0.14276734,0.029099464
1749911658570,188687453,0.32587317,-0.026002044,0.08487415
1749911658587,188704120,0.3769498,0.069979,0.2717352
1749911658604,188720787,0.29801396,0.06227082,0.33445072
1749911658620,188737454,0.31062904,-0.10844837,0.35962677
1749911658637,188754121,0.26398155,-0.17787127,0.08207512
1749911658654,188770788,0.3172459,-0.042754676,0.011194229
1749911658670,188787455,0.41303986,-0.06295555,0.07817459
1749911658687,188804122,0.31899187,0.07579738,0.13084126
1749911658704,188820789,0.15494633,0.17033476,0.22581768
1749911658720,188837456,0.21831249,-0.024594024,0.16261578
1749911658737,188854123,0.26828194,-0.17589565,0.13071156
1749911658754,188870790,0.42741534,-0.17491129,0.096263885
1749911658770,188887457,0.45500252,-0.0075227753,0.005818367
1749911658787,188904124,0.27578852,0.2231492,0.007949829
1749911658804,188920791,0.20941822,0.4689049,0.34201527
1749911658820,188937458,0.35235208,0.48574093,0.64807034
1749911658837,188954125,-0.024671696,0.092482954,0.21633625
1749911658854,188970792,0.070106626,-0.14970775,-0.2670517
1749911658870,188987459,0.02730166,-0.032250125,-0.1804161
1749911658887,189004126,0.07671434,0.13356955,0.11899948
1749911658904,189020793,0.10365458,0.30035436,0.12716293
1749911658920,189037460,0.22925556,0.47326577,0.13314247
1749911658937,189054127,0.16626269,0.35314667,0.19678688
1749911658954,189070794,-0.07834766,0.19113219,-0.016867638
1749911658970,189087461,-0.12541245,0.12559126,-0.13212872
1749911658987,189104128,-0.22791728,-0.31158432,-0.38331413
1749911659004,189120795,-0.018076275,0.0012844172,-0.20230198
1749911659020,189137462,0.056007095,0.466805,-0.11653805
1749911659037,189154129,0.15261923,0.7990718,0.124079704
1749911659054,189170796,0.5969041,1.3627447,1.0455217
1749911659070,189187463,0.29393014,1.1670519,0.9570999
1749911659087,189204130,-0.9722675,0.023908734,-0.5281191
1749911659104,189220797,-0.6317966,-0.5877512,-1.0261087
1749911659120,189237464,-0.053035937,-0.14545766,-0.32889748
1749911659137,189254131,-0.00804222,0.7265273,0.29873466
1749911659154,189270798,0.16951267,1.9011923,1.4955225
1749911659170,189287465,0.25387195,1.2090625,1.1330338
1749911659187,189304132,-0.9634755,-0.37254915,-1.2507458
1749911659204,189320799,-0.5620877,-0.8380663,-1.779624
1749911659220,189337466,0.6323397,0.16436093,-0.4574871
1749911659237,189354133,0.48402065,1.6785655,0.639905
1749911659254,189370800,0.29750758,2.5115218,1.0256071
1749911659270,189387467,-1.2162281,1.3017926,-0.11470318
1749911659287,189404134,-1.1507653,-0.6081708,-1.6615849
1749911659304,189420801,0.7356796,-1.0547246,-3.1135082
1749911659320,189437468,0.6651855,-0.6688564,-2.1867466
1749911659337,189454135,0.7707317,0.20841913,-0.73071194
1749911659354,189470802,0.41075882,1.439031,-0.051570892
1749911659370,189487469,-0.87429106,1.14334,0.18531513
1749911659387,189504136,-0.5352754,-0.030762311,-0.53616333
1749911659404,189520803,0.4779536,-0.7403463,-1.5845966
1749911659420,189537470,0.25899798,-0.97675395,-1.783638
1749911659437,189554137,1.5209035,-0.44031593,-2.1634703
1749911659454,189570804,-0.16437154,0.3797608,-1.0531054
1749911659470,189587471,-0.94474447,-0.037439983,-0.91479015
1749911659487,189604138,-0.43632752,-1.0802974,-2.2169113
1749911659504,189620805,0.9587749,-1.758024,-3.6272354
1749911659520,189637472,2.3490217,-1.197342,-4.5120854
1749911659537,189654139,1.990711,-0.5581964,-3.396143
1749911659554,189670806,0.19973072,0.32009113,-0.9116783
1749911659570,189687473,-0.5412609,-0.092543304,0.39221
1749911659587,189704140,-1.1163622,-1.0047607,0.33265686
1749911659604,189720807,0.13126172,-1.5384375,-1.8424654
1749911659620,189737474,1.7281,-1.0259105,-2.5881166
1749911659637,189754141,2.08146,-0.016054265,-1.7801809
1749911659654,189770808,0.8690826,0.13721684,-0.41907024
1749911659670,189787475,-0.68910074,0.0061513,1.1103935
1749911659687,189804142,-0.81500804,-1.0653272,0.93957424
1749911659704,189820809,-0.0060960925,-1.0768423,0.058965683
1749911659720,189837476,0.7695236,-0.55811775,-0.850914
1749911659737,189854143,0.85643,-0.2006059,-0.66666603
1749911659754,189870810,0.66847414,-0.098977126,0.094127655
1749911659770,189887477,0.028054005,-0.08966848,0.72729874
1749911659787,189904144,-0.51781696,-0.2364139,1.0805731
1749911659804,189920811,-0.5257238,-0.38283813,0.79148865
1749911659820,189937478,-0.16108377,-0.35455123,0.65200424
1749911659837,189954145,0.38980603,-0.41258124,0.56640816
1749911659854,189970812,0.53823185,-0.29211757,0.9926977
1749911659870,189987479,0.1844868,-0.012586238,1.9334192
1749911659887,190004146,-0.301811,0.20200452,2.2029629
1749911659904,190020813,-0.58360565,-0.123567574,1.482481
1749911659920,190037480,-0.43068442,-0.18988298,0.32575798
1749911659937,190054147,-0.1618615,-0.24238996,0.38353443
1749911659954,190070814,0.18501866,-0.50724185,0.6246033
1749911659970,190087481,0.001676459,-0.6192118,1.0019884
1749911659987,190104148,-0.08490084,-0.39358956,0.56212425
1749911660004,190120815,8.269979E-05,-0.5623598,0.46014023
1749911660020,190137482,0.053419262,-0.71306413,0.7415285
1749911660037,190154149,0.28243488,-0.28786367,0.69165134
1749911660054,190170816,0.56646454,-0.5570425,0.6927824
1749911660070,190187483,0.45465553,-0.64949894,0.6519356
1749911660087,190204150,0.4222972,-0.2716222,0.5554447
1749911660104,190220817,0.7001654,-0.3781609,0.8786516
1749911660120,190237484,0.79906386,-0.33780953,0.45266628
1749911660137,190254151,0.4573779,-0.3067296,0.18679142
1749911660154,190270818,0.28307915,-0.11856837,0.14290142
1749911660170,190287485,0.21334547,0.13376826,0.13496304
1749911660187,190304152,0.1668618,0.14976105,-0.1669159
1749911660204,190320819,0.21688367,-0.076232895,-0.25422192
1749911660220,190337486,0.26289785,0.19112481,0.022576332
1749911660237,190354153,0.579663,0.31745824,0.014142036
1749911660254,190370820,0.42355582,-0.001427242,-0.09906292
1749911660270,190387487,0.68433005,0.0049545,0.08668709
1749911660287,190404154,0.59819186,-0.45952398,0.30766487
1749911660304,190420821,0.5429151,0.027347146,0.47258186
1749911660320,190437488,0.52120674,-0.49662042,1.0918732
1749911660337,190454155,0.4183035,-1.2100148,2.0160217
1749911660354,190470822,0.33234042,-0.6056239,1.9062271
1749911660370,190487489,0.40972143,-1.308157,2.6124525
1749911660387,190504156,0.21204546,-1.4516191,3.011547
1749911660404,190520823,0.12765323,-1.6308407,3.2990189
1749911660420,190537490,0.5693226,-0.15141952,1.151576
1749911660437,190554157,-0.0012264715,-1.3874999,2.013564
1749911660454,190570824,0.54539204,0.046480246,-0.04459095
1749911660470,190587491,-0.19494113,-0.83771485,0.8143873
1749911660487,190604158,0.31869885,-0.34187105,0.19242859
1749911660504,190620825,-0.20537913,-0.3004499,0.76896
1749911660520,190637492,0.029308248,-0.10915803,0.49452305
1749911660537,190654159,0.053069018,-0.218872,0.8105221
1749911660554,190670826,0.08751013,-0.39973068,1.015563
1749911660570,190687493,0.07732632,-0.3071575,0.2724676
1749911660587,190704160,0.093935736,-0.3442989,0.6932812
1749911660604,190720827,0.1624477,-0.3326724,0.47274113
1749911660620,190737494,0.2250358,-0.22368138,0.3755293
1749911660637,190754161,0.21828264,-0.22618113,0.18720055
1749911660654,190770828,0.14611025,-0.29238752,0.24286366
1749911660670,190787495,0.23170504,-0.15470572,0.20211792
1749911660687,190804162,0.23477662,-0.16713779,0.49161434
1749911660704,190820829,0.19632076,-0.1578929,0.43828964
1749911660720,190837496,0.18759146,-0.13876198,0.4695692
1749911660737,190854163,0.18529397,-0.09176,0.3660612
1749911660754,190870830,0.17124009,-0.045087088,0.2904997
1749911660770,190887497,0.1732455,-0.020774579,0.23653221
1749911660787,190904164,0.20209795,-0.05766081,0.24613667
1749911660804,190920831,0.21641967,-0.071401715,0.24698639
1749911660820,190937498,0.2031007,-0.114453554,0.21421814
1749911660837,190954165,0.21650219,-0.119759195,0.13154984
1749911660854,190970832,0.16735521,-0.055459823,0.113043785
1749911660870,190987499,0.16234204,0.017690938,0.11978531
1749911660887,191004166,0.20612186,0.05234271,0.19508648
1749911660904,191020833,0.17477775,0.028199345,0.2523737
1749911660920,191037500,0.21268146,0.010693195,0.20844364
1749911660937,191054167,0.21948318,-0.017847287,0.17396736
1749911660954,191070834,0.24193004,-0.047907766,0.13998222
1749911660970,191087501,0.253669,-0.02245154,0.12290764
1749911660987,191104168,0.20724612,-0.0875997,0.22132778
1749911661004,191120835,0.2208437,-0.10331238,0.30259895
1749911661020,191137502,0.2073028,-0.15285872,0.32549095
1749911661037,191154169,0.1948458,-0.14451957,0.2991047
1749911661054,191170836,0.1746794,-0.0878269,0.2230854
1749911661070,191187503,0.18073504,-0.048647594,0.12308407
1749911661087,191204170,0.18033427,-0.057156175,0.10617638
1749911661104,191220837,0.20133264,-0.059579503,0.1842823
1749911661120,191237504,0.24812095,-0.096875094,0.20128536
1749911661137,191254171,0.22577882,-0.15186097,0.1526432
1749911661154,191270838,0.21847285,-0.07976205,0.15120506
1749911661170,191287505,0.23656668,-0.03475392,0.14147186
1749911661187,191304172,0.20173463,-0.021741105,0.09399986
1749911661204,191320839,0.17626724,-0.009517852,0.08200836
1749911661220,191337506,0.18268049,-0.012003987,0.15965939
1749911661237,191354173,0.21447186,-0.048767287,0.15467739
1749911661254,191370840,0.20331956,0.004575981,0.23282528
1749911661270,191387507,0.21293889,-0.0034736148,0.18231869
1749911661287,191404174,0.23514602,0.0060699414,0.10489082
1749911661304,191420841,0.25423503,-0.008499527,0.11310959
1749911661320,191437508,0.26800746,0.03528085,0.078136444
1749911661337,191454175,0.27086887,0.027248241,0.1000576
1749911661354,191470842,0.28458786,-0.03541205,0.097940445
1749911661370,191487509,0.30767152,-0.019354993,0.09556389
1749911661387,191504176,0.3305626,0.0066653797,0.14182472
1749911661404,191520843,0.29959765,-0.017835999,0.17591572
1749911661420,191537510,0.23636149,-0.033278286,0.21067524
1749911661437,191554177,0.25359735,-0.03541518,0.19140625
1749911661454,191570844,0.22414695,-0.033841316,0.12173271
1749911661470,191587511,0.23910925,0.024011327,0.106451035
1749911661487,191604178,0.21902639,0.023685109,0.12109566
1749911661504,191620845,0.2442753,0.029179616,0.104717255
1749911661520,191637512,0.22903965,0.041123144,0.09627724
1749911661537,191654179,0.20991878,-0.0026600277,0.08064556
1749911661554,191670846,0.19962132,-0.025917891,0.1433115
1749911661570,191687513,0.23319073,-0.046300597,0.18342304
1749911661587,191704180,0.23993076,-0.062283784,0.16688061
1749911661604,191720847,0.22803004,-0.06260184,0.14391899
1749911661620,191737514,0.20654787,-0.063557364,0.15121174
1749911661637,191754181,0.20538862,-0.12148879,0.14897633
1749911661654,191770848,0.23026238,-0.11995181,0.16781425
1749911661670,191787515,0.22316383,-0.13589107,0.19494915
1749911661687,191804182,0.27009094,-0.11382062,0.1891098
1749911661704,191820849,0.22820081,-0.10049936,0.17266464
1749911661720,191837516,0.19418068,-0.056706578,0.16483498
1749911661737,191854183,0.20467909,-0.04495449,0.116443634
1749911661754,191870850,0.22770326,-0.045846976,0.09975338
1749911661770,191887517,0.23295492,-0.08186654,0.10980511
1749911661787,191904184,0.23228025,-0.07351129,0.11293602
1749911661804,191920851,0.26430196,-0.053906742,0.14255047
1749911661820,191937518,0.29040423,-0.0860992,0.15374088
1749911661837,191954185,0.33279303,-0.07593674,0.15838528
1749911661854,191970852,0.34747088,-0.057965737,0.15962315
1749911661870,191987519,0.3605482,-0.041003898,0.12203121
1749911661887,192004186,0.3338718,-0.03677291,0.075699806
1749911661904,192020853,0.28932345,-0.036894612,0.05245304
1749911661920,192037520,0.28679317,-0.041740596,0.11115742
1749911661937,192054187,0.3271302,-0.042069722,0.15583134
1749911661954,192070854,0.35419786,-0.07614718,0.20589256
1749911661970,192087521,0.30567843,-0.07745215,0.2063446
1749911661987,192104188,0.2683644,-0.06540269,0.17591095
1749911662004,192120855,0.23440452,-0.03010753,0.1303606
1749911662020,192137522,0.20665506,0.001665842,0.106835365
1749911662037,192154189,0.21452126,-0.014707153,0.10658836
1749911662054,192170856,0.22148703,-0.044680577,0.12998676
1749911662070,192187523,0.2717493,-0.028505277,0.20100689
1749911662087,192204190,0.29153967,-0.032261748,0.16474152
1749911662104,192220857,0.30670807,-0.0040901755,0.15493965
1749911662120,192237524,0.30759382,-0.027308477,0.14012337
1749911662137,192254191,0.31695032,-0.06250093,0.15890026
1749911662154,192270858,0.27071676,-0.062130902,0.18513775
1749911662170,192287525,0.24888939,-0.07961051,0.18558693
1749911662187,192304192,0.27197123,-0.06911524,0.07335281
1749911662204,192320859,0.24810587,-0.061862797,0.19246006
1749911662220,192337526,0.26482174,-0.07839136,0.1889782
1749911662237,192354193,0.27096722,-0.10316174,0.15628529
1749911662254,192370860,0.32267582,-0.10218476,0.20183372
1749911662270,192387527,0.3023195,-0.12423878,0.16116428
1749911662287,192404194,0.3289172,-0.11836542,0.20581341
1749911662304,192420861,0.3425639,-0.14100103,0.21483707
1749911662320,192437528,0.34763628,-0.16587757,0.23227596
1749911662337,192454195,0.34789166,-0.21685986,0.2984352
1749911662354,192470862,0.34666604,-0.22841437,0.29161167
1749911662370,192487529,0.34192923,-0.19107608,0.25553894
1749911662387,192504196,0.34145325,-0.16652967,0.27646255
1749911662404,192520863,0.32670408,-0.15829042,0.23804283
1749911662420,192537530,0.2673388,-0.15574539,0.21729374
1749911662437,192554197,0.26786107,-0.18522273,0.2955475
1749911662454,192570864,0.31409115,-0.17333274,0.30591297
1749911662470,192587531,0.33968315,-0.18240054,0.29959488
1749911662487,192604198,0.3675486,-0.23721196,0.2793312
1749911662504,192620865,0.4007118,-0.28902248,0.26888943
1749911662520,192637532,0.48184007,-0.22922863,0.29147434
1749911662537,192654199,0.36527583,-0.28780478,0.29861736
1749911662554,192670866,0.36758417,-0.31009024,0.43992138
1749911662570,192687533,0.47184792,-0.39393833,0.40663624
1749911662587,192704200,0.48295987,-0.40706617,0.32595062
1749911662604,192720867,0.4336604,-0.3463272,0.3917055
1749911662620,192737534,0.38246912,-0.3179141,0.39105797
1749911662637,192754201,0.2503543,-0.42678022,0.4609127
1749911662654,192770868,0.35502005,-0.37856087,0.4618988
1749911662670,192787535,0.3885842,-0.3562848,0.5161476
1749911662687,192804202,0.47609422,-0.34299874,0.41487122
1749911662704,192820869,0.47362137,-0.4497493,0.4649744
1749911662720,192837536,0.50017506,-0.4987884,0.81696415
1749911662737,192854203,0.49420235,-0.62478775,1.3093491
1749911662754,192870870,0.59794766,-0.5109058,1.439951
1749911662770,192887537,0.6741029,-1.2355334,1.6375008
1749911662787,192904204,0.89058805,-1.1864601,1.5905828
1749911662804,192920871,0.96399283,-1.3838946,1.9605875
1749911662820,192937538,0.93752587,-1.0308409,1.739294
1749911662837,192954205,1.0338534,-0.9607201,1.4987898
1749911662854,192970872,0.60004354,-0.4882283,1.2879171
1749911662870,192987539,-0.00805306,-0.31484282,1.0944185
1749911662887,193004206,0.12678035,-0.11029135,1.2080851
1749911662904,193020873,0.39333588,-0.07356974,1.5370312
1749911662920,193037540,0.34009755,-0.6246237,1.3588305
1749911662937,193054207,0.33433852,-0.21557444,1.6207533
1749911662954,193070874,0.13683508,0.3317395,2.3534222
1749911662970,193087541,-0.18393306,-0.109230556,1.8862095
1749911662987,193104208,-0.07768953,0.08917966,1.9329414
1749911663004,193120875,0.13398473,-0.12725532,1.1554642
1749911663020,193137542,0.063600615,0.017569907,0.58637714
1749911663037,193154209,-0.18156986,0.031191234,0.21417522
1749911663054,193170876,-0.21276578,-0.05804989,0.22887897
1749911663070,193187543,0.008191749,-0.21471772,0.11034393
1749911663087,193204210,0.3459718,-0.24133477,0.026647568
1749911663104,193220877,0.47563368,-0.31064054,0.1958046
1749911663120,193237544,0.20266356,-0.33925712,-0.19346046
1749911663137,193254211,-0.05893746,-0.051597964,-0.48354244
1749911663154,193270878,0.1157102,-0.108571865,-0.5284443
1749911663170,193287545,0.23954979,-0.3675322,-0.72396564
1749911663187,193304212,0.4459136,-0.28409347,-0.5374546
1749911663204,193320879,0.5107479,-0.25568095,-0.65342426
1749911663220,193337546,0.05658186,-0.22177917,-0.7836294
1749911663237,193354213,-0.045405094,-0.20936571,-0.9497776
1749911663254,193370880,0.013004878,0.0716131,-0.88845634
1749911663270,193387547,0.11597372,0.24929361,-0.7125149
1749911663287,193404214,-0.01925676,-0.00693963,-0.66666794
1749911663304,193420881,0.0018322475,-0.051211514,-0.6730938
1749911663320,193437548,0.14347352,-0.027172918,-0.6113491
1749911663337,193454215,0.31502408,-0.19703181,-0.64974594
1749911663354,193470882,0.45471543,-0.20917214,-0.82872677
1749911663370,193487549,0.5461491,-0.13473517,-0.83529854
1749911663387,193504216,0.4788707,0.04149563,-0.735137
1749911663404,193520883,0.3752738,0.0656167,-0.6893835
1749911663420,193537550,0.121979624,0.1500324,-0.706131
1749911663437,193554217,0.060479924,0.22447383,-0.7515812
1749911663454,193570884,-0.045542777,0.24425139,-1.1543713
1749911663470,193587551,-0.09785811,0.114244625,-0.9972906
1749911663487,193604218,-0.019115275,0.09869483,-1.0720568
1749911663504,193620885,0.25257388,0.046907548,-1.05369
1749911663520,193637552,0.23671955,0.29778787,-1.1191101
1749911663537,193654219,0.22386052,0.2736523,-1.11063
1749911663554,193670886,0.088743694,-0.0064970744,-1.0628719
1749911663570,193687553,0.1218092,0.067131,-0.998024
1749911663587,193704220,0.30371422,0.20644617,-0.96828556
1749911663604,193720887,0.2384833,0.10957432,-0.84516335
1749911663620,193737554,0.30049852,0.036920093,-0.6841335
1749911663637,193754221,0.19080351,-0.008655762,-0.6146679
1749911663654,193770888,0.058810618,-0.066990405,-0.39299583
1749911663670,193787555,-0.18315412,-0.33749494,-0.33796978
1749911663687,193804222,0.030471073,-0.024153033,-0.40200996
1749911663704,193820889,-0.097248025,-0.14465155,-0.22459507
1749911663720,193837556,0.14007926,-0.057488203,-0.23151398
1749911663737,193854223,0.035451055,-0.07852279,0.02842331
1749911663754,193870890,0.0816894,-0.1137976,0.4132614
1749911663770,193887557,0.27350867,-0.33832106,0.2676792
1749911663787,193904224,0.27280873,-0.40886867,0.09499359
1749911663804,193920891,0.20629072,-0.38197494,0.13148975
1749911663820,193937558,0.46135643,-0.2533173,0.39807224
1749911663837,193954225,0.44803262,-0.36505565,0.2092886
1749911663854,193970892,0.32867825,-0.439078,-0.11251545
1749911663870,193987559,0.38861984,-0.2851298,-0.4453678
1749911663887,194004226,0.320805,-0.28019607,-0.66037464
1749911663904,194020893,0.095383815,-0.079113975,-0.8995733
1749911663920,194037560,0.1648398,-0.16046599,-0.86042786
1749911663937,194054227,0.2608565,-0.061392415,-0.84001637
1749911663954,194070894,0.22771075,0.12227455,-0.953269
1749911663970,194087561,0.04349104,0.30493203,-0.99208164
1749911663987,194104228,0.08706456,0.01545458,-0.30408
1749911664004,194120895,0.5404854,0.47409892,-0.18544006
1749911664020,194137562,0.1827661,0.05062099,0.24660015
1749911664037,194154229,0.30512816,0.28121138,-0.3600912
1749911664054,194170896,0.10283663,0.21328098,-0.80016804
1749911664070,194187563,0.09990157,0.28202084,-1.1002913
1749911664087,194204230,0.74386406,-0.13077888,-0.8080263
1749911664104,194220897,0.18193541,0.22057454,-0.32873726
1749911664120,194237564,-0.069558576,0.47560093,-0.02385521
1749911664137,194254231,0.24922153,0.5331454,-0.21791458
1749911664154,194270898,-0.31611237,0.4921268,-0.0863142
1749911664170,194287565,0.07186198,0.7173085,-0.11584854
1749911664187,194304232,-1.2113671,1.3215569,0.14858532
1749911664204,194320899,-0.8706938,1.3702064,-0.075297356
1749911664220,194337566,-1.9384915,1.2808044,0.5162773
1749911664237,194354233,-0.35471094,-0.08488285,0.92094326
1749911664254,194370900,1.0970471,-0.17342527,0.2533331
1749911664270,194387567,0.13566466,0.14686164,0.07564926
1749911664287,194404234,-0.120332114,0.019440934,-0.16875267
1749911664304,194420901,-0.33793092,0.49621475,-0.25001907
1749911664320,194437568,-0.50113237,0.6867904,0.07521248
1749911664337,194454235,-0.1501008,0.37123412,0.3909073
1749911664354,194470902,0.11975545,0.3427598,0.51987743
1749911664370,194487569,0.13958474,0.2845386,0.54949665
1749911664387,194504236,0.36323917,0.044305746,0.42121887
1749911664404,194520903,0.45653716,0.03522631,0.10509014
1749911664420,194537570,0.20579284,0.13929003,-0.055176735
1749911664437,194554237,-0.096544184,0.14673647,0.033132553
1749911664454,194570904,0.06699309,0.122902066,0.14456081
1749911664470,194587571,0.1873547,0.028049422,0.20981312
1749911664487,194604238,0.021975458,0.0110077895,0.19954586
1749911664504,194620905,-0.16549581,0.3132524,0.210845
1749911664520,194637572,-0.24175978,0.36299935,0.19159222
1749911664537,194654239,-0.25028825,0.34329948,0.2575407
1749911664554,194670906,-0.22368272,0.08004659,0.21785545
1749911664570,194687573,-0.05718065,0.041311007,0.050480843
1749911664587,194704240,0.14603275,0.10580902,-0.11338806
1749911664604,194720907,0.122105576,0.13674545,-0.082559586
1749911664620,194737574,0.10761501,0.3097607,0.30028534
1749911664637,194754241,0.017274646,0.28492257,0.32335663
1749911664654,194770908,-0.0033980676,0.106236264,0.11888504
1749911664670,194787575,-0.04804914,0.13246484,0.10995197
1749911664687,194804242,-0.035551857,0.05990125,0.07608223
1749911664704,194820909,-0.09204554,-0.06251199,-0.017575264
1749911664720,194837576,-0.02504608,0.14879102,0.25962353
1749911664737,194854243,0.052193068,0.119226955,0.34688663
1749911664754,194870910,-0.08001809,0.05100588,0.079239845
1749911664770,194887577,-0.12668937,0.2523791,0.091781616
1749911664787,194904244,-0.19290878,0.30441952,0.14489174
1749911664804,194920911,-0.17178066,0.2425158,0.1045866
1749911664820,194937578,-0.15834697,0.19570537,0.072553635
1749911664837,194954245,-0.077395946,0.25562385,0.10146618
1749911664854,194970912,0.017426075,0.25101063,0.23352337
1749911664870,194987579,0.060746796,0.11924248,0.21299553
1749911664887,195004246,0.014831537,0.11712917,-0.015037537
1749911664904,195020913,-0.014144012,0.1605174,-0.11789799
1749911664920,195037580,0.021363592,0.08206826,0.029360771
1749911664937,195054247,-0.042928904,0.0834765,0.21069431
1749911664954,195070914,-0.018769389,0.1364417,0.3447876
1749911664970,195087581,-0.061214164,0.13639654,0.30980492
1749911664987,195104248,-0.085179225,0.20476457,0.17463017
1749911665004,195120915,-0.04355586,0.34290665,0.061691284
1749911665020,195137582,-0.14132847,0.379101,0.117892265
1749911665037,195154249,-0.15331994,0.27576873,0.34412575
1749911665054,195170916,-0.045506343,0.094422154,0.27442837
1749911665070,195187583,-0.034290463,0.21804705,0.18988132
1749911665087,195204250,-0.025388502,0.21208742,0.25423145
1749911665104,195220917,-0.08034967,0.0941022,0.18993282
1749911665120,195237584,0.026556356,0.17565817,0.11209297
1749911665137,195254251,0.058920026,0.36634344,0.16730118
1749911665154,195270918,-0.15886419,0.13400127,0.120251656
1749911665170,195287585,-0.09541254,0.12712076,0.07446003
1749911665187,195304252,-0.025026187,0.37566984,0.080075264
1749911665204,195320919,-0.034464467,0.6665527,0.3176508
1749911665220,195337586,-0.029544612,0.42026538,0.48401833
1749911665237,195354253,-0.56843615,-0.36382276,0.11894226
1749911665254,195370920,0.022519043,0.009627262,-0.045181274
1749911665270,195387587,0.05224224,0.3842789,0.17559242
1749911665287,195404254,-0.051036723,0.40743595,0.14105988
1749911665304,195420921,-0.024607658,0.409136,0.11491871
1749911665320,195437588,-0.015049909,0.52980906,0.08007431
1749911665337,195454255,0.06109112,0.6862342,0.21930313
1749911665354,195470922,-0.022891974,0.40479872,0.22928429
1749911665370,195487589,-0.16738784,0.10471358,-0.22983646
1749911665387,195504256,-0.26528686,0.15054446,-0.4164915
1749911665404,195520923,0.3053112,0.30645236,0.06940365
1749911665420,195537590,0.2334633,0.68228,0.74361324
1749911665437,195554257,-0.109032415,0.84289867,0.7321863
1749911665454,195570924,-0.63559854,0.35642448,-0.32046318
1749911665470,195587591,-0.5651556,-0.21645553,-1.0201712
1749911665487,195604258,0.13389835,-0.36107513,-0.90505123
1749911665504,195620925,0.36265615,0.34207854,0.30795193
1749911665520,195637592,0.5922952,0.99083,0.89572906
1749911665537,195654259,0.31097615,0.3234427,-0.11724281
1749911665554,195670926,-0.0039006365,-0.1831112,-0.8203869
1749911665570,195687593,0.37565666,0.082453035,-0.15132904
1749911665587,195704260,0.64140934,0.86033666,0.2160511
1749911665604,195720927,0.18769556,0.91189396,-0.32173157
1749911665620,195737594,-0.6702711,-0.07189696,-1.1208162
1749911665637,195754261,-1.1308283,-0.6131338,-1.9482031
1749911665654,195770928,-0.57159895,-0.31121027,-1.5840282
1749911665670,195787595,0.2545551,0.15215443,-0.86044216
1749911665687,195804262,0.07757475,-0.25528106,-1.0788918
1749911665704,195820929,0.28792927,0.07645462,-1.6264362
1749911665720,195837596,-0.05994718,-0.25907564,-1.3695297
1749911665737,195854263,0.1638901,0.026189012,-1.5571728
1749911665754,195870930,-0.15583032,-0.4266136,-1.0399504
1749911665770,195887597,0.022615377,-0.42568445,-0.69522667
1749911665787,195904264,-0.28026837,0.090462625,-1.0170708
1749911665804,195920931,-1.0980008,-0.4583853,-2.4855223
1749911665820,195937598,-0.22735548,-1.7949023,-2.1644125
1749911665837,195954265,1.5293335,-0.5815044,-1.9304953
1749911665854,195970932,1.4801406,-2.050992,-1.583518
1749911665870,195987599,1.8890803,-1.2650741,-1.5661011
1749911665887,196004266,-0.39725292,0.039516643,-1.1267786
1749911665904,196020933,-0.8615811,0.6631493,-1.0595331
1749911665920,196037600,-1.2921107,-0.79007584,-0.96414185
1749911665937,196054267,0.69401073,-1.3432437,-2.2292376
1749911665954,196070934,1.1862099,-0.9625476,-2.3068538
1749911665970,196087601,1.1501516,0.9507294,-2.9970746
1749911665987,196104268,-0.077545695,0.7510355,-2.1209526
1749911666004,196120935,-0.31892034,-0.39453435,0.26187897
1749911666020,196137602,0.49016547,-1.8748854,1.8355303
1749911666037,196154269,0.35474947,-0.7751181,-0.7992039
1749911666054,196170936,-0.14267759,-0.3424517,-2.077694
1749911666070,196187603,-0.2635865,-0.47071606,-1.3041849
1749911666087,196204270,-0.33501664,-0.5608756,-0.69903183
1749911666104,196220937,0.36528164,-0.11386957,-0.8754358
1749911666120,196237604,0.636288,-0.47705486,0.0836792
1749911666137,196254271,0.60586417,-0.9776043,1.3906107
1749911666154,196270938,-0.05424704,-0.17013963,0.9744139
1749911666170,196287605,-0.57672733,-6.414822E-05,0.33289433
1749911666187,196304272,-0.3266064,-0.34323364,0.04687214
1749911666204,196320939,0.1813639,-0.5449324,-0.2692623
1749911666220,196337606,0.42975798,-0.2621179,0.47308064
1749911666237,196354273,0.2536119,-0.123013705,1.544301
1749911666254,196370940,-0.092626676,0.007476508,2.0711088
1749911666270,196387607,-0.39099926,-0.12949604,1.6146345
1749911666287,196404274,-0.15643336,-0.11644332,0.76453876
1749911666304,196420941,0.197911,-0.28740704,0.46683693
1749911666320,196437608,0.2360431,-0.11352827,1.5258675
1749911666337,196454275,0.60026234,-0.22670718,1.3852148
1749911666354,196470942,-0.090747826,-0.29469693,2.5519638
1749911666370,196487609,0.011226385,-0.6497584,0.3962841
1749911666387,196504276,0.2863867,-0.6717115,0.2867365
1749911666404,196520943,0.6401343,-0.5382029,0.75470924
1749911666420,196537610,0.4314855,-1.2463529,1.4888306
1749911666437,196554277,0.30936083,-0.9440029,1.2171717
1749911666454,196570944,0.5519646,-0.31435096,1.1948357
1749911666470,196587611,0.33100614,0.05262456,1.9421167
1749911666487,196604278,0.1786177,-0.30099306,1.870574
1749911666504,196620945,0.4546496,-0.3297689,1.187336
1749911666520,196637612,0.26362917,-0.5058647,0.84575176
1749911666537,196654279,0.5395771,-0.23513049,0.13794422
1749911666554,196670946,0.38776278,-0.49746093,0.38428497
1749911666570,196687613,0.29593217,-0.6087117,0.8548527
1749911666587,196704280,0.11907586,-0.7607022,1.653017
1749911666604,196720947,0.40738052,-0.54251134,2.2276773
1749911666620,196737614,0.15845728,-0.7357403,2.2982397
1749911666637,196754281,0.30177525,-0.76911175,1.6790857
1749911666654,196770948,0.16650407,-0.8037888,1.6166096
1749911666670,196787615,0.29262987,-0.21475191,1.2004423
1749911666687,196804282,-0.025674375,-0.41961673,0.70283794
1749911666704,196820949,-0.006935272,-0.43510732,0.36324787
1749911666720,196837616,-0.111200154,-0.60925466,0.30810738
1749911666737,196854283,-0.017152049,-0.5025762,0.1572094
1749911666754,196870950,0.014764596,-0.3275797,0.29079342
1749911666770,196887617,-0.13845287,-0.470052,0.7008333
1749911666787,196904284,0.059683546,-0.31836033,0.8916006
1749911666804,196920951,0.21939127,-0.35241836,0.6329489
1749911666820,196937618,0.23980817,-0.45319822,0.64711666
1749911666837,196954285,0.12170493,-0.21912718,0.72964287
1749911666854,196970952,0.08648163,-0.16037546,0.59701633
1749911666870,196987619,0.13366432,-0.20092954,0.34209538
1749911666887,197004286,0.14738356,-0.1609063,0.30944347
1749911666904,197020953,0.14438692,-0.1724694,0.32058907
1749911666920,197037620,0.13419528,-0.21372297,0.21024418
1749911666937,197054287,0.06960238,-0.18267065,0.2874918
1749911666954,197070954,0.065337196,-0.085682236,0.36407852
1749911666970,197087621,0.06549589,-0.037051182,0.39316845
1749911666987,197104288,0.012546229,-0.12910299,0.32403183
1749911667004,197120955,0.013971906,-0.16434997,0.23055649
1749911667020,197137622,0.056541514,-0.08293169,0.26892948
1749911667037,197154289,0.10599096,-0.14923893,0.18788528
1749911667054,197170956,0.11396747,-0.13090998,0.1353159
1749911667070,197187623,0.06509156,-0.10393241,0.18384743
1749911667087,197204290,0.08368202,-0.12118034,0.115330696
1749911667104,197220957,0.08930382,-0.12888975,0.10917759
1749911667120,197237624,0.058171146,-0.09712499,0.115652084
1749911667137,197254291,0.0703174,-0.029117703,0.121702194
1749911667154,197270958,0.06321327,0.015538956,0.16473293
1749911667170,197287625,0.060558934,-0.00034264536,0.17459297
1749911667187,197304292,0.046909112,-0.040337943,0.19999218
1749911667204,197320959,0.050186258,-0.0804774,0.19452
1749911667220,197337626,0.054539397,-0.11925634,0.19165707
1749911667237,197354293,0.058113817,-0.12437457,0.1835556
1749911667254,197370960,0.042241603,-0.13216835,0.23715115
1749911667270,197387627,0.027766008,-0.116970256,0.18237782
1749911667287,197404294,0.010040202,-0.12371833,0.1458807
1749911667304,197420961,0.036823984,-0.08228127,0.1276455
1749911667320,197437628,0.05235411,-0.08667464,0.1288948
1749911667337,197454295,0.08209877,-0.09958307,0.1599493
1749911667354,197470962,0.100967504,-0.106899545,0.22210693
1749911667370,197487629,0.1076977,-0.09125173,0.2385912
1749911667387,197504296,0.1123898,-0.085554056,0.19383621
1749911667404,197520963,0.092178755,-0.121218786,0.11106014
1749911667420,197537630,0.07624642,-0.057742674,0.12771225
1749911667437,197554297,0.06475505,-0.07145117,0.09088135
1749911667454,197570964,0.04836988,-0.05616914,0.14737129
1749911667470,197587631,0.039086383,-0.015647247,0.16541862
1749911667487,197604298,-0.016378023,-0.0660321,0.1598463
1749911667504,197620965,-0.00026128665,0.01493033,0.18864346
1749911667520,197637632,0.019703897,-0.054255534,0.16516113
1749911667537,197654299,0.061132804,-0.08197963,0.15843105
1749911667554,197670966,0.05696239,-0.05512802,0.18675423
1749911667570,197687633,0.07251487,-0.04213141,0.13312817
1749911667587,197704300,0.09644383,-0.050104897,0.07730484
1749911667604,197720967,0.07912191,-0.031950843,0.10186577
1749911667620,197737634,0.062392525,-0.033652,0.14438629
1749911667637,197754301,0.07090848,-0.049197547,0.10891247
1749911667654,197770968,0.049896922,-0.034015767,0.12558746
1749911667670,197787635,0.048522875,-0.020391086,0.09679031
1749911667687,197804302,0.06199266,-0.019565094,0.12059116
1749911667704,197820969,0.056437135,-0.033771243,0.12613106
1749911667720,197837636,0.0590966,-0.06398718,0.13541412
1749911667737,197854303,0.09274189,-0.046985887,0.1456976
1749911667754,197870970,0.113152206,-0.025468966,0.14507961
1749911667770,197887637,0.12208602,-0.04258492,0.13179493
1749911667787,197904304,0.1336812,-0.044316586,0.19889545
1749911667804,197920971,0.12554175,-0.09405112,0.21271992
1749911667820,197937638,0.12852274,-0.103331044,0.174263
1749911667837,197954305,0.12024818,-0.11760693,0.18256378
1749911667854,197970972,0.1187844,-0.09734704,0.19169235
1749911667870,197987639,0.10180657,-0.10247711,0.20231533
1749911667887,198004306,0.1118651,-0.12033055,0.20644093
1749911667904,198020973,0.089569464,-0.14704257,0.23689461
1749911667920,198037640,0.100496344,-0.12426281,0.20336628
1749911667937,198054307,0.12046432,-0.1395559,0.19321632
1749911667954,198070974,0.06392683,-0.15717085,0.24153423
1749911667970,198087641,0.094784915,-0.1673199,0.25524902
1749911667987,198104308,0.08641469,-0.15226306,0.31607914
1749911668004,198120975,0.06046942,-0.16388461,0.3240013
1749911668020,198137642,0.07075649,-0.16728358,0.29536533
1749911668037,198154309,0.055059846,-0.10462832,0.2627945
1749911668054,198170976,0.063024394,-0.123014376,0.18335819
1749911668070,198187643,0.09134438,-0.12363955,0.12673378
1749911668087,198204310,0.122798465,-0.09406934,0.17576027
1749911668104,198220977,0.14900133,-0.0767102,0.21518135
1749911668120,198237644,0.20385621,-0.113220155,0.3342886
1749911668137,198254311,0.22864147,-0.12934594,0.34615803
1749911668154,198270978,0.22474228,-0.14018397,0.3082323
1749911668170,198287645,0.21429852,-0.18932363,0.26444054
1749911668187,198304312,0.1796576,-0.18967131,0.21774006
1749911668204,198320979,0.19187962,-0.16938539,0.26503086
1749911668220,198337646,0.16209282,-0.18342657,0.27231026
1749911668237,198354313,0.18616596,-0.14548291,0.1750555
1749911668254,198370980,0.11193529,-0.11983971,0.12855053
1749911668270,198387647,0.11173547,-0.110093094,0.12974739
1749911668287,198404314,0.07124453,-0.1262609,0.17624283
1749911668304,198420981,0.04756188,-0.1860913,0.23938274
1749911668320,198437648,0.15880059,-0.18150482,0.20215225
1749911668337,198454315,0.14581616,-0.13095535,0.15892506
1749911668354,198470982,0.12811136,-0.09542081,0.119330406
1749911668370,198487649,0.14534858,-0.08018773,0.11398792
1749911668387,198504316,0.09764912,-0.13251479,0.044098854
1749911668404,198520983,0.20345278,-0.14625615,0.07142925
1749911668420,198537650,0.21281283,-0.08345739,0.058143616
1749911668437,198554317,0.26810268,-0.2104731,0.13534641
1749911668454,198570984,0.24502183,-0.30087984,0.5736284
1749911668470,198587651,0.274338,-0.36627236,0.7299471
1749911668487,198604318,0.2848962,-0.47010118,0.5212498
1749911668504,198620985,0.2240561,-0.5244223,0.42104626
1749911668520,198637652,0.20178057,-0.4419574,0.39292717
1749911668537,198654319,0.38324013,-0.4651459,0.48076057
1749911668554,198670986,0.5529173,-0.55266553,0.5855961
1749911668570,198687653,0.25725323,-0.8198681,1.1506042
1749911668587,198704320,0.48638073,-0.68317425,1.4485273
1749911668604,198720987,0.51439404,-0.95896477,1.6184196
1749911668620,198737654,0.953169,-0.9150838,1.6950655
1749911668637,198754321,0.9945969,-1.1532031,1.6575603
1749911668654,198770988,0.7104031,-1.1347951,2.2867918
1749911668670,198787655,0.87331843,-1.6316688,2.6252232
1749911668687,198804322,1.4127971,-1.862597,2.0226307
1749911668704,198820989,1.3918184,-1.3434927,2.2465048
1749911668720,198837656,1.2424614,-0.73865277,2.0812607
1749911668737,198854323,0.16123174,-0.28931695,1.856288
1749911668754,198870990,-0.76511544,-0.12261719,2.2960358
1749911668770,198887657,-0.31582022,-0.2949745,1.6817446
1749911668787,198904324,0.12916735,-0.19536127,1.0635176
1749911668804,198920991,0.4294303,0.088227496,1.4725237
1749911668820,198937658,0.0076358733,0.3212822,1.684309
1749911668837,198954325,-0.5697687,0.08750264,2.1243439
1749911668854,198970992,-0.4503292,-0.32746726,1.299427
1749911668870,198987659,-0.069281414,-0.26551372,0.69162655
1749911668887,199004326,0.02117573,-0.16340227,0.24637032
1749911668904,199020993,-0.03820004,0.031028515,-0.05617714
1749911668920,199037660,-0.31435958,0.05187937,0.22010899
1749911668937,199054327,-0.30861944,0.101744436,0.10799599
1749911668954,199070994,-0.27404365,-0.008534619,0.059103966
1749911668970,199087661,-0.22422127,0.01380863,-0.04358864
1749911668987,199104328,-0.2898184,0.0620653,0.108034134
1749911669004,199120995,-0.19490676,-0.36882162,-0.8604355
1749911669020,199137662,-0.106264204,-0.08946821,-0.93194866
1749911669037,199154329,0.10473705,-0.38576883,-0.6307907
1749911669054,199170996,0.09158086,-0.11572607,-0.62423515
1749911669070,199187663,0.061087545,-0.053684235,-1.1053314
1749911669087,199204330,-0.1129117,-0.07104784,-0.92043304
1749911669104,199220997,-0.22528173,0.01289111,-0.9112015
1749911669120,199237664,-0.29151016,-0.06202507,-1.5161142
1749911669137,199254331,-0.109255925,-0.5087003,-1.5368376
1749911669154,199270998,0.46521404,-0.46959603,-1.1258898
1749911669170,199287665,0.82032627,-0.30390474,-0.96106625
1749911669187,199304332,0.79967403,-0.10411591,-0.9311466
1749911669204,199320999,0.54166377,-0.14822172,-1.0178242
1749911669220,199337666,0.27474928,0.03294536,-1.1571741
1749911669237,199354333,0.12827018,0.14573783,-1.1057272
1749911669254,199371000,0.14172487,0.26801974,-1.1601715
1749911669270,199387667,0.18070608,0.14022398,-1.314043
1749911669287,199404334,0.23593335,0.0575975,-1.3476734
1749911669304,199421001,0.18387651,0.07046447,-1.2122021
1749911669320,199437668,-0.02967671,0.02204866,-0.9071579
1749911669337,199454335,-0.38985756,0.05732638,-0.67954445
1749911669354,199471002,-0.37168875,-0.01380796,-0.7967396
1749911669370,199487669,-0.17637363,0.108134,-1.2323446
1749911669387,199504336,-0.09768779,0.31660655,-1.3035736
1749911669404,199521003,-0.12038296,0.3413302,-1.383256
1749911669420,199537670,-0.3483807,0.17841609,-1.4253817
1749911669437,199554337,-0.49892998,0.30401897,-1.2973032
1749911669454,199571004,-0.5406251,0.5712515,-1.0161867
1749911669470,199587671,-0.42072558,0.29616383,-0.88979626
1749911669487,199604338,-0.25026008,0.28225976,-1.0373755
1749911669504,199621005,-0.061971314,0.40910178,-0.8672123
1749911669520,199637672,-0.087273985,0.27314714,-0.59183025
1749911669537,199654339,-0.21107346,0.45571476,-0.10370922
1749911669554,199671006,-0.4935595,0.5431975,0.21503353
1749911669570,199687673,-0.45439234,0.37081894,0.0021982193
1749911669587,199704340,-0.21790725,0.53565955,-0.15020657
1749911669604,199721007,-0.15882093,0.5955816,-0.45265865
1749911669620,199737674,-0.32716352,0.5484277,-0.55689526
1749911669637,199754341,-0.44755664,0.582532,-0.49594498
1749911669654,199771008,-0.069832936,0.23923306,-0.49757576
1749911669670,199787675,0.09987475,-0.051124565,-0.29784966
1749911669687,199804342,0.5032095,0.08860501,-0.40675735
1749911669704,199821009,0.08287816,0.056564424,0.06499195
1749911669720,199837676,-0.06253456,0.5128563,0.14767838
1749911669737,199854343,-0.34269118,0.08764345,-0.01872158
1749911669754,199871010,-0.13420042,-0.0381559,-0.5774727
1749911669770,199887677,-0.08489436,-0.16549122,-0.6733866
1749911669787,199904344,-0.013270859,0.19696744,-0.4099455
1749911669804,199921011,-0.26142523,0.020330515,0.13222218
1749911669820,199937678,0.13184805,-0.28892535,0.5326853
1749911669837,199954345,0.20180996,0.2957367,0.5751257
1749911669854,199971012,-0.023983946,0.26711923,0.41800308
1749911669870,199987679,-0.10863177,-0.112890586,0.038157463
1749911669887,200004346,-0.5528363,0.06362833,-0.37493515
1749911669904,200021013,-0.09235835,-0.07576955,-0.721755
1749911669920,200037680,-0.6987339,-0.1806738,-0.3203802
1749911669937,200054347,0.007242379,-0.06149087,-0.080215454
1749911669954,200071014,-0.31304967,-0.27598956,0.25252724
1749911669970,200087681,0.09961302,-0.022883927,0.62003803
1749911669987,200104348,-0.18803397,0.090913,0.53398705
1749911670004,200121015,0.34914836,-0.038752228,-0.07081032
1749911670020,200137682,-0.21892625,-0.13974276,-0.25339127
1749911670037,200154349,0.30426562,0.0068475427,-0.28580952
1749911670054,200171016,0.047323838,-0.36381695,0.14936829
1749911670070,200187683,0.48873723,-0.010149499,0.35834694
1749911670087,200204350,0.065458566,-0.097384594,0.2672472
1749911670104,200221017,-0.14353712,0.13916454,0.31687355
1749911670120,200237684,-0.10367771,0.20619942,0.048033714
1749911670137,200254351,-0.36092123,0.016764365,-0.32181454
1749911670154,200271018,-0.23981051,0.034181613,-0.3032322
1749911670170,200287685,-0.6498008,0.11424954,-0.17468834
1749911670187,200304352,-0.1465266,0.23674671,-0.1815033
1749911670204,200321019,-0.9488162,-0.08441816,-0.077178
1749911670220,200337686,0.087287396,-0.14695664,-0.20382881
1749911670237,200354353,-0.2287807,0.011788744,0.10057068
1749911670254,200371020,-0.13307112,0.15436117,0.44870758
1749911670270,200387687,-0.14245051,0.066693135,0.27777004
1749911670287,200404354,-0.5841804,0.15216337,0.29454422
1749911670304,200421021,0.22057879,0.34800354,0.0006084442
1749911670320,200437688,-0.053049013,-0.21841809,-0.07495117
1749911670337,200454355,-0.5501037,-0.31530815,0.12302494
1749911670354,200471022,0.05468267,-0.104565956,0.11238003
1749911670370,200487689,-0.47925323,-0.06513525,0.3879242
1749911670387,200504356,-0.54258686,0.010057189,0.078266144
1749911670404,200521023,-0.42395937,-0.02875159,-0.018616676
1749911670420,200537690,-0.6153989,-0.23360904,0.30428028
1749911670437,200554357,0.40069348,-0.13490102,-0.0817709
1749911670454,200571024,-0.39307022,-0.16643378,-0.16547108
1749911670470,200587691,-0.32896033,-0.07281784,0.012629509
1749911670487,200604358,-0.067123175,0.24559917,0.28284836
1749911670504,200621025,-0.21551543,0.3958524,0.40163422
1749911670520,200637692,-0.040083583,0.29375905,0.26187325
1749911670537,200654359,-0.25997484,0.1075294,-0.07331848
1749911670554,200671026,-0.19089493,0.017484078,0.021525383
1749911670570,200687693,0.521135,-0.007354582,-0.10770798
1749911670587,200704360,0.014292201,-0.21986343,0.035704613
1749911670604,200721027,0.074732676,-0.09118323,0.254776
1749911670620,200737694,-0.05189669,-0.06651835,0.49781513
1749911670637,200754361,0.27065945,-0.17366722,0.23661041
1749911670654,200771028,0.09472222,0.06102373,0.048140526
1749911670670,200787695,0.0045807865,0.11215142,-0.09289932
1749911670687,200804362,-0.07371513,0.19120684,-0.047356606
1749911670704,200821029,-0.2609071,0.26399025,0.120500565
1749911670720,200837696,-0.58901584,0.29163054,0.1854229
1749911670737,200854363,-0.5326534,0.33415747,0.13516235
1749911670754,200871030,-0.18015234,0.4075638,0.047595024
1749911670770,200887697,0.062176276,0.14649184,-0.17155933
1749911670787,200904364,0.26304233,0.13635273,-0.16689968
1749911670804,200921031,0.37528977,0.028855076,0.070139885
1749911670820,200937698,0.12544318,-0.019758768,0.25439072
1749911670837,200954365,-0.36644012,0.040784854,0.102555275
1749911670854,200971032,-0.84639484,0.212458,0.15803814
1749911670870,200987699,-1.0926306,0.41631144,0.2635765
1749911670887,201004366,-0.825665,0.34614268,0.14124393
1749911670904,201021033,-0.5590094,0.23459138,0.09868717
1749911670920,201037700,-0.4767595,0.27446407,-0.027878761
1749911670937,201054367,-0.3951299,0.20299312,0.0033636093
1749911670954,201071034,-0.28440493,0.1817413,0.20431423
1749911670970,201087701,-0.056369074,0.30972013,0.33587646
1749911670987,201104368,0.12463932,0.20609683,0.34684563
1749911671004,201121035,0.20618545,-0.15261208,0.15486622
1749911671020,201137702,0.30228028,-0.12585366,0.008068085
1749911671037,201154369,0.30411375,0.1541789,0.067575455
1749911671054,201171036,0.11339237,0.19341537,0.32151794
1749911671070,201187703,0.06308173,0.12108189,0.23024178
1749911671087,201204370,-0.03238021,0.17990088,-0.0025186539
1749911671104,201221037,-0.2609087,0.1955906,0.09334564
1749911671120,201237704,-0.36132678,0.20269719,0.21486855
1749911671137,201254371,-0.6179646,0.054182224,0.03567028
1749911671154,201271038,-0.5237946,0.06694079,0.027962685
1749911671170,201287705,-0.38364893,0.3904398,0.3317995
1749911671187,201304372,-0.2419597,0.34993637,0.37550163
1749911671204,201321039,-0.24992973,-0.010782042,0.15294456
1749911671220,201337706,-0.08475891,-0.0006247187,-0.18697071
1749911671237,201354373,-0.018472899,0.21486971,0.046975136
1749911671254,201371040,0.058133706,0.329077,0.10919285
1749911671270,201387707,-0.13255681,0.13376826,0.14470291
1749911671287,201404374,0.021680087,0.18372229,0.14982033
1749911671304,201421041,-0.079019204,0.16321698,0.30164433
1749911671320,201437708,0.05709348,0.09501558,0.2577896
1749911671337,201454375,-0.16719875,-0.043430578,0.30744362
1749911671354,201471042,-0.039390806,-0.0006486346,0.0016899109
1749911671370,201487709,0.1475162,0.11865386,-0.09620285
1749911671387,201504376,0.029586522,0.34069654,0.34943104
1749911671404,201521043,-0.055295877,0.13194528,0.2067461
1749911671420,201537710,-0.33496055,-0.115567595,-0.28301525
1749911671437,201554377,-0.06614162,-0.25931638,-0.24055767
1749911671454,201571044,0.117003664,0.00092847284,0.122719765
1749911671470,201587711,0.013345176,0.08864188,0.12338829
1749911671487,201604378,-0.116624594,-0.10698492,-0.016854286
1749911671504,201621045,0.10552382,-0.040152315,0.011680603
1749911671520,201637712,-0.2808855,-0.07425905,0.011444092
1749911671537,201654379,-0.081372015,0.21828768,0.25545406
1749911671554,201671046,-0.0115171755,0.42257226,0.50167847
1749911671570,201687713,-0.016355114,0.27582103,0.25833988
1749911671587,201704380,-0.045519643,0.107864,0.053851128
1749911671604,201721047,0.012913908,-0.10624375,-0.030314445
1749911671620,201737714,0.089389086,-0.3756124,-0.32519054
1749911671637,201754381,0.26046938,-0.16393177,-0.31064415
1749911671654,201771048,0.11105353,0.5024951,0.045640945
1749911671670,201787715,0.0044800937,0.4935452,0.28534794
1749911671687,201804382,-0.13885698,0.044151183,-0.051712036
1749911671704,201821049,0.053799123,0.08000848,-0.038855553
1749911671720,201837716,0.2345279,0.5839399,-0.024318695
1749911671737,201854383,-0.46613896,0.087284714,-0.0018606186
1749911671754,201871050,0.019570459,-0.16748698,-0.58238506
1749911671770,201887717,-0.15564358,-0.50521284,-0.3266554
1749911671787,201904384,0.8528177,0.38585913,-0.27915764
1749911671804,201921051,0.022291841,0.41955572,0.36857986
1749911671820,201937718,0.75822884,0.69092524,0.25565434
1749911671837,201954385,0.708355,0.8046627,-0.47230816
1749911671854,201971052,-0.5464942,-0.97850287,-0.64433765
1749911671870,201987719,0.16571787,0.008349103,-0.38585472
1749911671887,202004386,-0.2606474,0.19542497,0.6636944
1749911671904,202021053,0.12385501,0.3496679,0.29462242
1749911671920,202037720,-0.47370532,-0.030227445,-0.47615528
1749911671937,202054387,-0.68711394,-0.31629118,-0.9487238
1749911671954,202071054,-0.49384943,-0.60095054,-1.4894934
1749911671970,202087721,-0.7293373,-0.9327757,-1.557209
1749911671987,202104388,-0.04100345,-0.7857837,-1.251112
1749911672004,202121055,0.77843785,-0.09830614,-1.2875433
1749911672020,202137722,0.11224049,-0.435513,-0.59476566
1749911672037,202154389,-0.26811296,-0.49235344,-0.28892708
1749911672054,202171056,-0.3254257,-0.32767,-0.60055447
1749911672070,202187723,-0.28953668,-0.8827097,-0.86720467
1749911672087,202204390,0.030853057,-0.6035444,-1.655901
1749911672104,202221057,0.191101,-0.57532126,-1.7885761
1749911672120,202237724,-0.31225732,-0.283532,-1.7659826
1749911672137,202254391,-0.6694296,-0.54811835,-1.6715508
1749911672154,202271058,-0.4647419,-0.6687979,-1.4063101
1749911672170,202287725,-0.5784773,-0.47326386,-0.6967344
1749911672187,202304392,0.57630366,0.2413835,-0.40814877
1749911672204,202321059,0.063841335,0.033342544,-0.17192268
1749911672220,202337726,-0.32197735,0.12926202,-0.41296005
1749911672237,202354393,-0.9012791,-0.31597468,-0.70208645
1749911672254,202371060,-0.69170165,-0.4381493,-1.3719912
1749911672270,202387727,-0.09743176,-0.047138657,-1.3734226
1749911672287,202404394,0.29804525,-0.024779987,-0.51134014
1749911672304,202421061,0.45397916,-0.03667624,-0.36631775
1749911672320,202437728,0.03648983,0.016038395,-0.46051598
1749911672337,202454395,-0.07353688,-0.27171418,-0.63245964
1749911672354,202471062,0.05978614,-0.34935254,-1.1702938
1749911672370,202487729,-0.031116355,-0.46176502,-1.3914576
1749911672387,202504396,-0.031994317,-0.56778806,-1.8459563
1749911672404,202521063,0.26024452,-0.41255876,-2.0629025
1749911672420,202537730,0.44749427,-0.31339043,-2.1651483
1749911672437,202554397,0.35901836,-0.07100202,-1.0667925
1749911672454,202571064,0.02657189,-0.03518988,0.30391502
1749911672470,202587731,-0.42092898,0.00026262773,1.1994238
1749911672487,202604398,-0.2938413,-0.15528317,0.119823456
1749911672504,202621065,-0.11129146,-0.4928883,-1.2826271
1749911672520,202637732,0.32693362,-0.20505145,-1.540925
1749911672537,202654399,0.33825758,-0.023226796,-0.25489712
1749911672554,202671066,-0.20231655,-0.14535517,1.5678253
1749911672570,202687733,-0.47070912,0.18490802,2.1877556
1749911672587,202704400,-0.4138557,0.14945239,1.3677015
1749911672604,202721067,-0.20116389,0.18647686,0.23986626
1749911672620,202737734,0.12777811,0.04585793,0.38157368
1749911672637,202754401,0.066935204,-0.18721579,1.4494877
1749911672654,202771068,-0.1152026,-0.30153307,2.0891075
1749911672670,202787735,-0.34363776,0.07789516,1.9054956
1749911672687,202804402,-0.5217378,0.072702505,1.5494099
1749911672704,202821069,-0.49244866,-0.40647262,0.91697216
1749911672720,202837736,0.32552338,-0.4988485,0.9373741
1749911672737,202854403,0.46226403,-0.8679035,-0.13066387
1749911672754,202871070,0.62120175,-0.8682533,-0.31128407
1749911672770,202887737,0.60930705,-0.4545259,0.95339394
1749911672787,202904404,0.22011958,-0.17725115,1.2385092
1749911672804,202921071,-0.225253,-0.67212963,1.1637325
1749911672820,202937738,-0.23574448,-0.5125177,0.713007
1749911672837,202954405,-0.08453841,-0.023746016,1.1020708
1749911672854,202971072,-0.20201927,-0.010242481,1.2646952
1749911672870,202987739,-0.030456323,0.20538393,0.95875835
1749911672887,203004406,0.006147947,-0.107540466,0.7712307
1749911672904,203021073,0.1883166,-0.08757025,0.6852846
1749911672920,203037740,0.3542811,-0.18728922,0.6744509
1749911672937,203054407,0.2645735,-0.23133881,0.32656002
1749911672954,203071074,0.37190968,-0.45456767,0.3428383
1749911672970,203087741,0.24933451,-0.19908768,1.4916735
1749911672987,203104408,0.23386027,-0.33401865,1.8145437
1749911673004,203121075,0.4002337,-0.89721465,1.9652939
1749911673020,203137742,0.6269518,-0.8538518,1.878768
1749911673037,203154409,0.6222044,-0.60667896,1.5530376
1749911673054,203171076,0.4266716,-0.39528042,1.3591604
1749911673070,203187743,0.027341558,-0.58724666,0.76708126
1749911673087,203204410,-0.12207898,-0.40649128,0.33899307
1749911673104,203221077,-0.24411201,-0.4295767,0.44947624
1749911673120,203237744,-0.26097003,-0.55179065,0.35115623
1749911673137,203254411,0.33871454,-0.7519116,0.5904236
1749911673154,203271078,-0.15892275,-1.1035424,1.1675997
1749911673170,203287745,0.25446513,-0.48328677,1.1811819
1749911673187,203304412,-0.22151151,-0.3421371,0.8943157
1749911673204,203321079,-0.04454155,-0.22411354,0.7343359
1749911673220,203337746,-0.06908372,-0.2763416,0.83467865
1749911673237,203354413,-0.09169943,-0.32354954,0.73475647
1749911673254,203371080,-0.0004252334,-0.32710764,0.45760345
1749911673270,203387747,-0.0798671,-0.39202383,0.34375286
1749911673287,203404414,0.044987906,-0.1629072,0.3006754
1749911673304,203421081,-0.109664954,-0.23819496,0.23159218
1749911673320,203437748,-0.088252306,-0.1734892,0.28792953
1749911673337,203454415,-0.12646374,-0.14206015,0.26066017
1749911673354,203471082,-0.06423025,-0.06414397,0.29087734
1749911673370,203487749,-0.08801806,-0.014634399,0.2783842
1749911673387,203504416,-0.08091292,0.015798343,0.29072762
1749911673404,203521083,-0.06581216,-0.017607568,0.25545788
1749911673420,203537750,-0.09218479,-0.09003929,0.1909523
1749911673437,203554417,-0.07901775,-0.10559132,0.101594925
1749911673454,203571084,-0.107501015,-0.113880634,0.09240818
1749911673470,203587751,-0.0909216,-0.067523375,0.14497852
1749911673487,203604418,-0.06563011,-0.08186442,0.19482899
1749911673504,203621085,-0.069678485,-0.07621725,0.20620823
1749911673520,203637752,-0.07239618,-0.034981903,0.19344139
1749911673537,203654419,-0.0455202,-0.06492962,0.17068863
1749911673554,203671086,-0.073217146,-0.080743834,0.18247795
1749911673570,203687753,-0.045635197,-0.04714268,0.15066338
1749911673587,203704420,-0.049198553,-0.0521249,0.17036247
1749911673604,203721087,-0.0077403653,-0.16857761,0.2162714
1749911673620,203737754,0.0033038568,-0.14382847,0.26280308
1749911673637,203754421,0.0005401191,-0.09417763,0.2430172
1749911673654,203771088,-0.010063224,-0.14686623,0.24445057
1749911673670,203787755,-0.023052903,-0.13119517,0.17731285
1749911673687,203804422,-0.029107422,-0.10027037,0.15364265
1749911673704,203821089,-0.029399777,-0.06710909,0.17811489
1749911673720,203837756,-0.053691052,-0.083864294,0.14691067
1749911673737,203854423,-0.079470925,-0.031226771,0.2542591
1749911673754,203871090,-0.03387048,-0.04218304,0.30039978
1749911673770,203887757,-0.024311503,-0.062386826,0.2260685
1749911673787,203904424,-0.025330948,-0.04476875,0.20896816
1749911673804,203921091,-0.047340825,-0.06663547,0.21255589
1749911673820,203937758,-0.04575232,-0.04254502,0.19119072
1749911673837,203954425,-0.098736286,-0.029199844,0.16805935
1749911673854,203971092,-0.09091244,-0.025803788,0.14087105
1749911673870,203987759,-0.07344591,-0.0302793,0.1661911
1749911673887,204004426,-0.0560756,-0.05620524,0.18309212
1749911673904,204021093,-0.031273596,-0.03581482,0.14514828
1749911673920,204037760,-0.0028959457,-0.046896037,0.12155628
1749911673937,204054427,0.031994987,-0.048831098,0.08027363
1749911673954,204071094,0.029960236,-0.015892554,0.12103081
1749911673971,204087761,0.029277068,-0.030371834,0.15912151
1749911673987,204104428,-0.006462877,-0.055615276,0.19917965
1749911674004,204121095,-0.006977851,0.009249302,0.2510624
1749911674021,204137762,-0.018282577,0.031588193,0.14821625
1749911674037,204154429,-0.03463266,-0.0147448145,0.0998745
1749911674054,204171096,-0.030377422,0.015911328,0.110292435
1749911674071,204187763,-0.029616473,0.007034288,0.15826225
1749911674087,204204430,-0.03268609,0.016841365,0.16880703
1749911674104,204221097,-0.046224713,-0.020288384,0.16103745
1749911674121,204237764,-0.041731432,0.0020488314,0.12211704
1749911674137,204254431,-0.047156204,0.028430624,0.119867325
1749911674154,204271098,-0.045611285,0.026552556,0.1015234
1749911674171,204287765,-0.041362636,-0.029021146,0.16452122
1749911674187,204304432,-0.015618303,-0.050525103,0.20794106
1749911674204,204321099,-0.009541321,-0.0109160375,0.21503162
1749911674221,204337766,0.041947234,0.004540554,0.23768902
1749911674237,204354433,0.041688632,-0.071369365,0.20016956
1749911674254,204371100,0.012643569,-0.08915563,0.16989231
1749911674271,204387767,-0.014582879,-0.049878817,0.122475624
1749911674287,204404434,-0.016991902,-0.06460363,0.12598324
1749911674304,204421101,0.008510703,-0.06398316,0.15403366
1749911674321,204437768,0.014550582,-0.044075973,0.15106297
1749911674337,204454435,0.006410128,-0.06305524,0.14911461
1749911674354,204471102,-0.016481956,-0.018020062,0.19521809
1749911674371,204487769,-0.004018428,-0.030833501,0.18703556
1749911674387,204504436,0.013391667,-0.06440324,0.17849731
1749911674404,204521103,0.035472736,-0.049718782,0.24256802
1749911674421,204537770,0.063857764,-0.10179171,0.25002384
1749911674437,204554437,0.050663903,-0.096816316,0.23138046
1749911674454,204571104,0.088297896,-0.13540962,0.18288994
1749911674471,204587771,0.085856356,-0.14886287,0.20336342
1749911674487,204604438,0.08450779,-0.21639888,0.17554092
1749911674504,204621105,0.09538393,-0.20496115,0.44958687
1749911674521,204637772,0.058414888,-0.27444026,0.57457924
1749911674537,204654439,0.12616222,-0.3266205,0.52651596
1749911674554,204671106,0.19467486,-0.3131173,0.3824091
1749911674571,204687773,0.17885841,-0.31035736,0.43483162
1749911674587,204704440,0.111256704,-0.32315773,0.21265984
1749911674604,204721107,0.18633795,-0.27650228,0.13199806
1749911674621,204737774,0.24446125,-0.24521628,0.2343893
1749911674637,204754441,0.16386159,-0.41241872,0.4982624
1749911674654,204771108,0.3298345,-0.44017836,0.6438284
1749911674671,204787775,0.30144322,-0.5505094,0.6950884
1749911674687,204804442,0.419625,-0.4346967,0.6398325
1749911674704,204821109,0.2696353,-0.48417678,0.6555662
1749911674721,204837776,0.26470014,-0.44417387,0.88804054
1749911674737,204854443,0.25923547,-0.7144592,1.1992111
1749911674754,204871110,0.6688127,-0.6918916,1.4406261
1749911674771,204887777,0.79558253,-0.5828127,1.9796457
1749911674787,204904444,0.52911687,-0.6957911,2.2596903
1749911674804,204921111,0.9218231,-0.94374055,2.415186
1749911674821,204937778,0.9578724,-1.5221391,2.4177399
1749911674837,204954445,0.61944896,-0.51335,2.3257551
1749911674854,204971112,0.80012876,-1.0154234,2.3492765
1749911674871,204987779,0.8987029,-1.347575,1.8955669
1749911674887,205004446,0.5176144,-0.7273,1.563034
1749911674904,205021113,0.33508146,0.1716984,1.5957842
1749911674921,205037780,-0.15176754,0.07263433,1.3593588
1749911674937,205054447,-0.54132694,0.3553116,1.6604404
1749911674954,205071114,-0.7796782,-0.24114925,1.237524
1749911674971,205087781,-0.70346767,0.25492033,2.1025562
1749911674987,205104448,-0.61629784,-0.13322781,1.9409733
1749911675004,205121115,-0.22765309,0.33253565,1.7050886
1749911675021,205137782,-0.39027664,0.117997855,0.9566221
1749911675037,205154449,-0.7109556,0.16900687,0.26914692
1749911675054,205171116,-0.64469767,0.0189425,0.27119255
1749911675071,205187783,-0.23306613,0.16389623,0.49809456
1749911675087,205204450,-0.15954511,-0.10418945,0.43958378
1749911675104,205221117,-0.31428716,-0.46680054,0.9020481
1749911675121,205237784,-0.03562953,-0.3612497,0.8196869
1749911675137,205254451,-0.019891312,-0.2857345,0.00050258636
1749911675154,205271118,0.044379838,-0.11496724,-1.2206678
1749911675171,205287785,0.082957506,-0.11988073,-0.957757
1749911675187,205304452,0.5117954,-0.22652301,-0.4859934
1749911675204,205321119,0.49063766,-0.1836568,-0.5689678
1749911675221,205337786,0.41270584,-0.29363254,-1.28053
1749911675237,205354453,0.46264243,-0.36170095,-1.387578
1749911675254,205371120,0.31366456,-0.1818242,-1.1418867
1749911675271,205387787,-0.024631575,-0.08213565,-1.1390057
1749911675287,205404454,-0.16162702,-0.055930093,-1.3823824
1749911675304,205421121,-0.2894287,-0.10675515,-1.4998598
1749911675321,205437788,-0.19529702,-0.31071922,-1.4664259
1749911675337,205454455,0.16039056,-0.6134094,-1.2690487
1749911675354,205471122,0.46611494,-0.37372708,-1.2956944
1749911675371,205487789,0.57913685,-0.038917404,-1.319849
1749911675387,205504456,0.52444553,-0.14235897,-0.9612322
1749911675404,205521123,0.47160462,-0.3551764,-1.0299683
1749911675421,205537790,0.2896215,-0.36671838,-1.1393213
1749911675437,205554457,-0.034735925,-0.38362536,-1.1407804
1749911675454,205571124,-0.12766847,-0.21382546,-1.4013214
1749911675471,205587791,-0.044262495,-0.14392692,-1.7002058
1749911675487,205604458,0.1359987,-0.31028047,-1.5171165
1749911675504,205621125,0.45389146,-0.1708276,-1.2975798
1749911675521,205637792,0.42859983,-0.18341585,-1.0080271
1749911675537,205654459,0.43235397,-0.15438867,-0.70031166
1749911675554,205671126,0.71066964,-0.2439731,-0.5801449
1749911675571,205687793,0.66077214,-0.21115425,-0.8856201
1749911675587,205704460,0.2963291,-0.0031801423,-1.0125484
1749911675604,205721127,0.15984105,0.6149322,-1.0463085
1749911675621,205737794,-0.29586476,0.5210536,-1.172123
1749911675637,205754461,-0.6826012,0.3477182,-1.2448139
1749911675654,205771128,-0.7933626,0.16520871,-0.6608057
1749911675671,205787795,-0.9906749,-0.029084846,-0.15895653
1749911675687,205804462,-1.3552661,0.38227084,-0.6196337
1749911675704,205821129,-1.4746552,0.2509018,-1.4191704
1749911675721,205837796,-1.0058987,0.035532974,-1.4148216
1749911675737,205854463,-0.41531658,0.4011416,-0.9056978
1749911675754,205871130,-0.30753213,0.53740764,-0.7138834
1749911675771,205887797,-0.27738416,-0.013356017,-0.50875187
1749911675787,205904464,0.07233114,0.24332045,-0.7640295
1749911675804,205921131,-0.14111893,0.45106167,-0.80028534
1749911675821,205937798,-0.16075566,0.16979878,-0.49610233
1749911675837,205954465,0.102131784,-0.07442691,-0.41867733
1749911675854,205971132,-0.04417566,0.2207691,-0.13649178
1749911675871,205987799,0.477421,0.38634259,0.044288635
1749911675887,206004466,-0.19974113,0.1951914,0.046100616
1749911675904,206021133,-0.7072122,0.09900395,0.1432848
1749911675921,206037800,0.21335831,0.5443202,0.07904434
1749911675937,206054467,-0.13074222,0.29713833,0.10447407
1749911675954,206071134,-0.30167085,0.3190303,0.035531044
1749911675971,206087801,-0.40919533,0.44054538,0.11043072
1749911675987,206104468,0.21581885,0.18347083,-0.1845808
1749911676004,206121135,-0.1857861,-0.017110365,-0.24674988
1749911676021,206137802,-0.32694748,-0.12683108,0.25969887
1749911676037,206154469,0.7931191,-0.26328328,0.4294834
1749911676054,206171136,1.1901315,-0.664657,-0.15946388
1749911676071,206187803,-0.34823206,-0.6758028,-0.448884
1749911676087,206204470,0.7243961,0.016879475,-0.4781313
1749911676104,206221137,-0.12131803,0.037014864,0.17491436
1749911676121,206237804,0.14477438,-0.058839787,0.35781193
1749911676137,206254471,-0.41902062,0.2599288,0.37587643
1749911676154,206271138,-0.6208384,0.4578028,0.5520277
1749911676171,206287805,-1.0410798,0.60607463,0.35826397
1749911676187,206304472,-1.3152351,0.9875415,0.44131947
1749911676204,206321139,-1.5101367,1.0122019,0.4140396
1749911676221,206337806,-1.6015409,0.7755879,0.44215012
1749911676237,206354473,-1.4412624,0.61971045,0.2364273
1749911676254,206371140,-0.6757321,0.31935018,0.15598011
1749911676271,206387807,-0.4018908,0.27956107,0.010677338
1749911676287,206404474,-0.3783872,0.19674683,-0.32544518
1749911676304,206421141,-0.48007855,0.26255083,-0.104782104
1749911676321,206437808,-0.21987249,0.44885424,0.36681747
1749911676337,206454475,-0.12815395,0.22703642,0.6116047
1749911676354,206471142,-0.2551284,0.3500975,0.5123615
1749911676371,206487809,-0.27205104,0.36385092,0.25667763
1749911676387,206504476,-0.22322194,0.18779781,-0.15804482
1749911676404,206521143,-0.112485915,0.07100202,-0.23662186
1749911676421,206537810,-0.030961908,0.23867093,0.114004135
1749911676437,206554477,-0.20713817,0.30519712,0.14645386
1749911676454,206571144,-0.5286664,0.3065165,0.0532856
1749911676471,206587811,-0.7017934,0.28919113,-0.0007829666
1749911676487,206604478,-0.8615315,0.3370839,-0.02659893
1749911676504,206621145,-0.7603558,0.25248715,0.06740379
1749911676521,206637812,-0.48133382,0.17479429,0.13565922
1749911676537,206654479,-0.35921627,0.15518191,0.32708073
1749911676554,206671146,-0.3898086,0.34380585,0.3980484
1749911676571,206687813,-0.29556996,0.5513506,0.54859734
1749911676587,206704480,-0.07979189,0.4382928,0.24110699
1749911676604,206721147,-0.113278486,0.12642318,-0.01566124
1749911676621,206737814,-0.3992527,0.026731478,0.07252693
1749911676637,206754481,-0.48955998,0.07735426,0.1413002
1749911676654,206771148,-0.23928817,0.11338678,0.022111893
1749911676671,206787815,-0.25784466,0.27267888,0.009365082
1749911676687,206804482,-0.17066778,0.34297884,0.12073326
1749911676704,206821149,-0.2791404,0.31451738,0.17121983
1749911676721,206837816,-0.42474234,0.29226375,0.23068047
1749911676737,206854483,-0.5750481,0.20872802,0.30185795
1749911676754,206871150,-0.551077,0.14636254,0.3546629
1749911676771,206887817,-0.35754338,0.35270792,0.25601864
1749911676787,206904484,-0.27027008,0.40940666,0.36043262
1749911676804,206921151,-0.47430298,0.17379138,0.22457409
1749911676821,206937818,-0.31456667,0.17163426,0.047286987
1749911676837,206954485,-0.14019683,0.078932926,0.06739235
1749911676854,206971152,-0.3239144,-0.07180287,0.25407887
1749911676871,206987819,-0.121726274,0.086240016,0.15967655
1749911676887,207004486,-0.24781674,0.2763105,0.087768555
1749911676904,207021153,-0.27740383,0.34910423,0.2853222
1749911676921,207037820,-0.27762645,0.1285347,0.35963535
1749911676937,207054487,-0.5110542,-0.34128907,-0.059835434
1749911676954,207071154,-0.1262277,-0.30258557,-0.28231144
1749911676971,207087821,-0.10855365,0.1562416,-0.048521042
1749911676987,207104488,-0.35965002,0.41919476,0.10170174
1749911677004,207121155,-0.7579485,0.2770452,-0.039813995
1749911677021,207137822,-0.60109115,0.2989555,0.023739815
1749911677037,207154489,-0.45999905,-0.13061002,-0.03134346
1749911677054,207171156,-0.43233216,-0.072153784,-0.14389515
1749911677071,207187823,-0.27515182,0.15111533,0.21557522
1749911677087,207204490,-0.29091978,-0.17707904,0.23268127
1749911677104,207221157,-0.507386,-0.29265177,-0.4889679
1749911677121,207237824,-0.10520464,-0.13163617,-0.56641674
1749911677137,207254491,0.4219444,-0.070653565,-0.21539879
1749911677154,207271158,0.123297796,0.09268479,-0.014883995
1749911677171,207287825,0.054289285,0.15547897,0.29111004
1749911677187,207304492,0.20930313,0.032389037,0.4698677
1749911677204,207321159,0.105379656,-0.13169473,0.084584236
1749911677221,207337826,-0.098724104,0.02843487,-0.18029499
1749911677237,207354493,-0.22073424,0.3478456,-0.07632923
1749911677254,207371160,-0.021176511,0.28993183,-0.12300682
1749911677271,207387827,0.1889934,0.20997143,-0.16235447
1749911677287,207404494,0.39600125,0.26102155,-0.012929916
1749911677304,207421161,0.47952044,-0.09853546,-0.20320988
1749911677321,207437828,0.24522075,-0.28883463,-0.42180443
1749911677337,207454495,0.2656874,0.1517776,0.011939049
1749911677354,207471162,-0.02969459,0.61574805,0.26245975
1749911677371,207487829,-0.0035270345,0.75658554,-0.17241955
1749911677387,207504496,-0.04614671,-0.17562486,-0.50270176
1749911677404,207521163,-0.008869888,-0.16586182,-0.5076475
1749911677421,207537830,0.106914744,0.21854337,0.12384796
1749911677437,207554497,-0.08586943,0.4773879,0.4552288
1749911677454,207571164,0.044517297,0.011324507,-0.49325657
1749911677471,207587831,-0.5797837,-0.3206262,-0.94497395
1749911677487,207604498,-0.090384394,-0.08141035,-0.77025604
1749911677504,207621165,0.33723634,0.18355443,-0.5834923
1749911677521,207637832,-0.3062275,-0.34415117,-0.10449982
1749911677537,207654499,-0.17368208,-0.14158629,-0.2889843
1749911677554,207671166,-0.014129148,-0.25290224,-0.1974163
1749911677571,207687833,-0.257419,-0.16995165,-0.6563692
1749911677587,207704500,0.17109793,-1.0259353,-1.2107553
1749911677604,207721167,0.74070114,-0.5191106,-1.232173
1749911677621,207737834,9.83457E-05,-0.1362669,-0.3878584
1749911677637,207754501,-0.36762205,0.21597499,0.027620316
1749911677654,207771168,-0.0052983747,-0.14243564,-0.16979599
1749911677671,207787835,0.29837394,-0.4495165,-0.92309
1749911677687,207804502,-0.11002626,-1.1899542,-1.255043
1749911677704,207821169,0.77028054,-0.14439161,-1.1208029
1749911677721,207837836,-0.26589906,-0.1327126,-0.774333
1749911677737,207854503,0.47157457,0.3228551,-0.86461735
1749911677754,207871170,-0.7331227,-0.667388,-0.5840483
1749911677771,207887837,-0.30106926,-0.7112323,-1.257679
1749911677787,207904504,-0.14970261,-0.28740838,-1.4495859
1749911677804,207921171,-0.36499912,-0.1833973,-1.0121136
1749911677821,207937838,-0.039377395,0.51609725,-0.33253098
1749911677837,207954505,-0.36125237,-0.17249277,-0.24183941
1749911677854,207971172,-0.35007492,-0.3695782,-0.89898777
1749911677871,207987839,-0.5609125,-0.5789162,-1.7012205
1749911677887,208004506,0.27104476,0.04678752,-1.9095297
1749911677904,208021173,-0.1848879,0.13347076,-1.2624121
1749911677921,208037840,-0.33719814,0.2572147,-0.47847366
1749911677937,208054507,-0.6355776,-0.2831395,0.032211304
1749911677954,208071174,-0.24293199,-0.69297534,-0.26908398
1749911677971,208087841,0.264101,-0.4721454,-1.5887718
1749911677987,208104508,0.77327746,0.3198771,-2.1867576
1749911678004,208121175,0.0920433,0.4115316,-1.69905
1749911678021,208137842,-0.7781966,0.15246668,-0.7789717
1749911678037,208154509,-0.93448865,-0.34749156,0.2754898
1749911678054,208171176,-0.26049206,-0.6549799,0.051365852
1749911678071,208187843,0.3184351,-0.302717,-0.79854393
1749911678087,208204510,0.39111125,-0.2659621,-1.0942745
1749911678104,208221177,-0.29977715,-0.030491637,-1.1154165
1749911678121,208237844,-1.2614142,-0.12267598,-1.0931959
1749911678137,208254511,-1.2982022,-0.60882246,-0.6616802
1749911678154,208271178,-0.2697066,-0.51018935,-0.9070759
1749911678171,208287845,0.41176137,-0.44490677,-0.7774706
1749911678187,208304512,0.24794203,-0.21829818,0.051548958
1749911678204,208321179,-0.40222633,-0.2267045,0.13751411
1749911678221,208337846,-0.4485031,-0.5337098,0.30579376
1749911678237,208354513,0.21518509,-0.7874748,0.050042152
1749911678254,208371180,0.6233859,-0.6608595,-0.12445927
1749911678271,208387847,0.23090073,-0.3637175,0.9084387
1749911678287,208404514,0.074516535,-0.091691494,2.218834
1749911678304,208421181,1.0469803,0.17346774,3.0937233
1749911678321,208437848,0.4428004,-0.2853203,2.1546621
1749911678337,208454515,0.9329006,-1.1419091,1.063139
1749911678354,208471182,0.68029654,-0.70472586,1.609168
1749911678371,208487849,0.3013804,-0.24016511,1.9077797
1749911678387,208504516,0.2061802,-0.8371664,1.9635859
1749911678404,208521183,0.18494266,-0.4721394,1.718317
1749911678421,208537850,0.36868083,-0.34019387,2.2464933
1749911678437,208554517,0.2310174,-0.38321787,2.9638748
1749911678454,208571184,0.11180945,-0.41295606,2.3549871
1749911678471,208587851,0.310605,-0.5286601,1.3652983
1749911678487,208604518,0.015168036,-0.50144595,0.87526417
1749911678504,208621185,0.002171652,-0.31083098,1.0588627
1749911678521,208637852,-0.035099357,-0.5847214,1.2779722
1749911678537,208654519,0.2685745,-0.81607294,1.8616123
1749911678554,208671186,0.49571553,-0.64721024,2.3765955
1749911678571,208687853,0.43567502,-0.529622,2.119875
1749911678587,208704520,0.564777,-0.65014064,0.9725065
1749911678604,208721187,0.51083744,-0.43430164,0.37986374
1749911678621,208737854,0.20104097,0.08423745,0.3141489
1749911678637,208754521,0.07050716,0.007938286,-0.08213997
1749911678654,208771188,0.13971214,-0.5083652,-0.31738758
1749911678671,208787855,0.06622734,-0.38169888,-0.05636406
1749911678687,208804522,-0.01291659,-0.36033887,0.20664406
1749911678704,208821189,0.09045424,-0.6531205,0.13056469
