timestamp_ms,timestamp_μs,freeAcceleration_m/s²_x,freeAcceleration_m/s²_y,freeAcceleration_m/s²_z
1749911543728,73847911,-0.013084896,0.0022837436,0.12182522
1749911543745,73864578,-0.058660753,0.07854067,0.09685516
1749911543761,73881245,-0.045358155,0.15406324,0.040683746
1749911543778,73897912,-0.07361489,0.13123307,0.019328117
1749911543795,73914579,-0.01919641,0.089389645,-0.013930321
1749911543811,73931246,-0.01316916,0.110847004,-0.0088272095
1749911543828,73947913,0.0099404035,0.16197436,0.0015983582
1749911543845,73964580,0.034109082,0.15328127,0.008603096
1749911543861,73981247,0.08267297,0.17236492,0.017400742
1749911543878,73997914,0.06855455,0.16049683,0.046736717
1749911543895,74014581,-0.054235306,0.17401612,-0.011785507
1749911543911,74031248,-0.17223595,0.04800198,0.13616467
1749911543928,74047915,0.032091096,-0.066260524,0.10264683
1749911543945,74064582,0.11581693,-0.09893913,-0.0373621
1749911543961,74081249,-0.06244695,-0.028056799,0.061196327
1749911543978,74097916,-0.12963952,-0.043172088,0.108555794
1749911543995,74114583,-0.11163165,-0.036445353,0.15373611
1749911544011,74131250,-0.01616848,-0.15224898,0.22290611
1749911544028,74147917,-0.12860231,-0.22575368,0.35488892
1749911544045,74164584,-0.12095281,-0.26066494,0.4730358
1749911544061,74181251,0.041366436,-0.26907974,0.4112816
1749911544078,74197918,0.12535903,-0.29901394,0.42897034
1749911544095,74214585,0.12575454,-0.17585708,0.32662964
1749911544111,74231252,0.18302414,-0.06643934,0.30033875
1749911544128,74247919,0.14905152,-0.11842175,0.17741394
1749911544145,74264586,0.16519284,-0.0056491783,0.13844204
1749911544161,74281253,0.22502302,-0.041333467,0.11447525
1749911544178,74297920,0.2152071,-0.052622102,0.15167046
1749911544195,74314587,0.17820252,-0.02921862,0.21010208
1749911544211,74331254,0.13717091,-0.10905834,0.2395525
1749911544228,74347921,0.1918415,-0.113726296,0.2544632
1749911544245,74364588,0.16641612,-0.15160626,0.30470943
1749911544261,74381255,0.19983925,-0.1099173,0.29532814
1749911544278,74397922,0.078695334,-0.075146735,0.34837818
1749911544295,74414589,0.07927267,-0.09313796,0.2840662
1749911544311,74431256,-0.085115634,-0.054376792,0.35113907
1749911544328,74447923,-0.02488258,-0.21217728,0.16339779
1749911544345,74464590,-0.035031296,-0.0029013099,0.24943924
1749911544361,74481257,-0.17732668,-0.07311388,0.27142715
1749911544378,74497924,-0.057460934,-0.13883652,0.26327133
1749911544395,74514591,-0.03971937,-0.048331548,0.36693287
1749911544411,74531258,-0.011668606,0.006340727,0.24345493
1749911544428,74547925,-0.14429046,0.040088613,0.13581085
1749911544445,74564592,-0.21023136,0.0063139056,0.03857708
1749911544461,74581259,-0.24058935,-0.054867625,0.17610359
1749911544478,74597926,-0.033420105,0.06719649,0.23812962
1749911544495,74614593,-0.040729426,-0.07528374,0.16910458
1749911544511,74631260,0.037984125,-0.059458915,0.28681374
1749911544528,74647927,-0.0753936,-0.08236195,0.19696331
1749911544545,74664594,-0.032021135,0.049020413,0.10791874
1749911544561,74681261,-0.23171812,-0.016923284,0.05528164
1749911544578,74697928,-0.11274742,-0.078431256,-0.017296791
1749911544595,74714595,-0.27292317,0.23405416,-0.03913498
1749911544611,74731262,-0.4729532,0.10965255,-0.17089653
1749911544628,74747929,-0.08277422,-0.0497513,0.5419235
1749911544645,74764596,-0.041596208,-0.23785779,0.59704494
1749911544661,74781263,0.32747108,-0.4703714,0.86551
1749911544678,74797930,0.7762215,-0.45480505,1.0461397
1749911544695,74814597,1.0631024,-0.34158167,0.94962025
1749911544711,74831264,1.0423247,-0.45578158,0.9918299
1749911544728,74847931,1.0142708,-0.33035773,1.0281963
1749911544745,74864598,0.86854655,-0.31352597,0.8346739
1749911544761,74881265,0.46385464,-0.300293,0.6915426
1749911544778,74897932,0.28176266,-0.16595681,0.5066881
1749911544795,74914599,0.39109883,-0.39332592,0.40967464
1749911544811,74931266,0.41806534,-0.48815608,0.61696434
1749911544828,74947933,0.4870799,-0.4323849,1.0113697
1749911544845,74964600,0.8400303,-0.32702795,1.2685757
1749911544861,74981267,0.6291685,-0.31589836,1.1744432
1749911544878,74997934,0.47081685,-0.5371153,1.2394295
1749911544895,75014601,0.26572248,-0.3939095,1.3779259
1749911544911,75031268,0.3779736,-0.68964094,1.7405396
1749911544928,75047935,0.40543908,-0.12897256,2.2501688
1749911544945,75064602,0.4432242,-0.14982386,2.3389244
1749911544961,75081269,0.43727562,-0.15506479,2.2629642
1749911544978,75097936,-0.16546395,-0.11184096,2.4833736
1749911544995,75114603,-0.3906535,-0.3135936,2.7242756
1749911545011,75131270,-0.82760435,-0.3744743,3.0688047
1749911545028,75147937,-0.5862007,-0.24464588,3.1534119
1749911545045,75164604,-0.28773314,-0.19398823,2.5576391
1749911545061,75181271,-0.44920874,-0.3042521,1.5271101
1749911545078,75197938,-0.82603884,0.2710955,0.49291992
1749911545095,75214605,-0.9006052,0.42356265,-0.30769253
1749911545111,75231272,-1.1239041,0.3172952,-0.9845238
1749911545128,75247939,-1.0866252,0.07854737,-1.1304684
1749911545145,75264606,-0.7990378,0.33324283,-0.6679201
1749911545161,75281273,-0.6929469,0.37227088,-0.34718704
1749911545178,75297940,-0.49622604,0.16711438,-0.64700127
1749911545195,75314607,-0.47095007,0.04726338,-0.5183277
1749911545211,75331274,-0.527869,0.25672072,0.33999348
1749911545228,75347941,-0.5160177,0.39112285,0.9499836
1749911545245,75364608,-0.5594527,0.2254602,0.85345364
1749911545261,75381275,-0.6397714,0.29553175,0.25114632
1749911545278,75397942,-0.6754099,0.3547381,-0.2688656
1749911545295,75414609,-0.43989852,0.38190585,-0.9239464
1749911545311,75431276,-0.47895095,0.07050627,-1.0331755
1749911545328,75447943,0.029107198,0.27931163,-0.6210022
1749911545345,75464610,0.09126112,-0.3359089,-0.4170971
1749911545361,75481277,-0.08259139,-0.15888396,0.38175678
1749911545378,75497944,-0.13353737,-0.059535358,0.77630043
1749911545395,75514611,-0.1550031,0.1899013,0.3587656
1749911545411,75531278,-0.4816559,0.37049687,-0.7963562
1749911545428,75547945,-0.13413091,0.31781375,-1.3820572
1749911545445,75564612,0.20314802,0.19930415,-1.7231598
1749911545461,75581279,0.049018625,-0.06261335,-1.675746
1749911545478,75597946,0.23299158,-0.00089047564,-1.3292685
1749911545495,75614613,0.327309,0.13764443,-1.2644548
1749911545511,75631280,0.015585335,0.113434725,-1.5740547
1749911545528,75647947,-0.3559036,-0.04112348,-1.890296
1749911545545,75664614,-0.4500211,-0.093188584,-1.7087955
1749911545561,75681281,-0.22154,-0.031012647,-1.4297342
1749911545578,75697948,-0.37084946,0.11958167,-1.4875822
1749911545595,75714615,-0.40615836,0.21181071,-1.232832
1749911545611,75731282,-0.5292599,0.14382745,-1.3817911
1749911545628,75747949,-0.5370737,0.17998202,-1.3058767
1749911545645,75764616,-0.1869411,0.12106937,-1.1151304
1749911545661,75781283,-0.017098295,0.24300228,-1.1381674
1749911545678,75797950,-0.22687303,0.37127402,-0.9666605
1749911545695,75814617,-0.3010306,0.46777484,-1.2179947
1749911545711,75831284,-0.4823271,0.3731722,-1.6108742
1749911545728,75847951,-0.33878273,0.24503915,-1.8815613
1749911545745,75864618,-0.24278793,0.2230666,-1.6789207
1749911545761,75881285,-0.30117902,0.56176585,-1.373517
1749911545778,75897952,-0.3784859,0.61976844,-1.0268087
1749911545795,75914619,-0.20434247,0.50490797,-0.5468712
1749911545811,75931286,-0.45532897,0.7337852,-0.118330956
1749911545828,75947953,-0.46798182,1.0981503,0.28541946
1749911545845,75964620,-0.6766962,0.97923285,0.35705757
1749911545861,75981287,-0.13461314,0.9709975,0.110277176
1749911545878,75997954,0.25523436,0.03360115,-0.12715435
1749911545895,76014621,1.1634405,0.033533983,-0.6525507
1749911545911,76031288,0.9894655,-0.21785517,-0.9166231
1749911545928,76047955,-0.34994084,1.0867063,-0.7926674
1749911545945,76064622,-1.2009356,0.9149981,0.042769432
1749911545961,76081289,-0.8558606,0.15722571,-0.046423912
1749911545978,76097956,-0.6312681,0.6147383,-1.3796835
1749911545995,76114623,-1.0065646,-0.06626142,-1.8044586
1749911546011,76131290,-0.99056226,-0.096517585,-0.96349716
1749911546028,76147957,-0.8176665,1.48734,0.00021743774
1749911546045,76164624,-1.434276,0.09527709,1.364644
1749911546061,76181291,-0.60122615,1.2714816,1.0198851
1749911546078,76197958,-1.3621999,0.26293573,0.53002834
1749911546095,76214625,-0.65942514,1.1122956,-0.15214252
1749911546111,76231292,-0.8342638,-0.028097143,-0.13815212
1749911546128,76247959,-0.54556036,0.28825024,-0.12654495
1749911546145,76264626,-0.42050353,-0.06190951,0.41254997
1749911546161,76281293,-0.2890988,0.99097455,0.37300682
1749911546178,76297960,-0.34519476,0.17510451,0.45444965
1749911546195,76314627,-0.3580244,0.16032976,0.47202682
1749911546211,76331294,-0.42014334,0.8869901,0.6803913
1749911546228,76347961,0.15460692,0.008810657,0.498991
1749911546245,76364628,-0.20870611,0.36986724,0.052297592
1749911546261,76381295,-0.8645606,0.8923035,-0.013429642
1749911546278,76397962,-1.2346069,0.6569516,-0.07274532
1749911546295,76414629,-1.1663351,0.16768053,-0.33790588
1749911546311,76431296,-0.73771745,0.21121182,-0.35278893
1749911546328,76447963,-0.45935455,0.374253,-0.23557758
1749911546345,76464630,-0.22061008,0.42399815,0.29956055
1749911546361,76481297,-0.07739941,0.33031067,0.6368246
1749911546378,76497964,-0.00096792285,0.26054034,0.39505196
1749911546395,76514631,-0.07723859,0.20305783,-0.030179024
1749911546411,76531298,-0.18047643,0.32291788,-0.24290466
1749911546428,76547965,-1.1325035,0.47607845,-0.180089
1749911546445,76564632,-1.4070487,0.11497618,0.18516731
1749911546461,76581299,-1.4520926,0.33301508,0.59474945
1749911546478,76597966,-1.3302275,0.5436747,0.47753906
1749911546495,76614633,-1.3019906,0.42549154,0.21081448
1749911546511,76631300,-1.0746043,0.43624878,0.059467316
1749911546528,76647967,-1.1851853,0.41656065,-0.08599472
1749911546545,76664634,-0.83411604,0.46256432,-0.07819271
1749911546561,76681301,-0.7397748,0.366537,0.022277832
1749911546578,76697968,-0.48134297,0.34709093,-0.017133713
1749911546595,76714635,-0.44410738,0.4507836,0.11144066
1749911546611,76731302,-0.19256602,0.5379274,0.31766033
1749911546628,76747969,-0.12204914,0.5113503,0.12904453
1749911546645,76764636,-0.09521607,0.5238222,-0.1017952
1749911546661,76781303,-0.12861606,0.3800298,-0.1500721
1749911546678,76797970,-0.2274166,0.1636449,-0.172966
1749911546695,76814637,-0.24610174,0.383028,0.069711685
1749911546711,76831304,-0.44543853,0.6638909,0.5214443
1749911546728,76847971,-0.50563884,0.632868,0.67411995
1749911546745,76864638,-0.6195882,0.37922606,0.29323006
1749911546761,76881305,-0.7698242,0.37486643,-0.07723141
1749911546778,76897972,-0.91598237,0.44189394,-0.20446014
1749911546795,76914639,-0.94299465,0.42542988,-0.111548424
1749911546811,76931306,-0.82752365,0.4377449,0.08784199
1749911546828,76947973,-0.7464541,0.41593224,0.1723957
1749911546845,76964640,-0.81128585,0.43657267,0.093336105
1749911546861,76981307,-0.78134185,0.47575492,0.16854858
1749911546878,76997974,-0.73408717,0.5939898,0.19304562
1749911546895,77014641,-0.7094994,0.5718149,0.2036171
1749911546911,77031308,-0.7797757,0.4515895,0.23141098
1749911546928,77047975,-0.6957556,0.49507415,0.24972439
1749911546945,77064642,-0.68000215,0.49248645,0.13643837
1749911546961,77081309,-0.70067155,0.47155267,0.14678669
1749911546978,77097976,-0.66704637,0.28425092,0.2433157
1749911546995,77114643,-0.57128674,0.20815203,0.42938614
1749911547011,77131310,-0.4182246,0.250056,0.5276451
1749911547028,77147977,-0.6098731,0.23168224,0.18661022
1749911547045,77164644,-0.88337886,-0.0038701268,-0.11634445
1749911547061,77181311,-0.88545483,-0.21023002,-0.054858208
1749911547078,77197978,-0.9997839,-0.19982527,0.12993526
1749911547095,77214645,-1.1664953,-0.24827014,0.046733856
1749911547111,77231312,-1.192987,-0.20146698,-0.009587288
1749911547128,77247979,-1.1828674,-0.13691711,0.25986576
1749911547145,77264646,-1.2146168,-0.02213717,0.37382412
1749911547161,77281313,-1.2512642,-0.02902271,0.28096008
1749911547178,77297980,-1.0548748,0.023085536,0.042199135
1749911547195,77314647,-1.1154215,0.08535669,0.029927254
1749911547211,77331314,-1.0782121,0.041132197,-0.030934334
1749911547228,77347981,-1.0939665,0.18561879,0.14503193
1749911547245,77364648,-0.9948955,0.47992614,0.6452074
1749911547261,77381315,-0.849758,0.4591477,0.27173615
1749911547278,77397982,-0.942053,0.46872264,-0.27150154
1749911547295,77414649,-1.0563298,0.77556133,-0.3293705
1749911547311,77431316,-1.4686757,1.0186062,-0.2196579
1749911547328,77447983,-1.5626577,1.2355145,-0.34281445
1749911547345,77464650,-1.5999724,1.2904992,-0.4638214
1749911547361,77481317,-1.669899,0.97330236,-0.26620674
1749911547378,77497984,-1.3921455,0.43966183,0.10906029
1749911547395,77514651,-0.5318958,-0.01429857,0.37703514
1749911547411,77531318,0.7614305,-0.17892994,0.59928226
1749911547428,77547985,1.9122593,0.015598634,0.34555626
1749911547445,77564652,2.4891264,0.40048337,0.04525757
1749911547461,77581319,2.3277442,0.751198,0.17647743
1749911547478,77597986,2.0093474,0.8185059,0.74219704
1749911547495,77614653,1.3588539,1.1680415,0.6527939
1749911547511,77631320,0.3243857,0.74867654,0.18066502
1749911547528,77647987,0.5518392,0.36760014,-0.48099327
1749911547545,77664654,0.69340503,0.05162557,-0.9850321
1749911547561,77681321,0.9505511,0.10216453,-1.2301655
1749911547578,77697988,0.68865037,0.36036915,-0.66561604
1749911547595,77714655,0.33969274,0.79659903,-0.036231995
1749911547611,77731322,0.29110685,0.9363172,0.14374924
1749911547628,77747989,0.6699542,0.5888817,-0.5920744
1749911547645,77764656,0.3509453,0.28507805,-1.9923496
1749911547661,77781323,-0.23534417,0.9357616,-2.5264616
1749911547678,77797990,-2.651755,1.1690716,-1.7492962
1749911547695,77814657,-4.9874835,1.6876926,0.19512367
1749911547711,77831324,-1.7991831,-1.573415,2.5761986
1749911547728,77847991,2.1329932,-2.46592,-0.4659996
1749911547745,77864658,2.7744703,-0.62746143,-6.278253
1749911547761,77881325,1.8967001,1.4925907,-4.4812646
1749911547778,77897992,0.9812355,0.9602769,-1.6313267
1749911547795,77914659,-0.14806426,-1.566149,-1.4827433
1749911547811,77931326,-0.3860935,-2.8450472,-2.413177
1749911547828,77947993,0.45575476,-2.0730772,-3.4749699
1749911547845,77964660,1.8974609,-0.43266493,-4.239804
1749911547861,77981327,3.217868,0.63466334,-4.79039
1749911547878,77997994,0.17650037,0.50402015,-2.9065037
1749911547895,78014661,-2.6783297,-0.82645816,-1.283762
1749911547911,78031328,-2.2433693,-1.319789,-0.48706436
1749911547928,78047995,0.029460572,-1.0124778,-1.2712975
1749911547945,78064662,2.949207,0.16861683,-2.3591447
1749911547961,78081329,1.5977035,0.8949134,-2.1679
1749911547978,78097996,-1.7849959,-0.0117261605,-1.754489
1749911547995,78114663,-1.4683201,-0.81751806,-0.21168423
1749911548011,78131330,0.114308104,-0.7663535,0.76363564
1749911548028,78147997,1.643909,-0.02778646,0.34997368
1749911548045,78164664,1.4282902,0.50287825,-0.65600014
1749911548061,78181331,-0.03343687,0.48749873,-0.7282858
1749911548078,78197998,-1.0902951,0.28597343,0.5319786
1749911548095,78214665,-0.624193,0.3171734,1.9018688
1749911548111,78231332,0.6153636,0.25723234,1.2099638
1749911548128,78247999,1.0617552,-0.024988301,0.18873215
1749911548145,78264666,-0.10313335,0.12792563,1.3194942
1749911548161,78281333,-1.4829271,0.15278138,2.737585
1749911548178,78298000,-1.4114197,-0.0028348148,2.587082
1749911548195,78314667,-1.0371739,-0.12830672,1.6928587
1749911548211,78331334,-0.17708574,-0.0463472,1.7641764
1749911548228,78348001,0.083187945,-0.13350004,1.6974659
1749911548245,78364668,0.37323087,-0.18499385,0.59450054
1749911548261,78381335,0.5589409,-1.0245725,2.3905344
1749911548278,78398002,0.59003484,-0.5966848,2.4965706
1749911548295,78414669,1.1602658,-1.7956511,-0.030098915
1749911548311,78431336,1.1499321,-0.30625856,0.1478653
1749911548328,78448003,0.66345125,-0.6946551,1.5141554
1749911548345,78464670,0.6674242,-0.5376926,1.9816189
1749911548361,78481337,0.49978995,-0.50907,1.9527779
1749911548378,78498004,0.35580224,-0.72370464,2.1912308
1749911548395,78514671,0.093514465,0.14598592,2.9336576
1749911548411,78531338,-0.06836613,0.57407,3.5216208
1749911548428,78548005,0.7100314,0.26950443,2.3487043
1749911548445,78564672,0.9893868,-0.35294473,1.0874577
1749911548461,78581339,0.9469281,-0.24740057,1.0704298
1749911548478,78598006,0.7095633,0.55839235,1.4792318
1749911548495,78614673,0.272644,0.17685921,1.3484287
1749911548511,78631340,0.4420836,-0.022504961,1.103344
1749911548528,78648007,0.46860632,-0.054983515,1.3077192
1749911548545,78664674,0.28275597,-0.34506086,1.1574373
1749911548561,78681341,-0.025861343,-0.54873055,0.9876394
1749911548578,78698008,-0.10108843,-0.48835468,1.2043991
1749911548595,78714675,0.086781584,-0.46207973,0.6684904
1749911548611,78731342,0.24194048,-0.4354599,0.24879456
1749911548628,78748009,0.20805949,-0.42120725,0.27048206
1749911548645,78764676,0.19053541,-0.35116357,0.35537243
1749911548661,78781343,0.23585445,-0.47602236,0.4504137
1749911548678,78798010,0.3531652,-0.46281743,0.37263107
1749911548695,78814677,0.38876995,-0.28611177,0.4585514
1749911548711,78831344,0.3903207,-0.07585102,0.5557585
1749911548728,78848011,0.39965704,-0.3782066,0.4495201
1749911548745,78864678,0.18956089,-0.2621911,0.8245678
1749911548761,78881345,0.23970222,-0.3117579,0.8282232
1749911548778,78898012,0.2316077,-0.31342226,0.9706545
1749911548795,78914679,0.2978069,-0.31947532,0.9151783
1749911548811,78931346,0.2522232,-0.26180708,0.41061592
1749911548828,78948013,0.12787646,-0.07187305,-0.0023288727
1749911548845,78964680,-0.0051575615,0.045309763,0.0013904572
1749911548861,78981347,-0.0068830815,0.082384974,0.26344967
1749911548878,78998014,0.0786817,-0.1502501,0.44160366
1749911548895,79014681,0.16096821,-0.29079774,0.7004738
1749911548911,79031348,0.18193395,-0.3271672,0.89636135
1749911548928,79048015,0.43795463,-0.42484248,1.0612898
1749911548945,79064682,0.32352138,-0.02383855,0.7127905
1749911548961,79081349,-0.18290177,0.3843541,0.27171612
1749911548978,79098016,0.17255513,-0.18728329,0.12012577
1749911548995,79114683,0.64837265,-0.62472755,-0.09261894
1749911549011,79131350,-0.06877494,0.36843058,-0.5480299
1749911549028,79148017,-1.0898386,0.8654249,0.61276627
1749911549045,79164684,0.28333956,-0.70928395,0.4566803
1749911549061,79181351,0.95704806,-0.6606046,0.5635853
1749911549078,79198018,0.75536674,0.31414825,0.7837553
1749911549095,79214685,0.48047462,0.10749856,-0.22446632
1749911549111,79231352,0.1948197,0.33904904,-0.8869152
1749911549128,79248019,-0.37180755,0.61801076,-0.60658264
1749911549145,79264686,-0.33109108,0.39725775,-0.49803257
1749911549161,79281353,0.3461925,-0.0016829408,-0.19001102
1749911549178,79298020,0.7600288,0.22970237,0.37053108
1749911549195,79314687,0.37325388,-0.057116948,0.5701933
1749911549211,79331354,0.06123562,-0.23462456,0.5362139
1749911549228,79348021,-0.17433988,-0.24920823,0.33734417
1749911549245,79364688,-0.24536894,-0.17608362,0.2821808
1749911549261,79381355,-0.18222721,-0.025104417,0.20357227
1749911549278,79398022,-0.10215369,0.043791328,0.13763142
1749911549295,79414689,0.036226757,0.16884057,0.14167786
1749911549311,79431356,0.16010702,0.17534882,0.06357288
1749911549328,79448023,0.2145863,0.23240162,0.13730717
1749911549345,79464690,0.23908377,0.25109735,0.081861496
1749911549361,79481357,0.2901111,0.27109832,0.10785103
1749911549378,79498024,0.26784408,0.19187525,0.19504166
1749911549395,79514691,0.24316958,0.12135178,0.17484188
1749911549411,79531358,0.19057989,0.15849416,0.18269825
1749911549428,79548025,0.12253092,0.111668415,0.13652706
1749911549445,79564692,0.13262856,0.107403114,0.043320656
1749911549461,79581359,0.11366326,0.059305027,0.056087494
1749911549478,79598026,0.18576698,0.06554618,0.121323586
1749911549495,79614693,0.21580869,0.06022836,0.112036705
1749911549511,79631360,0.28592336,0.041230094,0.00537014
1749911549528,79648027,0.2605059,0.066204764,-0.10962486
1749911549545,79664694,0.10840021,0.19447717,0.089570045
1749911549561,79681361,0.07850401,0.051361043,0.16413975
1749911549578,79698028,0.06917011,-0.17915624,0.058296204
1749911549595,79714695,-0.05838449,0.051289294,0.1517191
1749911549611,79731362,0.049626134,0.23100723,0.41817665
1749911549628,79748029,0.2945237,0.038706634,0.33569908
1749911549645,79764696,0.4077169,0.0071041356,0.22642422
1749911549661,79781363,0.36659813,0.089987434,0.18288612
1749911549678,79798030,0.33248425,0.10250885,0.11725998
1749911549695,79814697,0.14818886,0.023998475,0.09570122
1749911549711,79831364,0.031170893,0.021886723,0.19867992
1749911549728,79848031,0.122447774,-0.03665322,0.25170135
1749911549745,79864698,0.19664447,-0.12942585,0.25082874
1749911549761,79881365,0.25470105,-0.08045326,0.31113434
1749911549778,79898032,0.27939343,-0.055192836,0.36763954
1749911549795,79914699,0.2698577,-0.058525525,0.34694767
1749911549811,79931366,0.23624782,-0.0724439,0.2206974
1749911549828,79948033,0.22678608,0.02183174,0.23005104
1749911549845,79964700,0.30181557,0.11945471,0.2742176
1749911549861,79981367,0.36256617,0.09803077,0.2900772
1749911549878,79998034,0.36575815,0.049997725,0.20501709
1749911549895,80014701,0.3763339,0.10573392,0.28286266
1749911549911,80031368,0.25688365,0.008755896,0.3669548
1749911549928,80048035,0.35156375,0.064419895,0.32151127
1749911549945,80064702,0.31635755,-0.006420298,0.29852486
1749911549961,80081369,0.30212492,0.02288985,0.29973793
1749911549978,80098036,0.3435517,0.08363307,0.3046503
1749911549995,80114703,0.37216583,-0.00476742,0.23543072
1749911550011,80131370,0.24406922,0.051119648,0.13774109
1749911550028,80148037,0.48097417,-0.06000898,0.3847685
1749911550045,80164704,0.40297687,-0.056116614,0.3016796
1749911550061,80181371,0.26152155,-0.1206932,0.39878273
1749911550078,80198038,0.33031327,-0.11610794,0.42683315
1749911550095,80214705,0.3289543,-0.2865531,0.44767284
1749911550111,80231372,0.5444241,-0.24071674,0.61206913
1749911550128,80248039,0.62467647,-0.13826723,0.5076227
1749911550145,80264706,0.5398665,-0.22644354,0.46711636
1749911550161,80281373,0.6577367,0.037228987,0.49115658
1749911550178,80298040,0.539263,-0.21936053,0.62744427
1749911550195,80314707,0.44718796,-0.21208082,0.580616
1749911550211,80331374,0.5207246,-0.2694993,0.5411682
1749911550228,80348041,0.651034,-0.18232767,0.23425102
1749911550245,80364708,0.4893653,-0.55059767,0.51764107
1749911550261,80381375,0.31056455,-0.33768103,0.98808384
1749911550278,80398042,0.5952007,-0.52568907,1.7261372
1749911550295,80414709,1.6207837,-0.13781239,2.1495094
1749911550311,80431376,2.893656,-0.28385833,1.8784132
1749911550328,80448043,3.1125958,-0.47740746,1.5908766
1749911550345,80464710,2.1644304,-0.50802493,1.7091322
1749911550361,80481377,1.53244,-0.010255333,1.6430473
1749911550378,80498044,1.024513,-0.17928287,2.020422
1749911550395,80514711,0.75169885,-0.29350245,2.4488068
1749911550411,80531378,1.2016218,-0.8383142,2.1914854
1749911550428,80548045,1.3878105,-0.5872336,0.95307827
1749911550445,80564712,0.6747174,0.84819704,1.8801842
1749911550461,80581379,0.10228288,0.25414607,1.4822521
1749911550478,80598046,-0.30465552,-0.20520881,1.9296618
1749911550495,80614713,-0.17027172,0.82802093,3.2156553
1749911550511,80631380,0.06995375,0.594517,3.0181885
1749911550528,80648047,-0.19911875,1.1393647,2.4775238
1749911550545,80664714,-0.48626897,0.69354594,2.3974047
1749911550561,80681381,-0.38495973,0.33960402,2.3633661
1749911550578,80698048,-0.27237067,0.03013491,2.360855
1749911550595,80714715,-0.07711912,-0.27498308,1.6211996
1749911550611,80731382,-0.026687223,-0.30537793,1.3489027
1749911550628,80748049,0.3534531,-0.2165968,1.2704344
1749911550645,80764716,0.33281326,-0.07586544,1.2117357
1749911550661,80781383,0.42683175,0.15824069,0.61975384
1749911550678,80798050,0.012271085,-0.11468875,0.27544022
1749911550695,80814717,-0.074236475,-0.181345,-0.027996063
1749911550711,80831384,-0.023980482,-0.7430237,-0.5765772
1749911550728,80848051,-0.022276418,-0.4882484,-0.52247334
1749911550745,80864718,0.6462046,-0.782098,-0.4159479
1749911550761,80881385,0.79840773,-0.3445604,-0.500803
1749911550778,80898052,0.33217198,0.028942246,-1.1569939
1749911550795,80914719,0.25422654,-0.36833808,-1.8212314
1749911550811,80931386,0.38959023,-0.24227676,-2.182426
1749911550828,80948053,0.23152925,-0.3039585,-2.2951503
1749911550845,80964720,0.21344236,-0.110182054,-2.431857
1749911550861,80981387,0.32051736,-0.29971287,-2.2807088
1749911550878,80998054,0.61083287,-0.41194925,-2.2830997
1749911550895,81014721,0.48735023,-0.44889662,-2.029365
1749911550911,81031388,0.26719633,-0.116468914,-1.9379168
1749911550928,81048055,0.23578091,-0.18071693,-1.9340091
1749911550945,81064722,0.3111761,-0.03764282,-2.20536
1749911550961,81081389,-0.071934514,-0.16819853,-2.392589
1749911550978,81098056,-0.4072918,-0.14889763,-2.3527818
1749911550995,81114723,-0.36456951,-0.43286815,-2.268598
1749911551011,81131390,0.00962648,-0.28169718,-2.23497
1749911551028,81148057,-0.39297602,-0.017766152,-1.9855351
1749911551045,81164724,-0.4740817,0.39546493,-1.7692661
1749911551061,81181391,-0.1988539,0.50658584,-2.2644544
1749911551078,81198058,-0.24555334,0.28509313,-2.4632583
1749911551095,81214725,-0.6290377,0.31113786,-2.222187
1749911551111,81231392,-0.7941359,0.4472901,-2.0540004
1749911551128,81248059,-0.88098437,0.6408396,-1.661026
1749911551145,81264726,-0.53755355,0.46384346,-0.9109297
1749911551161,81281393,-0.43590993,0.22728004,-0.24241734
1749911551178,81298060,-0.0713098,0.20526133,0.16472721
1749911551195,81314727,0.049173295,0.4702089,0.51619434
1749911551211,81331394,-0.042515293,0.96785516,0.36228943
1749911551228,81348061,0.1119858,0.5895132,-0.000869751
1749911551245,81364728,0.29772553,-0.15454558,-0.20026875
1749911551261,81381395,0.58193094,0.3141676,-0.08795071
1749911551278,81398062,0.69992614,0.48384207,0.15624332
1749911551295,81414729,0.6145929,-0.09830815,0.34434128
1749911551311,81431396,0.40175605,0.27448532,0.3044529
1749911551328,81448063,0.47789618,-0.32529104,0.12758541
1749911551345,81464730,0.14653935,-0.053562086,-0.45495892
1749911551361,81481397,-0.114309445,-0.43203276,-0.3292904
1749911551378,81498064,-0.27673385,0.03137295,-0.0057287216
1749911551395,81514731,-0.46132314,0.30223757,-0.4572668
1749911551411,81531398,0.008444096,-0.21287777,-0.20133686
1749911551428,81548065,0.028777517,0.39601064,-0.114964485
1749911551445,81564732,-0.119784616,-0.1781814,0.4395876
1749911551461,81581399,-0.41493282,0.24096641,0.19617462
1749911551478,81598066,-0.8087823,0.59958935,0.016034126
1749911551495,81614733,-1.9588101,0.2904591,-0.33494473
1749911551511,81631400,-2.8090274,-0.30986428,-0.5506487
1749911551528,81648067,-1.0406256,0.015879478,-0.3383398
1749911551545,81664734,1.7752515,1.2469071,0.074077606
1749911551561,81681401,1.5521231,0.21837819,1.6068802
1749911551578,81698068,1.0031967,0.31141916,1.342124
1749911551595,81714735,-0.9067172,0.48453608,0.87869453
1749911551611,81731402,-1.1358025,0.012048913,0.3059988
1749911551628,81748069,-0.9270191,-0.4395818,-0.11896324
1749911551645,81764736,-0.7126217,-0.31768388,-0.35128212
1749911551661,81781403,-0.54302853,-0.08974224,-0.07110405
1749911551678,81798070,-0.26580876,0.077295475,0.12957573
1749911551695,81814737,0.11758793,0.08713206,0.16407585
1749911551711,81831404,0.5005405,0.024816308,0.04030037
1749911551728,81848071,0.4204187,0.18190055,0.14693165
1749911551745,81864738,0.20577832,0.23893423,0.30487347
1749911551761,81881405,0.089919485,0.18442993,0.23653793
1749911551778,81898072,-0.03381304,0.019085435,0.1171484
1749911551795,81914739,0.00063053006,0.06389386,-0.004650116
1749911551811,81931406,0.030005943,0.22398534,0.10816479
1749911551828,81948073,0.10990736,0.19897135,0.1536274
1749911551845,81964740,0.13181967,0.1344047,0.20084286
1749911551861,81981407,0.024554016,0.31166837,0.2794733
1749911551878,81998074,-0.15271477,0.36036065,0.3373127
1749911551895,82014741,-0.39673102,0.33355108,0.36975574
1749911551911,82031408,-0.572779,0.2982984,0.30054188
1749911551928,82048075,-0.40240625,0.20750864,0.06447315
1749911551945,82064742,-0.24817404,0.19461831,0.015812874
1749911551961,82081409,-0.10447085,0.41061085,0.13646984
1749911551978,82098076,-0.10411569,0.46014568,0.24516582
1749911551995,82114743,-0.12610064,0.4360912,0.35467148
1749911552011,82131410,-0.10587697,0.38315707,0.43588066
1749911552028,82148077,0.048500746,0.16564468,0.25712204
1749911552045,82164744,0.27993512,0.109153,-0.10177517
1749911552062,82181411,0.05994461,0.011484655,0.0026388168
1749911552078,82198078,0.19738162,0.3228201,0.10952091
1749911552095,82214745,-0.12495849,0.2783466,0.21324062
1749911552112,82231412,-0.09330727,0.22867487,0.20380974
1749911552128,82248079,-0.11939168,0.21068175,0.19764519
1749911552145,82264746,-0.22872283,0.2638007,0.26334286
1749911552162,82281413,-0.23128875,0.3510225,0.39836597
1749911552178,82298080,-0.38097537,0.36582577,0.3648386
1749911552195,82314747,-0.37468305,0.35435084,0.3820181
1749911552212,82331414,-0.3626511,0.278645,0.24592018
1749911552228,82348081,-0.29910818,0.35001224,0.120449066
1749911552245,82364748,-0.37304714,0.46954295,0.011615753
1749911552262,82381415,-0.415619,0.3939626,0.234622
1749911552278,82398082,-0.46554375,0.40831167,0.36285973
1749911552295,82414749,-0.43308184,0.3979722,0.17500973
1749911552312,82431416,-0.3046801,0.3673401,0.14570332
1749911552328,82448083,-0.2752808,0.32718375,0.2366991
1749911552345,82464750,-0.2585171,0.3752217,0.20189095
1749911552362,82481417,-0.29646087,0.44027102,0.06886959
1749911552378,82498084,-0.471516,0.42704073,-0.018306732
1749911552395,82514751,-0.5698615,0.38467464,-0.017814636
1749911552412,82531418,-0.57144576,0.3795565,0.15961552
1749911552428,82548085,-0.7420029,0.4518348,0.372427
1749911552445,82564752,-0.99943954,0.60467654,0.573123
1749911552462,82581419,-1.3663845,0.71414447,0.85839653
1749911552478,82598086,-1.6856707,0.35375842,0.95367527
1749911552495,82614753,-1.2240173,0.29491574,0.57936287
1749911552512,82631420,-1.2322663,0.15857217,0.1658783
1749911552528,82648087,-0.9392649,0.34609753,-0.34972
1749911552545,82664754,-0.81181693,0.15635738,-0.43448544
1749911552562,82681421,-0.57731295,0.05896853,-0.55610466
1749911552578,82698088,-0.290998,-0.001819619,-0.55240536
1749911552595,82714755,-0.8700823,-0.14621189,-0.3251505
1749911552612,82731422,-1.4512287,-0.19385502,-0.47649384
1749911552628,82748089,-0.9122176,-0.15568392,-0.19569778
1749911552645,82764756,-0.41630965,0.0822103,0.3882208
1749911552662,82781423,-0.18950814,0.33941045,0.39574623
1749911552678,82798090,0.6662644,-0.009312443,-0.54654026
1749911552695,82814757,0.59467083,-1.0681977,-1.9708557
1749911552712,82831424,-0.47464687,-1.2926898,-2.4773097
1749911552728,82848091,-0.109306104,-0.34283367,-1.5463486
1749911552745,82864758,-0.5007432,0.91802514,-0.6033287
1749911552762,82881425,-0.6385365,-0.26672515,-0.5437584
1749911552778,82898092,0.55138725,-1.5595907,-1.2425852
1749911552795,82914759,1.9429646,-1.1699615,-2.1720085
1749911552812,82931426,1.6120836,-1.0571896,-2.1997871
1749911552828,82948093,-0.035125285,1.0019616,-1.0681505
1749911552845,82964760,-0.94871503,-0.6807896,0.014001846
1749911552862,82981427,-0.7038258,-0.44915265,-1.236434
1749911552878,82998094,0.475191,-0.9510358,-2.846405
1749911552895,83014761,0.5167367,-1.5288497,-3.1649137
1749911552912,83031428,1.845105,-0.13475126,-3.1201916
1749911552928,83048095,1.0709224,1.7656299,-2.072348
1749911552945,83064762,0.15990877,0.5042478,-1.4208364
1749911552962,83081429,1.4950593,-0.68331534,-2.3353252
1749911552978,83098096,0.35044518,-0.41896117,-3.1028113
1749911552995,83114763,-0.6817637,-1.0922065,-2.4623337
1749911553012,83131430,0.34569028,-0.3212907,0.5650215
1749911553028,83148097,0.64027745,-0.64230514,2.560298
1749911553045,83164764,0.19881344,-0.20521171,-0.25499535
1749911553062,83181431,0.33520907,-0.63014203,-2.3988838
1749911553078,83198098,0.06216566,0.107494086,-2.538515
1749911553095,83214765,-0.31168637,-0.5056614,-1.5268288
1749911553112,83231432,0.13438314,-2.1722226,0.5203295
1749911553128,83248099,-0.1614253,-1.1074067,0.39507866
1749911553145,83264766,0.00289941,1.2606312,-1.402708
1749911553162,83281433,1.2444186,1.4819788,-1.5014896
1749911553178,83298100,1.4267051,-0.44476542,-0.95221615
1749911553195,83314767,-0.052636184,-1.916502,-0.6597023
1749911553212,83331434,-0.17647511,-1.0189229,0.0026226044
1749911553228,83348101,0.041336037,0.5479181,-0.27455807
1749911553245,83364768,1.6927832,0.4466883,0.8292141
1749911553262,83381435,1.8307122,0.56295115,1.6699457
1749911553278,83398102,1.0830711,0.018872987,2.3020382
1749911553295,83414769,0.4175566,-0.1903832,2.035387
1749911553312,83431436,0.29013613,-0.14190838,1.5597525
1749911553328,83448103,0.5321144,-0.0019045539,1.508894
1749911553345,83464770,0.90200573,0.18872093,1.9237976
1749911553362,83481437,1.136717,-0.16925742,2.2045393
1749911553378,83498104,0.83779806,-0.4316471,2.4356108
1749911553395,83514771,1.0119342,-0.01732963,3.2116804
1749911553412,83531438,1.0898575,0.39721134,2.7522278
1749911553428,83548105,1.9903406,-0.51590544,0.82703114
1749911553445,83564772,1.5089134,-0.010626253,0.5995817
1749911553462,83581439,0.7646327,0.17547153,1.4890509
1749911553478,83598106,0.9281465,0.10908606,0.83697796
1749911553495,83614773,1.3231509,-0.07398491,0.24647808
1749911553512,83631440,0.6725339,0.108184405,0.31006908
1749911553528,83648107,-0.044469915,0.09408342,0.36448002
1749911553545,83664774,0.09448541,-0.17144081,-0.12102413
1749911553562,83681441,-0.23463027,0.12888606,0.6702213
1749911553578,83698108,0.01082205,-0.1214546,0.7379999
1749911553595,83714775,0.44464618,0.06962909,0.8769617
1749911553612,83731442,0.6624944,0.11885503,0.8529844
1749911553628,83748109,0.7276652,0.12700017,1.5878916
1749911553645,83764776,0.5706351,0.47307175,1.0383282
1749911553662,83781443,0.72774076,-0.08397136,1.9366236
1749911553678,83798110,0.6687233,0.34552902,2.2625818
1749911553695,83814777,1.1235527,-0.77279145,1.1948633
1749911553712,83831444,0.111104935,0.21507947,0.22074223
1749911553728,83848111,0.059401028,-0.0007892242,0.5953474
1749911553745,83864778,0.0011332107,0.72508126,0.56642723
1749911553762,83881445,1.3781865,-0.09372323,0.8261776
1749911553778,83898112,0.13342896,0.47622943,0.8601465
1749911553795,83914779,0.44926307,-0.8183139,1.6683607
1749911553812,83931446,0.102462806,-0.20154141,0.72048473
1749911553828,83948113,0.1013848,-0.37964132,1.0654602
1749911553845,83964780,0.09329654,0.04855495,0.26696682
1749911553862,83981447,0.25729626,-0.4416502,0.79365444
1749911553878,83998114,0.24818408,-0.59836674,0.84991646
1749911553895,84014781,0.27852732,-0.7049978,0.69832134
1749911553912,84031448,0.29506123,-0.4882437,0.36466026
1749911553928,84048115,0.25357857,-0.41713542,0.503665
1749911553945,84064782,0.51440537,-0.53615385,1.045269
1749911553962,84081449,0.28285342,-0.30612782,0.34260273
1749911553978,84098116,0.527854,-0.43053138,0.92815304
1749911553995,84114783,0.49063295,-0.10416648,0.39605713
1749911554012,84131450,0.336714,0.03802257,0.47771358
1749911554028,84148117,0.35120702,0.016631376,0.6333399
1749911554045,84164784,0.38999793,0.002456128,0.53961277
1749911554062,84181451,0.28945085,-0.041994732,0.5688448
1749911554078,84198118,0.14207244,-0.08634775,0.46226788
1749911554095,84214785,0.072005145,-0.01454097,0.33734512
1749911554112,84231452,0.050908428,-0.01292676,0.34548378
1749911554128,84248119,0.08270739,-0.0009820042,0.28933907
1749911554145,84264786,0.11662973,0.09277732,0.27211475
1749911554162,84281453,0.18282756,0.08895693,0.2948246
1749911554178,84298120,0.21736948,0.05390406,0.23800278
1749911554195,84314787,0.16362691,0.10712954,0.11632538
1749911554212,84331454,0.17412956,0.16662958,0.08546543
1749911554228,84348121,0.20391735,0.12353192,0.14386177
1749911554245,84364788,0.22029236,0.12163832,0.25603485
1749911554262,84381455,0.23998027,0.06816117,0.32795715
1749911554278,84398122,0.2557974,0.0645758,0.35342884
1749911554295,84414789,0.23894228,0.07291831,0.27680016
1749911554312,84431456,0.24330637,0.12862243,0.19010162
1749911554328,84448123,0.25722697,0.15088812,0.19128609
1749911554345,84464790,0.24847555,0.11816593,0.24418163
1749911554362,84481457,0.2483696,0.08933277,0.23868465
1749911554378,84498124,0.23717742,0.10116733,0.20360947
1749911554395,84514791,0.24065082,0.068382226,0.21556568
1749911554412,84531458,0.24476568,0.07799138,0.23454094
1749911554428,84548125,0.24837318,0.06672253,0.19806576
1749911554445,84564792,0.2727314,0.056005865,0.16690445
1749911554462,84581459,0.27592137,0.15082185,0.07127094
1749911554478,84598126,0.22942622,0.09952618,0.17346382
1749911554495,84614793,0.24932759,0.098087765,0.2169342
1749911554512,84631460,0.25280678,0.11338253,0.22132969
1749911554528,84648127,0.25588256,0.14888892,0.2311163
1749911554545,84664794,0.23961103,0.0666148,0.2560339
1749911554562,84681461,0.2845443,0.12629667,0.2158413
1749911554578,84698128,0.19958635,0.060016803,0.2264595
1749911554595,84714795,0.25912237,0.11794879,0.16237068
1749911554612,84731462,0.26949695,0.11654793,0.17171574
1749911554628,84748129,0.25227147,0.08647347,0.16848278
1749911554645,84764796,0.2739511,0.037067387,0.11528206
1749911554662,84781463,0.34452823,0.015703686,0.24085236
1749911554678,84798130,0.33813173,0.14070117,0.23893356
1749911554695,84814797,0.2994383,0.02586436,0.3194008
1749911554712,84831464,0.29817834,0.03443418,0.36594677
1749911554728,84848131,0.21288134,0.009871561,0.26953506
1749911554745,84864798,0.13268958,-0.028777406,0.13354397
1749911554762,84881465,0.30231088,0.14279538,0.1683588
1749911554778,84898132,0.3630988,0.21549521,0.21527386
1749911554795,84914799,0.29550985,0.14608292,0.20476055
1749911554812,84931466,0.30443716,0.12748799,0.18711376
1749911554828,84948133,0.31945187,0.16023521,0.16745377
1749911554845,84964800,0.2853002,0.14419268,0.10532284
1749911554862,84981467,0.2697524,0.14578812,0.10979271
1749911554878,84998134,0.2892548,0.20181286,0.1062336
1749911554895,85014801,0.30723956,0.18403922,0.15667725
1749911554912,85031468,0.3200614,0.18131003,0.2122984
1749911554928,85048135,0.32450193,0.20294328,0.19952393
1749911554945,85064802,0.30262426,0.17439654,0.18833065
1749911554962,85081469,0.2877964,0.15200882,0.231781
1749911554978,85098136,0.303873,0.112882875,0.12850761
1749911554995,85114803,0.2810141,0.12847424,0.14870262
1749911555012,85131470,0.30042353,0.11069602,0.1981821
1749911555028,85148137,0.29391128,0.08122025,0.18797207
1749911555045,85164804,0.23814076,0.032522142,0.25418758
1749911555062,85181471,0.2807611,-0.028560486,0.25799942
1749911555078,85198138,0.2831536,0.028749466,0.2975397
1749911555095,85214805,0.31655425,0.032534212,0.33944988
1749911555112,85231472,0.44536924,0.035823874,0.38735676
1749911555128,85248139,0.45399505,0.11373434,0.28803825
1749911555145,85264806,0.46858105,0.17798583,0.229805
1749911555162,85281473,0.34049025,0.17013113,0.20235538
1749911555178,85298140,0.33592522,0.10864853,0.17885399
1749911555195,85314807,0.35666096,0.1784001,0.1462555
1749911555212,85331474,0.3040974,0.2466765,0.19442844
1749911555228,85348141,0.5559208,0.18725637,0.3216715
1749911555245,85364808,0.41141203,0.053900596,0.3276167
1749911555262,85381475,0.4354817,0.071235366,0.31690884
1749911555278,85398142,0.44093496,0.07952256,0.32804966
1749911555295,85414809,0.408866,0.044243943,0.31428623
1749911555312,85431476,0.3860013,0.03918305,0.27166653
1749911555328,85448143,0.3493132,-0.026006067,0.2394867
1749911555345,85464810,0.46427327,0.04953863,0.33834076
1749911555362,85481477,0.5116035,0.010268185,0.36742783
1749911555378,85498144,0.57263505,0.0344952,0.46420765
1749911555395,85514811,0.6056759,0.1008001,0.45660877
1749911555412,85531478,0.68068814,0.068632334,0.4941349
1749911555428,85548145,0.70190173,-0.024013562,0.48544407
1749911555445,85564812,0.68314993,0.07899842,0.45642567
1749911555462,85581479,0.53655607,0.089892104,0.21473503
1749911555478,85598146,0.78590107,-0.27895835,0.72142506
1749911555495,85614813,0.69222456,0.009245502,0.5104742
1749911555512,85631480,0.7629387,-0.2182166,0.5201559
1749911555528,85648147,0.7916143,-0.083371565,0.65857697
1749911555545,85664814,0.94370186,-0.10533484,0.6724472
1749911555562,85681481,0.8034651,-0.08135883,0.8139267
1749911555578,85698148,0.8117007,0.04225926,1.1189318
1749911555595,85714815,0.8734251,-0.08989479,1.2627754
1749911555612,85731482,0.9902243,0.31959334,1.4591637
1749911555628,85748149,0.54712576,0.5904894,2.7637873
1749911555645,85764816,1.1059984,-0.33727255,3.7955866
1749911555662,85781483,1.707979,-0.5350268,3.3611517
1749911555678,85798150,2.4150317,-0.08659529,2.7682552
1749911555695,85814817,2.6086998,0.17249434,2.8450336
1749911555712,85831484,1.4489965,0.7766577,3.5587606
1749911555728,85848151,0.49830872,-0.22865398,4.419842
1749911555745,85864818,0.15456457,-0.6167478,4.068412
1749911555762,85881485,0.7715623,-0.5227378,2.9571505
1749911555778,85898152,1.0993751,-0.08230596,1.1655493
1749911555795,85914819,1.0277383,0.22425915,0.41201115
1749911555812,85931486,0.52922344,0.7646556,1.0329351
1749911555828,85948153,0.24415907,0.66553175,1.0512314
1749911555845,85964820,0.50729686,0.50548786,0.5788145
1749911555862,85981487,0.8515636,0.2499304,0.09805679
1749911555878,85998154,0.80141395,0.18073168,0.3236723
1749911555895,86014821,0.8231517,0.34472606,0.5928602
1749911555912,86031488,0.764347,0.25135574,0.67016983
1749911555928,86048155,0.58335584,-0.016863829,0.3152113
1749911555945,86064822,0.29092202,-0.56537336,-0.21397305
1749911555962,86081489,-0.03282824,-0.4788772,-0.087124825
1749911555978,86098156,-0.13785072,-0.42078662,-0.29122543
1749911555995,86114823,-0.12571062,-0.26232353,-0.42512703
1749911556012,86131490,0.13447568,-0.29562807,-0.8130274
1749911556028,86148157,0.13720745,-0.3547678,-1.0699139
1749911556045,86164824,0.08822638,-0.48864335,-1.1244345
1749911556062,86181491,0.046272993,-0.5101196,-1.2852707
1749911556078,86198158,0.053752407,-0.31081712,-1.3275394
1749911556095,86214825,-0.02275563,-0.3016522,-1.5259333
1749911556112,86231492,0.17682646,-0.45071042,-1.7474155
1749911556128,86248159,0.24727775,-0.44737202,-2.122141
1749911556145,86264826,0.4390351,-0.11521478,-2.212761
1749911556162,86281493,0.45796597,-0.1985669,-2.6191087
1749911556178,86298160,0.49193347,-0.22056302,-2.6303458
1749911556195,86314827,0.7340293,-0.3931507,-1.9166985
1749911556212,86331494,0.75478894,-0.06722901,-1.1103268
1749911556228,86348161,0.5106663,0.109269,-0.59043884
1749911556245,86364828,0.32118812,0.0348146,-0.73916054
1749911556262,86381495,0.49540463,-0.09932089,-1.1747055
1749911556278,86398162,0.33659866,-0.24968733,-1.3061352
1749911556295,86414829,0.12951994,-0.14187798,-1.0806198
1749911556312,86431496,0.038958754,0.062236734,-0.79783535
1749911556328,86448163,-0.17081262,-0.17921448,-0.7487469
1749911556345,86464830,-0.20843634,-0.21478969,-1.310483
1749911556362,86481497,-0.037013076,-0.029185092,-1.9204464
1749911556378,86498164,0.17154239,0.17700036,-2.166854
1749911556395,86514831,0.1478641,0.06668352,-1.8183222
1749911556412,86531498,0.20231566,0.28229305,-1.3550472
1749911556428,86548165,0.104249574,0.21722788,-1.131814
1749911556445,86564832,-0.090454355,0.21600136,-0.7842512
1749911556462,86581499,-0.15415733,-0.016110143,-0.86241627
1749911556478,86598166,-0.0029530532,0.39957356,-1.089262
1749911556495,86614833,-0.12246409,0.36685717,-0.92765236
1749911556512,86631500,-0.145076,0.29896757,-0.6316776
1749911556528,86648167,0.025913198,0.67117923,-0.41450787
1749911556545,86664834,-0.19477366,0.720528,-0.14374447
1749911556562,86681501,-0.38339892,0.3499225,-0.1003685
1749911556578,86698168,-0.4052073,0.3217898,-0.14844418
1749911556595,86714835,-0.47517177,0.6861854,-0.0490036
1749911556612,86731502,-0.67732024,-0.15445237,0.049545288
1749911556628,86748169,-0.14808539,0.72904295,-0.19305992
1749911556645,86764836,-0.0042668623,-0.43706998,0.697505
1749911556662,86781503,0.5060164,0.6929257,-0.1464777
1749911556678,86798170,-0.18903832,0.07729726,-0.054329872
1749911556695,86814837,-0.0009888213,0.20893633,-0.017529488
1749911556712,86831504,0.33690152,0.33402926,-0.6094456
1749911556728,86848171,-0.048060425,0.06668129,-0.27747822
1749911556745,86864838,-0.24805737,0.15179414,0.40910244
1749911556762,86881505,0.32040963,0.26893905,0.35643864
1749911556778,86898172,-0.049630158,-0.36347654,0.5533056
1749911556795,86914839,0.7590462,0.42411113,0.3180523
1749911556812,86931506,0.2520491,0.2421982,0.15483856
1749911556828,86948173,-0.09436605,0.32565212,-0.07857418
1749911556845,86964840,-0.77866817,0.2777658,0.0023241043
1749911556862,86981507,-0.6538197,0.39625874,-0.09857082
1749911556878,86998174,-0.27948105,0.060872637,0.15554619
1749911556895,87014841,0.31487074,0.090138525,0.027205467
1749911556912,87031508,0.11895091,0.12347213,-0.13752556
1749911556928,87048175,-0.05758431,0.11229045,-0.20073032
1749911556945,87064842,-0.54580903,-0.108907804,-0.40680408
1749911556962,87081509,-0.96451294,-0.32579696,-0.3697157
1749911556978,87098176,-0.59664685,-0.14998792,-0.12724018
1749911556995,87114843,-0.6734555,-0.12852576,0.48807526
1749911557012,87131510,-0.27848038,0.057130806,0.8328905
1749911557028,87148177,-0.08078809,0.15922728,1.0306787
1749911557045,87164844,-0.12782528,0.23590876,0.63107777
1749911557062,87181511,-0.38642463,0.17460407,0.048825264
1749911557078,87198178,-0.42072067,-0.05409483,-0.2287035
1749911557095,87214845,-0.31937408,-0.29722306,-0.26246262
1749911557112,87231512,-0.10131843,-0.147268,-0.10156536
1749911557128,87248179,-0.12912947,0.18988074,0.25779343
1749911557145,87264846,-0.10579271,0.18461634,0.46982765
1749911557162,87281513,-0.04469499,0.13383912,0.4480276
1749911557178,87298180,-0.02347266,0.20711672,0.40716457
1749911557195,87314847,-0.055800904,0.1956429,0.2683258
1749911557212,87331514,0.07933905,0.081530154,-0.054107666
1749911557228,87348181,0.17578377,0.12501661,-0.04066181
1749911557245,87364848,0.05079399,0.23226103,0.11577511
1749911557262,87381515,-0.1171342,0.07519401,0.031876564
1749911557278,87398182,-0.21644436,0.11537873,0.052610397
1749911557295,87414849,-0.12598933,0.23240028,0.20964146
1749911557312,87431516,0.05319899,0.005321173,0.20645046
1749911557328,87448183,0.34177858,-0.010953364,-0.11445999
1749911557345,87464850,-0.05329465,0.10016264,0.17881966
1749911557362,87481517,-0.2784323,0.15240566,0.3750124
1749911557378,87498184,-0.27766657,-0.03923904,0.08578682
1749911557395,87514851,-0.2269231,-0.0031741075,0.22029781
1749911557412,87531518,-0.18224822,0.061513,0.4392147
1749911557428,87548185,-0.10219571,0.04884652,0.38939095
1749911557445,87564852,0.044148054,0.08344968,0.28512096
1749911557462,87581519,0.037575435,-0.005108612,0.04151249
1749911557478,87598186,0.0329619,-0.09290651,-0.11418438
1749911557495,87614853,-0.007364081,-0.052441057,-0.07530689
1749911557512,87631520,0.01884259,0.03902067,0.09499359
1749911557528,87648187,0.0040411144,0.06755098,0.23865986
1749911557545,87664854,-0.03345095,-0.043168623,0.16009712
1749911557562,87681521,-0.12674704,-0.06649421,0.06017685
1749911557578,87698188,-0.092107676,-0.041469924,0.057953835
1749911557595,87714855,-0.0182096,-0.02057124,0.050707817
1749911557612,87731522,-0.03300504,-0.0188446,0.080804825
1749911557628,87748189,-0.058843363,0.073375724,0.17780018
1749911557645,87764856,-0.03913153,0.12838674,0.20570946
1749911557662,87781523,-0.0592544,0.12712099,0.1800003
1749911557678,87798190,-0.1046881,0.099187,0.14844131
1749911557695,87814857,-0.08040454,0.17059313,0.22072983
1749911557712,87831524,-0.20239344,0.19123344,0.15962315
1749911557728,87848191,-0.34592786,0.22914995,0.09405136
1749911557745,87864858,-0.5222367,0.4132093,0.16950035
1749911557762,87881525,-0.4258693,0.4172008,0.24482536
1749911557778,87898192,-0.16774982,0.046034504,0.16102123
1749911557795,87914859,-0.16412668,-0.1589841,0.14256477
1749911557812,87931526,-0.23209496,0.23353818,0.49406528
1749911557828,87948193,-0.20722042,0.27114782,0.7680807
1749911557845,87964860,-0.25509667,0.43413705,0.3502903
1749911557862,87981527,-0.5459954,0.4554682,-0.058166504
1749911557878,87998194,-0.6064843,0.46068144,0.006714821
1749911557895,88014861,-0.51152503,0.40445095,0.18515396
1749911557912,88031528,-0.4155544,0.27213663,-0.015247345
1749911557928,88048195,-0.48969185,-0.042092405,0.033412933
1749911557945,88064862,-0.5343325,0.092260785,0.09835529
1749911557962,88081529,-0.6762418,0.22537638,0.029841423
1749911557978,88098196,-0.8084819,0.5695984,0.2224474
1749911557995,88114863,-0.63900054,0.64970547,0.35655785
1749911558012,88131530,-0.9767,0.40663645,0.08263016
1749911558028,88148197,-0.43307847,0.25676095,-0.45289898
1749911558045,88164864,-0.7690618,-0.38740426,-0.68313026
1749911558062,88181531,-0.792142,-0.018258773,-0.46282196
1749911558078,88198198,-0.690833,-0.12843189,-0.016155243
1749911558095,88214865,-0.69310474,0.5080847,0.56980324
1749911558112,88231532,-0.55256337,1.1135849,0.8928089
1749911558128,88248199,-0.8993634,-0.036515757,0.1844225
1749911558145,88264866,-1.0111132,-0.80987215,-0.72486687
1749911558162,88281533,-1.3498206,-0.1588035,0.023562431
1749911558178,88298200,-0.9450074,0.8339132,0.5188217
1749911558195,88314867,-0.19876672,0.051852323,-0.8615217
1749911558212,88331534,1.1021183,-0.22061276,-2.482195
1749911558228,88348201,0.32721716,-1.2944423,-1.2754917
1749911558245,88364868,-0.5882275,-0.72071594,-0.43806934
1749911558262,88381535,-0.7715428,-0.30507752,-0.90191746
1749911558278,88398202,-0.20790839,-0.020110913,-2.7134514
1749911558295,88414869,0.3436048,-1.1577841,-3.263914
1749911558312,88431536,0.98579806,-0.6230376,-2.3766332
1749911558328,88448203,1.2501022,0.037919085,-1.2189398
1749911558345,88464870,1.5690732,0.017152384,-0.7559376
1749911558362,88481537,2.3233387,0.18582197,-1.673666
1749911558378,88498204,1.665205,-0.7532682,-1.9105606
1749911558395,88514871,1.6077604,-0.014985538,-2.4233003
1749911558412,88531538,0.44930643,-0.10947877,-3.071216
1749911558428,88548205,0.5819101,-0.96082914,-3.3842907
1749911558445,88564872,1.1717812,-0.44958937,-3.4123335
1749911558462,88581539,0.79507446,0.59368885,-3.510377
1749911558478,88598206,0.18318005,-0.075584814,-2.2063103
1749911558495,88614873,-0.14627157,-0.15998343,-0.5683508
1749911558512,88631540,0.44882005,-1.3285149,0.8585386
1749911558528,88648207,1.955433,-1.227571,1.014574
1749911558545,88664874,1.2080806,-0.1808051,-1.2571383
1749911558562,88681541,-0.34668604,0.076780945,-3.2852197
1749911558578,88698208,-0.8960813,-0.14258215,-2.3712173
1749911558595,88714875,-0.022988532,-1.1116717,0.9470701
1749911558612,88731542,0.98779005,-0.22257398,2.6013536
1749911558628,88748209,0.8688038,0.19470683,0.7406435
1749911558645,88764876,0.9181767,-0.4695996,-0.77304363
1749911558662,88781543,0.42573228,-0.68784547,0.33946228
1749911558678,88798210,-0.6952746,-0.45309407,-0.0021533966
1749911558695,88814877,-0.4322734,-0.81786126,-0.52424145
1749911558712,88831544,0.804146,-0.61996895,0.3227396
1749911558728,88848211,1.2292967,0.025941584,1.5661392
1749911558745,88864878,0.8311772,0.005628727,1.4440546
1749911558762,88881545,0.5992414,-0.12562256,1.6856813
1749911558778,88898212,0.33455598,-0.029363343,1.9891891
1749911558795,88914879,0.49152914,0.1424904,1.3914194
1749911558812,88931546,0.8593519,0.3678811,1.9542665
1749911558828,88948213,0.6716775,0.12923855,2.2975826
1749911558845,88964880,0.034189437,0.74356633,1.9945011
1749911558862,88981547,-0.3317947,0.17917871,0.6121435
1749911558878,88998214,0.5251951,0.064129554,0.38277912
1749911558895,89014881,1.1756661,0.37981245,0.50281715
1749911558912,89031548,1.6083127,0.043614753,-0.6629667
1749911558928,89048215,1.5801088,0.24955915,0.4737196
1749911558945,89064882,1.6531978,0.50926346,0.7329855
1749911558962,89081549,1.3365461,0.277914,0.2611971
1749911558978,89098216,0.7355901,0.5767297,0.69508934
1749911558995,89114883,-0.019727478,-0.09212399,1.15131
1749911559012,89131550,0.09561035,0.07978731,1.2274046
1749911559028,89148217,0.432015,-0.066978455,1.3622246
1749911559045,89164884,0.43731025,0.12793848,2.1220798
1749911559062,89181551,0.65245485,0.3509396,2.5359755
1749911559078,89198218,0.84983313,-0.012463418,2.7659645
1749911559095,89214885,1.4863775,-0.34676114,2.7132607
1749911559112,89231552,1.1137974,-0.275027,2.6763363
1749911559128,89248219,2.1780322,-1.1565566,2.7310944
1749911559145,89264886,-0.16837789,0.07870852,2.00245
1749911559162,89281553,0.18082131,-0.21581137,2.216237
1749911559178,89298220,0.13270299,-0.29002193,1.0444784
1749911559195,89314887,0.118948005,-0.21441531,0.67988205
1749911559212,89331554,-0.0862912,-0.22354972,0.7436924
1749911559228,89348221,0.20737219,-0.29474407,0.38993835
1749911559245,89364888,0.40775245,-0.2530217,0.69898033
1749911559262,89381555,0.93573076,-0.6001354,0.4091921
1749911559278,89398222,0.53097314,-0.25050455,0.08201313
1749911559295,89414889,0.5332863,-0.21662775,0.6447563
1749911559312,89431556,0.33177748,-0.095578164,0.81019115
1749911559328,89448223,0.3195303,-0.26804924,0.9346943
1749911559345,89464890,0.3986233,-0.03288088,0.25309277
1749911559362,89481557,0.35278705,-0.16398452,0.29512405
1749911559378,89498224,0.16504174,-0.11500216,0.2689085
1749911559395,89514891,0.17194673,-0.09173436,0.22438812
1749911559412,89531558,0.25036603,-0.088043265,0.41238022
1749911559428,89548225,0.3189322,-0.13269041,0.50739384
1749911559445,89564892,0.28767234,-0.098859616,0.4652071
1749911559462,89581559,0.20512521,-0.013726266,0.40328503
1749911559478,89598226,0.1463279,0.0052460725,0.22992039
1749911559495,89614893,0.057191156,0.060829386,0.12831497
1749911559512,89631560,0.071120255,0.09572289,0.1960392
1749911559528,89648227,0.16006859,0.05855056,0.31852627
1749911559545,89664894,0.18495831,0.02680781,0.29999828
1749911559562,89681561,0.14945641,0.04316583,0.19604301
1749911559578,89698228,0.10318029,0.12290575,0.049812317
1749911559595,89714895,0.11050145,0.16087669,0.021142006
1749911559612,89731562,0.14970942,0.1305709,0.06047058
1749911559628,89748229,0.2115606,0.023693379,0.25562286
1749911559645,89764896,0.23434886,-0.011136421,0.341753
1749911559662,89781563,0.19866301,0.013221462,0.3084135
1749911559678,89798230,0.16360858,-0.008902633,0.25798988
1749911559695,89814897,0.14844345,-0.0018383941,0.16977692
1749911559712,89831564,0.13084404,0.015240007,0.20296574
1749911559728,89848231,0.17047758,0.021631472,0.27270222
1749911559745,89864898,0.18041407,0.039951265,0.2610464
1749911559762,89881565,0.21292001,0.047424644,0.23750114
1749911559778,89898232,0.24548472,0.04067064,0.18484211
1749911559795,89914899,0.26879376,0.061368722,0.16400146
1749911559812,89931566,0.25493217,0.05541512,0.16222858
1749911559828,89948233,0.2808344,0.076338835,0.17008781
1749911559845,89964900,0.27725485,0.091760896,0.17199421
1749911559862,89981567,0.26978305,0.055589683,0.23761082
1749911559878,89998234,0.30731803,0.0749734,0.23280048
1749911559895,90014901,0.27401012,0.080179684,0.2089119
1749911559912,90031568,0.22342266,0.015415577,0.15169716
1749911559928,90048235,0.20440617,0.047084793,0.13498402
1749911559945,90064902,0.22100335,0.10018991,0.15715599
1749911559962,90081569,0.17204931,0.05295547,0.1850214
1749911559978,90098236,0.15423287,0.006731204,0.1890316
1749911559995,90114903,0.19536619,0.07949138,0.14207077
1749911560012,90131570,0.20595847,0.081112854,0.17536163
1749911560028,90148237,0.19497237,0.05779676,0.1892376
1749911560045,90164904,0.19637848,0.08741335,0.19976234
1749911560062,90181571,0.18988052,0.06981047,0.12596703
1749911560078,90198238,0.17632088,0.069475986,0.13263988
1749911560095,90214905,0.16950865,0.051265825,0.13975525
1749911560112,90231572,0.21556528,0.08489771,0.19286919
1749911560128,90248239,0.19338699,0.04500277,0.15220547
1749911560145,90264906,0.20379956,0.055050123,0.15675259
1749911560162,90281573,0.243301,0.052458268,0.16017628
1749911560178,90298240,0.25019637,0.07912716,0.23628521
1749911560195,90314907,0.2737332,0.01699939,0.2219572
1749911560212,90331574,0.27566612,0.05359215,0.24545097
1749911560228,90348241,0.2985011,0.08187816,0.24658489
1749911560245,90364908,0.29342312,0.057989318,0.22746849
1749911560262,90381575,0.3129206,0.05081366,0.22605896
1749911560278,90398242,0.2540207,0.047227506,0.20802498
1749911560295,90414909,0.28025842,0.07088959,0.15045452
1749911560312,90431576,0.2515044,0.060536362,0.12677288
1749911560328,90448243,0.2519333,0.09149201,0.11610222
1749911560345,90464910,0.19744866,0.12203092,0.17726994
1749911560362,90481577,0.19070014,0.10414754,0.16600037
1749911560378,90498244,0.18424419,0.07625659,0.19638348
1749911560395,90514911,0.22059454,0.09723428,0.18891048
1749911560412,90531578,0.18148157,0.15001754,0.15115547
1749911560428,90548245,0.15910524,0.16552319,0.14150143
1749911560445,90564912,0.18899764,0.026696164,0.11518097
1749911560462,90581579,0.15941145,0.07437092,0.12997532
1749911560478,90598246,0.2066574,0.049520414,0.11649799
1749911560495,90614913,0.17876744,0.09818801,0.101532936
1749911560512,90631580,0.22217925,0.11913822,0.06994152
1749911560528,90648247,0.21905991,0.09511292,0.12086964
1749911560545,90664914,0.22283861,0.11709151,0.11303711
1749911560562,90681581,0.23065442,0.109867014,0.09634495
1749911560578,90698248,0.23817697,0.106226094,0.13522625
1749911560595,90714915,0.27473965,0.13137119,0.20515537
1749911560612,90731582,0.27819943,0.038366333,0.30802917
1749911560628,90748249,0.27929842,0.06814787,0.44232845
1749911560645,90764916,0.39653948,0.08006815,0.46809483
1749911560662,90781583,0.4891561,0.07838063,0.48860836
1749911560678,90798250,0.5223744,0.050354786,0.43666363
1749911560695,90814917,0.48616192,0.14991304,0.51976776
1749911560712,90831584,0.5100356,0.054157637,0.45598888
1749911560728,90848251,0.4502445,-0.03584958,0.54716873
1749911560745,90864918,0.37699214,0.018782577,0.5873499
1749911560762,90881585,0.5186196,-0.13144204,0.35559273
1749911560778,90898252,0.60869485,-0.1252637,0.26855755
1749911560795,90914919,0.5621027,-0.094039164,0.3887663
1749911560812,90931586,0.38117564,-0.014084445,0.4643631
1749911560828,90948253,0.54515344,-0.108073205,0.5447645
1749911560845,90964920,0.7378371,-0.1530943,0.68054676
1749911560862,90981587,0.7594398,-0.24452105,1.0020609
1749911560878,90998254,0.81253844,0.12687881,0.7394619
1749911560895,91014921,0.7170964,-0.17744648,0.61005783
1749911560912,91031588,0.72254765,0.026091896,0.52490044
1749911560928,91048255,0.65812427,0.08513832,1.0260248
1749911560945,91064922,0.74517924,0.058811624,0.95534706
1749911560962,91081589,1.2081362,-0.27921528,1.5344772
1749911560978,91098256,1.1110525,0.07277135,1.9683628
1749911560995,91114923,1.1487122,0.17556238,2.2658873
1749911561012,91131590,1.4331123,0.02155626,2.9150658
1749911561028,91148257,2.0106,0.06804282,4.467615
1749911561045,91164924,3.1454964,-0.392477,4.4961205
1749911561062,91181591,2.9913006,-0.5970552,2.6485643
1749911561078,91198258,2.1697576,0.5285205,3.116702
1749911561095,91214925,1.690475,-0.09271027,2.3406553
1749911561112,91231592,0.35688224,-0.20959882,2.7497768
1749911561128,91248259,-0.23401403,-0.054994244,2.400527
1749911561145,91264926,-0.12539569,-0.02081442,1.2005825
1749911561162,91281593,-0.9294851,0.015963295,0.98544693
1749911561178,91298260,-1.0396173,-0.37273178,1.7203999
1749911561195,91314927,-0.79995555,-0.43828455,1.7885532
1749911561212,91331594,-0.040941317,-0.5915239,1.2518911
1749911561228,91348261,0.56898665,-0.5799075,0.5176687
1749911561245,91364928,0.57651323,-0.0593618,0.7542782
1749911561262,91381595,0.47117513,0.009208287,1.1200991
1749911561278,91398262,0.49638695,-0.084391005,0.62101936
1749911561295,91414929,0.30556345,-0.08481892,0.03904438
1749911561312,91431596,0.58068866,-0.49981365,-0.43992043
1749911561328,91448263,0.060845144,-0.39882636,-1.0540667
1749911561345,91464930,0.4516696,-0.4479726,-0.7172804
1749911561362,91481597,0.48285416,0.21354137,-0.4847479
1749911561378,91498264,0.34813932,-0.12318313,-0.9209194
1749911561395,91514931,0.5677448,-0.2938858,-1.2756252
1749911561412,91531598,0.45532584,-0.18747875,-1.1949844
1749911561428,91548265,0.25999182,-0.08838026,-1.2858496
1749911561445,91564932,0.52955,-0.0022360235,-1.2854424
1749911561462,91581599,0.69703543,0.12240195,-1.45504
1749911561478,91598266,0.8162072,0.10651242,-1.2977057
1749911561495,91614933,0.8523662,0.09021754,-1.0160055
1749911561512,91631600,0.92569435,0.08719564,-0.7500515
1749911561528,91648267,0.757645,0.23985231,-0.68961906
1749911561545,91664934,0.6873799,0.36781704,-0.71012306
1749911561562,91681601,0.5467643,0.28432,-1.0379887
1749911561578,91698268,0.26951817,0.15246902,-1.3029375
1749911561595,91714935,-0.028772824,0.25793272,-1.4477482
1749911561612,91731602,-0.23905247,0.24815571,-1.4119215
1749911561628,91748269,-0.3150395,0.01905571,-1.6867123
1749911561645,91764936,-0.018966192,-0.12740506,-1.9500546
1749911561662,91781603,-0.13639587,-0.0061175497,-1.848331
1749911561678,91798270,-0.3232234,0.26104492,-1.679225
1749911561695,91814937,-0.16468412,0.3779108,-1.502389
1749911561712,91831604,0.046873573,0.37709194,-2.1877089
1749911561728,91848271,-0.3204818,0.16108489,-2.6491094
1749911561745,91864938,-0.54137254,0.5690936,-2.3843107
1749911561762,91881605,-0.14374185,-0.15241337,-1.9425373
1749911561778,91898272,-0.022280442,0.19811484,-1.5251694
1749911561795,91914939,0.14490837,0.15444377,-1.2877693
1749911561812,91931606,-0.02231151,0.37080318,-1.2064075
1749911561828,91948273,-0.4244826,0.6185724,-1.3460817
1749911561845,91964940,-0.5816831,0.71253675,-1.4895515
1749911561862,91981607,-0.4527331,0.5321867,-1.5101547
1749911561878,91998274,-0.10164386,0.31575608,-0.5227146
1749911561895,92014941,-0.719486,1.2671402,-0.46652508
1749911561912,92031608,-0.055829514,0.6326181,0.7012148
1749911561928,92048275,-0.58967364,1.9183402,0.5400257
1749911561945,92064942,-0.06387218,0.9560763,0.3410349
1749911561962,92081609,-0.79811114,0.42354408,-0.5449724
1749911561978,92098276,-1.0180945,-0.50481945,-0.6619339
1749911561995,92114943,-0.7455766,-1.1360394,-0.9385519
1749911562012,92131610,-0.40560874,-0.7229924,-0.46801758
1749911562028,92148277,0.7940244,-0.06341029,0.58966064
1749911562045,92164944,1.5020567,-0.10400717,1.0109711
1749911562062,92181611,0.75599056,0.36165166,0.8525429
1749911562078,92198278,-0.3183674,0.43806326,0.5105295
1749911562095,92214945,-0.53321964,0.08931891,0.3323412
1749911562112,92231612,-0.35562855,0.041649405,0.27263927
1749911562128,92248279,0.07061691,0.40489462,0.29251575
1749911562145,92264946,0.48090354,0.41729176,0.28657722
1749911562162,92281613,0.6674336,0.08658501,0.08070564
1749911562178,92298280,0.34343168,0.05396575,-0.20908833
1749911562195,92314947,-0.258288,-0.031127755,-0.31372738
1749911562212,92331614,-0.7623026,-0.1875694,-0.24055004
1749911562228,92348281,-0.8173607,-0.34844777,-0.012576103
1749911562245,92364948,-0.8174356,-0.40840107,0.33551407
1749911562262,92381615,-0.75338906,-0.38145727,0.8421612
1749911562278,92398282,-0.75783855,-0.09548563,0.5453377
1749911562295,92414949,-0.6217612,0.053909313,0.26729584
1749911562312,92431616,-0.46985105,-0.009166936,0.39814854
1749911562328,92448283,-0.6703862,-0.058985516,0.50583935
1749911562345,92464950,-0.7888222,-0.0569891,0.44827938
1749911562362,92481617,-0.48598912,-0.19707517,0.1825943
1749911562378,92498284,-0.35338828,-0.23581444,-0.01401329
1749911562395,92514951,-0.423682,-0.08378472,0.09021759
1749911562412,92531618,-0.38480952,0.025115704,0.30989838
1749911562428,92548285,-0.19311742,0.016661102,0.2801876
1749911562445,92564952,-0.06551589,-0.06545622,0.12717533
1749911562462,92581619,0.015880372,-0.034903113,0.03740883
1749911562478,92598286,-0.16679476,-0.031666197,-0.036696434
1749911562495,92614953,-0.35236102,-0.17607188,0.061576843
1749911562512,92631620,-0.41128528,-0.24896415,0.1677866
1749911562528,92648287,-0.24653345,-0.23370828,0.14916039
1749911562545,92664954,-0.19308166,-0.09270491,0.1776371
1749911562562,92681621,-0.23460568,0.028689006,0.25514317
1749911562578,92698288,-0.27820212,0.0588038,0.3135643
1749911562595,92714955,-0.23128942,-0.032810807,0.2903223
1749911562612,92731622,-0.091935575,-0.048112616,0.25462055
1749911562628,92748289,0.037223402,-0.014418486,0.103232384
1749911562645,92764956,0.014196202,-0.08412346,0.010560036
1749911562662,92781623,-0.056068227,-0.12116693,0.06174755
1749911562678,92798290,-0.13881384,-0.085036844,0.21689701
1749911562695,92814957,-0.09059941,-0.10648113,0.31958485
1749911562712,92831624,0.053154957,-0.1463926,0.1587019
1749911562728,92848291,0.06851432,-0.08742095,0.016863823
1749911562745,92864958,0.04959462,-0.051747832,0.034298897
1749911562762,92881625,0.06294974,-0.09170088,0.08548641
1749911562778,92898292,-0.027809035,-0.09091456,0.1309433
1749911562795,92914959,-0.11414158,-0.097408175,0.100684166
1749911562812,92931626,-0.1309987,-0.08303071,0.03175831
1749911562828,92948293,-0.12496274,-0.077184275,0.028319359
1749911562845,92964960,-0.0533778,-0.034464467,0.07621956
1749911562862,92981627,-0.029941795,-0.005198576,0.15515995
1749911562878,92998294,-0.069057904,0.078298375,0.17095757
1749911562895,93014961,-0.07647272,0.07285394,0.21234417
1749911562912,93031628,-0.109906465,0.01190173,0.218503
1749911562928,93048295,-0.01966221,0.049384963,0.21189976
1749911562945,93064962,-0.05149001,-0.009882849,0.15488338
1749911562962,93081629,-0.136302,0.06901834,0.13008499
1749911562978,93098296,-0.10774062,-0.0019483624,0.15466022
1749911562995,93114963,-0.13419226,-0.028875416,0.25691986
1749911563012,93131630,-0.2480605,0.10492883,0.32790852
1749911563028,93148297,-0.38007483,0.12018079,0.2811327
1749911563045,93164964,-0.49094754,-0.051051475,0.23405075
1749911563062,93181631,-0.36212495,0.011666259,0.174963
1749911563078,93198298,-0.14093766,0.0593428,0.32794666
1749911563095,93214965,-0.19822156,0.047872115,0.25854874
1749911563112,93231632,-0.23668972,0.042025354,0.12997913
1749911563128,93248299,-0.31569842,0.18173325,-0.07782459
1749911563145,93264966,-0.5338296,0.1734095,0.06038761
1749911563162,93281633,-0.5317109,-0.031062936,0.3105526
1749911563178,93298300,-0.3402759,-0.07856234,0.19992447
1749911563195,93314967,-0.44100335,0.031356744,0.070446014
1749911563212,93331634,-0.57563794,0.16166803,0.057982445
1749911563228,93348301,-0.6060726,0.21669023,-0.072050095
1749911563245,93364968,-0.78452444,0.3688633,0.011715889
1749911563262,93381635,-1.1514131,0.26011097,0.25716877
1749911563278,93398302,-1.1698481,0.19295381,0.49866486
1749911563295,93414969,-0.96043247,0.06473807,0.36594105
1749911563312,93431636,-0.8136761,0.03920149,-0.029034615
1749911563328,93448303,-0.7920615,0.14747742,-0.460351
1749911563345,93464970,-0.8765847,0.36681685,-0.6133642
1749911563362,93481637,-1.2275407,1.0596576,-0.023270607
1749911563378,93498304,-1.4555209,1.2827157,0.91253376
1749911563395,93514971,-1.2766447,0.517518,0.21903133
1749911563412,93531638,-0.84546053,-0.17754897,-0.73717785
1749911563428,93548305,-0.7196605,0.26692063,-0.9629421
1749911563445,93564972,-0.49559417,0.5007008,-1.2048168
1749911563462,93581639,0.16784862,0.51864094,-2.04944
1749911563478,93598306,0.36078322,-0.29373077,-2.738306
1749911563495,93614973,-0.14022264,-0.6278668,-3.6393938
1749911563512,93631640,-0.32272992,-0.3541356,-3.6794925
1749911563528,93648307,-0.092392206,-0.8029685,-2.808135
1749911563545,93664974,0.61082983,-0.44191003,-2.779858
1749911563562,93681641,2.0296724,0.21256462,-3.1632328
1749911563578,93698308,1.8875455,-0.13115963,-3.0884848
1749911563595,93714975,0.83905065,-0.063695826,-2.3727088
1749911563612,93731642,-0.49877095,0.8904846,-0.3606434
1749911563628,93748309,0.5482683,0.42601278,0.5358734
1749911563645,93764976,1.9115373,-0.9621436,-1.9814296
1749911563662,93781643,2.9499757,-0.3568311,-4.325158
1749911563678,93798310,2.0181725,1.1621062,-3.9817863
1749911563695,93814977,0.895675,0.6496603,-1.1089916
1749911563712,93831644,0.6803144,0.9027896,-0.34126186
1749911563728,93848311,0.75940424,-0.6765525,-0.22453499
1749911563745,93864978,0.8855018,-0.17698392,-0.004354477
1749911563762,93881645,0.5278473,0.16411707,-0.6073618
1749911563778,93898312,0.33785906,-0.037475187,-0.20925236
1749911563795,93914979,0.3851745,-0.2251998,1.4888287
1749911563812,93931646,0.21235073,-0.70766616,1.4982967
1749911563828,93948313,0.744116,-0.9240602,-0.35123825
1749911563845,93964980,0.81717676,0.30289704,-1.6747074
1749911563862,93981647,0.5586588,0.5303256,-2.1094408
1749911563878,93998314,-0.5564516,-0.8456872,-0.53060913
1749911563895,94014981,-0.94351524,-1.7657181,3.0633755
1749911563912,94031648,0.4090153,-1.4570532,3.185051
1749911563928,94048315,1.6505066,0.1425807,0.5999956
1749911563945,94064982,1.7219349,0.876476,-0.8432417
1749911563962,94081649,0.22476418,0.080127604,-0.2903061
1749911563978,94098316,-0.9205618,-1.5964328,2.157178
1749911563995,94114983,-0.23681735,-1.1566393,2.9668293
1749911564012,94131650,0.5889222,-0.32725996,1.9838448
1749911564028,94148317,1.0240916,0.01371699,1.3374748
1749911564045,94164984,1.2278228,-0.3942506,1.7371254
1749911564062,94181651,1.3123308,-0.18170743,0.88244915
1749911564078,94198318,1.9120423,0.10350952,0.17325306
1749911564095,94214985,1.5578607,0.43828666,0.9293814
1749911564112,94231652,1.1789953,-0.17588,0.45487404
1749911564128,94248319,1.3537538,-0.72011507,0.36498833
1749911564145,94264986,0.4429924,0.2952546,1.0957537
1749911564162,94281653,0.2736934,-0.061284684,1.3229418
1749911564178,94298320,0.44161376,-0.31639042,1.9140272
1749911564195,94314987,-0.23307082,0.14689909,3.0391588
1749911564212,94331654,0.056866612,0.074574985,2.7955914
1749911564228,94348321,0.4605976,0.32590255,2.3612833
1749911564245,94364988,0.60660475,0.37837604,2.2664347
1749911564262,94381655,0.6275663,0.16318402,1.9548273
1749911564278,94398322,0.7337211,-0.20219128,2.0402174
1749911564295,94414989,0.6013093,-0.0724743,2.2772179
1749911564312,94431656,0.81542534,-0.14987348,1.7644825
1749911564328,94448323,0.71003157,-0.012097527,1.4312344
1749911564345,94464990,0.5106768,-0.055925287,1.1034946
1749911564362,94481657,0.27504522,-0.1589747,0.79071045
1749911564378,94498324,0.15972973,-0.36207166,0.46204853
1749911564395,94514991,0.3139919,-0.20332605,0.04985237
1749911564412,94531658,0.49733442,-0.20173939,-0.18008995
1749911564428,94548325,0.4321672,-0.2262815,-0.058286667
1749911564445,94564992,0.40516552,-0.3584471,0.0002746582
1749911564462,94581659,0.16943154,-0.19756858,0.29099655
1749911564478,94598326,0.18350011,-0.17384368,0.5627985
1749911564495,94614993,0.45421207,-0.22660112,0.6622057
1749911564512,94631660,0.4001358,-0.1902084,0.81093407
1749911564528,94648327,0.46117607,-0.13884982,0.8275528
1749911564545,94664994,0.38153952,-0.15237336,0.642745
1749911564562,94681661,0.32927167,-0.13824031,0.39398193
1749911564578,94698328,0.2212253,-0.07222508,0.27030563
1749911564595,94714995,0.18090312,-0.032079473,0.17757607
1749911564612,94731662,0.095845036,-0.04875019,0.15958118
1749911564628,94748329,0.0942344,-0.06915681,0.17644787
1749911564645,94764996,0.08709406,-0.04018562,0.23766804
1749911564662,94781663,0.089191504,-0.045556635,0.3295679
1749911564678,94798330,0.08595884,-0.05663941,0.33695793
1749911564695,94814997,0.037375614,-0.06330468,0.24696064
1749911564712,94831664,0.0796741,-0.048331436,0.26957607
1749911564728,94848331,0.117320165,-0.0521135,0.25554943
1749911564745,94864998,0.17423037,-0.08888518,0.25238895
1749911564762,94881665,0.20412143,-0.094560176,0.26851845
1749911564778,94898332,0.18981346,-0.070915185,0.26757908
1749911564795,94914999,0.19836193,-0.053289622,0.250741
1749911564812,94931666,0.18934207,-0.04232676,0.28130817
1749911564828,94948333,0.22537258,-0.08636105,0.33625317
1749911564845,94965000,0.24440137,-0.06958931,0.34827137
1749911564862,94981667,0.29252014,-0.045317587,0.31130505
1749911564878,94998334,0.26056716,0.005909124,0.24948215
1749911564895,95015001,0.23082027,0.023838326,0.25580788
1749911564912,95031668,0.2616275,0.036287777,0.22982407
1749911564928,95048335,0.270659,0.022323133,0.22824097
1749911564945,95065002,0.27715138,0.026047194,0.24048328
1749911564962,95081669,0.25970238,0.04887122,0.19164753
1749911564978,95098336,0.2551063,0.0637393,0.1562767
1749911564995,95115003,0.24919124,0.05313484,0.19564915
1749911565012,95131670,0.2958337,0.07737583,0.3108244
1749911565028,95148337,0.24105269,0.1358229,0.45244694
1749911565045,95165004,0.42469385,-0.1421929,0.39601803
1749911565062,95181671,0.5132584,-0.014237328,0.57221985
1749911565078,95198338,0.39411324,0.15996644,0.48182583
1749911565095,95215005,0.24181442,-0.13232648,0.15462017
1749911565112,95231672,0.11606827,-0.27557394,0.037979126
1749911565128,95248339,0.06129776,-0.11261074,0.1178484
1749911565145,95265006,0.056349628,-0.05972199,0.1733551
1749911565162,95281673,0.17327753,-0.014718439,0.19516468
1749911565178,95298340,0.17355043,-0.07695663,0.22079563
1749911565195,95315007,0.05280002,-0.041146163,0.09808445
1749911565212,95331674,-0.028478904,-0.033990286,-0.015984535
1749911565228,95348341,-0.17660071,-0.071564935,-0.13951778
1749911565245,95365008,-0.2489333,-0.062095586,-0.16732883
1749911565262,95381675,-0.09649881,-0.040587045,-0.062482834
1749911565278,95398342,0.049237445,0.019589905,-0.010677338
1749911565295,95415009,0.07694255,0.026288811,0.03433609
1749911565312,95431676,0.04700321,0.06458306,0.09455967
1749911565328,95448343,-0.023352858,0.0038439757,0.06677914
1749911565345,95465010,-0.06460642,-0.03005277,0.060523987
1749911565362,95481677,-0.06539654,0.020565093,0.06597328
1749911565378,95498344,0.004060113,0.014655633,0.052599907
1749911565395,95515011,0.039992057,0.020906061,0.072402
1749911565412,95531678,0.01919641,0.064379215,0.08885193
1749911565428,95548345,0.0350589,0.09632783,0.10240364
1749911565445,95565012,0.1047413,0.06530009,0.115571976
1749911565462,95581679,0.11913822,0.097317204,0.13734627
1749911565478,95598346,0.125912,0.115041226,0.11483097
1749911565495,95615013,0.13078369,0.07368351,0.07905769
1749911565512,95631680,0.09390852,0.07763376,0.060793877
1749911565528,95648347,0.058671482,0.083256006,0.07398224
1749911565545,95665014,0.079609506,0.061017472,0.08659458
1749911565562,95681681,0.07833034,0.04390387,0.09761715
1749911565578,95698348,0.0880498,0.0043764953,0.14525604
1749911565595,95715015,0.1243264,-0.04492275,0.19952965
1749911565612,95731682,0.17085196,-0.061552785,0.2414856
1749911565628,95748349,0.17846459,-0.03079975,0.22950745
1749911565645,95765016,0.16730794,-0.04538129,0.1814251
1749911565662,95781683,0.14927648,-0.06872096,0.15745258
1749911565678,95798350,0.15953438,-0.00562638,0.12352276
1749911565695,95815017,0.18060227,0.002027039,0.0720129
1749911565712,95831684,0.18889013,0.015436363,0.10109043
1749911565728,95848351,0.18525134,0.06112822,0.16611671
1749911565745,95865018,0.18156561,0.06420577,0.18482018
1749911565762,95881685,0.19979957,0.05048364,0.14990425
1749911565778,95898352,0.13772331,0.08729198,0.11094952
1749911565795,95915019,0.099833846,0.051020633,0.11186981
1749911565812,95931686,0.11228933,0.028643409,0.17173672
1749911565828,95948353,0.067511864,0.0028440906,0.17771912
1749911565845,95965020,0.08064772,-0.047669727,0.17433167
1749911565862,95981687,0.08429389,-0.019916682,0.23097897
1749911565878,95998354,0.10158977,0.0034769676,0.3112049
1749911565895,96015021,0.1072062,-0.042477183,0.25332355
1749911565912,96031688,0.09454911,-0.113959536,0.15751934
1749911565928,96048355,0.10656896,-0.09188528,0.11165619
1749911565945,96065022,0.09277173,-0.09886738,0.14389133
1749911565962,96081689,0.16615841,-0.10565815,0.24562454
1749911565978,96098356,0.17295298,-0.10921156,0.2901106
1749911565995,96115023,0.2538906,-0.13251849,0.29975796
1749911566012,96131690,0.25818855,-0.1165011,0.3459072
1749911566028,96148357,0.31163675,-0.05235858,0.39415932
1749911566045,96165024,0.36919132,-0.040732667,0.4490509
1749911566062,96181691,0.43215805,-0.008405764,0.44684315
1749911566078,96198358,0.44753352,0.04026798,0.47054672
1749911566095,96215025,0.4935347,0.118596196,0.46181488
1749911566112,96231692,0.5287098,-0.0063580493,0.4559784
1749911566128,96248359,0.50868285,0.060672704,0.3558712
1749911566145,96265026,0.5025832,0.05353426,0.33886337
1749911566162,96281693,0.61771536,0.03846792,0.28779316
1749911566178,96298360,0.7626725,0.10783036,0.3775158
1749911566195,96315027,0.88241863,-0.06488022,0.7235918
1749911566212,96331694,0.8765217,0.11159611,0.85660076
1749911566228,96348361,0.6709812,0.1466597,0.4277563
1749911566245,96365028,0.36668977,-0.25008774,0.3652315
1749911566262,96381695,0.19635792,-0.8792971,1.7154303
1749911566278,96398362,0.27550742,-1.2801465,3.209015
1749911566295,96415029,1.8922446,-0.67458856,3.664935
1749911566312,96431696,3.33041,0.20434873,2.941536
1749911566328,96448363,3.139686,0.93798083,2.8405619
1749911566345,96465030,1.9099606,0.79104006,2.0723162
1749911566362,96481697,1.1641674,-0.4820998,1.5098848
1749911566378,96498364,0.7837544,-0.017884612,1.5296535
1749911566395,96515031,0.5938324,-0.19261944,1.2851248
1749911566412,96531698,0.7823025,0.33384645,1.249691
1749911566428,96548365,-0.006849331,0.80158484,2.2027025
1749911566445,96565032,-0.38422415,0.49387914,2.6411257
1749911566462,96581699,-0.3359793,-0.45227736,2.14151
1749911566478,96598366,-0.20821975,-1.2496324,2.5965939
1749911566495,96615033,-0.34882548,-0.45689556,2.4373856
1749911566512,96631700,-0.122113176,-0.53306866,0.3828087
1749911566528,96648367,0.15711865,-0.7238181,-1.0556984
1749911566545,96665034,0.060490206,-0.3957384,-0.9159374
1749911566562,96681701,0.03586042,-0.4517682,-0.14236164
1749911566578,96698368,-0.10457814,-0.50242853,0.49715233
1749911566595,96715035,0.069327906,-0.38673663,0.7813492
1749911566612,96731702,-0.0024720533,-0.24943118,0.076387405
1749911566628,96748369,-0.17930456,-0.2343092,-0.58839417
1749911566645,96765036,-0.51510996,-0.080560215,-0.84486103
1749911566662,96781703,-0.37404937,-0.10886388,-0.6774807
1749911566678,96798370,-0.121237226,-0.4849593,-0.9687605
1749911566695,96815037,0.40002248,-0.65449804,-1.292572
1749911566712,96831704,0.6049669,-0.513441,-0.13938522
1749911566728,96848371,0.5718995,0.34199426,0.37589455
1749911566745,96865038,0.31702206,-0.08662144,-0.7644882
1749911566762,96881705,0.5752251,-0.18621156,-1.4836063
1749911566778,96898372,0.4844232,-0.30092844,-1.2428608
1749911566795,96915039,0.30896398,-0.05908073,-1.0289392
1749911566812,96931706,0.54691607,0.04566783,-0.89461327
1749911566828,96948373,0.6345005,0.15467979,-0.75545216
1749911566845,96965040,0.6232169,0.22542019,-0.45838356
1749911566862,96981707,0.1482957,-0.028622175,-0.21054268
1749911566878,96998374,-0.067414634,-0.13881809,-0.018265724
1749911566895,97015041,-0.13901322,-0.24680099,-0.13253593
1749911566912,97031708,-0.18074577,-0.23965539,-0.49917316
1749911566928,97048375,-0.14044504,-0.08598756,-0.7800579
1749911566945,97065042,0.14660953,-0.08301663,-0.67021465
1749911566962,97081709,0.2859314,0.13605256,-0.6754694
1749911566978,97098376,0.2609744,0.21678165,-0.5603094
1749911566995,97115043,-0.09128537,0.40387216,-0.62170315
1749911567012,97131710,-0.20685834,0.04231469,-0.7964897
1749911567028,97148377,-0.22523378,-0.100306354,-1.1068916
1749911567045,97165044,-0.12300253,0.07428565,-1.4658527
1749911567062,97181711,-0.16169709,0.2840881,-1.7346907
1749911567078,97198378,-0.23505583,0.40942588,-1.8656335
1749911567095,97215045,-0.27282283,0.21136782,-1.6569319
1749911567112,97231712,-0.18917646,-0.14877391,-1.1641655
1749911567128,97248379,-0.39726388,0.062350392,-0.8715944
1749911567145,97265046,-0.76278937,0.32449332,-0.24681473
1749911567162,97281713,-1.1472241,0.03129673,0.52360725
1749911567178,97298380,-2.1649787,-0.19620593,0.7949343
1749911567195,97315047,-2.4409442,-0.024837878,0.44831944
1749911567212,97331714,-2.2786367,0.8369742,-0.6079464
1749911567228,97348381,-2.1306515,0.6942474,-1.1031933
1749911567245,97365048,-1.0003179,0.58747137,-1.6483383
1749911567262,97381715,-0.51137483,-0.32385296,-1.6060848
1749911567278,97398382,-0.21986946,-0.27708265,-2.0223727
1749911567295,97415049,0.8488832,-0.17589642,-2.3901248
1749911567312,97431716,1.7661878,0.09522283,-2.6080322
1749911567328,97448383,1.3799281,0.092983514,-1.855124
1749911567345,97465050,0.15644096,0.7394135,-0.5227814
1749911567362,97481717,0.051892556,0.82283443,0.8410702
1749911567378,97498384,0.9678947,1.0323972,2.2382278
1749911567395,97515051,0.64924437,0.87227565,1.6740627
1749911567412,97531718,0.8464711,0.429085,-0.1799879
1749911567428,97548385,0.7519566,-0.49131086,-1.10886
1749911567445,97565052,0.7158427,-0.6685886,-1.1741505
1749911567462,97581719,1.6564556,0.589429,-1.0315523
1749911567478,97598386,1.5662749,0.5090904,0.27183723
1749911567495,97615053,1.3378721,1.0108037,0.83796597
1749911567512,97631720,-0.06644146,0.043393474,0.6539488
1749911567528,97648387,-0.2900561,-0.23501113,0.029137611
1749911567545,97665054,0.5248737,0.111267656,-0.461524
1749911567562,97681721,-0.69115347,-0.44509062,-0.61911774
1749911567578,97698388,-0.74411154,-0.21234983,-0.07076931
1749911567595,97715055,-1.1549596,-0.5060635,0.24069118
1749911567612,97731722,-1.4703107,-1.0087743,0.64441013
1749911567628,97748389,-0.88688105,-0.62743485,0.5499182
1749911567645,97765056,-0.2596398,-0.360898,0.594141
1749911567662,97781723,-0.42492092,-0.04299227,0.34902287
1749911567678,97798390,-1.0886788,-0.35977584,0.31488323
1749911567695,97815057,-0.96773016,-0.49058837,0.3431673
1749911567712,97831724,-0.78053653,-0.43731138,0.24524593
1749911567728,97848391,-0.41395336,-0.26697102,0.14289284
1749911567745,97865058,0.10998603,-0.014679213,0.07740021
1749911567762,97881725,0.027007965,-0.050418712,0.09825516
1749911567778,97898392,0.12469967,0.13178916,0.3648634
1749911567795,97915059,-0.055638187,0.318724,0.636158
1749911567812,97931726,-0.106811255,0.10047019,0.56621075
1749911567828,97948393,-0.042956956,-0.14569032,0.27950478
1749911567845,97965060,-0.04396656,-0.12173287,0.005988121
1749911567862,97981727,-0.14969355,-0.2674652,-0.047878265
1749911567878,97998394,-0.30096623,-0.3797539,-0.047229767
1749911567895,98015061,-0.5611856,-0.3747997,0.010008812
1749911567912,98031728,-0.54067427,-0.39638358,0.028226852
1749911567928,98048395,-0.35906708,-0.26538306,0.14757633
1749911567945,98065062,-0.27902687,0.0077293017,0.3626585
1749911567962,98081729,-0.115365766,-0.10976911,0.22413635
1749911567978,98098396,-0.1835162,-0.2883145,0.15196323
1749911567995,98115063,-0.28197166,-0.15777947,0.03679371
1749911568012,98131730,-0.27759305,-0.12815808,-0.08319092
1749911568028,98148397,-0.29986253,-0.1101188,0.0394907
1749911568045,98165064,-0.3434004,-0.11065356,0.2660761
1749911568062,98181731,-0.23414233,-0.08236955,0.16448402
1749911568078,98198398,-0.38152006,-0.108305104,0.09516716
1749911568095,98215065,-0.48153564,-0.056816995,0.37257004
1749911568112,98231732,-0.30905604,-0.16114569,0.115470886
1749911568128,98248399,-0.20549223,-0.2516138,-0.11357498
1749911568145,98265066,-0.26179805,-0.105349705,0.071455
1749911568162,98281733,-0.18258706,-0.11893169,0.10401821
1749911568178,98298400,-0.14059167,-0.078923434,0.11203003
1749911568195,98315067,-0.09415752,-0.09732972,0.078739166
1749911568212,98331734,-0.04687022,-0.11142746,0.006464958
1749911568228,98348401,-0.1396576,-0.07633146,0.04425335
1749911568245,98365068,-0.36028165,-0.09222424,0.09512043
1749911568262,98381735,-0.43738067,-0.068742976,0.12853622
1749911568278,98398402,-0.55308014,0.040666617,0.20967484
1749911568295,98415069,-0.62118673,0.015310638,0.2551613
1749911568312,98431736,-0.6453159,-0.17364274,0.24609375
1749911568328,98448403,-0.5681415,-0.087074615,0.48643684
1749911568345,98465070,-0.57197905,-0.040735908,0.5740509
1749911568362,98481737,-0.7641631,-0.0050451346,0.4636793
1749911568378,98498404,-0.8922512,0.21690658,0.48261166
1749911568395,98515071,-0.95128256,0.16506879,0.53512764
1749911568412,98531738,-0.6926153,-0.17259358,0.4636507
1749911568428,98548405,-0.28417215,-0.06712373,0.17980194
1749911568445,98565072,-0.2959336,0.17681685,0.041955948
1749911568462,98581739,-0.35576558,0.049688607,-0.17490292
1749911568478,98598406,-0.560783,-0.2514694,-0.552618
1749911568495,98615073,-0.93448466,-0.18333985,-0.5772362
1749911568512,98631740,-1.2238292,0.3654733,-0.07493973
1749911568528,98648407,-1.2784857,0.66918516,-0.020709038
1749911568545,98665074,-1.5288559,0.17715101,-0.122680664
1749911568562,98681741,-1.6593285,-0.13226357,-0.3186493
1749911568578,98698408,-1.5119181,-0.5975315,-0.517889
1749911568595,98715075,-1.215037,-0.5055893,-0.29389572
1749911568612,98731742,-0.66799396,0.4417899,-0.2711115
1749911568628,98748409,-0.8278448,0.8218636,0.04604149
1749911568645,98765076,-1.9325933,1.0735662,0.69484234
1749911568662,98781743,-2.5300307,0.60034186,0.56792927
1749911568678,98798410,-2.1879177,-0.2779368,-1.0645208
1749911568695,98815077,-1.3091749,-0.7141677,-3.05755
1749911568712,98831744,-0.5033726,-1.1944556,-3.16896
1749911568729,98848411,0.17585395,-0.26609787,-2.416605
1749911568745,98865078,0.5028802,-0.6625127,-1.5247488
1749911568762,98881745,0.81673867,0.21161816,-2.1259656
1749911568779,98898412,0.8252163,0.3149367,-1.9026833
1749911568795,98915079,0.71037066,0.95858693,-1.5859098
1749911568812,98931746,0.86697745,0.32426456,-0.3535881
1749911568829,98948413,0.7902484,-0.26580942,0.26217175
1749911568845,98965080,1.1512446,-0.81943357,-0.48948574
1749911568862,98981747,2.1441863,-0.6169547,-2.570363
1749911568879,98998414,1.4919823,-0.46209192,-3.2063484
1749911568895,99015081,1.1256671,-0.18577883,-3.2596421
1749911568912,99031748,0.6858256,-0.20631391,-4.3151703
1749911568929,99048415,0.7038243,-1.259751,-4.0490065
1749911568945,99065082,0.18042189,-0.976743,-4.294516
1749911568962,99081749,0.3312815,0.64702976,-4.2307935
1749911568979,99098416,0.3480128,0.9188124,-2.2662702
1749911568995,99115083,1.9704652,0.59226835,2.6824827
1749911569012,99131750,1.28709,-0.24100418,3.333868
1749911569029,99148417,0.5519167,-1.7708409,-0.024490356
1749911569045,99165084,1.0072855,-1.3623575,-2.333529
1749911569062,99181751,1.2364198,-0.073624216,-3.5225496
1749911569079,99198418,0.7444734,1.0899798,-3.0953717
1749911569095,99215085,0.005813572,0.11189461,-0.19851875
1749911569112,99231752,-0.032246213,-1.1756033,2.9653358
1749911569129,99248419,0.4510657,-1.5114901,2.5246754
1749911569145,99265086,1.5465789,-0.49874446,0.31746578
1749911569162,99281753,1.9481679,0.66509277,0.52086544
1749911569179,99298420,1.7775476,0.9167439,1.7332182
1749911569195,99315087,1.4759263,0.32417572,2.2767954
1749911569212,99331754,0.22676641,-0.1967551,1.8631935
1749911569229,99348421,-1.2737954,-0.6897202,1.1509008
1749911569245,99365088,-1.7230942,-1.2719043,0.71584034
1749911569262,99381755,-0.95745397,-1.3969175,2.6003895
1749911569279,99398422,-0.37988532,0.088739336,3.9828653
1749911569295,99415089,0.22427917,0.76725537,2.8023233
1749911569312,99431756,0.58493567,0.55730945,1.2439299
1749911569329,99448423,1.1380439,0.22932519,1.0712223
1749911569345,99465090,1.8772655,0.1008372,0.211483
1749911569362,99481757,1.7544576,0.23079042,0.9244709
1749911569379,99498424,1.4588219,0.43729717,0.61304665
1749911569395,99515091,1.4125869,0.39675778,0.7256012
1749911569412,99531758,0.7145879,-0.035923,0.64823914
1749911569429,99548425,-0.12140866,0.119001985,0.7394314
1749911569445,99565092,-0.24389108,-0.40907577,0.54936886
1749911569462,99581759,-0.4718792,-0.4068271,0.9852333
1749911569479,99598426,-0.9729899,-0.093170926,1.8980637
1749911569495,99615093,-0.30173355,-0.13046138,1.5353374
1749911569512,99631760,0.712414,-0.20153487,1.0516024
1749911569529,99648427,0.57483953,0.05109696,1.7969847
1749911569545,99665094,0.8651462,0.29419732,1.7298098
1749911569562,99681761,0.56522495,-0.3254074,2.251296
1749911569579,99698428,0.62799364,-0.117121235,2.3507214
1749911569595,99715095,0.48342544,-0.13731597,1.9215832
1749911569612,99731762,0.4753602,0.0042388113,0.9281397
1749911569629,99748429,0.12794508,-0.29122856,0.89910984
1749911569645,99765096,-0.077546924,-0.00080380845,0.48820114
1749911569662,99781763,-0.07250872,-0.15790308,0.34867573
1749911569679,99798430,0.12443928,-0.24861608,0.57164574
1749911569695,99815097,0.50502795,-0.31320205,0.46243572
1749911569712,99831764,0.6536252,-0.26352698,0.42992973
1749911569729,99848431,0.67890185,-0.53967124,0.68298435
1749911569745,99865098,0.157447,-0.40585962,1.0068254
1749911569762,99881765,0.0022903373,-0.29817572,0.8127899
1749911569779,99898432,0.059715956,-0.26532155,0.64451027
1749911569795,99915099,0.06991061,-0.27127734,0.410738
1749911569812,99931766,0.07168552,-0.23181641,0.43088722
1749911569829,99948433,0.14784265,-0.2232525,0.6689472
1749911569845,99965100,0.23639691,-0.26938972,0.70109844
1749911569862,99981767,0.23055764,-0.24960363,0.7070961
1749911569879,99998434,0.14858493,-0.20408979,0.5417023
1749911569895,100015101,0.08082921,-0.14009848,0.40358162
1749911569912,100031768,0.07572261,-0.16047749,0.35857964
1749911569929,100048435,0.040745743,-0.13068026,0.4052086
1749911569945,100065102,0.05615383,-0.14887494,0.46609592
1749911569962,100081769,0.053684235,-0.1523176,0.41083813
1749911569979,100098436,0.071728885,-0.14451806,0.26215935
1749911569995,100115103,0.09126257,-0.095661424,0.14810944
1749911570012,100131770,0.07246022,-0.10055496,0.19841862
1749911570029,100148437,0.028752483,-0.070348024,0.22724628
1749911570045,100165104,0.029563388,-0.10823034,0.29036617
1749911570062,100181771,0.05873518,-0.08837311,0.24490261
1749911570079,100198438,0.070470504,-0.062827036,0.14761639
1749911570095,100215105,0.035709325,-0.05042916,0.15553474
1749911570112,100231772,0.03405332,-0.06545823,0.23361778
1749911570129,100248439,0.071132325,-0.057606775,0.25138474
1749911570145,100265106,0.061316308,-0.059809327,0.2732954
1749911570162,100281773,0.13082482,-0.09060003,0.22058392
1749911570179,100298440,0.09550977,-0.12360535,0.18405724
1749911570195,100315107,0.06924632,-0.080440916,0.04488659
1749911570212,100331774,-0.033852156,-0.14264983,0.034246445
1749911570229,100348441,-0.07834196,-0.081800096,0.0923996
1749911570245,100365108,-0.017297445,-0.012611775,0.08415222
1749911570262,100381775,-0.029226555,-0.021516418,0.10374069
1749911570279,100398442,-0.05493278,0.031385466,0.03585148
1749911570295,100415109,-0.10480187,-0.0016569016,0.10961723
1749911570312,100431776,-0.08177892,-0.016548565,0.18596077
1749911570329,100448443,-0.04172361,-0.044017244,0.25351906
1749911570345,100465110,-0.00530508,-0.021258652,0.27814198
1749911570362,100481777,0.061400127,-0.06390917,0.28948689
1749911570379,100498444,0.07348972,-0.07500525,0.20943451
1749911570395,100515111,-0.081187055,-0.08868055,0.2367897
1749911570412,100531778,-0.03714696,-0.081944376,0.10003185
1749911570429,100548445,-0.05325934,-0.030353172,0.013756752
1749911570445,100565112,-0.04163197,-0.060635433,0.05816078
1749911570462,100581779,-0.051210843,-0.05117821,0.10729504
1749911570479,100598446,-0.016995478,-0.020172603,0.15652657
1749911570495,100615113,0.01659539,-0.020709202,0.14821339
1749911570512,100631780,0.027415428,-0.0007698345,0.111587524
1749911570529,100648447,-0.0002898963,-0.007398335,0.11996555
1749911570545,100665114,-0.029980464,-0.025256963,0.16178036
1749911570562,100681781,-0.032103166,-0.05744618,0.19099617
1749911570579,100698448,0.0036036994,-0.06600176,0.20238495
1749911570595,100715115,0.021036817,-0.09232186,0.29526234
1749911570612,100731782,0.07747361,-0.06705087,0.2428503
1749911570629,100748449,0.10202227,-0.053049292,0.25796127
1749911570645,100765116,0.11005353,-0.022051118,0.22982216
1749911570662,100781783,0.087663345,-0.025791496,0.23131657
1749911570679,100798450,0.06391979,-0.01600973,0.17733288
1749911570695,100815117,0.028992312,-0.017313313,0.15156364
1749911570712,100831784,0.042703044,-0.0381526,0.10170746
1749911570729,100848451,-0.01990137,-0.017704684,0.099692345
1749911570745,100865118,-0.019422159,-0.038367115,0.11562443
1749911570762,100881785,0.03906023,-0.08867245,0.062016487
1749911570779,100898452,0.00035203292,-0.025681416,0.1463747
1749911570795,100915119,0.031372726,-0.07220759,0.19886875
1749911570812,100931786,0.025050886,-0.060323242,0.22004795
1749911570829,100948453,0.04186867,-0.04525718,0.30437183
1749911570845,100965120,0.029531872,-0.04296573,0.28926182
1749911570862,100981787,0.047824174,-0.06442034,0.20065117
1749911570879,100998454,0.051812313,-0.04784876,0.08537865
1749911570895,101015121,-0.0007217233,-0.014677201,0.13947392
1749911570912,101031788,0.022307487,-0.024244785,0.25481224
1749911570929,101048455,0.07361578,0.026349831,0.28573513
1749911570945,101065122,0.07356415,0.027164983,0.25027084
1749911570962,101081789,0.066624515,-0.0322955,0.23003674
1749911570979,101098456,0.020627787,-0.010248907,0.15929699
1749911570995,101115123,-0.01940383,-0.021922933,0.101843834
1749911571012,101131790,-0.05331164,-0.019272348,0.08705807
1749911571029,101148457,0.025989415,-0.032910384,0.08506107
1749911571045,101165124,0.024330726,-0.03747055,0.20871639
1749911571062,101181791,-0.018261902,-0.027278025,0.22453308
1749911571079,101198458,-0.037476417,-0.090383105,0.22609901
1749911571095,101215125,-0.023761438,-0.06353976,0.28572464
1749911571112,101231792,-0.037262738,-0.101287805,0.39806938
1749911571129,101248459,0.028789138,-0.09382733,0.40409946
1749911571145,101265126,0.09871494,-0.07802223,0.4231062
1749911571162,101281793,0.17941833,-0.17675416,0.343935
1749911571179,101298460,0.1651915,-0.08776208,0.3411541
1749911571195,101315127,0.14928386,-0.13698165,0.35646915
1749911571212,101331794,0.24890448,-0.18697217,0.28783512
1749911571229,101348461,0.28853735,-0.27680382,0.62879086
1749911571245,101365128,0.30763182,-0.13300557,0.57831955
1749911571262,101381795,0.49922872,-0.46631557,0.6428213
1749911571279,101398462,0.47727615,-0.13503848,1.0488558
1749911571295,101415129,0.8270692,0.06897068,0.8393831
1749911571312,101431796,1.0145963,-0.040138066,1.366499
1749911571329,101448463,1.2038443,0.080759756,1.516284
1749911571345,101465130,1.3183974,-0.07233572,1.473033
1749911571362,101481797,1.0197626,0.08138051,1.5564384
1749911571379,101498464,0.9908669,0.5945446,2.2235126
1749911571395,101515131,1.8590654,0.52817386,5.105009
1749911571412,101531798,2.7538772,0.033067625,6.5537434
1749911571429,101548465,2.0339634,1.0275627,6.828125
1749911571445,101565132,3.717528,0.70369637,3.5647163
1749911571462,101581799,2.478862,0.59711266,2.9084854
1749911571479,101598466,2.232923,-0.6212442,2.1808882
1749911571495,101615133,1.1791216,-0.14594848,3.8147783
1749911571512,101631800,0.33384743,0.75749135,2.5167217
1749911571529,101648467,-0.08444677,0.07221123,1.2554245
1749911571545,101665134,-1.0878764,-0.0596489,1.653533
1749911571562,101681801,-1.3871357,-0.33278295,1.4731007
1749911571579,101698468,-1.0999763,-0.82075566,0.25817966
1749911571595,101715135,-0.75285757,-0.8135632,-0.43986034
1749911571612,101731802,-0.42535588,-0.7240205,-0.047079086
1749911571629,101748469,0.05999937,-0.2130692,0.16211224
1749911571645,101765136,-0.09747713,0.19287805,0.91356945
1749911571662,101781803,0.30615598,-0.68396896,0.24691391
1749911571679,101798470,-0.36446962,-0.8643075,-1.5948505
1749911571695,101815137,0.23465195,-1.2667475,-1.6096611
1749911571712,101831804,0.5554237,-0.5188434,-0.5183954
1749911571729,101848471,0.3678639,0.0064071105,-0.39931107
1749911571745,101865138,0.54311347,0.012795446,-0.8309574
1749911571762,101881805,0.5745443,0.14471212,-1.3996859
1749911571779,101898472,0.32110006,-0.11090121,-1.9012518
1749911571795,101915139,0.24431956,-0.38703728,-2.055407
1749911571812,101931806,0.42292786,-0.39662117,-1.8457437
1749911571829,101948473,0.55183893,0.018325716,-1.7322502
1749911571845,101965140,0.71124125,0.075896956,-1.4515324
1749911571862,101981807,0.90076303,0.2959278,-1.1399326
1749911571879,101998474,0.6847268,0.35692695,-0.8478975
1749911571895,102015141,0.4958398,0.47238022,-0.9961672
1749911571912,102031808,0.30312893,0.5195859,-1.4302616
1749911571929,102048475,0.3210017,0.32662427,-1.7472963
1749911571945,102065142,0.15224473,0.096490875,-1.4770374
1749911571962,102081809,-0.15330285,-0.018602425,-1.3643618
1749911571979,102098476,-0.29404896,-0.014201902,-1.5927963
1749911571995,102115143,-0.29669064,0.1017479,-1.7785778
1749911572012,102131810,-0.15522729,0.062642634,-1.7490368
1749911572029,102148477,-0.39777908,0.061950974,-1.7877731
1749911572045,102165144,-0.41431993,0.1398058,-1.9116273
1749911572062,102181811,-0.56995493,0.011147709,-1.9045143
1749911572079,102198478,-0.37525815,0.0937315,-1.7171497
1749911572095,102215145,-0.9785254,-0.21942748,-1.5135784
1749911572112,102231812,-1.0391128,-0.32158777,-0.89597034
1749911572129,102248479,-0.88576555,-0.23095818,-0.3726759
1749911572145,102265146,-0.7356424,-0.056387067,-0.16241741
1749911572162,102281813,-1.0469141,-0.088278785,-0.39016342
1749911572179,102298480,-0.87198305,0.08309485,-1.6088457
1749911572195,102315147,-1.0299841,-0.7502855,-2.3588252
1749911572212,102331814,-1.2354102,0.10438513,-2.5207682
1749911572229,102348481,-1.1396848,0.08654109,-2.1931596
1749911572245,102365148,-1.5004574,0.0019263464,-2.123035
1749911572262,102381815,-1.0478766,-0.3110042,-0.5587845
1749911572279,102398482,-0.89613,-0.239105,0.67673683
1749911572295,102415149,-0.057230268,-0.37608635,0.52445984
1749911572312,102431816,0.372002,0.045677554,0.51680565
1749911572329,102448483,0.47849452,1.3065695,0.08852768
1749911572345,102465150,0.52716404,0.87224424,-0.1766634
1749911572362,102481817,0.24105246,0.60260546,-0.015975952
1749911572379,102498484,-0.15774651,0.26816636,0.5128193
1749911572395,102515151,-0.66867745,-0.24341232,0.77900505
1749911572412,102531818,-1.0113758,-0.75677353,1.0413523
1749911572429,102548485,-0.8729567,-0.4653316,0.93200874
1749911572445,102565152,-0.4787489,-0.50789887,0.2829771
1749911572462,102581819,-0.27499872,-0.5223539,-0.29645348
1749911572479,102598486,-0.18254973,-0.348703,-0.43186188
1749911572495,102615153,-0.035396628,-0.15228653,-0.34034252
1749911572512,102631820,-0.14903441,-0.24827294,-0.08352184
1749911572529,102648487,-0.28957132,-0.17289454,0.41083336
1749911572545,102665154,-0.4017699,-0.24555312,0.60237885
1749911572562,102681821,-0.48840666,-0.28857556,0.40681744
1749911572579,102698488,-0.24632849,-0.43987104,0.0039596558
1749911572595,102715155,-0.27392116,-0.39558408,0.14224625
1749911572612,102731822,-0.22711845,-0.26782897,0.26032352
1749911572629,102748489,-0.447909,-0.25350782,0.25442982
1749911572645,102765156,-0.6233821,-0.13143702,0.4149847
1749911572662,102781823,-0.6085062,-0.3532885,0.3031578
1749911572679,102798490,-0.5018715,-0.35606766,0.19602871
1749911572695,102815157,-0.54588926,-0.22790812,0.12591839
1749911572712,102831824,-0.66210663,-0.2962653,0.06844807
1749911572729,102848491,-0.7430702,-0.37245595,0.1550951
1749911572745,102865158,-0.46468633,-0.23767261,0.2499628
1749911572762,102881825,-0.23269017,-0.20968902,0.23021317
1749911572779,102898492,-0.18836421,-0.14263602,0.0971756
1749911572795,102915159,-0.18414852,-0.17140113,-0.094343185
1749911572812,102931826,-0.15349081,-0.10558115,-0.0643549
1749911572829,102948493,-0.2136424,0.02687028,0.16245079
1749911572845,102965160,-0.323592,-0.019407183,0.24256039
1749911572862,102981827,-0.30421165,-0.070031635,0.19233799
1749911572879,102998494,-0.3957373,-0.07892276,0.21071053
1749911572895,103015161,-0.39123663,-0.028965604,0.32921314
1749911572912,103031828,-0.3008292,-0.13079207,0.15401173
1749911572929,103048495,-0.2295297,-0.13743934,-0.07392311
1749911572945,103065162,-0.19745402,-0.07899652,0.121715546
1749911572962,103081829,-0.23326705,-0.05350632,0.2036953
1749911572979,103098496,-0.2417648,-0.06768688,0.06408787
1749911572995,103115163,-0.1681535,-0.0065348484,-0.009900093
1749911573012,103131830,-0.14197946,-0.08433032,-0.00867939
1749911573029,103148497,-0.12927029,-0.17317359,0.09427452
1749911573045,103165164,-0.13391802,-0.022237975,0.16968441
1749911573062,103181831,-0.20541981,0.019972447,0.27957344
1749911573079,103198498,-0.3145442,-0.03792199,0.3574028
1749911573095,103215165,-0.3230862,-0.17742726,0.3270502
1749911573112,103231832,-0.2454179,-0.07902736,0.10365486
1749911573129,103248499,-0.20394574,-0.08222181,-0.120654106
1749911573145,103265166,-0.22946064,-0.15750913,-0.11286163
1749911573162,103281833,-0.28134313,-0.24798092,-0.032915115
1749911573179,103298500,-0.3676388,-0.19422203,0.18961811
1749911573195,103315167,-0.37508738,-0.11367768,0.2652483
1749911573212,103331834,-0.34327567,-0.12866054,0.15527058
1749911573229,103348501,-0.3465186,-0.20569472,0.03664303
1749911573245,103365168,-0.38960543,-0.20270737,0.07280064
1749911573262,103381835,-0.44848254,-0.21533172,0.07451153
1749911573279,103398502,-0.45714167,-0.1861664,0.1745081
1749911573295,103415169,-0.43431428,-0.12089346,0.27886486
1749911573312,103431836,-0.33824304,-0.07177236,0.3224516
1749911573329,103448503,-0.29955786,-0.034569297,0.23767853
1749911573345,103465170,-0.318455,-0.12793021,0.17303467
1749911573362,103481837,-0.2645582,-0.10837037,0.09691048
1749911573379,103498504,-0.28964573,-0.20569149,0.10014248
1749911573395,103515171,-0.25117603,-0.21531607,0.05845356
1749911573412,103531838,-0.2897128,-0.04532027,0.15586281
1749911573429,103548505,-0.3833265,-0.00059879123,0.21244335
