timestamp_ms,timestamp_μs,freeAcceleration_m/s²_x,freeAcceleration_m/s²_y,freeAcceleration_m/s²_z
1750613425760,220955493,-0.037284393,0.05941645,-0.016522408
1750613425760,220955493,-0.037284393,0.05941645,-0.016522408
1750613425777,220972160,-0.065899245,0.11193596,-0.013100624
1750613425777,220972160,-0.065899245,0.11193596,-0.013100624
1750613425793,220988827,-0.022384794,-0.047400393,-0.010567665
1750613425793,220988827,-0.022384794,-0.047400393,-0.010567665
1750613425810,221005494,0.18741147,-0.14050584,0.019612312
1750613425810,221005494,0.18741147,-0.14050584,0.019612312
1750613425827,221022161,0.37734842,-0.49987555,-0.00898838
1750613425827,221022161,0.37734842,-0.49987555,-0.00898838
1750613425843,221038828,0.04952519,-0.16446956,0.071370125
1750613425843,221038828,0.04952519,-0.16446956,0.071370125
1750613425860,221055495,-0.061713267,-0.23779096,0.04818344
1750613425860,221055495,-0.061713267,-0.23779096,0.04818344
1750613425877,221072162,-0.015119255,-0.12179758,0.12505627
1750613425877,221072162,-0.015119255,-0.12179758,0.12505627
1750613425893,221088829,-0.10108563,0.06485295,0.030273438
1750613425893,221088829,-0.10108563,0.06485295,0.030273438
1750613425910,221105496,-0.05815511,0.2210143,0.049674034
1750613425910,221105496,-0.05815511,0.2210143,0.049674034
1750613425927,221122163,0.48306435,0.22039014,0.1390047
1750613425927,221122163,0.48306435,0.22039014,0.1390047
1750613425943,221138830,1.1803484,0.24786167,0.5093298
1750613425943,221138830,1.1803484,0.24786167,0.5093298
1750613425960,221155497,-0.564142,-0.3852829,-0.49684334
1750613425960,221155497,-0.564142,-0.3852829,-0.49684334
1750613425977,221172164,-0.06476693,0.146287,0.08301926
1750613425977,221172164,-0.06476693,0.146287,0.08301926
1750613425993,221188831,0.011649383,-0.21575661,-0.07268429
1750613425993,221188831,0.011649383,-0.21575661,-0.07268429
1750613426010,221205498,-0.50540406,0.17087588,-0.08780098
1750613426010,221205498,-0.50540406,0.17087588,-0.08780098
1750613426027,221222165,-0.41977274,0.17612329,-0.09297371
1750613426027,221222165,-0.41977274,0.17612329,-0.09297371
1750613426043,221238832,-0.20976694,0.25307968,0.023701668
1750613426043,221238832,-0.20976694,0.25307968,0.023701668
1750613426060,221255499,-0.09429629,0.08687546,-0.024053574
1750613426060,221255499,-0.09429629,0.08687546,-0.024053574
1750613426077,221272166,-0.050760042,-0.059181537,0.020020485
1750613426077,221272166,-0.050760042,-0.059181537,0.020020485
1750613426093,221288833,-0.19543855,0.06275719,0.02148819
1750613426093,221288833,-0.19543855,0.06275719,0.02148819
1750613426110,221305500,-0.36324477,0.21280691,0.017116547
1750613426110,221305500,-0.36324477,0.21280691,0.017116547
1750613426127,221322167,-0.1822466,0.09782369,0.027525902
1750613426127,221322167,-0.1822466,0.09782369,0.027525902
1750613426143,221338834,-0.2310174,0.17916933,0.0033626556
1750613426143,221338834,-0.2310174,0.17916933,0.0033626556
1750613426160,221355501,-0.13145366,0.20325866,0.035362244
1750613426160,221355501,-0.13145366,0.20325866,0.035362244
1750613426177,221372168,-0.11891457,0.07816103,0.0272789
1750613426177,221372168,-0.11891457,0.07816103,0.0272789
1750613426193,221388835,-0.06284963,0.05218368,0.035992622
1750613426193,221388835,-0.06284963,0.05218368,0.035992622
1750613426210,221405502,-0.04868034,-0.1036244,0.045410156
1750613426210,221405502,-0.04868034,-0.1036244,0.045410156
1750613426227,221422169,-0.15863562,0.044284064,0.07862091
1750613426227,221422169,-0.15863562,0.044284064,0.07862091
1750613426243,221438836,-0.16518633,0.06160084,0.05348015
1750613426243,221438836,-0.16518633,0.06160084,0.05348015
1750613426260,221455503,-0.06687826,0.108077675,0.053725243
1750613426260,221455503,-0.06687826,0.108077675,0.053725243
1750613426277,221472170,-0.20166837,0.16897054,0.064959526
1750613426277,221472170,-0.20166837,0.16897054,0.064959526
1750613426293,221488837,-0.14637117,0.15347204,0.05063629
1750613426293,221488837,-0.14637117,0.15347204,0.05063629
1750613426310,221505504,-0.13373372,0.1559907,0.019976616
1750613426310,221505504,-0.13373372,0.1559907,0.019976616
1750613426327,221522171,-0.029976077,0.19125433,0.027773857
1750613426327,221522171,-0.029976077,0.19125433,0.027773857
1750613426343,221538838,-0.17056563,0.22620595,0.017612457
1750613426343,221538838,-0.17056563,0.22620595,0.017612457
1750613426360,221555505,-0.20859098,0.31593108,0.050851822
1750613426360,221555505,-0.20859098,0.31593108,0.050851822
1750613426377,221572172,-0.16799994,0.2795167,-0.0061359406
1750613426377,221572172,-0.16799994,0.2795167,-0.0061359406
1750613426393,221588839,-0.12467446,0.35593233,-0.012712479
1750613426393,221588839,-0.12467446,0.35593233,-0.012712479
1750613426410,221605506,-0.28032964,0.6079065,-0.06917286
1750613426410,221605506,-0.28032964,0.6079065,-0.06917286
1750613426427,221622173,-0.30822366,0.7390877,-0.10312271
1750613426427,221622173,-0.30822366,0.7390877,-0.10312271
1750613426443,221638840,-0.2606114,0.77778643,-0.17340851
1750613426443,221638840,-0.2606114,0.77778643,-0.17340851
1750613426460,221655507,-0.19003725,0.8711033,-0.21570587
1750613426460,221655507,-0.19003725,0.8711033,-0.21570587
1750613426477,221672174,-0.23938897,1.0006108,-0.28031826
1750613426477,221672174,-0.23938897,1.0006108,-0.28031826
1750613426493,221688841,-0.20985906,1.0362192,-0.34781933
1750613426493,221688841,-0.20985906,1.0362192,-0.34781933
1750613426510,221705508,-0.21989381,1.1092224,-0.4021473
1750613426510,221705508,-0.21989381,1.1092224,-0.4021473
1750613426527,221722175,-0.15690657,1.1821537,-0.46460438
1750613426527,221722175,-0.15690657,1.1821537,-0.46460438
1750613426543,221738842,-0.08581668,1.2185774,-0.5923805
1750613426543,221738842,-0.08581668,1.2185774,-0.5923805
1750613426560,221755509,0.12308218,1.1590458,-0.43601322
1750613426560,221755509,0.12308218,1.1590458,-0.43601322
1750613426577,221772176,0.39192763,1.0994147,-0.07480335
1750613426577,221772176,0.39192763,1.0994147,-0.07480335
1750613426593,221788843,0.6035856,1.1354729,0.72417164
1750613426593,221788843,0.6035856,1.1354729,0.72417164
1750613426610,221805510,0.608209,1.1947464,1.7143755
1750613426610,221805510,0.608209,1.1947464,1.7143755
1750613426627,221822177,1.3728656,1.1303489,2.8864193
1750613426627,221822177,1.3728656,1.1303489,2.8864193
1750613426643,221838844,1.2700673,0.9078059,2.9986362
1750613426643,221838844,1.2700673,0.9078059,2.9986362
1750613426660,221855511,1.6637075,1.0369575,2.8862734
1750613426660,221855511,1.6637075,1.0369575,2.8862734
1750613426677,221872178,1.1169474,0.96676964,2.0569916
1750613426677,221872178,1.1169474,0.96676964,2.0569916
1750613426693,221888845,0.3137543,1.5373122,1.6516981
1750613426693,221888845,0.3137543,1.5373122,1.6516981
1750613426710,221905512,0.6958458,1.2342204,0.98476696
1750613426710,221905512,0.6958458,1.2342204,0.98476696
1750613426727,221922179,-0.59541416,0.71810967,0.4172926
1750613426727,221922179,-0.59541416,0.71810967,0.4172926
1750613426743,221938846,-0.5422751,0.52305686,-0.17103195
1750613426743,221938846,-0.5422751,0.52305686,-0.17103195
1750613426760,221955513,0.22518936,1.7081139,-0.8187084
1750613426760,221955513,0.22518936,1.7081139,-0.8187084
1750613426777,221972180,1.2887233,4.9244466,-1.9705362
1750613426777,221972180,1.2887233,4.9244466,-1.9705362
1750613426793,221988847,0.069900215,4.5360093,-2.3080277
1750613426793,221988847,0.069900215,4.5360093,-2.3080277
1750613426810,222005514,1.8973634,4.0902033,-2.06459
1750613426810,222005514,1.8973634,4.0902033,-2.06459
1750613426827,222022181,1.962636,4.039194,-2.4334264
1750613426827,222022181,1.962636,4.039194,-2.4334264
1750613426843,222038848,2.443333,3.5327084,-2.2395968
1750613426843,222038848,2.443333,3.5327084,-2.2395968
1750613426860,222055515,2.7559035,3.2623093,-2.0069218
1750613426860,222055515,2.7559035,3.2623093,-2.0069218
1750613426877,222072182,2.3530354,3.0835552,-1.5738716
1750613426877,222072182,2.3530354,3.0835552,-1.5738716
1750613426893,222088849,1.95122,2.9344683,-1.0510044
1750613426893,222088849,1.95122,2.9344683,-1.0510044
1750613426910,222105516,1.2961656,2.7107518,-0.43547726
1750613426910,222105516,1.2961656,2.7107518,-0.43547726
1750613426927,222122183,1.0806512,2.0861397,0.08390713
1750613426927,222122183,1.0806512,2.0861397,0.08390713
1750613426943,222138850,0.84027284,1.5398449,0.6647692
1750613426943,222138850,0.84027284,1.5398449,0.6647692
1750613426960,222155517,0.70348483,0.78702754,1.1203318
1750613426960,222155517,0.70348483,0.78702754,1.1203318
1750613426977,222172184,0.50241905,-0.12366078,1.4803085
1750613426977,222172184,0.50241905,-0.12366078,1.4803085
1750613426993,222188851,0.47875535,-0.80169046,1.6423492
1750613426993,222188851,0.47875535,-0.80169046,1.6423492
1750613427010,222205518,0.043840587,-1.5918922,1.4529915
1750613427010,222205518,0.043840587,-1.5918922,1.4529915
1750613427027,222222185,-0.44326207,-2.3877723,1.2280235
1750613427027,222222185,-0.44326207,-2.3877723,1.2280235
1750613427043,222238852,-0.78240734,-3.269857,0.85590744
1750613427043,222238852,-0.78240734,-3.269857,0.85590744
1750613427060,222255519,-0.71066236,-3.6324105,0.5535736
1750613427060,222255519,-0.71066236,-3.6324105,0.5535736
1750613427077,222272186,-1.072726,-4.3265505,-0.13617134
1750613427077,222272186,-1.072726,-4.3265505,-0.13617134
1750613427093,222288853,-1.3814684,-5.062801,-0.934845
1750613427093,222288853,-1.3814684,-5.062801,-0.934845
1750613427110,222305520,-1.9959958,-5.2336097,-1.7128057
1750613427110,222305520,-1.9959958,-5.2336097,-1.7128057
1750613427127,222322187,-2.5631657,-5.1861954,-2.4320602
1750613427127,222322187,-2.5631657,-5.1861954,-2.4320602
1750613427143,222338854,-3.0410187,-5.334168,-3.0091076
1750613427143,222338854,-3.0410187,-5.334168,-3.0091076
1750613427160,222355521,-4.193342,-5.4193487,-3.3774347
1750613427160,222355521,-4.193342,-5.4193487,-3.3774347
1750613427177,222372188,-4.143305,-5.9373026,-3.2664967
1750613427177,222372188,-4.143305,-5.9373026,-3.2664967
1750613427193,222388855,-4.595855,-5.735194,-2.7353792
1750613427193,222388855,-4.595855,-5.735194,-2.7353792
1750613427210,222405522,1.9852836,2.1373878,3.4122515
1750613427210,222405522,1.9852836,2.1373878,3.4122515
1750613427227,222422189,0.6472554,8.8804,7.05859
1750613427227,222422189,0.6472554,8.8804,7.05859
1750613427243,222438856,-1.1612017,-2.2799551,-2.7403598
1750613427243,222438856,-1.1612017,-2.2799551,-2.7403598
1750613427260,222455523,-2.4469144,-4.936118,1.0785122
1750613427260,222455523,-2.4469144,-4.936118,1.0785122
1750613427277,222472190,-2.7903364,-0.05155863,1.6490688
1750613427277,222472190,-2.7903364,-0.05155863,1.6490688
1750613427293,222488857,1.7743492,-3.6620176,-0.8229284
1750613427293,222488857,1.7743492,-3.6620176,-0.8229284
1750613427310,222505524,1.1256602,-2.942876,0.062395096
1750613427310,222505524,1.1256602,-2.942876,0.062395096
1750613427327,222522191,0.52014494,-2.2147434,-0.26842117
1750613427327,222522191,0.52014494,-2.2147434,-0.26842117
1750613427343,222538858,-0.78568536,-1.4862952,0.35639668
1750613427343,222538858,-0.78568536,-1.4862952,0.35639668
1750613427360,222555525,0.085868984,-1.4157233,0.48228455
1750613427360,222555525,0.085868984,-1.4157233,0.48228455
1750613427377,222572192,0.38992754,-1.6716343,0.28051376
1750613427377,222572192,0.38992754,-1.6716343,0.28051376
1750613427393,222588859,0.3085476,-1.50815,0.043231964
1750613427393,222588859,0.3085476,-1.50815,0.043231964
1750613427410,222605526,-0.091219045,-1.0370339,-0.23596573
1750613427410,222605526,-0.091219045,-1.0370339,-0.23596573
1750613427427,222622193,-0.7707743,0.057532236,0.029704094
1750613427427,222622193,-0.7707743,0.057532236,0.029704094
1750613427443,222638860,-1.3845564,0.82551116,-0.015112877
1750613427443,222638860,-1.3845564,0.82551116,-0.015112877
1750613427460,222655527,-1.3999842,0.12180853,0.18637371
1750613427460,222655527,-1.3999842,0.12180853,0.18637371
1750613427477,222672194,-0.22574602,-0.6218186,0.14822865
1750613427477,222672194,-0.22574602,-0.6218186,0.14822865
1750613427493,222688861,-0.28934306,-0.6550065,0.034888268
1750613427493,222688861,-0.28934306,-0.6550065,0.034888268
1750613427510,222705528,-0.1448374,-0.52830595,0.28720474
1750613427510,222705528,-0.1448374,-0.52830595,0.28720474
1750613427527,222722195,0.2954833,-0.82532805,0.2390747
1750613427527,222722195,0.2954833,-0.82532805,0.2390747
1750613427543,222738862,0.8295784,-1.0053637,0.10737419
1750613427543,222738862,0.8295784,-1.0053637,0.10737419
1750613427560,222755529,0.030441068,-0.37362134,0.17754936
1750613427560,222755529,0.030441068,-0.37362134,0.17754936
1750613427577,222772196,0.0022098727,-0.23357618,0.06618309
1750613427577,222772196,0.0022098727,-0.23357618,0.06618309
1750613427593,222788863,0.2817212,-0.37604356,0.012911797
1750613427593,222788863,0.2817212,-0.37604356,0.012911797
1750613427610,222805530,-0.124378815,0.14466473,-0.06552315
1750613427610,222805530,-0.124378815,0.14466473,-0.06552315
1750613427627,222822197,-0.47802922,0.3664649,-0.06270409
1750613427627,222822197,-0.47802922,0.3664649,-0.06270409
1750613427643,222838864,-0.3844275,0.15164304,-0.08098602
1750613427643,222838864,-0.3844275,0.15164304,-0.08098602
1750613427660,222855531,-0.19919161,0.07623111,-0.035980225
1750613427660,222855531,-0.19919161,0.07623111,-0.035980225
1750613427677,222872198,-0.23835248,0.17946437,-0.098851204
1750613427677,222872198,-0.23835248,0.17946437,-0.098851204
1750613427693,222888865,-0.24602032,0.09466109,-0.045254707
1750613427693,222888865,-0.24602032,0.09466109,-0.045254707
1750613427710,222905532,-0.34386188,0.14676821,0.029378891
1750613427710,222905532,-0.34386188,0.14676821,0.029378891
1750613427727,222922199,-0.109591864,0.12664512,-0.08747387
1750613427727,222922199,-0.109591864,0.12664512,-0.08747387
1750613427743,222938866,-0.4756784,0.48687267,0.027480125
1750613427743,222938866,-0.4756784,0.48687267,0.027480125
1750613427760,222955533,-0.0724425,0.035361983,-0.061846733
1750613427760,222955533,-0.0724425,0.035361983,-0.061846733
1750613427777,222972200,0.12536037,-0.03987471,-0.035172462
1750613427777,222972200,0.12536037,-0.03987471,-0.035172462
1750613427793,222988867,-0.0010026232,0.06581004,0.08380222
1750613427793,222988867,-0.0010026232,0.06581004,0.08380222
1750613427810,223005534,0.4939206,-0.2266618,0.13015461
1750613427810,223005534,0.4939206,-0.2266618,0.13015461
1750613427827,223022201,-0.13956714,0.64088404,-0.06263542
1750613427827,223022201,-0.13956714,0.64088404,-0.06263542
1750613427843,223038868,-0.8636989,1.0689031,0.09291744
1750613427843,223038868,-0.8636989,1.0689031,0.09291744
1750613427860,223055535,-0.083248794,0.24703658,0.15175629
1750613427860,223055535,-0.083248794,0.24703658,0.15175629
1750613427877,223072202,0.04434832,0.2457154,0.5605984
1750613427877,223072202,0.04434832,0.2457154,0.5605984
1750613427893,223088869,0.0569582,0.5281975,0.9418287
1750613427893,223088869,0.0569582,0.5281975,0.9418287
1750613427910,223105536,-1.0835122,0.050336905,2.4110928
1750613427910,223105536,-1.0835122,0.050336905,2.4110928
1750613427927,223122203,2.034054,2.2734754,0.7975359
1750613427927,223122203,2.034054,2.2734754,0.7975359
1750613427943,223138870,0.075935066,0.5815947,0.519907
1750613427943,223138870,0.075935066,0.5815947,0.519907
1750613427960,223155537,1.5177777,1.0981749,1.2548218
1750613427960,223155537,1.5177777,1.0981749,1.2548218
1750613427977,223172204,1.2318907,2.2164176,2.5405865
1750613427977,223172204,1.2318907,2.2164176,2.5405865
1750613427993,223188871,0.5466548,3.8831737,3.7366018
1750613427993,223188871,0.5466548,3.8831737,3.7366018
1750613428010,223205538,2.647847,3.5615036,3.0771923
1750613428010,223205538,2.647847,3.5615036,3.0771923
1750613428027,223222205,3.3427248,4.4252033,4.0106115
1750613428027,223222205,3.3427248,4.4252033,4.0106115
1750613428043,223238872,4.841496,6.764037,2.8123894
1750613428043,223238872,4.841496,6.764037,2.8123894
1750613428060,223255539,6.029293,7.782401,1.7261906
1750613428060,223255539,6.029293,7.782401,1.7261906
1750613428077,223272206,6.7612686,7.6039724,0.6220064
1750613428077,223272206,6.7612686,7.6039724,0.6220064
1750613428093,223288873,2.9998863,8.800926,-0.33245564
1750613428093,223288873,2.9998863,8.800926,-0.33245564
1750613428110,223305540,-3.5615551,5.670921,1.1078463
1750613428110,223305540,-3.5615551,5.670921,1.1078463
1750613428127,223322207,-3.7478864,4.5474906,2.391798
1750613428127,223322207,-3.7478864,4.5474906,2.391798
1750613428143,223338874,1.4732164,6.5437527,0.462924
1750613428143,223338874,1.4732164,6.5437527,0.462924
1750613428160,223355541,-3.582282,3.9959717,-1.3059139
1750613428160,223355541,-3.582282,3.9959717,-1.3059139
1750613428177,223372208,-2.6084802,5.8326664,-1.6929235
1750613428177,223372208,-2.6084802,5.8326664,-1.6929235
1750613428193,223388875,2.9278138,5.9778166,-5.0442033
1750613428193,223388875,2.9278138,5.9778166,-5.0442033
1750613428210,223405542,3.8144283,5.0705867,-6.639554
1750613428210,223405542,3.8144283,5.0705867,-6.639554
1750613428227,223422209,1.2536348,4.584758,-5.422716
1750613428227,223422209,1.2536348,4.584758,-5.422716
1750613428243,223438876,-1.6389583,5.5872955,-5.444167
1750613428243,223438876,-1.6389583,5.5872955,-5.444167
1750613428260,223455543,-0.9799448,5.4286113,-5.3121853
1750613428260,223455543,-0.9799448,5.4286113,-5.3121853
1750613428277,223472210,-0.19352478,4.478559,-4.63009
1750613428277,223472210,-0.19352478,4.478559,-4.63009
1750613428293,223488877,-1.4934117,4.4406223,-3.8139234
1750613428293,223488877,-1.4934117,4.4406223,-3.8139234
1750613428310,223505544,-1.8121787,4.0547953,-2.768756
1750613428310,223505544,-1.8121787,4.0547953,-2.768756
1750613428327,223522211,-1.4171104,3.1411936,-1.4092836
1750613428327,223522211,-1.4171104,3.1411936,-1.4092836
1750613428343,223538878,-0.7225776,1.8272866,-0.22988605
1750613428343,223538878,-0.7225776,1.8272866,-0.22988605
1750613428360,223555545,-0.96850497,1.5753875,0.3311634
1750613428360,223555545,-0.96850497,1.5753875,0.3311634
1750613428377,223572212,-1.8828226,1.4240208,1.2146521
1750613428377,223572212,-1.8828226,1.4240208,1.2146521
1750613428393,223588879,-2.3416877,1.0052272,2.053049
1750613428393,223588879,-2.3416877,1.0052272,2.053049
1750613428410,223605546,-3.1825643,0.4647154,2.9634933
1750613428410,223605546,-3.1825643,0.4647154,2.9634933
1750613428427,223622213,-3.6048317,-0.79794997,3.6855936
1750613428427,223622213,-3.6048317,-0.79794997,3.6855936
1750613428443,223638880,-3.1360276,-2.424158,4.3698187
1750613428443,223638880,-3.1360276,-2.424158,4.3698187
1750613428460,223655547,-2.7469864,-4.1324506,4.606888
1750613428460,223655547,-2.7469864,-4.1324506,4.606888
1750613428477,223672214,-0.7807413,-6.510164,4.084201
1750613428477,223672214,-0.7807413,-6.510164,4.084201
1750613428493,223688881,1.6007825,-9.355601,2.9795656
1750613428493,223688881,1.6007825,-9.355601,2.9795656
1750613428510,223705548,0.30694818,-10.139878,1.9130478
1750613428510,223705548,0.30694818,-10.139878,1.9130478
1750613428527,223722215,0.54095256,-11.561624,0.82917786
1750613428527,223722215,0.54095256,-11.561624,0.82917786
1750613428543,223738882,-1.2736863,-12.32672,-1.1338453
1750613428543,223738882,-1.2736863,-12.32672,-1.1338453
1750613428560,223755549,-2.1904504,-12.661039,-3.579938
1750613428560,223755549,-2.1904504,-12.661039,-3.579938
1750613428577,223772216,-1.6287743,-13.089342,-5.670477
1750613428577,223772216,-1.6287743,-13.089342,-5.670477
1750613428593,223788883,-2.881926,-12.747553,-6.3496346
1750613428593,223788883,-2.881926,-12.747553,-6.3496346
1750613428610,223805550,-3.8612037,-11.446712,-5.9222965
1750613428610,223805550,-3.8612037,-11.446712,-5.9222965
1750613428627,223822217,-3.8831701,-10.618411,-4.7451873
1750613428627,223822217,-3.8831701,-10.618411,-4.7451873
1750613428643,223838884,-1.7997502,-10.603826,-3.7176728
1750613428643,223838884,-1.7997502,-10.603826,-3.7176728
1750613428660,223855551,16.442753,8.489336,7.084364
1750613428660,223855551,16.442753,8.489336,7.084364
1750613428677,223872218,-9.533815,16.807367,16.953136
1750613428677,223872218,-9.533815,16.807367,16.953136
1750613428693,223888885,4.461424,-12.884894,-10.589662
1750613428693,223888885,4.461424,-12.884894,-10.589662
1750613428710,223905552,5.113771,-9.815671,2.2935934
1750613428710,223905552,5.113771,-9.815671,2.2935934
1750613428727,223922219,-11.780882,4.6378174,5.0111666
1750613428727,223922219,-11.780882,4.6378174,5.0111666
1750613428743,223938886,5.6709223,-7.8768344,-4.0467777
1750613428743,223938886,5.6709223,-7.8768344,-4.0467777
1750613428760,223955553,1.7127159,-2.1518955,0.5728226
1750613428760,223955553,1.7127159,-2.1518955,0.5728226
1750613428777,223972220,-0.75782156,-0.7641199,-0.68931866
1750613428777,223972220,-0.75782156,-0.7641199,-0.68931866
1750613428793,223988887,-1.8946961,-0.39977685,0.4891653
1750613428793,223988887,-1.8946961,-0.39977685,0.4891653
1750613428810,224005554,-0.042315304,-1.435305,0.4721508
1750613428810,224005554,-0.042315304,-1.435305,0.4721508
1750613428827,224022221,1.3850155,-2.345375,0.472147
1750613428827,224022221,1.3850155,-2.345375,0.472147
1750613428843,224038888,0.2505763,-2.232953,0.10588741
1750613428843,224038888,0.2505763,-2.232953,0.10588741
1750613428860,224055555,-1.0270715,-1.3964282,0.44898033
1750613428860,224055555,-1.0270715,-1.3964282,0.44898033
1750613428877,224072222,-0.7354642,-1.1782575,0.6169739
1750613428877,224072222,-0.7354642,-1.1782575,0.6169739
1750613428893,224088889,0.5966764,-1.7666992,0.7010546
1750613428893,224088889,0.5966764,-1.7666992,0.7010546
1750613428910,224105556,1.5986882,-1.9365205,0.17208481
1750613428910,224105556,1.5986882,-1.9365205,0.17208481
1750613428927,224122223,0.43736094,-1.1146439,0.09685993
1750613428927,224122223,0.43736094,-1.1146439,0.09685993
1750613428943,224138890,-1.1820619,0.12510422,0.021493912
1750613428943,224138890,-1.1820619,0.12510422,0.021493912
1750613428960,224155557,-0.5558849,0.3512553,-0.34047794
1750613428960,224155557,-0.5558849,0.3512553,-0.34047794
1750613428977,224172224,-0.54263294,0.67072374,-0.3351612
1750613428977,224172224,-0.54263294,0.67072374,-0.3351612
1750613428993,224188891,-1.2626939,1.2495704,-0.3669634
1750613428993,224188891,-1.2626939,1.2495704,-0.3669634
1750613429010,224205558,-1.2674142,0.9089977,-0.32326794
1750613429010,224205558,-1.2674142,0.9089977,-0.32326794
1750613429027,224222225,0.057516087,-0.14685807,-0.2282095
1750613429027,224222225,0.057516087,-0.14685807,-0.2282095
1750613429043,224238892,-1.006398,-0.08530439,0.038214684
1750613429043,224238892,-1.006398,-0.08530439,0.038214684
1750613429060,224255559,0.61421317,-0.1402014,-0.19506836
1750613429060,224255559,0.61421317,-0.1402014,-0.19506836
1750613429077,224272226,-0.9643898,0.5814685,0.16829777
1750613429077,224272226,-0.9643898,0.5814685,0.16829777
1750613429093,224288893,-0.19650616,-0.17972833,-0.078297615
1750613429093,224288893,-0.19650616,-0.17972833,-0.078297615
1750613429110,224305560,-0.013945364,-0.26923165,0.053937912
1750613429110,224305560,-0.013945364,-0.26923165,0.053937912
1750613429127,224322227,-0.5885248,0.050156754,-0.0507164
1750613429127,224322227,-0.5885248,0.050156754,-0.0507164
1750613429143,224338894,-0.41723174,-0.115527585,-0.18658161
1750613429143,224338894,-0.41723174,-0.115527585,-0.18658161
1750613429160,224355561,0.48864582,-0.9551858,-0.32600594
1750613429160,224355561,0.48864582,-0.9551858,-0.32600594
1750613429177,224372228,0.39599672,-0.28391644,0.18461895
1750613429177,224372228,0.39599672,-0.28391644,0.18461895
1750613429193,224388895,0.097789936,-0.4841407,0.32510662
1750613429193,224388895,0.097789936,-0.4841407,0.32510662
1750613429210,224405562,0.73287714,-0.5669232,0.031863213
1750613429210,224405562,0.73287714,-0.5669232,0.031863213
1750613429227,224422229,-0.37084466,0.021279104,-0.06614876
1750613429227,224422229,-0.37084466,0.021279104,-0.06614876
1750613429243,224438896,-0.5914291,0.51824945,0.015035629
1750613429243,224438896,-0.5914291,0.51824945,0.015035629
1750613429260,224455563,-0.30765238,0.01665462,0.25044727
1750613429260,224455563,-0.30765238,0.01665462,0.25044727
1750613429277,224472230,-0.30579233,0.19256692,0.81050587
1750613429277,224472230,-0.30579233,0.19256692,0.81050587
1750613429293,224488897,-0.19188006,0.5101283,1.116025
1750613429293,224488897,-0.19188006,0.5101283,1.116025
1750613429310,224505564,-0.71725935,1.0372868,1.260972
1750613429310,224505564,-0.71725935,1.0372868,1.260972
1750613429327,224522231,0.44926888,1.215937,2.0849047
1750613429327,224522231,0.44926888,1.215937,2.0849047
1750613429343,224538898,0.77906054,1.6444379,1.553956
1750613429343,224538898,0.77906054,1.6444379,1.553956
1750613429360,224555565,2.2184777,1.2162963,3.079483
1750613429360,224555565,2.2184777,1.2162963,3.079483
1750613429377,224572232,1.5118902,3.872392,4.103136
1750613429377,224572232,1.5118902,3.872392,4.103136
1750613429393,224588899,3.32041,3.439059,3.236495
1750613429393,224588899,3.32041,3.439059,3.236495
1750613429410,224605566,3.7254126,5.3770075,4.2572393
1750613429410,224605566,3.7254126,5.3770075,4.2572393
1750613429427,224622233,4.198269,8.867872,3.8866386
1750613429427,224622233,4.198269,8.867872,3.8866386
1750613429443,224638900,6.6278653,10.860333,2.677453
1750613429443,224638900,6.6278653,10.860333,2.677453
1750613429460,224655567,7.3946652,11.688113,1.2343292
1750613429460,224655567,7.3946652,11.688113,1.2343292
1750613429477,224672234,1.0486425,9.151514,0.51012707
1750613429477,224672234,1.0486425,9.151514,0.51012707
1750613429493,224688901,-4.285526,3.1387806,0.20745277
1750613429493,224688901,-4.285526,3.1387806,0.20745277
1750613429510,224705568,-11.138988,1.3170894,3.3536081
1750613429510,224705568,-11.138988,1.3170894,3.3536081
1750613429527,224722235,-6.3768063,7.315779,1.9694738
1750613429527,224722235,-6.3768063,7.315779,1.9694738
1750613429543,224738902,4.838502,7.420876,-5.0966773
1750613429543,224738902,4.838502,7.420876,-5.0966773
1750613429560,224755569,5.485846,5.8203874,-7.67126
1750613429560,224755569,5.485846,5.8203874,-7.67126
1750613429577,224772236,2.9829957,3.7265782,-4.3431935
1750613429577,224772236,2.9829957,3.7265782,-4.3431935
1750613429593,224788903,-0.93373656,3.3711622,-3.400422
1750613429593,224788903,-0.93373656,3.3711622,-3.400422
1750613429610,224805570,-0.41242498,5.1270843,-3.8771687
1750613429610,224805570,-0.41242498,5.1270843,-3.8771687
1750613429627,224822237,0.43623203,3.9858332,-3.9973388
1750613429627,224822237,0.43623203,3.9858332,-3.9973388
1750613429643,224838904,-0.6101908,3.1103663,-3.6874776
1750613429643,224838904,-0.6101908,3.1103663,-3.6874776
1750613429660,224855571,-0.983419,3.259201,-3.9484296
1750613429660,224855571,-0.983419,3.259201,-3.9484296
1750613429677,224872238,0.030724874,2.9995058,-3.2911086
1750613429677,224872238,0.030724874,2.9995058,-3.2911086
1750613429693,224888905,2.571789,1.1193732,-2.503728
1750613429693,224888905,2.571789,1.1193732,-2.503728
1750613429710,224905572,3.6937835,-0.113511235,-1.8308516
1750613429710,224905572,3.6937835,-0.113511235,-1.8308516
1750613429727,224922239,2.5033724,0.017494246,-1.1129589
1750613429727,224922239,2.5033724,0.017494246,-1.1129589
1750613429743,224938906,2.95917,-0.21708287,-0.22536755
1750613429743,224938906,2.95917,-0.21708287,-0.22536755
1750613429760,224955573,2.2995114,-0.6238169,0.769413
1750613429760,224955573,2.2995114,-0.6238169,0.769413
1750613429777,224972240,0.08956315,-0.5404243,2.117403
1750613429777,224972240,0.08956315,-0.5404243,2.117403
1750613429793,224988907,0.17537995,-1.9024037,3.171445
1750613429793,224988907,0.17537995,-1.9024037,3.171445
1750613429810,225005574,1.1526706,-4.497241,3.8629398
1750613429810,225005574,1.1526706,-4.497241,3.8629398
1750613429827,225022241,0.32597554,-6.895906,4.3421955
1750613429827,225022241,0.32597554,-6.895906,4.3421955
1750613429843,225038908,-1.2168726,-8.861114,4.268733
1750613429843,225038908,-1.2168726,-8.861114,4.268733
1750613429860,225055575,-2.2257795,-10.608588,3.2077103
1750613429860,225055575,-2.2257795,-10.608588,3.2077103
1750613429877,225072242,-2.9012625,-13.222478,1.3992577
1750613429877,225072242,-2.9012625,-13.222478,1.3992577
1750613429893,225088909,-3.1949399,-15.398698,-2.3134232
1750613429893,225088909,-3.1949399,-15.398698,-2.3134232
1750613429910,225105576,-3.5640624,-15.474492,-5.133487
1750613429910,225105576,-3.5640624,-15.474492,-5.133487
1750613429927,225122243,-5.27405,-14.369415,-6.6266904
1750613429927,225122243,-5.27405,-14.369415,-6.6266904
1750613429943,225138910,-7.105655,-12.92869,-6.452386
1750613429943,225138910,-7.105655,-12.92869,-6.452386
1750613429960,225155577,-6.9984875,-11.800357,-4.9068127
1750613429960,225155577,-6.9984875,-11.800357,-4.9068127
1750613429977,225172244,1.6098117,-3.1281536,0.72575283
1750613429977,225172244,1.6098117,-3.1281536,0.72575283
1750613429993,225188911,1.7121748,15.844529,17.952703
1750613429993,225188911,1.7121748,15.844529,17.952703
1750613430010,225205578,-2.4924557,-1.692275,-7.3928347
1750613430010,225205578,-2.4924557,-1.692275,-7.3928347
1750613430027,225222245,2.2031448,-12.32789,-0.20774841
1750613430027,225222245,2.2031448,-12.32789,-0.20774841
1750613430043,225238912,-7.774446,3.5248525,3.1311789
1750613430043,225238912,-7.774446,3.5248525,3.1311789
1750613430060,225255579,-7.215945,-1.9934609,0.9932451
1750613430060,225255579,-7.215945,-1.9934609,0.9932451
1750613430077,225272246,7.3872967,-8.8077135,-0.5217304
1750613430077,225272246,7.3872967,-8.8077135,-0.5217304
1750613430093,225288913,1.7424904,-3.368491,-0.3809948
1750613430093,225288913,1.7424904,-3.368491,-0.3809948
1750613430110,225305580,0.2705284,-2.5171156,-0.32607937
1750613430110,225305580,0.2705284,-2.5171156,-0.32607937
1750613430127,225322247,-1.3496773,-0.6849264,0.5535364
1750613430127,225322247,-1.3496773,-0.6849264,0.5535364
1750613430143,225338914,-4.0177917,1.2057565,1.2049246
1750613430143,225338914,-4.0177917,1.2057565,1.2049246
1750613430160,225355581,-0.002490493,-1.4804285,0.16516685
1750613430160,225355581,-0.002490493,-1.4804285,0.16516685
1750613430177,225372248,0.5093343,-1.9501152,-0.06600475
1750613430177,225372248,0.5093343,-1.9501152,-0.06600475
1750613430193,225388915,-0.38907722,-1.4679554,0.20002174
1750613430193,225388915,-0.38907722,-1.4679554,0.20002174
1750613430210,225405582,-1.3543054,-0.16582784,0.39809227
1750613430210,225405582,-1.3543054,-0.16582784,0.39809227
1750613430227,225422249,-1.2685338,0.1481855,0.45988846
1750613430227,225422249,-1.2685338,0.1481855,0.45988846
1750613430243,225438916,-0.08913054,-0.9691904,0.094991684
1750613430243,225438916,-0.08913054,-0.9691904,0.094991684
1750613430260,225455583,0.8562594,-1.4530755,0.047027588
1750613430260,225455583,0.8562594,-1.4530755,0.047027588
1750613430277,225472250,0.13249585,-0.7080215,-0.046645164
1750613430277,225472250,0.13249585,-0.7080215,-0.046645164
1750613430293,225488917,-0.28294277,-0.26934943,0.042690277
1750613430293,225488917,-0.28294277,-0.26934943,0.042690277
1750613430310,225505584,-0.09620679,-0.17891094,-0.026268959
1750613430310,225505584,-0.09620679,-0.17891094,-0.026268959
1750613430327,225522251,0.37525836,-0.406484,-0.20791912
1750613430327,225522251,0.37525836,-0.406484,-0.20791912
1750613430343,225538918,-0.22156504,0.24374199,-0.10509205
1750613430343,225538918,-0.22156504,0.24374199,-0.10509205
1750613430360,225555585,-0.58090574,0.35787866,-0.20583916
1750613430360,225555585,-0.58090574,0.35787866,-0.20583916
1750613430377,225572252,-0.3369626,0.4418489,-0.18043804
1750613430377,225572252,-0.3369626,0.4418489,-0.18043804
1750613430393,225588919,-0.5130711,0.59649414,-0.10865593
1750613430393,225588919,-0.5130711,0.59649414,-0.10865593
1750613430410,225605586,-0.33211398,0.17648427,-0.20723248
1750613430410,225605586,-0.33211398,0.17648427,-0.20723248
1750613430427,225622253,-0.32336184,-0.03433025,-0.08066177
1750613430427,225622253,-0.32336184,-0.03433025,-0.08066177
1750613430443,225638920,-0.08149808,-0.17988949,-0.12208748
1750613430443,225638920,-0.08149808,-0.17988949,-0.12208748
1750613430460,225655587,-0.29601592,0.0905784,-0.03225708
1750613430460,225655587,-0.29601592,0.0905784,-0.03225708
1750613430477,225672254,-0.28262442,0.2683624,0.00029468536
1750613430477,225672254,-0.28262442,0.2683624,0.00029468536
1750613430493,225688921,-0.16770597,-0.09910184,0.026632309
1750613430493,225688921,-0.16770597,-0.09910184,0.026632309
1750613430510,225705588,0.55937284,-0.7862885,0.08652401
1750613430510,225705588,0.55937284,-0.7862885,0.08652401
1750613430527,225722255,0.44779682,-0.8304467,0.23448277
1750613430527,225722255,0.44779682,-0.8304467,0.23448277
1750613430543,225738922,0.056006815,-0.015489671,0.56454086
1750613430543,225738922,0.056006815,-0.015489671,0.56454086
1750613430560,225755589,-0.6314438,0.82952744,1.0223637
1750613430560,225755589,-0.6314438,0.82952744,1.0223637
1750613430577,225772256,0.038410645,0.7814545,1.0822258
1750613430577,225772256,0.038410645,0.7814545,1.0822258
1750613430593,225788923,-0.13849589,1.2688686,1.7297773
1750613430593,225788923,-0.13849589,1.2688686,1.7297773
1750613430610,225805590,1.0742651,0.4970347,1.6200666
1750613430610,225805590,1.0742651,0.4970347,1.6200666
1750613430627,225822257,1.4871306,1.1840745,1.395997
1750613430627,225822257,1.4871306,1.1840745,1.395997
1750613430643,225838924,1.5716995,1.7563404,2.022418
1750613430643,225838924,1.5716995,1.7563404,2.022418
1750613430660,225855591,0.8886359,2.795819,3.230771
1750613430660,225855591,0.8886359,2.795819,3.230771
1750613430677,225872258,1.0891887,5.044994,4.3378973
1750613430677,225872258,1.0891887,5.044994,4.3378973
1750613430693,225888925,4.138861,4.290458,2.869134
1750613430693,225888925,4.138861,4.290458,2.869134
1750613430710,225905592,4.3602934,7.7137933,3.7327003
1750613430710,225905592,4.3602934,7.7137933,3.7327003
1750613430727,225922259,7.4766765,9.7942,3.1506891
1750613430727,225922259,7.4766765,9.7942,3.1506891
1750613430743,225938926,8.592434,9.835065,1.1831408
1750613430743,225938926,8.592434,9.835065,1.1831408
1750613430760,225955593,2.7704408,10.710152,0.9864683
1750613430760,225955593,2.7704408,10.710152,0.9864683
1750613430777,225972260,-7.3795686,4.1151905,3.405572
1750613430777,225972260,-7.3795686,4.1151905,3.405572
1750613430793,225988927,-1.319467,8.743608,1.0347519
1750613430793,225988927,-1.319467,8.743608,1.0347519
1750613430810,226005594,-3.9448552,5.610629,0.10049915
1750613430810,226005594,-3.9448552,5.610629,0.10049915
1750613430827,226022261,-1.0179267,5.6985235,-1.0547457
1750613430827,226022261,-1.0179267,5.6985235,-1.0547457
1750613430843,226038928,5.9576206,5.3373713,-4.42602
1750613430843,226038928,5.9576206,5.3373713,-4.42602
1750613430860,226055595,5.162059,4.3632655,-6.5798907
1750613430860,226055595,5.162059,4.3632655,-6.5798907
1750613430877,226072262,-0.34759775,5.225444,-5.9863205
1750613430877,226072262,-0.34759775,5.225444,-5.9863205
1750613430893,226088929,-2.4225538,5.100074,-5.0141344
1750613430893,226088929,-2.4225538,5.100074,-5.0141344
1750613430910,226105596,-0.15128866,4.572305,-4.572544
1750613430910,226105596,-0.15128866,4.572305,-4.572544
1750613430927,226122263,0.038753122,4.674829,-4.941605
1750613430927,226122263,0.038753122,4.674829,-4.941605
1750613430943,226138930,-1.5424451,4.9593215,-4.740888
1750613430943,226138930,-1.5424451,4.9593215,-4.740888
1750613430960,226155597,-0.8521142,3.8932953,-3.823419
1750613430960,226155597,-0.8521142,3.8932953,-3.823419
1750613430977,226172264,-0.6156588,2.962094,-2.4919806
1750613430977,226172264,-0.6156588,2.962094,-2.4919806
1750613430993,226188931,1.0812635,1.7061864,-1.7734966
1750613430993,226188931,1.0812635,1.7061864,-1.7734966
1750613431010,226205598,1.8875177,0.51639503,-0.8183918
1750613431010,226205598,1.8875177,0.51639503,-0.8183918
1750613431027,226222265,0.9784988,0.11392601,0.3000307
1750613431027,226222265,0.9784988,0.11392601,0.3000307
1750613431043,226238932,0.43023703,-0.15008403,1.6758842
1750613431043,226238932,0.43023703,-0.15008403,1.6758842
1750613431060,226255599,-1.3319353,-0.3639124,3.2184315
1750613431060,226255599,-1.3319353,-0.3639124,3.2184315
1750613431077,226272266,-3.658447,-0.6910169,4.839073
1750613431077,226272266,-3.658447,-0.6910169,4.839073
1750613431093,226288933,-3.0366042,-3.8885453,5.766617
1750613431093,226288933,-3.0366042,-3.8885453,5.766617
1750613431110,226305600,-1.1747645,-7.684464,5.758806
1750613431110,226305600,-1.1747645,-7.684464,5.758806
1750613431127,226322267,-1.0428416,-10.127616,4.7797556
1750613431127,226322267,-1.0428416,-10.127616,4.7797556
1750613431143,226338934,-2.209246,-11.905194,2.9366884
1750613431143,226338934,-2.209246,-11.905194,2.9366884
1750613431160,226355601,-3.2922966,-13.983729,1.0024414
1750613431160,226355601,-3.2922966,-13.983729,1.0024414
1750613431177,226372268,-3.8526902,-14.455308,-2.1360765
1750613431177,226372268,-3.8526902,-14.455308,-2.1360765
1750613431193,226388935,-4.568362,-14.956028,-5.6820416
1750613431193,226388935,-4.568362,-14.956028,-5.6820416
1750613431210,226405602,-3.6264205,-15.961548,-8.785107
1750613431210,226405602,-3.6264205,-15.961548,-8.785107
1750613431227,226422269,-5.732741,-13.826271,-8.170045
1750613431227,226422269,-5.732741,-13.826271,-8.170045
1750613431243,226438936,-5.5297074,-12.699112,-5.9705496
1750613431243,226438936,-5.5297074,-12.699112,-5.9705496
1750613431260,226455603,-3.91691,-11.789355,-4.208528
1750613431260,226455603,-3.91691,-11.789355,-4.208528
1750613431277,226472270,11.178044,2.427357,4.438299
1750613431277,226472270,11.178044,2.427357,4.438299
1750613431293,226488937,1.1679535,21.77583,22.043278
1750613431293,226488937,1.1679535,21.77583,22.043278
1750613431310,226505604,-1.9395895,-5.845066,-10.43148
1750613431310,226505604,-1.9395895,-5.845066,-10.43148
1750613431327,226522271,1.2400055,-18.918373,0.061095238
1750613431327,226522271,1.2400055,-18.918373,0.061095238
1750613431343,226538938,-8.297851,4.006516,7.6298847
1750613431343,226538938,-8.297851,4.006516,7.6298847
1750613431360,226555605,0.20113954,-4.2573338,-4.384978
1750613431360,226555605,0.20113954,-4.2573338,-4.384978
1750613431377,226572272,7.515234,-7.1820765,0.5015793
1750613431377,226572272,7.515234,-7.1820765,0.5015793
1750613431393,226588939,-0.62788045,-1.1967375,-0.3506174
1750613431393,226588939,-0.62788045,-1.1967375,-0.3506174
1750613431410,226605606,-1.359958,-0.6336456,0.2717123
1750613431410,226605606,-1.359958,-0.6336456,0.2717123
1750613431427,226622273,-3.201035,-0.3801703,1.39114
1750613431427,226622273,-3.201035,-0.3801703,1.39114
1750613431443,226638940,2.742335,-3.2045817,0.15983391
1750613431443,226638940,2.742335,-3.2045817,0.15983391
1750613431460,226655607,-0.11352586,-2.305099,0.07762718
1750613431460,226655607,-0.11352586,-2.305099,0.07762718
1750613431477,226672274,-2.2865524,0.05694261,0.8121338
1750613431477,226672274,-2.2865524,0.05694261,0.8121338
1750613431493,226688941,-1.390984,-0.41002625,0.6690445
1750613431493,226688941,-1.390984,-0.41002625,0.6690445
1750613431510,226705608,1.0370013,-1.9354289,0.18851185
1750613431510,226705608,1.0370013,-1.9354289,0.18851185
1750613431527,226722275,-1.1318332,0.028003268,0.26119995
1750613431527,226722275,-1.1318332,0.028003268,0.26119995
1750613431543,226738942,-1.5824289,0.500572,-0.033426285
1750613431543,226738942,-1.5824289,0.500572,-0.033426285
1750613431560,226755609,-0.6706627,0.103296064,-0.3076067
1750613431560,226755609,-0.6706627,0.103296064,-0.3076067
1750613431577,226772276,-1.0769982,1.0832891,-0.5556383
1750613431577,226772276,-1.0769982,1.0832891,-0.5556383
1750613431593,226788943,-1.4120852,2.100888,-0.3732195
1750613431593,226788943,-1.4120852,2.100888,-0.3732195
1750613431610,226805610,-0.79875433,1.141528,-0.12975979
1750613431610,226805610,-0.79875433,1.141528,-0.12975979
1750613431627,226822277,-0.29070565,0.5158279,-0.023124695
1750613431627,226822277,-0.29070565,0.5158279,-0.023124695
1750613431643,226838944,-1.0620219,0.9393047,0.18058491
1750613431643,226838944,-1.0620219,0.9393047,0.18058491
1750613431660,226855611,-0.38368848,-0.061105985,-0.08592224
1750613431660,226855611,-0.38368848,-0.061105985,-0.08592224
1750613431677,226872278,-0.36311942,0.03519949,-0.21336174
1750613431677,226872278,-0.36311942,0.03519949,-0.21336174
1750613431693,226888945,-0.080674484,-0.12473141,-0.11574364
1750613431693,226888945,-0.080674484,-0.12473141,-0.11574364
1750613431710,226905612,0.36772949,-0.18742657,-0.005630493
1750613431710,226905612,0.36772949,-0.18742657,-0.005630493
1750613431727,226922279,-0.12306556,0.05934202,-0.016206741
1750613431727,226922279,-0.12306556,0.05934202,-0.016206741
1750613431743,226938946,-0.2215471,0.0025824688,-0.09430027
1750613431743,226938946,-0.2215471,0.0025824688,-0.09430027
1750613431760,226955613,-0.47353053,0.19466123,-0.08697224
1750613431760,226955613,-0.47353053,0.19466123,-0.08697224
1750613431777,226972280,-0.28113967,0.32160297,-0.12838173
1750613431777,226972280,-0.28113967,0.32160297,-0.12838173
1750613431793,226988947,-0.1989225,0.2259327,-0.27278137
1750613431793,226988947,-0.1989225,0.2259327,-0.27278137
1750613431810,227005614,-0.16064848,-0.27553806,-0.22529316
1750613431810,227005614,-0.16064848,-0.27553806,-0.22529316
1750613431827,227022281,-0.09390243,-0.36251277,0.2526741
1750613431827,227022281,-0.09390243,-0.36251277,0.2526741
1750613431843,227038948,0.33469424,-0.60354936,0.70218277
1750613431843,227038948,0.33469424,-0.60354936,0.70218277
1750613431860,227055615,0.22943051,-0.030974202,1.2030582
1750613431860,227055615,0.22943051,-0.030974202,1.2030582
1750613431877,227072282,0.33129779,0.2686579,1.2361679
1750613431877,227072282,0.33129779,0.2686579,1.2361679
1750613431893,227088949,0.4386966,0.37774426,1.3891249
1750613431893,227088949,0.4386966,0.37774426,1.3891249
1750613431910,227105616,1.1124405,0.32365593,1.4478855
1750613431910,227105616,1.1124405,0.32365593,1.4478855
1750613431927,227122283,1.5910516,1.3257629,1.844882
1750613431927,227122283,1.5910516,1.3257629,1.844882
1750613431943,227138950,0.4594596,2.174379,4.3381767
1750613431943,227138950,0.4594596,2.174379,4.3381767
1750613431960,227155617,2.4128485,4.31799,4.0464935
1750613431960,227155617,2.4128485,4.31799,4.0464935
1750613431977,227172284,3.7339787,3.873915,4.516861
1750613431977,227172284,3.7339787,3.873915,4.516861
1750613431993,227188951,4.9787645,7.062917,4.219453
1750613431993,227188951,4.9787645,7.062917,4.219453
1750613432010,227205618,5.648958,10.103013,3.3019514
1750613432010,227205618,5.648958,10.103013,3.3019514
1750613432027,227222285,7.1947985,8.73597,1.6193924
1750613432027,227222285,7.1947985,8.73597,1.6193924
1750613432043,227238952,3.7734969,10.0349245,0.16970253
1750613432043,227238952,3.7734969,10.0349245,0.16970253
1750613432060,227255619,-4.1106544,10.18351,-1.1203709
1750613432060,227255619,-4.1106544,10.18351,-1.1203709
1750613432077,227272286,-6.766158,5.432243,1.2916794
1750613432077,227272286,-6.766158,5.432243,1.2916794
1750613432093,227288953,-4.7970705,5.4207344,3.4750662
1750613432093,227288953,-4.7970705,5.4207344,3.4750662
1750613432110,227305620,1.154697,5.1262717,-0.0843935
1750613432110,227305620,1.154697,5.1262717,-0.0843935
1750613432127,227322287,7.187473,6.2709985,-4.3489795
1750613432127,227322287,7.187473,6.2709985,-4.3489795
1750613432143,227338954,3.991522,5.60425,-6.2111187
1750613432143,227338954,3.991522,5.60425,-6.2111187
1750613432160,227355621,-1.8851999,3.5157888,-4.7956185
1750613432160,227355621,-1.8851999,3.5157888,-4.7956185
1750613432177,227372288,-1.8997549,5.385459,-4.89119
1750613432177,227372288,-1.8997549,5.385459,-4.89119
1750613432193,227388955,-1.2538607,6.184564,-5.152313
1750613432193,227388955,-1.2538607,6.184564,-5.152313
1750613432210,227405622,-1.5619966,5.7092423,-5.024803
1750613432210,227405622,-1.5619966,5.7092423,-5.024803
1750613432227,227422289,-1.5679927,4.370303,-4.8680387
1750613432227,227422289,-1.5679927,4.370303,-4.8680387
1750613432243,227438956,-0.6075737,3.545925,-4.3161254
1750613432243,227438956,-0.6075737,3.545925,-4.3161254
1750613432260,227455623,-0.104241304,3.267185,-3.5986958
1750613432260,227455623,-0.104241304,3.267185,-3.5986958
1750613432277,227472290,0.5800834,1.8840187,-2.8637414
1750613432277,227472290,0.5800834,1.8840187,-2.8637414
1750613432293,227488957,1.6332188,1.3395065,-2.36338
1750613432293,227488957,1.6332188,1.3395065,-2.36338
1750613432310,227505624,0.95687664,1.2614982,-1.1305428
1750613432310,227505624,0.95687664,1.2614982,-1.1305428
1750613432327,227522291,0.9692334,0.9666521,0.53855133
1750613432327,227522291,0.9692334,0.9666521,0.53855133
1750613432343,227538958,0.09227308,0.65749955,2.4050922
1750613432343,227538958,0.09227308,0.65749955,2.4050922
1750613432360,227555625,-1.4256902,-0.38640183,5.0113935
1750613432360,227555625,-1.4256902,-0.38640183,5.0113935
1750613432377,227572292,-1.0107509,-3.4462037,7.536436
1750613432377,227572292,-1.0107509,-3.4462037,7.536436
1750613432393,227588959,-0.59497005,-7.83078,7.1953144
1750613432393,227588959,-0.59497005,-7.83078,7.1953144
1750613432410,227605626,-1.7175214,-10.875201,6.2375107
1750613432410,227605626,-1.7175214,-10.875201,6.2375107
1750613432427,227622293,-1.3784453,-14.236429,4.016341
1750613432427,227622293,-1.3784453,-14.236429,4.016341
1750613432443,227638960,-3.2449853,-15.528042,1.068697
1750613432443,227638960,-3.2449853,-15.528042,1.068697
1750613432460,227655627,-4.9567394,-16.241615,-3.5362678
1750613432460,227655627,-4.9567394,-16.241615,-3.5362678
1750613432477,227672294,-6.130613,-15.878682,-7.270846
1750613432477,227672294,-6.130613,-15.878682,-7.270846
1750613432493,227688961,-5.1082473,-15.695103,-9.714977
1750613432493,227688961,-5.1082473,-15.695103,-9.714977
1750613432510,227705628,-5.483269,-14.041294,-7.921815
1750613432510,227705628,-5.483269,-14.041294,-7.921815
1750613432527,227722295,-3.8871295,-13.467623,-5.5211425
1750613432527,227722295,-3.8871295,-13.467623,-5.5211425
1750613432543,227738962,3.656534,-6.197014,-0.53529644
1750613432543,227738962,3.656534,-6.197014,-0.53529644
1750613432560,227755629,12.881368,19.879951,23.220356
1750613432560,227755629,12.881368,19.879951,23.220356
1750613432577,227772296,-5.059616,1.7817551,-6.585603
1750613432577,227772296,-5.059616,1.7817551,-6.585603
1750613432593,227788963,2.090986,-20.106155,-3.3051128
1750613432593,227788963,2.090986,-20.106155,-3.3051128
1750613432610,227805630,-8.776485,-3.9416792,8.960875
1750613432610,227805630,-8.776485,-3.9416792,8.960875
1750613432627,227822297,0.5516646,-3.4661717,-0.98775005
1750613432627,227822297,0.5516646,-3.4661717,-0.98775005
1750613432643,227838964,2.6323786,-3.9011858,-1.676714
1750613432643,227838964,2.6323786,-3.9011858,-1.676714
1750613432660,227855631,-0.14948602,-1.9931446,0.15499973
1750613432660,227855631,-0.14948602,-1.9931446,0.15499973
1750613432677,227872298,-0.3742353,-2.0142407,-0.038392067
1750613432677,227872298,-0.3742353,-2.0142407,-0.038392067
1750613432693,227888965,-2.336538,0.081330106,0.15200806
1750613432693,227888965,-2.336538,0.081330106,0.15200806
1750613432710,227905632,-1.4202551,-0.562621,0.6520338
1750613432710,227905632,-1.4202551,-0.562621,0.6520338
1750613432727,227922299,0.70885324,-1.4499731,0.19176102
1750613432727,227922299,0.70885324,-1.4499731,0.19176102
1750613432743,227938966,-1.591914,-0.44997987,0.32286167
1750613432743,227938966,-1.591914,-0.44997987,0.32286167
1750613432760,227955633,-1.650649,-0.51953036,0.43276787
1750613432760,227955633,-1.650649,-0.51953036,0.43276787
1750613432777,227972300,-1.1877453,-0.5801625,0.6392317
1750613432777,227972300,-1.1877453,-0.5801625,0.6392317
1750613432793,227988967,-0.23015893,-1.2934469,0.538723
1750613432793,227988967,-0.23015893,-1.2934469,0.538723
1750613432810,228005634,0.92677814,-1.9041902,-0.091781616
1750613432810,228005634,0.92677814,-1.9041902,-0.091781616
1750613432827,228022301,1.3305326,-0.716604,-0.45859623
1750613432827,228022301,1.3305326,-0.716604,-0.45859623
1750613432843,228038968,-0.23288932,1.8969924,-0.56588936
1750613432843,228038968,-0.23288932,1.8969924,-0.56588936
1750613432860,228055635,-1.7262094,3.2746468,-0.5211487
1750613432860,228055635,-1.7262094,3.2746468,-0.5211487
1750613432877,228072302,-1.7127054,2.2334313,-0.44408798
1750613432877,228072302,-1.7127054,2.2334313,-0.44408798
1750613432893,228088969,-0.8489757,0.56770724,-0.24752617
1750613432893,228088969,-0.8489757,0.56770724,-0.24752617
1750613432910,228105636,-0.16573977,-0.19117957,0.1688757
1750613432910,228105636,-0.16573977,-0.19117957,0.1688757
1750613432927,228122303,0.09470272,-0.8107311,-0.095929146
1750613432927,228122303,0.09470272,-0.8107311,-0.095929146
1750613432943,228138970,-0.29268447,-0.5185923,-0.046038628
1750613432943,228138970,-0.29268447,-0.5185923,-0.046038628
1750613432960,228155637,-0.66519016,0.038182717,0.020085335
1750613432960,228155637,-0.66519016,0.038182717,0.020085335
1750613432977,228172304,-1.0582145,0.37872347,-0.08889294
1750613432977,228172304,-1.0582145,0.37872347,-0.08889294
1750613432993,228188971,-0.7273272,0.4325519,-0.14846611
1750613432993,228188971,-0.7273272,0.4325519,-0.14846611
1750613433010,228205638,-0.6584675,0.5212798,-0.17678261
1750613433010,228205638,-0.6584675,0.5212798,-0.17678261
1750613433027,228222305,-0.20357342,-0.22883703,-0.26529694
1750613433027,228222305,-0.20357342,-0.22883703,-0.26529694
1750613433043,228238972,0.82536286,-1.0361165,-0.38025856
1750613433043,228238972,0.82536286,-1.0361165,-0.38025856
1750613433060,228255639,0.19740005,-0.467223,-0.26707554
1750613433060,228255639,0.19740005,-0.467223,-0.26707554
1750613433077,228272306,-0.49895194,0.075799726,-0.13610744
1750613433077,228272306,-0.49895194,0.075799726,-0.13610744
1750613433093,228288973,-0.24668376,-0.04384989,-0.09144974
1750613433093,228288973,-0.24668376,-0.04384989,-0.09144974
1750613433110,228305640,-0.5895077,0.056852754,0.22260857
1750613433110,228305640,-0.5895077,0.056852754,0.22260857
1750613433127,228322307,-0.23956387,-0.29827514,0.5417738
1750613433127,228322307,-0.23956387,-0.29827514,0.5417738
1750613433143,228338974,0.31849486,-0.561205,0.6492443
1750613433143,228338974,0.31849486,-0.561205,0.6492443
1750613433160,228355641,0.44528687,-0.5738807,0.6664038
1750613433160,228355641,0.44528687,-0.5738807,0.6664038
1750613433177,228372308,0.93085563,-0.4536256,0.85838795
1750613433177,228372308,0.93085563,-0.4536256,0.85838795
1750613433193,228388975,1.2708367,0.1859335,1.2859154
1750613433193,228388975,1.2708367,0.1859335,1.2859154
1750613433210,228405642,0.328169,1.6524742,2.6044693
1750613433210,228405642,0.328169,1.6524742,2.6044693
1750613433227,228422309,-0.16352923,3.8096492,4.586158
1750613433227,228422309,-0.16352923,3.8096492,4.586158
1750613433243,228438976,2.334983,3.631762,4.2337008
1750613433243,228438976,2.334983,3.631762,4.2337008
1750613433260,228455643,3.274719,5.64275,5.3608084
1750613433260,228455643,3.274719,5.64275,5.3608084
1750613433277,228472310,4.901525,6.9313493,4.6490936
1750613433277,228472310,4.901525,6.9313493,4.6490936
1750613433293,228488977,6.7543383,7.2522464,3.3850374
1750613433293,228488977,6.7543383,7.2522464,3.3850374
1750613433310,228505644,8.510531,10.39166,1.7519379
1750613433310,228505644,8.510531,10.39166,1.7519379
1750613433327,228522311,4.2657833,8.728107,-0.64317226
1750613433327,228522311,4.2657833,8.728107,-0.64317226
1750613433343,228538978,0.92394245,8.615407,-1.7278223
1750613433343,228538978,0.92394245,8.615407,-1.7278223
1750613433360,228555645,-6.882629,1.1014618,-0.22341537
1750613433360,228555645,-6.882629,1.1014618,-0.22341537
1750613433377,228572312,-9.801879,1.5409492,2.869237
1750613433377,228572312,-9.801879,1.5409492,2.869237
1750613433393,228588979,2.027479,6.8153687,0.19566059
1750613433393,228588979,2.027479,6.8153687,0.19566059
1750613433410,228605646,-2.6008391,9.677065,-5.8913164
1750613433410,228605646,-2.6008391,9.677065,-5.8913164
1750613433427,228622313,0.46771717,6.2452064,-7.4240847
1750613433427,228622313,0.46771717,6.2452064,-7.4240847
1750613433443,228638980,4.8657527,3.5907633,-4.972957
1750613433443,228638980,4.8657527,3.5907633,-4.972957
1750613433460,228655647,0.035981674,4.1887283,-4.546335
1750613433460,228655647,0.035981674,4.1887283,-4.546335
1750613433477,228672314,-1.6368611,5.0431166,-4.151089
1750613433477,228672314,-1.6368611,5.0431166,-4.151089
1750613433493,228688981,-0.96765786,4.52641,-3.6009655
1750613433493,228688981,-0.96765786,4.52641,-3.6009655
1750613433510,228705648,-1.4210831,4.9371824,-3.4992275
1750613433510,228705648,-1.4210831,4.9371824,-3.4992275
1750613433527,228722315,-2.342027,4.203414,-3.9510603
1750613433527,228722315,-2.342027,4.203414,-3.9510603
1750613433543,228738982,-2.9252012,3.434296,-2.3130198
1750613433543,228738982,-2.9252012,3.434296,-2.3130198
1750613433560,228755649,-2.959455,2.485244,-1.1061783
1750613433560,228755649,-2.959455,2.485244,-1.1061783
1750613433577,228772316,-2.4183636,1.3246049,-0.09492302
1750613433577,228772316,-2.4183636,1.3246049,-0.09492302
1750613433593,228788983,-2.0639043,0.58228207,1.1428261
1750613433593,228788983,-2.0639043,0.58228207,1.1428261
1750613433610,228805650,-2.7312229,-0.2576979,2.5812922
1750613433610,228805650,-2.7312229,-0.2576979,2.5812922
1750613433627,228822317,-4.300511,-1.3044634,3.8487597
1750613433627,228822317,-4.300511,-1.3044634,3.8487597
1750613433643,228838984,-6.1893654,-2.7587385,4.794736
1750613433643,228838984,-6.1893654,-2.7587385,4.794736
1750613433660,228855651,-6.4453106,-5.132548,5.2634716
1750613433660,228855651,-6.4453106,-5.132548,5.2634716
1750613433677,228872318,-4.7611094,-7.332525,5.0341625
1750613433677,228872318,-4.7611094,-7.332525,5.0341625
1750613433693,228888985,-3.7399902,-8.696371,3.8676224
1750613433693,228888985,-3.7399902,-8.696371,3.8676224
1750613433710,228905652,1.9654391,-8.929624,2.384554
1750613433710,228905652,1.9654391,-8.929624,2.384554
1750613433727,228922319,1.4307832,-10.259126,0.09451485
1750613433727,228922319,1.4307832,-10.259126,0.09451485
1750613433743,228938986,0.74287796,-12.05912,-1.8764453
1750613433743,228938986,0.74287796,-12.05912,-1.8764453
1750613433760,228955653,3.095333,-12.50522,-3.5821695
1750613433760,228955653,3.095333,-12.50522,-3.5821695
1750613433777,228972320,2.6071672,-12.289101,-5.1047673
1750613433777,228972320,2.6071672,-12.289101,-5.1047673
1750613433793,228988987,2.3441844,-10.959482,-5.0256085
1750613433793,228988987,2.3441844,-10.959482,-5.0256085
1750613433810,229005654,1.1973802,-10.412567,-4.5155745
1750613433810,229005654,1.1973802,-10.412567,-4.5155745
1750613433827,229022321,2.545762,-19.835989,-7.2195635
1750613433827,229022321,2.545762,-19.835989,-7.2195635
1750613433843,229038988,6.422505,-3.2432227,0.36505985
1750613433843,229038988,6.422505,-3.2432227,0.36505985
1750613433860,229055655,2.3194668,-0.625685,2.681096
1750613433860,229055655,2.3194668,-0.625685,2.681096
1750613433877,229072322,-5.315054,-6.602951,1.8594532
1750613433877,229072322,-5.315054,-6.602951,1.8594532
1750613433893,229088989,-0.58814174,-6.066176,0.5405588
1750613433893,229088989,-0.58814174,-6.066176,0.5405588
1750613433910,229105656,-2.754097,-3.1778169,2.4120607
1750613433910,229105656,-2.754097,-3.1778169,2.4120607
1750613433927,229122323,1.980572,1.0106587,3.7311077
1750613433927,229122323,1.980572,1.0106587,3.7311077
1750613433943,229138990,-0.5739956,0.5894325,3.2860575
1750613433943,229138990,-0.5739956,0.5894325,3.2860575
1750613433960,229155657,2.760848,0.30511698,0.93967724
1750613433960,229155657,2.760848,0.30511698,0.93967724
1750613433977,229172324,5.340606,2.6477368,0.7597456
1750613433977,229172324,5.340606,2.6477368,0.7597456
1750613433993,229188991,0.666232,-0.6809919,0.15728474
1750613433993,229188991,0.666232,-0.6809919,0.15728474
1750613434010,229205658,-0.18418317,-1.219065,-0.20291519
1750613434010,229205658,-0.18418317,-1.219065,-0.20291519
1750613434027,229222325,1.914726,0.5295641,-0.28550625
1750613434027,229222325,1.914726,0.5295641,-0.28550625
1750613434043,229238992,0.54146683,-0.021816652,-0.17575169
1750613434043,229238992,0.54146683,-0.021816652,-0.17575169
1750613434060,229255659,-0.23477621,-0.6597687,-0.17038631
1750613434060,229255659,-0.23477621,-0.6597687,-0.17038631
1750613434077,229272326,0.5570341,0.31951088,-0.12424564
1750613434077,229272326,0.5570341,0.31951088,-0.12424564
1750613434094,229288993,-1.077226,0.1615013,0.17491627
1750613434094,229288993,-1.077226,0.1615013,0.17491627
1750613434110,229305660,-0.5775897,-0.74425524,-0.24528408
1750613434110,229305660,-0.5775897,-0.74425524,-0.24528408
1750613434127,229322327,0.39550373,-0.036779504,0.30103588
1750613434127,229322327,0.39550373,-0.036779504,0.30103588
1750613434144,229338994,0.893232,0.21100003,-0.094073296
1750613434144,229338994,0.893232,0.21100003,-0.094073296
1750613434160,229355661,0.39965904,1.0859274,0.46503925
1750613434160,229355661,0.39965904,1.0859274,0.46503925
1750613434177,229372328,-0.016630482,-1.7333673,-0.61216545
1750613434177,229372328,-0.016630482,-1.7333673,-0.61216545
1750613434194,229388995,-0.9344788,-1.7746544,-0.17747784
1750613434194,229388995,-0.9344788,-1.7746544,-0.17747784
1750613434210,229405662,-1.3186326,-1.3397418,-0.1956749
1750613434210,229405662,-1.3186326,-1.3397418,-0.1956749
1750613434227,229422329,-1.5817449,-1.1250927,-0.24875641
1750613434227,229422329,-1.5817449,-1.1250927,-0.24875641
1750613434244,229438996,-2.36054,-1.6559639,-0.12854862
1750613434244,229438996,-2.36054,-1.6559639,-0.12854862
1750613434260,229455663,-2.0063422,-1.320146,-0.08153534
1750613434260,229455663,-2.0063422,-1.320146,-0.08153534
1750613434277,229472330,-2.4975557,-1.9636782,-0.23456669
1750613434277,229472330,-2.4975557,-1.9636782,-0.23456669
1750613434294,229488997,-1.3899419,-1.2272558,-0.3213148
1750613434294,229488997,-1.3899419,-1.2272558,-0.3213148
1750613434310,229505664,-0.63036287,-0.90636826,-0.21005535
1750613434310,229505664,-0.63036287,-0.90636826,-0.21005535
1750613434327,229522331,-0.45062962,-1.0519472,-0.14561749
1750613434327,229522331,-0.45062962,-1.0519472,-0.14561749
1750613434344,229538998,0.41804433,-0.5934767,-0.12960815
1750613434344,229538998,0.41804433,-0.5934767,-0.12960815
1750613434360,229555665,0.80427,-0.30403954,0.08479881
1750613434360,229555665,0.80427,-0.30403954,0.08479881
1750613434377,229572332,0.8905136,-0.18180543,0.05525112
1750613434377,229572332,0.8905136,-0.18180543,0.05525112
1750613434394,229588999,0.91562194,0.01457081,0.10423565
1750613434394,229588999,0.91562194,0.01457081,0.10423565
1750613434410,229605666,1.0405962,0.0037583704,0.19991589
1750613434410,229605666,1.0405962,0.0037583704,0.19991589
1750613434427,229622333,0.8148527,-0.15926751,0.23487663
1750613434427,229622333,0.8148527,-0.15926751,0.23487663
1750613434444,229639000,0.49038696,-0.45704845,0.09078598
1750613434444,229639000,0.49038696,-0.45704845,0.09078598
1750613434460,229655667,0.3121953,-0.42152554,0.026597023
1750613434460,229655667,0.3121953,-0.42152554,0.026597023
1750613434477,229672334,0.3524473,-0.10455467,-0.042312622
1750613434477,229672334,0.3524473,-0.10455467,-0.042312622
1750613434494,229689001,-0.0018569457,-0.50074726,-0.015566826
1750613434494,229689001,-0.0018569457,-0.50074726,-0.015566826
1750613434510,229705668,0.0007675435,-0.43380332,-0.05809498
1750613434510,229705668,0.0007675435,-0.43380332,-0.05809498
1750613434527,229722335,0.32453412,-0.1347877,0.042446136
1750613434527,229722335,0.32453412,-0.1347877,0.042446136
1750613434544,229739002,0.23805158,-0.19706981,-0.037553787
1750613434544,229739002,0.23805158,-0.19706981,-0.037553787
1750613434560,229755669,-0.09297379,-0.7010448,-0.1330328
1750613434560,229755669,-0.09297379,-0.7010448,-0.1330328
1750613434577,229772336,0.16088507,-0.18807364,0.052265167
1750613434577,229772336,0.16088507,-0.18807364,0.052265167
1750613434594,229789003,0.40200415,-0.12446185,-0.05414009
1750613434594,229789003,0.40200415,-0.12446185,-0.05414009
1750613434610,229805670,0.47073662,0.06291565,0.027626991
1750613434610,229805670,0.47073662,0.06291565,0.027626991
1750613434627,229822337,0.30557305,-0.3930445,-0.05404377
1750613434627,229822337,0.30557305,-0.3930445,-0.05404377
1750613434644,229839004,0.24647892,-0.38804263,0.015611649
1750613434644,229839004,0.24647892,-0.38804263,0.015611649
1750613434660,229855671,-0.026919452,-0.9030744,0.13506699
1750613434660,229855671,-0.026919452,-0.9030744,0.13506699
1750613434677,229872338,-0.44835895,-0.9565668,0.014401436
1750613434677,229872338,-0.44835895,-0.9565668,0.014401436
1750613434694,229889005,-0.7348838,-0.9470603,0.028406143
1750613434694,229889005,-0.7348838,-0.9470603,0.028406143
1750613434710,229905672,-0.8380448,-0.53903425,-0.21366596
1750613434710,229905672,-0.8380448,-0.53903425,-0.21366596
1750613434727,229922339,-1.0387791,-0.4424354,-0.20069218
1750613434727,229922339,-1.0387791,-0.4424354,-0.20069218
1750613434744,229939006,-1.5665491,-0.9328834,0.47648525
1750613434744,229939006,-1.5665491,-0.9328834,0.47648525
1750613434760,229955673,-0.9436444,-0.24779195,1.5212688
1750613434760,229955673,-0.9436444,-0.24779195,1.5212688
1750613434777,229972340,-0.82392687,0.22730663,2.721054
1750613434777,229972340,-0.82392687,0.22730663,2.721054
1750613434794,229989007,-1.0730039,1.0901196,3.5522575
1750613434794,229989007,-1.0730039,1.0901196,3.5522575
1750613434810,230005674,-3.885514,-2.626028,3.101595
1750613434810,230005674,-3.885514,-2.626028,3.101595
1750613434827,230022341,-6.0239034,0.9530322,3.6881962
1750613434827,230022341,-6.0239034,0.9530322,3.6881962
1750613434844,230039008,-3.75856,-0.84103566,3.3151245
1750613434844,230039008,-3.75856,-0.84103566,3.3151245
1750613434860,230055675,0.022177402,-9.253101,1.3508406
1750613434860,230055675,0.022177402,-9.253101,1.3508406
1750613434877,230072342,2.3268561,-14.328708,-0.78789806
1750613434877,230072342,2.3268561,-14.328708,-0.78789806
1750613434894,230089009,1.9867834,-13.531498,-0.4860134
1750613434894,230089009,1.9867834,-13.531498,-0.4860134
1750613434910,230105676,1.7126123,-11.539665,-1.9641867
1750613434910,230105676,1.7126123,-11.539665,-1.9641867
1750613434927,230122343,1.3050908,-4.6534414,0.22374535
1750613434927,230122343,1.3050908,-4.6534414,0.22374535
1750613434944,230139010,0.22012271,-4.6703815,-1.2920876
1750613434944,230139010,0.22012271,-4.6703815,-1.2920876
1750613434960,230155677,0.14496782,-5.7486124,-2.8533444
1750613434960,230155677,0.14496782,-5.7486124,-2.8533444
1750613434977,230172344,-0.21889943,-5.7722106,-2.8676848
1750613434977,230172344,-0.21889943,-5.7722106,-2.8676848
1750613434994,230189011,-0.62294716,-5.5542254,-2.7468019
1750613434994,230189011,-0.62294716,-5.5542254,-2.7468019
1750613435010,230205678,-0.33710358,-5.6432123,-2.5298285
1750613435010,230205678,-0.33710358,-5.6432123,-2.5298285
1750613435027,230222345,0.06970117,-5.4272065,-2.2101593
1750613435027,230222345,0.06970117,-5.4272065,-2.2101593
1750613435044,230239012,0.5765195,-5.266774,-1.8533745
1750613435044,230239012,0.5765195,-5.266774,-1.8533745
1750613435060,230255679,0.3930301,-4.704416,-1.5478888
1750613435060,230255679,0.3930301,-4.704416,-1.5478888
1750613435077,230272346,-0.27095535,-3.5531843,-1.2225676
1750613435077,230272346,-0.27095535,-3.5531843,-1.2225676
1750613435094,230289013,0.19200836,-3.1135492,-1.1080322
1750613435094,230289013,0.19200836,-3.1135492,-1.1080322
1750613435110,230305680,0.4597724,-2.648151,-0.7768135
1750613435110,230305680,0.4597724,-2.648151,-0.7768135
1750613435127,230322347,0.49039412,-1.8203449,-0.032496452
1750613435127,230322347,0.49039412,-1.8203449,-0.032496452
1750613435144,230339014,1.5752608,-1.5932335,0.7425394
1750613435144,230339014,1.5752608,-1.5932335,0.7425394
1750613435160,230355681,2.1743743,-0.65424937,1.5708761
1750613435160,230355681,2.1743743,-0.65424937,1.5708761
1750613435177,230372348,1.7143788,0.5357628,2.4208841
1750613435177,230372348,1.7143788,0.5357628,2.4208841
1750613435194,230389015,1.2613994,1.8216,3.1672697
1750613435194,230389015,1.2613994,1.8216,3.1672697
1750613435210,230405682,-0.04867844,3.5047114,3.500821
1750613435210,230405682,-0.04867844,3.5047114,3.500821
1750613435227,230422349,0.012401393,6.2042155,2.805107
1750613435227,230422349,0.012401393,6.2042155,2.805107
1750613435244,230439016,1.35101,8.453048,1.4241467
1750613435244,230439016,1.35101,8.453048,1.4241467
1750613435260,230455683,0.8556467,10.944909,0.17899513
1750613435260,230455683,0.8556467,10.944909,0.17899513
1750613435277,230472350,1.0259622,13.778499,-2.1339397
1750613435277,230472350,1.0259622,13.778499,-2.1339397
1750613435294,230489017,0.7200437,15.47149,-4.6057096
1750613435294,230489017,0.7200437,15.47149,-4.6057096
1750613435310,230505684,1.3945736,15.093837,-6.2938657
1750613435310,230505684,1.3945736,15.093837,-6.2938657
1750613435327,230522351,2.147866,15.285239,-7.1576653
1750613435327,230522351,2.147866,15.285239,-7.1576653
1750613435344,230539018,2.7150857,15.195536,-6.7432833
1750613435344,230539018,2.7150857,15.195536,-6.7432833
1750613435360,230555685,1.3844428,12.3255,-4.1248813
1750613435360,230555685,1.3844428,12.3255,-4.1248813
1750613435377,230572352,-1.4351436,-11.225473,13.596315
1750613435377,230572352,-1.4351436,-11.225473,13.596315
1750613435394,230589019,4.7161303,-2.8466594,6.233368
1750613435394,230589019,4.7161303,-2.8466594,6.233368
1750613435410,230605686,-3.1158206,9.616201,-6.0437746
1750613435410,230605686,-3.1158206,9.616201,-6.0437746
1750613435427,230622353,5.3307977,3.639108,3.1272554
1750613435427,230622353,5.3307977,3.639108,3.1272554
1750613435444,230639020,3.9638605,2.0514677,0.37318516
1750613435444,230639020,3.9638605,2.0514677,0.37318516
1750613435460,230655687,-2.3362134,5.395069,0.11534405
1750613435460,230655687,-2.3362134,5.395069,0.11534405
1750613435477,230672354,-5.8596745,3.7004626,-0.31698418
1750613435477,230672354,-5.8596745,3.7004626,-0.31698418
1750613435494,230689021,0.9405928,1.4999495,0.33863544
1750613435494,230689021,0.9405928,1.4999495,0.33863544
1750613435510,230705688,0.7069196,1.1602836,-0.095378876
1750613435510,230705688,0.7069196,1.1602836,-0.095378876
1750613435527,230722355,-1.0552636,1.4168786,0.27121067
1750613435527,230722355,-1.0552636,1.4168786,0.27121067
1750613435544,230739022,-0.81722844,1.461762,-0.10808563
1750613435544,230739022,-0.81722844,1.461762,-0.10808563
1750613435560,230755689,2.0119789,0.92003953,0.51499176
1750613435560,230755689,2.0119789,0.92003953,0.51499176
1750613435577,230772356,1.5501359,0.5091986,0.24828625
1750613435577,230772356,1.5501359,0.5091986,0.24828625
1750613435594,230789023,0.37150267,0.94270366,0.41880417
1750613435594,230789023,0.37150267,0.94270366,0.41880417
1750613435610,230805690,0.0689305,1.0610291,0.3381071
1750613435610,230805690,0.0689305,1.0610291,0.3381071
1750613435627,230822357,0.59329903,0.9303586,0.4925604
1750613435627,230822357,0.59329903,0.9303586,0.4925604
1750613435644,230839024,0.35277632,1.05287,0.28268814
1750613435644,230839024,0.35277632,1.05287,0.28268814
1750613435660,230855691,0.2512782,0.985938,0.18195438
1750613435660,230855691,0.2512782,0.985938,0.18195438
1750613435677,230872358,0.4633153,0.7566415,0.13578606
1750613435677,230872358,0.4633153,0.7566415,0.13578606
1750613435694,230889025,0.4290233,0.6730271,0.08782768
1750613435694,230889025,0.4290233,0.6730271,0.08782768
1750613435710,230905692,0.847039,0.18035026,0.01722622
1750613435710,230905692,0.847039,0.18035026,0.01722622
1750613435727,230922359,1.0588205,-0.1329663,-0.03521061
1750613435727,230922359,1.0588205,-0.1329663,-0.03521061
1750613435744,230939026,0.5849095,-0.14874676,-0.0907259
1750613435744,230939026,0.5849095,-0.14874676,-0.0907259
1750613435760,230955693,0.5737698,-0.3507703,-0.15690899
1750613435760,230955693,0.5737698,-0.3507703,-0.15690899
1750613435777,230972360,0.8945836,-0.5847364,-0.22924137
1750613435777,230972360,0.8945836,-0.5847364,-0.22924137
1750613435794,230989027,0.6313747,-0.6505867,-0.34545803
1750613435794,230989027,0.6313747,-0.6505867,-0.34545803
1750613435810,231005694,1.1215453,-0.92512786,-0.22180653
1750613435810,231005694,1.1215453,-0.92512786,-0.22180653
1750613435827,231022361,0.7549653,-0.57159764,-0.23510456
1750613435827,231022361,0.7549653,-0.57159764,-0.23510456
1750613435844,231039028,0.88409877,-0.5498814,-0.047480583
1750613435844,231039028,0.88409877,-0.5498814,-0.047480583
1750613435860,231055695,0.2764958,-0.0030379882,-0.060865402
1750613435860,231055695,0.2764958,-0.0030379882,-0.060865402
1750613435877,231072362,-0.33191228,0.427358,-0.07542515
1750613435877,231072362,-0.33191228,0.427358,-0.07542515
1750613435894,231089029,-0.04617599,0.23768625,0.1609726
1750613435894,231089029,-0.04617599,0.23768625,0.1609726
1750613435910,231105696,-0.41649896,0.41144243,0.21631908
1750613435910,231105696,-0.41649896,0.41144243,0.21631908
1750613435927,231122363,-0.41327232,0.22865935,0.34372234
1750613435927,231122363,-0.41327232,0.22865935,0.34372234
1750613435944,231139030,0.909029,-0.23447292,0.61015606
1750613435944,231139030,0.909029,-0.23447292,0.61015606
1750613435960,231155697,0.83971673,0.9074037,1.2860003
1750613435960,231155697,0.83971673,0.9074037,1.2860003
1750613435977,231172364,-0.29142693,-2.2682135,1.0298929
1750613435977,231172364,-0.29142693,-2.2682135,1.0298929
1750613435994,231189031,0.60334104,-0.5115867,0.7052622
1750613435994,231189031,0.60334104,-0.5115867,0.7052622
1750613436010,231205698,-1.5521994,-0.6780261,1.0279026
1750613436010,231205698,-1.5521994,-0.6780261,1.0279026
1750613436027,231222365,-1.3648032,-1.5949284,1.7774649
1750613436027,231222365,-1.3648032,-1.5949284,1.7774649
1750613436044,231239032,-1.315617,-2.7664614,4.1015863
1750613436044,231239032,-1.315617,-2.7664614,4.1015863
1750613436060,231255699,-1.4803804,-5.019525,4.6924677
1750613436060,231255699,-1.4803804,-5.019525,4.6924677
1750613436077,231272366,-4.1352806,-5.2741237,4.9915953
1750613436077,231272366,-4.1352806,-5.2741237,4.9915953
1750613436094,231289033,-3.6189282,-9.74482,5.575452
1750613436094,231289033,-3.6189282,-9.74482,5.575452
1750613436110,231305700,-4.667114,-11.106442,4.360568
1750613436110,231305700,-4.667114,-11.106442,4.360568
1750613436127,231322367,-6.047626,-10.356667,2.5241108
1750613436127,231322367,-6.047626,-10.356667,2.5241108
1750613436144,231339034,1.4139984,-9.1249895,2.2282972
1750613436144,231339034,1.4139984,-9.1249895,2.2282972
1750613436160,231355701,2.5082915,-6.268051,1.5801744
1750613436160,231355701,2.5082915,-6.268051,1.5801744
1750613436177,231372368,1.1530577,-4.095051,1.7492952
1750613436177,231372368,1.1530577,-4.095051,1.7492952
1750613436194,231389035,5.812299,-4.272171,1.1723709
1750613436194,231389035,5.812299,-4.272171,1.1723709
1750613436210,231405702,2.5615172,-5.462833,-2.2483559
1750613436210,231405702,2.5615172,-5.462833,-2.2483559
1750613436227,231422369,2.1565628,-8.311765,-5.6298714
1750613436227,231422369,2.1565628,-8.311765,-5.6298714
1750613436244,231439036,3.8671765,-6.3120437,-6.5514803
1750613436244,231439036,3.8671765,-6.3120437,-6.5514803
1750613436260,231455703,0.4942913,-2.9040048,-5.563514
1750613436260,231455703,0.4942913,-2.9040048,-5.563514
1750613436277,231472370,1.0767902,-2.2889402,-4.7082167
1750613436277,231472370,1.0767902,-2.2889402,-4.7082167
1750613436294,231489037,0.4934178,-2.830612,-4.636373
1750613436294,231489037,0.4934178,-2.830612,-4.636373
1750613436310,231505704,0.17631082,-2.9905744,-4.534724
1750613436310,231505704,0.17631082,-2.9905744,-4.534724
1750613436327,231522371,0.030217163,-2.0176625,-3.9750714
1750613436327,231522371,0.030217163,-2.0176625,-3.9750714
1750613436344,231539038,-0.6521985,-1.0701298,-3.26412
1750613436344,231539038,-0.6521985,-1.0701298,-3.26412
1750613436360,231555705,-0.5364217,-1.0700973,-2.6050735
1750613436360,231555705,-0.5364217,-1.0700973,-2.6050735
1750613436377,231572372,0.6992963,-0.84318036,-1.9107065
1750613436377,231572372,0.6992963,-0.84318036,-1.9107065
1750613436394,231589039,2.3121057,-0.30578974,-1.1405783
1750613436394,231589039,2.3121057,-0.30578974,-1.1405783
1750613436410,231605706,2.3531766,-0.16937198,-0.44635296
1750613436410,231605706,2.3531766,-0.16937198,-0.44635296
1750613436427,231622373,0.8934407,0.54492617,-0.053634644
1750613436427,231622373,0.8934407,0.54492617,-0.053634644
1750613436444,231639040,0.39594024,1.5441215,0.44534683
1750613436444,231639040,0.39594024,1.5441215,0.44534683
1750613436460,231655707,0.59489405,2.1524744,1.1155987
1750613436460,231655707,0.59489405,2.1524744,1.1155987
1750613436477,231672374,1.0915905,2.835529,2.1344814
1750613436477,231672374,1.0915905,2.835529,2.1344814
1750613436494,231689041,1.3769184,4.168166,3.1674385
1750613436494,231689041,1.3769184,4.168166,3.1674385
1750613436510,231705708,1.1328609,6.7812595,3.3168468
1750613436510,231705708,1.1328609,6.7812595,3.3168468
1750613436527,231722375,0.3169331,10.775908,2.456812
1750613436527,231722375,0.3169331,10.775908,2.456812
1750613436544,231739042,-0.7408129,11.873353,1.3462267
1750613436544,231739042,-0.7408129,11.873353,1.3462267
1750613436560,231755709,-0.83708864,11.575722,0.6753378
1750613436560,231755709,-0.83708864,11.575722,0.6753378
1750613436577,231772376,-0.08495571,12.510376,-0.67354107
1750613436577,231772376,-0.08495571,12.510376,-0.67354107
1750613436594,231789043,1.0242895,12.504108,-2.6549034
1750613436594,231789043,1.0242895,12.504108,-2.6549034
1750613436610,231805710,2.389373,12.403902,-4.301758
1750613436610,231805710,2.389373,12.403902,-4.301758
1750613436627,231822377,2.3723528,12.717256,-5.767782
1750613436627,231822377,2.3723528,12.717256,-5.767782
1750613436644,231839044,3.0034404,12.239281,-5.8301363
1750613436644,231839044,3.0034404,12.239281,-5.8301363
1750613436660,231855711,3.481812,11.7865,-4.8224926
1750613436660,231855711,3.481812,11.7865,-4.8224926
1750613436677,231872378,2.0958233,10.238299,-2.9684782
1750613436677,231872378,2.0958233,10.238299,-2.9684782
1750613436694,231889045,-21.968733,-18.829412,10.680197
1750613436694,231889045,-21.968733,-18.829412,10.680197
1750613436710,231905712,17.224575,-21.89948,22.142702
1750613436710,231905712,17.224575,-21.89948,22.142702
1750613436727,231922379,-9.429682,19.10467,-13.950969
1750613436727,231922379,-9.429682,19.10467,-13.950969
1750613436744,231939046,-11.758055,11.970251,2.1568766
1750613436744,231939046,-11.758055,11.970251,2.1568766
1750613436760,231955713,9.583561,-1.1836793,3.9835377
1750613436760,231955713,9.583561,-1.1836793,3.9835377
1750613436777,231972380,-7.2134166,6.0694585,-3.5697513
1750613436777,231972380,-7.2134166,6.0694585,-3.5697513
1750613436794,231989047,-1.5778792,1.2171915,-0.9991169
1750613436794,231989047,-1.5778792,1.2171915,-0.9991169
1750613436810,232005714,2.466986,0.7660025,-0.028485298
1750613436810,232005714,2.466986,0.7660025,-0.028485298
1750613436827,232022381,-0.17167091,2.3714676,0.6646881
1750613436827,232022381,-0.17167091,2.3714676,0.6646881
1750613436844,232039048,-1.7667307,2.585963,1.4839249
1750613436844,232039048,-1.7667307,2.585963,1.4839249
1750613436860,232055715,-3.3680515,2.7388453,0.157053
1750613436860,232055715,-3.3680515,2.7388453,0.157053
1750613436877,232072382,-0.6592709,2.4861007,0.042913437
1750613436877,232072382,-0.6592709,2.4861007,0.042913437
1750613436894,232089049,2.5911446,1.2292311,1.01898
1750613436894,232089049,2.5911446,1.2292311,1.01898
1750613436910,232105716,0.13539276,1.3370031,0.51746845
1750613436910,232105716,0.13539276,1.3370031,0.51746845
1750613436927,232122383,-0.506072,1.1936169,0.37463093
1750613436927,232122383,-0.506072,1.1936169,0.37463093
1750613436944,232139050,-0.8672446,1.3048788,0.06005287
1750613436944,232139050,-0.8672446,1.3048788,0.06005287
1750613436960,232155717,0.24493086,0.87924767,-0.121409416
1750613436960,232155717,0.24493086,0.87924767,-0.121409416
1750613436977,232172384,1.1007352,0.16906855,-0.1804409
1750613436977,232172384,1.1007352,0.16906855,-0.1804409
1750613436994,232189051,0.93564624,-0.8133737,-0.41129208
1750613436994,232189051,0.93564624,-0.8133737,-0.41129208
1750613437010,232205718,1.2356749,-0.8552922,-0.48133564
1750613437010,232205718,1.2356749,-0.8552922,-0.48133564
1750613437027,232222385,0.4160421,-0.5585972,-0.38480663
1750613437027,232222385,0.4160421,-0.5585972,-0.38480663
1750613437044,232239052,0.7771711,-0.24858004,-0.21953297
1750613437044,232239052,0.7771711,-0.24858004,-0.21953297
1750613437060,232255719,-0.4777272,0.23621498,0.17375565
1750613437060,232255719,-0.4777272,0.23621498,0.17375565
1750613437077,232272386,-0.52318686,0.49510264,0.08747959
1750613437077,232272386,-0.52318686,0.49510264,0.08747959
1750613437094,232289053,0.4484347,-0.17025429,-0.0049505234
1750613437094,232289053,0.4484347,-0.17025429,-0.0049505234
1750613437110,232305720,1.1295459,-0.048098646,-0.013707161
1750613437110,232305720,1.1295459,-0.048098646,-0.013707161
1750613437127,232322387,0.26974213,-0.24076122,0.005628586
1750613437127,232322387,0.26974213,-0.24076122,0.005628586
1750613437144,232339054,0.35449603,0.15829858,-0.16331768
1750613437144,232339054,0.35449603,0.15829858,-0.16331768
1750613437160,232355721,-0.11495629,0.15310861,-0.29438972
1750613437160,232355721,-0.11495629,0.15310861,-0.29438972
1750613437177,232372388,1.1776236,-0.45023912,-0.12392616
1750613437177,232372388,1.1776236,-0.45023912,-0.12392616
1750613437194,232389055,0.91248894,-0.32048082,-0.38987827
1750613437194,232389055,0.91248894,-0.32048082,-0.38987827
1750613437210,232405722,0.19667865,0.068993084,-0.32887077
1750613437210,232405722,0.19667865,0.068993084,-0.32887077
1750613437227,232422389,-0.11041696,0.41721576,0.12429047
1750613437227,232422389,-0.11041696,0.41721576,0.12429047
1750613437244,232439056,-1.1326452,0.35762945,0.71053314
1750613437244,232439056,-1.1326452,0.35762945,0.71053314
1750613437260,232455723,-0.43832478,0.057259995,1.3371363
1750613437260,232455723,-0.43832478,0.057259995,1.3371363
1750613437277,232472390,-0.4461305,-0.9092231,1.5063562
1750613437277,232472390,-0.4461305,-0.9092231,1.5063562
1750613437294,232489057,1.2085699,-1.7875812,2.0328474
1750613437294,232489057,1.2085699,-1.7875812,2.0328474
1750613437310,232505724,-1.6438191,-0.9933526,2.0783682
1750613437310,232505724,-1.6438191,-0.9933526,2.0783682
1750613437327,232522391,-1.3206236,-2.4358711,3.0322714
1750613437327,232522391,-1.3206236,-2.4358711,3.0322714
1750613437344,232539058,-1.3665904,-3.667857,5.757619
1750613437344,232539058,-1.3665904,-3.667857,5.757619
1750613437360,232555725,-3.412513,-5.8621573,5.1181164
1750613437360,232555725,-3.412513,-5.8621573,5.1181164
1750613437377,232572392,-3.4494414,-8.393656,5.1329947
1750613437377,232572392,-3.4494414,-8.393656,5.1329947
1750613437394,232589059,-3.8784156,-11.996361,4.783827
1750613437394,232589059,-3.8784156,-11.996361,4.783827
1750613437410,232605726,-7.2790112,-14.194923,2.5637102
1750613437410,232605726,-7.2790112,-14.194923,2.5637102
1750613437427,232622393,-5.225461,-11.6115675,-0.112784386
1750613437427,232622393,-5.225461,-11.6115675,-0.112784386
1750613437444,232639060,2.2731826,-9.639881,-2.1686788
1750613437444,232639060,2.2731826,-9.639881,-2.1686788
1750613437460,232655727,12.177697,-1.8030499,-1.3219442
1750613437460,232655727,12.177697,-1.8030499,-1.3219442
1750613437477,232672394,12.836479,-4.4242983,2.9186268
1750613437477,232672394,12.836479,-4.4242983,2.9186268
1750613437494,232689061,-3.293926,-7.102117,-0.75519276
1750613437494,232689061,-3.293926,-7.102117,-0.75519276
1750613437510,232705728,-1.9830291,-7.886338,-6.4769382
1750613437510,232705728,-1.9830291,-7.886338,-6.4769382
1750613437527,232722395,-2.2718875,-4.8567524,-7.998511
1750613437527,232722395,-2.2718875,-4.8567524,-7.998511
1750613437544,232739062,-0.6886128,-3.6671374,-5.658756
1750613437544,232739062,-0.6886128,-3.6671374,-5.658756
1750613437560,232755729,2.3984406,-3.1543622,-4.8242426
1750613437560,232755729,2.3984406,-3.1543622,-4.8242426
1750613437577,232772396,1.4855237,-3.4343517,-4.755083
1750613437577,232772396,1.4855237,-3.4343517,-4.755083
1750613437594,232789063,2.673312,-4.563124,-4.3200984
1750613437594,232789063,2.673312,-4.563124,-4.3200984
1750613437610,232805730,3.0683084,-4.0713463,-3.5918136
1750613437610,232805730,3.0683084,-4.0713463,-3.5918136
1750613437627,232822397,1.9435811,-2.9973078,-2.883988
1750613437627,232822397,1.9435811,-2.9973078,-2.883988
1750613437644,232839064,1.9493401,-2.4172845,-1.5634127
1750613437644,232839064,1.9493401,-2.4172845,-1.5634127
1750613437660,232855731,-0.17704931,-0.86217004,-0.5942726
1750613437660,232855731,-0.17704931,-0.86217004,-0.5942726
1750613437677,232872398,-0.62386286,-0.06536145,-0.026102066
1750613437677,232872398,-0.62386286,-0.06536145,-0.026102066
1750613437694,232889065,-0.030680282,0.42490506,0.7747021
1750613437694,232889065,-0.030680282,0.42490506,0.7747021
1750613437710,232905732,0.424975,1.0013342,1.8372784
1750613437710,232905732,0.424975,1.0013342,1.8372784
1750613437727,232922399,2.541348,1.2832694,3.1634808
1750613437727,232922399,2.541348,1.2832694,3.1634808
1750613437744,232939066,2.9668183,2.3215773,4.5172777
1750613437744,232939066,2.9668183,2.3215773,4.5172777
1750613437760,232955733,0.8204772,4.94662,5.1125126
1750613437760,232955733,0.8204772,4.94662,5.1125126
1750613437777,232972400,-1.6529278,7.267639,4.7151594
1750613437777,232972400,-1.6529278,7.267639,4.7151594
1750613437794,232989067,-1.3736141,8.892462,4.7013893
1750613437794,232989067,-1.3736141,8.892462,4.7013893
1750613437810,233005734,-1.1633453,10.921038,3.7433558
1750613437810,233005734,-1.1633453,10.921038,3.7433558
1750613437827,233022401,-1.7486022,12.367879,0.9175501
1750613437827,233022401,-1.7486022,12.367879,0.9175501
1750613437844,233039068,-0.7820258,14.801172,-3.0797868
1750613437844,233039068,-0.7820258,14.801172,-3.0797868
1750613437860,233055735,-2.0854034,16.276745,-6.937662
1750613437860,233055735,-2.0854034,16.276745,-6.937662
1750613437877,233072402,0.36757857,15.264878,-8.844816
1750613437877,233072402,0.36757857,15.264878,-8.844816
1750613437894,233089069,1.319316,13.975698,-7.8613434
1750613437894,233089069,1.319316,13.975698,-7.8613434
1750613437910,233105736,0.975299,13.126385,-5.743443
1750613437910,233105736,0.975299,13.126385,-5.743443
1750613437927,233122403,-9.088862,-2.2418263,4.5885544
1750613437927,233122403,-9.088862,-2.2418263,4.5885544
1750613437944,233139070,5.8323193,-11.142668,15.670586
1750613437944,233139070,5.8323193,-11.142668,15.670586
1750613437960,233155737,-2.3294797,8.716511,-8.221713
1750613437960,233155737,-2.3294797,8.716511,-8.221713
1750613437977,233172404,0.19603226,12.536165,2.5931816
1750613437977,233172404,0.19603226,12.536165,2.5931816
1750613437994,233189071,7.149276,1.8013967,5.444495
1750613437994,233189071,7.149276,1.8013967,5.444495
1750613438010,233205738,-9.514678,5.808092,-4.3358517
1750613438010,233205738,-9.514678,5.808092,-4.3358517
1750613438027,233222405,-4.234816,4.0041323,1.0877056
1750613438027,233222405,-4.234816,4.0041323,1.0877056
1750613438044,233239072,-0.96318996,2.2439065,-0.2822857
1750613438044,233239072,-0.96318996,2.2439065,-0.2822857
1750613438060,233255739,1.2244748,1.5123701,0.35547924
1750613438060,233255739,1.2244748,1.5123701,0.35547924
1750613438077,233272406,4.2147036,0.56316763,1.0514078
1750613438077,233272406,4.2147036,0.56316763,1.0514078
1750613438094,233289073,0.15333772,1.439089,0.3043995
1750613438094,233289073,0.15333772,1.439089,0.3043995
1750613438110,233305740,-1.9965149,1.7930403,-0.24360561
1750613438110,233305740,-1.9965149,1.7930403,-0.24360561
1750613438127,233322407,0.6334583,1.2005761,0.3735199
1750613438127,233322407,0.6334583,1.2005761,0.3735199
1750613438144,233339074,0.991714,0.41429132,0.5225582
1750613438144,233339074,0.991714,0.41429132,0.5225582
1750613438160,233355741,0.4603987,0.6553288,0.42177773
1750613438160,233355741,0.4603987,0.6553288,0.42177773
1750613438177,233372408,-1.0196778,0.88445294,-0.0003042221
1750613438177,233372408,-1.0196778,0.88445294,-0.0003042221
1750613438194,233389075,0.7599474,0.4370988,0.10580158
1750613438194,233389075,0.7599474,0.4370988,0.10580158
1750613438210,233405742,0.7952524,0.26727387,0.20990944
1750613438210,233405742,0.7952524,0.26727387,0.20990944
1750613438227,233422409,-0.19050814,0.4493975,-0.013285637
1750613438227,233422409,-0.19050814,0.4493975,-0.013285637
1750613438244,233439076,-0.19352892,0.50590616,-0.10878658
1750613438244,233439076,-0.19352892,0.50590616,-0.10878658
1750613438260,233455743,0.30052143,0.29696044,-0.1896677
1750613438260,233455743,0.30052143,0.29696044,-0.1896677
1750613438277,233472410,-0.5079198,0.5661144,-0.16392612
1750613438277,233472410,-0.5079198,0.5661144,-0.16392612
1750613438294,233489077,0.098276414,-0.119510144,-0.015492439
1750613438294,233489077,0.098276414,-0.119510144,-0.015492439
1750613438310,233505744,0.30560815,0.0752852,-0.07160282
1750613438310,233505744,0.30560815,0.0752852,-0.07160282
1750613438327,233522411,-0.035389252,0.10013582,-0.09034157
1750613438327,233522411,-0.035389252,0.10013582,-0.09034157
1750613438344,233539078,0.3104432,-0.030955203,-0.16371536
1750613438344,233539078,0.3104432,-0.030955203,-0.16371536
1750613438360,233555745,0.5175304,-0.07150023,-0.110902786
1750613438360,233555745,0.5175304,-0.07150023,-0.110902786
1750613438377,233572412,-0.034691222,-0.13488191,-0.2083931
1750613438377,233572412,-0.034691222,-0.13488191,-0.2083931
1750613438394,233589079,0.618636,-0.37154055,-0.17473507
1750613438394,233589079,0.618636,-0.37154055,-0.17473507
1750613438410,233605746,0.35622555,-0.016252633,-0.16517544
1750613438410,233605746,0.35622555,-0.016252633,-0.16517544
1750613438427,233622413,-0.034899984,0.12505561,-0.23806381
1750613438427,233622413,-0.034899984,0.12505561,-0.23806381
1750613438444,233639080,0.5030577,-0.005281723,-0.06649971
1750613438444,233639080,0.5030577,-0.005281723,-0.06649971
1750613438460,233655747,0.19566526,0.183615,0.0019731522
1750613438460,233655747,0.19566526,0.183615,0.0019731522
1750613438477,233672414,0.26811495,0.11416561,0.251379
1750613438477,233672414,0.26811495,0.11416561,0.251379
1750613438494,233689081,0.6319467,-0.09254889,0.5877819
1750613438494,233689081,0.6319467,-0.09254889,0.5877819
1750613438510,233705748,0.4782775,-0.26025122,0.98053646
1750613438510,233705748,0.4782775,-0.26025122,0.98053646
1750613438527,233722415,0.13411537,-0.38651258,1.065937
1750613438527,233722415,0.13411537,-0.38651258,1.065937
1750613438544,233739082,-0.30157396,-0.35081407,1.1171408
1750613438544,233739082,-0.30157396,-0.35081407,1.1171408
1750613438560,233755749,-0.69322723,-0.47551242,1.1496935
1750613438560,233755749,-0.69322723,-0.47551242,1.1496935
1750613438577,233772416,-0.5258236,-1.031993,1.4076328
1750613438577,233772416,-0.5258236,-1.031993,1.4076328
1750613438594,233789083,-0.8383582,-1.7781471,2.02396
1750613438594,233789083,-0.8383582,-1.7781471,2.02396
1750613438610,233805750,0.46018592,-3.8280394,5.0923214
1750613438610,233805750,0.46018592,-3.8280394,5.0923214
1750613438627,233822417,-1.0835301,-6.2101173,4.262806
1750613438627,233822417,-1.0835301,-6.2101173,4.262806
1750613438644,233839084,-2.861606,-7.5413074,5.712393
1750613438644,233839084,-2.861606,-7.5413074,5.712393
1750613438660,233855751,-3.3466864,-11.658545,6.1543026
1750613438660,233855751,-3.3466864,-11.658545,6.1543026
1750613438677,233872418,-7.512812,-14.299995,3.4420033
1750613438677,233872418,-7.512812,-14.299995,3.4420033
1750613438694,233889085,-7.116971,-14.954457,0.42679405
1750613438694,233889085,-7.116971,-14.954457,0.42679405
1750613438710,233905752,4.9203424,-8.526495,-0.4188385
1750613438710,233905752,4.9203424,-8.526495,-0.4188385
1750613438727,233922419,12.821716,-2.4881883,-1.1746292
1750613438727,233922419,12.821716,-2.4881883,-1.1746292
1750613438744,233939086,12.421505,-2.137944,3.6462164
1750613438744,233939086,12.421505,-2.137944,3.6462164
1750613438760,233955753,-3.023664,-5.648956,0.26823235
1750613438760,233955753,-3.023664,-5.648956,0.26823235
1750613438777,233972420,2.44404,-8.596216,-6.152029
1750613438777,233972420,2.44404,-8.596216,-6.152029
1750613438794,233989087,-0.07803709,-5.673432,-8.017232
1750613438794,233989087,-0.07803709,-5.673432,-8.017232
1750613438810,234005754,-0.8734694,-4.00675,-5.608402
1750613438810,234005754,-0.8734694,-4.00675,-5.608402
1750613438827,234022421,2.5385644,-3.40851,-5.613049
1750613438827,234022421,2.5385644,-3.40851,-5.613049
1750613438844,234039088,3.4912872,-3.6662385,-6.0264664
1750613438844,234039088,3.4912872,-3.6662385,-6.0264664
1750613438860,234055755,3.9900124,-3.1445103,-5.347066
1750613438860,234055755,3.9900124,-3.1445103,-5.347066
1750613438877,234072422,3.8412776,-3.17004,-4.796441
1750613438877,234072422,3.8412776,-3.17004,-4.796441
1750613438894,234089089,4.2450414,-2.5351028,-4.3540626
1750613438894,234089089,4.2450414,-2.5351028,-4.3540626
1750613438910,234105756,3.8979828,-1.9341025,-2.7630754
1750613438910,234105756,3.8979828,-1.9341025,-2.7630754
1750613438927,234122423,1.874703,-1.094238,-1.5196667
1750613438927,234122423,1.874703,-1.094238,-1.5196667
1750613438944,234139090,1.9136223,-0.5090882,-0.59235954
1750613438944,234139090,1.9136223,-0.5090882,-0.59235954
1750613438960,234155757,2.178584,-0.15500255,0.6518049
1750613438960,234155757,2.178584,-0.15500255,0.6518049
1750613438977,234172424,1.6957984,0.41567487,1.7810478
1750613438977,234172424,1.6957984,0.41567487,1.7810478
1750613438994,234189091,2.9639692,1.2290019,3.201747
1750613438994,234189091,2.9639692,1.2290019,3.201747
1750613439010,234205758,5.0464664,2.709815,4.343607
1750613439010,234205758,5.0464664,2.709815,4.343607
1750613439027,234222425,3.3455684,4.125863,5.7247324
1750613439027,234222425,3.3455684,4.125863,5.7247324
1750613439044,234239092,-0.72982925,5.830898,6.203308
1750613439044,234239092,-0.72982925,5.830898,6.203308
1750613439060,234255759,-5.5043907,8.305214,5.258445
1750613439060,234255759,-5.5043907,8.305214,5.258445
1750613439077,234272426,-5.6820292,10.550244,3.262412
1750613439077,234272426,-5.6820292,10.550244,3.262412
1750613439094,234289093,-5.1490407,11.882164,1.3564634
1750613439094,234289093,-5.1490407,11.882164,1.3564634
1750613439110,234305760,-2.0807843,13.435189,-0.30350018
1750613439110,234305760,-2.0807843,13.435189,-0.30350018
1750613439127,234322427,-2.1714973,14.106408,-3.5450397
1750613439127,234322427,-2.1714973,14.106408,-3.5450397
1750613439144,234339094,-5.5337586,14.930743,-7.0889997
1750613439144,234339094,-5.5337586,14.930743,-7.0889997
1750613439160,234355761,-4.67081,14.961612,-7.8241477
1750613439160,234355761,-4.67081,14.961612,-7.8241477
1750613439177,234372428,-2.0860784,14.13687,-5.9066114
1750613439177,234372428,-2.0860784,14.13687,-5.9066114
1750613439194,234389095,-2.7998128,9.687529,-2.499682
1750613439194,234389095,-2.7998128,9.687529,-2.499682
1750613439210,234405762,-6.2580557,-13.839705,14.470537
1750613439210,234405762,-6.2580557,-13.839705,14.470537
1750613439227,234422429,8.1220045,0.023410691,2.0397644
1750613439227,234422429,8.1220045,0.023410691,2.0397644
1750613439244,234439096,-10.307028,10.5423355,-4.968631
1750613439244,234439096,-10.307028,10.5423355,-4.968631
1750613439260,234455763,2.6773968,4.726931,4.1195087
1750613439260,234455763,2.6773968,4.726931,4.1195087
1750613439277,234472430,6.419093,1.7601391,0.62597656
1750613439277,234472430,6.419093,1.7601391,0.62597656
1750613439294,234489097,-3.6623003,3.351315,-1.7750263
1750613439294,234489097,-3.6623003,3.351315,-1.7750263
1750613439310,234505764,-2.8997653,1.0458272,-0.062768936
1750613439310,234505764,-2.8997653,1.0458272,-0.062768936
1750613439327,234522431,-1.4799035,0.91391623,-0.6601143
1750613439327,234522431,-1.4799035,0.91391623,-0.6601143
1750613439344,234539098,-1.122259,1.2059085,0.19364548
1750613439344,234539098,-1.122259,1.2059085,0.19364548
1750613439360,234555765,0.7018767,1.3694785,0.93872166
1750613439360,234555765,0.7018767,1.3694785,0.93872166
1750613439377,234572432,-1.0340055,1.4626697,0.35085297
1750613439377,234572432,-1.0340055,1.4626697,0.35085297
1750613439394,234589099,-1.0968983,1.4794954,-0.089408875
1750613439394,234589099,-1.0968983,1.4794954,-0.089408875
1750613439410,234605766,0.83166933,1.4352902,0.2968359
1750613439410,234605766,0.83166933,1.4352902,0.2968359
1750613439427,234622433,0.652287,1.2112715,0.5217228
1750613439427,234622433,0.652287,1.2112715,0.5217228
1750613439444,234639100,-0.082724825,1.0035915,0.4949007
1750613439444,234639100,-0.082724825,1.0035915,0.4949007
1750613439460,234655767,-0.99507856,0.9749129,0.22253513
1750613439460,234655767,-0.99507856,0.9749129,0.22253513
1750613439477,234672434,-0.43216008,1.1630679,0.14038277
1750613439477,234672434,-0.43216008,1.1630679,0.14038277
1750613439494,234689101,-0.42764154,1.0127106,-0.25921345
1750613439494,234689101,-0.42764154,1.0127106,-0.25921345
1750613439510,234705768,-0.3518988,0.28116554,-0.21675587
1750613439510,234705768,-0.3518988,0.28116554,-0.21675587
1750613439527,234722435,0.64304477,0.060054466,-0.1305666
1750613439527,234722435,0.64304477,0.060054466,-0.1305666
1750613439544,234739102,0.29985225,0.08516056,-0.10614872
1750613439544,234739102,0.29985225,0.08516056,-0.10614872
1750613439560,234755769,-0.3313895,0.21306697,-0.119693756
1750613439560,234755769,-0.3313895,0.21306697,-0.119693756
1750613439577,234772436,-0.20465517,0.04250188,-0.06597042
1750613439577,234772436,-0.20465517,0.04250188,-0.06597042
1750613439594,234789103,0.5954982,-0.09805692,-0.04699707
1750613439594,234789103,0.5954982,-0.09805692,-0.04699707
1750613439610,234805770,0.68308914,0.055204347,-0.05126381
1750613439610,234805770,0.68308914,0.055204347,-0.05126381
1750613439627,234822437,0.094617054,0.16866456,-0.1507349
1750613439627,234822437,0.094617054,0.16866456,-0.1507349
1750613439644,234839104,0.2996569,0.2025395,-0.045326233
1750613439644,234839104,0.2996569,0.2025395,-0.045326233
1750613439660,234855771,0.4236916,0.1310244,-0.022352219
1750613439660,234855771,0.4236916,0.1310244,-0.022352219
1750613439677,234872438,0.17329027,0.16660197,-0.16697598
1750613439677,234872438,0.17329027,0.16660197,-0.16697598
1750613439694,234889105,0.32552224,0.16449067,-0.20235825
1750613439694,234889105,0.32552224,0.16449067,-0.20235825
1750613439710,234905772,0.35842314,0.16911973,-0.21926498
1750613439710,234905772,0.35842314,0.16911973,-0.21926498
1750613439727,234922439,-0.30237436,0.31163228,-0.19261932
1750613439727,234922439,-0.30237436,0.31163228,-0.19261932
1750613439744,234939106,-0.17407122,0.17115013,0.014667511
1750613439744,234939106,-0.17407122,0.17115013,0.014667511
1750613439760,234955773,1.0681822,0.15083268,0.34174347
1750613439760,234955773,1.0681822,0.15083268,0.34174347
1750613439777,234972440,0.02318701,0.20048732,0.6520548
1750613439777,234972440,0.02318701,0.20048732,0.6520548
1750613439794,234989107,-0.20813459,-0.08905717,0.66504574
1750613439794,234989107,-0.20813459,-0.08905717,0.66504574
1750613439810,235005774,0.4479915,-0.26746342,0.8749914
1750613439810,235005774,0.4479915,-0.26746342,0.8749914
1750613439827,235022441,0.063620284,-0.40489015,1.0676012
1750613439827,235022441,0.063620284,-0.40489015,1.0676012
1750613439844,235039108,0.5046292,-0.34680963,2.080657
1750613439844,235039108,0.5046292,-0.34680963,2.080657
1750613439860,235055775,1.6168281,-2.1954653,2.4715261
1750613439860,235055775,1.6168281,-2.1954653,2.4715261
1750613439877,235072442,1.7213309,-2.4700015,3.901802
1750613439877,235072442,1.7213309,-2.4700015,3.901802
1750613439894,235089109,-1.2940296,-3.5411737,3.6791487
1750613439894,235089109,-1.2940296,-3.5411737,3.6791487
1750613439910,235105776,-0.99996567,-5.153702,4.4393845
1750613439910,235105776,-0.99996567,-5.153702,4.4393845
1750613439927,235122443,-0.3351666,-6.894011,4.346635
1750613439927,235122443,-0.3351666,-6.894011,4.346635
1750613439944,235139110,-1.2273414,-8.750953,3.519434
1750613439944,235139110,-1.2273414,-8.750953,3.519434
1750613439960,235155777,-0.023759427,-11.533522,3.0663605
1750613439960,235155777,-0.023759427,-11.533522,3.0663605
1750613439977,235172444,1.3970664,-11.504126,0.7557974
1750613439977,235172444,1.3970664,-11.504126,0.7557974
1750613439994,235189111,2.6721945,-8.521986,-0.63478947
1750613439994,235189111,2.6721945,-8.521986,-0.63478947
1750613440010,235205778,4.68412,-1.2037654,1.6056595
1750613440010,235205778,4.68412,-1.2037654,1.6056595
1750613440027,235222445,6.9381,3.4294443,2.488389
1750613440027,235222445,6.9381,3.4294443,2.488389
1750613440044,235239112,6.7285748,-1.9404023,1.7153692
1750613440044,235239112,6.7285748,-1.9404023,1.7153692
1750613440060,235255779,4.6578417,-4.597956,-3.4196305
1750613440060,235255779,4.6578417,-4.597956,-3.4196305
1750613440077,235272446,2.818695,-5.9944377,-6.067499
1750613440077,235272446,2.818695,-5.9944377,-6.067499
1750613440094,235289113,1.9549185,-5.4649305,-6.647255
1750613440094,235289113,1.9549185,-5.4649305,-6.647255
1750613440110,235305780,1.5420367,-4.2185583,-6.25415
1750613440110,235305780,1.5420367,-4.2185583,-6.25415
1750613440127,235322447,1.8803465,-2.7816727,-5.767237
1750613440127,235322447,1.8803465,-2.7816727,-5.767237
1750613440144,235339114,1.220106,-2.9328187,-5.3527036
1750613440144,235339114,1.220106,-2.9328187,-5.3527036
1750613440160,235355781,0.56655794,-3.3621016,-5.1031117
1750613440160,235355781,0.56655794,-3.3621016,-5.1031117
1750613440177,235372448,0.53890157,-3.3135512,-4.317548
1750613440177,235372448,0.53890157,-3.3135512,-4.317548
1750613440194,235389115,-0.63648087,-2.8866465,-3.0768547
1750613440194,235389115,-0.63648087,-2.8866465,-3.0768547
1750613440210,235405782,-1.6232489,-2.783408,-2.037095
1750613440210,235405782,-1.6232489,-2.783408,-2.037095
1750613440227,235422449,-1.3837436,-2.305079,-1.3781757
1750613440227,235422449,-1.3837436,-2.305079,-1.3781757
1750613440244,235439116,-0.791026,-2.1208186,-0.34782696
1750613440244,235439116,-0.791026,-2.1208186,-0.34782696
1750613440260,235455783,-0.995963,-1.5619991,0.6170845
1750613440260,235455783,-0.995963,-1.5619991,0.6170845
1750613440277,235472450,-0.44837192,-1.122413,1.6555243
1750613440277,235472450,-0.44837192,-1.122413,1.6555243
1750613440294,235489117,-0.24234794,-0.3872608,2.7086143
1750613440294,235489117,-0.24234794,-0.3872608,2.7086143
1750613440310,235505784,-0.7821127,0.49887377,3.644042
1750613440310,235505784,-0.7821127,0.49887377,3.644042
1750613440327,235522451,-1.5589823,1.6934079,4.5104876
1750613440327,235522451,-1.5589823,1.6934079,4.5104876
1750613440344,235539118,-2.2208164,3.2089775,5.1397896
1750613440344,235539118,-2.2208164,3.2089775,5.1397896
1750613440360,235555785,-1.9558417,5.393743,4.88937
1750613440360,235555785,-1.9558417,5.393743,4.88937
1750613440377,235572452,-2.8015826,7.1758404,4.163212
1750613440377,235572452,-2.8015826,7.1758404,4.163212
1750613440394,235589119,-3.9745169,8.791603,2.5852528
1750613440394,235589119,-3.9745169,8.791603,2.5852528
1750613440410,235605786,-3.9943893,9.867382,0.7837963
1750613440410,235605786,-3.9943893,9.867382,0.7837963
1750613440427,235622453,-2.387066,11.23306,-1.3001223
1750613440427,235622453,-2.387066,11.23306,-1.3001223
1750613440444,235639120,-2.97587,13.192886,-4.4588757
1750613440444,235639120,-2.97587,13.192886,-4.4588757
1750613440460,235655787,-3.51009,14.661548,-7.8341327
1750613440460,235655787,-3.51009,14.661548,-7.8341327
1750613440477,235672454,-1.8522717,14.244376,-8.073961
1750613440477,235672454,-1.8522717,14.244376,-8.073961
1750613440494,235689121,-1.7264737,14.154056,-6.669279
1750613440494,235689121,-1.7264737,14.154056,-6.669279
1750613440510,235705788,-2.9754503,7.209876,-1.379159
1750613440510,235705788,-2.9754503,7.209876,-1.379159
1750613440527,235722455,3.1167765,-14.755368,19.66628
1750613440527,235722455,3.1167765,-14.755368,19.66628
1750613440544,235739122,-1.4520633,1.8560833,-6.172262
1750613440544,235739122,-1.4520633,1.8560833,-6.172262
1750613440560,235755789,-4.757446,11.73659,-1.2550964
1750613440560,235755789,-4.757446,11.73659,-1.2550964
1750613440577,235772456,15.139466,3.8430197,10.117504
1750613440577,235772456,15.139466,3.8430197,10.117504
1750613440594,235789123,-9.654141,4.9436507,-3.6139655
1750613440594,235789123,-9.654141,4.9436507,-3.6139655
1750613440610,235805790,-9.649553,3.4651692,-0.7006111
1750613440610,235805790,-9.649553,3.4651692,-0.7006111
1750613440627,235822457,2.8229115,1.2837256,-0.32708836
1750613440627,235822457,2.8229115,1.2837256,-0.32708836
1750613440644,235839124,3.2741396,0.3187635,0.18001842
1750613440644,235839124,3.2741396,0.3187635,0.18001842
1750613440660,235855791,1.2193631,0.5754597,0.06223774
1750613440660,235855791,1.2193631,0.5754597,0.06223774
1750613440677,235872458,-2.1068642,1.1491072,-0.13167286
1750613440677,235872458,-2.1068642,1.1491072,-0.13167286
1750613440694,235889125,-0.70924234,1.3842252,0.025253296
1750613440694,235889125,-0.70924234,1.3842252,0.025253296
1750613440710,235905792,1.2950419,0.873655,0.38257694
1750613440710,235905792,1.2950419,0.873655,0.38257694
1750613440727,235922459,0.0643087,0.8583737,-0.01901722
1750613440727,235922459,0.0643087,0.8583737,-0.01901722
1750613440744,235939126,1.1463346,0.5525648,0.34737778
1750613440744,235939126,1.1463346,0.5525648,0.34737778
1750613440760,235955793,0.802589,0.22622383,0.19597435
1750613440760,235955793,0.802589,0.22622383,0.19597435
1750613440777,235972460,0.81247073,-0.08337894,0.06719589
1750613440777,235972460,0.81247073,-0.08337894,0.06719589
1750613440794,235989127,0.6917735,-0.050086573,-0.09981346
1750613440794,235989127,0.6917735,-0.050086573,-0.09981346
1750613440810,236005794,0.49479845,-0.025694603,-0.27012444
1750613440810,236005794,0.49479845,-0.025694603,-0.27012444
1750613440827,236022461,0.6367251,-0.12415429,-0.24907303
1750613440827,236022461,0.6367251,-0.12415429,-0.24907303
1750613440844,236039128,0.60328066,-0.2123639,-0.22331238
1750613440844,236039128,0.60328066,-0.2123639,-0.22331238
1750613440860,236055795,0.3737769,0.017122991,-0.22829056
1750613440860,236055795,0.3737769,0.017122991,-0.22829056
1750613440877,236072462,0.43171683,0.15284777,-0.09806442
1750613440877,236072462,0.43171683,0.15284777,-0.09806442
1750613440894,236089129,0.028271036,0.43717423,-0.1117897
1750613440894,236089129,0.028271036,0.43717423,-0.1117897
1750613440910,236105796,-0.06695644,0.53774625,-0.03431225
1750613440910,236105796,-0.06695644,0.53774625,-0.03431225
1750613440927,236122463,0.3045583,0.4467072,0.046412468
1750613440927,236122463,0.3045583,0.4467072,0.046412468
1750613440944,236139130,0.5824021,0.3441856,-0.051138878
1750613440944,236139130,0.5824021,0.3441856,-0.051138878
1750613440960,236155797,0.6085053,0.19657898,-0.06098175
1750613440960,236155797,0.6085053,0.19657898,-0.06098175
1750613440977,236172464,0.74611396,0.21528041,0.026025772
1750613440977,236172464,0.74611396,0.21528041,0.026025772
1750613440994,236189131,0.013023206,0.6411824,-0.06372738
1750613440994,236189131,0.013023206,0.6411824,-0.06372738
1750613441010,236205798,-0.6021823,0.5880808,0.033182144
1750613441010,236205798,-0.6021823,0.5880808,0.033182144
1750613441027,236222465,-0.4331585,0.51952314,0.033338547
1750613441027,236222465,-0.4331585,0.51952314,0.033338547
1750613441044,236239132,-0.050795108,0.31073934,0.1827879
1750613441044,236239132,-0.050795108,0.31073934,0.1827879
1750613441060,236255799,-0.13273361,0.4717165,0.015028954
1750613441060,236255799,-0.13273361,0.4717165,0.015028954
1750613441077,236272466,0.17423819,0.51188815,0.3102455
1750613441077,236272466,0.17423819,0.51188815,0.3102455
1750613441094,236289133,-0.08578092,0.39442337,0.25552464
1750613441094,236289133,-0.08578092,0.39442337,0.25552464
1750613441110,236305800,-0.1569441,0.58496827,0.25931358
1750613441110,236305800,-0.1569441,0.58496827,0.25931358
1750613441127,236322467,-0.48173502,0.6479339,0.25255775
1750613441127,236322467,-0.48173502,0.6479339,0.25255775
1750613441144,236339134,-0.21972129,0.40669948,0.48006725
1750613441144,236339134,-0.21972129,0.40669948,0.48006725
1750613441160,236355801,0.13111024,0.073914394,0.702837
1750613441160,236355801,0.13111024,0.073914394,0.702837
1750613441177,236372468,0.34281814,-0.031924803,0.8300762
1750613441177,236372468,0.34281814,-0.031924803,0.8300762
1750613441194,236389135,0.089155965,0.23228405,1.133502
1750613441194,236389135,0.089155965,0.23228405,1.133502
1750613441210,236405802,-0.21645486,-0.7425172,0.32479286
1750613441210,236405802,-0.21645486,-0.7425172,0.32479286
1750613441227,236422469,0.53260297,-0.8207293,1.2229328
1750613441227,236422469,0.53260297,-0.8207293,1.2229328
1750613441244,236439136,1.0137383,-1.0549997,1.1124277
1750613441244,236439136,1.0137383,-1.0549997,1.1124277
1750613441260,236455803,1.2850542,-1.6809578,1.5644913
1750613441260,236455803,1.2850542,-1.6809578,1.5644913
1750613441277,236472470,0.29194456,-1.7084405,1.642602
1750613441277,236472470,0.29194456,-1.7084405,1.642602
1750613441294,236489137,0.2340641,-2.0569108,1.9680147
1750613441294,236489137,0.2340641,-2.0569108,1.9680147
1750613441310,236505804,0.23672526,-2.6904721,2.502205
1750613441310,236505804,0.23672526,-2.6904721,2.502205
1750613441327,236522471,-0.24162957,-4.092833,2.686347
1750613441327,236522471,-0.24162957,-4.092833,2.686347
1750613441344,236539138,-1.6830771,-5.387662,2.413127
1750613441344,236539138,-1.6830771,-5.387662,2.413127
1750613441360,236555805,0.36632344,-4.626371,3.3844643
1750613441360,236555805,0.36632344,-4.626371,3.3844643
1750613441377,236572472,2.2405074,-5.0654583,0.53298855
1750613441377,236572472,2.2405074,-5.0654583,0.53298855
1750613441394,236589139,5.783649,-0.75427705,-0.52325726
1750613441394,236589139,5.783649,-0.75427705,-0.52325726
1750613441410,236605806,6.867323,0.8713543,-0.98330307
1750613441410,236605806,6.867323,0.8713543,-0.98330307
1750613441427,236622473,5.5444756,1.3648086,-0.97619534
1750613441427,236622473,5.5444756,1.3648086,-0.97619534
1750613441444,236639140,4.274418,0.51234436,-1.1047077
1750613441444,236639140,4.274418,0.51234436,-1.1047077
1750613441460,236655807,2.500431,-3.072825,-4.3098927
1750613441460,236655807,2.500431,-3.072825,-4.3098927
1750613441477,236672474,-0.65166354,0.5056432,-3.9099307
1750613441477,236672474,-0.65166354,0.5056432,-3.9099307
1750613441494,236689141,1.544276,0.47626248,-2.524238
1750613441494,236689141,1.544276,0.47626248,-2.524238
1750613441510,236705808,3.4804776,-0.67928046,-3.0005221
1750613441510,236705808,3.4804776,-0.67928046,-3.0005221
1750613441527,236722475,2.661004,-0.46188954,-2.5636258
1750613441527,236722475,2.661004,-0.46188954,-2.5636258
1750613441544,236739142,1.5892686,0.24652171,-1.7346582
1750613441544,236739142,1.5892686,0.24652171,-1.7346582
1750613441560,236755809,0.1397041,1.954007,-0.65184593
1750613441560,236755809,0.1397041,1.954007,-0.65184593
1750613441577,236772476,-1.4311981,3.5686414,0.04419899
1750613441577,236772476,-1.4311981,3.5686414,0.04419899
1750613441594,236789143,-0.89869326,3.4222512,0.40638542
1750613441594,236789143,-0.89869326,3.4222512,0.40638542
1750613441610,236805810,-0.9858191,3.0574594,0.5720682
1750613441610,236805810,-0.9858191,3.0574594,0.5720682
1750613441627,236822477,-1.0634121,2.8087478,0.6252165
1750613441627,236822477,-1.0634121,2.8087478,0.6252165
1750613441644,236839144,-1.540218,3.3574035,0.61433506
1750613441644,236839144,-1.540218,3.3574035,0.61433506
1750613441660,236855811,-1.6214993,3.9590263,0.6230078
1750613441660,236855811,-1.6214993,3.9590263,0.6230078
1750613441677,236872478,-1.5517355,4.308823,0.20023727
1750613441677,236872478,-1.5517355,4.308823,0.20023727
1750613441694,236889145,-1.343623,4.1161757,-0.113072395
1750613441694,236889145,-1.343623,4.1161757,-0.113072395
1750613441710,236905812,-1.1265182,3.861012,-0.20994282
1750613441710,236905812,-1.1265182,3.861012,-0.20994282
1750613441727,236922479,-0.98474264,3.2059262,-0.39081
1750613441727,236922479,-0.98474264,3.2059262,-0.39081
1750613441744,236939146,-0.76446974,2.8148413,-0.40700245
1750613441744,236939146,-0.76446974,2.8148413,-0.40700245
1750613441760,236955813,-0.59821767,1.9810472,-0.5026951
1750613441760,236955813,-0.59821767,1.9810472,-0.5026951
1750613441777,236972480,-0.4727053,0.7277123,-0.7399998
1750613441777,236972480,-0.4727053,0.7277123,-0.7399998
1750613441794,236989147,-0.43771592,-0.4271839,-0.80989265
1750613441794,236989147,-0.43771592,-0.4271839,-0.80989265
1750613441810,237005814,-0.30027536,-0.22279023,-0.6307068
1750613441810,237005814,-0.30027536,-0.22279023,-0.6307068
1750613441827,237022481,-0.13341443,-0.105445474,-0.39049244
1750613441827,237022481,-0.13341443,-0.105445474,-0.39049244
1750613441844,237039148,-0.33618182,-0.5128573,-0.5606899
1750613441844,237039148,-0.33618182,-0.5128573,-0.5606899
1750613441860,237055815,-0.5568872,-0.20904529,-0.29316807
1750613441860,237055815,-0.5568872,-0.20904529,-0.29316807
1750613441877,237072482,-0.079896495,0.5009541,0.09576416
1750613441877,237072482,-0.079896495,0.5009541,0.09576416
1750613441894,237089149,-0.46448228,0.19931187,-0.29087353
1750613441894,237089149,-0.46448228,0.19931187,-0.29087353
1750613441910,237105816,-0.56837803,-0.09748808,-0.00906086
1750613441910,237105816,-0.56837803,-0.09748808,-0.00906086
1750613441927,237122483,0.38012356,-2.1866362,0.8315706
1750613441927,237122483,0.38012356,-2.1866362,0.8315706
1750613441944,237139150,-0.13762766,-0.981934,2.0551987
1750613441944,237139150,-0.13762766,-0.981934,2.0551987
1750613441960,237155817,8.136853,-0.87808126,2.7022858
1750613441960,237155817,8.136853,-0.87808126,2.7022858
1750613441977,237172484,0.3490405,1.7995175,6.927002
1750613441977,237172484,0.3490405,1.7995175,6.927002
1750613441994,237189151,-11.574055,1.3203107,3.8253012
1750613441994,237189151,-11.574055,1.3203107,3.8253012
1750613442010,237205818,3.2446744,-0.32127854,-1.5104628
1750613442010,237205818,3.2446744,-0.32127854,-1.5104628
1750613442027,237222485,1.4161761,-1.7166879,-1.1007795
1750613442027,237222485,1.4161761,-1.7166879,-1.1007795
1750613442044,237239152,-0.32807276,-0.8843773,-0.7610712
1750613442044,237239152,-0.32807276,-0.8843773,-0.7610712
1750613442060,237255819,1.3620477,0.9117463,-0.38790512
1750613442060,237255819,1.3620477,0.9117463,-0.38790512
1750613442077,237272486,-1.5850949,-0.80932724,-0.08160305
1750613442077,237272486,-1.5850949,-0.80932724,-0.08160305
1750613442094,237289153,-1.8281376,-1.0101228,-0.5659838
1750613442094,237289153,-1.8281376,-1.0101228,-0.5659838
1750613442110,237305820,-2.0433903,-1.6055875,-0.31966496
1750613442110,237305820,-2.0433903,-1.6055875,-0.31966496
1750613442127,237322487,-1.2866173,-0.7774201,-0.5703583
1750613442127,237322487,-1.2866173,-0.7774201,-0.5703583
1750613442144,237339154,-1.094821,-0.48021334,-0.33749104
1750613442144,237339154,-1.094821,-0.48021334,-0.33749104
1750613442160,237355821,-1.288885,-0.69643867,-0.17778492
1750613442160,237355821,-1.288885,-0.69643867,-0.17778492
1750613442177,237372488,-0.08289917,-0.42927986,-0.28491879
1750613442177,237372488,-0.08289917,-0.42927986,-0.28491879
1750613442194,237389155,-0.79716116,-0.33259666,0.16038227
1750613442194,237389155,-0.79716116,-0.33259666,0.16038227
1750613442210,237405822,-2.0761948,-1.2454504,-0.026061058
1750613442210,237405822,-2.0761948,-1.2454504,-0.026061058
1750613442227,237422489,-1.1573677,-0.66681784,-0.03172779
1750613442227,237422489,-1.1573677,-0.66681784,-0.03172779
1750613442244,237439156,0.37494633,0.10779739,-0.10266876
1750613442244,237439156,0.37494633,0.10779739,-0.10266876
1750613442260,237455823,1.531087,0.6115312,0.08112621
1750613442260,237455823,1.531087,0.6115312,0.08112621
1750613442277,237472490,0.5831263,0.21858315,0.015206337
1750613442277,237472490,0.5831263,0.21858315,0.015206337
1750613442294,237489157,-0.09037031,-0.31664073,0.089681625
1750613442294,237489157,-0.09037031,-0.31664073,0.089681625
1750613442310,237505824,0.46495837,-0.20662074,-0.015799522
1750613442310,237505824,0.46495837,-0.20662074,-0.015799522
1750613442327,237522491,0.938028,0.26105353,-0.024558067
1750613442327,237522491,0.938028,0.26105353,-0.024558067
1750613442344,237539158,0.12912701,-0.5114124,0.03771305
1750613442344,237539158,0.12912701,-0.5114124,0.03771305
1750613442360,237555825,0.23520872,-0.21881829,-0.0016088486
1750613442360,237555825,0.23520872,-0.21881829,-0.0016088486
1750613442377,237572492,-0.2919821,-0.3889845,0.019438744
1750613442377,237572492,-0.2919821,-0.3889845,0.019438744
1750613442394,237589159,-0.57012814,-0.74587166,0.033112526
1750613442394,237589159,-0.57012814,-0.74587166,0.033112526
1750613442410,237605826,-0.09279006,-0.47698647,0.13617325
1750613442410,237605826,-0.09279006,-0.47698647,0.13617325
1750613442427,237622493,0.41839346,-0.34844598,0.08435917
1750613442427,237622493,0.41839346,-0.34844598,0.08435917
1750613442444,237639160,0.42780045,-0.07058204,0.05029583
1750613442444,237639160,0.42780045,-0.07058204,0.05029583
1750613442460,237655827,-0.057028882,-0.58675057,0.047465324
1750613442460,237655827,-0.057028882,-0.58675057,0.047465324
1750613442477,237672494,0.25002116,-0.24959268,0.07935619
1750613442477,237672494,0.25002116,-0.24959268,0.07935619
1750613442494,237689161,0.41162124,-0.11649607,-0.0014390945
1750613442494,237689161,0.41162124,-0.11649607,-0.0014390945
1750613442510,237705828,-0.5167114,-0.21881203,0.06402969
1750613442510,237705828,-0.5167114,-0.21881203,0.06402969
1750613442527,237722495,-0.5958746,-0.5444071,-0.14387989
1750613442527,237722495,-0.5958746,-0.5444071,-0.14387989
1750613442544,237739162,-0.5775481,-0.26670995,-0.18880558
1750613442544,237739162,-0.5775481,-0.26670995,-0.18880558
1750613442560,237755829,-0.50711,-0.34702176,-0.12076473
1750613442560,237755829,-0.50711,-0.34702176,-0.12076473
1750613442577,237772496,-0.37904713,-0.26731366,0.20708466
1750613442577,237772496,-0.37904713,-0.26731366,0.20708466
1750613442594,237789163,0.5271964,0.20822355,0.1301117
1750613442594,237789163,0.5271964,0.20822355,0.1301117
1750613442610,237805830,-0.25246704,-0.36887616,0.3199587
1750613442610,237805830,-0.25246704,-0.36887616,0.3199587
1750613442627,237822497,0.6467821,0.033965252,0.3379917
1750613442627,237822497,0.6467821,0.033965252,0.3379917
1750613442644,237839164,0.14590412,0.20120323,0.47805214
1750613442644,237839164,0.14590412,0.20120323,0.47805214
1750613442660,237855831,-0.86113644,-0.27758744,0.63923454
1750613442660,237855831,-0.86113644,-0.27758744,0.63923454
1750613442677,237872498,-1.8590539,-0.89180416,1.3315029
1750613442677,237872498,-1.8590539,-0.89180416,1.3315029
1750613442694,237889165,-3.2832499,0.19742319,0.9553642
1750613442694,237889165,-3.2832499,0.19742319,0.9553642
1750613442710,237905832,-0.91766775,0.24916352,1.7675419
1750613442710,237905832,-0.91766775,0.24916352,1.7675419
1750613442727,237922499,-0.50586617,2.5538843,3.2902393
1750613442727,237922499,-0.50586617,2.5538843,3.2902393
1750613442744,237939166,0.33197755,3.4597058,3.1025715
1750613442744,237939166,0.33197755,3.4597058,3.1025715
1750613442760,237955833,0.95454246,4.524891,3.0193834
1750613442760,237955833,0.95454246,4.524891,3.0193834
1750613442777,237972500,-0.14802772,4.6843743,2.873083
1750613442777,237972500,-0.14802772,4.6843743,2.873083
1750613442794,237989167,-0.97006726,5.70168,2.3984747
1750613442794,237989167,-0.97006726,5.70168,2.3984747
1750613442810,238005834,-2.5663776,6.7407475,2.314476
1750613442810,238005834,-2.5663776,6.7407475,2.314476
1750613442827,238022501,-2.570253,8.166617,1.0122194
1750613442827,238022501,-2.570253,8.166617,1.0122194
1750613442844,238039168,-3.1199467,8.157075,-0.11345959
1750613442844,238039168,-3.1199467,8.157075,-0.11345959
1750613442860,238055835,-3.1116354,7.2001586,-0.32825089
1750613442860,238055835,-3.1116354,7.2001586,-0.32825089
1750613442877,238072502,-2.9323921,5.070028,-0.8124695
1750613442877,238072502,-2.9323921,5.070028,-0.8124695
1750613442894,238089169,-3.5863564,-1.7781345,1.4226198
1750613442894,238089169,-3.5863564,-1.7781345,1.4226198
1750613442910,238105836,-8.960777,-3.3022175,3.1081228
1750613442910,238105836,-8.960777,-3.3022175,3.1081228
1750613442927,238122503,-9.737415,4.2006235,0.24828625
1750613442927,238122503,-9.737415,4.2006235,0.24828625
1750613442944,238139170,-5.29795,7.2291985,-4.4456224
1750613442944,238139170,-5.29795,7.2291985,-4.4456224
1750613442960,238155837,-1.0381185,8.098875,-6.6780157
1750613442960,238155837,-1.0381185,8.098875,-6.6780157
1750613442977,238172504,2.3938565,6.7988877,-5.4228964
1750613442977,238172504,2.3938565,6.7988877,-5.4228964
1750613442994,238189171,-1.4502915,3.444122,-4.535469
1750613442994,238189171,-1.4502915,3.444122,-4.535469
1750613443010,238205838,-2.9090476,3.9742718,-4.582233
1750613443010,238205838,-2.9090476,3.9742718,-4.582233
1750613443027,238222505,-2.745605,4.637133,-4.7127123
1750613443027,238222505,-2.745605,4.637133,-4.7127123
1750613443044,238239172,-2.8498526,3.7046428,-4.320355
1750613443044,238239172,-2.8498526,3.7046428,-4.320355
1750613443060,238255839,-2.4666457,2.8576043,-2.8602328
1750613443060,238255839,-2.4666457,2.8576043,-2.8602328
1750613443077,238272506,-1.8237817,3.586623,-1.6569605
1750613443077,238272506,-1.8237817,3.586623,-1.6569605
1750613443094,238289173,0.20431542,3.1942854,-0.44582176
1750613443094,238289173,0.20431542,3.1942854,-0.44582176
1750613443110,238305840,2.2064452,2.7646809,0.77947426
1750613443110,238305840,2.2064452,2.7646809,0.77947426
1750613443127,238322507,2.313001,1.9269255,1.7080545
1750613443127,238322507,2.313001,1.9269255,1.7080545
1750613443144,238339174,2.2575781,1.1294386,3.004613
1750613443144,238339174,2.2575781,1.1294386,3.004613
1750613443160,238355841,0.5544324,-0.719049,4.3288097
1750613443160,238355841,0.5544324,-0.719049,4.3288097
1750613443177,238372508,0.71957964,-2.211749,5.128152
1750613443177,238372508,0.71957964,-2.211749,5.128152
1750613443194,238389175,4.1727552,-3.6904006,4.8472347
1750613443194,238389175,4.1727552,-3.6904006,4.8472347
1750613443210,238405842,5.608597,-5.30893,4.288311
1750613443210,238405842,5.608597,-5.30893,4.288311
1750613443227,238422509,5.765026,-7.2429934,3.9433146
1750613443227,238422509,5.765026,-7.2429934,3.9433146
1750613443244,238439176,4.906992,-9.315754,1.8279343
1750613443244,238439176,4.906992,-9.315754,1.8279343
1750613443260,238455843,4.9296594,-11.805572,-0.89769554
1750613443260,238455843,4.9296594,-11.805572,-0.89769554
1750613443277,238472510,6.453445,-13.477851,-4.1763225
1750613443277,238472510,6.453445,-13.477851,-4.1763225
1750613443294,238489177,6.624671,-13.484775,-5.8890524
1750613443294,238489177,6.624671,-13.484775,-5.8890524
1750613443310,238505844,5.1966434,-13.995652,-6.8575797
1750613443310,238505844,5.1966434,-13.995652,-6.8575797
1750613443327,238522511,4.038417,-13.489774,-6.4457316
1750613443327,238522511,4.038417,-13.489774,-6.4457316
1750613443344,238539178,3.1223366,-12.431592,-5.1438026
1750613443344,238539178,3.1223366,-12.431592,-5.1438026
1750613443360,238555845,3.85942,-5.3302784,-1.7875853
1750613443360,238555845,3.85942,-5.3302784,-1.7875853
1750613443377,238572512,-3.9785128,15.744998,17.02352
1750613443377,238572512,-3.9785128,15.744998,17.02352
1750613443394,238589179,-1.4034047,-3.5538726,-3.098393
1750613443394,238589179,-1.4034047,-3.5538726,-3.098393
1750613443410,238605846,12.780108,-9.046752,-2.347918
1750613443410,238605846,12.780108,-9.046752,-2.347918
1750613443427,238622513,-11.400051,-5.484071,7.184313
1750613443427,238622513,-11.400051,-5.484071,7.184313
1750613443444,238639180,-1.8384943,-3.8746839,-1.3653259
1750613443444,238639180,-1.8384943,-3.8746839,-1.3653259
1750613443460,238655847,7.560917,-1.4935863,-0.49672318
1750613443460,238655847,7.560917,-1.4935863,-0.49672318
1750613443477,238672514,3.351482,-1.1770693,-0.53872013
1750613443477,238672514,3.351482,-1.1770693,-0.53872013
1750613443494,238689181,1.2068213,-0.85840887,-0.4585209
1750613443494,238689181,1.2068213,-0.85840887,-0.4585209
1750613443510,238705848,-3.0014737,-1.8932343,0.94627666
1750613443510,238705848,-3.0014737,-1.8932343,0.94627666
1750613443527,238722515,-3.3521929,-1.5747346,1.1774416
1750613443527,238722515,-3.3521929,-1.5747346,1.1774416
1750613443544,238739182,2.0522993,-0.9770232,-0.43135262
1750613443544,238739182,2.0522993,-0.9770232,-0.43135262
1750613443560,238755849,1.011495,-1.255793,0.19458199
1750613443560,238755849,1.011495,-1.255793,0.19458199
1750613443577,238772516,-0.6737197,-1.245035,0.39194775
1750613443577,238772516,-0.6737197,-1.245035,0.39194775
1750613443594,238789183,-0.37677065,-0.52948254,0.36688137
1750613443594,238789183,-0.37677065,-0.52948254,0.36688137
1750613443610,238805850,1.0053687,-0.35294753,0.10923576
1750613443610,238805850,1.0053687,-0.35294753,0.10923576
1750613443627,238822517,0.05507907,-0.52583593,-0.0064668655
1750613443627,238822517,0.05507907,-0.52583593,-0.0064668655
1750613443644,238839184,-1.4424266,-0.5412125,-0.043836594
1750613443644,238839184,-1.4424266,-0.5412125,-0.043836594
1750613443660,238855851,-0.96519154,-0.21290123,-0.023152351
1750613443660,238855851,-0.96519154,-0.21290123,-0.023152351
1750613443677,238872518,-0.5044692,-0.2624659,-0.0142736435
1750613443677,238872518,-0.5044692,-0.2624659,-0.0142736435
1750613443694,238889185,0.40791607,-0.41812748,-0.1512289
1750613443694,238889185,0.40791607,-0.41812748,-0.1512289
1750613443710,238905852,0.5533078,-0.1944661,-0.052628517
1750613443710,238905852,0.5533078,-0.1944661,-0.052628517
1750613443727,238922519,-0.076707184,-0.4546602,-0.002790451
1750613443727,238922519,-0.076707184,-0.4546602,-0.002790451
1750613443744,238939186,-0.34940484,-0.15062091,-0.016033173
1750613443744,238939186,-0.34940484,-0.15062091,-0.016033173
1750613443760,238955853,-1.5442128,-0.13781495,-0.0735693
1750613443760,238955853,-1.5442128,-0.13781495,-0.0735693
1750613443777,238972520,-1.4046758,-0.304084,-0.16349125
1750613443777,238972520,-1.4046758,-0.304084,-0.16349125
1750613443794,238989187,-0.10558059,-0.2669357,-0.29045963
1750613443794,238989187,-0.10558059,-0.2669357,-0.29045963
1750613443810,239005854,-0.14385718,-0.123054385,-0.14685154
1750613443810,239005854,-0.14385718,-0.123054385,-0.14685154
1750613443827,239022521,-0.7007301,-0.13061538,0.17652893
1750613443827,239022521,-0.7007301,-0.13061538,0.17652893
1750613443844,239039188,-1.2274848,-0.22901987,-0.093008995
1750613443844,239039188,-1.2274848,-0.22901987,-0.093008995
1750613443860,239055855,-2.1991363,-0.8730175,-0.089793205
1750613443860,239055855,-2.1991363,-0.8730175,-0.089793205
1750613443877,239072522,-0.42761493,-0.42094687,-0.08121586
1750613443877,239072522,-0.42761493,-0.42094687,-0.08121586
1750613443894,239089189,1.356347,-0.29654312,-0.045536995
1750613443894,239089189,1.356347,-0.29654312,-0.045536995
1750613443910,239105856,1.3111938,0.061937004,0.22514534
1750613443910,239105856,1.3111938,0.061937004,0.22514534
1750613443927,239122523,0.39650953,-0.34539747,0.103289604
1750613443927,239122523,0.39650953,-0.34539747,0.103289604
1750613443944,239139190,-0.1095332,-0.22002123,0.29967594
1750613443944,239139190,-0.1095332,-0.22002123,0.29967594
1750613443960,239155857,-0.98173124,-0.033059802,0.11098385
1750613443960,239155857,-0.98173124,-0.033059802,0.11098385
1750613443977,239172524,-1.8317177,0.16243759,0.20851421
1750613443977,239172524,-1.8317177,0.16243759,0.20851421
1750613443994,239189191,-0.84669906,-0.11014406,0.64406776
1750613443994,239189191,-0.84669906,-0.11014406,0.64406776
1750613444010,239205858,0.09030996,-0.26882395,0.7152815
1750613444010,239205858,0.09030996,-0.26882395,0.7152815
1750613444027,239222525,-0.41053832,-0.32043934,0.75476265
1750613444027,239222525,-0.41053832,-0.32043934,0.75476265
1750613444044,239239192,-1.3415022,-0.028153468,0.36353302
1750613444044,239239192,-1.3415022,-0.028153468,0.36353302
1750613444060,239255859,0.16572033,0.12680605,0.6406412
1750613444060,239255859,0.16572033,0.12680605,0.6406412
1750613444077,239272526,-0.9466829,0.5217671,0.7654629
1750613444077,239272526,-0.9466829,0.5217671,0.7654629
1750613444094,239289193,0.4609369,0.69213355,1.0174208
1750613444094,239289193,0.4609369,0.69213355,1.0174208
1750613444110,239305860,-1.0172178,1.3958445,1.4594145
1750613444110,239305860,-1.0172178,1.3958445,1.4594145
1750613444127,239322527,-1.1646911,1.9932255,2.9518013
1750613444127,239322527,-1.1646911,1.9932255,2.9518013
1750613444144,239339194,-1.6078205,2.9044964,2.1484175
1750613444144,239339194,-1.6078205,2.9044964,2.1484175
1750613444160,239355861,-1.5158501,3.3566816,2.5313368
1750613444160,239355861,-1.5158501,3.3566816,2.5313368
1750613444177,239372528,-2.1088126,5.2839108,2.9890232
1750613444177,239372528,-2.1088126,5.2839108,2.9890232
1750613444194,239389195,-3.1166675,7.340082,3.0587034
1750613444194,239389195,-3.1166675,7.340082,3.0587034
1750613444210,239405862,-2.979648,9.249701,3.305355
1750613444210,239405862,-2.979648,9.249701,3.305355
1750613444227,239422529,-4.8116727,12.034381,2.2302122
1750613444227,239422529,-4.8116727,12.034381,2.2302122
1750613444244,239439196,-6.86593,12.114064,-0.4775915
1750613444244,239439196,-6.86593,12.114064,-0.4775915
1750613444260,239455863,-4.8461633,3.9497874,0.70833683
1750613444260,239455863,-4.8461633,3.9497874,0.70833683
1750613444277,239472530,-5.970152,-3.9735181,3.0299854
1750613444277,239472530,-5.970152,-3.9735181,3.0299854
1750613444294,239489197,-6.4548006,2.3936577,2.7749605
1750613444294,239489197,-6.4548006,2.3936577,2.7749605
1750613444310,239505864,-2.9755573,6.4459615,-3.6583738
1750613444310,239505864,-2.9755573,6.4459615,-3.6583738
1750613444327,239522531,-2.2128034,7.0756083,-5.7195277
1750613444327,239522531,-2.2128034,7.0756083,-5.7195277
1750613444344,239539198,-0.32746258,5.6637077,-5.7968273
1750613444344,239539198,-0.32746258,5.6637077,-5.7968273
1750613444360,239555865,-0.9029749,4.902591,-5.0475135
1750613444360,239555865,-0.9029749,4.902591,-5.0475135
1750613444377,239572532,-0.8949153,5.211277,-4.8342133
1750613444377,239572532,-0.8949153,5.211277,-4.8342133
1750613444394,239589199,0.196988,5.225133,-4.4789987
1750613444394,239589199,0.196988,5.225133,-4.4789987
1750613444410,239605866,-0.5240438,4.562332,-3.760066
1750613444410,239605866,-0.5240438,4.562332,-3.760066
1750613444427,239622533,-0.34687692,4.2434263,-3.3986807
1750613444427,239622533,-0.34687692,4.2434263,-3.3986807
1750613444444,239639200,0.49248442,3.9787104,-2.8271413
1750613444444,239639200,0.49248442,3.9787104,-2.8271413
1750613444460,239655867,0.67833096,2.682637,-2.0596905
1750613444460,239655867,0.67833096,2.682637,-2.0596905
1750613444477,239672534,-0.33093396,1.5850834,-1.2623253
1750613444477,239672534,-0.33093396,1.5850834,-1.2623253
1750613444494,239689201,-0.84627616,0.893658,-0.35332775
1750613444494,239689201,-0.84627616,0.893658,-0.35332775
1750613444510,239705868,-0.72680783,0.2758264,0.8198509
1750613444510,239705868,-0.72680783,0.2758264,0.8198509
1750613444527,239722535,-0.7469117,-0.41910154,2.064128
1750613444527,239722535,-0.7469117,-0.41910154,2.064128
1750613444544,239739202,-0.22508089,-1.7853972,3.4630222
1750613444544,239739202,-0.22508089,-1.7853972,3.4630222
1750613444560,239755869,2.426838,-2.5548606,4.295497
1750613444560,239755869,2.426838,-2.5548606,4.295497
1750613444577,239772536,4.550793,-3.4326565,4.39203
1750613444577,239772536,4.550793,-3.4326565,4.39203
1750613444594,239789203,6.0662103,-4.974591,4.659813
1750613444594,239789203,6.0662103,-4.974591,4.659813
1750613444610,239805870,7.059287,-7.184051,4.340725
1750613444610,239805870,7.059287,-7.184051,4.340725
1750613444627,239822537,6.9544783,-9.416892,2.6267757
1750613444627,239822537,6.9544783,-9.416892,2.6267757
1750613444644,239839204,6.887195,-11.151417,0.91782093
1750613444644,239839204,6.887195,-11.151417,0.91782093
1750613444660,239855871,6.9228067,-12.236866,-1.5855179
1750613444660,239855871,6.9228067,-12.236866,-1.5855179
1750613444677,239872538,5.9453664,-13.3292885,-4.437256
1750613444677,239872538,5.9453664,-13.3292885,-4.437256
1750613444694,239889205,4.3581004,-13.719488,-5.1684165
1750613444694,239889205,4.3581004,-13.719488,-5.1684165
1750613444710,239905872,2.008203,-13.914353,-5.622633
1750613444710,239905872,2.008203,-13.914353,-5.622633
1750613444727,239922539,1.970142,-13.0541315,-5.6731234
1750613444727,239922539,1.970142,-13.0541315,-5.6731234
1750613444744,239939206,0.73225033,-12.135971,-4.458895
1750613444744,239939206,0.73225033,-12.135971,-4.458895
1750613444760,239955873,0.92795545,-10.7761,-3.4564457
1750613444760,239955873,0.92795545,-10.7761,-3.4564457
1750613444777,239972540,3.9691055,13.243759,6.878113
1750613444777,239972540,3.9691055,13.243759,6.878113
1750613444794,239989207,-23.825306,10.414166,17.873262
1750613444794,239989207,-23.825306,10.414166,17.873262
1750613444810,240005874,7.4709473,-14.578039,-10.222613
1750613444810,240005874,7.4709473,-14.578039,-10.222613
1750613444827,240022541,8.447841,-1.252331,5.9272184
1750613444827,240022541,8.447841,-1.252331,5.9272184
1750613444844,240039208,-5.769358,-0.25373617,-2.8176994
1750613444844,240039208,-5.769358,-0.25373617,-2.8176994
1750613444860,240055875,7.4799476,-2.2587764,-0.22914124
1750613444860,240055875,7.4799476,-2.2587764,-0.22914124
1750613444877,240072542,-1.4403621,-0.8593805,0.07233524
1750613444877,240072542,-1.4403621,-0.8593805,0.07233524
1750613444894,240089209,0.63401407,-1.8381629,-0.014988899
1750613444894,240089209,0.63401407,-1.8381629,-0.014988899
1750613444910,240105876,3.3132153,-1.1452531,0.34351826
1750613444910,240105876,3.3132153,-1.1452531,0.34351826
1750613444927,240122543,0.85847896,-1.6825886,0.3600273
1750613444927,240122543,0.85847896,-1.6825886,0.3600273
1750613444944,240139210,-0.29164976,-1.7306457,0.36989594
1750613444944,240139210,-0.29164976,-1.7306457,0.36989594
1750613444960,240155877,-1.5786389,-0.869433,0.19679356
1750613444960,240155877,-1.5786389,-0.869433,0.19679356
1750613444977,240172544,-1.4054171,-0.90746105,0.46037006
1750613444977,240172544,-1.4054171,-0.90746105,0.46037006
1750613444994,240189211,-0.1086302,-1.1986365,0.5378561
1750613444994,240189211,-0.1086302,-1.1986365,0.5378561
1750613445010,240205878,0.8196134,-1.1954843,0.35321808
1750613445010,240205878,0.8196134,-1.1954843,0.35321808
1750613445027,240222545,0.56778425,-1.3536575,0.42979717
1750613445027,240222545,0.56778425,-1.3536575,0.42979717
1750613445044,240239212,0.40413535,-0.96162736,0.14504433
1750613445044,240239212,0.40413535,-0.96162736,0.14504433
1750613445060,240255879,0.3210397,-0.6806363,-0.013648033
1750613445060,240255879,0.3210397,-0.6806363,-0.013648033
1750613445077,240272546,-0.5563937,0.16545747,-0.24861908
1750613445077,240272546,-0.5563937,0.16545747,-0.24861908
1750613445094,240289213,-1.6553007,0.2653188,-0.32453156
1750613445094,240289213,-1.6553007,0.2653188,-0.32453156
1750613445110,240305880,-1.0187374,0.3552276,-0.37614918
1750613445110,240305880,-1.0187374,0.3552276,-0.37614918
1750613445127,240322547,-1.0756348,0.5311193,-0.3826704
1750613445127,240322547,-1.0756348,0.5311193,-0.3826704
1750613445144,240339214,-1.6555609,0.5414367,-0.2747507
1750613445144,240339214,-1.6555609,0.5414367,-0.2747507
1750613445160,240355881,-1.3295825,0.41076472,-0.21298027
1750613445160,240355881,-1.3295825,0.41076472,-0.21298027
1750613445177,240372548,-0.030061822,-0.38310367,-0.35389042
1750613445177,240372548,-0.030061822,-0.38310367,-0.35389042
1750613445194,240389215,0.42367887,-0.1327401,-0.076146126
1750613445194,240389215,0.42367887,-0.1327401,-0.076146126
1750613445210,240405882,-0.009898718,-0.4377432,-0.07814026
1750613445210,240405882,-0.009898718,-0.4377432,-0.07814026
1750613445227,240422549,0.04256849,-0.33447462,0.040697098
1750613445227,240422549,0.04256849,-0.33447462,0.040697098
1750613445244,240439216,-0.4996013,-0.27336484,0.29697418
1750613445244,240439216,-0.4996013,-0.27336484,0.29697418
1750613445260,240455883,-0.25916907,-0.25431618,0.38548088
1750613445260,240455883,-0.25916907,-0.25431618,0.38548088
1750613445277,240472550,0.10779359,-0.41015187,0.36374664
1750613445277,240472550,0.10779359,-0.41015187,0.36374664
1750613445294,240489217,0.06144997,-0.113714,0.17343903
1750613445294,240489217,0.06144997,-0.113714,0.17343903
1750613445310,240505884,-0.88450265,0.23024473,0.1928482
1750613445310,240505884,-0.88450265,0.23024473,0.1928482
1750613445327,240522551,-1.2167733,0.5929305,0.6542387
1750613445327,240522551,-1.2167733,0.5929305,0.6542387
1750613445344,240539218,-2.4229653,1.302347,1.482995
1750613445344,240539218,-2.4229653,1.302347,1.482995
1750613445360,240555885,-0.016775094,1.1081784,1.0795536
1750613445360,240555885,-0.016775094,1.1081784,1.0795536
1750613445377,240572552,1.0365595,0.926351,1.0077581
1750613445377,240572552,1.0365595,0.926351,1.0077581
1750613445394,240589219,2.361571,0.37228006,0.64744186
1750613445394,240589219,2.361571,0.37228006,0.64744186
1750613445410,240605886,0.47962707,1.7423568,2.3424625
1750613445410,240605886,0.47962707,1.7423568,2.3424625
1750613445427,240622553,-1.7754184,2.4334402,4.1138325
1750613445427,240622553,-1.7754184,2.4334402,4.1138325
1750613445444,240639220,-0.5673684,3.9159372,3.4970493
1750613445444,240639220,-0.5673684,3.9159372,3.4970493
1750613445460,240655887,-0.24265327,5.3153553,4.3726196
1750613445460,240655887,-0.24265327,5.3153553,4.3726196
1750613445477,240672554,0.25042033,7.9495664,4.391323
1750613445477,240672554,0.25042033,7.9495664,4.391323
1750613445494,240689221,1.5468264,10.376392,3.8490763
1750613445494,240689221,1.5468264,10.376392,3.8490763
1750613445510,240705888,0.9138805,12.829102,2.5477972
1750613445510,240705888,0.9138805,12.829102,2.5477972
1750613445527,240722555,-1.9473575,11.095031,1.6913548
1750613445527,240722555,-1.9473575,11.095031,1.6913548
1750613445544,240739222,-4.6007433,5.088142,1.7345619
1750613445544,240739222,-4.6007433,5.088142,1.7345619
1750613445560,240755889,-8.494882,0.81090724,1.3146925
1750613445560,240755889,-8.494882,0.81090724,1.3146925
1750613445577,240772556,-12.268282,2.7439532,0.06823921
1750613445577,240772556,-12.268282,2.7439532,0.06823921
1750613445594,240789223,-1.4039577,5.462867,-2.0262065
1750613445594,240789223,-1.4039577,5.462867,-2.0262065
1750613445610,240805890,0.17579047,7.814122,-5.585142
1750613445610,240805890,0.17579047,7.814122,-5.585142
1750613445627,240822557,-1.5297698,5.6528487,-7.0913696
1750613445627,240822557,-1.5297698,5.6528487,-7.0913696
1750613445644,240839224,-1.9781551,3.4302316,-5.701546
1750613445644,240839224,-1.9781551,3.4302316,-5.701546
1750613445660,240855891,-2.3787189,3.271406,-5.5391746
1750613445660,240855891,-2.3787189,3.271406,-5.5391746
1750613445677,240872558,-1.9627312,3.2736127,-5.837682
1750613445677,240872558,-1.9627312,3.2736127,-5.837682
1750613445694,240889225,-2.829548,2.2891622,-4.9330435
1750613445694,240889225,-2.829548,2.2891622,-4.9330435
1750613445710,240905892,-2.7580736,2.1974366,-4.232664
1750613445710,240905892,-2.7580736,2.1974366,-4.232664
1750613445727,240922559,-3.554514,2.2350214,-3.6640468
1750613445727,240922559,-3.554514,2.2350214,-3.6640468
1750613445744,240939226,-2.1801255,1.9901594,-2.439969
1750613445744,240939226,-2.1801255,1.9901594,-2.439969
1750613445760,240955893,-0.0053824154,1.4269104,-1.2497358
1750613445760,240955893,-0.0053824154,1.4269104,-1.2497358
1750613445777,240972560,-0.1768439,0.63572997,-0.61666584
1750613445777,240972560,-0.1768439,0.63572997,-0.61666584
1750613445794,240989227,-0.37660646,0.19544889,0.207695
1750613445794,240989227,-0.37660646,0.19544889,0.207695
1750613445810,241005894,0.13376044,-0.16253057,0.9233446
1750613445810,241005894,0.13376044,-0.16253057,0.9233446
1750613445827,241022561,-1.432353,-0.69900906,1.9033403
1750613445827,241022561,-1.432353,-0.69900906,1.9033403
1750613445844,241039228,-1.3107419,-1.4991837,2.9355326
1750613445844,241039228,-1.3107419,-1.4991837,2.9355326
1750613445860,241055895,1.2010449,-2.422605,3.8484488
1750613445860,241055895,1.2010449,-2.422605,3.8484488
1750613445877,241072562,2.900956,-3.6460412,4.441902
1750613445877,241072562,2.900956,-3.6460412,4.441902
1750613445894,241089229,3.3141737,-5.9811316,4.600355
1750613445894,241089229,3.3141737,-5.9811316,4.600355
1750613445910,241105896,3.6206918,-7.8693404,4.490531
1750613445910,241105896,3.6206918,-7.8693404,4.490531
1750613445927,241122563,3.9316905,-9.711122,2.896985
1750613445927,241122563,3.9316905,-9.711122,2.896985
1750613445944,241139230,3.8144515,-11.132848,0.61913776
1750613445944,241139230,3.8144515,-11.132848,0.61913776
1750613445960,241155897,4.0837693,-12.315022,-2.0315323
1750613445960,241155897,4.0837693,-12.315022,-2.0315323
1750613445977,241172564,5.464664,-14.216631,-5.425689
1750613445977,241172564,5.464664,-14.216631,-5.425689
1750613445994,241189231,5.326763,-13.626456,-6.224332
1750613445994,241189231,5.326763,-13.626456,-6.224332
1750613446010,241205898,3.228434,-12.873789,-5.624389
1750613446010,241205898,3.228434,-12.873789,-5.624389
1750613446027,241222565,2.4614074,-12.187771,-4.079897
1750613446027,241222565,2.4614074,-12.187771,-4.079897
1750613446044,241239232,3.712351,1.1245865,4.293519
1750613446044,241239232,3.712351,1.1245865,4.293519
1750613446060,241255899,-4.6528463,7.493759,10.54619
1750613446060,241255899,-4.6528463,7.493759,10.54619
1750613446077,241272566,2.8023791,-2.8077075,-4.6582274
1750613446077,241272566,2.8023791,-2.8077075,-4.6582274
1750613446094,241289233,0.95346034,-9.44252,1.3865986
1750613446094,241289233,0.95346034,-9.44252,1.3865986
1750613446110,241305900,-3.9072545,-4.3016715,3.415739
1750613446110,241305900,-3.9072545,-4.3016715,3.415739
1750613446127,241322567,7.0737267,-1.9247825,-1.9424114
1750613446127,241322567,7.0737267,-1.9247825,-1.9424114
1750613446144,241339234,2.7313726,-2.6707747,0.58196545
1750613446144,241339234,2.7313726,-2.6707747,0.58196545
1750613446160,241355901,0.7713429,-2.1350126,0.28926945
1750613446160,241355901,0.7713429,-2.1350126,0.28926945
1750613446177,241372568,-2.5183296,-1.4140587,0.2389288
1750613446177,241372568,-2.5183296,-1.4140587,0.2389288
1750613446194,241389235,-2.2350178,-1.4385352,0.28436375
1750613446194,241389235,-2.2350178,-1.4385352,0.28436375
1750613446210,241405902,1.3042903,-0.8614659,0.053253174
1750613446210,241405902,1.3042903,-0.8614659,0.053253174
1750613446227,241422569,0.28463537,-1.0418867,0.37321472
1750613446227,241422569,0.28463537,-1.0418867,0.37321472
1750613446244,241439236,-0.315683,-0.26123434,0.56153584
1750613446244,241439236,-0.315683,-0.26123434,0.56153584
1750613446260,241455903,-0.4644206,-1.2585588,0.47431374
1750613446260,241455903,-0.4644206,-1.2585588,0.47431374
1750613446277,241472570,0.3002254,-0.95148414,0.54158306
1750613446277,241472570,0.3002254,-0.95148414,0.54158306
1750613446294,241489237,-0.09729653,-1.2463562,0.38459587
1750613446294,241489237,-0.09729653,-1.2463562,0.38459587
1750613446310,241505904,0.3323052,-0.913681,0.43183136
1750613446310,241505904,0.3323052,-0.913681,0.43183136
1750613446327,241522571,0.69573545,-0.866612,0.28654194
1750613446327,241522571,0.69573545,-0.866612,0.28654194
1750613446344,241539238,-0.04754288,-0.7173751,0.052556038
1750613446344,241539238,-0.04754288,-0.7173751,0.052556038
1750613446360,241555905,-1.0091292,-0.4805589,-0.10350132
1750613446360,241555905,-1.0091292,-0.4805589,-0.10350132
1750613446377,241572572,-1.3001162,-0.2830168,-0.21226215
1750613446377,241572572,-1.3001162,-0.2830168,-0.21226215
1750613446394,241589239,-1.0737307,-0.11627211,-0.28700447
1750613446394,241589239,-1.0737307,-0.11627211,-0.28700447
1750613446410,241605906,-0.94019395,0.34309775,-0.42436695
1750613446410,241605906,-0.94019395,0.34309775,-0.42436695
1750613446427,241622573,-1.4304816,0.9322761,-0.46298885
1750613446427,241622573,-1.4304816,0.9322761,-0.46298885
1750613446444,241639240,-2.0097656,1.3464615,-0.36688614
1750613446444,241639240,-2.0097656,1.3464615,-0.36688614
1750613446460,241655907,-1.6581094,0.9975173,-0.24357033
1750613446460,241655907,-1.6581094,0.9975173,-0.24357033
1750613446477,241672574,-1.1765027,0.5511313,-0.14051342
1750613446477,241672574,-1.1765027,0.5511313,-0.14051342
1750613446494,241689241,-0.626096,0.17240381,-0.098400116
1750613446494,241689241,-0.626096,0.17240381,-0.098400116
1750613446510,241705908,-0.20087422,-0.10091029,-0.17339611
1750613446510,241705908,-0.20087422,-0.10091029,-0.17339611
1750613446527,241722575,-0.2502688,-0.19620615,-0.18060398
1750613446527,241722575,-0.2502688,-0.19620615,-0.18060398
1750613446544,241739242,0.06179541,-0.19468023,-0.1944933
1750613446544,241739242,0.06179541,-0.19468023,-0.1944933
1750613446560,241755909,-0.22777915,0.01347649,-0.19141293
1750613446560,241755909,-0.22777915,0.01347649,-0.19141293
1750613446577,241772576,-0.7293541,-0.022883704,-0.07235336
1750613446577,241772576,-0.7293541,-0.022883704,-0.07235336
1750613446594,241789243,-0.47541162,-0.055639528,0.088012695
1750613446594,241789243,-0.47541162,-0.055639528,0.088012695
1750613446610,241805910,-0.37026685,-0.23223667,0.2017231
1750613446610,241805910,-0.37026685,-0.23223667,0.2017231
1750613446627,241822577,0.050617862,-0.3046638,0.56470966
1750613446627,241822577,0.050617862,-0.3046638,0.56470966
1750613446644,241839244,-0.0479366,0.07626441,0.861887
1750613446644,241839244,-0.0479366,0.07626441,0.861887
1750613446660,241855911,-0.34638762,0.14832476,1.1634188
1750613446660,241855911,-0.34638762,0.14832476,1.1634188
1750613446677,241872578,0.31534684,0.31422302,1.2896786
1750613446677,241872578,0.31534684,0.31422302,1.2896786
1750613446694,241889245,0.22494747,0.5471157,1.0803823
1750613446694,241889245,0.22494747,0.5471157,1.0803823
1750613446710,241905912,0.10628175,1.3105023,1.4893169
1750613446710,241905912,0.10628175,1.3105023,1.4893169
1750613446727,241922579,-0.8591129,2.1571703,3.281763
1750613446727,241922579,-0.8591129,2.1571703,3.281763
1750613446744,241939246,-1.6889515,3.5547152,4.2276
1750613446744,241939246,-1.6889515,3.5547152,4.2276
1750613446760,241955913,0.1964062,4.7660856,3.6377459
1750613446760,241955913,0.1964062,4.7660856,3.6377459
1750613446777,241972580,-1.3744648,6.9005003,4.055526
1750613446777,241972580,-1.3744648,6.9005003,4.055526
1750613446794,241989247,-0.47634813,9.470722,3.7559633
1750613446794,241989247,-0.47634813,9.470722,3.7559633
1750613446810,242005914,1.0805863,11.09746,2.6622162
1750613446810,242005914,1.0805863,11.09746,2.6622162
1750613446827,242022581,0.0049257786,12.195288,1.0808601
1750613446827,242022581,0.0049257786,12.195288,1.0808601
1750613446844,242039248,-5.6397905,9.102963,-0.23157597
1750613446844,242039248,-5.6397905,9.102963,-0.23157597
1750613446860,242055915,-8.083448,2.8167803,0.53433704
1750613446860,242055915,-8.083448,2.8167803,0.53433704
1750613446877,242072582,-6.6434307,0.85006803,1.9757681
1750613446877,242072582,-6.6434307,0.85006803,1.9757681
1750613446894,242089249,-6.2902412,1.8877392,1.9988537
1750613446894,242089249,-6.2902412,1.8877392,1.9988537
1750613446910,242105916,-2.8228915,4.35276,-1.8464761
1750613446910,242105916,-2.8228915,4.35276,-1.8464761
1750613446927,242122583,2.0915012,8.392579,-5.652532
1750613446927,242122583,2.0915012,8.392579,-5.652532
1750613446944,242139250,-2.334903,4.009852,-5.715968
1750613446944,242139250,-2.334903,4.009852,-5.715968
1750613446960,242155917,-3.3193352,2.3309777,-5.165528
1750613446960,242155917,-3.3193352,2.3309777,-5.165528
1750613446977,242172584,-2.4689677,2.6789956,-5.2618484
1750613446977,242172584,-2.4689677,2.6789956,-5.2618484
1750613446994,242189251,-4.257398,1.7895681,-4.53858
1750613446994,242189251,-4.257398,1.7895681,-4.53858
1750613447010,242205918,-4.303062,2.4606287,-4.555344
1750613447010,242205918,-4.303062,2.4606287,-4.555344
1750613447027,242222585,-4.2635336,1.8819907,-4.288936
1750613447027,242222585,-4.2635336,1.8819907,-4.288936
1750613447044,242239252,-3.0630655,0.85748667,-2.9229236
1750613447044,242239252,-3.0630655,0.85748667,-2.9229236
1750613447060,242255919,-1.4323356,0.5122604,-1.7871552
1750613447060,242255919,-1.4323356,0.5122604,-1.7871552
1750613447077,242272586,-0.4707384,0.29576844,-0.8980293
1750613447077,242272586,-0.4707384,0.29576844,-0.8980293
1750613447094,242289253,-0.29641315,-0.14809287,-0.4147253
1750613447094,242289253,-0.29641315,-0.14809287,-0.4147253
1750613447110,242305920,-1.0378312,-0.50933594,0.14521027
1750613447110,242305920,-1.0378312,-0.50933594,0.14521027
1750613447127,242322587,-1.5118322,-1.3416682,0.6143532
1750613447127,242322587,-1.5118322,-1.3416682,0.6143532
1750613447144,242339254,-1.6841906,-3.1179206,1.4638386
1750613447144,242339254,-1.6841906,-3.1179206,1.4638386
1750613447160,242355921,0.81276494,-1.9913342,1.721693
1750613447160,242355921,0.81276494,-1.9913342,1.721693
1750613447177,242372588,-0.44914728,-2.4375238,1.8314276
1750613447177,242372588,-0.44914728,-2.4375238,1.8314276
1750613447194,242389255,1.6276519,-3.1867905,2.427991
1750613447194,242389255,1.6276519,-3.1867905,2.427991
1750613447210,242405922,1.9651226,-4.4004917,2.8376827
1750613447210,242405922,1.9651226,-4.4004917,2.8376827
1750613447227,242422589,4.399592,-4.695141,2.6434574
1750613447227,242422589,4.399592,-4.695141,2.6434574
1750613447244,242439256,4.096149,-5.8405256,2.5641432
1750613447244,242439256,4.096149,-5.8405256,2.5641432
1750613447260,242455923,4.969501,-8.045914,2.112856
1750613447260,242455923,4.969501,-8.045914,2.112856
1750613447277,242472590,7.743,-9.960185,1.1303673
1750613447277,242472590,7.743,-9.960185,1.1303673
1750613447294,242489257,8.680741,-11.405755,-0.90054417
1750613447294,242489257,8.680741,-11.405755,-0.90054417
1750613447310,242505924,6.30867,-12.100159,-3.7984986
1750613447310,242505924,6.30867,-12.100159,-3.7984986
1750613447327,242522591,6.471517,-12.704603,-5.405922
1750613447327,242522591,6.471517,-12.704603,-5.405922
1750613447344,242539258,4.2721267,-13.087741,-5.448159
1750613447344,242539258,4.2721267,-13.087741,-5.448159
1750613447360,242555925,3.4752421,-11.731234,-3.6414227
1750613447360,242555925,3.4752421,-11.731234,-3.6414227
1750613447377,242572592,1.5182368,0.47188523,2.7115488
1750613447377,242572592,1.5182368,0.47188523,2.7115488
1750613447394,242589259,-7.2435284,13.630392,13.244019
1750613447394,242589259,-7.2435284,13.630392,13.244019
1750613447410,242605926,-3.3690715,-1.6126028,-5.362348
1750613447410,242605926,-3.3690715,-1.6126028,-5.362348
1750613447427,242622593,2.8431642,-8.914427,1.655611
1750613447427,242622593,2.8431642,-8.914427,1.655611
1750613447444,242639260,-2.0119574,-3.2198157,2.8213243
1750613447444,242639260,-2.0119574,-3.2198157,2.8213243
1750613447460,242655927,4.368105,-0.15637256,-0.7739544
1750613447460,242655927,4.368105,-0.15637256,-0.7739544
1750613447477,242672594,4.8019977,-1.2110717,-0.045581818
1750613447477,242672594,4.8019977,-1.2110717,-0.045581818
1750613447494,242689261,1.2728416,-1.4904951,-0.5439768
1750613447494,242689261,1.2728416,-1.4904951,-0.5439768
1750613447510,242705928,-2.1021779,-1.4343461,0.02483654
1750613447510,242705928,-2.1021779,-1.4343461,0.02483654
1750613447527,242722595,-2.7602136,-1.2190545,0.09376335
1750613447527,242722595,-2.7602136,-1.2190545,0.09376335
1750613447544,242739262,-0.50308853,-1.0358449,-0.0006160736
1750613447544,242739262,-0.50308853,-1.0358449,-0.0006160736
1750613447560,242755929,0.81968814,-0.8645615,0.5157156
1750613447560,242755929,0.81968814,-0.8645615,0.5157156
1750613447577,242772596,0.474133,-1.1191739,0.37346172
1750613447577,242772596,0.474133,-1.1191739,0.37346172
1750613447594,242789263,-0.40796915,-1.3452085,0.34606647
1750613447594,242789263,-0.40796915,-1.3452085,0.34606647
1750613447610,242805930,0.1415835,-1.4042101,0.3832674
1750613447610,242805930,0.1415835,-1.4042101,0.3832674
1750613447627,242822597,0.28871974,-0.88468057,0.46834755
1750613447627,242822597,0.28871974,-0.88468057,0.46834755
1750613447644,242839264,-0.48391917,-0.6597593,0.28948593
1750613447644,242839264,-0.48391917,-0.6597593,0.28948593
1750613447660,242855931,-0.29302078,-0.4328438,0.021102905
1750613447660,242855931,-0.29302078,-0.4328438,0.021102905
1750613447677,242872598,-0.50160867,-0.03684656,-0.18224716
1750613447677,242872598,-0.50160867,-0.03684656,-0.18224716
1750613447694,242889265,-0.97144943,0.37482652,-0.31445408
1750613447694,242889265,-0.97144943,0.37482652,-0.31445408
1750613447710,242905932,-1.3952255,0.33915162,-0.34337425
1750613447710,242905932,-1.3952255,0.33915162,-0.34337425
1750613447727,242922599,-0.51506907,0.067627646,-0.28834438
1750613447727,242922599,-0.51506907,0.067627646,-0.28834438
1750613447744,242939266,0.036940433,-0.07067972,-0.13986492
1750613447744,242939266,0.036940433,-0.07067972,-0.13986492
1750613447760,242955933,0.111385,-0.20646025,-0.043180466
1750613447760,242955933,0.111385,-0.20646025,-0.043180466
1750613447777,242972600,-0.18637404,-0.26869878,0.09687233
1750613447777,242972600,-0.18637404,-0.26869878,0.09687233
1750613447794,242989267,-0.20986749,-0.34793478,0.01760292
1750613447794,242989267,-0.20986749,-0.34793478,0.01760292
1750613447810,243005934,-0.36099577,-0.17318365,-0.052170753
1750613447810,243005934,-0.36099577,-0.17318365,-0.052170753
1750613447827,243022601,-0.6011906,-0.013355123,-0.12941551
1750613447827,243022601,-0.6011906,-0.013355123,-0.12941551
1750613447844,243039268,-0.69758034,-0.044367097,-0.11706734
1750613447844,243039268,-0.69758034,-0.044367097,-0.11706734
1750613447860,243055935,-0.72589093,-0.0028303445,-0.08363438
1750613447860,243055935,-0.72589093,-0.0028303445,-0.08363438
1750613447877,243072602,-0.74067926,0.047730967,-0.22389126
1750613447877,243072602,-0.74067926,0.047730967,-0.22389126
1750613447894,243089269,-0.633085,0.11992163,-0.23613739
1750613447894,243089269,-0.633085,0.11992163,-0.23613739
1750613447910,243105936,-0.3337853,0.012151953,-0.4186144
1750613447910,243105936,-0.3337853,0.012151953,-0.4186144
1750613447927,243122603,-0.41524705,0.08469666,-0.1976633
1750613447927,243122603,-0.41524705,0.08469666,-0.1976633
1750613447944,243139270,-0.24009694,0.08105809,-0.21373749
1750613447944,243139270,-0.24009694,0.08105809,-0.21373749
1750613447960,243155937,-1.269126,-0.10908103,0.0012102127
1750613447960,243155937,-1.269126,-0.10908103,0.0012102127
1750613447977,243172604,-0.35201615,-0.16831309,0.21330738
1750613447977,243172604,-0.35201615,-0.16831309,0.21330738
1750613447994,243189271,-0.34656847,-0.0026334296,0.5054035
1750613447994,243189271,-0.34656847,-0.0026334296,0.5054035
1750613448010,243205938,-0.12592496,0.1515932,0.51233196
1750613448010,243205938,-0.12592496,0.1515932,0.51233196
1750613448027,243222605,-1.0597931,0.103418775,0.6504011
1750613448027,243222605,-1.0597931,0.103418775,0.6504011
1750613448044,243239272,-0.62084097,0.3614714,1.2707853
1750613448044,243239272,-0.62084097,0.3614714,1.2707853
1750613448060,243255939,-0.64680266,1.0629152,2.2368317
1750613448060,243255939,-0.64680266,1.0629152,2.2368317
1750613448077,243272606,-2.004476,1.8149413,4.228674
1750613448077,243272606,-2.004476,1.8149413,4.228674
1750613448094,243289273,-0.37710702,3.8567193,3.6838512
1750613448094,243289273,-0.37710702,3.8567193,3.6838512
1750613448110,243305940,-0.68565327,4.4981117,4.899001
1750613448110,243305940,-0.68565327,4.4981117,4.899001
1750613448127,243322607,-0.574207,6.3401356,4.778572
1750613448127,243322607,-0.574207,6.3401356,4.778572
1750613448144,243339274,-0.10687496,7.824646,4.09935
1750613448144,243339274,-0.10687496,7.824646,4.09935
1750613448160,243355941,0.25511277,10.606328,3.2600384
1750613448160,243355941,0.25511277,10.606328,3.2600384
1750613448177,243372608,-1.3385882,13.488301,1.4794588
1750613448177,243372608,-1.3385882,13.488301,1.4794588
1750613448194,243389275,-2.546096,10.228273,-0.9744282
1750613448194,243389275,-2.546096,10.228273,-0.9744282
1750613448210,243405942,-2.7796192,9.31858,-2.942501
1750613448210,243405942,-2.7796192,9.31858,-2.942501
1750613448227,243422609,-14.300606,-8.593462,-1.0736122
1750613448227,243422609,-14.300606,-8.593462,-1.0736122
1750613448244,243439276,-8.180287,2.8030791,0.8797884
1750613448244,243439276,-8.180287,2.8030791,0.8797884
1750613448260,243455943,0.8615148,8.719095,-4.0955396
1750613448260,243455943,0.8615148,8.719095,-4.0955396
1750613448277,243472610,-2.7522273,5.5681643,-6.817769
1750613448277,243472610,-2.7522273,5.5681643,-6.817769
1750613448294,243489277,-0.73447764,3.7788544,-5.706799
1750613448294,243489277,-0.73447764,3.7788544,-5.706799
1750613448310,243505944,-2.2286487,3.9702034,-4.9722843
1750613448310,243505944,-2.2286487,3.9702034,-4.9722843
1750613448327,243522611,-3.72796,3.1152983,-4.54371
1750613448327,243522611,-3.72796,3.1152983,-4.54371
1750613448344,243539278,-3.2234125,3.2718244,-3.7655826
1750613448344,243539278,-3.2234125,3.2718244,-3.7655826
1750613448360,243555945,-2.259474,3.45673,-3.4693909
1750613448360,243555945,-2.259474,3.45673,-3.4693909
1750613448377,243572612,-2.44286,2.4605458,-2.8197632
1750613448377,243572612,-2.44286,2.4605458,-2.8197632
1750613448394,243589279,-2.2301347,1.7065758,-1.78304
1750613448394,243589279,-2.2301347,1.7065758,-1.78304
1750613448410,243605946,-0.6390068,1.5250778,-0.9027672
1750613448410,243605946,-0.6390068,1.5250778,-0.9027672
1750613448427,243622613,0.18115658,0.810029,-0.324584
1750613448427,243622613,0.18115658,0.810029,-0.324584
1750613448444,243639280,-0.17592973,0.18698668,0.48886585
1750613448444,243639280,-0.17592973,0.18698668,0.48886585
1750613448460,243655947,-0.12125701,-0.20932168,1.2812185
1750613448460,243655947,-0.12125701,-0.20932168,1.2812185
1750613448477,243672614,-1.0544208,-0.83038056,2.1386166
1750613448477,243672614,-1.0544208,-0.83038056,2.1386166
1750613448494,243689281,-1.0510337,-1.4864005,3.1240425
1750613448494,243689281,-1.0510337,-1.4864005,3.1240425
1750613448510,243705948,0.45795256,-2.5513945,3.876854
1750613448510,243705948,0.45795256,-2.5513945,3.876854
1750613448527,243722615,2.2105994,-3.9074678,4.1618814
1750613448527,243722615,2.2105994,-3.9074678,4.1618814
1750613448544,243739282,2.563285,-4.861533,4.0271215
1750613448544,243739282,2.563285,-4.861533,4.0271215
1750613448560,243755949,2.346139,-6.869494,3.857113
1750613448560,243755949,2.346139,-6.869494,3.857113
1750613448577,243772616,3.2375078,-8.907535,3.116354
1750613448577,243772616,3.2375078,-8.907535,3.116354
1750613448594,243789283,4.200978,-10.314491,0.92218304
1750613448594,243789283,4.200978,-10.314491,0.92218304
1750613448610,243805950,5.0827956,-11.477832,-1.6023836
1750613448610,243805950,5.0827956,-11.477832,-1.6023836
1750613448627,243822617,4.944045,-12.779842,-4.325439
1750613448627,243822617,4.944045,-12.779842,-4.325439
1750613448644,243839284,3.0814354,-12.990002,-5.494749
1750613448644,243839284,3.0814354,-12.990002,-5.494749
1750613448660,243855951,2.2528706,-12.698685,-6.1462927
1750613448660,243855951,2.2528706,-12.698685,-6.1462927
1750613448677,243872618,2.8651066,-11.620184,-5.0667605
1750613448677,243872618,2.8651066,-11.620184,-5.0667605
1750613448694,243889285,4.303585,-5.386232,-2.0560508
1750613448694,243889285,4.303585,-5.386232,-2.0560508
1750613448710,243905952,1.0356115,16.348082,15.414093
1750613448710,243905952,1.0356115,16.348082,15.414093
1750613448727,243922619,-8.690142,-2.3142405,-2.0007992
1750613448727,243922619,-8.690142,-2.3142405,-2.0007992
1750613448744,243939286,9.007519,-9.253438,-2.5478024
1750613448744,243939286,9.007519,-9.253438,-2.5478024
1750613448760,243955953,1.4185865,-5.362049,5.153658
1750613448760,243955953,1.4185865,-5.362049,5.153658
1750613448777,243972620,2.3564138,-2.423547,-0.84747887
1750613448777,243972620,2.3564138,-2.423547,-0.84747887
1750613448794,243989287,5.5860047,-2.437019,-0.47351742
1750613448794,243989287,5.5860047,-2.437019,-0.47351742
1750613448810,244005954,4.432047,-1.3444259,-0.06807995
1750613448810,244005954,4.432047,-1.3444259,-0.06807995
1750613448827,244022621,-1.4361646,-1.4815172,0.60214996
1750613448827,244022621,-1.4361646,-1.4815172,0.60214996
1750613448844,244039288,-2.1360664,-1.0214207,0.33734798
1750613448844,244039288,-2.1360664,-1.0214207,0.33734798
1750613448860,244055955,-1.7995055,-0.8847932,0.18641186
1750613448860,244055955,-1.7995055,-0.8847932,0.18641186
1750613448877,244072622,2.2851565,0.19389458,-0.6757355
1750613448877,244072622,2.2851565,0.19389458,-0.6757355
1750613448894,244089289,-0.4157303,-0.49904475,-0.11663914
1750613448894,244089289,-0.4157303,-0.49904475,-0.11663914
1750613448910,244105956,-4.5392656,-1.0350536,0.4262123
1750613448910,244105956,-4.5392656,-1.0350536,0.4262123
1750613448927,244122623,-1.4166553,-0.29711688,0.102552414
1750613448927,244122623,-1.4166553,-0.29711688,0.102552414
1750613448944,244139290,0.20681877,-0.32304016,0.2066536
1750613448944,244139290,0.20681877,-0.32304016,0.2066536
1750613448960,244155957,-1.0938963,-0.26446655,0.16893673
1750613448960,244155957,-1.0938963,-0.26446655,0.16893673
1750613448977,244172624,-1.4238625,-0.75915194,0.11929035
1750613448977,244172624,-1.4238625,-0.75915194,0.11929035
1750613448994,244189291,1.4405099,0.13658944,0.16390705
1750613448994,244189291,1.4405099,0.13658944,0.16390705
1750613449010,244205958,-0.45933992,-0.15145886,0.081131935
1750613449010,244205958,-0.45933992,-0.15145886,0.081131935
1750613449027,244222625,-1.0720891,-0.24239041,-0.03610897
1750613449027,244222625,-1.0720891,-0.24239041,-0.03610897
1750613449044,244239292,0.22995907,-0.13029777,-0.24173641
1750613449044,244239292,0.22995907,-0.13029777,-0.24173641
1750613449060,244255959,0.2552842,-0.19082686,0.02921772
1750613449060,244255959,0.2552842,-0.19082686,0.02921772
1750613449077,244272626,-0.3344612,-0.42333934,0.11575699
1750613449077,244272626,-0.3344612,-0.42333934,0.11575699
1750613449094,244289293,0.49017665,-0.460048,0.008952141
1750613449094,244289293,0.49017665,-0.460048,0.008952141
1750613449110,244305960,0.10792524,-0.564349,0.17563725
1750613449110,244305960,0.10792524,-0.564349,0.17563725
1750613449127,244322627,0.19655126,-0.61306363,0.123931885
1750613449127,244322627,0.19655126,-0.61306363,0.123931885
1750613449144,244339294,0.16016245,-0.48657206,0.20559597
1750613449144,244339294,0.16016245,-0.48657206,0.20559597
1750613449160,244355961,-0.3570329,-0.4975271,0.21115112
1750613449160,244355961,-0.3570329,-0.4975271,0.21115112
1750613449177,244372628,-0.071271576,-0.41168875,0.025718689
1750613449177,244372628,-0.071271576,-0.41168875,0.025718689
1750613449194,244389295,-0.111026935,-0.15170316,-0.18987656
1750613449194,244389295,-0.111026935,-0.15170316,-0.18987656
1750613449210,244405962,-0.7952316,0.1178253,-0.24737263
1750613449210,244405962,-0.7952316,0.1178253,-0.24737263
1750613449227,244422629,-1.3449671,0.39456207,-0.3339777
1750613449227,244422629,-1.3449671,0.39456207,-0.3339777
1750613449244,244439296,-1.5291055,0.29208404,-0.39748764
1750613449244,244439296,-1.5291055,0.29208404,-0.39748764
1750613449260,244455963,-1.2759225,0.5185431,-0.43632317
1750613449260,244455963,-1.2759225,0.5185431,-0.43632317
1750613449277,244472630,-1.5326011,0.20916902,-0.33171558
1750613449277,244472630,-1.5326011,0.20916902,-0.33171558
1750613449294,244489297,-1.2239066,0.14460573,-0.4111538
1750613449294,244489297,-1.2239066,0.14460573,-0.4111538
1750613449310,244505964,-1.2675704,0.11863531,-0.43130493
1750613449310,244505964,-1.2675704,0.11863531,-0.43130493
1750613449327,244522631,-1.6717486,0.0063553676,-0.32160187
1750613449327,244522631,-1.6717486,0.0063553676,-0.32160187
1750613449344,244539298,-0.7125443,0.19071175,-0.29594517
1750613449344,244539298,-0.7125443,0.19071175,-0.29594517
1750613449360,244555965,-0.6899324,0.124771416,0.19072342
1750613449360,244555965,-0.6899324,0.124771416,0.19072342
1750613449377,244572632,-1.0705788,0.31392327,1.4530478
1750613449377,244572632,-1.0705788,0.31392327,1.4530478
1750613449394,244589299,-0.68299454,1.0486054,2.5937405
1750613449394,244589299,-0.68299454,1.0486054,2.5937405
1750613449410,244605966,0.5854374,1.6517617,3.0240898
1750613449410,244605966,0.5854374,1.6517617,3.0240898
1750613449427,244622633,2.184898,2.1363087,3.564022
1750613449427,244622633,2.184898,2.1363087,3.564022
1750613449444,244639300,1.1377453,3.7811918,2.974082
1750613449444,244639300,1.1377453,3.7811918,2.974082
1750613449460,244655967,-0.724384,3.2429597,3.0096426
1750613449460,244655967,-0.724384,3.2429597,3.0096426
1750613449477,244672634,-0.79108167,4.0206323,2.659645
1750613449477,244672634,-0.79108167,4.0206323,2.659645
1750613449494,244689301,-1.9166819,4.644035,2.5666351
1750613449494,244689301,-1.9166819,4.644035,2.5666351
1750613449510,244705968,-2.6444843,7.1894193,1.7530928
1750613449510,244705968,-2.6444843,7.1894193,1.7530928
1750613449527,244722635,-1.375193,5.131759,0.13046455
1750613449527,244722635,-1.375193,5.131759,0.13046455
1750613449544,244739302,-3.1191866,0.8452458,-0.31856632
1750613449544,244739302,-3.1191866,0.8452458,-0.31856632
1750613449560,244755969,-3.94736,-4.0181937,-0.66599464
1750613449560,244755969,-3.94736,-4.0181937,-0.66599464
1750613449577,244772636,-0.81096524,-4.475737,0.2653036
1750613449577,244772636,-0.81096524,-4.475737,0.2653036
1750613449594,244789303,-0.8605244,1.2300457,-1.6001377
1750613449594,244789303,-0.8605244,1.2300457,-1.6001377
1750613449610,244805970,-2.4538822,4.408742,-5.1712265
1750613449610,244805970,-2.4538822,4.408742,-5.1712265
1750613449627,244822637,-1.4358441,3.0011523,-5.410492
1750613449627,244822637,-1.4358441,3.0011523,-5.410492
1750613449644,244839304,-1.555374,2.5870175,-4.4842496
1750613449644,244839304,-1.555374,2.5870175,-4.4842496
1750613449660,244855971,-3.365472,1.1619207,-4.2851443
1750613449660,244855971,-3.365472,1.1619207,-4.2851443
1750613449677,244872638,-2.9207761,0.98509824,-3.6459851
1750613449677,244872638,-2.9207761,0.98509824,-3.6459851
1750613449694,244889305,-3.5252173,-0.007030153,-2.438634
1750613449694,244889305,-3.5252173,-0.007030153,-2.438634
1750613449710,244905972,-3.7955334,-0.7795855,-1.6366425
1750613449710,244905972,-3.7955334,-0.7795855,-1.6366425
1750613449727,244922639,-3.543804,-1.5706716,-0.71307087
1750613449727,244922639,-3.543804,-1.5706716,-0.71307087
1750613449744,244939306,-2.4719443,-1.6076485,0.36733723
1750613449744,244939306,-2.4719443,-1.6076485,0.36733723
1750613449760,244955973,-2.2814903,-2.5276484,0.920084
1750613449760,244955973,-2.2814903,-2.5276484,0.920084
1750613449777,244972640,-2.1089106,-3.4246857,1.408391
1750613449777,244972640,-2.1089106,-3.4246857,1.408391
1750613449794,244989307,-1.606283,-4.853881,1.4887037
1750613449794,244989307,-1.606283,-4.853881,1.4887037
1750613449810,245005974,-0.33995605,-5.1406713,1.4063683
1750613449810,245005974,-0.33995605,-5.1406713,1.4063683
1750613449827,245022641,0.9749633,-4.989849,1.4760532
1750613449827,245022641,0.9749633,-4.989849,1.4760532
1750613449844,245039308,1.9086087,-5.2528567,1.1253033
1750613449844,245039308,1.9086087,-5.2528567,1.1253033
1750613449860,245055975,3.1101315,-3.7615325,1.119688
1750613449860,245055975,3.1101315,-3.7615325,1.119688
1750613449877,245072642,3.754159,-3.9994957,0.6198435
1750613449877,245072642,3.754159,-3.9994957,0.6198435
1750613449894,245089309,4.2596655,-3.9290128,0.074251175
1750613449894,245089309,4.2596655,-3.9290128,0.074251175
1750613449910,245105976,4.84273,-1.5059999,-0.07105923
1750613449910,245105976,4.84273,-1.5059999,-0.07105923
1750613449927,245122643,5.178479,-1.1262581,-0.0016641617
1750613449927,245122643,5.178479,-1.1262581,-0.0016641617
1750613449944,245139310,4.937192,-1.8392814,0.20864773
1750613449944,245139310,4.937192,-1.8392814,0.20864773
1750613449960,245155977,8.486877,-2.8518105,0.32297325
1750613449960,245155977,8.486877,-2.8518105,0.32297325
1750613449977,245172644,12.550101,1.470861,1.1466761
1750613449977,245172644,12.550101,1.470861,1.1466761
1750613449994,245189311,2.6336062,6.40599,-0.15190315
1750613449994,245189311,2.6336062,6.40599,-0.15190315
1750613450010,245205978,-1.3917582,-3.5681927,-2.1516452
1750613450010,245205978,-1.3917582,-3.5681927,-2.1516452
1750613450027,245222645,3.2823105,-1.8749909,-0.48398972
1750613450027,245222645,3.2823105,-1.8749909,-0.48398972
1750613450044,245239312,3.519745,3.232226,0.57300377
1750613450044,245239312,3.519745,3.232226,0.57300377
1750613450060,245255979,-1.0655242,2.5839503,-0.05722618
1750613450060,245255979,-1.0655242,2.5839503,-0.05722618
1750613450077,245272646,-1.3427317,-0.72305304,3.2704115
1750613450077,245272646,-1.3427317,-0.72305304,3.2704115
1750613450094,245289313,-8.141893,-1.1580081,6.728855
1750613450094,245289313,-8.141893,-1.1580081,6.728855
1750613450110,245305980,-0.5588396,5.0131135,-1.8649249
1750613450110,245305980,-0.5588396,5.0131135,-1.8649249
1750613450127,245322647,0.44739425,2.0525403,-1.1773539
1750613450127,245322647,0.44739425,2.0525403,-1.1773539
1750613450144,245339314,0.6971642,-5.247485,0.32693672
1750613450144,245339314,0.6971642,-5.247485,0.32693672
1750613450160,245355981,0.4137417,-1.1098951,-0.046549797
1750613450160,245355981,0.4137417,-1.1098951,-0.046549797
1750613450177,245372648,0.067400776,0.30804133,0.022052765
1750613450177,245372648,0.067400776,0.30804133,0.022052765
1750613450194,245389315,0.40619725,-0.63605785,0.38963032
1750613450194,245389315,0.40619725,-0.63605785,0.38963032
1750613450210,245405982,0.15390432,0.9864995,0.09649563
1750613450210,245405982,0.15390432,0.9864995,0.09649563
1750613450227,245422649,-0.23558176,1.4411536,-0.054424286
1750613450227,245422649,-0.23558176,1.4411536,-0.054424286
1750613450244,245439316,-0.22748433,0.119096614,-0.15690231
1750613450244,245439316,-0.22748433,0.119096614,-0.15690231
1750613450260,245455983,-0.060189802,-1.1681534,-0.13272572
1750613450260,245455983,-0.060189802,-1.1681534,-0.13272572
1750613450277,245472650,-0.13640638,-0.8729672,-0.21277142
1750613450277,245472650,-0.13640638,-0.8729672,-0.21277142
1750613450294,245489317,-0.1353818,-0.64142895,-0.18840313
1750613450294,245489317,-0.1353818,-0.64142895,-0.18840313
1750613450310,245505984,-0.099454775,-0.5841693,-0.06795311
1750613450310,245505984,-0.099454775,-0.5841693,-0.06795311
1750613450327,245522651,-0.08330507,-0.8026309,-0.0959034
1750613450327,245522651,-0.08330507,-0.8026309,-0.0959034
1750613450344,245539318,0.087650605,-1.0740364,0.021855354
1750613450344,245539318,0.087650605,-1.0740364,0.021855354
1750613450360,245555985,0.082125366,-0.588401,-0.058260918
1750613450360,245555985,0.082125366,-0.588401,-0.058260918
1750613450377,245572652,0.056572918,0.3106193,-0.087343216
1750613450377,245572652,0.056572918,0.3106193,-0.087343216
1750613450394,245589319,-0.048804052,0.27585644,0.07977486
1750613450394,245589319,-0.048804052,0.27585644,0.07977486
1750613450410,245605986,0.2071375,-0.042552143,0.095026016
1750613450410,245605986,0.2071375,-0.042552143,0.095026016
1750613450427,245622653,-0.06494258,0.35022688,-0.0036725998
1750613450427,245622653,-0.06494258,0.35022688,-0.0036725998
1750613450444,245639320,0.067737386,-0.338669,0.037246704
1750613450444,245639320,0.067737386,-0.338669,0.037246704
1750613450460,245655987,0.15899326,-0.07460918,-0.04894924
1750613450460,245655987,0.15899326,-0.07460918,-0.04894924
1750613450477,245672654,-0.27058747,0.12970985,-0.010136604
1750613450477,245672654,-0.27058747,0.12970985,-0.010136604
1750613450494,245689321,0.18057925,-0.7508247,-0.16127491
1750613450494,245689321,0.18057925,-0.7508247,-0.16127491
1750613450510,245705988,-0.04571734,-0.83192706,-0.121831894
1750613450510,245705988,-0.04571734,-0.83192706,-0.121831894
1750613450527,245722655,0.2624185,-0.91096205,-0.17112255
1750613450527,245722655,0.2624185,-0.91096205,-0.17112255
1750613450544,245739322,0.13070814,0.24782622,-0.16532612
1750613450544,245739322,0.13070814,0.24782622,-0.16532612
1750613450560,245755989,-0.058217973,0.48378888,-0.007966995
1750613450560,245755989,-0.058217973,0.48378888,-0.007966995
1750613450577,245772656,0.21779773,0.16222283,-0.033802032
1750613450577,245772656,0.21779773,0.16222283,-0.033802032
1750613450594,245789323,0.6831423,-0.10865279,0.14481735
1750613450594,245789323,0.6831423,-0.10865279,0.14481735
1750613450610,245805990,0.5946151,0.13367952,0.12303352
1750613450610,245805990,0.5946151,0.13367952,0.12303352
1750613450627,245822657,0.6666806,0.26748294,0.054247856
1750613450627,245822657,0.6666806,0.26748294,0.054247856
1750613450644,245839324,0.42280963,0.30551478,-0.021095276
1750613450644,245839324,0.42280963,0.30551478,-0.021095276
1750613450660,245855991,0.064691804,0.31787115,-0.12368679
1750613450660,245855991,0.064691804,0.31787115,-0.12368679
1750613450677,245872658,-0.05898194,0.23422554,-0.096022606
1750613450677,245872658,-0.05898194,0.23422554,-0.096022606
1750613450694,245889325,0.14259724,0.0650038,-0.16784573
1750613450694,245889325,0.14259724,0.0650038,-0.16784573
1750613450710,245905992,0.2197937,-0.086290225,-0.07191849
1750613450710,245905992,0.2197937,-0.086290225,-0.07191849
1750613450727,245922659,0.07512986,0.28320163,-0.13706493
1750613450727,245922659,0.07512986,0.28320163,-0.13706493
1750613450744,245939326,-0.24391343,0.26217532,0.060622215
1750613450744,245939326,-0.24391343,0.26217532,0.060622215
1750613450761,245955993,0.3755907,-0.7978003,-0.15853596
1750613450761,245955993,0.3755907,-0.7978003,-0.15853596
1750613450777,245972660,0.0940471,-0.94354117,-0.26479816
1750613450777,245972660,0.0940471,-0.94354117,-0.26479816
1750613450794,245989327,-0.0011953473,-1.0026987,-0.30779648
1750613450794,245989327,-0.0011953473,-1.0026987,-0.30779648
1750613450811,246005994,-0.08429836,-1.0985667,-0.4035635
1750613450811,246005994,-0.08429836,-1.0985667,-0.4035635
1750613450827,246022661,-0.27294284,-1.2097541,-0.18927479
1750613450827,246022661,-0.27294284,-1.2097541,-0.18927479
1750613450844,246039328,-0.3279315,-1.7003232,0.5738077
1750613450844,246039328,-0.3279315,-1.7003232,0.5738077
1750613450861,246055995,-0.4825162,-1.416733,1.6606979
1750613450861,246055995,-0.4825162,-1.416733,1.6606979
1750613450877,246072662,-1.3883244,-0.18991326,3.4258995
1750613450877,246072662,-1.3883244,-0.18991326,3.4258995
1750613450894,246089329,-1.8669482,-0.93101764,4.2146034
1750613450894,246089329,-1.8669482,-0.93101764,4.2146034
1750613450911,246105996,-1.1284794,-4.021169,3.488553
1750613450911,246105996,-1.1284794,-4.021169,3.488553
1750613450927,246122663,-3.6829333,-3.9267373,3.5030994
1750613450927,246122663,-3.6829333,-3.9267373,3.5030994
1750613450944,246139330,-1.4479572,-3.096285,3.0372696
1750613450944,246139330,-1.4479572,-3.096285,3.0372696
1750613450961,246155997,3.5734751,-3.7624147,1.8226681
1750613450961,246155997,3.5734751,-3.7624147,1.8226681
1750613450977,246172664,11.916158,-4.0722313,-0.07794762
1750613450977,246172664,11.916158,-4.0722313,-0.07794762
1750613450994,246189331,6.9522567,-6.4656954,0.33173275
1750613450994,246189331,6.9522567,-6.4656954,0.33173275
1750613451011,246205998,5.9851985,-5.27588,-2.4097095
1750613451011,246205998,5.9851985,-5.27588,-2.4097095
1750613451027,246222665,2.1322846,-2.589259,-0.6933422
1750613451027,246222665,2.1322846,-2.589259,-0.6933422
1750613451044,246239332,0.23282853,-2.3393447,-0.97397614
1750613451044,246239332,0.23282853,-2.3393447,-0.97397614
1750613451061,246255999,1.1214191,-2.952782,-2.2601233
1750613451061,246255999,1.1214191,-2.952782,-2.2601233
1750613451077,246272666,2.0802593,-3.3808384,-2.6664925
1750613451077,246272666,2.0802593,-3.3808384,-2.6664925
1750613451094,246289333,2.9397204,-3.6850586,-2.8253508
1750613451094,246289333,2.9397204,-3.6850586,-2.8253508
1750613451111,246306000,4.0096087,-3.902184,-2.8401093
1750613451111,246306000,4.0096087,-3.902184,-2.8401093
1750613451127,246322667,4.338907,-4.0216455,-2.5610147
1750613451127,246322667,4.338907,-4.0216455,-2.5610147
1750613451144,246339334,4.0423174,-3.6137583,-2.214457
1750613451144,246339334,4.0423174,-3.6137583,-2.214457
1750613451161,246356001,2.8546917,-2.9433393,-1.8544436
1750613451161,246356001,2.8546917,-2.9433393,-1.8544436
1750613451177,246372668,1.5204134,-2.422178,-1.6139946
1750613451177,246372668,1.5204134,-2.422178,-1.6139946
1750613451194,246389335,0.48780584,-2.063666,-1.1983309
1750613451194,246389335,0.48780584,-2.063666,-1.1983309
1750613451211,246406002,0.14712249,-1.8341347,-0.8652506
1750613451211,246406002,0.14712249,-1.8341347,-0.8652506
1750613451227,246422669,0.61746305,-1.5431687,-0.20459557
1750613451227,246422669,0.61746305,-1.5431687,-0.20459557
1750613451244,246439336,0.7521875,-1.1450671,0.6340008
1750613451244,246439336,0.7521875,-1.1450671,0.6340008
1750613451261,246456003,0.88652366,-0.3195806,1.4719276
1750613451261,246456003,0.88652366,-0.3195806,1.4719276
1750613451277,246472670,-0.1009532,0.3052997,2.2572346
1750613451277,246472670,-0.1009532,0.3052997,2.2572346
1750613451294,246489337,-1.256268,1.0124267,2.891632
1750613451294,246489337,-1.256268,1.0124267,2.891632
1750613451311,246506004,-1.599557,1.5553724,3.561926
1750613451311,246506004,-1.599557,1.5553724,3.561926
1750613451327,246522671,-2.3735855,2.4657886,3.334261
1750613451327,246522671,-2.3735855,2.4657886,3.334261
1750613451344,246539338,-3.6753352,4.0487485,2.3619223
1750613451344,246539338,-3.6753352,4.0487485,2.3619223
1750613451361,246556005,-3.8671792,5.176814,2.0469933
1750613451361,246556005,-3.8671792,5.176814,2.0469933
1750613451377,246572672,-4.472127,6.306896,1.3367548
1750613451377,246572672,-4.472127,6.306896,1.3367548
1750613451394,246589339,-5.0478606,8.226176,-0.6571293
1750613451394,246589339,-5.0478606,8.226176,-0.6571293
1750613451411,246606006,-6.949446,9.232176,-2.4554834
1750613451411,246606006,-6.949446,9.232176,-2.4554834
1750613451427,246622673,-6.6593614,9.850582,-3.9812388
1750613451427,246622673,-6.6593614,9.850582,-3.9812388
1750613451444,246639340,-5.9465094,9.85633,-5.026463
1750613451444,246639340,-5.9465094,9.85633,-5.026463
1750613451461,246656007,-5.556219,11.233109,-6.1660514
1750613451461,246656007,-5.556219,11.233109,-6.1660514
1750613451477,246672674,-4.593184,10.378946,-4.3815956
1750613451477,246672674,-4.593184,10.378946,-4.3815956
1750613451494,246689341,-3.0326014,9.605512,-3.3248954
1750613451494,246689341,-3.0326014,9.605512,-3.3248954
1750613451511,246706008,-1.2231234,3.6770644,0.7949562
1750613451511,246706008,-1.2231234,3.6770644,0.7949562
1750613451527,246722675,4.0493646,-5.376833,8.910017
1750613451527,246722675,4.0493646,-5.376833,8.910017
1750613451544,246739342,1.6415955,2.3550112,-1.0350838
1750613451544,246739342,1.6415955,2.3550112,-1.0350838
1750613451561,246756009,-3.632527,6.895861,0.33989334
1750613451561,246756009,-3.632527,6.895861,0.33989334
1750613451577,246772676,-2.5818357,2.3980212,0.67496395
1750613451577,246772676,-2.5818357,2.3980212,0.67496395
1750613451594,246789343,-0.5664992,2.703577,0.06598091
1750613451594,246789343,-0.5664992,2.703577,0.06598091
1750613451611,246806010,-3.7831075,2.340062,0.19866371
1750613451611,246806010,-3.7831075,2.340062,0.19866371
1750613451627,246822677,-4.8249583,-0.051141553,-0.40400124
1750613451627,246822677,-4.8249583,-0.051141553,-0.40400124
1750613451644,246839344,-0.2516264,1.7754108,0.18245697
1750613451644,246839344,-0.2516264,1.7754108,0.18245697
1750613451661,246856011,-1.1550479,0.76265055,0.012842178
1750613451661,246856011,-1.1550479,0.76265055,0.012842178
1750613451677,246872678,-0.1253702,1.3680507,0.37127495
1750613451677,246872678,-0.1253702,1.3680507,0.37127495
1750613451694,246889345,-1.631662,0.5286388,-0.12527561
1750613451694,246889345,-1.631662,0.5286388,-0.12527561
1750613451711,246906012,-0.14160149,1.4121912,0.22416592
1750613451711,246906012,-0.14160149,1.4121912,0.22416592
1750613451727,246922679,0.78076875,1.408047,0.4018154
1750613451727,246922679,0.78076875,1.408047,0.4018154
1750613451744,246939346,0.7547788,1.4955982,0.3140192
1750613451744,246939346,0.7547788,1.4955982,0.3140192
1750613451761,246956013,-1.2638727,0.6322026,0.2687769
1750613451761,246956013,-1.2638727,0.6322026,0.2687769
1750613451777,246972680,-0.80440456,0.66176534,0.27390766
1750613451777,246972680,-0.80440456,0.66176534,0.27390766
1750613451794,246989347,0.20523585,0.9287496,0.08052635
1750613451794,246989347,0.20523585,0.9287496,0.08052635
1750613451811,247006014,0.13690214,0.65978926,-0.012243271
1750613451811,247006014,0.13690214,0.65978926,-0.012243271
1750613451827,247022681,0.9398666,0.7796049,0.039990425
1750613451827,247022681,0.9398666,0.7796049,0.039990425
1750613451844,247039348,0.9263879,0.6998822,-0.052105904
1750613451844,247039348,0.9263879,0.6998822,-0.052105904
1750613451861,247056015,0.48599562,0.6473078,-0.101234436
1750613451861,247056015,0.48599562,0.6473078,-0.101234436
1750613451877,247072682,0.4190224,0.4976347,-0.06928444
1750613451877,247072682,0.4190224,0.4976347,-0.06928444
1750613451894,247089349,0.38965794,0.42938817,-0.14566517
1750613451894,247089349,0.38965794,0.42938817,-0.14566517
1750613451911,247106016,0.2905407,0.31817976,-0.04175186
1750613451911,247106016,0.2905407,0.31817976,-0.04175186
1750613451927,247122683,-0.26067868,0.3090117,-0.14219284
1750613451927,247122683,-0.26067868,0.3090117,-0.14219284
1750613451944,247139350,-0.59112895,0.23562077,-0.07967758
1750613451944,247139350,-0.59112895,0.23562077,-0.07967758
1750613451961,247156017,-0.5345044,0.12501371,-0.13577557
1750613451961,247156017,-0.5345044,0.12501371,-0.13577557
1750613451977,247172684,0.32130212,0.06416152,-0.09734249
1750613451977,247172684,0.32130212,0.06416152,-0.09734249
1750613451994,247189351,1.1929845,0.36136612,-0.082006454
1750613451994,247189351,1.1929845,0.36136612,-0.082006454
1750613452011,247206018,0.65831035,0.42620444,-0.08235741
1750613452011,247206018,0.65831035,0.42620444,-0.08235741
1750613452027,247222685,-0.29535314,0.5150847,-0.22214317
1750613452027,247222685,-0.29535314,0.5150847,-0.22214317
1750613452044,247239352,-0.8460656,0.44692197,-0.21933174
1750613452044,247239352,-0.8460656,0.44692197,-0.21933174
1750613452061,247256019,-1.1028755,0.26565433,-0.17528725
1750613452061,247256019,-1.1028755,0.26565433,-0.17528725
1750613452077,247272686,-0.4697574,0.2644896,0.021782875
1750613452077,247272686,-0.4697574,0.2644896,0.021782875
1750613452094,247289353,-0.44154358,0.35033554,0.08967495
1750613452094,247289353,-0.44154358,0.35033554,0.08967495
1750613452111,247306020,-0.658599,0.22594589,0.2507515
1750613452111,247306020,-0.658599,0.22594589,0.2507515
1750613452127,247322687,0.004345986,0.15131447,0.8601265
1750613452127,247322687,0.004345986,0.15131447,0.8601265
1750613452144,247339354,-0.72454387,0.5173413,1.3804846
1750613452144,247339354,-0.72454387,0.5173413,1.3804846
1750613452161,247356021,1.2155558,-0.4501875,1.1415052
1750613452161,247356021,1.2155558,-0.4501875,1.1415052
1750613452177,247372688,0.030398656,0.07450849,1.5738163
1750613452177,247372688,0.030398656,0.07450849,1.5738163
1750613452194,247389355,-0.8495761,-1.465962,1.8148451
1750613452194,247389355,-0.8495761,-1.465962,1.8148451
1750613452211,247406022,-0.6566196,-1.4097847,1.7905798
1750613452211,247406022,-0.6566196,-1.4097847,1.7905798
1750613452227,247422689,-0.21468642,-1.8248552,3.2065315
1750613452227,247422689,-0.21468642,-1.8248552,3.2065315
1750613452244,247439356,0.8773201,-2.6940217,3.243102
1750613452244,247439356,0.8773201,-2.6940217,3.243102
1750613452261,247456023,-0.41609037,-3.361099,2.832428
1750613452261,247456023,-0.41609037,-3.361099,2.832428
1750613452277,247472690,0.30388865,-4.571645,3.2628107
1750613452277,247472690,0.30388865,-4.571645,3.2628107
1750613452294,247489357,1.4061508,-6.6069627,2.7813892
1750613452294,247489357,1.4061508,-6.6069627,2.7813892
1750613452311,247506024,2.001463,-7.5856013,2.0472555
1750613452311,247506024,2.001463,-7.5856013,2.0472555
1750613452327,247522691,1.7870554,-8.546589,1.4541254
1750613452327,247522691,1.7870554,-8.546589,1.4541254
1750613452344,247539358,3.7150505,-7.9033628,0.7249489
1750613452344,247539358,3.7150505,-7.9033628,0.7249489
1750613452361,247556025,5.467516,-3.3832302,1.0621052
1750613452361,247556025,5.467516,-3.3832302,1.0621052
1750613452377,247572692,4.24658,-0.7403061,1.7034483
1750613452377,247572692,4.24658,-0.7403061,1.7034483
1750613452394,247589359,3.114928,-4.357625,0.95344543
1750613452394,247589359,3.114928,-4.357625,0.95344543
1750613452411,247606026,5.2090755,1.1823754,0.61093616
1750613452411,247606026,5.2090755,1.1823754,0.61093616
1750613452427,247622693,8.34746,1.0555377,0.5773001
1750613452427,247622693,8.34746,1.0555377,0.5773001
1750613452444,247639360,3.3406973,-4.6166487,-3.0718455
1750613452444,247639360,3.3406973,-4.6166487,-3.0718455
1750613452461,247656027,3.5133095,-5.965279,-6.2553773
1750613452461,247656027,3.5133095,-5.965279,-6.2553773
1750613452477,247672694,2.2208626,-4.57582,-5.806416
1750613452477,247672694,2.2208626,-4.57582,-5.806416
1750613452494,247689361,2.1115193,-2.2615426,-4.367538
1750613452494,247689361,2.1115193,-2.2615426,-4.367538
1750613452511,247706028,3.3924797,-1.8039753,-4.202053
1750613452511,247706028,3.3924797,-1.8039753,-4.202053
1750613452527,247722695,2.7715585,-2.7698998,-3.865488
1750613452527,247722695,2.7715585,-2.7698998,-3.865488
1750613452544,247739362,3.4231284,-1.2204691,-2.6334443
1750613452544,247739362,3.4231284,-1.2204691,-2.6334443
1750613452561,247756029,3.016523,-1.5304425,-2.632616
1750613452561,247756029,3.016523,-1.5304425,-2.632616
1750613452577,247772696,2.8201041,-1.4623694,-1.8798966
1750613452577,247772696,2.8201041,-1.4623694,-1.8798966
1750613452594,247789363,0.8434147,-0.65362656,-0.87658024
1750613452594,247789363,0.8434147,-0.65362656,-0.87658024
1750613452611,247806030,0.4391245,-0.30893067,-0.118377686
1750613452611,247806030,0.4391245,-0.30893067,-0.118377686
1750613452627,247822697,0.7290532,0.25272632,0.04923725
1750613452627,247822697,0.7290532,0.25272632,0.04923725
1750613452644,247839364,0.17903835,0.7834648,0.39897537
1750613452644,247839364,0.17903835,0.7834648,0.39897537
1750613452661,247856031,0.5842102,1.4169067,0.7393389
1750613452661,247856031,0.5842102,1.4169067,0.7393389
1750613452677,247872698,0.3323585,1.72811,1.2491732
1750613452677,247872698,0.3323585,1.72811,1.2491732
1750613452694,247889365,-1.1974955,2.20726,1.8048906
1750613452694,247889365,-1.1974955,2.20726,1.8048906
1750613452711,247906032,-3.3649545,2.255636,2.1399212
1750613452711,247906032,-3.3649545,2.255636,2.1399212
1750613452727,247922699,-4.860579,1.8616103,2.0890274
1750613452727,247922699,-4.860579,1.8616103,2.0890274
1750613452744,247939366,-3.3809237,4.6640162,2.4074478
1750613452744,247939366,-3.3809237,4.6640162,2.4074478
1750613452761,247956033,-4.9510694,5.921862,2.2827673
1750613452761,247956033,-4.9510694,5.921862,2.2827673
1750613452777,247972700,-6.7089977,7.535348,1.7356663
1750613452777,247972700,-6.7089977,7.535348,1.7356663
1750613452794,247989367,-7.8688936,8.19638,0.20081615
1750613452794,247989367,-7.8688936,8.19638,0.20081615
1750613452811,248006034,-9.59047,7.9824543,-1.0420914
1750613452811,248006034,-9.59047,7.9824543,-1.0420914
1750613452827,248022701,-10.246735,10.489478,-4.175256
1750613452827,248022701,-10.246735,10.489478,-4.175256
1750613452844,248039368,-8.907015,10.91056,-5.442777
1750613452844,248039368,-8.907015,10.91056,-5.442777
1750613452861,248056035,-6.821997,10.334954,-5.52477
1750613452861,248056035,-6.821997,10.334954,-5.52477
1750613452877,248072702,-5.640046,11.202184,-6.004141
1750613452877,248072702,-5.640046,11.202184,-6.004141
1750613452894,248089369,-5.983122,10.365019,-4.6306667
1750613452894,248089369,-5.983122,10.365019,-4.6306667
1750613452911,248106036,-5.9236436,7.972143,-3.168366
1750613452911,248106036,-5.9236436,7.972143,-3.168366
1750613452927,248122703,0.5302451,-19.264296,10.181324
1750613452927,248122703,0.5302451,-19.264296,10.181324
1750613452944,248139370,18.791428,-6.696334,15.082729
1750613452944,248139370,18.791428,-6.696334,15.082729
1750613452961,248156037,-12.549221,6.8212247,-9.470679
1750613452961,248156037,-12.549221,6.8212247,-9.470679
1750613452977,248172704,-7.963453,8.573451,4.39834
1750613452977,248172704,-7.963453,8.573451,4.39834
1750613452994,248189371,8.013279,1.946527,3.839735
1750613452994,248189371,8.013279,1.946527,3.839735
1750613453011,248206038,-4.8875713,1.1043887,-3.657917
1750613453011,248206038,-4.8875713,1.1043887,-3.657917
1750613453027,248222705,-4.131716,0.0757767,0.6130552
1750613453027,248222705,-4.131716,0.0757767,0.6130552
1750613453044,248239372,0.40770015,2.1492956,-0.6819248
1750613453044,248239372,0.40770015,2.1492956,-0.6819248
1750613453061,248256039,0.7831265,2.2706144,0.2477808
1750613453061,248256039,0.7831265,2.2706144,0.2477808
1750613453077,248272706,0.48482206,1.6222202,0.95394707
1750613453077,248272706,0.48482206,1.6222202,0.95394707
1750613453094,248289373,-1.9798759,0.5510171,0.25269318
1750613453094,248289373,-1.9798759,0.5510171,0.25269318
1750613453111,248306040,-1.3822829,1.4832125,0.113101006
1750613453111,248306040,-1.3822829,1.4832125,0.113101006
1750613453127,248322707,-1.1640537,1.1263375,0.28245258
1750613453127,248322707,-1.1640537,1.1263375,0.28245258
1750613453144,248339374,-0.6558346,1.3353922,0.7050562
1750613453144,248339374,-0.6558346,1.3353922,0.7050562
1750613453161,248356041,-1.6318595,0.74773735,0.4402275
1750613453161,248356041,-1.6318595,0.74773735,0.4402275
1750613453177,248372708,-1.3389673,0.59143203,0.27804375
1750613453177,248372708,-1.3389673,0.59143203,0.27804375
1750613453194,248389375,-0.6902295,0.6886274,0.23570442
1750613453194,248389375,-0.6902295,0.6886274,0.23570442
1750613453211,248406042,-0.4887502,0.5554602,0.11258888
1750613453211,248406042,-0.4887502,0.5554602,0.11258888
1750613453227,248422709,-0.29952055,0.47382623,-0.06501484
1750613453227,248422709,-0.29952055,0.47382623,-0.06501484
1750613453244,248439376,-0.057128124,0.20847523,-0.16334248
1750613453244,248439376,-0.057128124,0.20847523,-0.16334248
1750613453261,248456043,0.6034536,0.14896815,-0.3020029
1750613453261,248456043,0.6034536,0.14896815,-0.3020029
1750613453277,248472710,0.7754936,0.013991576,-0.4628601
1750613453277,248472710,0.7754936,0.013991576,-0.4628601
1750613453294,248489377,1.0400851,-0.10574812,-0.327137
1750613453294,248489377,1.0400851,-0.10574812,-0.327137
1750613453311,248506044,1.1504846,0.10415156,-0.16680622
1750613453311,248506044,1.1504846,0.10415156,-0.16680622
1750613453327,248522711,0.081767745,0.026739078,-0.09698963
1750613453327,248522711,0.081767745,0.026739078,-0.09698963
1750613453344,248539378,-0.08797783,0.23667842,-0.0786314
1750613453344,248539378,-0.08797783,0.23667842,-0.0786314
1750613453361,248556045,-0.12336015,0.37644845,-0.017270088
1750613453361,248556045,-0.12336015,0.37644845,-0.017270088
1750613453377,248572712,-0.40652692,0.3217783,-0.16205025
1750613453377,248572712,-0.40652692,0.3217783,-0.16205025
1750613453394,248589379,-0.02961949,0.16442719,-0.013932228
1750613453394,248589379,-0.02961949,0.16442719,-0.013932228
1750613453411,248606046,0.32041398,0.21431081,0.16165066
1750613453411,248606046,0.32041398,0.21431081,0.16165066
1750613453427,248622713,0.19673811,0.41957986,0.1821537
1750613453427,248622713,0.19673811,0.41957986,0.1821537
1750613453444,248639380,0.18026085,0.53082496,0.048836708
1750613453444,248639380,0.18026085,0.53082496,0.048836708
1750613453461,248656047,-0.11919365,0.6481918,-0.1703949
1750613453461,248656047,-0.11919365,0.6481918,-0.1703949
1750613453477,248672714,-0.6101986,0.41543213,-0.10004425
1750613453477,248672714,-0.6101986,0.41543213,-0.10004425
1750613453494,248689381,-0.73420227,-0.0012726828,0.33074188
1750613453494,248689381,-0.73420227,-0.0012726828,0.33074188
1750613453511,248706048,0.11571601,0.06988736,0.4796362
1750613453511,248706048,0.11571601,0.06988736,0.4796362
1750613453527,248722715,0.12571464,-0.14628766,0.98511505
1750613453527,248722715,0.12571464,-0.14628766,0.98511505
1750613453544,248739382,0.42977005,-0.32423973,0.8924351
1750613453544,248739382,0.42977005,-0.32423973,0.8924351
1750613453561,248756049,0.70008373,-0.16205628,1.0485687
1750613453561,248756049,0.70008373,-0.16205628,1.0485687
1750613453577,248772716,-0.3997757,-0.55644464,1.0760269
1750613453577,248772716,-0.3997757,-0.55644464,1.0760269
1750613453594,248789383,0.0823111,-1.0229238,1.7259712
1750613453594,248789383,0.0823111,-1.0229238,1.7259712
1750613453611,248806050,1.2274138,-1.2230623,3.8680286
1750613453611,248806050,1.2274138,-1.2230623,3.8680286
1750613453627,248822717,-0.124181114,-3.4767709,2.8217697
1750613453627,248822717,-0.124181114,-3.4767709,2.8217697
1750613453644,248839384,0.659892,-4.137521,3.6632977
1750613453644,248839384,0.659892,-4.137521,3.6632977
1750613453661,248856051,1.0831045,-5.9920263,3.9803076
1750613453661,248856051,1.0831045,-5.9920263,3.9803076
1750613453677,248872718,1.3245945,-8.420461,3.6805544
1750613453677,248872718,1.3245945,-8.420461,3.6805544
1750613453694,248889385,1.5426466,-10.805954,2.964302
1750613453694,248889385,1.5426466,-10.805954,2.964302
1750613453711,248906052,2.518339,-10.587829,1.2664766
1750613453711,248906052,2.518339,-10.587829,1.2664766
1750613453727,248922719,3.8686209,-9.591122,-0.43280602
1750613453727,248922719,3.8686209,-9.591122,-0.43280602
1750613453744,248939386,5.149863,-4.3526397,0.39079952
1750613453744,248939386,5.149863,-4.3526397,0.39079952
1750613453761,248956053,6.4489226,5.920648,1.1015453
1750613453761,248956053,6.4489226,5.920648,1.1015453
1750613453777,248972720,8.304439,0.91412205,2.8714228
1750613453777,248972720,8.304439,0.91412205,2.8714228
1750613453794,248989387,7.865663,-2.654773,-1.3803482
1750613453794,248989387,7.865663,-2.654773,-1.3803482
1750613453811,249006054,5.8354454,-5.330785,-5.1811175
1750613453811,249006054,5.8354454,-5.330785,-5.1811175
1750613453827,249022721,1.3461468,-5.727209,-6.638401
1750613453827,249022721,1.3461468,-5.727209,-6.638401
1750613453844,249039388,0.2890159,-4.723291,-5.179277
1750613453844,249039388,0.2890159,-4.723291,-5.179277
1750613453861,249056055,2.0284972,-1.9084334,-4.675049
1750613453861,249056055,2.0284972,-1.9084334,-4.675049
1750613453877,249072722,3.0603511,-1.6158942,-4.7926
1750613453877,249072722,3.0603511,-1.6158942,-4.7926
1750613453894,249089389,3.7757072,-1.7257506,-4.77966
1750613453894,249089389,3.7757072,-1.7257506,-4.77966
1750613453911,249106056,3.967042,-0.8988681,-3.9056034
1750613453911,249106056,3.967042,-0.8988681,-3.9056034
1750613453927,249122723,3.812195,0.05039418,-2.9047995
1750613453927,249122723,3.812195,0.05039418,-2.9047995
1750613453944,249139390,3.9259984,0.20126328,-1.900701
1750613453944,249139390,3.9259984,0.20126328,-1.900701
1750613453961,249156057,1.6675975,0.028721415,-0.5725241
1750613453961,249156057,1.6675975,0.028721415,-0.5725241
1750613453977,249172724,-0.13126267,0.10308395,0.1518364
1750613453977,249172724,-0.13126267,0.10308395,0.1518364
1750613453994,249189391,0.2209515,0.7347528,0.8055067
1750613453994,249189391,0.2209515,0.7347528,0.8055067
1750613454011,249206058,0.0939416,1.0684773,1.2908669
1750613454011,249206058,0.0939416,1.0684773,1.2908669
1750613454027,249222725,1.2412816,2.1703587,1.7711649
1750613454027,249222725,1.2412816,2.1703587,1.7711649
1750613454044,249239392,1.9915575,3.2089107,2.3988705
1750613454044,249239392,1.9915575,3.2089107,2.3988705
1750613454061,249256059,0.5921823,3.4273682,2.9671116
1750613454061,249256059,0.5921823,3.4273682,2.9671116
1750613454077,249272726,-1.2678006,3.954069,3.4562674
1750613454077,249272726,-1.2678006,3.954069,3.4562674
1750613454094,249289393,-3.615123,3.9605768,3.5556345
1750613454094,249289393,-3.615123,3.9605768,3.5556345
1750613454111,249306060,-5.390283,4.2069306,3.1836119
1750613454111,249306060,-5.390283,4.2069306,3.1836119
1750613454127,249322727,-6.541507,5.9115853,2.5983238
1750613454127,249322727,-6.541507,5.9115853,2.5983238
1750613454144,249339394,-8.207467,6.136613,1.2480516
1750613454144,249339394,-8.207467,6.136613,1.2480516
1750613454161,249356061,-8.202933,7.446535,-0.42276
1750613454161,249356061,-8.202933,7.446535,-0.42276
1750613454177,249372728,-8.407627,8.766064,-2.8021913
1750613454177,249372728,-8.407627,8.766064,-2.8021913
1750613454194,249389395,-8.332574,9.696952,-4.6632304
1750613454194,249389395,-8.332574,9.696952,-4.6632304
1750613454211,249406062,-8.147047,9.75462,-6.0516443
1750613454211,249406062,-8.147047,9.75462,-6.0516443
1750613454227,249422729,-7.559881,10.26852,-5.9417534
1750613454227,249422729,-7.559881,10.26852,-5.9417534
1750613454244,249439396,-7.902163,8.892566,-4.5744157
1750613454244,249439396,-7.902163,8.892566,-4.5744157
1750613454261,249456063,-5.669172,-6.362864,3.8524694
1750613454261,249456063,-5.669172,-6.362864,3.8524694
1750613454277,249472730,8.304166,-6.0127273,13.349808
1750613454277,249472730,8.304166,-6.0127273,13.349808
1750613454294,249489397,-2.8813233,5.211689,-4.0803165
1750613454294,249489397,-2.8813233,5.211689,-4.0803165
1750613454311,249506064,-8.270498,7.3161244,0.7449293
1750613454311,249506064,-8.270498,7.3161244,0.7449293
1750613454327,249522731,1.9904307,0.9119582,2.2754745
1750613454327,249522731,1.9904307,0.9119582,2.2754745
1750613454344,249539398,-3.7281885,1.0788206,-3.159689
1750613454344,249539398,-3.7281885,1.0788206,-3.159689
1750613454361,249556065,-4.548003,1.3281478,0.77700615
1750613454361,249556065,-4.548003,1.3281478,0.77700615
1750613454377,249572732,-0.34325758,0.652421,0.096461296
1750613454377,249572732,-0.34325758,0.652421,0.096461296
1750613454394,249589399,0.21277572,1.1025863,-0.12780476
1750613454394,249589399,0.21277572,1.1025863,-0.12780476
1750613454411,249606066,-0.68998986,1.558641,0.14883423
1750613454411,249606066,-0.68998986,1.558641,0.14883423
1750613454427,249622733,-0.7626728,0.77794534,0.21998501
1750613454427,249622733,-0.7626728,0.77794534,0.21998501
1750613454444,249639400,-0.5867393,0.6685625,-0.105778694
1750613454444,249639400,-0.5867393,0.6685625,-0.105778694
1750613454461,249656067,-0.8037269,0.8521665,0.11946964
1750613454461,249656067,-0.8037269,0.8521665,0.11946964
1750613454477,249672734,-0.28493342,1.0116551,0.4075737
1750613454477,249672734,-0.28493342,1.0116551,0.4075737
1750613454494,249689401,-0.44247073,0.9444531,0.6056719
1750613454494,249689401,-0.44247073,0.9444531,0.6056719
1750613454511,249706068,-1.6100693,0.37282407,0.3263054
1750613454511,249706068,-1.6100693,0.37282407,0.3263054
1750613454527,249722735,-1.5549713,0.46364275,0.3639803
1750613454527,249722735,-1.5549713,0.46364275,0.3639803
1750613454544,249739402,-0.93439835,0.58289933,0.48205185
1750613454544,249739402,-0.93439835,0.58289933,0.48205185
1750613454561,249756069,-0.9198567,0.40643418,0.26615715
1750613454561,249756069,-0.9198567,0.40643418,0.26615715
1750613454577,249772736,-0.9084494,0.43013984,0.052051544
1750613454577,249772736,-0.9084494,0.43013984,0.052051544
1750613454594,249789403,-0.2739091,0.56505764,0.070944786
1750613454594,249789403,-0.2739091,0.56505764,0.070944786
1750613454611,249806070,-0.14401063,0.5177161,-0.050019264
1750613454611,249806070,-0.14401063,0.5177161,-0.050019264
1750613454627,249822737,-0.6033681,0.1841017,-0.14527988
1750613454627,249822737,-0.6033681,0.1841017,-0.14527988
1750613454644,249839404,0.09394495,0.26458046,0.033371925
1750613454644,249839404,0.09394495,0.26458046,0.033371925
1750613454661,249856071,0.1709331,0.31788895,-0.06027794
1750613454661,249856071,0.1709331,0.31788895,-0.06027794
1750613454677,249872738,0.056753404,0.13216679,-0.15405369
1750613454677,249872738,0.056753404,0.13216679,-0.15405369
1750613454694,249889405,0.7159398,0.09530917,-0.3004141
1750613454694,249889405,0.7159398,0.09530917,-0.3004141
1750613454711,249906072,1.5543115,0.1873356,-0.20449257
1750613454711,249906072,1.5543115,0.1873356,-0.20449257
1750613454727,249922739,1.2251196,0.18369256,-0.08740711
1750613454727,249922739,1.2251196,0.18369256,-0.08740711
1750613454744,249939406,0.58635396,0.09903815,-0.04197216
1750613454744,249939406,0.58635396,0.09903815,-0.04197216
1750613454761,249956073,0.18121223,0.4091408,-0.013094902
1750613454761,249956073,0.18121223,0.4091408,-0.013094902
1750613454777,249972740,-0.21344471,0.47775972,-0.19819546
1750613454777,249972740,-0.21344471,0.47775972,-0.19819546
1750613454794,249989407,-0.07570976,0.476652,0.07558727
1750613454794,249989407,-0.07570976,0.476652,0.07558727
1750613454811,250006074,0.11872114,0.32725024,0.10239029
1750613454811,250006074,0.11872114,0.32725024,0.10239029
1750613454827,250022741,-0.19052245,0.41373545,0.40747356
1750613454827,250022741,-0.19052245,0.41373545,0.40747356
1750613454844,250039408,-0.90925336,-0.12097393,0.6022968
1750613454844,250039408,-0.90925336,-0.12097393,0.6022968
1750613454861,250056075,-0.17398606,-0.1316279,1.1083918
1750613454861,250056075,-0.17398606,-0.1316279,1.1083918
1750613454877,250072742,-0.19342878,-0.52159697,0.9906292
1750613454877,250072742,-0.19342878,-0.52159697,0.9906292
1750613454894,250089409,0.6282245,-0.39211124,1.1431103
1750613454894,250089409,0.6282245,-0.39211124,1.1431103
1750613454911,250106076,0.4223389,-0.77073526,1.0489836
1750613454911,250106076,0.4223389,-0.77073526,1.0489836
1750613454927,250122743,0.91668475,-0.92073613,1.9390602
1750613454927,250122743,0.91668475,-0.92073613,1.9390602
1750613454944,250139410,1.728669,-1.3037013,3.4083166
1750613454944,250139410,1.728669,-1.3037013,3.4083166
1750613454961,250156077,0.9191094,-3.030729,3.0816183
1750613454961,250156077,0.9191094,-3.030729,3.0816183
1750613454977,250172744,0.4001633,-3.9895864,3.3436718
1750613454977,250172744,0.4001633,-3.9895864,3.3436718
1750613454994,250189411,1.3738501,-5.661922,3.024187
1750613454994,250189411,1.3738501,-5.661922,3.024187
1750613455011,250206078,3.528712,-7.0839972,3.4112263
1750613455011,250206078,3.528712,-7.0839972,3.4112263
1750613455027,250222745,2.6988049,-8.916552,2.380519
1750613455027,250222745,2.6988049,-8.916552,2.380519
1750613455044,250239412,3.3827407,-9.257692,1.7164364
1750613455044,250239412,3.3827407,-9.257692,1.7164364
1750613455061,250256079,4.420525,-6.802641,0.5734644
1750613455061,250256079,4.420525,-6.802641,0.5734644
1750613455077,250272746,6.7608166,-1.5430782,-0.23680496
1750613455077,250272746,6.7608166,-1.5430782,-0.23680496
1750613455094,250289413,7.9533877,0.36620927,0.32079506
1750613455094,250289413,7.9533877,0.36620927,0.32079506
1750613455111,250306080,6.405055,-1.079905,0.39403343
1750613455111,250306080,6.405055,-1.079905,0.39403343
1750613455127,250322747,5.3981876,1.9894966,0.07275677
1750613455127,250322747,5.3981876,1.9894966,0.07275677
1750613455144,250339414,4.478153,-2.819725,-1.3731728
1750613455144,250339414,4.478153,-2.819725,-1.3731728
1750613455161,250356081,3.9864917,-4.8416734,-5.2531543
1750613455161,250356081,3.9864917,-4.8416734,-5.2531543
1750613455177,250372748,2.885381,-4.629806,-6.406441
1750613455177,250372748,2.885381,-4.629806,-6.406441
1750613455194,250389415,2.8682237,-1.5816313,-4.579594
1750613455194,250389415,2.8682237,-1.5816313,-4.579594
1750613455211,250406082,3.7991736,-1.0139806,-4.7781153
1750613455211,250406082,3.7991736,-1.0139806,-4.7781153
1750613455227,250422749,4.036584,-1.0155342,-5.350619
1750613455227,250422749,4.036584,-1.0155342,-5.350619
1750613455244,250439416,3.4034715,-0.9788218,-4.887204
1750613455244,250439416,3.4034715,-0.9788218,-4.887204
1750613455261,250456083,3.847899,0.6017007,-3.793799
1750613455261,250456083,3.847899,0.6017007,-3.793799
1750613455277,250472750,4.072534,0.53727037,-3.0234556
1750613455277,250472750,4.072534,0.53727037,-3.0234556
1750613455294,250489417,2.985354,0.5730277,-1.6369991
1750613455294,250489417,2.985354,0.5730277,-1.6369991
1750613455311,250506084,1.0170496,0.2314508,-0.4538927
1750613455311,250506084,1.0170496,0.2314508,-0.4538927
1750613455327,250522751,1.2070113,0.7109947,0.35274982
1750613455327,250522751,1.2070113,0.7109947,0.35274982
1750613455344,250539418,1.4466572,1.3427125,0.9685259
1750613455344,250539418,1.4466572,1.3427125,0.9685259
1750613455361,250556085,1.5037202,1.68418,1.5873556
1750613455361,250556085,1.5037202,1.68418,1.5873556
1750613455377,250572752,1.6428591,2.6573615,2.183751
1750613455377,250572752,1.6428591,2.6573615,2.183751
1750613455394,250589419,0.6672654,2.8372257,2.87325
1750613455394,250589419,0.6672654,2.8372257,2.87325
1750613455411,250606086,-0.66814893,2.8318608,3.5868053
1750613455411,250606086,-0.66814893,2.8318608,3.5868053
1750613455427,250622753,-1.7063211,2.9707294,4.532748
1750613455427,250622753,-1.7063211,2.9707294,4.532748
1750613455444,250639420,-3.810829,2.532995,4.530137
1750613455444,250639420,-3.810829,2.532995,4.530137
1750613455461,250656087,-7.101366,1.7890301,3.7700205
1750613455461,250656087,-7.101366,1.7890301,3.7700205
1750613455477,250672754,-6.711829,3.652054,2.732644
1750613455477,250672754,-6.711829,3.652054,2.732644
1750613455494,250689421,-7.2270045,4.1040564,1.4812346
1750613455494,250689421,-7.2270045,4.1040564,1.4812346
1750613455511,250706088,-7.760479,5.2546544,-0.14159966
1750613455511,250706088,-7.760479,5.2546544,-0.14159966
1750613455527,250722755,-9.022582,5.515201,-2.6385717
1750613455527,250722755,-9.022582,5.515201,-2.6385717
1750613455544,250739422,-10.03599,6.808294,-5.632562
1750613455544,250739422,-10.03599,6.808294,-5.632562
1750613455561,250756089,-8.799287,8.159534,-6.572996
1750613455561,250756089,-8.799287,8.159534,-6.572996
1750613455577,250772756,-7.3106713,9.26481,-5.790616
1750613455577,250772756,-7.3106713,9.26481,-5.790616
1750613455594,250789423,-7.2764745,8.481889,-4.413705
1750613455594,250789423,-7.2764745,8.481889,-4.413705
1750613455611,250806090,-6.183544,2.1909907,-1.2203035
1750613455611,250806090,-6.183544,2.1909907,-1.2203035
1750613455627,250822757,6.755178,-7.2300816,16.781122
1750613455627,250822757,6.755178,-7.2300816,16.781122
