timestamp_ms,timestamp_μs,freeAcceleration_m/s²_x,freeAcceleration_m/s²_y,freeAcceleration_m/s²_z
1749911984942,515055101,0.042924434,0.008173422,-0.31216908
1749911984959,515071768,0.035279956,0.028880555,-0.26704597
1749911984975,515088435,0.049786337,0.016115395,-0.22740746
1749911984992,515105102,0.062323123,-0.0041676224,-0.20544338
1749911985009,515121769,0.03775307,-0.0070600477,-0.2575655
1749911985025,515138436,0.037841637,-0.0040677125,-0.31159782
1749911985042,515155103,0.020027654,-0.008311665,-0.3240633
1749911985059,515171770,-0.032140326,-0.03486914,-0.2879219
1749911985075,515188437,-0.065858595,-0.022841068,-0.30983734
1749911985092,515205104,-0.08891714,-0.053528614,-0.2887497
1749911985109,515221771,-0.0814574,-0.028433977,-0.26202297
1749911985125,515238438,-0.05627151,-0.029177828,-0.21916485
1749911985142,515255105,-0.05974753,-0.032639094,-0.20437145
1749911985159,515271772,-0.035524257,-0.059883814,-0.22620201
1749911985175,515288439,-0.029840544,-0.07346681,-0.24056625
1749911985192,515305106,-0.030715318,-0.05656677,-0.27931213
1749911985209,515321773,-0.0046852226,-0.056641366,-0.31420898
1749911985225,515338440,-0.013393735,-0.06823052,-0.28301525
1749911985242,515355107,-0.021028547,-0.10043761,-0.23244286
1749911985259,515371774,-0.023464167,-0.09667595,-0.22647762
1749911985275,515388441,0.01771871,-0.105103835,-0.23085403
1749911985292,515405108,0.05240099,-0.107006714,-0.26282597
1749911985309,515421775,0.034494977,-0.12101718,-0.2869358
1749911985325,515438442,0.05062194,-0.14261098,-0.25792694
1749911985342,515455109,0.031019073,-0.15179436,-0.24036312
1749911985359,515471776,0.0351544,-0.157832,-0.24115181
1749911985375,515488443,0.012424583,-0.14871055,-0.24406528
1749911985392,515505110,0.00032392616,-0.13404703,-0.2364502
1749911985409,515521777,0.048839983,-0.11889755,-0.24503708
1749911985425,515538444,0.087365456,-0.13210985,-0.14971066
1749911985442,515555111,0.0884766,-0.13426323,-0.18155384
1749911985459,515571778,0.08402684,-0.12128523,-0.030025482
1749911985475,515588445,0.15096506,-0.11655743,0.15759373
1749911985492,515605112,0.21982181,-0.015655741,0.11488247
1749911985509,515621779,0.20497501,-0.048606023,-0.10181332
1749911985525,515638446,0.06409882,0.036692724,-0.29119778
1749911985542,515655113,-0.0030291593,0.11373345,-0.33251762
1749911985559,515671780,0.08675622,0.05637846,-0.021996498
1749911985575,515688447,0.09855167,0.020892873,0.013051033
1749911985592,515705114,0.07360835,-0.002816431,0.16803455
1749911985609,515721781,0.10495286,0.10721363,-0.18370628
1749911985625,515738448,0.13062315,0.03393815,-0.12314606
1749911985642,515755115,0.14032082,0.061088942,-0.09145546
1749911985659,515771782,0.094837554,0.03674754,0.10984993
1749911985675,515788449,0.14327823,-0.036737036,0.90469074
1749911985692,515805116,0.35134763,-0.05984129,1.2881126
1749911985709,515821783,0.48052686,-0.05746574,1.3877916
1749911985725,515838450,0.53591746,-0.021804582,1.2863045
1749911985742,515855117,0.5127608,0.07603883,1.3461952
1749911985759,515871784,0.29145306,0.14965561,1.9270487
1749911985775,515888451,0.10730577,0.21200204,3.0719013
1749911985792,515905118,-0.34838974,0.3418853,2.8644056
1749911985809,515921785,-0.6690488,0.2901087,1.9416046
1749911985825,515938452,-0.74406034,0.16003014,1.1304283
1749911985842,515955119,-0.7590996,0.044474497,0.687109
1749911985859,515971786,-0.7080428,0.30255267,0.012694359
1749911985875,515988453,-0.9336948,0.36050856,-0.3788519
1749911985892,516005120,-1.4873946,0.7251887,-1.3455687
1749911985909,516021787,-1.4920754,1.1088136,-1.5824099
1749911985925,516038454,-0.5359491,0.5712894,-0.31984234
1749911985942,516055121,-0.21051127,0.21687646,0.20277882
1749911985959,516071788,-0.15183553,0.1828721,0.6321888
1749911985975,516088455,-0.48984474,0.03583941,0.57375526
1749911985992,516105122,-1.2663089,0.39275742,-0.2653103
1749911986009,516121789,-1.4246074,0.5585848,-0.614131
1749911986025,516138456,-0.93533933,0.27928486,-0.5007086
1749911986042,516155123,-0.5790864,-0.20470214,-0.87781715
1749911986059,516171790,-0.2886179,-0.5951315,-1.4828262
1749911986075,516188457,0.30200735,-1.0178874,-1.0616579
1749911986092,516205124,0.38436472,-1.2266365,-0.47335148
1749911986109,516221791,-0.20273876,-1.3124269,-0.0069122314
1749911986125,516238458,-0.62178165,-1.3068253,0.58224106
1749911986142,516255125,-0.9476462,-1.2582875,0.49832535
1749911986159,516271792,-1.1113394,-0.92866796,0.22267628
1749911986175,516288459,-1.328416,-0.8452243,0.049053192
1749911986192,516305126,-2.078458,-1.2122135,-0.11491871
1749911986209,516321793,-3.2859066,-1.727009,-1.4457169
1749911986225,516338460,-3.1024992,-1.6055001,-2.1772628
1749911986242,516355127,-2.3342705,-1.1756903,-1.4748316
1749911986259,516371794,-1.585204,-1.5283924,-0.61511517
1749911986275,516388461,-0.45054165,-1.752825,-0.7962704
1749911986292,516405128,1.5626754,-1.1614447,0.09805298
1749911986309,516421795,1.1508117,-1.213242,0.24838352
1749911986325,516438462,-0.75742507,-1.1666701,-1.2361126
1749911986342,516455129,-0.88776296,-1.0942721,-2.2550611
1749911986359,516471796,-0.25021303,-1.0328153,-1.9363441
1749911986375,516488463,1.5572289,-0.73331654,0.08463955
1749911986392,516505130,2.8243535,-0.6477306,0.6997051
1749911986409,516521797,2.2170622,-0.8663536,-0.19354248
1749911986425,516538464,0.99998635,-0.88036513,-1.2471781
1749911986442,516555131,0.17038515,-0.6806618,-1.9497132
1749911986459,516571798,0.043688178,-0.75595134,-1.8878903
1749911986475,516588465,0.5403395,-0.8985611,-1.6165085
1749911986492,516605132,1.1616423,-0.28555295,-0.9517956
1749911986509,516621799,0.7504383,0.23399535,-0.734108
1749911986525,516638466,0.76932603,0.52741957,-0.998847
1749911986542,516655133,0.42827955,0.71850866,-1.6392889
1749911986559,516671800,0.34468827,1.0875857,-1.2823725
1749911986575,516688467,0.9424538,1.1287051,-0.64491177
1749911986592,516705134,1.3875366,1.1234871,-0.22080898
1749911986609,516721801,1.2388487,1.167623,-0.25794506
1749911986625,516738468,1.1747662,1.1472203,-0.0024309158
1749911986642,516755135,1.3323562,0.9307111,-0.07766533
1749911986659,516771802,1.2496344,0.53857976,-0.4543543
1749911986675,516788469,1.0537722,0.40575314,-0.621788
1749911986692,516805136,0.90829986,0.8415343,-0.17489529
1749911986709,516821803,0.46968117,0.57041186,-0.9892559
1749911986725,516838470,0.37060013,0.34704754,-1.1281977
1749911986742,516855137,0.14480533,0.53487843,-1.0206785
1749911986759,516871804,-0.13919158,0.39624652,-1.3507233
1749911986775,516888471,0.31940785,0.10006136,-1.3432693
1749911986792,516905138,0.54934835,0.31314513,-0.92654514
1749911986809,516921805,0.61234814,0.63585174,0.1731329
1749911986825,516938472,0.67659587,0.2418584,-0.31692123
1749911986842,516955139,0.81025505,-0.09665935,-0.4424162
1749911986859,516971806,0.51760954,-0.2751529,-0.999835
1749911986875,516988473,0.057923384,-0.390703,-1.3056889
1749911986892,517005140,0.11671869,0.31759477,-0.40950394
1749911986909,517021807,-0.74803865,1.9985545,1.1739397
1749911986925,517038474,0.8319103,1.9415077,1.7831907
1749911986942,517055141,0.8470303,0.3983235,0.9182701
1749911986959,517071808,-0.8066889,0.25010195,-0.56083965
1749911986975,517088475,-0.5440169,0.22305375,-0.555748
1749911986992,517105142,1.3135456,-0.0673934,0.5948353
1749911987009,517121809,2.404687,0.012830258,1.4431524
1749911987025,517138476,1.2367519,-0.048905138,0.70047
1749911987042,517155143,0.97073555,0.43030939,0.8316231
1749911987059,517171810,-0.26035863,0.101470694,0.10010052
1749911987075,517188477,-0.73881906,-0.37024137,-1.1738997
1749911987092,517205144,-0.18104571,0.9268747,0.8618431
1749911987109,517221811,0.40664607,1.0641239,1.3852739
1749911987125,517238478,1.142125,0.23896821,1.0880442
1749911987142,517255145,2.8439155,-0.17355205,0.925828
1749911987159,517271812,1.926231,-0.048076127,-2.257224
1749911987175,517288479,-0.63003623,0.886873,-4.206792
1749911987192,517305146,-0.72232735,2.3287525,0.352746
1749911987209,517321813,-0.03477124,2.3798726,2.110632
1749911987225,517338480,1.330639,2.1735704,1.8817387
1749911987242,517355147,1.2613531,1.5687286,1.892209
1749911987259,517371814,0.95518374,1.6634111,2.5871096
1749911987275,517388481,1.0170507,1.5623051,2.603364
1749911987292,517405148,0.2279526,1.2087326,1.6486483
1749911987309,517421815,0.2453106,1.5475805,1.5930357
1749911987325,517438482,0.1209822,1.6089807,1.3053093
1749911987342,517455149,1.0801042,2.3040788,2.0304613
1749911987359,517471816,0.74786186,2.998021,1.736742
1749911987375,517488483,0.7821467,2.8996766,1.4823017
1749911987392,517505150,0.06139387,1.628061,-0.053359985
1749911987409,517521817,-0.91469014,-0.6849904,-2.8351884
1749911987425,517538484,-0.61739194,-1.2005111,-3.1323123
1749911987442,517555151,-0.48076853,-0.8238461,-2.7224693
1749911987459,517571818,-0.37641615,0.23000184,-1.5233965
1749911987475,517588485,-0.26627323,0.49949306,-1.221839
1749911987492,517605152,-0.13982636,-0.35038245,-1.8789229
1749911987509,517621819,0.07484845,-0.9459806,-2.3550272
1749911987525,517638486,-0.32069528,-0.2481388,-1.7210512
1749911987542,517655153,-0.9899378,0.25761878,-1.1970205
1749911987559,517671820,-1.4805298,-1.0397532,-2.1487656
1749911987575,517688487,0.50453734,-2.4166167,-2.8817158
1749911987592,517705154,2.19878,-2.3239632,-2.0475216
1749911987609,517721821,2.0180197,-0.78797585,-0.4335451
1749911987625,517738488,0.44386768,-0.1566841,0.33183384
1749911987642,517755155,-1.0142016,-0.008475765,0.19680405
1749911987659,517771822,-1.2111611,-0.22513634,0.16417408
1749911987675,517788489,-0.7413386,-1.4087352,-1.102747
1749911987692,517805156,0.13213103,-1.5957175,-1.2453041
1749911987709,517821823,0.27936816,-0.9648426,0.10170269
1749911987725,517838490,-0.24348138,-0.6620924,0.5414171
1749911987742,517855157,-0.6606572,-0.731283,0.23663235
1749911987759,517871824,-0.9440725,-1.03088,-0.21450615
1749911987775,517888491,-0.65048283,-1.2044103,-0.22179985
1749911987792,517905158,-0.027592897,-1.0201721,-0.12592506
1749911987809,517921825,-0.25712606,-0.98291856,-0.62951374
1749911987825,517938492,-0.48650366,-0.6731611,-0.18217373
1749911987842,517955159,-0.9617149,-0.9729701,-0.7508888
1749911987859,517971826,-0.27804184,-0.7045801,-0.3541422
1749911987875,517988493,-0.17480423,-0.36543158,-0.11557865
1749911987892,518005160,-0.4804105,-0.3915525,-0.16091156
1749911987909,518021827,-0.29474655,-0.33650556,-0.16075897
1749911987925,518038494,-0.42291278,-0.29607773,-0.45711803
1749911987942,518055161,-0.36026534,-0.13090287,-0.48378563
1749911987959,518071828,-0.33413914,0.15829293,-0.45947933
1749911987975,518088495,-0.35860163,0.2571022,-0.32444382
1749911987992,518105162,-0.38231108,0.38935202,-0.21269417
1749911988009,518121829,-0.18616405,0.38219604,-0.3149805
1749911988025,518138496,-0.13975818,0.3719589,-0.079813
1749911988042,518155163,-0.07369871,0.34542507,-0.35424805
1749911988059,518171830,0.053614277,0.3611772,-0.23465729
1749911988075,518188497,-0.020474235,0.33678284,-0.30017662
1749911988092,518205164,-0.13041791,0.4064736,-0.6504488
1749911988109,518221831,0.096256636,0.42774272,0.011530876
1749911988125,518238498,-0.048669722,0.32926923,0.17748928
1749911988142,518255165,0.109283976,0.36711332,0.049984932
1749911988159,518271832,0.4469281,0.3672334,0.25851917
1749911988175,518288499,0.44159076,0.15745214,0.15389633
1749911988192,518305166,0.20673741,0.21586668,0.04359913
1749911988209,518321833,-0.0017210498,0.15508407,-0.02892971
1749911988225,518338500,0.11528731,0.13744773,-0.0018758774
1749911988242,518355167,0.31509492,0.11812721,0.3209238
1749911988259,518371834,0.1981287,-3.397397E-05,-0.06539631
1749911988275,518388501,0.2381431,0.17026278,0.052253723
1749911988292,518405168,-0.095627785,0.12626113,-0.059082985
1749911988309,518421835,-0.22120184,0.16495982,-0.33280373
1749911988325,518438502,0.06804137,0.28519818,0.0036029816
1749911988342,518455169,0.046439175,0.1570914,0.094963074
1749911988359,518471836,-0.055344936,0.12420749,-0.2765684
1749911988375,518488503,-0.0024448964,0.21532115,-0.35194016
1749911988392,518505170,0.044304963,0.14375442,-0.4406109
1749911988409,518521837,0.07916974,0.27164635,-0.29416466
1749911988425,518538504,0.10921234,0.18865997,-0.08494663
1749911988442,518555171,0.11213243,0.12498353,-0.06221676
1749911988459,518571838,0.13093859,0.25433758,-0.16438866
1749911988475,518588505,-0.2455434,0.19835897,-0.2022686
1749911988492,518605172,-0.29370233,0.19837563,-0.3569603
1749911988509,518621839,-0.12628157,0.18630274,-0.36330128
1749911988525,518638506,0.09922198,0.076117285,-0.26946354
1749911988542,518655173,0.1372905,0.041267365,-0.33338737
1749911988559,518671840,0.0031552205,0.06185643,-0.51259136
1749911988575,518688507,-0.11035019,0.11313891,-0.6340027
1749911988592,518705174,-0.022388287,0.14990471,-0.51648045
1749911988609,518721841,-0.04689615,0.10808902,-0.32509613
1749911988625,518738508,-0.11609045,0.09731682,-0.48564816
1749911988642,518755175,-0.045454487,0.25073516,-0.44430542
1749911988659,518771842,-0.14457002,0.16441931,-0.43402386
1749911988675,518788509,-0.024409402,0.19545777,-0.39930725
1749911988692,518805176,-0.00053011684,0.15937664,-0.464983
1749911988709,518821843,0.09023218,0.065345295,-0.46350098
1749911988725,518838510,-0.06626539,0.13768885,-0.79081154
1749911988742,518855177,-0.13339432,0.13944308,-0.72702026
1749911988759,518871844,-0.07215529,-0.016562365,-0.428977
1749911988775,518888511,0.03571726,0.0348469,-0.35621452
1749911988792,518905178,0.02909742,0.08009514,-0.26041985
1749911988809,518921845,-0.27168888,0.10565692,-0.36906052
1749911988825,518938512,-0.28506765,0.12034631,-0.3747692
1749911988842,518955179,-0.08140258,0.026674706,-0.22866726
1749911988859,518971846,-0.0117118,-0.0050046784,-0.20086288
1749911988875,518988513,0.04021015,0.02806099,-0.1291666
1749911988892,519005180,-0.016193513,0.046617985,-0.117673874
1749911988909,519021847,-0.16879526,0.09356526,-0.20565128
1749911988925,519038514,-0.12391485,0.123035274,-0.24160194
1749911988942,519055181,-0.002370299,0.22620495,-0.35481644
1749911988959,519071848,0.06981131,0.25035524,-0.28227043
1749911988975,519088515,0.037525926,0.17718682,-0.3756199
1749911988992,519105182,-0.014239564,0.16087915,-0.36913013
1749911989009,519121849,-0.0440211,0.23964478,-0.42948723
1749911989025,519138516,-0.073554814,0.23818831,-0.44955254
1749911989042,519155183,0.07747428,0.19655551,-0.52543926
1749911989059,519171850,0.116956845,0.12656957,-0.40395355
1749911989075,519188517,0.06959294,0.035128582,-0.26413345
1749911989092,519205184,-0.3377424,0.06880796,-0.56615543
1749911989109,519221851,-0.42902985,0.14732404,-0.67896366
1749911989125,519238518,-0.17160481,0.18087088,-0.48935318
1749911989142,519255185,-0.04137856,-0.009263997,-0.15740776
1749911989159,519271852,-0.08614569,0.02855054,-0.29850388
1749911989175,519288519,-0.012671564,0.17823163,-0.3846693
1749911989192,519305186,-0.2786629,0.21319868,-0.56669044
1749911989209,519321853,-0.14630443,0.21888076,-0.50860786
1749911989225,519338520,-0.15641218,0.2152247,-0.40510082
1749911989242,519355187,-0.07233941,0.110483624,-0.28472042
1749911989259,519371854,-0.06344605,0.10193962,-0.18854904
1749911989275,519388521,-0.18542093,0.12983896,-0.32876205
1749911989292,519405188,-0.15335721,0.14223778,-0.37696266
1749911989309,519421855,-0.12115995,0.16840784,-0.39427185
1749911989325,519438522,-0.09154951,0.12934472,-0.36852455
1749911989342,519455189,-0.0596755,0.07058271,-0.20647526
1749911989359,519471856,-0.20622383,-0.041927118,-0.28814697
1749911989375,519488523,-0.16824016,0.037407856,-0.3358431
1749911989392,519505190,-0.14673877,0.016786885,-0.4025898
1749911989409,519521857,-0.20295171,0.03185702,-0.26388168
1749911989425,519538524,-0.14349274,0.09146094,-0.2656517
1749911989442,519555191,-0.25291687,0.1269666,-0.37524605
1749911989459,519571858,-0.2547783,0.16225436,-0.39728165
1749911989475,519588525,-0.14733717,0.13336655,-0.3127842
1749911989492,519605192,-0.06104502,0.14929286,-0.24833679
1749911989509,519621859,-0.08987484,0.12425672,-0.23861217
1749911989525,519638526,-0.3312321,0.25621104,-0.1842556
1749911989542,519655193,-0.20301475,0.11510046,-0.20147705
1749911989559,519671860,-0.22257338,0.3638705,-0.009043694
1749911989575,519688527,-0.11712286,0.09415042,-0.26809216
1749911989592,519705194,0.09727658,0.118642576,-0.2328682
1749911989609,519721861,0.105011195,0.010537686,-0.17087078
1749911989625,519738528,0.12860751,0.04075731,-0.16313171
1749911989642,519755195,-0.048328307,0.16417524,-0.26449203
1749911989659,519771862,-0.10489725,0.09379112,-0.20787716
1749911989675,519788529,-0.12493413,0.058375046,-0.3569231
1749911989692,519805196,-0.009113853,0.008416828,-0.31379318
1749911989709,519821863,-0.03464339,0.03624313,-0.34183884
1749911989725,519838530,-0.050147086,0.0091687245,-0.2868824
1749911989742,519855197,-0.2353587,0.07096425,-0.43226433
1749911989759,519871864,-0.20311628,0.11019462,-0.442132
1749911989775,519888531,-0.15296517,0.15056738,-0.3258772
1749911989792,519905198,-0.16757059,0.05345212,-0.32597637
1749911989809,519921865,-0.15322238,0.0029009187,-0.31893635
1749911989825,519938532,-0.012346073,0.03786399,-0.38649082
1749911989842,519955199,-0.091054626,0.045382407,-0.44463158
1749911989859,519971866,-0.21828675,0.07995388,-0.43399715
1749911989875,519988533,-0.23954163,0.04893157,-0.4677229
1749911989892,520005200,-0.29077315,0.12162812,-0.5019331
1749911989909,520021867,-0.16071528,0.06949817,-0.399827
1749911989925,520038534,-0.031385772,0.0765336,-0.29928875
1749911989942,520055201,-0.10317721,0.0836792,-0.43577862
1749911989959,520071868,-0.029912235,0.1180903,-0.44752312
1749911989975,520088535,0.082909055,0.14386277,-0.45403957
1749911989992,520105202,0.032423098,0.11463415,-0.37085342
1749911990009,520121869,-0.11023824,0.06328769,-0.3800726
1749911990025,520138536,-0.17142229,0.109287724,-0.44904995
1749911990042,520155203,-0.27434906,0.18025671,-0.53270245
1749911990059,520171870,-0.2078877,0.15353586,-0.49483204
1749911990075,520188537,-0.1284726,0.13842931,-0.43146324
1749911990092,520205204,-0.19059964,0.081935324,-0.42496395
1749911990109,520221871,-0.04671133,0.060071565,-0.2779541
1749911990125,520238538,-0.12883234,0.08083349,-0.43145084
1749911990142,520255205,-0.2563354,0.14083004,-0.4438038
1749911990159,520271872,-0.15520033,0.082125336,-0.31996346
1749911990175,520288539,-0.16875823,0.035456643,-0.25446033
1749911990192,520305206,-0.07024302,0.06038096,-0.29933167
1749911990209,520321873,0.0024572455,0.09270611,-0.2767229
1749911990225,520338540,0.057587497,0.024693292,-0.28636456
1749911990242,520355207,-0.026126849,0.04223283,-0.4537363
1749911990259,520371874,-0.113299444,0.09264193,-0.5084419
1749911990275,520388541,-0.26293972,0.03852584,-0.4570036
1749911990292,520405208,-0.29168385,0.023955503,-0.44210434
1749911990309,520421875,-0.311046,0.021581825,-0.3379097
1749911990325,520438542,-0.24811995,0.03806317,-0.22462082
1749911990342,520455209,-0.388341,0.116501465,-0.4635563
1749911990359,520471876,-0.11930127,0.08076976,-0.2397747
1749911990375,520488543,-0.2591944,0.06478942,-0.3975563
1749911990392,520505210,-0.19509806,0.18323226,-0.49098969
1749911990409,520521877,-0.13607974,0.25870988,-0.51472473
1749911990425,520538544,0.05104318,0.12184141,-0.39901447
1749911990442,520555211,0.02289066,0.06728243,-0.43176937
1749911990459,520571878,-0.075703084,0.049827266,-0.5072136
1749911990475,520588545,-0.16350135,0.129112,-0.53318024
1749911990492,520605212,-0.169482,0.15048254,-0.4922104
1749911990509,520621879,-0.25441846,0.12836844,-0.4918909
1749911990525,520638546,-0.22141528,0.16702732,-0.5071764
1749911990542,520655213,-0.117739275,0.111742675,-0.46638107
1749911990559,520671880,-0.122446865,0.07012283,-0.4442196
1749911990575,520688547,-0.12970722,0.031326655,-0.4102106
1749911990592,520705214,-0.10403145,-0.004547902,-0.35024738
1749911990609,520721881,-0.22093554,0.025213854,-0.3716755
1749911990625,520738548,-0.22753336,0.036788613,-0.35573006
1749911990642,520755215,-0.24727562,0.07928748,-0.41875362
1749911990659,520771882,-0.09841468,0.12627621,-0.4328766
1749911990675,520788549,-0.040487584,0.11314617,-0.4267826
1749911990692,520805216,-0.12351573,0.09850987,-0.47803974
1749911990709,520821883,-0.13620906,0.09987151,-0.42250252
1749911990725,520838550,-0.2107168,0.052282892,-0.42836666
1749911990742,520855217,-0.2197505,0.020201575,-0.3845377
1749911990759,520871884,-0.24271931,0.01713481,-0.37816143
1749911990775,520888551,-0.2625922,0.036208037,-0.36071396
1749911990792,520905218,-0.11645702,0.039766084,-0.35943604
1749911990809,520921885,-0.08016694,0.0056793527,-0.32648563
1749911990825,520938552,-0.108273864,0.018654475,-0.3055544
1749911990842,520955219,-0.0908291,0.019155983,-0.3462639
1749911990859,520971886,-0.061514482,0.038246337,-0.30064964
1749911990875,520988553,-0.13794413,0.025941137,-0.20392895
1749911990892,521005220,-0.24477519,0.02941886,-0.3298235
1749911990909,521021887,-0.18403679,0.05860965,-0.33213234
1749911990925,521038554,-0.14615834,-0.01281478,-0.31541443
1749911990942,521055221,-0.07602746,0.010877482,-0.3751278
1749911990959,521071888,0.023292089,0.018172218,-0.37401772
1749911990975,521088555,-0.053069633,0.0128158135,-0.44558716
1749911990992,521105222,-0.14761809,0.043736514,-0.3970852
1749911991009,521121889,-0.27741233,0.060361378,-0.41769028
1749911991025,521138556,-0.2539654,0.06694012,-0.3401146
1749911991042,521155223,-0.2791749,0.03417027,-0.3895359
1749911991059,521171890,-0.19458175,0.06773155,-0.38393784
1749911991075,521188557,-0.23350121,0.08110274,-0.4395733
1749911991092,521205224,-0.074780956,0.05521513,-0.481287
1749911991109,521221891,-0.045362666,0.07708311,-0.4194975
1749911991125,521238558,-0.07777086,0.026524227,-0.39043427
1749911991142,521255225,-0.2173211,0.036731392,-0.45232773
1749911991159,521271892,-0.28344047,0.05219793,-0.49037838
1749911991175,521288559,-0.20528491,0.04646801,-0.45929623
1749911991192,521305226,-0.14574283,-0.016043313,-0.35659695
1749911991209,521321893,-0.16293652,0.03742104,-0.3662529
1749911991225,521338560,-0.23285279,0.085816234,-0.4653206
1749911991242,521355227,-0.17041302,0.07271483,-0.4439335
1749911991259,521371894,-0.026416438,0.033723496,-0.3760767
1749911991275,521388561,-0.038348928,0.0074747764,-0.4073391
1749911991292,521405228,-0.06852516,0.009084712,-0.30599213
1749911991309,521421895,-0.22007251,-0.02047362,-0.2729311
1749911991325,521438562,-0.25134757,-0.018314904,-0.29553413
1749911991342,521455229,-0.1599348,0.0020939251,-0.32113647
1749911991359,521471896,-0.00030769352,-0.048742868,-0.28292465
1749911991375,521488563,-0.020291485,0.010509859,-0.33161068
1749911991392,521505230,-0.10151593,-0.021358004,-0.31665897
1749911991409,521521897,-0.25903475,0.02041665,-0.42060947
1749911991425,521538564,-0.17370814,0.052226625,-0.43690872
1749911991442,521555231,-0.19266823,0.03314183,-0.41006184
1749911991459,521571898,-0.16604991,-0.031668767,-0.3387146
1749911991475,521588565,-0.18313166,-0.010651706,-0.37429047
1749911991492,521605232,-0.13913625,0.0035472903,-0.35973263
1749911991509,521621899,-0.103244394,-0.0047940174,-0.39751625
1749911991525,521638566,-0.04451819,0.0008190353,-0.29862022
1749911991542,521655233,-0.1050536,-0.021441877,-0.32601547
1749911991559,521671900,-0.11711963,0.058707327,-0.3520851
1749911991575,521688567,-0.13148525,0.046295594,-0.3659029
1749911991592,521705234,-0.15499723,0.0317836,-0.33158493
1749911991609,521721901,-0.15384763,0.030250635,-0.31397533
1749911991625,521738568,-0.09194443,-0.0103093395,-0.35119534
1749911991642,521755235,-0.19171026,-0.024639593,-0.35760784
1749911991659,521771902,-0.22420882,-0.009657604,-0.43259716
1749911991675,521788569,-0.14817373,-0.0036528164,-0.44911957
1749911991692,521805236,-0.09503341,-0.0924762,-0.353302
1749911991709,521821903,-0.096071705,-0.054535862,-0.4074316
1749911991725,521838570,-0.012734874,-0.005252722,-0.37860012
1749911991742,521855237,-0.123043284,-0.054864496,-0.37015438
1749911991759,521871904,-0.04916595,-0.025158841,-0.30080414
1749911991775,521888571,-0.03737078,-0.057227656,-0.28558922
1749911991792,521905238,0.010948782,-0.05094264,-0.33933353
1749911991809,521921905,-0.07385628,-0.03751841,-0.44003773
1749911991825,521938572,-0.08968003,-0.011769955,-0.4999485
1749911991842,521955239,-0.22328539,0.01923167,-0.47367382
1749911991859,521971906,-0.24183172,-0.004575534,-0.3997326
1749911991875,521988573,-0.26332313,0.07044125,-0.34077072
1749911991892,522005240,-0.1962821,0.06429423,-0.36755657
1749911991909,522021907,-0.05778201,0.10602175,-0.37523842
1749911991925,522038574,-0.051177677,0.020925144,-0.42408943
1749911991942,522055241,-0.23682782,0.0547412,-0.44715023
1749911991959,522071908,-0.20208381,0.009459292,-0.4113865
1749911991975,522088575,-0.2437881,-0.06878245,-0.36195278
1749911991992,522105242,-0.26822332,-0.067327924,-0.43378448
1749911992009,522121909,-0.25173342,0.06591724,-0.52322197
1749911992025,522138576,-0.11626126,0.0011342723,-0.468915
1749911992042,522155243,-0.05167265,-0.028358262,-0.44764805
1749911992059,522171910,-0.11172634,-0.017803282,-0.38715553
1749911992075,522188577,-0.16524135,-0.040397216,-0.34003544
1749911992092,522205244,-0.11485364,-0.045143932,-0.28832626
1749911992109,522221911,-0.045134753,-0.06849567,-0.36186695
1749911992125,522238578,0.061444633,-0.07414517,-0.32546806
1749911992142,522255245,-0.058859162,-0.097339295,-0.31820393
1749911992159,522271912,-0.14654493,-0.060270995,-0.33117676
1749911992175,522288579,-0.1335588,-0.033536386,-0.31878662
1749911992192,522305246,-0.049498286,-0.03839838,-0.23911095
1749911992209,522321913,-0.10349265,-0.0071170437,-0.23758984
1749911992225,522338580,-0.19878836,0.0234949,-0.26636314
1749911992242,522355247,-0.18741305,-0.0062693707,-0.32655716
1749911992259,522371914,-0.051586483,0.049078025,-0.3317709
1749911992275,522388581,-0.05241686,-0.040326837,-0.29124737
1749911992292,522405248,-0.062266156,-0.03032906,-0.3939247
1749911992309,522421915,-0.07786691,0.01608592,-0.3446741
1749911992325,522438582,-0.19953,-0.036548097,-0.36081696
1749911992342,522455249,-0.18178824,0.0132241445,-0.27939606
1749911992359,522471916,-0.22515565,-0.033638924,-0.34842587
1749911992375,522488583,-0.097830094,-0.026762255,-0.3465147
1749911992392,522505250,-0.13276878,-0.054806467,-0.40668583
1749911992409,522521917,-0.021833444,-0.0834502,-0.4344015
1749911992425,522538584,-0.023277506,-0.0055563226,-0.47261524
1749911992442,522555251,-0.028773187,-0.06426671,-0.4393959
1749911992459,522571918,-0.13438217,-0.0596137,-0.40441322
1749911992475,522588585,-0.23716643,0.021143781,-0.38390636
1749911992492,522605252,-0.3740567,0.018026222,-0.44567776
1749911992509,522621919,-0.20157562,0.009612873,-0.4167452
1749911992525,522638586,-0.037042774,-0.07388465,-0.40528393
1749911992542,522655253,0.085925505,-0.049302824,-0.36078835
1749911992559,522671920,-0.042021498,-0.049318902,-0.4196949
1749911992575,522688587,-0.14461474,-0.0024016048,-0.47585964
1749911992592,522705254,-0.12271247,0.05254805,-0.4786749
1749911992609,522721921,-0.045194123,-0.013828691,-0.31996155
1749911992625,522738588,-0.22595659,-0.019856667,-0.35136604
1749911992642,522755255,-0.16505855,-0.012354637,-0.40664196
1749911992659,522771922,-0.11510522,-0.033312175,-0.3525219
1749911992675,522788589,-0.016352013,-0.08276009,-0.2670231
1749911992692,522805256,-0.049936816,-0.052007582,-0.3053198
1749911992709,522821923,-0.047944006,-0.07020759,-0.36194897
1749911992725,522838590,-0.10046727,-0.05219029,-0.33921814
1749911992742,522855257,-0.07027616,-0.08935597,-0.32247353
1749911992759,522871924,-0.046136204,-0.07110176,-0.2581854
1749911992775,522888591,-0.08072912,-0.1440536,-0.21837139
1749911992792,522905258,-0.13392028,-0.0953258,-0.25482178
1749911992809,522921925,-0.11078819,-0.07053589,-0.38260365
1749911992825,522938592,-0.039549485,-0.053616457,-0.4461031
1749911992842,522955259,0.031392634,-0.054572575,-0.39440155
1749911992859,522971926,0.014726053,-0.12019219,-0.37283993
1749911992875,522988593,-0.109551296,-0.12077771,-0.336895
1749911992892,523005260,-0.23375,-0.079554915,-0.38871765
1749911992909,523021927,-0.2840882,-0.102773614,-0.32207203
1749911992925,523038594,-0.3743163,-0.1050716,-0.4500723
1749911992942,523055261,-0.2858448,-0.010638239,-0.45446396
1749911992959,523071928,-0.19573358,0.00069871545,-0.45521736
1749911992975,523088595,0.00013043378,0.00069083663,-0.41894436
1749911992992,523105262,-0.13253132,-0.0029800702,-0.38576984
1749911993009,523121929,-0.1810375,0.047000494,-0.42226887
1749911993025,523138596,-0.13596736,0.07620526,-0.37154388
1749911993042,523155263,-0.18331957,0.009215662,-0.3050251
1749911993059,523171930,-0.2331453,0.08461114,-0.38133812
1749911993075,523188597,-0.12136353,0.068727665,-0.43073463
1749911993092,523205264,-0.09922371,0.033101346,-0.38766956
1749911993109,523221931,0.051793784,0.016799422,-0.4193287
1749911993125,523238598,-0.050854877,0.022694793,-0.3674097
1749911993142,523255265,-0.13451575,-0.06560062,-0.30552578
1749911993159,523271932,-0.28307933,-0.017660255,-0.44674683
1749911993175,523288599,-0.13408974,0.008827427,-0.47909355
1749911993192,523305266,-0.06556688,-0.04199148,-0.4150257
1749911993209,523321933,-0.0014118545,-0.115889356,-0.35093307
1749911993225,523338600,-0.10956671,-0.05988133,-0.36619473
1749911993242,523355267,-0.20112078,-0.037056632,-0.4464159
1749911993259,523371934,-0.20315786,-0.0051396387,-0.41465187
1749911993276,523388601,-0.11283036,-0.063276365,-0.3717289
1749911993292,523405268,-0.13682847,-0.104526855,-0.36072445
1749911993309,523421935,-0.08834352,-0.091548465,-0.38058853
1749911993326,523438602,-0.031269986,-0.07558073,-0.3636551
1749911993342,523455269,-0.051975794,-0.09442701,-0.34658813
1749911993359,523471936,-0.114376396,-0.057123248,-0.41147137
1749911993376,523488603,-0.15005322,-0.0146428365,-0.40986156
1749911993392,523505270,-0.088460095,-0.044077367,-0.30009937
1749911993409,523521937,-0.16892293,-0.07630643,-0.32741547
1749911993426,523538604,-0.13588394,-0.07219097,-0.29387856
1749911993442,523555271,-0.11417437,-0.05616979,-0.33570766
1749911993459,523571938,-0.10500131,-0.081915624,-0.33216858
1749911993476,523588605,-0.10919511,-0.064568534,-0.35096836
1749911993492,523605272,-0.14989763,-0.048968565,-0.37142658
1749911993509,523621939,-0.20295593,-0.050235562,-0.403821
1749911993526,523638606,-0.17239739,-0.041332483,-0.40980244
1749911993542,523655273,-0.11634211,-0.07660158,-0.38087845
1749911993559,523671940,-0.12233684,-0.024542544,-0.41521835
1749911993576,523688607,-0.12174079,-0.019543065,-0.43498802
1749911993592,523705274,-0.11891863,-0.037797708,-0.42197704
1749911993609,523721941,-0.04989798,-0.026766255,-0.3945608
1749911993626,523738608,-0.03517779,-0.008047647,-0.43701267
1749911993642,523755275,-0.035736505,-0.035616085,-0.3565712
1749911993659,523771942,-0.15308645,-0.032883212,-0.37119675
1749911993676,523788609,-0.10410944,-0.033024423,-0.32752705
1749911993692,523805276,-0.09662109,-0.03326425,-0.3621893
1749911993709,523821943,-0.0576128,-0.035916094,-0.39907074
1749911993726,523838610,-0.047061604,-0.037754174,-0.38418007
1749911993742,523855277,-0.1722674,-0.051157154,-0.35825253
1749911993759,523871944,-0.22598365,-0.046035413,-0.4278307
1749911993776,523888611,-0.119990796,-0.00068228727,-0.41955757
1749911993792,523905278,-0.058138996,-0.07578697,-0.32500362
1749911993809,523921945,-0.1654824,-0.06986183,-0.34016132
1749911993826,523938612,-0.15047616,-0.030135462,-0.43232918
1749911993842,523955279,-0.10339911,-0.049453776,-0.3898573
1749911993859,523971946,-0.11200111,-0.04445149,-0.37216187
1749911993876,523988613,-0.10979811,0.0112315435,-0.3879099
1749911993892,524005280,-0.11102185,-0.019132072,-0.31990147
1749911993909,524021947,-0.20296778,-0.07713146,-0.3022108
1749911993926,524038614,-0.18007426,-0.070624135,-0.33386517
1749911993942,524055281,-0.06578795,-0.042720653,-0.41723728
1749911993959,524071948,-0.13933267,-0.029956264,-0.48255348
1749911993976,524088615,-0.009056738,-0.02561446,-0.48514938
1749911993992,524105282,-0.012067067,-0.05927165,-0.42210674
1749911994009,524121949,-0.102700606,-0.11860669,-0.33046532
1749911994026,524138616,-0.262053,-0.06451243,-0.3808403
1749911994042,524155283,-0.26154768,0.05026444,-0.432127
1749911994059,524171950,-0.22756827,0.005891969,-0.42458534
1749911994076,524188617,-0.13763157,0.040844005,-0.45144367
1749911994092,524205284,-0.116726816,-0.023887072,-0.41066265
1749911994109,524221951,-0.06960012,-0.037866104,-0.3968134
1749911994126,524238618,-0.032336634,-0.024286035,-0.40731525
1749911994142,524255285,-0.046896856,-0.047117632,-0.3782482
1749911994159,524271952,-0.18450679,-0.007666917,-0.44573689
1749911994176,524288619,-0.07469326,-0.025775384,-0.41792202
1749911994192,524305286,-0.024779199,-0.096781515,-0.34773445
1749911994209,524321953,-0.06853328,-0.077709794,-0.37667274
1749911994226,524338620,0.004711688,-0.044265416,-0.38570023
1749911994242,524355287,-0.054798346,-0.1030154,-0.31806087
1749911994259,524371954,-0.120336555,-0.06661357,-0.37024784
1749911994276,524388621,-0.12664428,-0.018556437,-0.37834263
1749911994292,524405288,-0.10884076,-0.095137745,-0.3212843
1749911994309,524421955,-0.108758844,-0.06069868,-0.32611752
1749911994326,524438622,-0.11337017,-0.031338412,-0.4212389
1749911994342,524455289,-0.061093535,-0.017161164,-0.4425335
1749911994359,524471956,-0.12933989,-0.031370107,-0.45228767
1749911994376,524488623,-0.16978872,-0.028227422,-0.39947987
1749911994392,524505290,-0.16340157,-0.07510583,-0.35365963
1749911994409,524521957,-0.14656463,-0.07577674,-0.37844276
1749911994426,524538624,-0.17137197,-0.034476824,-0.5078497
1749911994442,524555291,-0.065491326,-0.033015624,-0.4904909
1749911994459,524571958,-0.062973075,-0.097401954,-0.4618988
1749911994476,524588625,-0.100463405,-0.035548303,-0.44129086
1749911994492,524605292,-0.09176692,-0.0061603733,-0.43718815
1749911994509,524621959,-0.08730333,-0.053837266,-0.346879
1749911994526,524638626,-0.09070348,-0.05005014,-0.28695965
1749911994542,524655293,-0.09436979,-0.03712056,-0.36514282
1749911994559,524671960,-0.23945495,0.047443263,-0.450675
1749911994576,524688627,-0.17613494,-0.044743605,-0.4576378
1749911994592,524705294,-0.040809207,-0.05711544,-0.39745235
1749911994609,524721961,0.04356248,-0.16135988,-0.39061165
1749911994626,524738628,0.015630687,-0.069804035,-0.37717628
1749911994642,524755295,-0.095154434,-0.051475752,-0.35917377
1749911994659,524771962,-0.2532951,-0.034617234,-0.36462593
1749911994676,524788629,-0.20555782,-0.0704159,-0.3279419
1749911994692,524805296,-0.22820486,-0.08520542,-0.299551
1749911994709,524821963,-0.13076416,-0.047575377,-0.37362862
1749911994726,524838630,-0.294964,0.022888118,-0.50493526
1749911994742,524855297,-0.19565217,0.025565866,-0.5187168
1749911994759,524871964,-0.015492877,0.18941599,-0.30835056
1749911994776,524888631,-0.06803334,-0.036450345,-0.68130684
1749911994792,524905298,0.06691877,0.02991737,-0.5374222
1749911994809,524921965,-0.085888244,-0.061174728,-0.51172256
1749911994826,524938632,-0.23595844,0.04500903,-0.46259785
1749911994842,524955299,-0.34338692,0.012074784,-0.3735571
1749911994859,524971966,-0.22077265,-0.011771366,-0.28412724
1749911994876,524988633,-0.08377161,-0.043775447,-0.22259903
1749911994892,525005300,-0.25955436,-0.033939995,-0.3678074
1749911994909,525021967,-0.16748509,0.080808066,-0.6133375
1749911994926,525038634,0.010761813,0.1604796,-0.6187906
1749911994942,525055301,0.085118584,-0.028845422,-0.4231205
1749911994959,525071968,-0.07419375,0.009968636,-0.47489834
1749911994976,525088635,-0.2066,0.17485684,-0.65804577
1749911994992,525105302,-0.35830575,0.19730265,-0.7731161
1749911995009,525121969,-0.3554853,0.26493576,-0.7128763
1749911995026,525138636,-0.42651162,0.31150785,-0.8195305
1749911995042,525155303,-0.74007785,0.54890954,-0.89517975
1749911995059,525171970,-0.7825701,0.5368962,-0.96476746
1749911995076,525188637,-0.7437036,0.4340484,-0.902071
1749911995092,525205304,-0.21527717,0.18348405,-0.75581455
1749911995109,525221971,0.067554295,0.12903784,-0.5153761
1749911995126,525238638,-0.19346346,0.0056275357,-0.84374905
1749911995142,525255305,-0.016874656,0.08521887,-1.0903435
1749911995159,525271972,0.1038094,0.1515103,-1.057517
1749911995176,525288639,0.08786733,-0.010706242,-0.8616209
1749911995192,525305306,0.26677403,-0.10157639,-0.67219925
1749911995209,525321973,0.37237644,-0.24124245,-0.21856403
1749911995226,525338640,0.1949452,-0.43152952,-0.017677307
1749911995242,525355307,0.25857437,-0.33694533,0.07340336
1749911995259,525371974,0.28274545,-0.36878914,-0.09725189
1749911995276,525388641,0.32749146,-0.45286262,-0.086031914
1749911995292,525405308,0.13381095,-0.54674345,-0.16729832
1749911995309,525421975,0.052008335,-0.5817243,-0.25526047
1749911995326,525438642,0.44636056,-0.72144973,-0.045523643
1749911995342,525455309,0.021837384,-0.60511816,0.0856514
1749911995359,525471976,-0.39008218,-0.49827498,-0.15104485
1749911995376,525488643,-0.1520533,-0.4384392,-0.42182446
1749911995392,525505310,-0.08638893,-0.34521595,-0.5282545
1749911995409,525521977,0.24894728,-0.34086686,-0.09156418
1749911995426,525538644,-0.08856321,-0.33017427,-0.04232025
1749911995442,525555311,-0.016397804,-0.37685603,0.011194229
1749911995459,525571978,0.15934026,-0.21619922,-0.012468338
1749911995476,525588645,0.18562147,-0.16169536,-0.26715088
1749911995492,525605312,0.30580887,-0.20016691,-0.29342747
1749911995509,525621979,0.07429761,-0.15274523,-0.6032858
1749911995526,525638646,-0.013959502,-0.071013756,-0.33343506
1749911995542,525655313,0.14104204,-0.19178635,0.05171585
1749911995559,525671980,-0.12448509,-0.06655344,0.014605522
1749911995576,525688647,-0.62994635,-0.038580514,-0.28218937
1749911995592,525705314,-0.20532201,-0.06897839,-0.51213646
1749911995609,525721981,0.3681456,-0.27485836,-0.29155922
1749911995626,525738648,0.5228081,-0.4076133,-0.15988636
1749911995642,525755315,0.40974104,-0.60075796,-0.18110466
1749911995659,525771982,0.3044062,-0.34150365,-0.7593651
1749911995676,525788649,-0.37640586,-0.42637193,-1.0904188
1749911995692,525805316,-0.6215308,-0.41957533,-1.3094826
1749911995709,525821983,-0.41383937,-0.47913936,-0.5075283
1749911995726,525838650,-0.4897531,-0.45331985,-0.58382225
1749911995742,525855317,0.07602905,-0.56406987,-0.78675747
1749911995759,525871984,0.74687344,-0.6641136,-0.37617016
1749911995776,525888651,0.45109072,-0.84783965,-0.83202076
1749911995792,525905318,-0.1581495,-0.5907632,-0.60305595
1749911995809,525921985,-0.8290433,-0.20278224,-0.40230656
1749911995826,525938652,-0.7906759,-0.7529683,-0.6540613
1749911995842,525955319,0.02833876,-0.6580679,-1.0514164
1749911995859,525971986,-0.04509642,-1.0198312,-1.3613024
1749911995876,525988653,0.6369641,-0.9640154,-0.39422035
1749911995892,526005320,0.8359221,-0.8295814,-0.08191395
1749911995909,526021987,-0.022893092,-0.61874723,-0.5867996
1749911995926,526038654,-0.37254557,-0.40401676,-0.0867815
1749911995942,526055321,-0.16477062,-0.27856055,0.067378044
1749911995959,526071988,-0.11876808,-0.28895232,-0.05077648
1749911995976,526088655,0.19760266,-0.56867623,-0.49107552
1749911995992,526105322,0.35634133,-0.24038918,-0.019210815
1749911996009,526121989,0.072236255,0.0012596073,0.006623268
1749911996026,526138656,0.24677283,0.18650737,0.17196178
1749911996042,526155323,0.20720321,0.41119316,0.38492584
1749911996059,526171990,0.14892913,0.4405752,0.6911974
1749911996076,526188657,0.18804324,0.3918696,0.109770775
1749911996092,526205324,0.2663081,0.2776341,-0.017702103
1749911996109,526221991,0.56855124,0.47174135,0.77520275
1749911996126,526238658,0.2426146,0.28629544,0.21616268
1749911996142,526255325,0.15351003,0.4373121,0.54752827
1749911996159,526271992,-0.0654998,0.17344466,0.31633186
1749911996176,526288659,0.093782015,-0.20176682,-0.09151459
1749911996192,526305326,0.4870325,-0.2687426,0.042025566
1749911996209,526321993,0.59795994,-0.32100874,0.40857887
1749911996226,526338660,0.4518073,-0.25563774,0.21449089
1749911996242,526355327,0.24038483,-0.2465554,0.1579237
1749911996259,526371994,0.27115184,-0.2268913,0.2750454
1749911996276,526388661,0.20072916,-0.34007636,-0.079055786
1749911996292,526405328,0.24493198,-0.12222281,0.12674809
1749911996309,526421995,0.13456754,-0.0708982,0.12282562
1749911996326,526438662,0.30354154,-0.005030159,0.30380058
1749911996342,526455329,0.25024644,-0.007780765,0.4321518
1749911996359,526471996,0.27273318,-0.25798166,-0.3356638
1749911996376,526488663,0.3865053,-0.23481232,-0.41559696
1749911996392,526505330,0.3554779,-0.25306097,-0.028289795
1749911996409,526521997,0.2717949,0.8633267,4.1806526
1749911996426,526538664,0.11427458,-0.03687729,-2.407539
1749911996442,526555331,0.19234452,-0.44884822,0.17329407
1749911996459,526571998,-0.2244744,0.19997403,-0.23433399
1749911996476,526588665,0.33857095,0.11720421,0.6545105
1749911996492,526605332,-0.17468365,0.109360136,-0.338089
1749911996509,526621999,-0.4311831,0.2492535,-0.18602753
1749911996526,526638666,-0.071788564,-0.21883371,-0.7444124
1749911996542,526655333,0.32718384,-0.13967778,-0.48809052
1749911996559,526672000,-0.15162918,0.027440015,-0.49196625
1749911996576,526688667,-0.41672906,0.3638911,-0.42101574
1749911996592,526705334,-0.5327073,0.34942418,-0.7995577
1749911996609,526722001,0.006868777,0.36158094,-0.892746
1749911996626,526738668,0.2517137,0.24579099,-1.1566162
1749911996642,526755335,0.5748049,0.38935393,-0.47111893
1749911996659,526772002,1.2428442,0.15526472,-0.014543533
1749911996676,526788669,1.7193334,-0.11983619,2.4981546
1749911996692,526805336,-0.05887041,-0.39453244,-0.42529106
1749911996709,526822003,0.23720111,-0.3509087,0.32038593
1749911996726,526838670,-0.3806533,-0.18763901,-0.13012695
1749911996742,526855337,0.85042167,-0.44006008,0.101314545
1749911996759,526872004,0.56824684,-0.1079624,-0.25863838
1749911996776,526888671,0.28195992,-0.5952991,-1.7018776
1749911996792,526905338,0.7640034,0.18078198,-0.75994205
1749911996809,526922005,-0.19538675,0.5031518,-0.7727432
1749911996826,526938672,-0.027685655,1.0829474,0.34561062
1749911996842,526955339,0.41444644,0.92777634,0.27499485
1749911996859,526972006,0.60415316,0.90933585,0.14881039
1749911996876,526988673,1.2453507,0.3727305,-2.2067518
1749911996892,527005340,0.89436406,0.28939432,-3.0342207
1749911996909,527022007,1.4519253,0.95565814,-0.6709709
1749911996926,527038674,2.0424557,1.3638339,0.9999571
1749911996942,527055341,2.943156,1.1232765,0.9882946
1749911996959,527072008,3.2257645,0.92527735,0.96237755
1749911996976,527088675,2.1746998,0.5344684,0.112957
1749911996992,527105342,1.261462,0.32153305,0.20096207
1749911997009,527122009,1.7849525,0.02186334,0.060759544
1749911997026,527138676,2.3123589,-0.44712383,-0.73623943
1749911997042,527155343,1.9121073,-1.2808969,-1.4030514
1749911997059,527172010,1.8805907,-1.971496,-0.957324
1749911997076,527188677,1.4221178,-2.5450037,-1.4173508
1749911997092,527205344,0.90497303,-2.896973,-1.5197964
1749911997109,527222011,0.06986836,-2.8652139,-1.563796
1749911997126,527238678,-0.58534086,-3.1180613,-1.713933
1749911997142,527255345,-0.96277064,-3.2883599,-1.3891411
1749911997159,527272012,-1.1396792,-2.9991236,-0.7707968
1749911997176,527288679,-1.0080973,-2.9103286,-0.43249702
1749911997192,527305346,-2.0600634,-2.0578828,0.39189625
1749911997209,527322013,-5.2773857,-1.9428835,-0.89709854
1749911997226,527338680,-4.9500856,-2.3350031,-0.8600054
1749911997242,527355347,-2.5652251,-1.9647593,0.25095463
1749911997259,527372014,-2.1578574,-1.3840215,0.43799686
1749911997276,527388681,-2.5253766,-0.11618325,0.7784672
1749911997292,527405348,-1.7325622,0.5834381,1.2278128
1749911997309,527422015,-0.5738591,0.57749873,0.98571205
1749911997326,527438682,0.2091138,0.50318694,1.0789757
1749911997342,527455349,-0.4084135,0.45340118,0.92185116
1749911997359,527472016,-0.5022727,0.66000926,1.1554003
1749911997376,527488683,-0.32296953,0.7667455,1.2551746
1749911997392,527505350,-0.6800204,0.5898963,0.14735794
1749911997409,527522017,-0.39878902,0.3217062,0.09675789
1749911997426,527538684,-0.05227834,0.1295212,-0.10452366
1749911997442,527555351,0.38715708,0.026388317,-0.041024208
1749911997459,527572018,0.08315822,0.24995957,0.24652386
1749911997476,527588685,-0.29142815,0.42550698,-0.087533
1749911997492,527605352,-0.44847652,0.21423288,-0.29166222
1749911997509,527622019,-0.52337784,0.2558733,-0.39263535
1749911997526,527638686,-0.32736602,0.113381065,-0.54264355
1749911997542,527655353,-0.17223406,0.2699408,-0.665534
1749911997559,527672020,0.04041226,0.6025232,-0.24775505
1749911997576,527688687,0.05559259,0.5952089,-0.077168465
1749911997592,527705354,0.25612617,0.6247232,0.055584908
1749911997609,527722021,-0.2764225,0.82325643,-0.19058514
1749911997626,527738688,-0.32058442,0.42412946,-0.6079197
1749911997642,527755355,0.15863809,0.28468704,-0.31469345
1749911997659,527772022,0.601742,0.6565844,0.86024094
1749911997676,527788689,0.40260428,0.5405558,0.36884212
1749911997692,527805356,0.09104107,0.30852726,-0.18542671
1749911997709,527822023,0.008713429,0.4023887,0.24654865
1749911997726,527838690,-0.29278252,0.10765488,-0.035259247
1749911997742,527855357,-0.018033473,0.0028596248,0.5515175
1749911997759,527872024,-0.17419215,-0.32839805,0.72667503
1749911997776,527888691,0.2560048,0.18664508,0.2292366
1749911997792,527905358,0.2270163,0.41590908,-0.043785095
1749911997809,527922025,0.49213865,0.34979823,-0.57347393
1749911997826,527938692,0.2590571,0.22424228,-0.7290039
1749911997842,527955359,0.7310731,0.21190028,0.5787983
1749911997859,527972026,1.0332329,0.5602667,1.2945051
1749911997876,527988693,0.7434378,0.7214473,1.288908
1749911997892,528005360,0.7172991,0.5786971,1.4031658
1749911997909,528022027,0.56524926,0.26990652,0.87434196
1749911997926,528038694,0.5539865,0.19159973,0.7060375
1749911997942,528055361,0.44566962,0.24701352,0.26570415
1749911997959,528072028,0.41575086,0.3448354,0.14193916
1749911997976,528088695,0.38052076,0.5006989,0.36367416
1749911997992,528105362,0.08987322,0.67208046,0.4481182
1749911998009,528122029,0.107788675,0.6025489,0.5910902
1749911998026,528138696,0.33367512,0.4875877,0.7383318
1749911998042,528155363,0.0037816158,0.34135383,0.24349499
1749911998059,528172030,-0.22533749,0.3483438,-0.20705414
1749911998076,528188697,0.083130725,0.36191761,-0.29123116
1749911998092,528205364,0.38260457,0.19013439,-0.20381641
1749911998109,528222031,0.13456866,0.064604074,-0.33113575
1749911998126,528238698,-0.23605293,0.19085048,-0.47814274
1749911998142,528255365,-0.27760646,0.17628375,-0.25887585
1749911998159,528272032,-0.113786645,0.068540804,-0.026976585
1749911998176,528288699,-0.06277786,0.12657984,-0.069013596
1749911998192,528305366,-0.031278178,-0.09593101,-0.33839417
1749911998209,528322033,0.19488564,-0.31387845,-0.73797894
1749911998226,528338700,0.34300566,-0.33759043,-0.4952917
1749911998242,528355367,0.20575775,-0.24084583,-0.4271593
1749911998259,528372034,-0.13993298,-0.16541812,-0.49037743
1749911998276,528388701,-0.2762799,-0.2770803,-0.4169407
1749911998292,528405368,0.44782946,-0.40208122,-0.2747221
1749911998309,528422035,0.878532,-0.43399608,-0.06354141
1749911998326,528438702,0.52079725,-0.5584852,-0.35228157
1749911998342,528455369,0.22185226,-0.57831854,-0.46647835
1749911998359,528472036,0.17782132,-0.48014694,-0.29685593
1749911998376,528488703,0.006109503,-0.52507275,-0.27165222
1749911998392,528505370,0.06252529,-0.54451203,-0.18083572
1749911998409,528522037,0.33024934,-0.63714594,-0.47717857
1749911998426,528538704,0.41434026,-0.6129022,-0.53259754
1749911998442,528555371,0.42222044,-0.67358935,-0.57976913
1749911998459,528572038,0.25784945,-0.5710819,-0.55984974
1749911998476,528588705,-0.03948535,-0.63019055,-0.37370968
1749911998492,528605372,-0.02750975,-0.7639186,-0.52503014
1749911998509,528622039,0.36380577,-0.6920883,-0.35901737
1749911998526,528638706,0.3784642,-0.61352277,-0.15951061
1749911998542,528655373,0.13679664,-0.63603663,-0.28409576
1749911998559,528672040,0.005577766,-0.66816473,-0.43000984
1749911998576,528688707,0.19538228,-0.7709346,-0.52709675
1749911998592,528705374,0.3929141,-0.8145011,-0.54302883
1749911998609,528722041,0.2858342,-0.7050875,-0.4844141
1749911998626,528738708,-0.09815169,-0.59785855,-0.40050983
1749911998642,528755375,-0.42711225,-0.5909977,-0.36039925
1749911998659,528772042,-0.47281328,-0.46365115,-0.24836254
1749911998676,528788709,0.082622014,-0.596228,-0.35788536
1749911998692,528805376,0.69004977,-0.68027586,-0.5749731
1749911998709,528822043,0.8316441,-0.50908697,-0.5431614
1749911998726,528838710,-0.21601231,-0.6263668,-0.54865074
1749911998742,528855377,-0.8683923,-0.718185,-0.6062918
1749911998759,528872044,-0.67997247,-0.5095736,-0.49564457
1749911998776,528888711,-0.23736584,-0.33505568,-0.33017254
1749911998792,528905378,-0.179518,-0.42831185,-0.48945332
1749911998809,528922045,-0.18514293,-0.45016876,-0.6194401
1749911998826,528938712,-0.17447041,-0.46954265,-0.6576109
1749911998842,528955379,-0.17212598,-0.20774387,-0.42323875
1749911998859,528972046,-0.32402962,-0.28280908,-0.38485527
1749911998876,528988713,-0.24062534,-0.19405384,-0.34377956
1749911998892,529005380,-0.26905864,-0.06130185,-0.20168495
1749911998909,529022047,-0.23214972,-0.32666552,-0.34686947
1749911998926,529038714,0.25620618,-0.1720678,-0.3501997
1749911998942,529055381,0.32673615,-0.058565572,-0.4057293
1749911998959,529072048,-0.067736045,-0.3715909,-0.4673643
1749911998976,529088715,-0.3041303,-0.16222203,-0.21033001
1749911998992,529105382,-0.46474445,-0.2340238,-0.2332449
1749911999009,529122049,-0.29905632,-0.17768686,-0.12582302
1749911999026,529138716,0.04265141,-0.19845,-0.08800602
1749911999042,529155383,0.2592026,0.050543737,0.064496994
1749911999059,529172050,0.02517784,-0.13876309,-0.0066604614
1749911999076,529188717,0.015167366,-0.017332284,0.096588135
1749911999092,529205384,-0.05362724,-0.10159682,-0.013839722
1749911999109,529222051,0.10422409,-0.28423873,-0.1543951
1749911999126,529238718,0.26913843,-0.11764329,-0.07854271
1749911999142,529255385,0.06524611,-0.19417562,-0.09331226
1749911999159,529272052,-0.03435506,-0.19385374,-0.14136791
1749911999176,529288719,-0.029560259,-0.2693747,-0.23650646
1749911999192,529305386,-0.045182027,-0.26582587,-0.35056973
1749911999209,529322053,-0.021433327,-0.22152264,-0.442132
1749911999226,529338720,-0.13572958,-0.15953869,-0.28995037
1749911999242,529355387,-0.103861555,-0.29763514,-0.26400566
1749911999259,529372054,0.18965991,-0.13565013,-0.13048458
1749911999276,529388721,0.28206575,0.047701716,-0.064891815
1749911999292,529405388,-0.086724594,-0.29714635,-0.23439026
1749911999309,529422055,-0.21459746,-0.3144506,-0.31969357
1749911999326,529438722,-0.046864856,0.005162479,-0.1954174
1749911999342,529455389,-0.09047939,-0.052742213,-0.1763773
1749911999359,529472056,0.0970567,0.06928005,-0.23022652
1749911999376,529488723,0.3778654,0.115720674,-0.036380768
1749911999392,529505390,0.10076232,-0.14553376,-0.30007935
1749911999409,529522057,0.070302874,-0.29865953,-0.32544136
1749911999426,529538724,0.11222451,-0.20971812,-0.28638458
1749911999442,529555391,0.0059197405,-0.16557941,-0.33101463
1749911999459,529572058,-0.07423111,-0.22578874,-0.31614017
1749911999476,529588725,-0.08111911,-0.085842915,-0.17512989
1749911999492,529605392,0.04991871,-0.114294745,-0.21702194
1749911999509,529622059,0.14218263,-0.1351852,-0.33738613
1749911999526,529638726,0.01828336,-0.17856333,-0.37117863
1749911999542,529655393,-0.037144277,-0.27205947,-0.34773445
1749911999559,529672060,0.010429785,-0.15195537,-0.31644535
1749911999576,529688727,-0.061378222,-0.12977378,-0.20632172
1749911999592,529705394,-0.020464847,-0.1850927,-0.22940254
1749911999609,529722061,0.035609636,-0.16285965,-0.18423176
1749911999626,529738728,-0.014532141,-0.14801665,-0.19482899
1749911999642,529755395,-0.045703035,-0.17412117,-0.24584389
1749911999659,529772062,-0.10874375,-0.2171049,-0.273571
1749911999676,529788729,0.046969905,-0.14422962,-0.21527576
1749911999692,529805396,0.10222387,-0.1276168,-0.26349258
1749911999709,529822063,0.1616848,-0.22296004,-0.29956627
1749911999726,529838730,0.1480722,-0.15087393,-0.27533436
1749911999742,529855397,0.119604245,-0.085304335,-0.17876148
1749911999759,529872064,-0.12608768,-0.15000463,-0.17888546
1749911999776,529888731,-0.17060721,-0.14586271,-0.21159363
1749911999792,529905398,-0.07274117,-0.19355306,-0.2679577
1749911999809,529922065,0.0061658286,-0.2758383,-0.44369125
1749911999826,529938732,0.08035604,-0.24123786,-0.37870026
1749911999842,529955399,0.13039634,-0.18296754,-0.28672218
1749911999859,529972066,0.014547341,-0.24231319,-0.31503296
1749911999876,529988733,0.025178958,-0.10490748,-0.23659801
1749911999892,530005400,0.037033193,-0.09865867,-0.31893158
1749911999909,530022067,-0.024144316,-0.22659397,-0.32117844
1749911999926,530038734,0.041834474,-0.25318223,-0.4382229
1749911999942,530055401,0.1056814,-0.28720754,-0.41040325
1749911999959,530072068,0.010885975,-0.23489943,-0.30922508
1749911999976,530088735,-0.07080287,-0.19017924,-0.19329357
1749911999992,530105402,-0.03346101,-0.1458778,-0.13599586
1749912000009,530122069,-0.038242843,-0.196489,-0.22749615
1749912000026,530138736,0.05027544,-0.16217877,-0.1709404
1749912000042,530155403,0.023650577,-0.07532046,-0.14567184
1749912000059,530172070,-0.058367725,-0.10891323,-0.21782112
1749912000076,530188737,-0.03534388,-0.16734359,-0.22290993
1749912000092,530205404,-0.050604675,-0.20353581,-0.2691288
1749912000109,530222071,-0.046558864,-0.18945551,-0.13146877
1749912000126,530238738,-0.016982961,-0.2367524,-0.22381878
1749912000142,530255405,0.0044494723,-0.16187686,-0.19554996
1749912000159,530272072,-0.099981815,-0.09742885,-0.1039114
1749912000176,530288739,-0.023798095,-0.09326911,-0.11170387
1749912000192,530305406,0.03143151,-0.17991503,-0.21427536
1749912000209,530322073,0.06830668,-0.1839876,-0.24088764
1749912000226,530338740,-0.014229505,-0.26199517,-0.24331188
1749912000242,530355407,0.044562448,-0.24440476,-0.30888367
1749912000259,530372074,0.10358015,-0.2261156,-0.27888298
1749912000276,530388741,0.021901587,-0.25833455,-0.29484367
1749912000292,530405408,-0.05438361,-0.18955983,-0.2720127
1749912000309,530422075,-0.060476124,-0.16243452,-0.2096014
1749912000326,530438742,-0.066341996,-0.15648092,-0.22838116
1749912000342,530455409,-0.033529848,-0.16969433,-0.26954174
1749912000359,530472076,-0.03246347,-0.2301438,-0.37204552
1749912000376,530488743,0.026192142,-0.2698274,-0.31638145
1749912000392,530505410,0.08706858,-0.14791405,-0.2439022
1749912000409,530522077,-0.07841326,-0.15611397,-0.1587925
1749912000426,530538744,-0.06164152,-0.10939098,-0.13505936
1749912000442,530555411,-0.11612504,-0.24760541,-0.23379803
1749912000459,530572078,-0.012957046,-0.15701813,-0.2551384
1749912000476,530588745,0.092012234,-0.21020986,-0.29712486
1749912000492,530605412,0.102653466,-0.20588443,-0.3582592
1749912000509,530622079,-0.020285366,-0.20929681,-0.31778908
1749912000526,530638746,-0.0008377266,-0.12813456,-0.17797375
1749912000542,530655413,-0.07162964,-0.14773637,-0.26130104
1749912000559,530672080,-0.0384183,-0.08697582,-0.17219448
1749912000576,530688747,-0.012537512,-0.17091164,-0.24900246
1749912000592,530705414,0.0056177746,-0.28101507,-0.40125275
1749912000609,530722081,0.009906318,-0.3341042,-0.45522404
1749912000626,530738748,-0.049474593,-0.2242557,-0.33031845
1749912000642,530755415,-0.2336448,-0.28915238,-0.22828197
1749912000659,530772082,-0.033957206,-0.22463633,-0.25787067
1749912000676,530788749,0.117678456,-0.17264347,-0.2874155
1749912000692,530805416,0.021223227,-0.18943706,-0.26527405
1749912000709,530822083,-0.007368775,-0.20107874,-0.34082127
1749912000726,530838750,0.12961337,-0.15555267,-0.3777523
1749912000742,530855417,0.05581521,-0.19483864,-0.38374996
1749912000759,530872084,-0.16274962,-0.3017944,-0.3241558
1749912000776,530888751,-0.10795676,-0.116007805,-0.24445629
1749912000792,530905418,-0.16966511,-0.14230622,-0.4324913
1749912000809,530922085,-0.49890706,-0.36353084,-0.5871334
1749912000826,530938752,-0.47890377,-0.49066374,-0.5821686
1749912000842,530955419,-0.06420544,-0.3069196,-0.4539013
1749912000859,530972086,0.34119275,-0.087552875,-0.2895403
1749912000876,530988753,0.21429573,-0.08246181,-0.34574223
1749912000892,531005420,-0.020332973,-0.14182925,-0.10947609
1749912000909,531022087,-0.28768465,-0.19720006,-0.08501911
1749912000926,531038754,-0.3587488,-0.1360777,-0.09974575
1749912000942,531055421,-0.25380185,-0.17185794,-0.2407732
1749912000959,531072088,0.15174541,-0.060078494,-0.050756454
1749912000976,531088755,0.44039294,0.14443958,-0.023619652
1749912000992,531105422,0.3551641,0.06579347,0.007936478
1749912001009,531122089,0.27431968,0.06539726,0.07269955
1749912001026,531138756,0.013311985,-0.06101412,-0.010284424
1749912001042,531155423,-0.22463499,-0.20648557,-0.052856445
1749912001059,531172090,-0.10558171,-0.12677287,-0.06698799
1749912001076,531188757,-0.10144001,-0.18059428,-0.069122314
1749912001092,531205424,0.2560439,-0.06604076,0.011468887
1749912001109,531222091,0.34495223,0.04043246,0.04115486
1749912001126,531238758,0.29875413,0.0314231,0.071186066
1749912001142,531255425,0.18076476,0.010930343,0.11066246
1749912001159,531272092,-0.12353293,-0.07023895,0.020819664
1749912001176,531288759,-0.04539347,-0.17780909,-0.1031332
1749912001192,531305426,0.11025,-0.15439,-0.23766899
1749912001209,531322093,0.09359694,-0.249707,-0.28197098
1749912001226,531338760,-0.013976488,-0.27128595,-0.14812183
1749912001242,531355427,-0.11985927,-0.17114767,-0.10892582
1749912001259,531372094,-0.2695515,-0.08097036,-0.056301117
1749912001276,531388761,-0.39110902,0.0754977,-0.051660538
1749912001292,531405428,-0.35482928,0.044032946,-0.14535522
1749912001309,531422095,-0.048528016,-0.16224487,-0.429389
1749912001326,531438762,0.4360331,-0.04836854,-0.4108572
1749912001342,531455429,0.5186518,-0.0012061318,-0.27793312
1749912001359,531472096,-0.07973802,-0.21472052,-0.2945757
1749912001376,531488763,-0.4118539,-0.30863184,-0.2367096
1749912001392,531505430,-0.6417625,-0.36551782,-0.29741192
1749912001409,531522097,-0.43997565,-0.36113414,-0.36584377
1749912001426,531538764,0.027839433,-0.28261212,-0.41795254
1749912001442,531555431,0.20234293,-0.25244236,-0.41009235
1749912001459,531572098,0.14208607,-0.2798685,-0.24277782
1749912001476,531588765,0.071685076,-0.18518904,-0.22053337
1749912001492,531605432,0.018214965,-0.12713428,-0.21342087
1749912001509,531622099,-0.06694593,-0.15012382,-0.22994232
1749912001526,531638766,-0.08775655,-0.22938532,-0.36464405
1749912001542,531655433,0.028683865,-0.22849998,-0.34669018
1749912001559,531672100,0.0046665035,-0.20635034,-0.2924347
1749912001576,531688767,0.04451238,-0.0640283,-0.2206831
1749912001592,531705434,0.04354949,-0.06016522,-0.281909
1749912001609,531722101,-0.020064982,-0.24408196,-0.43430233
1749912001626,531738768,0.014708717,-0.2815691,-0.4747343
1749912001642,531755435,-0.054457143,-0.1918938,-0.3892393
1749912001659,531772102,-0.22371367,-0.19918469,-0.27400303
1749912001676,531788769,-0.24609692,-0.2314432,-0.31475067
1749912001692,531805436,-0.092354216,-0.21322209,-0.2930088
1749912001709,531822103,0.08332563,-0.10714004,-0.25365067
1749912001726,531838770,0.016630929,-0.14855722,-0.24445724
1749912001742,531855437,-0.12112815,-0.22115009,-0.16348076
1749912001759,531872104,-0.23798966,-0.27289087,-0.15507126
1749912001776,531888771,-0.16735533,-0.19394688,-0.21588421
1749912001792,531905438,-0.21098863,-0.21765457,-0.19652271
1749912001809,531922105,-0.17742302,-0.1867453,-0.14543629
1749912001826,531938772,-0.11119546,-0.2126082,-0.1911478
1749912001842,531955439,-0.017200664,-0.19095136,-0.13443756
1749912001859,531972106,-0.10376969,-0.14880174,-0.12353325
1749912001876,531988773,-0.22064617,-0.15954277,-0.17602158
1749912001892,532005440,-0.19756533,-0.19610077,-0.20915604
1749912001909,532022107,-0.059574697,-0.19357608,-0.27272797
1749912001926,532038774,-0.18458281,-0.33116317,-0.41257
1749912001942,532055441,-0.0705731,-0.20909749,-0.38936615
1749912001959,532072108,0.027686326,-0.07528754,-0.3027115
1749912001976,532088775,-0.063740976,-0.16541177,-0.27432728
1749912001992,532105442,0.0030657037,-0.10809276,-0.30151844
1749912002009,532122109,-0.015984306,-0.09408834,-0.2584715
1749912002026,532138776,-0.13221663,-0.15883647,-0.14865208
1749912002042,532155443,-0.09340651,-0.119515285,-0.25014305
1749912002059,532172110,-0.10060072,-0.25742412,-0.33508682
1749912002076,532188777,-0.021570118,-0.20882045,-0.27582932
1749912002092,532205444,0.010567245,-0.12173488,-0.29035378
1749912002109,532222111,-0.08216247,-0.11190511,-0.22207546
1749912002126,532238778,-0.14137776,-0.15614603,-0.2895136
1749912002142,532255445,-0.1547986,-0.10112017,-0.18517208
1749912002159,532272112,-0.15039003,-0.14422609,-0.19807816
1749912002176,532288779,-0.04072138,-0.18601161,-0.34321308
1749912002192,532305446,0.017065214,-0.15277423,-0.3779621
1749912002209,532322113,-0.031746887,-0.21329819,-0.33521938
1749912002226,532338780,-0.15193315,-0.24576099,-0.28260803
1749912002242,532355447,-0.19014806,-0.11324385,-0.18467999
1749912002259,532372114,-0.2553365,-0.10747296,-0.16687489
1749912002276,532388781,-0.10536669,-0.21777125,-0.29059982
1749912002292,532405448,0.11712034,-0.20206979,-0.33012104
1749912002309,532422115,0.021339228,-0.25995427,-0.33546352
1749912002326,532438782,-0.1282904,-0.25949878,-0.22013092
1749912002342,532455449,-0.15745929,-0.1435788,-0.21766186
1749912002359,532472116,-0.047080994,-0.11225927,-0.14977455
1749912002376,532488783,-0.06165538,-0.108850695,-0.15847778
1749912002392,532505450,-0.16228516,-0.1828355,-0.14978123
1749912002409,532522117,-0.20928189,-0.2557565,-0.19827747
1749912002426,532538784,-0.16824849,-0.3184047,-0.33027744
1749912002442,532555451,-0.18223995,-0.25303063,-0.28334713
1749912002459,532572118,-0.17765123,-0.22158416,-0.24616718
1749912002476,532588785,-0.04110448,-0.13459983,-0.19020367
1749912002492,532605452,-0.023203773,-0.05459885,-0.10448742
1749912002509,532622119,-0.10738255,-0.13065393,-0.21307564
1749912002526,532638786,-0.11204347,-0.21480936,-0.3290577
1749912002542,532655453,-0.0946251,-0.22346379,-0.30145454
1749912002559,532672120,-0.08023534,-0.13379464,-0.2682686
1749912002576,532688787,-0.12774704,-0.13065751,-0.23741722
1749912002592,532705454,-0.15690699,-0.14376688,-0.23062706
1749912002609,532722121,-0.07702972,-0.13018657,-0.2642269
1749912002626,532738788,-0.123667486,-0.17956349,-0.23138142
1749912002642,532755455,-0.15928897,-0.106891945,-0.2269268
1749912002659,532772122,-0.25018877,-0.17682345,-0.27657986
1749912002676,532788789,-0.2116985,-0.27387288,-0.36509323
1749912002692,532805456,-0.12613149,-0.35401738,-0.37615013
1749912002709,532822123,-0.07526128,-0.25136313,-0.33295155
1749912002726,532838790,-0.13841756,-0.104798965,-0.19663715
1749912002742,532855457,-0.22530821,-0.14112206,-0.16040325
1749912002759,532872124,-0.1020245,-0.05690651,-0.14849663
1749912002776,532888791,-0.08581489,-0.012834673,-0.171484
1749912002792,532905458,-0.1765949,-0.18506604,-0.24790668
1749912002809,532922125,-0.20450161,-0.24875997,-0.35453796
1749912002826,532938792,-0.16704911,-0.22099866,-0.34630013
1749912002842,532955459,-0.11789973,-0.11264427,-0.27839088
1749912002859,532972126,0.021931985,-0.044197563,-0.16445541
1749912002876,532988793,-0.06658384,-0.1269044,-0.23269463
1749912002892,533005460,-0.08929164,-0.024725897,-0.19134521
1749912002909,533022127,-0.17983606,-0.059218306,-0.21861362
1749912002926,533038794,-0.32912663,-0.23600331,-0.28543663
1749912002942,533055461,-0.2322065,-0.2932853,-0.38497066
1749912002959,533072128,-0.07488198,-0.21152964,-0.36965656
1749912002976,533088795,-0.19909595,-0.23037358,-0.29627037
1749912002992,533105462,-0.14796759,-0.15364347,-0.20497513
1749912003009,533122129,-0.0076778936,-0.05607102,-0.16122723
1749912003026,533138796,-0.0375466,-0.04978058,-0.1858015
1749912003042,533155463,-0.06020746,-0.16224203,-0.25305367
1749912003059,533172130,-0.14089161,-0.31665394,-0.39815807
1749912003076,533188797,-0.124396585,-0.26871544,-0.3849268
1749912003092,533205464,-0.15347405,-0.21486647,-0.2777834
1749912003109,533222131,-0.08805896,-0.1850693,-0.28390503
1749912003126,533238798,-0.0837702,-0.16661784,-0.20790577
1749912003142,533255465,-0.058876216,-0.105023265,-0.15184021
1749912003159,533272132,-0.10591094,-0.16328348,-0.20466423
1749912003176,533288799,-0.19594397,-0.25411814,-0.2637272
1749912003192,533305466,-0.24698986,-0.24061628,-0.26648235
1749912003209,533322133,-0.18895406,-0.18006416,-0.30754852
1749912003226,533338800,-0.1593607,-0.16689076,-0.23303604
1749912003242,533355467,-0.11179872,-0.15824203,-0.20604324
1749912003259,533372134,-0.10822609,-0.20116065,-0.102962494
1749912003276,533388801,-0.10671246,-0.1485494,-0.18668461
1749912003292,533405468,-0.16096687,-0.17844291,-0.229496
1749912003309,533422135,-0.11612057,-0.22721668,-0.3534212
1749912003326,533438802,-0.13822332,-0.31577083,-0.3670187
1749912003342,533455469,-0.22830574,-0.31257996,-0.3145523
1749912003359,533472136,-0.1891398,-0.19010045,-0.26552582
1749912003376,533488803,-0.14815222,-0.15236878,-0.15572071
1749912003392,533505470,-0.2345136,-0.1492272,-0.20325279
1749912003409,533522137,-0.22657597,-0.14574575,-0.2239914
1749912003426,533538804,-0.21151501,-0.18623412,-0.29854298
1749912003442,533555471,-0.12126539,-0.16629654,-0.33040142
1749912003459,533572138,-0.056158077,-0.22610526,-0.37803936
1749912003476,533588805,0.053231847,-0.13052163,-0.32209778
1749912003492,533605472,-0.10053881,-0.1414286,-0.10807991
1749912003509,533622139,-0.2758476,-0.18216597,-0.12254524
1749912003526,533638806,-0.28967682,-0.14123638,-0.24918652
1749912003542,533655473,-0.18009937,-0.11369344,-0.28078175
1749912003559,533672140,-0.20697054,-0.22700143,-0.24093723
1749912003576,533688807,-0.08195907,-0.19557104,-0.15252876
1749912003592,533705474,-0.150289,-0.18736252,-0.15706348
1749912003609,533722141,-0.20159528,-0.17718342,-0.23970413
1749912003626,533738808,-0.23120336,-0.1508481,-0.18623829
1749912003642,533755475,-0.16165887,-0.2079331,-0.23168373
1749912003659,533772142,-0.15183571,-0.17701668,-0.21448135
1749912003676,533788809,-0.07195776,-0.10553108,-0.28513813
1749912003692,533805476,-0.16047761,-0.10360138,-0.21487045
1749912003709,533822143,-0.12532617,-0.015907083,-0.26548004
1749912003726,533838810,-0.29969087,-0.21850157,-0.27407074
1749912003742,533855477,-0.22126755,-0.19379926,-0.36337852
1749912003759,533872144,-0.29782677,-0.26452994,-0.38527966
1749912003776,533888811,-0.09220759,-0.22131447,-0.331357
1749912003792,533905478,-0.015461733,-0.15053274,-0.21981621
1749912003809,533922145,-0.119741924,-0.16543266,-0.15109062
1749912003826,533938812,-0.20603335,-0.17036325,-0.2541256
1749912003842,533955479,-0.1329911,-0.23056322,-0.25678062
1749912003859,533972146,-0.14266475,-0.23490675,-0.22376156
1749912003876,533988813,-0.15710972,-0.1766358,-0.20517445
1749912003892,534005480,-0.18239418,-0.18604302,-0.2044735
1749912003909,534022147,-0.15074787,-0.13339242,-0.22856617
1749912003926,534038814,-0.09620087,-0.07779682,-0.22595024
1749912003942,534055481,-0.017817782,-0.12437904,-0.2747259
1749912003959,534072148,0.034658812,-0.11458615,-0.20445347
1749912003976,534088815,-0.112776816,-0.1698076,-0.19440651
1749912003992,534105482,-0.15705228,-0.15437682,-0.24912167
1749912004009,534122149,-0.16894071,-0.1310852,-0.27086735
1749912004026,534138816,-0.22004649,-0.18162428,-0.28111362
1749912004042,534155483,-0.22287057,-0.23901448,-0.30381775
1749912004059,534172150,-0.1986572,-0.26695818,-0.3171749
1749912004076,534188817,-0.1557892,-0.20354654,-0.2733593
1749912004092,534205484,-0.1365264,-0.20459135,-0.32250595
1749912004109,534222151,-0.10302316,-0.086393796,-0.27723598
1749912004126,534238818,0.041700367,-0.0044824407,-0.19553185
1749912004142,534255485,0.018463064,-0.088903174,-0.23334408
1749912004159,534272152,-0.14933035,-0.23422158,-0.3218212
1749912004176,534288819,-0.12125198,-0.14546838,-0.3422737
1749912004192,534305486,-0.23930302,-0.20042865,-0.36866474
1749912004209,534322153,-0.26890934,-0.16449648,-0.27290916
1749912004226,534338820,-0.08028474,-0.117468126,-0.25774574
1749912004242,534355487,-0.13143232,-0.1957988,-0.21668339
1749912004259,534372154,-0.10595654,-0.087131836,-0.20086288
1749912004276,534388821,-0.12560177,-0.13371707,-0.20401001
1749912004292,534405488,-0.16449213,-0.18767467,-0.2682743
1749912004309,534422155,-0.1647818,-0.16484919,-0.25496387
1749912004326,534438822,-0.15947962,-0.15200311,-0.19445992
1749912004342,534455489,-0.14721636,-0.13630088,-0.18761158
1749912004359,534472156,-0.12511472,-0.13947812,-0.24287033
1749912004376,534488823,-0.058574922,-0.16782068,-0.19583416
1749912004392,534505490,-0.18356359,-0.2134266,-0.25620365
1749912004409,534522157,-0.17591184,-0.19458692,-0.28988838
1749912004426,534538824,-0.084422186,-0.11313276,-0.2227459
1749912004442,534555491,-0.11919231,-0.059902143,-0.18507576
1749912004459,534572158,-0.18738969,-0.13723874,-0.25023556
1749912004476,534588825,-0.18731481,-0.19292688,-0.25727272
1749912004492,534605492,-0.20890929,-0.187289,-0.39706707
1749912004509,534622159,-0.15986764,-0.112816155,-0.3327303
1749912004526,534638826,-0.2104037,-0.13499556,-0.24978733
1749912004542,534655493,-0.16088484,-0.147922,-0.22495365
1749912004559,534672160,-0.18830252,-0.21844178,-0.26463413
1749912004576,534688827,-0.22173089,-0.24133745,-0.3249054
1749912004592,534705494,-0.2114379,-0.1722877,-0.2529688
1749912004609,534722161,-0.22255789,-0.1280974,-0.1963625
1749912004626,534738828,-0.1257332,-0.050543766,-0.17641735
1749912004642,534755495,-0.08838708,-0.10073695,-0.18657017
1749912004659,534772162,-0.07214976,-0.12773654,-0.25706863
1749912004676,534788829,-0.07822484,-0.16985118,-0.26278305
1749912004692,534805496,-0.099613465,-0.14245911,-0.233325
1749912004709,534822163,-0.17838927,-0.17581998,-0.19317913
1749912004726,534838830,-0.13076782,-0.15354759,-0.23657703
1749912004742,534855497,-0.16596888,-0.22472428,-0.30325985
1749912004759,534872164,-0.16616735,-0.17294908,-0.2756014
1749912004776,534888831,-0.19499047,-0.1346061,-0.25180912
1749912004792,534905498,-0.09438863,-0.071347795,-0.21599388
1749912004809,534922165,-0.1580536,-0.09136226,-0.23190975
1749912004826,534938832,-0.19398063,-0.14779548,-0.24390984
1749912004842,534955499,-0.17301825,-0.1741271,-0.28728008
1749912004859,534972166,-0.14072151,-0.120685264,-0.29419994
1749912004876,534988833,-0.15422103,-0.14112407,-0.3143549
1749912004892,535005500,-0.17057525,-0.1570868,-0.27546215
1749912004909,535022167,-0.103556015,-0.12921776,-0.23828602
1749912004926,535038834,-0.15283011,-0.13647611,-0.22179508
1749912004942,535055501,-0.0784412,-0.0974854,-0.22029018
1749912004959,535072168,-0.11104302,-0.12834662,-0.23193455
1749912004976,535088835,-0.07321122,-0.15422763,-0.2657652
1749912004992,535105502,-0.15023915,-0.17320722,-0.26102066
1749912005009,535122169,-0.15188175,-0.10725985,-0.20956993
1749912005026,535138836,-0.20672713,-0.123404965,-0.20863724
1749912005042,535155503,-0.12074773,-0.108223185,-0.22210693
1749912005059,535172170,-0.1545382,-0.1594329,-0.20020294
1749912005076,535188837,-0.17636514,-0.1453089,-0.268219
1749912005092,535205504,-0.108091086,-0.08620269,-0.2539158
1749912005109,535222171,-0.15200624,-0.12808946,-0.23587036
1749912005126,535238838,-0.21366833,-0.15649405,-0.2461853
1749912005142,535255505,-0.16289692,-0.078173324,-0.23040295
1749912005159,535272172,-0.17851198,-0.16152175,-0.27197933
1749912005176,535288839,-0.15865128,-0.15200837,-0.33789825
1749912005192,535305506,-0.17760406,-0.17551477,-0.2504177
1749912005209,535322173,-0.1580896,-0.082620226,-0.20362759
1749912005226,535338840,-0.21933997,-0.13529642,-0.27596855
1749912005242,535355507,-0.08314168,-0.118192755,-0.31803513
1749912005259,535372174,-0.13412587,-0.123185255,-0.29166794
1749912005276,535388841,-0.12440329,-0.097674824,-0.1879921
1749912005292,535405508,-0.19274081,-0.13089533,-0.19400215
1749912005309,535422175,-0.14990321,-0.109592535,-0.2466774
1749912005326,535438842,-0.1003866,-0.06686368,-0.22984982
1749912005342,535455509,-0.105574556,-0.14369145,-0.17156124
1749912005359,535472176,-0.08093091,-0.111594655,-0.19495487
1749912005376,535488843,-0.04199339,-0.11349016,-0.23887062
1749912005392,535505510,-0.08904085,-0.11799193,-0.3078928
1749912005409,535522177,-0.13643879,-0.14944623,-0.32630348
1749912005426,535538844,-0.21310194,-0.17880176,-0.31802082
1749912005442,535555511,-0.13721304,-0.11288835,-0.2304411
1749912005459,535572178,-0.10869882,-0.20016927,-0.25617027
1749912005476,535588845,-0.04378887,-0.08420303,-0.26253986
1749912005492,535605512,-0.19833332,-0.009949456,-0.1852808
1749912005509,535622179,-0.27592385,-0.01793021,-0.21348
1749912005526,535638846,-0.17592302,-0.06328054,-0.24980259
1749912005542,535655513,-0.038900197,-0.071433626,-0.29328346
1749912005559,535672180,-0.16752498,-0.14462931,-0.2623253
1749912005576,535688847,-0.21515536,-0.16250499,-0.2708416
1749912005592,535705514,-0.08043069,-0.06855779,-0.25565338
1749912005609,535722181,-0.12821887,-0.07990074,-0.19514465
1749912005626,535738848,-0.098395094,-0.055384498,-0.17769623
1749912005642,535755515,-0.15232497,-0.13366365,-0.17822552
1749912005659,535772182,-0.083014056,-0.18575245,-0.28388882
1749912005676,535788849,-0.09899188,-0.19275221,-0.28931522
1749912005692,535805516,-0.15732943,-0.14702761,-0.27089405
1749912005709,535822183,-0.20561025,-0.09845019,-0.25250626
1749912005726,535838850,-0.21424812,-0.057769045,-0.20539188
1749912005742,535855517,-0.18819925,-0.07943673,-0.19492817
1749912005759,535872184,-0.1380045,-0.15893705,-0.21989346
1749912005776,535888851,-0.1049818,-0.19125567,-0.2580843
1749912005792,535905518,-0.1100285,-0.16990729,-0.30395794
1749912005809,535922185,-0.10136402,-0.12286597,-0.30121326
1749912005826,535938852,-0.14979838,-0.13592471,-0.2997465
1749912005842,535955519,-0.110940434,-0.09315919,-0.2965727
1749912005859,535972186,-0.20837219,-0.17138247,-0.29516506
1749912005876,535988853,-0.13988514,-0.11708581,-0.26040268
1749912005892,536005520,-0.119794674,-0.11503262,-0.29154778
1749912005909,536022187,-0.10578645,-0.10408048,-0.26581764
1749912005926,536038854,-0.14974697,-0.12861495,-0.35158062
1749912005942,536055521,-0.14997742,-0.14379427,-0.3327732
1749912005959,536072188,-0.11088411,-0.07791896,-0.2790947
1749912005976,536088855,-0.14413099,-0.08429746,-0.24090385
1749912005992,536105522,-0.14313792,-0.0980748,-0.19593906
1749912006009,536122189,-0.11461275,-0.07443272,-0.15953827
1749912006026,536138856,-0.12805347,-0.06057648,-0.1140089
1749912006042,536155523,-0.089254536,-0.13041992,-0.22220802
1749912006059,536172190,-0.111150086,-0.1468032,-0.2856655
1749912006076,536188857,-0.06890882,-0.123783596,-0.30587387
1749912006092,536205524,-0.100334965,-0.10671235,-0.26212883
1749912006109,536222191,-0.10123416,-0.12480874,-0.26972294
1749912006126,536238858,-0.07841326,-0.068120375,-0.17676449
1749912006142,536255525,-0.07117479,-0.10650784,-0.16727448
1749912006159,536272192,-0.18487337,-0.24943778,-0.20946026
1749912006176,536288859,-0.12598017,-0.25536624,-0.37614536
1749912006192,536305526,-0.14374118,-0.18072431,-0.30291653
1749912006209,536322193,-0.17658328,-0.12512691,-0.2097063
1749912006226,536338860,-0.1363011,-0.09855044,-0.21391582
1749912006242,536355527,-0.049346298,-0.10117873,-0.22136497
1749912006259,536372194,-0.049097527,-0.09600407,-0.24391365
1749912006276,536388861,-0.19262213,-0.09446887,-0.2755947
1749912006292,536405528,-0.18914561,-0.11051643,-0.29251194
1749912006309,536422195,-0.24969414,-0.11277503,-0.32399082
1749912006326,536438862,-0.18212596,-0.059605654,-0.26901245
1749912006342,536455529,-0.16561975,-0.09846729,-0.23287487
1749912006359,536472196,-0.0657289,-0.067501694,-0.18958378
1749912006376,536488863,-0.0977364,-0.043731093,-0.17678547
1749912006392,536505530,-0.19777276,-0.17055257,-0.2635002
1749912006409,536522197,-0.13513817,-0.13519818,-0.2702551
1749912006426,536538864,-0.13843834,-0.12442553,-0.2323904
1749912006442,536555531,-0.10280881,-0.094763905,-0.23808193
1749912006459,536572198,-0.07411846,-0.062100727,-0.23538876
1749912006476,536588865,-0.13453066,-0.035233688,-0.2168951
1749912006492,536605532,-0.12511115,-0.06211548,-0.19926739
1749912006509,536622199,-0.17817603,-0.08818201,-0.20615196
1749912006526,536638866,-0.13225016,-0.118766405,-0.2548256
1749912006542,536655533,-0.1586734,-0.15734418,-0.3123579
1749912006559,536672200,-0.15724672,-0.1451482,-0.28518105
1749912006576,536688867,-0.23385088,-0.18225704,-0.36007404
1749912006592,536705534,-0.16332226,-0.08852488,-0.33157444
1749912006609,536722201,-0.15962915,-0.03329114,-0.28834534
1749912006626,536738868,-0.16726078,-0.06839843,-0.2633028
1749912006642,536755535,-0.095289834,-0.10457199,-0.28694153
1749912006659,536772202,-0.12617396,-0.14529113,-0.30327797
1749912006676,536788869,-0.21291755,-0.1514335,-0.274436
1749912006692,536805536,-0.23327532,-0.111563586,-0.23098278
1749912006709,536822203,-0.18806894,-0.10517424,-0.19094753
1749912006726,536838870,-0.14129528,-0.04701092,-0.15391827
1749912006742,536855537,-0.1239889,-0.028286682,-0.12172985
1749912006759,536872204,-0.10915412,-0.110298835,-0.24288845
1749912006776,536888871,-0.033934854,-0.07906871,-0.2931919
1749912006792,536905538,-0.04371936,-0.101512656,-0.2125845
1749912006809,536922205,-0.076167405,-0.08512435,-0.23508167
1749912006826,536938872,-0.09671361,-0.07372295,-0.22103119
1749912006842,536955539,0.013165807,0.018868182,-0.19071484
1749912006859,536972206,-0.25319368,-0.12541267,-0.2229948
1749912006876,536988873,-0.1570192,-0.04670281,-0.23880672
1749912006892,537005540,-0.22799261,-0.19574192,-0.32662106
1749912006909,537022207,-0.24740851,-0.14828375,-0.323843
1749912006926,537038874,-0.14218152,-0.059552122,-0.24240589
1749912006942,537055541,-0.17462374,-0.1042584,-0.20120049
1749912006959,537072208,-0.120721586,-0.09548719,-0.22766304
1749912006976,537088875,-0.15666693,-0.0948066,-0.26108456
1749912006992,537105542,-0.172533,-0.09309069,-0.29903603
1749912007009,537122209,-0.0757396,-0.11444701,-0.3134985
1749912007026,537138876,-0.1128014,-0.12184586,-0.28490543
1749912007042,537155543,-0.04340912,-0.08492687,-0.26329994
1749912007059,537172210,-0.14831269,-0.08967798,-0.24340153
1749912007076,537188877,-0.10456227,-0.048950568,-0.22685814
1749912007092,537205544,-0.18465881,-0.11995114,-0.21118164
1749912007109,537222211,-0.11767041,-0.09274435,-0.24656487
1749912007126,537238878,-0.14143543,-0.069193356,-0.19417095
1749912007142,537255545,-0.17971335,-0.124942735,-0.26339245
1749912007159,537272212,-0.061670132,-0.08518079,-0.25468636
1749912007176,537288879,-0.05889611,-0.10523571,-0.28347778
1749912007192,537305546,-0.16244943,-0.124101765,-0.24158859
1749912007209,537322213,-0.18356761,-0.12167598,-0.23670864
1749912007226,537338880,-0.20076962,-0.1699132,-0.2510109
1749912007242,537355547,-0.13608162,-0.09309941,-0.2297535
1749912007259,537372214,-0.122541875,-0.10094818,-0.22015285
1749912007276,537388881,-0.0997402,-0.08368269,-0.18992329
1749912007292,537405548,-0.1366737,-0.10995675,-0.24442768
1749912007309,537422215,-0.15786965,-0.07447127,-0.25268745
1749912007326,537438882,-0.17537788,-0.12166626,-0.24818325
1749912007342,537455549,-0.19104993,-0.15369388,-0.2255907
1749912007359,537472216,-0.094893545,-0.14736488,-0.29200745
1749912007376,537488883,-0.04467197,-0.12876044,-0.27261734
1749912007392,537505550,-0.107435524,-0.056879018,-0.19875813
1749912007409,537522217,-0.12876514,-0.08798364,-0.14369297
1749912007426,537538884,-0.118707955,-0.092805594,-0.23092651
1749912007442,537555551,-0.09168032,-0.050277453,-0.27903366
1749912007459,537572218,-0.11811654,-0.090747155,-0.28106308
1749912007476,537588885,-0.04221534,-0.09676178,-0.28751278
1749912007492,537605552,-0.06328389,-0.08542319,-0.23041344
1749912007509,537622219,-0.04180385,-0.049847636,-0.24430466
1749912007526,537638886,-0.16380528,-0.14477594,-0.25769806
1749912007542,537655553,-0.107199945,-0.054455355,-0.2867937
1749912007559,537672220,-0.13715336,-0.12779912,-0.31563568
1749912007576,537688887,-0.24728446,-0.08809998,-0.20980835
1749912007592,537705554,-0.01961818,-0.023890853,-0.20981693
1749912007609,537722221,-0.17664854,-0.034906913,-0.20453739
1749912007626,537738888,-0.1410901,-0.071987376,-0.1811266
1749912007642,537755555,-0.29530844,-0.14913969,-0.24866009
1749912007659,537772222,-0.20723607,-0.13853243,-0.2836628
1749912007676,537788889,-0.17233452,-0.121319145,-0.2989025
1749912007692,537805556,-0.05086082,-0.055343036,-0.24793625
1749912007709,537822223,-0.102181405,-0.08411106,-0.24964428
1749912007726,537838890,-0.058246583,-0.07109835,-0.26713848
1749912007742,537855557,-0.022187907,-0.06707154,-0.2393465
1749912007759,537872224,-0.16634102,-0.07055332,-0.18285847
1749912007776,537888891,-0.23280461,-0.078360625,-0.20437813
1749912007792,537905558,-0.1632637,-0.15650746,-0.2927246
1749912007809,537922225,-0.05536751,-0.10481752,-0.33551884
1749912007826,537938892,-0.09645009,-0.12670536,-0.23910332
1749912007842,537955559,-0.12166615,-0.056282572,-0.22659302
1749912007859,537972226,-0.11213422,-0.03136401,-0.21842384
1749912007876,537988893,-0.24636336,-0.08078686,-0.10756016
1749912007892,538005560,-0.17254038,-0.1694055,-0.15142536
1749912007909,538022227,-0.16558331,-0.19037716,-0.29508305
1749912007926,538038894,-0.14149174,-0.16835834,-0.322608
1749912007942,538055561,-0.19761674,-0.16006568,-0.32811165
1749912007959,538072228,-0.036936186,-0.0069620935,-0.3010254
1749912007976,538088895,-0.098170914,0.029814392,-0.21659946
1749912007992,538105562,-0.13375083,0.015684351,-0.1835537
1749912008009,538122229,-0.11975444,-0.012121554,-0.17607689
1749912008026,538138896,-0.17252496,-0.084457725,-0.22712803
1749912008042,538155563,-0.14877716,-0.16015172,-0.3071127
1749912008059,538172230,-0.112038106,-0.1663483,-0.27367973
1749912008076,538188897,-0.09735777,-0.16320525,-0.26760864
1749912008092,538205564,-0.1268749,-0.1300623,-0.2562313
1749912008109,538222231,-0.1213282,-0.08542352,-0.17693615
1749912008126,538238898,-0.06244952,-0.022287147,-0.16789913
1749912008142,538255565,-0.12731901,0.0088030575,-0.10543728
1749912008159,538272232,-0.22935179,-0.07634409,-0.21026611
1749912008176,538288899,-0.06419717,-0.0022803908,-0.250844
1749912008192,538305566,-0.15072529,-0.13114746,-0.28951645
1749912008209,538322233,-0.07340031,-0.13533117,-0.35554218
1749912008226,538338900,-0.025493888,-0.08962389,-0.2601862
1749912008242,538355567,-0.013973806,-0.043833014,-0.21537495
1749912008259,538372234,-0.08493291,-0.038460433,-0.18515587
1749912008276,538388901,-0.14845596,-0.1286868,-0.35391235
1749912008292,538405568,-0.18689238,-0.08351237,-0.38432884
1749912008309,538422235,-0.26740822,-0.054623883,-0.23559284
1749912008326,538438902,-0.22779524,-0.03646301,-0.24435806
1749912008342,538455569,-0.1759476,-0.099083185,-0.22621727
1749912008359,538472236,-0.11274776,-0.11001799,-0.28611088
1749912008376,538488903,-0.082636766,-0.13344215,-0.26441383
1749912008392,538505570,-0.064107314,-0.16687052,-0.30875206
1749912008409,538522237,-0.19044466,-0.15477568,-0.39968872
1749912008426,538538904,-0.14416541,-0.03073538,-0.30892658
1749912008442,538555571,-0.12207138,-0.01690585,-0.28732872
1749912008459,538572238,-0.0060104867,-0.012478951,-0.24551487
1749912008476,538588905,-0.03709175,-0.07608515,-0.21071148
1749912008492,538605572,-0.06837753,-0.13274312,-0.22263336
1749912008509,538622239,-0.037914727,-0.10183295,-0.22921848
1749912008526,538638906,-0.16064838,-0.15234587,-0.24103737
1749912008542,538655573,-0.16671854,-0.10028557,-0.24572086
1749912008559,538672240,-0.13478456,-0.06381384,-0.16969395
1749912008576,538688907,-0.1475885,-0.09076604,-0.17047787
1749912008592,538705574,-0.034118358,-0.07394032,-0.17148972
1749912008609,538722241,-0.072722174,-0.070712015,-0.21251392
1749912008626,538738908,-0.17028044,-0.11988442,-0.22254181
1749912008642,538755575,-0.18031996,-0.107760064,-0.2938242
1749912008659,538772242,-0.19342409,-0.18207477,-0.31640434
1749912008676,538788909,-0.16503839,-0.18307778,-0.37452507
1749912008692,538805576,-0.09843823,-0.08755047,-0.3127041
1749912008709,538822243,-0.17782937,-0.0951983,-0.21511269
1749912008726,538838910,-0.08090789,-0.04264381,-0.2516489
1749912008742,538855577,-0.14553711,-0.0586802,-0.2376337
1749912008759,538872244,-0.1630802,-0.1097148,-0.30682182
1749912008776,538888911,-0.14158629,-0.13865246,-0.25099373
1749912008792,538905578,-0.13825595,-0.072710775,-0.21375847
1749912008809,538922245,-0.16735801,-0.10625247,-0.18322563
1749912008826,538938912,-0.1460666,-0.07999294,-0.26586056
1749912008842,538955579,-0.029752927,-0.008611619,-0.22369099
1749912008859,538972246,-0.13045132,-0.0445886,-0.2202406
1749912008876,538988913,-0.08330663,-0.04585223,-0.27214146
1749912008892,539005580,-0.057890527,-0.06609882,-0.2845478
1749912008909,539022247,-0.078741826,-0.049732972,-0.28695488
1749912008926,539038914,-0.07693227,-0.027394418,-0.22749805
1749912008942,539055581,-0.054221336,-0.08868234,-0.25859356
1749912008959,539072248,-0.11891738,-0.1659178,-0.28722763
1749912008976,539088915,-0.12769072,-0.059565756,-0.3271246
1749912008992,539105582,-0.17330502,-0.025821446,-0.2245121
1749912009009,539122249,-0.1662534,-0.061254732,-0.19938755
1749912009026,539138916,-0.08819464,-0.07984654,-0.22465134
1749912009042,539155583,-0.1448051,-0.10237486,-0.23530293
1749912009059,539172250,-0.10078311,-0.099321,-0.22966099
1749912009076,539188917,-0.1392271,-0.045885645,-0.23654747
1749912009092,539205584,-0.08854153,-0.03918171,-0.28318882
1749912009109,539222251,-0.12533869,-0.060283232,-0.28860092
1749912009126,539238918,-0.104882784,-0.04256592,-0.33051777
1749912009142,539255585,-0.08732763,-0.07402202,-0.29540348
1749912009159,539272252,-0.09249815,-0.10684445,-0.2885542
1749912009176,539288919,-0.047739908,-0.01970278,-0.23094082
1749912009192,539305586,-0.15317589,-0.079795465,-0.23715591
1749912009209,539322253,-0.15505719,-0.087771304,-0.27390003
1749912009226,539338920,-0.12239033,-0.071467154,-0.21861458
1749912009242,539355587,-0.16501537,-0.10784567,-0.19628334
1749912009259,539372254,-0.19481657,-0.06209525,-0.1988821
1749912009276,539388921,-0.15899035,-0.09857827,-0.19239235
1749912009292,539405588,-0.055965632,-0.085231416,-0.24847126
1749912009309,539422255,0.016121542,-0.0865013,-0.20889473
1749912009326,539438922,-0.27103224,-0.11692164,-0.13798618
1749912009342,539455589,-0.3411674,-0.07707866,-0.14522743
1749912009359,539472256,-0.07520071,0.018357119,-0.15376568
1749912009376,539488923,0.08087257,-0.03650268,-0.22434044
1749912009392,539505590,0.0724971,-0.07331728,-0.31862736
1749912009409,539522257,-0.043270767,-0.09667483,-0.27599907
1749912009426,539538924,-0.16758196,-0.11975478,-0.31766605
1749912009442,539555591,-0.23407684,-0.17617771,-0.29550743
1749912009459,539572258,-0.23711506,-0.065815516,-0.17777348
1749912009476,539588925,-0.21199153,-0.057126783,-0.1843977
1749912009492,539605592,-0.14671077,-0.061216287,-0.23041439
1749912009509,539622259,-0.145152,-0.042719137,-0.2853489
1749912009526,539638926,-0.13636167,-0.08791245,-0.2923231
1749912009542,539655593,-0.05674301,-0.078219585,-0.3108368
1749912009559,539672260,-0.035746872,-0.11893135,-0.3479433
1749912009576,539688927,0.051090144,-0.009640784,-0.3093233
1749912009592,539705594,0.0068086516,-0.013265718,-0.22314548
1749912009609,539722261,-0.11996723,-0.0961023,-0.25762463
1749912009626,539738928,-0.11528016,-0.11253352,-0.27889156
1749912009642,539755595,-0.11160091,-0.1437519,-0.35395527
1749912009659,539772262,-0.11707944,-0.042441983,-0.30557156
1749912009676,539788929,-0.09915303,-0.0893388,-0.16152954
1749912009692,539805596,-0.088437594,-0.048816457,-0.17316723
1749912009709,539822263,-0.10396794,-0.04553149,-0.16580677
1749912009726,539838930,-0.20107763,-0.088778004,-0.2152071
1749912009742,539855597,-0.21961579,-0.12500376,-0.32083893
1749912009759,539872264,-0.15904713,-0.08964904,-0.29334736
1749912009776,539888931,-0.04895068,0.0122275,-0.20326614
1749912009792,539905598,-0.01420179,-0.0049160556,-0.16401672
1749912009809,539922265,0.003862304,0.028171461,-0.14616776
1749912009826,539938932,-0.0961774,-0.042483777,-0.17739868
1749912009842,539955599,-0.049477946,-0.030925924,-0.31809998
1749912009859,539972266,-0.06780712,-0.002641923,-0.29572678
1749912009876,539988933,-0.0636842,-0.043141577,-0.29562664
1749912009892,540005600,-0.27962232,-0.1071092,-0.17200947
1749912009909,540022267,-0.046407547,-0.041674662,-0.18528557
1749912009926,540038934,-0.18091497,-0.15785626,-0.16278648
1749912009943,540055601,-0.102998346,-0.18180186,-0.26697254
1749912009959,540072268,-0.101685435,-0.19321321,-0.31470966
1749912009976,540088935,-0.057498485,-0.12064414,-0.34501076
1749912009993,540105602,-0.116900854,-0.040391028,-0.2711811
1749912010009,540122269,-0.16493848,0.012791758,-0.27691746
1749912010026,540138936,0.056348734,0.015453351,-0.40522766
1749912010043,540155603,-0.12967484,-0.08279523,-0.4162073
1749912010059,540172270,-0.07819064,-0.13847476,-0.4700899
1749912010076,540188937,-0.4760674,-0.22658804,-0.38998508
1749912010093,540205604,-0.15282094,-0.03938969,-0.16795826
1749912010109,540222271,0.0042232773,0.077992275,-0.06905842
1749912010126,540238938,0.0872941,0.028419448,-0.08094406
1749912010143,540255605,0.09985821,-0.06186168,-0.092531204
1749912010159,540272272,-0.14107713,-0.16854163,-0.21345139
1749912010176,540288939,-0.3181718,-0.23706578,-0.2481041
1749912010193,540305606,-0.3139996,-0.116088495,-0.25889874
1749912010209,540322273,-0.10809153,0.002658016,-0.13273525
1749912010226,540338940,0.102700405,0.065479465,-0.09003258
1749912010243,540355607,0.16788505,0.10411222,-0.092850685
1749912010259,540372274,0.13395602,0.0026115254,-0.16684055
1749912010276,540388941,0.038515754,-0.06553534,-0.28773975
1749912010293,540405608,-0.1051577,-0.05443792,-0.29842567
1749912010309,540422275,-0.20746227,-0.09563013,-0.2750702
1749912010326,540438942,-0.11198737,-0.07412427,-0.27354908
1749912010343,540455609,0.03247442,0.0064866813,-0.17113686
1749912010359,540472276,-0.06259167,-0.07436075,-0.33944225
1749912010376,540488943,-0.15676372,-0.0790249,-0.31259823
1749912010393,540505610,-0.17968094,-0.073022015,-0.28996372
1749912010409,540522277,-0.34905806,-0.1829952,-0.27534962
1749912010426,540538944,-0.11749696,-0.06379473,-0.34432125
1749912010443,540555611,-0.16376549,-0.046283722,-0.27635956
1749912010459,540572278,-0.10596682,-0.02839017,-0.30979824
1749912010476,540588945,0.014522531,-0.028932523,-0.30274677
1749912010493,540605612,-0.007360505,-0.047371,-0.2808571
1749912010509,540622279,-0.07620853,-0.008938283,-0.18501854
1749912010526,540638946,-0.08022908,-0.019997481,-0.1766882
1749912010543,540655613,-0.02449769,0.0076481663,-0.17818642
1749912010559,540672280,-0.018003521,-0.10114207,-0.21603298
1749912010576,540688947,-0.03218408,-0.10754013,-0.35483837
1749912010593,540705614,-0.1009313,-0.07987191,-0.3189106
1749912010609,540722281,-0.24858798,-0.07703106,-0.24826717
1749912010626,540738948,-0.23790808,-0.1550183,-0.2431097
1749912010643,540755615,-0.10326276,-0.1894241,-0.21331882
1749912010659,540772282,-0.033732127,-0.09526279,-0.22296047
1749912010676,540788949,-0.10723392,-0.08834886,-0.26089287
1749912010693,540805616,-0.10809176,-0.07706749,-0.26183033
1749912010709,540822283,-0.096418574,-0.050900605,-0.30454445
1749912010726,540838950,-0.13575394,-0.09012378,-0.3027115
1749912010743,540855617,-0.11429022,-0.04833356,-0.2757721
1749912010759,540872284,-0.119195215,-0.05835074,-0.2161417
1749912010776,540888951,-0.08719352,-0.04837111,-0.22601032
1749912010793,540905618,-0.03021694,-0.043006577,-0.26502323
1749912010809,540922285,-0.08181334,-0.068620265,-0.24524212
1749912010826,540938952,-0.23372124,-0.08104446,-0.2072773
1749912010843,540955619,-0.19376628,-0.015220562,-0.17418957
1749912010859,540972286,-0.096832074,0.0008609719,-0.2215271
1749912010876,540988953,-0.07229884,0.027506175,-0.19824505
1749912010893,541005620,0.020660644,-0.0073846444,-0.20547009
1749912010909,541022287,-0.009818701,-0.056717977,-0.26024055
1749912010926,541038954,-0.091029674,-0.030106971,-0.22415447
1749912010943,541055621,-0.14631896,-0.08248366,-0.24719334
1749912010959,541072288,-0.07902613,-0.07782587,-0.2429905
1749912010976,541088955,-0.12420414,-0.10328109,-0.26360226
1749912010993,541105622,-0.18395251,-0.030468615,-0.23625278
1749912011009,541122289,-0.033513978,-0.07590433,-0.22003555
1749912011026,541138956,0.026118606,-0.07465109,-0.25218964
1749912011043,541155623,-0.22402401,-0.104534104,-0.28883934
1749912011059,541172290,-0.2399092,0.0046852785,-0.22370434
1749912011076,541188957,-0.12593815,0.00616784,-0.22164726
1749912011093,541205624,-0.038994517,-0.047789082,-0.32593536
1749912011109,541222291,-0.05619518,-0.011456156,-0.304451
1749912011126,541238958,-0.10334524,-0.0898911,-0.2822895
1749912011143,541255625,-0.1743211,-0.099765904,-0.28661156
1749912011159,541272292,-0.07533839,-0.032560028,-0.28879833
1749912011176,541288959,-0.16268905,-0.03611947,-0.26918602
1749912011193,541305626,-0.1280642,-0.065397434,-0.3094597
1749912011209,541322293,-0.09256834,-0.092013575,-0.2771845
1749912011226,541338960,-0.030199952,-0.05406063,-0.27301502
1749912011243,541355627,-0.14059904,-0.12054814,-0.29168987
1749912011259,541372294,-0.0747937,-0.050217327,-0.27263165
1749912011276,541388961,-0.20568153,-0.1835685,-0.36797905
1749912011293,541405628,-0.29788196,-0.25645766,-0.36144638
1749912011309,541422295,-0.094764575,-0.15103978,-0.6114254
1749912011326,541438962,-0.009467115,-0.23770112,-0.51763725
1749912011343,541455629,-0.019745804,-0.17144181,-0.40282822
1749912011359,541472296,-0.115167506,-0.14764406,-0.3708315
1749912011376,541488963,-0.14996065,-0.04559318,-0.38828373
1749912011393,541505630,-0.24554564,-0.1263074,-0.3408146
1749912011409,541522297,-0.19997793,-0.0466476,-0.32552433
1749912011426,541538964,0.015822034,0.06818307,-0.26692104
1749912011443,541555631,-0.32123035,-0.007858492,-0.27204132
1749912011459,541572298,-0.105606295,0.15183482,-0.24691677
1749912011476,541588965,0.19244733,0.21118745,-0.15998173
1749912011493,541605632,0.0412216,-0.08017734,-0.24552917
1749912011509,541622299,-0.14351387,-0.19247751,-0.3086624
1749912011526,541638966,-0.20359974,-0.055233963,-0.32642365
1749912011543,541655633,-0.53543884,-0.16418904,-0.36965752
1749912011559,541672300,-0.49481487,-0.08623845,-0.24941826
1749912011576,541688967,-0.12149337,0.19640206,-0.23755074
1749912011593,541705634,0.14618708,0.16249168,-0.20943356
1749912011609,541722301,0.21615602,0.03915645,-0.315691
1749912011626,541738968,-0.07892645,-0.060100175,-0.40969372
1749912011643,541755635,-0.06318421,0.057921596,-0.35080624
1749912011659,541772302,-0.16016804,-0.05088641,-0.3104267
1749912011676,541788969,-0.1913452,-0.09171474,-0.29102325
1749912011693,541805636,-0.3765792,-0.09387868,-0.2505865
1749912011709,541822303,-0.4739648,-0.070633225,-0.17176819
1749912011726,541838970,-0.36698392,-0.012431791,-0.06936836
1749912011743,541855637,-0.19836797,0.13923158,-0.045661926
1749912011759,541872304,0.0062290826,0.054685686,-0.03487873
1749912011776,541888971,0.21270521,0.0532333,-0.089120865
1749912011793,541905638,0.28630155,-0.009933698,-0.12194729
1749912011809,541922305,0.21506417,-0.1813869,-0.06261921
1749912011826,541938972,0.30826327,-0.12175019,-0.10574436
1749912011843,541955639,0.08602857,-0.18686779,-0.15647507
1749912011859,541972306,-0.15855786,-0.16102141,-0.21692657
1749912011876,541988973,-0.14233774,-0.20024894,-0.26191235
1749912011893,542005640,0.031271473,-0.12341156,-0.2482872
1749912011909,542022307,-0.031305447,-0.23410568,-0.31361198
1749912011926,542038974,-0.02390337,-0.17738044,-0.33319092
1749912011943,542055641,-0.11513041,-0.17911792,-0.36431694
1749912011959,542072308,-0.47296157,-0.31835398,-0.44182396
1749912011976,542088975,-0.5930049,-0.46629998,-0.46724033
1749912011993,542105642,-0.58038604,-0.53900707,-0.5101204
1749912012009,542122309,-0.64769876,-0.61260724,-0.74508476
1749912012026,542138976,-0.53966165,-0.55361307,-0.72825336
1749912012043,542155643,-0.5880548,-0.51400423,-0.71593475
1749912012059,542172310,-0.7167169,-0.46426994,-0.69963074
1749912012076,542188977,-0.5933375,-0.18993238,-0.596838
1749912012093,542205644,-0.58032656,-0.069952965,-0.6377058
1749912012109,542222311,-0.6915673,-0.3177545,-0.88975334
1749912012126,542238978,-0.43787843,-0.43803796,-1.0756321
1749912012143,542255645,-0.10383585,-0.71465856,-1.2838726
1749912012159,542272312,-0.0760286,-0.92791814,-1.1800518
1749912012176,542288979,0.011810648,-0.96092355,-1.0843916
1749912012193,542305646,0.14057468,-0.6730301,-0.821805
1749912012209,542322313,-0.11600836,-0.12717518,-0.4186325
1749912012226,542338980,-0.34416613,0.11772288,-0.35795116
1749912012243,542355647,-0.3251557,0.13212276,-0.41196442
1749912012259,542372314,0.35292563,-0.17308097,-0.70030785
1749912012276,542388981,1.0136085,-0.25106165,-0.8218069
1749912012293,542405648,1.2159382,0.1563752,-0.18591404
1749912012309,542422315,0.37751338,0.07547166,-0.11924839
1749912012326,542438982,-0.11819767,0.34768245,-0.004422188
1749912012343,542455649,-0.28539297,0.14397341,-0.3479433
1749912012359,542472316,0.24085689,-0.015538719,-0.41701126
1749912012376,542488983,0.9804237,-0.11555342,-0.30569077
1749912012393,542505650,1.0135988,0.09711859,-0.009109497
1749912012409,542522317,0.5923527,0.23554885,0.16883278
1749912012426,542538984,0.100891516,0.47599822,0.4710741
1749912012443,542555651,0.002930702,0.46754164,0.23178864
1749912012459,542572318,0.35385364,0.22347893,0.0725832
1749912012476,542588985,0.72324437,-0.20194964,-0.3400755
1749912012493,542605652,0.8828393,-0.33490205,-0.4866209
1749912012509,542622319,0.74457395,0.4125665,0.28480244
1749912012526,542638986,0.26647928,0.4415337,0.28084564
1749912012543,542655653,-0.019629356,0.23621908,-0.12358093
1749912012559,542672320,-0.025585305,-0.07843455,-0.58758163
1749912012576,542688987,0.082761034,-0.38184097,-0.8112316
1749912012593,542705654,0.21906973,-0.30008963,-0.6109133
1749912012609,542722321,-0.13330849,-0.1689429,-0.7157831
1749912012626,542738988,-0.28814775,0.1660499,-0.3061447
1749912012643,542755655,-0.14261535,0.198916,-0.14340019
1749912012659,542772322,0.09072793,0.091421105,-0.1908369
1749912012676,542788989,0.25095946,0.0009041099,-0.23983192
1749912012693,542805656,0.2604154,0.16553056,-0.07437897
1749912012709,542822323,-0.026071222,0.20368636,-0.06799221
1749912012726,542838990,-0.17539665,0.37234923,-0.00015163422
1749912012743,542855657,-0.116061114,0.17701997,-0.12411213
1749912012759,542872324,-0.10454014,0.17194489,-0.037252426
1749912012776,542888991,-0.17637005,-0.04964178,0.14748573
1749912012793,542905658,0.006210531,0.2712655,0.73016167
1749912012809,542922325,-0.048746612,0.35235125,1.0142126
1749912012826,542938992,-0.16210121,0.21622393,0.70493126
1749912012843,542955659,0.13445266,0.1075636,0.37208176
1749912012859,542972326,0.58445823,0.029107422,0.11472893
1749912012876,542988993,0.57301235,0.09827574,0.19838715
1749912012893,543005660,0.11913397,0.42804414,0.49981117
1749912012909,543022327,-0.16560365,0.5330874,0.63948345
1749912012926,543038994,0.027025845,0.63815624,0.7127762
1749912012943,543055661,0.06715067,0.30499685,0.17091274
1749912012959,543072328,0.49690372,0.28073522,0.04116249
1749912012976,543088995,0.52170676,0.24314354,0.07944012
1749912012993,543105662,0.20571327,0.27425158,0.1070528
1749912013009,543122329,0.050287064,0.2959898,0.16143227
1749912013026,543138996,0.1221657,0.27943036,0.25051498
1749912013043,543155663,0.0993267,0.09029208,0.013225555
1749912013059,543172330,0.12529242,0.06195282,-0.13167286
1749912013076,543188997,0.23943445,0.10674325,-0.011179924
1749912013093,543205664,0.39628735,0.14989142,-0.21281147
1749912013109,543222331,0.41379088,0.3246402,-0.01643467
1749912013126,543238998,0.14548056,0.48021278,-0.06836128
1749912013143,543255665,0.05154544,0.47820407,-0.09221554
1749912013159,543272332,0.08034352,0.3690324,-0.13708496
1749912013176,543288999,0.15720113,0.21799743,-0.27443695
1749912013193,543305666,0.21014576,0.16343373,-0.16633987
1749912013209,543322333,0.17358977,0.1667029,-0.2632227
1749912013226,543339000,0.052826617,0.09005628,-0.4769783
1749912013243,543355667,0.10874174,0.14121872,-0.56979084
1749912013259,543372334,0.12068627,0.19650605,-0.45366573
1749912013276,543389001,0.039459202,0.2830882,-0.33868313
1749912013293,543405668,0.049147595,0.22953439,-0.32322025
1749912013309,543422335,0.11153922,0.22554223,-0.17123508
1749912013326,543439002,0.18283717,0.23127188,-0.16948795
1749912013343,543455669,0.037938867,0.22009142,-0.10818291
1749912013359,543472336,0.06876466,0.19075511,-0.29965687
1749912013376,543489003,0.19112839,0.11301307,-0.28822994
1749912013393,543505670,0.21103556,0.13242617,-0.40930176
1749912013409,543522337,0.30097115,0.10634277,-0.32741642
1749912013426,543539004,0.2590734,0.18584757,-0.11365795
1749912013443,543555671,0.1606895,0.3519198,-0.13958168
1749912013459,543572338,-0.20024258,0.2801603,-0.35426998
1749912013476,543589005,-0.15058827,0.38102734,0.05395031
1749912013493,543605672,-0.04445628,0.3378605,0.23946762
1749912013509,543622339,0.1851711,0.24226312,0.2398653
1749912013526,543639006,0.25661412,0.13890526,0.09420586
1749912013543,543655673,0.46383408,0.15887077,0.16386318
1749912013559,543672340,0.14848971,0.13813704,0.019174576
1749912013576,543689007,-0.08145349,0.19463207,-0.019814491
1749912013593,543705674,-0.119925655,0.15676762,-0.0239954
1749912013609,543722341,-0.032214697,0.06604294,-0.09343052
1749912013626,543739008,0.013433576,-0.015014818,-0.24357796
1749912013643,543755675,0.035832256,0.008815574,-0.22040176
1749912013659,543772342,0.12611629,0.13811894,-0.14511967
1749912013676,543789009,0.17582914,0.10982097,-0.09334564
1749912013693,543805676,0.13906507,0.18455409,-0.20027924
1749912013709,543822343,0.0052755764,0.13611738,-0.16884136
1749912013726,543839010,-0.10313782,0.12863909,-0.22087574
1749912013743,543855677,-0.09683364,0.110962674,-0.18830681
1749912013759,543872344,-0.051293094,0.11731201,-0.26644993
1749912013776,543889011,0.13919292,-0.012729733,-0.21583843
1749912013793,543905678,0.40818807,0.053076394,-0.23121262
1749912013809,543922345,0.3217829,0.06737295,-0.19631958
1749912013826,543939012,0.22991459,0.08004938,-0.17715168
1749912013843,543955679,0.1638779,0.06698248,-0.18662453
1749912013859,543972346,0.17374735,0.107520014,-0.04270172
1749912013876,543989013,0.16693422,0.10601633,-0.039634705
1749912013893,544005680,0.14938399,0.16462287,0.04608822
1749912013909,544022347,0.028295623,0.12604824,-0.17633724
1749912013926,544039014,0.15219086,0.09284102,-0.117464066
1749912013943,544055681,0.09443311,0.027672915,-0.13024712
1749912013959,544072348,0.055211276,0.005963996,-0.12621784
1749912013976,544089015,0.084331214,-0.0027787131,-0.18109512
1749912013993,544105682,0.23640808,0.030673688,-0.09551239
1749912014009,544122349,0.27812254,-0.019270392,-0.21053123
1749912014026,544139016,0.23542866,-0.0017179205,-0.31987667
1749912014043,544155683,0.20566924,0.015600199,-0.3071642
1749912014059,544172350,0.15095484,0.0004984339,-0.22471714
1749912014076,544189017,0.18831548,0.08779321,-0.13869381
1749912014093,544205684,0.24263941,0.08189593,-0.17377949
1749912014109,544222351,0.15821946,0.08780897,-0.32048798
1749912014126,544239018,0.06526198,0.15325703,-0.31793308
1749912014143,544255685,0.02259202,0.4081635,-0.29216003
1749912014159,544272352,-0.18157679,0.14445105,0.5162859
1749912014176,544289019,0.0022822907,0.32663122,-0.082416534
1749912014193,544305686,0.202623,0.08751125,0.1406126
1749912014209,544322353,0.1987893,0.13874869,-0.06723213
1749912014226,544339020,0.2086109,0.11757687,-0.22749996
1749912014243,544355687,0.22358492,0.1689834,-0.40357685
1749912014259,544372354,0.17442928,0.2316209,-0.27606106
1749912014276,544389021,0.06771772,0.31602073,-0.30135632
1749912014293,544405688,0.04935993,0.4957296,-0.20027828
1749912014309,544422355,-0.072707646,0.3414272,-0.27521038
1749912014326,544439022,-0.096971765,0.34237972,-0.5991783
1749912014343,544455689,-0.121604234,0.39013964,-0.6820564
1749912014359,544472356,-0.17325115,0.6240836,-0.38165665
1749912014376,544489023,-0.092763685,-0.08520817,0.16293907
1749912014393,544505690,1.3147593,0.048959285,1.3408461
1749912014409,544522357,1.139408,-0.13703802,-0.03764534
1749912014426,544539024,0.32952112,-0.16912343,-0.24291229
1749912014443,544555691,0.27504566,0.082459964,-0.088819504
1749912014459,544572358,0.60842305,0.27345535,0.61772823
1749912014476,544589025,0.3387853,0.23061933,-0.02309227
1749912014493,544605692,0.31766778,0.29733324,-0.037792206
1749912014509,544622359,0.28027943,0.39214522,-0.081110954
1749912014526,544639026,0.526548,0.3771503,-0.40588093
1749912014543,544655693,0.24288505,0.60011965,-0.27461052
1749912014559,544672360,0.85382843,0.63700914,-0.01746273
1749912014576,544689027,0.3933808,0.9777428,-0.5697508
1749912014593,544705694,-0.3622946,0.65305525,-1.5065975
1749912014609,544722361,0.2174638,0.79485077,-0.7223034
1749912014626,544739028,1.057721,0.6090544,-0.33212185
1749912014643,544755695,1.7584573,0.80243623,1.1289501
1749912014659,544772362,0.61722296,0.8430645,0.8388815
1749912014676,544789029,0.24727708,0.6737947,0.06803608
1749912014693,544805696,0.35278258,0.65779406,0.6597338
1749912014709,544822363,0.19895871,0.6378155,0.5435133
1749912014726,544839030,0.5028407,0.3018604,-0.5383482
1749912014743,544855697,0.28966853,0.25804672,-0.0648365
1749912014759,544872364,-0.17477551,0.42120636,0.16672707
1749912014776,544889031,-0.25938433,0.19245315,0.3672657
1749912014793,544905698,0.022570785,0.0123009235,0.5879755
1749912014809,544922365,-0.16769171,0.010890446,0.5665512
1749912014826,544939032,-0.21257512,0.28680098,0.7024851
1749912014843,544955699,0.003873256,0.3714775,0.5638113
1749912014859,544972366,-0.35532546,0.02487632,0.089030266
1749912014876,544989033,-0.25282893,-0.43360218,-0.6135874
1749912014893,545005700,0.5595191,-0.25051197,0.00081539154
