timestamp_ms,timestamp_μs,freeAcceleration_m/s²_x,freeAcceleration_m/s²_y,freeAcceleration_m/s²_z
1750940983515,564858398,0.54144675,0.22512224,-0.13713169
1750940983515,564858398,0.54144675,0.22512224,-0.13713169
1750940983532,564875065,0.74726224,0.57704395,-0.21784401
1750940983532,564875065,0.74726224,0.57704395,-0.21784401
1750940983548,564891732,0.64805025,0.644402,-0.5123472
1750940983548,564891732,0.64805025,0.644402,-0.5123472
1750940983565,564908399,0.40896094,0.71121365,-0.35686588
1750940983565,564908399,0.40896094,0.71121365,-0.35686588
1750940983582,564925066,0.6125826,0.44133583,0.07990646
1750940983582,564925066,0.6125826,0.44133583,0.07990646
1750940983598,564941733,0.6712342,0.042536862,0.6245651
1750940983598,564941733,0.6712342,0.042536862,0.6245651
1750940983615,564958400,0.60169864,-0.3303033,1.3087549
1750940983615,564958400,0.60169864,-0.3303033,1.3087549
1750940983632,564975067,0.36418715,-0.9660346,1.5727043
1750940983632,564975067,0.36418715,-0.9660346,1.5727043
1750940983648,564991734,3.9384913,0.40494916,2.1688175
1750940983648,564991734,3.9384913,0.40494916,2.1688175
1750940983665,565008401,2.9380488,2.3824868,3.3989143
1750940983665,565008401,2.9380488,2.3824868,3.3989143
1750940983682,565025068,2.4397573,1.809667,2.6504822
1750940983682,565025068,2.4397573,1.809667,2.6504822
1750940983698,565041735,1.6954124,1.832406,1.7272778
1750940983698,565041735,1.6954124,1.832406,1.7272778
1750940983715,565058402,0.7287122,2.8419557,1.5928812
1750940983715,565058402,0.7287122,2.8419557,1.5928812
1750940983732,565075069,3.5135112,1.7433556,0.10442257
1750940983732,565075069,3.5135112,1.7433556,0.10442257
1750940983748,565091736,4.757403,0.22233629,-0.6333542
1750940983748,565091736,4.757403,0.22233629,-0.6333542
1750940983765,565108403,3.668072,0.27342272,-0.86851597
1750940983765,565108403,3.668072,0.27342272,-0.86851597
1750940983782,565125070,2.3158352,0.60701054,-0.6528206
1750940983782,565125070,2.3158352,0.60701054,-0.6528206
1750940983798,565141737,1.7328442,0.45536914,-0.44519043
1750940983798,565141737,1.7328442,0.45536914,-0.44519043
1750940983815,565158404,1.0767323,0.027345581,-0.06996155
1750940983815,565158404,1.0767323,0.027345581,-0.06996155
1750940983832,565175071,0.04349076,-0.29584348,0.2551632
1750940983832,565175071,0.04349076,-0.29584348,0.2551632
1750940983848,565191738,-0.6055756,-0.07637136,0.45760727
1750940983848,565191738,-0.6055756,-0.07637136,0.45760727
1750940983865,565208405,-0.9346818,-0.13943945,0.38721943
1750940983865,565208405,-0.9346818,-0.13943945,0.38721943
1750940983882,565225072,-1.2397536,-0.66604036,0.12062931
1750940983882,565225072,-1.2397536,-0.66604036,0.12062931
1750940983898,565241739,-1.5859066,-1.2960359,-0.14212036
1750940983898,565241739,-1.5859066,-1.2960359,-0.14212036
1750940983915,565258406,-2.4272199,-1.6937785,0.042518616
1750940983915,565258406,-2.4272199,-1.6937785,0.042518616
1750940983932,565275073,-4.107482,-2.0933945,-0.3584404
1750940983932,565275073,-4.107482,-2.0933945,-0.3584404
1750940983948,565291740,-4.7976904,-2.1215763,-0.95838547
1750940983948,565291740,-4.7976904,-2.1215763,-0.95838547
1750940983965,565308407,-4.57467,-1.9986937,-1.5776997
1750940983965,565308407,-4.57467,-1.9986937,-1.5776997
1750940983982,565325074,-4.8995714,-1.8129365,-2.2045426
1750940983982,565325074,-4.8995714,-1.8129365,-2.2045426
1750940983998,565341741,-5.170627,-1.8937665,-2.826635
1750940983998,565341741,-5.170627,-1.8937665,-2.826635
1750940984015,565358408,-5.40501,-2.1789794,-3.3293185
1750940984015,565358408,-5.40501,-2.1789794,-3.3293185
1750940984032,565375075,-6.2191496,-2.118846,-4.0075035
1750940984032,565375075,-6.2191496,-2.118846,-4.0075035
1750940984048,565391742,-7.0102854,-2.1416042,-4.610599
1750940984048,565391742,-7.0102854,-2.1416042,-4.610599
1750940984065,565408409,-6.424013,-2.0495195,-4.4115524
1750940984065,565408409,-6.424013,-2.0495195,-4.4115524
1750940984082,565425076,-5.275655,-3.0710423,-0.1982441
1750940984082,565425076,-5.275655,-3.0710423,-0.1982441
1750940984098,565441743,-2.0970194,-0.39076054,-1.1149769
1750940984098,565441743,-2.0970194,-0.39076054,-1.1149769
1750940984115,565458410,3.2805789,1.8142359,3.5381498
1750940984115,565458410,3.2805789,1.8142359,3.5381498
1750940984132,565475077,3.5875316,1.4097795,0.28621674
1750940984132,565475077,3.5875316,1.4097795,0.28621674
1750940984148,565491744,-0.9808639,-2.7355309,0.07029724
1750940984148,565491744,-0.9808639,-2.7355309,0.07029724
1750940984165,565508411,-2.9051936,-2.1117103,-0.036226273
1750940984165,565508411,-2.9051936,-2.1117103,-0.036226273
1750940984182,565525078,-2.0344243,-1.3491814,1.5613604
1750940984182,565525078,-2.0344243,-1.3491814,1.5613604
1750940984198,565541745,-2.8834622,-1.3361832,0.6435013
1750940984198,565541745,-2.8834622,-1.3361832,0.6435013
1750940984215,565558412,-3.268846,-0.3363841,0.20513916
1750940984215,565558412,-3.268846,-0.3363841,0.20513916
1750940984232,565575079,-2.8066182,-1.5109797,0.45854378
1750940984232,565575079,-2.8066182,-1.5109797,0.45854378
1750940984248,565591746,-2.3592126,-1.155758,0.37574196
1750940984248,565591746,-2.3592126,-1.155758,0.37574196
1750940984265,565608413,-3.7248278,0.5064649,0.24413681
1750940984265,565608413,-3.7248278,0.5064649,0.24413681
1750940984282,565625080,-5.300623,0.9350336,0.121809006
1750940984282,565625080,-5.300623,0.9350336,0.121809006
1750940984298,565641747,-1.0808775,-2.0218513,-0.020141602
1750940984298,565641747,-1.0808775,-2.0218513,-0.020141602
1750940984315,565658414,-2.557201,-1.9623394,0.09074211
1750940984315,565658414,-2.557201,-1.9623394,0.09074211
1750940984332,565675081,-1.7292635,-0.7591741,0.029629707
1750940984332,565675081,-1.7292635,-0.7591741,0.029629707
1750940984348,565691748,-2.140462,-0.90259856,-0.11866093
1750940984348,565691748,-2.140462,-0.90259856,-0.11866093
1750940984365,565708415,-1.9991415,-0.55841213,0.10760689
1750940984365,565708415,-1.9991415,-0.55841213,0.10760689
1750940984382,565725082,-1.9087625,-0.51287746,0.16964912
1750940984382,565725082,-1.9087625,-0.51287746,0.16964912
1750940984398,565741749,-1.7659092,-0.44947612,0.12289333
1750940984398,565741749,-1.7659092,-0.44947612,0.12289333
1750940984415,565758416,-1.4742646,-0.21562764,-0.005739212
1750940984415,565758416,-1.4742646,-0.21562764,-0.005739212
1750940984432,565775083,-1.409965,0.13246429,-0.022669792
1750940984432,565775083,-1.409965,0.13246429,-0.022669792
1750940984448,565791750,-1.0124298,-0.01934773,-0.0864048
1750940984448,565791750,-1.0124298,-0.01934773,-0.0864048
1750940984465,565808417,-0.8447017,-0.046446774,-0.13387299
1750940984465,565808417,-0.8447017,-0.046446774,-0.13387299
1750940984482,565825084,-0.8073622,0.13935485,-0.22421837
1750940984482,565825084,-0.8073622,0.13935485,-0.22421837
1750940984498,565841751,-0.7894003,0.2523073,-0.36600685
1750940984498,565841751,-0.7894003,0.2523073,-0.36600685
1750940984515,565858418,-1.0752007,0.25170544,-0.36978436
1750940984515,565858418,-1.0752007,0.25170544,-0.36978436
1750940984532,565875085,-1.1968414,0.1518147,-0.33479404
1750940984532,565875085,-1.1968414,0.1518147,-0.33479404
1750940984548,565891752,-1.4584601,0.07014429,-0.21088505
1750940984548,565891752,-1.4584601,0.07014429,-0.21088505
1750940984565,565908419,-1.2937571,-0.40000996,-0.13302231
1750940984565,565908419,-1.2937571,-0.40000996,-0.13302231
1750940984582,565925086,-1.055209,-0.60278803,-0.056872368
1750940984582,565925086,-1.055209,-0.60278803,-0.056872368
1750940984598,565941753,-1.1797942,-0.59637016,-0.032694817
1750940984598,565941753,-1.1797942,-0.59637016,-0.032694817
1750940984615,565958420,-1.3319156,-0.36681986,-0.0438776
1750940984615,565958420,-1.3319156,-0.36681986,-0.0438776
1750940984632,565975087,-1.3314942,-0.28366566,0.06570244
1750940984632,565975087,-1.3314942,-0.28366566,0.06570244
1750940984648,565991754,-1.7311053,-0.3798481,0.2087307
1750940984648,565991754,-1.7311053,-0.3798481,0.2087307
1750940984665,566008421,-1.4076335,-0.42549646,0.37039757
1750940984665,566008421,-1.4076335,-0.42549646,0.37039757
1750940984682,566025088,-1.2647623,-0.40297174,0.4049635
1750940984682,566025088,-1.2647623,-0.40297174,0.4049635
1750940984698,566041755,-1.235417,-0.3046801,0.30478668
1750940984698,566041755,-1.235417,-0.3046801,0.30478668
1750940984715,566058422,-1.148681,-0.38430125,0.14373875
1750940984715,566058422,-1.148681,-0.38430125,0.14373875
1750940984732,566075089,-0.9463639,-0.044231985,-0.06179428
1750940984732,566075089,-0.9463639,-0.044231985,-0.06179428
1750940984748,566091756,-0.7269123,0.26535726,-0.2174921
1750940984748,566091756,-0.7269123,0.26535726,-0.2174921
1750940984765,566108423,-0.42445642,0.24341354,-0.29444408
1750940984765,566108423,-0.42445642,0.24341354,-0.29444408
1750940984782,566125090,-0.26046413,0.3281397,-0.47058868
1750940984782,566125090,-0.26046413,0.3281397,-0.47058868
1750940984798,566141757,0.07520099,0.46183136,-0.59463406
1750940984798,566141757,0.07520099,0.46183136,-0.59463406
1750940984815,566158424,0.08161942,0.70265156,-0.35171318
1750940984815,566158424,0.08161942,0.70265156,-0.35171318
1750940984832,566175091,-0.32347846,0.6597257,0.027297974
1750940984832,566175091,-0.32347846,0.6597257,0.027297974
1750940984848,566191758,-0.0757106,0.43065673,0.94540024
1750940984848,566191758,-0.0757106,0.43065673,0.94540024
1750940984865,566208425,2.3427925,-0.73274475,1.9868078
1750940984865,566208425,2.3427925,-0.73274475,1.9868078
1750940984882,566225092,2.4729068,-1.2416444,2.335371
1750940984882,566225092,2.4729068,-1.2416444,2.335371
1750940984898,566241759,2.6066935,-0.028099379,2.3362179
1750940984898,566241759,2.6066935,-0.028099379,2.3362179
1750940984915,566258426,4.039072,1.052759,2.8710508
1750940984915,566258426,4.039072,1.052759,2.8710508
1750940984932,566275093,5.745765,1.5124955,3.3605194
1750940984932,566275093,5.745765,1.5124955,3.3605194
1750940984948,566291760,7.3253617,2.1595674,3.7389069
1750940984948,566291760,7.3253617,2.1595674,3.7389069
1750940984965,566308427,7.2974644,4.102367,4.0177546
1750940984965,566308427,7.2974644,4.102367,4.0177546
1750940984982,566325094,5.0968113,2.2047076,4.673953
1750940984982,566325094,5.0968113,2.2047076,4.673953
1750940984998,566341761,2.3375092,6.752618,6.316923
1750940984998,566341761,2.3375092,6.752618,6.316923
1750940985015,566358428,2.7866063,9.501666,6.51523
1750940985015,566358428,2.7866063,9.501666,6.51523
1750940985032,566375095,7.9008985,5.6483417,1.303318
1750940985032,566375095,7.9008985,5.6483417,1.303318
1750940985048,566391762,8.058899,2.5826516,-2.213623
1750940985048,566391762,8.058899,2.5826516,-2.213623
1750940985065,566408429,3.2157526,2.0825596,-4.034733
1750940985065,566408429,3.2157526,2.0825596,-4.034733
1750940985082,566425096,-1.0080643,3.3980424,2.51958
1750940985082,566425096,-1.0080643,3.3980424,2.51958
1750940985098,566441763,1.8321985,3.5657098,-3.6801405
1750940985098,566441763,1.8321985,3.5657098,-3.6801405
1750940985115,566458430,5.9023643,2.1434698,-6.753808
1750940985115,566458430,5.9023643,2.1434698,-6.753808
1750940985132,566475097,5.461044,2.8623784,-5.66005
1750940985132,566475097,5.461044,2.8623784,-5.66005
1750940985148,566491764,3.7582846,2.5184977,-4.54158
1750940985148,566491764,3.7582846,2.5184977,-4.54158
1750940985165,566508431,2.382556,1.1142204,-3.9103055
1750940985165,566508431,2.382556,1.1142204,-3.9103055
1750940985182,566525098,2.2029371,0.10508328,-3.2213311
1750940985182,566525098,2.2029371,0.10508328,-3.2213311
1750940985198,566541765,1.8485363,-0.15271899,-2.3805723
1750940985198,566541765,1.8485363,-0.15271899,-2.3805723
1750940985215,566558432,1.530929,-0.32350326,-1.427762
1750940985215,566558432,1.530929,-0.32350326,-1.427762
1750940985232,566575099,1.1108744,-0.5959695,-0.45415783
1750940985232,566575099,1.1108744,-0.5959695,-0.45415783
1750940985248,566591766,0.61723626,-0.88134843,0.5071182
1750940985248,566591766,0.61723626,-0.88134843,0.5071182
1750940985265,566608433,-0.16886708,-1.6704707,1.6253767
1750940985265,566608433,-0.16886708,-1.6704707,1.6253767
1750940985282,566625100,-1.1469713,-2.1595476,2.6748152
1750940985282,566625100,-1.1469713,-2.1595476,2.6748152
1750940985298,566641767,-3.250176,-2.964462,4.5941057
1750940985298,566641767,-3.250176,-2.964462,4.5941057
1750940985315,566658434,-7.352033,-3.4047403,5.310459
1750940985315,566658434,-7.352033,-3.4047403,5.310459
1750940985332,566675101,-10.278618,-3.1944807,4.639674
1750940985332,566675101,-10.278618,-3.1944807,4.639674
1750940985348,566691768,-11.551306,-2.4500184,2.909379
1750940985348,566691768,-11.551306,-2.4500184,2.909379
1750940985365,566708435,-11.684297,-3.555251,0.15608597
1750940985365,566708435,-11.684297,-3.555251,0.15608597
1750940985382,566725102,-11.980347,-4.976171,-3.727934
1750940985382,566725102,-11.980347,-4.976171,-3.727934
1750940985398,566741769,-12.924641,-4.6194415,-7.17167
1750940985398,566741769,-12.924641,-4.6194415,-7.17167
1750940985415,566758436,-13.339549,-4.312338,-9.543424
1750940985415,566758436,-13.339549,-4.312338,-9.543424
1750940985432,566775103,-13.348085,-3.83627,-11.4128
1750940985432,566775103,-13.348085,-3.83627,-11.4128
1750940985448,566791770,-14.048866,-3.489579,-4.563553
1750940985448,566791770,-14.048866,-3.489579,-4.563553
1750940985465,566808437,-5.7811666,-4.211694,-4.6420307
1750940985465,566808437,-5.7811666,-4.211694,-4.6420307
1750940985482,566825104,12.273628,2.7340834,11.344063
1750940985482,566825104,12.273628,2.7340834,11.344063
1750940985498,566841771,0.15209334,-7.1898193,-1.5337925
1750940985498,566841771,0.15209334,-7.1898193,-1.5337925
1750940985515,566858438,-3.9735994,-6.2106237,-1.696621
1750940985515,566858438,-3.9735994,-6.2106237,-1.696621
1750940985532,566875105,-2.5836098,-2.71053,0.8338089
1750940985532,566875105,-2.5836098,-2.71053,0.8338089
1750940985548,566891772,-4.8607516,-1.0772728,1.3529272
1750940985548,566891772,-4.8607516,-1.0772728,1.3529272
1750940985565,566908439,-7.7742214,0.8095996,1.7766247
1750940985565,566908439,-7.7742214,0.8095996,1.7766247
1750940985582,566925106,-12.314621,1.9469652,1.279911
1750940985582,566925106,-12.314621,1.9469652,1.279911
1750940985598,566941773,-3.8006973,-3.082502,1.0046778
1750940985598,566941773,-3.8006973,-3.082502,1.0046778
1750940985615,566958440,-1.867641,-3.0079324,0.12735176
1750940985615,566958440,-1.867641,-3.0079324,0.12735176
1750940985632,566975107,-1.3815371,-2.6571836,-0.2998104
1750940985632,566975107,-1.3815371,-2.6571836,-0.2998104
1750940985648,566991774,-0.80656826,-2.0728767,0.13071632
1750940985648,566991774,-0.80656826,-2.0728767,0.13071632
1750940985665,567008441,-1.487685,-0.87011504,0.33091927
1750940985665,567008441,-1.487685,-0.87011504,0.33091927
1750940985682,567025108,-2.103922,-0.10174768,0.22175121
1750940985682,567025108,-2.103922,-0.10174768,0.22175121
1750940985698,567041775,-1.41625,-0.07632129,-0.043626785
1750940985698,567041775,-1.41625,-0.07632129,-0.043626785
1750940985715,567058442,-1.727877,0.44713745,-0.22713757
1750940985715,567058442,-1.727877,0.44713745,-0.22713757
1750940985732,567075109,-1.2917972,0.06821224,-0.1695776
1750940985732,567075109,-1.2917972,0.06821224,-0.1695776
1750940985748,567091776,-1.199645,-0.3169968,0.06659603
1750940985748,567091776,-1.199645,-0.3169968,0.06659603
1750940985765,567108443,-0.72212,-0.5951322,0.27983856
1750940985765,567108443,-0.72212,-0.5951322,0.27983856
1750940985782,567125110,-0.6506973,-0.4404307,0.048252106
1750940985782,567125110,-0.6506973,-0.4404307,0.048252106
1750940985798,567141777,-1.0391312,-0.094365604,-0.037974358
1750940985798,567141777,-1.0391312,-0.094365604,-0.037974358
1750940985815,567158444,-1.1570524,0.14290659,0.06503391
1750940985815,567158444,-1.1570524,0.14290659,0.06503391
1750940985832,567175111,-1.0347633,0.056384385,0.19645977
1750940985832,567175111,-1.0347633,0.056384385,0.19645977
1750940985848,567191778,-0.9205803,-0.21866854,0.3191347
1750940985848,567191778,-0.9205803,-0.21866854,0.3191347
1750940985865,567208445,-0.8710444,-0.07952703,0.352273
1750940985865,567208445,-0.8710444,-0.07952703,0.352273
1750940985882,567225112,-0.7375018,0.09576826,0.11282253
1750940985882,567225112,-0.7375018,0.09576826,0.11282253
1750940985898,567241779,-0.6746447,0.21535271,0.04079342
1750940985898,567241779,-0.6746447,0.21535271,0.04079342
1750940985915,567258446,-0.88777894,-0.12277522,0.12198925
1750940985915,567258446,-0.88777894,-0.12277522,0.12198925
1750940985932,567275113,-0.65738946,0.02298719,0.27972317
1750940985932,567275113,-0.65738946,0.02298719,0.27972317
1750940985948,567291780,-0.4914695,0.1526312,0.21004295
1750940985948,567291780,-0.4914695,0.1526312,0.21004295
1750940985965,567308447,-0.3557132,0.13222624,0.1870346
1750940985965,567308447,-0.3557132,0.13222624,0.1870346
1750940985982,567325114,-0.07492643,0.17615938,0.11462021
1750940985982,567325114,-0.07492643,0.17615938,0.11462021
1750940985998,567341781,0.4185347,0.24373282,0.10272503
1750940985998,567341781,0.4185347,0.24373282,0.10272503
1750940986015,567358448,0.7687022,0.64227444,-0.008187294
1750940986015,567358448,0.7687022,0.64227444,-0.008187294
1750940986032,567375115,1.0297543,1.2452282,-0.42881393
1750940986032,567375115,1.0297543,1.2452282,-0.42881393
1750940986048,567391782,1.3590082,1.7760112,-0.3735628
1750940986048,567391782,1.3590082,1.7760112,-0.3735628
1750940986065,567408449,2.1416216,1.1855983,0.67311096
1750940986065,567408449,2.1416216,1.1855983,0.67311096
1750940986082,567425116,2.4316497,-0.051344838,1.8534689
1750940986082,567425116,2.4316497,-0.051344838,1.8534689
1750940986098,567441783,3.2483745,0.036125336,2.051076
1750940986098,567441783,3.2483745,0.036125336,2.051076
1750940986115,567458450,3.2588775,-0.042324077,1.4520082
1750940986115,567458450,3.2588775,-0.042324077,1.4520082
1750940986132,567475117,4.729913,1.2856603,1.9870939
1750940986132,567475117,4.729913,1.2856603,1.9870939
1750940986148,567491784,5.6923146,2.2634444,2.5815878
1750940986148,567491784,5.6923146,2.2634444,2.5815878
1750940986165,567508451,7.3818603,3.3558083,2.767272
1750940986165,567508451,7.3818603,3.3558083,2.767272
1750940986182,567525118,9.22653,5.9050856,2.6141615
1750940986182,567525118,9.22653,5.9050856,2.6141615
1750940986198,567541785,8.634335,5.398297,3.466835
1750940986198,567541785,8.634335,5.398297,3.466835
1750940986215,567558452,4.1747885,4.8796196,4.8217134
1750940986215,567558452,4.1747885,4.8796196,4.8217134
1750940986232,567575119,0.6723247,15.392773,7.9152737
1750940986232,567575119,0.6723247,15.392773,7.9152737
1750940986248,567591786,7.8683615,7.5241847,2.2650652
1750940986248,567591786,7.8683615,7.5241847,2.2650652
1750940986265,567608453,10.683559,2.4283032,-3.2530613
1750940986265,567608453,10.683559,2.4283032,-3.2530613
1750940986282,567625120,6.1053963,0.80963075,-5.802336
1750940986282,567625120,6.1053963,0.80963075,-5.802336
1750940986298,567641787,-0.3495603,4.6981,3.7078247
1750940986298,567641787,-0.3495603,4.6981,3.7078247
1750940986315,567658454,0.8918186,6.0017715,-2.3721123
1750940986315,567658454,0.8918186,6.0017715,-2.3721123
1750940986332,567675121,4.5264482,3.7767584,-7.5337644
1750940986332,567675121,4.5264482,3.7767584,-7.5337644
1750940986348,567691788,5.543293,2.7977605,-7.2662616
1750940986348,567691788,5.543293,2.7977605,-7.2662616
1750940986365,567708455,4.263016,2.5905764,-5.9599123
1750940986365,567708455,4.263016,2.5905764,-5.9599123
1750940986382,567725122,3.5050259,1.2519467,-5.097136
1750940986382,567725122,3.5050259,1.2519467,-5.097136
1750940986398,567741789,2.536899,0.82627153,-3.6123004
1750940986398,567741789,2.536899,0.82627153,-3.6123004
1750940986415,567758456,2.554664,0.37490898,-2.7538424
1750940986415,567758456,2.554664,0.37490898,-2.7538424
1750940986432,567775123,3.4676645,-0.6171987,-1.98805
1750940986432,567775123,3.4676645,-0.6171987,-1.98805
1750940986448,567791790,3.518325,-1.2386708,-0.84272194
1750940986448,567791790,3.518325,-1.2386708,-0.84272194
1750940986465,567808457,2.498603,-1.153944,0.47522163
1750940986465,567808457,2.498603,-1.153944,0.47522163
1750940986482,567825124,1.108313,-1.3832158,2.048255
1750940986482,567825124,1.108313,-1.3832158,2.048255
1750940986498,567841791,-0.47572413,-2.0310028,2.9276018
1750940986498,567841791,-0.47572413,-2.0310028,2.9276018
1750940986515,567858458,-1.1008655,-2.4439633,4.3323116
1750940986515,567858458,-1.1008655,-2.4439633,4.3323116
1750940986532,567875125,-4.023585,-2.928613,6.3715496
1750940986532,567875125,-4.023585,-2.928613,6.3715496
1750940986548,567891792,-6.8336067,-3.0848181,6.469057
1750940986548,567891792,-6.8336067,-3.0848181,6.469057
1750940986565,567908459,-8.741079,-3.2250626,5.5216646
1750940986565,567908459,-8.741079,-3.2250626,5.5216646
1750940986582,567925126,-10.151723,-3.6665642,3.4225655
1750940986582,567925126,-10.151723,-3.6665642,3.4225655
1750940986598,567941793,-11.928747,-3.4130464,-0.8822079
1750940986598,567941793,-11.928747,-3.4130464,-0.8822079
1750940986615,567958460,-12.636944,-3.341376,-5.2786665
1750940986615,567958460,-12.636944,-3.341376,-5.2786665
1750940986632,567975127,-13.978628,-3.9520228,-9.126661
1750940986632,567975127,-13.978628,-3.9520228,-9.126661
1750940986648,567991794,-14.214142,-2.8045366,-11.111104
1750940986648,567991794,-14.214142,-2.8045366,-11.111104
1750940986665,568008461,-13.427313,-3.6294332,-6.102305
1750940986665,568008461,-13.427313,-3.6294332,-6.102305
1750940986682,568025128,-11.109131,-0.3359472,-5.92871
1750940986682,568025128,-11.109131,-0.3359472,-5.92871
1750940986698,568041795,10.046565,0.80836934,11.698696
1750940986698,568041795,10.046565,0.80836934,11.698696
1750940986715,568058462,4.4231825,-5.2927732,-2.5043159
1750940986715,568058462,4.4231825,-5.2927732,-2.5043159
1750940986732,568075129,-3.2282925,-14.004688,0.07898712
1750940986732,568075129,-3.2282925,-14.004688,0.07898712
1750940986748,568091796,1.3377799,-9.556295,0.9798584
1750940986748,568091796,1.3377799,-9.556295,0.9798584
1750940986765,568108463,-4.030807,-0.5336005,1.0762625
1750940986765,568108463,-4.030807,-0.5336005,1.0762625
1750940986782,568125130,-8.222311,3.6778946,2.0017357
1750940986782,568125130,-8.222311,3.6778946,2.0017357
1750940986798,568141797,-5.978005,0.67264295,1.5484371
1750940986798,568141797,-5.978005,0.67264295,1.5484371
1750940986815,568158464,-8.577545,2.083312,1.649169
1750940986815,568158464,-8.577545,2.083312,1.649169
1750940986832,568175131,-3.6126158,-3.2386875,1.3453732
1750940986832,568175131,-3.6126158,-3.2386875,1.3453732
1750940986848,568191798,-1.3582724,-2.8358266,0.60267067
1750940986848,568191798,-1.3582724,-2.8358266,0.60267067
1750940986865,568208465,-1.810405,-0.7404844,-0.11184406
1750940986865,568208465,-1.810405,-0.7404844,-0.11184406
1750940986882,568225132,-1.4188395,-0.7496342,0.10165882
1750940986882,568225132,-1.4188395,-0.7496342,0.10165882
1750940986898,568241799,-0.94827694,-1.321613,0.5430088
1750940986898,568241799,-0.94827694,-1.321613,0.5430088
1750940986915,568258466,-0.9665134,-0.46262693,0.5376167
1750940986915,568258466,-0.9665134,-0.46262693,0.5376167
1750940986932,568275133,-1.1231426,0.0045870445,0.3225832
1750940986932,568275133,-1.1231426,0.0045870445,0.3225832
1750940986948,568291800,-1.1279345,-0.037238374,0.073898315
1750940986948,568291800,-1.1279345,-0.037238374,0.073898315
1750940986965,568308467,-0.9829141,0.24864386,0.036818504
1750940986965,568308467,-0.9829141,0.24864386,0.036818504
1750940986982,568325134,-0.6339164,0.063435435,-0.14086437
1750940986982,568325134,-0.6339164,0.063435435,-0.14086437
1750940986998,568341801,-0.31748804,0.026981814,-0.028861046
1750940986998,568341801,-0.31748804,0.026981814,-0.028861046
1750940987015,568358468,0.022708694,0.35238963,0.07415676
1750940987015,568358468,0.022708694,0.35238963,0.07415676
1750940987032,568375135,0.058750827,0.47331876,-0.0027618408
1750940987032,568375135,0.058750827,0.47331876,-0.0027618408
1750940987048,568391802,0.098638415,0.38745624,-0.07654476
1750940987048,568391802,0.098638415,0.38745624,-0.07654476
1750940987065,568408469,-0.19775373,0.45340848,-0.02807331
1750940987065,568408469,-0.19775373,0.45340848,-0.02807331
1750940987082,568425136,-0.027446749,0.44152766,-0.04703331
1750940987082,568425136,-0.027446749,0.44152766,-0.04703331
1750940987098,568441803,-0.083959594,0.5909817,0.26757336
1750940987098,568441803,-0.083959594,0.5909817,0.26757336
1750940987115,568458470,-0.27615428,0.44971204,0.1259203
1750940987115,568458470,-0.27615428,0.44971204,0.1259203
1750940987132,568475137,-0.26946115,0.43645072,0.09220028
1750940987132,568475137,-0.26946115,0.43645072,0.09220028
1750940987148,568491804,-0.19089496,0.29420575,0.030329704
1750940987148,568491804,-0.19089496,0.29420575,0.030329704
1750940987165,568508471,-0.03869356,0.25051945,0.083922386
1750940987165,568508471,-0.03869356,0.25051945,0.083922386
1750940987182,568525138,-0.0029525503,0.49028438,0.21704578
1750940987182,568525138,-0.0029525503,0.49028438,0.21704578
1750940987198,568541805,0.40971613,0.47849312,0.12600994
1750940987198,568541805,0.40971613,0.47849312,0.12600994
1750940987215,568558472,0.9297665,0.69253004,-0.043004036
1750940987215,568558472,0.9297665,0.69253004,-0.043004036
1750940987232,568575139,1.4232274,1.0720417,-0.121953964
1750940987232,568575139,1.4232274,1.0720417,-0.121953964
1750940987248,568591806,2.272441,1.4710472,0.8266392
1750940987248,568591806,2.272441,1.4710472,0.8266392
1750940987265,568608473,2.6366003,-0.1008491,0.8693571
1750940987265,568608473,2.6366003,-0.1008491,0.8693571
1750940987282,568625140,2.7567134,0.20220737,0.9857006
1750940987282,568625140,2.7567134,0.20220737,0.9857006
1750940987298,568641807,4.5253615,1.3326027,1.7305784
1750940987298,568641807,4.5253615,1.3326027,1.7305784
1750940987315,568658474,4.386839,1.794404,1.8188848
1750940987315,568658474,4.386839,1.794404,1.8188848
1750940987332,568675141,6.752702,0.52574056,2.6913643
1750940987332,568675141,6.752702,0.52574056,2.6913643
1750940987348,568691808,9.58954,1.8309948,3.1313696
1750940987348,568691808,9.58954,1.8309948,3.1313696
1750940987365,568708475,9.137647,5.225974,2.8581476
1750940987365,568708475,9.137647,5.225974,2.8581476
1750940987382,568725142,11.033865,4.260672,3.0922165
1750940987382,568725142,11.033865,4.260672,3.0922165
1750940987398,568741809,5.9391365,5.960731,5.5760384
1750940987398,568741809,5.9391365,5.960731,5.5760384
1750940987415,568758476,3.3168643,12.989326,8.604292
1750940987415,568758476,3.3168643,12.989326,8.604292
1750940987432,568775143,9.380242,8.061969,2.0569267
1750940987432,568775143,9.380242,8.061969,2.0569267
1750940987448,568791810,9.110117,3.4657347,-4.1790338
1750940987448,568791810,9.110117,3.4657347,-4.1790338
1750940987465,568808477,3.2897162,3.1349304,-6.1594167
1750940987465,568808477,3.2897162,3.1349304,-6.1594167
1750940987482,568825144,1.6606863,5.2515144,2.6631947
1750940987482,568825144,1.6606863,5.2515144,2.6631947
1750940987498,568841811,3.852607,4.1153884,-5.6212606
1750940987498,568841811,3.852607,4.1153884,-5.6212606
1750940987515,568858478,5.580285,2.97191,-7.7540436
1750940987515,568858478,5.580285,2.97191,-7.7540436
1750940987532,568875145,5.165633,3.3464766,-7.068183
1750940987532,568875145,5.165633,3.3464766,-7.068183
1750940987548,568891812,4.0247436,2.6031234,-5.7600665
1750940987548,568891812,4.0247436,2.6031234,-5.7600665
1750940987565,568908479,2.6891057,1.6811742,-4.295191
1750940987565,568908479,2.6891057,1.6811742,-4.295191
1750940987582,568925146,2.6132736,1.5632181,-2.8812137
1750940987582,568925146,2.6132736,1.5632181,-2.8812137
1750940987598,568941813,3.1166842,1.5425086,-2.1882024
1750940987598,568941813,3.1166842,1.5425086,-2.1882024
1750940987615,568958480,3.4863245,1.3838739,-1.3778172
1750940987615,568958480,3.4863245,1.3838739,-1.3778172
1750940987632,568975147,3.0861516,0.46946844,-0.6350794
1750940987632,568975147,3.0861516,0.46946844,-0.6350794
1750940987648,568991814,2.3998685,-0.52111834,0.5295353
1750940987648,568991814,2.3998685,-0.52111834,0.5295353
1750940987665,569008481,1.0526491,-0.6568202,1.8240185
1750940987665,569008481,1.0526491,-0.6568202,1.8240185
1750940987682,569025148,0.20347075,-0.4966478,3.5963154
1750940987682,569025148,0.20347075,-0.4966478,3.5963154
1750940987698,569041815,-1.2776959,-1.7489814,5.3207264
1750940987698,569041815,-1.2776959,-1.7489814,5.3207264
1750940987715,569058482,-2.6606998,-2.8204157,5.8164597
1750940987715,569058482,-2.6606998,-2.8204157,5.8164597
1750940987732,569075149,-4.3876767,-3.0377133,6.2790203
1750940987732,569075149,-4.3876767,-3.0377133,6.2790203
1750940987748,569091816,-6.815109,-3.9076262,5.424302
1750940987748,569091816,-6.815109,-3.9076262,5.424302
1750940987765,569108483,-8.371334,-4.361439,3.0416346
1750940987765,569108483,-8.371334,-4.361439,3.0416346
1750940987782,569125150,-10.301037,-3.9306927,0.54477787
1750940987782,569125150,-10.301037,-3.9306927,0.54477787
1750940987798,569141817,-11.417841,-4.23584,-3.0803118
1750940987798,569141817,-11.417841,-4.23584,-3.0803118
1750940987815,569158484,-11.880321,-5.3477283,-7.826226
1750940987815,569158484,-11.880321,-5.3477283,-7.826226
1750940987832,569175151,-11.462002,-5.56789,-11.04549
1750940987832,569175151,-11.462002,-5.56789,-11.04549
1750940987848,569191818,-12.372746,-4.214683,-10.602634
1750940987848,569191818,-12.372746,-4.214683,-10.602634
1750940987865,569208485,-11.597866,-3.6416755,-2.98552
1750940987865,569208485,-11.597866,-3.6416755,-2.98552
1750940987882,569225152,-4.3452697,-0.7360667,-1.1291065
1750940987882,569225152,-4.3452697,-0.7360667,-1.1291065
1750940987898,569241819,9.790692,4.7191176,9.044321
1750940987898,569241819,9.790692,4.7191176,9.044321
1750940987915,569258486,-5.8709345,-9.154173,-3.0788798
1750940987915,569258486,-5.8709345,-9.154173,-3.0788798
1750940987932,569275153,-1.8501759,-2.890904,2.6459427
1750940987932,569275153,-1.8501759,-2.890904,2.6459427
1750940987948,569291820,-5.0187807,-2.68773,1.7282162
1750940987948,569291820,-5.0187807,-2.68773,1.7282162
1750940987965,569308487,-5.3455424,0.37658346,1.5974617
1750940987965,569308487,-5.3455424,0.37658346,1.5974617
1750940987982,569325154,-6.078274,-1.398387,1.4748173
1750940987982,569325154,-6.078274,-1.398387,1.4748173
1750940987998,569341821,-5.738241,-0.09287567,2.322688
1750940987998,569341821,-5.738241,-0.09287567,2.322688
1750940988015,569358488,-5.9011407,0.6120578,1.5540028
1750940988015,569358488,-5.9011407,0.6120578,1.5540028
1750940988032,569375155,-1.9055729,-3.2535872,0.72127724
1750940988032,569375155,-1.9055729,-3.2535872,0.72127724
1750940988048,569391822,-1.1936911,-1.2619514,0.21453762
1750940988048,569391822,-1.1936911,-1.2619514,0.21453762
1750940988065,569408489,-0.75975114,-0.5018322,0.07727432
1750940988065,569408489,-0.75975114,-0.5018322,0.07727432
1750940988082,569425156,-0.5755858,-0.3475567,0.12170315
1750940988082,569425156,-0.5755858,-0.3475567,0.12170315
1750940988098,569441823,-0.34188765,-0.20956306,0.41616058
1750940988098,569441823,-0.34188765,-0.20956306,0.41616058
1750940988115,569458490,-0.6322598,0.109836504,0.38978386
1750940988115,569458490,-0.6322598,0.109836504,0.38978386
1750940988132,569475157,-1.0309739,0.061632693,0.13912964
1750940988132,569475157,-1.0309739,0.061632693,0.13912964
1750940988148,569491824,-0.9311722,-0.00778585,0.032139778
1750940988148,569491824,-0.9311722,-0.00778585,0.032139778
1750940988165,569508491,-0.596142,-0.06370946,-0.012975693
1750940988165,569508491,-0.596142,-0.06370946,-0.012975693
1750940988182,569525158,-0.26585734,0.14440614,0.051270485
1750940988182,569525158,-0.26585734,0.14440614,0.051270485
1750940988198,569541825,0.05392619,0.42241165,0.17473984
1750940988198,569541825,0.05392619,0.42241165,0.17473984
1750940988215,569558492,0.03235621,0.15453339,0.17043209
1750940988215,569558492,0.03235621,0.15453339,0.17043209
1750940988232,569575159,0.050207518,0.35477263,0.10059166
1750940988232,569575159,0.050207518,0.35477263,0.10059166
1750940988248,569591826,0.027479073,0.7817142,0.15755653
1750940988248,569591826,0.027479073,0.7817142,0.15755653
1750940988265,569608493,0.15673399,0.7285559,0.13758087
1750940988265,569608493,0.15673399,0.7285559,0.13758087
1750940988282,569625160,0.22502749,0.7683547,0.07918739
1750940988282,569625160,0.22502749,0.7683547,0.07918739
1750940988298,569641827,0.42373037,0.9058968,0.05323887
1750940988298,569641827,0.42373037,0.9058968,0.05323887
1750940988315,569658494,0.3959179,0.7569655,0.1545229
1750940988315,569658494,0.3959179,0.7569655,0.1545229
1750940988332,569675161,0.58344936,0.711931,0.23830223
1750940988332,569675161,0.58344936,0.711931,0.23830223
1750940988348,569691828,0.7839546,0.6462432,0.050585747
1750940988348,569691828,0.7839546,0.6462432,0.050585747
1750940988365,569708495,1.1811209,0.76285833,-0.16906643
1750940988365,569708495,1.1811209,0.76285833,-0.16906643
1750940988382,569725162,1.7608299,1.1565278,0.01567936
1750940988382,569725162,1.7608299,1.1565278,0.01567936
1750940988398,569741829,2.8676765,0.391997,0.88492393
1750940988398,569741829,2.8676765,0.391997,0.88492393
1750940988415,569758496,3.3742263,0.06607736,0.8825388
1750940988415,569758496,3.3742263,0.06607736,0.8825388
1750940988432,569775163,3.4893763,1.2130413,0.9787159
1750940988432,569775163,3.4893763,1.2130413,0.9787159
1750940988448,569791830,3.7456355,2.1696777,1.101119
1750940988448,569791830,3.7456355,2.1696777,1.101119
1750940988465,569808497,5.169256,2.690561,1.5078716
1750940988465,569808497,5.169256,2.690561,1.5078716
1750940988482,569825164,7.4255304,3.0071177,2.327549
1750940988482,569825164,7.4255304,3.0071177,2.327549
1750940988498,569841831,10.027001,3.040384,2.8652048
1750940988498,569841831,10.027001,3.040384,2.8652048
1750940988515,569858498,12.818173,5.356224,2.815755
1750940988515,569858498,12.818173,5.356224,2.815755
1750940988532,569875165,11.961986,6.6310835,2.877039
1750940988532,569875165,11.961986,6.6310835,2.877039
1750940988548,569891832,3.733809,6.6579547,6.094036
1750940988548,569891832,3.733809,6.6579547,6.094036
1750940988565,569908499,1.5017775,14.226755,8.238527
1750940988565,569908499,1.5017775,14.226755,8.238527
1750940988582,569925166,8.965265,8.149749,0.71077824
1750940988582,569925166,8.965265,8.149749,0.71077824
1750940988598,569941833,9.767208,4.1325493,-5.794332
1750940988598,569941833,9.767208,4.1325493,-5.794332
1750940988615,569958500,5.479822,2.9886944,-6.590686
1750940988615,569958500,5.479822,2.9886944,-6.590686
1750940988632,569975167,-0.67911047,5.955416,3.5358582
1750940988632,569975167,-0.67911047,5.955416,3.5358582
1750940988648,569991834,3.3769658,6.0569983,-7.475602
1750940988648,569991834,3.3769658,6.0569983,-7.475602
1750940988665,570008501,5.9876733,3.8257225,-8.137199
1750940988665,570008501,5.9876733,3.8257225,-8.137199
1750940988682,570025168,5.2921133,3.53173,-6.8064365
1750940988682,570025168,5.2921133,3.53173,-6.8064365
1750940988698,570041835,5.1313143,1.8811932,-5.2897735
1750940988698,570041835,5.1313143,1.8811932,-5.2897735
1750940988715,570058502,3.9297383,0.72052366,-4.1255703
1750940988715,570058502,3.9297383,0.72052366,-4.1255703
1750940988732,570075169,3.5141718,0.5152556,-3.3760734
1750940988732,570075169,3.5141718,0.5152556,-3.3760734
1750940988748,570091836,3.7836957,0.5813159,-2.4791288
1750940988748,570091836,3.7836957,0.5813159,-2.4791288
1750940988765,570108503,3.408466,0.47249085,-0.94307613
1750940988765,570108503,3.408466,0.47249085,-0.94307613
1750940988782,570125170,3.0544415,0.3326941,0.0075330734
1750940988782,570125170,3.0544415,0.3326941,0.0075330734
1750940988798,570141837,1.8847066,-0.64842623,1.3501215
1750940988798,570141837,1.8847066,-0.64842623,1.3501215
1750940988815,570158504,0.35719547,-0.85928106,2.2269764
1750940988815,570158504,0.35719547,-0.85928106,2.2269764
1750940988832,570175171,0.1660181,-1.1106358,3.8667412
1750940988832,570175171,0.1660181,-1.1106358,3.8667412
1750940988848,570191838,-2.2953787,-2.1136248,5.676214
1750940988848,570191838,-2.2953787,-2.1136248,5.676214
1750940988865,570208505,-3.776512,-2.74716,6.393507
1750940988865,570208505,-3.776512,-2.74716,6.393507
1750940988882,570225172,-5.7903357,-3.2415566,6.6114864
1750940988882,570225172,-5.7903357,-3.2415566,6.6114864
1750940988898,570241839,-8.04887,-3.4549828,5.3387003
1750940988898,570241839,-8.04887,-3.4549828,5.3387003
1750940988915,570258506,-10.155337,-3.8410993,3.0199594
1750940988915,570258506,-10.155337,-3.8410993,3.0199594
1750940988932,570275173,-10.852566,-4.623337,-0.03118515
1750940988932,570275173,-10.852566,-4.623337,-0.03118515
1750940988948,570291840,-12.400745,-5.1725326,-3.674605
1750940988948,570291840,-12.400745,-5.1725326,-3.674605
1750940988965,570308507,-13.749668,-5.683964,-7.2907104
1750940988965,570308507,-13.749668,-5.683964,-7.2907104
1750940988982,570325174,-13.93453,-4.844063,-10.550349
1750940988982,570325174,-13.93453,-4.844063,-10.550349
1750940988998,570341841,-13.972735,-5.0754957,-11.072236
1750940988998,570341841,-13.972735,-5.0754957,-11.072236
1750940989015,570358508,-11.9376,-6.3919907,-1.433919
1750940989015,570358508,-11.9376,-6.3919907,-1.433919
1750940989032,570375175,6.553301,0.8378649,4.9087553
1750940989032,570375175,6.553301,0.8378649,4.9087553
1750940989048,570391842,7.346403,4.162785,3.4539967
1750940989048,570391842,7.346403,4.162785,3.4539967
1750940989065,570408509,-2.3097813,-15.028407,-1.9006019
1750940989065,570408509,-2.3097813,-15.028407,-1.9006019
1750940989082,570425176,1.1975715,-3.8170967,1.8692675
1750940989082,570425176,1.1975715,-3.8170967,1.8692675
1750940989098,570441843,-3.4178033,-0.91650885,1.6527481
1750940989098,570441843,-3.4178033,-0.91650885,1.6527481
1750940989115,570458510,-7.075547,4.466355,2.208209
1750940989115,570458510,-7.075547,4.466355,2.208209
1750940989132,570475177,-4.305346,-0.22028442,1.0184603
1750940989132,570475177,-4.305346,-0.22028442,1.0184603
1750940989148,570491844,-7.573708,2.3577087,2.0044727
1750940989148,570491844,-7.573708,2.3577087,2.0044727
1750940989165,570508511,-5.5148196,-0.0068008285,2.6608047
1750940989165,570508511,-5.5148196,-0.0068008285,2.6608047
1750940989182,570525178,-1.3134927,-3.3534029,0.8031311
1750940989182,570525178,-1.3134927,-3.3534029,0.8031311
1750940989198,570541845,-0.29386148,-2.0260797,0.17828178
1750940989198,570541845,-0.29386148,-2.0260797,0.17828178
1750940989215,570558512,-1.137382,-0.94610745,0.29234505
1750940989215,570558512,-1.137382,-0.94610745,0.29234505
1750940989232,570575179,-0.6493312,-0.9003111,0.18987083
1750940989232,570575179,-0.6493312,-0.9003111,0.18987083
1750940989248,570591846,-0.3591595,-0.6433116,0.41984653
1750940989248,570591846,-0.3591595,-0.6433116,0.41984653
1750940989265,570608513,-0.7215311,0.15480764,0.5302048
1750940989265,570608513,-0.7215311,0.15480764,0.5302048
1750940989282,570625180,-0.8933823,0.3470147,0.25787163
1750940989282,570625180,-0.8933823,0.3470147,0.25787163
1750940989298,570641847,-0.8411947,0.29506058,0.071448326
1750940989298,570641847,-0.8411947,0.29506058,0.071448326
1750940989315,570658514,-0.53021735,0.074305095,0.122644424
1750940989315,570658514,-0.53021735,0.074305095,0.122644424
1750940989332,570675181,-0.04243346,0.31674737,-0.029298782
1750940989332,570675181,-0.04243346,0.31674737,-0.029298782
1750940989348,570691848,-0.061857436,0.62382925,0.22799873
1750940989348,570691848,-0.061857436,0.62382925,0.22799873
1750940989365,570708515,0.32621554,0.34009942,0.111390114
1750940989365,570708515,0.32621554,0.34009942,0.111390114
1750940989382,570725182,0.6343349,0.40793082,0.21648407
1750940989382,570725182,0.6343349,0.40793082,0.21648407
1750940989398,570741849,0.26682153,0.85303426,0.012680054
1750940989398,570741849,0.26682153,0.85303426,0.012680054
1750940989415,570758516,0.2344438,0.98036045,-0.02025032
1750940989415,570758516,0.2344438,0.98036045,-0.02025032
1750940989432,570775183,0.44302258,1.0579908,-0.09257698
1750940989432,570775183,0.44302258,1.0579908,-0.09257698
1750940989448,570791850,0.6094318,1.2003808,-0.19190979
1750940989448,570791850,0.6094318,1.2003808,-0.19190979
1750940989465,570808517,0.5327655,1.1822664,-0.22622395
1750940989465,570808517,0.5327655,1.1822664,-0.22622395
1750940989482,570825184,0.7718331,0.9502226,-0.3092556
1750940989482,570825184,0.7718331,0.9502226,-0.3092556
1750940989498,570841851,1.0856972,1.1224808,-0.39326954
1750940989498,570841851,1.0856972,1.1224808,-0.39326954
1750940989515,570858518,1.5581628,1.4455898,-0.52621937
1750940989515,570858518,1.5581628,1.4455898,-0.52621937
1750940989532,570875185,1.7904437,1.6312374,-0.5689497
1750940989532,570875185,1.7904437,1.6312374,-0.5689497
1750940989548,570891852,1.8941281,1.6938918,-0.65365696
1750940989548,570891852,1.8941281,1.6938918,-0.65365696
1750940989565,570908519,1.7912465,1.5653368,-0.45569706
1750940989565,570908519,1.7912465,1.5653368,-0.45569706
1750940989582,570925186,1.8484957,0.8696556,-0.10960674
1750940989582,570925186,1.8484957,0.8696556,-0.10960674
1750940989598,570941853,4.070329,0.5797782,1.5509129
1750940989598,570941853,4.070329,0.5797782,1.5509129
1750940989615,570958520,3.5488882,-0.20203783,1.3180819
1750940989615,570958520,3.5488882,-0.20203783,1.3180819
1750940989632,570975187,4.5708222,1.3729626,2.014473
1750940989632,570975187,4.5708222,1.3729626,2.014473
1750940989648,570991854,6.377876,1.6481632,2.3692923
1750940989648,570991854,6.377876,1.6481632,2.3692923
1750940989665,571008521,9.431095,1.7777709,2.733405
1750940989665,571008521,9.431095,1.7777709,2.733405
1750940989682,571025188,11.928554,2.6731458,2.7727623
1750940989682,571025188,11.928554,2.6731458,2.7727623
1750940989698,571041855,14.227104,6.4985876,2.5696287
1750940989698,571041855,14.227104,6.4985876,2.5696287
1750940989715,571058522,8.491808,5.164918,3.7900724
1750940989715,571058522,8.491808,5.164918,3.7900724
1750940989732,571075189,3.7441301,10.312666,9.393839
1750940989732,571075189,3.7441301,10.312666,9.393839
1750940989748,571091856,7.0422997,12.425226,7.775469
1750940989748,571091856,7.0422997,12.425226,7.775469
1750940989765,571108523,10.362183,7.472434,-2.3226466
1750940989765,571108523,10.362183,7.472434,-2.3226466
1750940989782,571125190,7.1168857,2.4034464,-7.8002195
1750940989782,571125190,7.1168857,2.4034464,-7.8002195
1750940989798,571141857,2.3533356,5.2766232,-0.27562428
1750940989798,571141857,2.3533356,5.2766232,-0.27562428
1750940989815,571158524,2.969139,6.434676,-4.3077073
1750940989815,571158524,2.969139,6.434676,-4.3077073
1750940989832,571175191,6.091901,3.4055169,-9.393866
1750940989832,571175191,6.091901,3.4055169,-9.393866
1750940989848,571191858,4.982927,2.1247017,-8.462824
1750940989848,571191858,4.982927,2.1247017,-8.462824
1750940989865,571208525,3.6083674,1.1958162,-6.8503776
1750940989865,571208525,3.6083674,1.1958162,-6.8503776
1750940989882,571225192,1.1015172,1.2596784,-5.5788474
1750940989882,571225192,1.1015172,1.2596784,-5.5788474
1750940989898,571241859,0.8551644,1.7704005,-5.1104703
1750940989898,571241859,0.8551644,1.7704005,-5.1104703
1750940989915,571258526,1.7716379,2.0393827,-4.703797
1750940989915,571258526,1.7716379,2.0393827,-4.703797
1750940989932,571275193,0.6947374,3.0289211,-3.190009
1750940989932,571275193,0.6947374,3.0289211,-3.190009
1750940989948,571291860,-0.89470434,2.8516266,-1.2034702
1750940989948,571291860,-0.89470434,2.8516266,-1.2034702
1750940989965,571308527,-3.5766344,2.9564645,0.49851322
1750940989965,571308527,-3.5766344,2.9564645,0.49851322
1750940989982,571325194,-5.3199573,3.3478935,3.5719967
1750940989982,571325194,-5.3199573,3.3478935,3.5719967
1750940989998,571341861,-10.914631,2.0484447,6.0845537
1750940989998,571341861,-10.914631,2.0484447,6.0845537
1750940990015,571358528,-13.569823,-0.41288608,5.422101
1750940990015,571358528,-13.569823,-0.41288608,5.422101
1750940990032,571375195,-13.340842,-3.4185927,4.12891
1750940990032,571375195,-13.340842,-3.4185927,4.12891
1750940990048,571391862,-11.711141,-5.6509643,3.428609
1750940990048,571391862,-11.711141,-5.6509643,3.428609
1750940990065,571408529,-11.790965,-7.094346,2.107689
1750940990065,571408529,-11.790965,-7.094346,2.107689
1750940990082,571425196,-11.023257,-7.9493303,1.0954914
1750940990082,571425196,-11.023257,-7.9493303,1.0954914
1750940990098,571441863,-9.493883,-8.830268,-0.39516926
1750940990098,571441863,-9.493883,-8.830268,-0.39516926
1750940990115,571458530,-6.436145,-8.146918,-0.6669636
1750940990115,571458530,-6.436145,-8.146918,-0.6669636
1750940990132,571475197,-4.8595314,-7.02715,-1.1831608
1750940990132,571475197,-4.8595314,-7.02715,-1.1831608
1750940990148,571491864,-5.246684,-8.133443,-2.2660222
1750940990148,571491864,-5.246684,-8.133443,-2.2660222
1750940990165,571508531,-4.711688,-7.9237275,-2.1916246
1750940990165,571508531,-4.711688,-7.9237275,-2.1916246
1750940990182,571525198,-4.2598643,-6.238072,-1.4172964
1750940990182,571525198,-4.2598643,-6.238072,-1.4172964
1750940990198,571541865,1.7268542,2.1823583,-0.04929638
1750940990198,571541865,1.7268542,2.1823583,-0.04929638
1750940990215,571558532,5.352083,5.1293845,1.9996777
1750940990215,571558532,5.352083,5.1293845,1.9996777
1750940990232,571575199,3.3550346,0.3565852,5.19118
1750940990232,571575199,3.3550346,0.3565852,5.19118
1750940990248,571591866,4.650185,-2.3181825,4.5844746
1750940990248,571591866,4.650185,-2.3181825,4.5844746
1750940990265,571608533,-2.050855,-3.677047,0.8417616
1750940990265,571608533,-2.050855,-3.677047,0.8417616
1750940990282,571625200,0.61596775,-0.29699183,0.5901146
1750940990282,571625200,0.61596775,-0.29699183,0.5901146
1750940990298,571641867,-0.80942935,-2.6286733,0.53821373
1750940990298,571641867,-0.80942935,-2.6286733,0.53821373
1750940990315,571658534,0.39215347,0.026424708,0.16996098
1750940990315,571658534,0.39215347,0.026424708,0.16996098
1750940990332,571675201,0.49552286,0.1968207,0.19928169
1750940990332,571675201,0.49552286,0.1968207,0.19928169
1750940990348,571691868,0.84942836,0.10191196,0.36784554
1750940990348,571691868,0.84942836,0.10191196,0.36784554
1750940990365,571708535,0.6909608,-0.09886045,0.30904198
1750940990365,571708535,0.6909608,-0.09886045,0.30904198
1750940990382,571725202,0.30949482,-0.32203433,0.11837292
1750940990382,571725202,0.30949482,-0.32203433,0.11837292
1750940990398,571741869,0.33533782,0.17076457,-0.010665894
1750940990398,571741869,0.33533782,0.17076457,-0.010665894
1750940990415,571758536,0.15207553,0.39369762,-0.14911461
1750940990415,571758536,0.15207553,0.39369762,-0.14911461
1750940990432,571775203,-0.17287341,0.76240325,-0.34745693
1750940990432,571775203,-0.17287341,0.76240325,-0.34745693
1750940990448,571791870,-0.37132096,-0.04624036,-0.2254076
1750940990448,571791870,-0.37132096,-0.04624036,-0.2254076
1750940990465,571808537,0.45278272,0.6434124,-0.12425518
1750940990465,571808537,0.45278272,0.6434124,-0.12425518
1750940990482,571825204,1.2017217,0.76166904,0.11201954
1750940990482,571825204,1.2017217,0.76166904,0.11201954
1750940990498,571841871,1.3086636,0.85638845,0.16104889
1750940990498,571841871,1.3086636,0.85638845,0.16104889
1750940990515,571858538,0.5805955,0.38623744,0.14807701
1750940990515,571858538,0.5805955,0.38623744,0.14807701
1750940990532,571875205,0.7782095,0.17532547,0.20848465
1750940990532,571875205,0.7782095,0.17532547,0.20848465
1750940990548,571891872,1.0493965,0.40803677,0.22518826
1750940990548,571891872,1.0493965,0.40803677,0.22518826
1750940990565,571908539,1.1180395,0.37838644,0.17155457
1750940990565,571908539,1.1180395,0.37838644,0.17155457
1750940990582,571925206,0.6184402,0.021792848,0.2648039
1750940990582,571925206,0.6184402,0.021792848,0.2648039
1750940990598,571941873,0.5368513,-0.041774124,0.29033375
1750940990598,571941873,0.5368513,-0.041774124,0.29033375
1750940990615,571958540,0.82087636,0.22991236,0.25334454
1750940990615,571958540,0.82087636,0.22991236,0.25334454
1750940990632,571975207,1.0759579,0.85854757,0.07331371
1750940990632,571975207,1.0759579,0.85854757,0.07331371
1750940990648,571991874,1.0290483,1.3231798,-0.10383892
1750940990648,571991874,1.0290483,1.3231798,-0.10383892
1750940990665,572008541,0.6421009,0.6547394,0.09225941
1750940990665,572008541,0.6421009,0.6547394,0.09225941
1750940990682,572025208,0.18082422,0.20663638,-0.03148842
1750940990682,572025208,0.18082422,0.20663638,-0.03148842
1750940990698,572041875,0.4832256,0.17836279,-0.041909218
1750940990698,572041875,0.4832256,0.17836279,-0.041909218
1750940990715,572058542,0.4500733,0.34265038,-0.1479578
1750940990715,572058542,0.4500733,0.34265038,-0.1479578
1750940990732,572075209,0.45136833,0.8597422,-0.35499763
1750940990732,572075209,0.45136833,0.8597422,-0.35499763
1750940990748,572091876,0.52617544,0.75893223,-0.19524193
1750940990748,572091876,0.52617544,0.75893223,-0.19524193
1750940990765,572108543,0.38368502,0.22352235,0.08870983
1750940990765,572108543,0.38368502,0.22352235,0.08870983
1750940990782,572125210,0.76795477,0.07398279,0.27471542
1750940990782,572125210,0.76795477,0.07398279,0.27471542
1750940990798,572141877,0.8806366,0.114982665,0.28983784
1750940990798,572141877,0.8806366,0.114982665,0.28983784
1750940990815,572158544,0.83125585,0.20664667,0.32481003
1750940990815,572158544,0.83125585,0.20664667,0.32481003
1750940990832,572175211,0.6744535,0.4850362,0.21729946
1750940990832,572175211,0.6744535,0.4850362,0.21729946
1750940990848,572191878,0.3945272,0.31403682,0.15611744
1750940990848,572191878,0.3945272,0.31403682,0.15611744
1750940990865,572208545,0.10024198,-0.1496017,0.3111925
1750940990865,572208545,0.10024198,-0.1496017,0.3111925
1750940990882,572225212,-0.6125663,-0.17850058,0.2171545
1750940990882,572225212,-0.6125663,-0.17850058,0.2171545
1750940990898,572241879,-0.13335274,-0.2571321,-0.20079136
1750940990898,572241879,-0.13335274,-0.2571321,-0.20079136
1750940990915,572258546,-0.05135076,-0.21323448,-0.452878
1750940990915,572258546,-0.05135076,-0.21323448,-0.452878
1750940990932,572275213,-0.7916393,0.030606635,-0.8148794
1750940990932,572275213,-0.7916393,0.030606635,-0.8148794
1750940990948,572291880,-1.6860613,0.4540669,-0.7767782
1750940990948,572291880,-1.6860613,0.4540669,-0.7767782
1750940990965,572308547,-2.94526,0.04529758,-0.8387842
1750940990965,572308547,-2.94526,0.04529758,-0.8387842
1750940990982,572325214,-3.4577024,-1.3125896,-0.45005608
1750940990982,572325214,-3.4577024,-1.3125896,-0.45005608
1750940990998,572341881,-0.6490872,-2.5440211,-0.13548565
1750940990998,572341881,-0.6490872,-2.5440211,-0.13548565
1750940991015,572358548,-1.7921399,0.68676275,1.3525505
1750940991015,572358548,-1.7921399,0.68676275,1.3525505
1750940991032,572375215,-10.274535,-5.811792,2.8531427
1750940991032,572375215,-10.274535,-5.811792,2.8531427
1750940991048,572391882,-11.074588,-7.527996,1.2060194
1750940991048,572391882,-11.074588,-7.527996,1.2060194
1750940991065,572408549,-7.534461,-6.6684885,1.1168823
1750940991065,572408549,-7.534461,-6.6684885,1.1168823
1750940991082,572425216,-5.691011,-8.491692,0.52359104
1750940991082,572425216,-5.691011,-8.491692,0.52359104
1750940991098,572441883,-3.61655,-7.4946985,4.4201536
1750940991098,572441883,-3.61655,-7.4946985,4.4201536
1750940991115,572458550,-1.8460758,-0.4968749,5.1326523
1750940991115,572458550,-1.8460758,-0.4968749,5.1326523
1750940991132,572475217,-6.8680797,-9.036202,1.7251091
1750940991132,572475217,-6.8680797,-9.036202,1.7251091
1750940991148,572491884,-5.090706,-6.5388694,1.0416603
1750940991148,572491884,-5.090706,-6.5388694,1.0416603
1750940991165,572508551,-2.9901228,-1.625139,2.6628876
1750940991165,572508551,-2.9901228,-1.625139,2.6628876
1750940991182,572525218,-3.2834666,-1.6592377,1.5461531
1750940991182,572525218,-3.2834666,-1.6592377,1.5461531
1750940991198,572541885,-3.9305298,-1.2244138,0.0327034
1750940991198,572541885,-3.9305298,-1.2244138,0.0327034
1750940991215,572558552,-3.507853,-0.1729727,-0.83181286
1750940991215,572558552,-3.507853,-0.1729727,-0.83181286
1750940991232,572575219,-2.6499448,-0.71139187,-0.9957962
1750940991232,572575219,-2.6499448,-0.71139187,-0.9957962
1750940991248,572591886,-2.0367947,-1.7135733,-0.77940464
1750940991248,572591886,-2.0367947,-1.7135733,-0.77940464
1750940991265,572608553,-1.0536137,-0.051021583,-0.7900524
1750940991265,572608553,-1.0536137,-0.051021583,-0.7900524
1750940991282,572625220,0.013905635,-1.5834304,0.07695961
1750940991282,572625220,0.013905635,-1.5834304,0.07695961
1750940991298,572641887,0.7414716,-1.0477287,0.111169815
1750940991298,572641887,0.7414716,-1.0477287,0.111169815
1750940991315,572658554,0.5735427,0.3939074,-0.108893394
1750940991315,572658554,0.5735427,0.3939074,-0.108893394
1750940991332,572675221,1.0716351,0.9547924,-0.06389332
1750940991332,572675221,1.0716351,0.9547924,-0.06389332
1750940991348,572691888,1.540967,1.8763354,0.10523224
1750940991348,572691888,1.540967,1.8763354,0.10523224
1750940991365,572708555,2.0607011,3.492654,0.5620098
1750940991365,572708555,2.0607011,3.492654,0.5620098
1750940991382,572725222,4.823981,5.5278745,0.55318356
1750940991382,572725222,4.823981,5.5278745,0.55318356
1750940991398,572741889,6.5402923,6.532049,-0.27944946
1750940991398,572741889,6.5402923,6.532049,-0.27944946
1750940991415,572758556,5.8006773,7.3747683,-0.7878475
1750940991415,572758556,5.8006773,7.3747683,-0.7878475
1750940991432,572775223,8.875283,7.119434,-2.5181432
1750940991432,572775223,8.875283,7.119434,-2.5181432
1750940991448,572791890,10.99115,7.0570865,-4.5478697
1750940991448,572791890,10.99115,7.0570865,-4.5478697
1750940991465,572808557,12.638112,6.666131,-6.2282925
1750940991465,572808557,12.638112,6.666131,-6.2282925
1750940991482,572825224,15.456079,7.2257295,-8.737597
1750940991482,572825224,15.456079,7.2257295,-8.737597
1750940991498,572841891,15.755049,6.942257,-8.750222
1750940991498,572841891,15.755049,6.942257,-8.750222
1750940991515,572858558,2.1470027,7.635376,-6.265442
1750940991515,572858558,2.1470027,7.635376,-6.265442
1750940991532,572875225,-12.965904,8.661835,6.7801895
1750940991532,572875225,-12.965904,8.661835,6.7801895
1750940991548,572891892,-0.8107063,14.6325655,-1.2270584
1750940991548,572891892,-0.8107063,14.6325655,-1.2270584
1750940991565,572908559,1.4858814,4.93971,1.7788038
1750940991565,572908559,1.4858814,4.93971,1.7788038
1750940991582,572925226,8.675531,2.0872881,1.714325
1750940991582,572925226,8.675531,2.0872881,1.714325
1750940991598,572941893,17.232231,-1.2285762,3.0438929
1750940991598,572941893,17.232231,-1.2285762,3.0438929
1750940991615,572958560,1.7127011,6.142702,0.78209496
1750940991615,572958560,1.7127011,6.142702,0.78209496
1750940991632,572975227,2.3109314,4.0766354,0.30951023
1750940991632,572975227,2.3109314,4.0766354,0.30951023
1750940991648,572991894,2.6103563,3.0708046,-0.061486244
1750940991648,572991894,2.6103563,3.0708046,-0.061486244
1750940991665,573008561,0.8704862,2.3630188,-0.37218475
1750940991665,573008561,0.8704862,2.3630188,-0.37218475
1750940991682,573025228,0.74507236,2.7788842,0.07361984
1750940991682,573025228,0.74507236,2.7788842,0.07361984
1750940991698,573041895,1.0942804,2.3950574,0.18976498
1750940991698,573041895,1.0942804,2.3950574,0.18976498
1750940991715,573058562,1.2439748,1.9363271,0.2607832
1750940991715,573058562,1.2439748,1.9363271,0.2607832
1750940991732,573075229,1.1158777,1.8203145,0.18460369
1750940991732,573075229,1.1158777,1.8203145,0.18460369
1750940991748,573091896,1.4915605,1.3640907,0.081134796
1750940991748,573091896,1.4915605,1.3640907,0.081134796
1750940991765,573108563,1.3755081,0.94860685,-0.08810997
1750940991765,573108563,1.3755081,0.94860685,-0.08810997
1750940991782,573125230,0.90688974,1.186637,-0.0815773
1750940991782,573125230,0.90688974,1.186637,-0.0815773
1750940991798,573141897,0.21987684,1.7268503,0.12267494
1750940991798,573141897,0.21987684,1.7268503,0.12267494
1750940991815,573158564,0.5402672,1.4154226,0.13330841
1750940991815,573158564,0.5402672,1.4154226,0.13330841
1750940991832,573175231,0.2349224,1.0982305,-0.053383827
1750940991832,573175231,0.2349224,1.0982305,-0.053383827
1750940991849,573191898,0.52549326,0.57372355,0.05571747
1750940991849,573191898,0.52549326,0.57372355,0.05571747
1750940991865,573208565,0.6277033,0.77507967,0.019353867
1750940991865,573208565,0.6277033,0.77507967,0.019353867
1750940991882,573225232,0.50395644,0.8736793,0.08351135
1750940991882,573225232,0.50395644,0.8736793,0.08351135
1750940991899,573241899,0.7618676,0.6735053,0.08715534
1750940991899,573241899,0.7618676,0.6735053,0.08715534
1750940991915,573258566,0.5162425,0.49913102,-0.020153046
1750940991915,573258566,0.5162425,0.49913102,-0.020153046
1750940991932,573275233,0.2932195,0.21838355,-0.013220787
1750940991932,573275233,0.2932195,0.21838355,-0.013220787
1750940991949,573291900,0.019322248,0.15343471,-0.180192
1750940991949,573291900,0.019322248,0.15343471,-0.180192
1750940991965,573308567,-0.4156818,0.100578256,-0.34525013
1750940991965,573308567,-0.4156818,0.100578256,-0.34525013
1750940991982,573325234,-0.50454205,-0.18613109,-0.81321716
1750940991982,573325234,-0.50454205,-0.18613109,-0.81321716
1750940991999,573341901,-0.24082515,-0.5890762,-0.9002962
1750940991999,573341901,-0.24082515,-0.5890762,-0.9002962
1750940992015,573358568,-0.21875347,-0.77256,-0.22782993
1750940992015,573358568,-0.21875347,-0.77256,-0.22782993
1750940992032,573375235,-0.81306505,0.27830905,0.24658012
1750940992032,573375235,-0.81306505,0.27830905,0.24658012
1750940992049,573391902,-2.9409397,0.49829197,2.0188904
1750940992049,573391902,-2.9409397,0.49829197,2.0188904
1750940992065,573408569,-2.6740623,1.2743318,1.6732254
1750940992065,573408569,-2.6740623,1.2743318,1.6732254
1750940992082,573425236,-2.8436804,0.07999149,1.9342957
1750940992082,573425236,-2.8436804,0.07999149,1.9342957
1750940992099,573441903,-3.2987113,-1.7532508,1.9408007
1750940992099,573441903,-3.2987113,-1.7532508,1.9408007
1750940992115,573458570,-5.3874846,-1.7378004,2.3787146
1750940992115,573458570,-5.3874846,-1.7378004,2.3787146
1750940992132,573475237,-6.6648946,-2.876717,3.24759
1750940992132,573475237,-6.6648946,-2.876717,3.24759
1750940992149,573491904,-8.617518,-3.237427,3.798092
1750940992149,573491904,-8.617518,-3.237427,3.798092
1750940992165,573508571,-9.2970085,-4.846104,4.101721
1750940992165,573508571,-9.2970085,-4.846104,4.101721
1750940992182,573525238,-7.935215,-5.3860807,4.194495
1750940992182,573525238,-7.935215,-5.3860807,4.194495
1750940992199,573541905,-2.7809982,-6.0799513,7.177349
1750940992199,573541905,-2.7809982,-6.0799513,7.177349
1750940992215,573558572,-2.8310268,-11.406524,9.476198
1750940992215,573558572,-2.8310268,-11.406524,9.476198
1750940992232,573575239,-10.090126,-9.197747,0.72079754
1750940992232,573575239,-10.090126,-9.197747,0.72079754
1750940992249,573591906,-9.7586975,-5.015216,-5.213774
1750940992249,573591906,-9.7586975,-5.015216,-5.213774
1750940992265,573608573,-5.009698,-4.6579823,-4.209933
1750940992265,573608573,-5.009698,-4.6579823,-4.209933
1750940992282,573625240,0.06520409,-4.050758,5.626313
1750940992282,573625240,0.06520409,-4.050758,5.626313
1750940992299,573641907,-4.3116384,-5.0185933,-7.232192
1750940992299,573641907,-4.3116384,-5.0185933,-7.232192
1750940992315,573658574,-5.1822257,-4.200707,-6.71751
1750940992315,573658574,-5.1822257,-4.200707,-6.71751
1750940992332,573675241,-3.8886354,-4.052629,-5.53968
1750940992332,573675241,-3.8886354,-4.052629,-5.53968
1750940992349,573691908,-2.3920548,-2.864265,-4.331922
1750940992349,573691908,-2.3920548,-2.864265,-4.331922
1750940992365,573708575,-1.5933717,-1.4396158,-3.2558212
1750940992365,573708575,-1.5933717,-1.4396158,-3.2558212
1750940992382,573725242,-2.404851,-0.2804122,-3.106864
1750940992382,573725242,-2.404851,-0.2804122,-3.106864
1750940992399,573741909,-4.3371787,0.93377846,-2.633471
1750940992399,573741909,-4.3371787,0.93377846,-2.633471
1750940992415,573758576,-4.4364514,1.214233,-1.5120955
1750940992415,573758576,-4.4364514,1.214233,-1.5120955
1750940992432,573775243,-2.6171052,1.2255913,-0.20186329
1750940992432,573775243,-2.6171052,1.2255913,-0.20186329
1750940992449,573791910,-0.69760877,1.6562057,1.0114899
1750940992449,573791910,-0.69760877,1.6562057,1.0114899
1750940992465,573808577,-0.7096523,2.8324993,1.8259029
1750940992465,573808577,-0.7096523,2.8324993,1.8259029
1750940992482,573825244,-0.32681572,3.7274816,2.8887796
1750940992482,573825244,-0.32681572,3.7274816,2.8887796
1750940992499,573841911,0.95082366,4.9868913,5.0555983
1750940992499,573841911,0.95082366,4.9868913,5.0555983
1750940992515,573858578,4.041018,6.9230456,6.4903927
1750940992515,573858578,4.041018,6.9230456,6.4903927
1750940992532,573875245,6.1259294,7.988186,6.1652937
1750940992532,573875245,6.1259294,7.988186,6.1652937
1750940992549,573891912,9.633126,7.564433,4.737177
1750940992549,573891912,9.633126,7.564433,4.737177
1750940992565,573908579,13.451903,6.2871714,0.19747162
1750940992565,573908579,13.451903,6.2871714,0.19747162
1750940992582,573925246,12.56394,7.1542096,-4.702523
1750940992582,573925246,12.56394,7.1542096,-4.702523
1750940992599,573941913,12.546177,7.6124525,-8.739451
1750940992599,573941913,12.546177,7.6124525,-8.739451
1750940992615,573958580,12.926491,7.1700897,-11.996358
1750940992615,573958580,12.926491,7.1700897,-11.996358
1750940992632,573975247,15.036431,6.225651,-12.388361
1750940992632,573975247,15.036431,6.225651,-12.388361
1750940992649,573991914,14.035623,7.8481283,-2.798623
1750940992649,573991914,14.035623,7.8481283,-2.798623
1750940992665,574008581,5.5188603,3.8512428,-4.540047
1750940992665,574008581,5.5188603,3.8512428,-4.540047
1750940992682,574025248,-12.413096,-5.807926,11.440372
1750940992682,574025248,-12.413096,-5.807926,11.440372
1750940992699,574041915,3.802022,11.005365,-4.011757
1750940992699,574041915,3.802022,11.005365,-4.011757
1750940992715,574058582,-0.3961461,10.116458,-0.15426826
1750940992715,574058582,-0.3961461,10.116458,-0.15426826
1750940992732,574075249,3.44512,4.5681496,1.1484604
1750940992732,574075249,3.44512,4.5681496,1.1484604
1750940992749,574091916,6.794324,1.1295402,2.154049
1750940992749,574091916,6.794324,1.1295402,2.154049
1750940992765,574108583,6.3337154,2.925989,1.5017843
1750940992765,574108583,6.3337154,2.925989,1.5017843
1750940992782,574125250,7.962203,1.4431198,2.280531
1750940992782,574125250,7.962203,1.4431198,2.280531
1750940992799,574141917,5.6522403,2.160675,1.5813923
1750940992799,574141917,5.6522403,2.160675,1.5813923
1750940992815,574158584,2.0834825,4.181553,0.45056152
1750940992815,574158584,2.0834825,4.181553,0.45056152
1750940992832,574175251,1.2208611,2.5167515,-0.15715885
1750940992832,574175251,1.2208611,2.5167515,-0.15715885
1750940992849,574191918,1.1738827,1.971709,-0.13262558
1750940992849,574191918,1.1738827,1.971709,-0.13262558
1750940992865,574208585,1.0816051,1.959029,0.027129173
1750940992865,574208585,1.0816051,1.959029,0.027129173
1750940992882,574225252,0.6182163,1.9602153,0.25972652
1750940992882,574225252,0.6182163,1.9602153,0.25972652
1750940992899,574241919,0.79409325,1.7652497,0.39303303
1750940992899,574241919,0.79409325,1.7652497,0.39303303
1750940992915,574258586,1.2708068,1.2622907,0.10100269
1750940992915,574258586,1.2708068,1.2622907,0.10100269
1750940992932,574275253,1.0492811,1.3061892,0.031226158
1750940992932,574275253,1.0492811,1.3061892,0.031226158
1750940992949,574291920,1.360227,1.2869593,0.11715698
1750940992949,574291920,1.360227,1.2869593,0.11715698
1750940992965,574308587,0.84857005,1.0369602,0.113040924
1750940992965,574308587,0.84857005,1.0369602,0.113040924
1750940992982,574325254,0.48886755,0.5395564,0.090867996
1750940992982,574325254,0.48886755,0.5395564,0.090867996
1750940992999,574341921,0.07168776,0.30832484,-0.12833118
1750940992999,574341921,0.07168776,0.30832484,-0.12833118
1750940993015,574358588,-0.050285053,0.2670183,-0.0814724
1750940993015,574358588,-0.050285053,0.2670183,-0.0814724
1750940993032,574375255,-0.06691084,0.21253735,-0.016231537
1750940993032,574375255,-0.06691084,0.21253735,-0.016231537
1750940993049,574391922,0.08345705,0.034578796,-0.013619423
1750940993049,574391922,0.08345705,0.034578796,-0.013619423
1750940993065,574408589,0.120432355,-0.040835146,0.020918846
1750940993065,574408589,0.120432355,-0.040835146,0.020918846
1750940993082,574425256,0.13612878,-0.17558932,-0.060804367
1750940993082,574425256,0.13612878,-0.17558932,-0.060804367
1750940993099,574441923,0.07377626,0.08871151,-0.06973648
1750940993099,574441923,0.07377626,0.08871151,-0.06973648
1750940993115,574458590,-0.16376661,0.26711687,-0.19732094
1750940993115,574458590,-0.16376661,0.26711687,-0.19732094
1750940993132,574475257,-0.4248561,-0.057341132,-0.16763306
1750940993132,574475257,-0.4248561,-0.057341132,-0.16763306
1750940993149,574491924,-0.76214117,-0.34862566,-0.041085243
1750940993149,574491924,-0.76214117,-0.34862566,-0.041085243
1750940993165,574508591,-0.8491798,-0.4868168,-0.0005645752
1750940993165,574508591,-0.8491798,-0.4868168,-0.0005645752
1750940993182,574525258,-0.95004183,-0.58752024,-0.083067894
1750940993182,574525258,-0.95004183,-0.58752024,-0.083067894
1750940993199,574541925,-0.9659081,-0.13385029,0.025722504
1750940993199,574541925,-0.9659081,-0.13385029,0.025722504
1750940993215,574558592,-3.8215473,-0.43400672,2.2120438
1750940993215,574558592,-3.8215473,-0.43400672,2.2120438
1750940993232,574575259,-3.8072221,0.3452618,2.0762787
1750940993232,574575259,-3.8072221,0.3452618,2.0762787
1750940993249,574591926,-4.7835617,-1.2529991,2.7412605
1750940993249,574591926,-4.7835617,-1.2529991,2.7412605
1750940993265,574608593,-6.4193754,-0.66802657,2.4673815
1750940993265,574608593,-6.4193754,-0.66802657,2.4673815
1750940993282,574625260,-8.863822,-2.5890677,3.974368
1750940993282,574625260,-8.863822,-2.5890677,3.974368
1750940993299,574641927,-12.13093,-5.4576087,4.1403255
1750940993299,574641927,-12.13093,-5.4576087,4.1403255
1750940993315,574658594,-12.564893,-10.043695,3.7434683
1750940993315,574658594,-12.564893,-10.043695,3.7434683
1750940993332,574675261,-6.3076878,-7.209684,4.6534157
1750940993332,574675261,-6.3076878,-7.209684,4.6534157
1750940993349,574691928,0.76546574,-13.493861,10.665119
1750940993349,574691928,0.76546574,-13.493861,10.665119
1750940993365,574708595,-5.0545917,-13.523185,8.200741
1750940993365,574708595,-5.0545917,-13.523185,8.200741
1750940993382,574725262,-12.905303,-8.642193,-5.216687
1750940993382,574725262,-12.905303,-8.642193,-5.216687
1750940993399,574741929,-8.840326,-3.8563955,-8.675634
1750940993399,574741929,-8.840326,-3.8563955,-8.675634
1750940993415,574758596,-2.6201372,-2.5347722,5.520976
1750940993415,574758596,-2.6201372,-2.5347722,5.520976
1750940993432,574775263,-1.0043747,-5.5001764,-1.5425806
1750940993432,574775263,-1.0043747,-5.5001764,-1.5425806
1750940993449,574791930,-4.134311,-4.5801773,-8.192001
1750940993449,574791930,-4.134311,-4.5801773,-8.192001
1750940993465,574808597,-5.306254,-3.3563395,-8.789077
1750940993465,574808597,-5.306254,-3.3563395,-8.789077
1750940993482,574825264,-4.6384015,-2.20381,-7.542224
1750940993482,574825264,-4.6384015,-2.20381,-7.542224
1750940993499,574841931,-2.4625065,-1.4493828,-5.760072
1750940993499,574841931,-2.4625065,-1.4493828,-5.760072
1750940993515,574858598,-0.9095786,-1.1107566,-3.8366857
1750940993515,574858598,-0.9095786,-1.1107566,-3.8366857
1750940993532,574875265,-1.0379211,-1.1260691,-2.8642201
1750940993532,574875265,-1.0379211,-1.1260691,-2.8642201
1750940993549,574891932,-1.772998,-0.6387117,-2.0364604
1750940993549,574891932,-1.772998,-0.6387117,-2.0364604
1750940993565,574908599,-2.0713475,-0.7179086,-0.7927265
1750940993565,574908599,-2.0713475,-0.7179086,-0.7927265
1750940993582,574925266,-1.5403624,-0.74373156,0.40617943
1750940993582,574925266,-1.5403624,-0.74373156,0.40617943
1750940993599,574941933,-0.51658493,0.32368374,1.7957897
1750940993599,574941933,-0.51658493,0.32368374,1.7957897
1750940993615,574958600,1.0889685,1.9867562,2.842949
1750940993615,574958600,1.0889685,1.9867562,2.842949
1750940993632,574975267,1.9614205,2.8198164,4.6219854
1750940993632,574975267,1.9614205,2.8198164,4.6219854
1750940993649,574991934,3.1695595,4.438258,6.5714035
1750940993649,574991934,3.1695595,4.438258,6.5714035
1750940993665,575008601,6.267373,5.6647215,7.300171
1750940993665,575008601,6.267373,5.6647215,7.300171
1750940993682,575025268,7.765922,7.21533,6.4353905
1750940993682,575025268,7.765922,7.21533,6.4353905
1750940993699,575041935,9.937683,7.162535,3.96426
1750940993699,575041935,9.937683,7.162535,3.96426
1750940993715,575058602,11.730764,11.171863,-3.0244803
1750940993715,575058602,11.730764,11.171863,-3.0244803
1750940993732,575075269,12.6196375,8.234106,-5.4709916
1750940993732,575075269,12.6196375,8.234106,-5.4709916
1750940993749,575091936,13.737916,8.744803,-11.87812
1750940993749,575091936,13.737916,8.744803,-11.87812
1750940993765,575108603,16.245922,6.119399,-13.828206
1750940993765,575108603,16.245922,6.119399,-13.828206
1750940993782,575125270,15.341705,5.902747,-3.3200898
1750940993782,575125270,15.341705,5.902747,-3.3200898
1750940993799,575141937,3.767646,6.5256453,-5.339399
1750940993799,575141937,3.767646,6.5256453,-5.339399
1750940993815,575158604,-14.082954,-7.3526697,13.136438
1750940993815,575158604,-14.082954,-7.3526697,13.136438
1750940993832,575175271,2.3546581,16.44994,-4.370659
1750940993832,575175271,2.3546581,16.44994,-4.370659
1750940993849,575191938,-4.987035,13.338708,0.09801388
1750940993849,575191938,-4.987035,13.338708,0.09801388
1750940993865,575208605,1.1506528,8.350947,1.3311577
1750940993865,575208605,1.1506528,8.350947,1.3311577
1750940993882,575225272,8.650842,-1.934953,2.8076248
1750940993882,575225272,8.650842,-1.934953,2.8076248
1750940993899,575241939,7.6606054,-1.1586097,1.5847559
1750940993899,575241939,7.6606054,-1.1586097,1.5847559
1750940993915,575258606,12.308906,-0.77546346,2.2534494
1750940993915,575258606,12.308906,-0.77546346,2.2534494
1750940993932,575275273,2.9048173,4.6263885,1.8512669
1750940993932,575275273,2.9048173,4.6263885,1.8512669
1750940993949,575291940,1.0333602,4.94663,0.51042366
1750940993949,575291940,1.0333602,4.94663,0.51042366
1750940993965,575308607,1.1465236,2.5052733,-0.124913216
1750940993965,575308607,1.1465236,2.5052733,-0.124913216
1750940993982,575325274,1.1655014,1.9815537,-0.028906822
1750940993982,575325274,1.1655014,1.9815537,-0.028906822
1750940993999,575341941,0.38230908,2.7526886,0.1818409
1750940993999,575341941,0.38230908,2.7526886,0.1818409
1750940994015,575358608,0.5797215,1.9850007,0.82302475
1750940994015,575358608,0.5797215,1.9850007,0.82302475
1750940994032,575375275,0.9030527,1.0260634,0.50249004
1750940994032,575375275,0.9030527,1.0260634,0.50249004
1750940994049,575391942,1.3198203,0.49943635,0.18098545
1750940994049,575391942,1.3198203,0.49943635,0.18098545
1750940994065,575408609,1.0587822,0.3591669,-0.051909447
1750940994065,575408609,1.0587822,0.3591669,-0.051909447
1750940994082,575425276,0.71261966,0.12551907,-0.07306862
1750940994082,575425276,0.71261966,0.12551907,-0.07306862
1750940994099,575441943,0.36918217,-0.014694189,-0.10401535
1750940994099,575441943,0.36918217,-0.014694189,-0.10401535
1750940994115,575458610,-0.25731662,0.5314795,-0.10271931
1750940994115,575458610,-0.25731662,0.5314795,-0.10271931
1750940994132,575475277,-0.24874936,0.5068413,0.01130867
1750940994132,575475277,-0.24874936,0.5068413,0.01130867
1750940994149,575491944,0.010096081,0.33065042,0.056256294
1750940994149,575491944,0.010096081,0.33065042,0.056256294
1750940994165,575508611,0.045209073,-0.12944518,0.100515366
1750940994165,575508611,0.045209073,-0.12944518,0.100515366
1750940994182,575525278,-0.19604634,0.0206146,-0.022416115
1750940994182,575525278,-0.19604634,0.0206146,-0.022416115
1750940994199,575541945,-0.15659362,-0.017104106,0.047325134
1750940994199,575541945,-0.15659362,-0.017104106,0.047325134
1750940994215,575558612,-0.12898798,-0.07350961,-0.04509926
1750940994215,575558612,-0.12898798,-0.07350961,-0.04509926
1750940994232,575575279,-0.19354613,0.11116037,-0.21915913
1750940994232,575575279,-0.19354613,0.11116037,-0.21915913
1750940994249,575591946,-0.7306098,-0.26908892,-0.40757656
1750940994249,575591946,-0.7306098,-0.26908892,-0.40757656
1750940994265,575608613,-1.0732695,-0.751836,-0.60619545
1750940994265,575608613,-1.0732695,-0.751836,-0.60619545
1750940994282,575625280,-1.2615811,-1.2895361,-0.61598206
1750940994282,575625280,-1.2615811,-1.2895361,-0.61598206
1750940994299,575641947,-1.2956576,-1.3387874,-0.36371994
1750940994299,575641947,-1.2956576,-1.3387874,-0.36371994
1750940994315,575658614,-1.2148569,-0.6737038,-0.09758186
1750940994315,575658614,-1.2148569,-0.6737038,-0.09758186
1750940994332,575675281,-0.5186149,0.06420823,0.14503384
1750940994332,575675281,-0.5186149,0.06420823,0.14503384
1750940994349,575691948,-3.101542,0.6440905,1.3777542
1750940994349,575691948,-3.101542,0.6440905,1.3777542
1750940994365,575708615,-3.4952173,1.7314845,1.8006668
1750940994365,575708615,-3.4952173,1.7314845,1.8006668
1750940994382,575725282,-3.7510066,0.65173763,2.0930223
1750940994382,575725282,-3.7510066,0.65173763,2.0930223
1750940994399,575741949,-4.1585956,-1.3871689,2.7385273
1750940994399,575741949,-4.1585956,-1.3871689,2.7385273
1750940994415,575758616,-6.681487,-1.298812,2.8753567
1750940994415,575758616,-6.681487,-1.298812,2.8753567
1750940994432,575775283,-9.466053,-2.9802072,2.875702
1750940994432,575775283,-9.466053,-2.9802072,2.875702
1750940994449,575791950,-13.136446,-6.687327,2.8047495
1750940994449,575791950,-13.136446,-6.687327,2.8047495
1750940994465,575808617,-11.9699955,-8.201337,3.281557
1750940994465,575808617,-11.9699955,-8.201337,3.281557
1750940994482,575825284,-4.986658,-6.6304526,4.2287436
1750940994482,575825284,-4.986658,-6.6304526,4.2287436
1750940994499,575841951,-1.6627638,-10.753301,9.943552
1750940994499,575841951,-1.6627638,-10.753301,9.943552
1750940994515,575858618,-7.2051225,-12.140202,7.075985
1750940994515,575858618,-7.2051225,-12.140202,7.075985
1750940994532,575875285,-12.357296,-8.387621,-4.10194
1750940994532,575875285,-12.357296,-8.387621,-4.10194
1750940994549,575891952,-8.035118,-3.6801612,-7.805546
1750940994549,575891952,-8.035118,-3.6801612,-7.805546
1750940994565,575908619,-2.8767102,-4.3692455,4.9350233
1750940994565,575908619,-2.8767102,-4.3692455,4.9350233
1750940994582,575925286,-1.5187308,-6.256126,-2.7673025
1750940994582,575925286,-1.5187308,-6.256126,-2.7673025
1750940994599,575941953,-6.070144,-4.38633,-8.313111
1750940994599,575941953,-6.070144,-4.38633,-8.313111
1750940994615,575958620,-6.6454253,-3.3165653,-8.563051
1750940994615,575958620,-6.6454253,-3.3165653,-8.563051
1750940994632,575975287,-5.660086,-2.5139637,-6.7224536
1750940994632,575975287,-5.660086,-2.5139637,-6.7224536
1750940994649,575991954,-3.7708914,-1.065097,-5.343583
1750940994649,575991954,-3.7708914,-1.065097,-5.343583
1750940994665,576008621,-3.1071458,-0.11887011,-3.916286
1750940994665,576008621,-3.1071458,-0.11887011,-3.916286
1750940994682,576025288,-3.2934391,0.056852307,-2.9992642
1750940994682,576025288,-3.2934391,0.056852307,-2.9992642
1750940994699,576041955,-3.5756233,0.47564518,-1.6479788
1750940994699,576041955,-3.5756233,0.47564518,-1.6479788
1750940994715,576058622,-3.4315243,0.56682754,-0.2379837
1750940994715,576058622,-3.4315243,0.56682754,-0.2379837
1750940994732,576075289,-2.5862823,0.55774593,1.145318
1750940994732,576075289,-2.5862823,0.55774593,1.145318
1750940994749,576091956,-1.7250962,1.6334566,2.6540785
1750940994749,576091956,-1.7250962,1.6334566,2.6540785
1750940994765,576108623,0.8773657,2.4636774,4.273246
1750940994765,576108623,0.8773657,2.4636774,4.273246
1750940994782,576125290,3.3986862,3.1070528,6.8022823
1750940994782,576125290,3.3986862,3.1070528,6.8022823
1750940994799,576141957,7.2715654,4.0623956,7.845419
1750940994799,576141957,7.2715654,4.0623956,7.845419
1750940994815,576158624,10.312055,4.986205,5.8827257
1750940994815,576158624,10.312055,4.986205,5.8827257
1750940994832,576175291,11.256597,6.066708,3.4424944
1750940994832,576175291,11.256597,6.066708,3.4424944
1750940994849,576191958,13.054287,7.4139624,-0.41828156
1750940994849,576191958,13.054287,7.4139624,-0.41828156
1750940994865,576208625,13.529814,7.7931876,-5.6103935
1750940994865,576208625,13.529814,7.7931876,-5.6103935
1750940994882,576225292,13.200242,8.10452,-9.910855
1750940994882,576225292,13.200242,8.10452,-9.910855
1750940994899,576241959,13.3407,8.422998,-12.445914
1750940994899,576241959,13.3407,8.422998,-12.445914
1750940994915,576258626,14.130943,7.5737233,-11.778801
1750940994915,576258626,14.130943,7.5737233,-11.778801
1750940994932,576275293,11.969662,7.76841,0.12834835
1750940994932,576275293,11.969662,7.76841,0.12834835
1750940994949,576291960,-7.304214,-2.5361226,5.2544928
1750940994949,576291960,-7.304214,-2.5361226,5.2544928
1750940994965,576308627,-10.326093,-1.3467963,3.5453482
1750940994965,576308627,-10.326093,-1.3467963,3.5453482
1750940994982,576325294,6.0648737,14.4414425,-1.4014854
1750940994982,576325294,6.0648737,14.4414425,-1.4014854
1750940994999,576341961,1.6125216,1.3201056,2.580266
1750940994999,576341961,1.6125216,1.3201056,2.580266
1750940995015,576358628,5.431122,3.7068663,1.8496323
1750940995015,576358628,5.431122,3.7068663,1.8496323
1750940995032,576375295,5.8187046,1.1669987,2.1864662
1750940995032,576375295,5.8187046,1.1669987,2.1864662
1750940995049,576391962,12.091622,-0.07277154,2.551711
1750940995049,576391962,12.091622,-0.07277154,2.551711
1750940995065,576408629,7.347228,1.0178896,2.817646
1750940995065,576408629,7.347228,1.0178896,2.817646
1750940995082,576425296,0.7249913,6.44385,0.8500271
1750940995082,576425296,0.7249913,6.44385,0.8500271
1750940995099,576441963,0.11577435,2.8928945,0.20326424
1750940995099,576441963,0.11577435,2.8928945,0.20326424
1750940995115,576458630,1.399452,1.6557723,0.05957985
1750940995115,576458630,1.399452,1.6557723,0.05957985
1750940995132,576475297,0.9618719,1.224675,0.21119976
1750940995132,576475297,0.9618719,1.224675,0.21119976
1750940995149,576491964,0.09079946,1.7205187,0.5292473
1750940995149,576491964,0.09079946,1.7205187,0.5292473
1750940995165,576508631,0.11236846,1.3930415,0.555809
1750940995165,576508631,0.11236846,1.3930415,0.555809
1750940995182,576525298,0.6458635,1.1178199,0.16655159
1750940995182,576525298,0.6458635,1.1178199,0.16655159
1750940995199,576541965,0.80760616,0.9166491,0.053103447
1750940995199,576541965,0.80760616,0.9166491,0.053103447
1750940995215,576558632,0.7956666,0.85541886,-0.050182343
1750940995215,576558632,0.7956666,0.85541886,-0.050182343
1750940995232,576575299,0.53199214,0.4997818,0.12497902
1750940995232,576575299,0.53199214,0.4997818,0.12497902
1750940995249,576591966,0.5889951,0.12478762,0.22824574
1750940995249,576591966,0.5889951,0.12478762,0.22824574
1750940995265,576608633,-0.13860217,0.21290223,0.057991028
1750940995265,576608633,-0.13860217,0.21290223,0.057991028
1750940995282,576625300,-0.35680446,0.19300254,-0.053343773
1750940995282,576625300,-0.35680446,0.19300254,-0.053343773
1750940995299,576641967,-0.37229034,0.11132376,-0.024101257
1750940995299,576641967,-0.37229034,0.11132376,-0.024101257
1750940995315,576658634,-0.41130808,-0.024291612,0.20839977
1750940995315,576658634,-0.41130808,-0.024291612,0.20839977
1750940995332,576675301,0.08668101,-0.4154251,0.20686531
1750940995332,576675301,0.08668101,-0.4154251,0.20686531
1750940995349,576691968,-0.486488,-0.12258781,-0.022946358
1750940995349,576691968,-0.486488,-0.12258781,-0.022946358
1750940995365,576708635,-0.07827066,-0.30551448,-0.008043289
1750940995365,576708635,-0.07827066,-0.30551448,-0.008043289
1750940995382,576725302,-0.18843126,-0.35490382,-0.079826355
1750940995382,576725302,-0.18843126,-0.35490382,-0.079826355
1750940995399,576741969,-0.08199662,-0.3148105,0.026607513
1750940995399,576741969,-0.08199662,-0.3148105,0.026607513
1750940995415,576758636,-0.35430828,-0.1957789,0.11350632
1750940995415,576758636,-0.35430828,-0.1957789,0.11350632
1750940995432,576775303,-0.61678845,-0.27502766,0.07418156
1750940995432,576775303,-0.61678845,-0.27502766,0.07418156
1750940995449,576791970,-0.8733201,-0.42611682,-0.052357674
1750940995449,576791970,-0.8733201,-0.42611682,-0.052357674
1750940995465,576808637,-1.4991523,-0.58253187,-0.12811375
1750940995465,576808637,-1.4991523,-0.58253187,-0.12811375
1750940995482,576825304,-1.3169347,-0.6894618,-0.1445837
1750940995482,576825304,-1.3169347,-0.6894618,-0.1445837
1750940995499,576841971,-0.80098593,-0.83871895,-0.14990616
1750940995499,576841971,-0.80098593,-0.83871895,-0.14990616
1750940995515,576858638,-1.1692222,-0.502185,0.10258961
1750940995515,576858638,-1.1692222,-0.502185,0.10258961
1750940995532,576875305,-2.8844543,-0.15416202,1.8377438
1750940995532,576875305,-2.8844543,-0.15416202,1.8377438
1750940995549,576891972,-3.1353526,0.6433955,1.6351051
1750940995549,576891972,-3.1353526,0.6433955,1.6351051
1750940995565,576908639,-2.963214,-0.81357384,1.5342007
1750940995565,576908639,-2.963214,-0.81357384,1.5342007
1750940995582,576925306,-4.2868967,-1.3761406,1.5543404
1750940995582,576925306,-4.2868967,-1.3761406,1.5543404
1750940995599,576941973,-6.311295,-1.8547859,1.9846382
1750940995599,576941973,-6.311295,-1.8547859,1.9846382
1750940995615,576958640,-7.6041603,-3.2627487,2.702262
1750940995615,576958640,-7.6041603,-3.2627487,2.702262
1750940995632,576975307,-10.624066,-6.0030684,2.5582247
1750940995632,576975307,-10.624066,-6.0030684,2.5582247
1750940995649,576991974,-9.876613,-9.123835,2.764412
1750940995649,576991974,-9.876613,-9.123835,2.764412
1750940995665,577008641,-4.1331925,-6.9997864,3.404333
1750940995665,577008641,-4.1331925,-6.9997864,3.404333
1750940995682,577025308,-0.5673197,-9.128967,6.686138
1750940995682,577025308,-0.5673197,-9.128967,6.686138
1750940995699,577041975,-3.1504562,-11.637492,7.479807
1750940995699,577041975,-3.1504562,-11.637492,7.479807
1750940995715,577058642,-9.971027,-9.535223,-1.7820711
1750940995715,577058642,-9.971027,-9.535223,-1.7820711
1750940995732,577075309,-7.8882923,-4.663211,-5.779051
1750940995732,577075309,-7.8882923,-4.663211,-5.779051
1750940995749,577091976,-3.7231088,-3.8118079,-3.566543
1750940995749,577091976,-3.7231088,-3.8118079,-3.566543
1750940995765,577108643,0.23409316,-4.631656,5.1519413
1750940995765,577108643,0.23409316,-4.631656,5.1519413
1750940995782,577125310,-2.436324,-4.418902,-7.798199
1750940995782,577125310,-2.436324,-4.418902,-7.798199
1750940995799,577141977,-4.9204335,-3.9015965,-7.869324
1750940995799,577141977,-4.9204335,-3.9015965,-7.869324
1750940995815,577158644,-4.0691595,-3.886837,-6.9281683
1750940995815,577158644,-4.0691595,-3.886837,-6.9281683
1750940995832,577175311,-2.034191,-3.0977304,-4.9137077
1750940995832,577175311,-2.034191,-3.0977304,-4.9137077
1750940995849,577191978,0.3651994,-2.4938838,-3.9106817
1750940995849,577191978,0.3651994,-2.4938838,-3.9106817
1750940995865,577208645,0.24572031,-2.2387204,-3.4249487
1750940995865,577208645,0.24572031,-2.2387204,-3.4249487
1750940995882,577225312,-0.878116,-2.413311,-3.2183762
1750940995882,577225312,-0.878116,-2.413311,-3.2183762
1750940995899,577241979,-1.1351115,-2.7763014,-2.3079462
1750940995899,577241979,-1.1351115,-2.7763014,-2.3079462
1750940995915,577258646,0.32171762,-1.1425184,-0.36723614
1750940995915,577258646,0.32171762,-1.1425184,-0.36723614
1750940995932,577275313,2.6794493,-0.13931338,0.66801167
1750940995932,577275313,2.6794493,-0.13931338,0.66801167
1750940995949,577291980,2.8358521,-0.6036698,1.2590847
1750940995949,577291980,2.8358521,-0.6036698,1.2590847
1750940995965,577308647,4.341024,0.8780636,3.1989508
1750940995965,577308647,4.341024,0.8780636,3.1989508
1750940995982,577325314,7.1959114,3.1446815,4.6235294
1750940995982,577325314,7.1959114,3.1446815,4.6235294
1750940995999,577341981,8.670288,5.871511,4.9238434
1750940995999,577341981,8.670288,5.871511,4.9238434
1750940996015,577358648,8.29739,8.150786,3.6609955
1750940996015,577358648,8.29739,8.150786,3.6609955
1750940996032,577375315,6.9734755,9.218848,1.1316433
1750940996032,577375315,6.9734755,9.218848,1.1316433
1750940996049,577391982,6.032703,9.399888,-0.52966404
1750940996049,577391982,6.032703,9.399888,-0.52966404
1750940996065,577408649,5.2691607,9.2415695,-0.8969517
1750940996065,577408649,5.2691607,9.2415695,-0.8969517
1750940996082,577425316,4.440184,8.791881,-1.3970041
1750940996082,577425316,4.440184,8.791881,-1.3970041
1750940996099,577441983,4.1611443,8.077487,-1.5436077
1750940996099,577441983,4.1611443,8.077487,-1.5436077
1750940996115,577458650,3.4857638,5.7496533,-0.6926832
1750940996115,577458650,3.4857638,5.7496533,-0.6926832
1750940996132,577475317,1.9707973,7.1278663,0.45303535
1750940996132,577475317,1.9707973,7.1278663,0.45303535
1750940996149,577491984,-0.22449334,9.993608,-2.184052
1750940996149,577491984,-0.22449334,9.993608,-2.184052
1750940996165,577508651,-2.3435166,4.396105,-3.5401607
1750940996165,577508651,-2.3435166,4.396105,-3.5401607
1750940996182,577525318,-1.5449207,6.8058815,1.7640762
1750940996182,577525318,-1.5449207,6.8058815,1.7640762
1750940996199,577541985,7.438327,15.39835,1.6787844
1750940996199,577541985,7.438327,15.39835,1.6787844
1750940996215,577558652,9.459729,-2.926503,5.8938637
1750940996215,577558652,9.459729,-2.926503,5.8938637
1750940996232,577575319,-0.29334912,-0.44274518,3.3301754
1750940996232,577575319,-0.29334912,-0.44274518,3.3301754
1750940996249,577591986,-0.5119165,-0.33050057,1.7014599
1750940996249,577591986,-0.5119165,-0.33050057,1.7014599
1750940996265,577608653,-0.07599052,2.6406398,0.19841194
1750940996265,577608653,-0.07599052,2.6406398,0.19841194
1750940996282,577625320,-1.4415404,0.7697095,0.32220078
1750940996282,577625320,-1.4415404,0.7697095,0.32220078
1750940996299,577641987,-1.5191766,0.057416007,0.45474148
1750940996299,577641987,-1.5191766,0.057416007,0.45474148
1750940996315,577658654,-0.5799656,1.1830319,0.43804073
1750940996315,577658654,-0.5799656,1.1830319,0.43804073
1750940996332,577675321,-0.21808517,0.79387724,0.33463
1750940996332,577675321,-0.21808517,0.79387724,0.33463
1750940996349,577691988,0.012033435,0.40055332,0.085980415
1750940996349,577691988,0.012033435,0.40055332,0.085980415
1750940996365,577708655,0.032148764,0.56498563,-0.2619524
1750940996365,577708655,0.032148764,0.56498563,-0.2619524
1750940996382,577725322,0.31894365,0.32631183,-0.19225788
1750940996382,577725322,0.31894365,0.32631183,-0.19225788
1750940996399,577741989,0.11363444,-0.0752852,-0.4217472
1750940996399,577741989,0.11363444,-0.0752852,-0.4217472
1750940996415,577758656,0.19320248,-0.19348589,-0.3379364
1750940996415,577758656,0.19320248,-0.19348589,-0.3379364
1750940996432,577775323,0.23508199,-0.13344617,-0.35188007
1750940996432,577775323,0.23508199,-0.13344617,-0.35188007
1750940996449,577791990,0.24420317,-0.08867172,-0.32920074
1750940996449,577791990,0.24420317,-0.08867172,-0.32920074
1750940996465,577808657,-0.082249135,0.012826961,-0.24190712
1750940996465,577808657,-0.082249135,0.012826961,-0.24190712
1750940996482,577825324,-0.6171342,0.45727912,-0.0892477
1750940996482,577825324,-0.6171342,0.45727912,-0.0892477
1750940996499,577841991,-0.7313727,0.49468043,-0.029622078
1750940996499,577841991,-0.7313727,0.49468043,-0.029622078
1750940996515,577858658,-0.7103409,0.5526645,0.04437542
1750940996515,577858658,-0.7103409,0.5526645,0.04437542
1750940996532,577875325,-0.5678155,0.5699805,0.32012272
1750940996532,577875325,-0.5678155,0.5699805,0.32012272
1750940996549,577891992,-0.811727,0.23173064,0.32283974
1750940996549,577891992,-0.811727,0.23173064,0.32283974
1750940996565,577908659,-0.7190715,0.22312863,0.34340096
1750940996565,577908659,-0.7190715,0.22312863,0.34340096
1750940996582,577925326,-0.7741066,0.31494316,0.3207655
1750940996582,577925326,-0.7741066,0.31494316,0.3207655
1750940996599,577941993,-1.1945632,0.5094579,0.33625507
1750940996599,577941993,-1.1945632,0.5094579,0.33625507
1750940996615,577958660,-1.2056924,0.008001763,0.30475616
1750940996615,577958660,-1.2056924,0.008001763,0.30475616
1750940996632,577975327,-1.0775316,0.05246721,0.3404932
1750940996632,577975327,-1.0775316,0.05246721,0.3404932
1750940996649,577991994,-0.8248325,-0.22325234,0.26579475
1750940996649,577991994,-0.8248325,-0.22325234,0.26579475
1750940996665,578008661,-0.33968237,-0.4304418,0.11282253
1750940996665,578008661,-0.33968237,-0.4304418,0.11282253
1750940996682,578025328,-0.23320174,0.035687756,-0.0064706802
1750940996682,578025328,-0.23320174,0.035687756,-0.0064706802
1750940996699,578041995,-0.5231163,-0.09018077,-0.016676903
1750940996699,578041995,-0.5231163,-0.09018077,-0.016676903
1750940996715,578058662,-0.37702253,0.011211187,-0.048742294
1750940996715,578058662,-0.37702253,0.011211187,-0.048742294
1750940996732,578075329,-0.26534826,0.14388534,0.08675194
1750940996732,578075329,-0.26534826,0.14388534,0.08675194
1750940996749,578091996,-0.40205577,-0.025008306,0.12087631
1750940996749,578091996,-0.40205577,-0.025008306,0.12087631
1750940996765,578108663,-0.6288496,-0.25689808,0.009305954
1750940996765,578108663,-0.6288496,-0.25689808,0.009305954
1750940996782,578125330,-0.55619574,-0.10840546,0.089333534
1750940996782,578125330,-0.55619574,-0.10840546,0.089333534
1750940996799,578141997,-0.5014017,-0.19243293,-0.061148643
1750940996799,578141997,-0.5014017,-0.19243293,-0.061148643
1750940996815,578158664,-0.11206744,0.089045435,0.06077671
1750940996815,578158664,-0.11206744,0.089045435,0.06077671
1750940996832,578175331,0.09722808,0.20790829,0.071243286
1750940996832,578175331,0.09722808,0.20790829,0.071243286
1750940996849,578191998,0.114717185,-0.061637163,-0.09745598
1750940996849,578191998,0.114717185,-0.061637163,-0.09745598
1750940996865,578208665,0.2882384,-0.033932954,-0.13154507
1750940996865,578208665,0.2882384,-0.033932954,-0.13154507
1750940996882,578225332,0.20668572,0.0100627765,-0.07436085
1750940996882,578225332,0.20668572,0.0100627765,-0.07436085
1750940996899,578241999,-0.07437025,-0.06487307,0.02097702
1750940996899,578241999,-0.07437025,-0.06487307,0.02097702
1750940996915,578258666,0.011292433,-0.32004285,0.11526966
1750940996915,578258666,0.011292433,-0.32004285,0.11526966
1750940996932,578275333,0.5219947,0.02811033,0.23394012
1750940996932,578275333,0.5219947,0.02811033,0.23394012
1750940996949,578292000,0.80412686,0.092865385,0.055735588
1750940996949,578292000,0.80412686,0.092865385,0.055735588
1750940996965,578308667,0.4972782,0.01662467,0.2744646
1750940996965,578308667,0.4972782,0.01662467,0.2744646
1750940996982,578325334,0.47827,-0.31991073,0.60759926
1750940996982,578325334,0.47827,-0.31991073,0.60759926
1750940996999,578342001,0.59402007,-1.5310705,1.3749914
1750940996999,578342001,0.59402007,-1.5310705,1.3749914
1750940997015,578358668,2.2793286,-0.8898756,1.9225502
1750940997015,578358668,2.2793286,-0.8898756,1.9225502
1750940997032,578375335,2.1220992,-0.9337265,1.1043415
1750940997032,578375335,2.1220992,-0.9337265,1.1043415
1750940997049,578392002,3.854589,-0.36750492,1.748313
1750940997049,578392002,3.854589,-0.36750492,1.748313
1750940997065,578408669,4.554902,0.20137623,1.6864557
1750940997065,578408669,4.554902,0.20137623,1.6864557
1750940997082,578425336,5.5135374,1.6675073,1.3987846
1750940997082,578425336,5.5135374,1.6675073,1.3987846
1750940997099,578442003,4.8405347,3.350931,0.6940508
1750940997099,578442003,4.8405347,3.350931,0.6940508
1750940997115,578458670,6.51645,11.273626,1.8517771
1750940997115,578458670,6.51645,11.273626,1.8517771
1750940997132,578475337,6.3126993,10.419533,-1.3805285
1750940997132,578475337,6.3126993,10.419533,-1.3805285
1750940997149,578492004,4.17012,8.168508,-1.6746082
1750940997149,578492004,4.17012,8.168508,-1.6746082
1750940997165,578508671,3.3646653,10.224543,-2.8977146
1750940997165,578508671,3.3646653,10.224543,-2.8977146
1750940997182,578525338,0.9083142,3.897145,5.138074
1750940997182,578525338,0.9083142,3.897145,5.138074
1750940997199,578542005,5.828155,2.2847893,1.638093
1750940997199,578542005,5.828155,2.2847893,1.638093
1750940997215,578558672,6.4473267,5.1693845,-1.3338194
1750940997215,578558672,6.4473267,5.1693845,-1.3338194
1750940997232,578575339,5.926659,6.3987913,-1.4734097
1750940997232,578575339,5.926659,6.3987913,-1.4734097
1750940997249,578592006,4.8488817,5.856044,-1.2065449
1750940997249,578592006,4.8488817,5.856044,-1.2065449
1750940997265,578608673,4.076974,3.930115,-0.7570257
1750940997265,578608673,4.076974,3.930115,-0.7570257
1750940997282,578625340,3.9925864,2.6979234,-0.10399532
1750940997282,578625340,3.9925864,2.6979234,-0.10399532
1750940997299,578642007,4.1173744,3.0085359,0.4781704
1750940997299,578642007,4.1173744,3.0085359,0.4781704
1750940997315,578658674,3.788089,2.7478344,0.5112486
1750940997315,578658674,3.788089,2.7478344,0.5112486
1750940997332,578675341,3.1235297,2.1000097,0.29830265
1750940997332,578675341,3.1235297,2.1000097,0.29830265
1750940997349,578692008,2.2725863,1.1939002,0.3443575
1750940997349,578692008,2.2725863,1.1939002,0.3443575
1750940997365,578708675,1.9133706,0.38304973,0.1953516
1750940997365,578708675,1.9133706,0.38304973,0.1953516
1750940997382,578725342,1.6537547,-0.35247052,0.08553505
1750940997382,578725342,1.6537547,-0.35247052,0.08553505
1750940997399,578742009,1.5371556,-0.9039417,0.2613268
1750940997399,578742009,1.5371556,-0.9039417,0.2613268
1750940997415,578758676,1.0883398,-1.4002229,0.62225914
1750940997415,578758676,1.0883398,-1.4002229,0.62225914
1750940997432,578775343,0.3031017,-1.5197988,1.2588406
1750940997432,578775343,0.3031017,-1.5197988,1.2588406
1750940997449,578792010,-0.7144222,-1.8402351,1.6956825
1750940997449,578792010,-0.7144222,-1.8402351,1.6956825
1750940997465,578808677,-1.276443,-3.0292583,1.4567804
1750940997465,578808677,-1.276443,-3.0292583,1.4567804
1750940997482,578825344,-1.7170023,-4.558839,1.0381279
1750940997482,578825344,-1.7170023,-4.558839,1.0381279
1750940997499,578842011,-3.8825748,-5.61668,0.2994442
1750940997499,578842011,-3.8825748,-5.61668,0.2994442
1750940997515,578858678,-6.264682,-5.7857785,-0.81838226
1750940997515,578858678,-6.264682,-5.7857785,-0.81838226
1750940997532,578875345,-9.472362,-5.5860972,-1.4016123
1750940997532,578875345,-9.472362,-5.5860972,-1.4016123
1750940997549,578892012,-12.447792,-6.561123,-3.260683
1750940997549,578892012,-12.447792,-6.561123,-3.260683
1750940997565,578908679,-13.338048,-7.0461946,-5.8935614
1750940997565,578908679,-13.338048,-7.0461946,-5.8935614
1750940997582,578925346,-13.609945,-7.5733156,-4.544306
1750940997582,578925346,-13.609945,-7.5733156,-4.544306
1750940997599,578942013,-13.547759,-5.7139325,-8.038862
1750940997599,578942013,-13.547759,-5.7139325,-8.038862
1750940997615,578958680,-14.821888,-4.121808,-9.665188
1750940997615,578958680,-14.821888,-4.121808,-9.665188
1750940997632,578975347,-0.006587849,-2.3330078,0.8949938
1750940997632,578975347,-0.006587849,-2.3330078,0.8949938
1750940997649,578992014,5.1897097,-2.924843,5.8152046
1750940997649,578992014,5.1897097,-2.924843,5.8152046
1750940997665,579008681,-6.6172867,-12.684959,0.6851587
1750940997665,579008681,-6.6172867,-12.684959,0.6851587
1750940997682,579025348,-3.237847,-2.804413,4.236602
1750940997682,579025348,-3.237847,-2.804413,4.236602
1750940997699,579042015,-6.7559295,-1.660455,1.6615572
1750940997699,579042015,-6.7559295,-1.660455,1.6615572
1750940997715,579058682,-9.929417,-2.0062811,1.4005957
1750940997715,579058682,-9.929417,-2.0062811,1.4005957
1750940997732,579075349,-1.4851733,-2.6122363,0.106349945
1750940997732,579075349,-1.4851733,-2.6122363,0.106349945
1750940997749,579092016,-2.1638002,-5.1324635,1.1329088
1750940997749,579092016,-2.1638002,-5.1324635,1.1329088
1750940997765,579108683,-1.718077,-2.005944,0.38724232
1750940997765,579108683,-1.718077,-2.005944,0.38724232
1750940997782,579125350,-1.6985819,-1.9200027,0.25360107
1750940997782,579125350,-1.6985819,-1.9200027,0.25360107
1750940997799,579142017,-1.0207255,-2.0088778,0.43132877
1750940997799,579142017,-1.0207255,-2.0088778,0.43132877
1750940997815,579158684,-0.77661,-1.7363622,0.3207121
1750940997815,579158684,-0.77661,-1.7363622,0.3207121
1750940997832,579175351,-0.69979787,-1.3077531,0.46225452
1750940997832,579175351,-0.69979787,-1.3077531,0.46225452
1750940997849,579192018,-1.0566934,-1.2853894,0.4142847
1750940997849,579192018,-1.0566934,-1.2853894,0.4142847
1750940997865,579208685,-1.0280682,-1.3024981,0.33010197
1750940997865,579208685,-1.0280682,-1.3024981,0.33010197
1750940997882,579225352,-1.2757179,-1.0877774,0.23934937
1750940997882,579225352,-1.2757179,-1.0877774,0.23934937
1750940997899,579242019,-0.7996337,-0.5395966,0.14875126
1750940997899,579242019,-0.7996337,-0.5395966,0.14875126
1750940997915,579258686,-0.34065017,-0.3432816,0.05117607
1750940997915,579258686,-0.34065017,-0.3432816,0.05117607
1750940997932,579275353,-0.01440731,-0.48964447,0.0810442
1750940997932,579275353,-0.01440731,-0.48964447,0.0810442
1750940997949,579292020,-0.183511,-0.20718645,0.1425209
1750940997949,579292020,-0.183511,-0.20718645,0.1425209
1750940997965,579308687,-0.33603182,-0.07884889,0.107061386
1750940997965,579308687,-0.33603182,-0.07884889,0.107061386
1750940997982,579325354,-0.3633722,-0.1000862,0.13220882
1750940997982,579325354,-0.3633722,-0.1000862,0.13220882
1750940997999,579342021,-0.1270721,-0.086722136,-0.008340836
1750940997999,579342021,-0.1270721,-0.086722136,-0.008340836
1750940998015,579358688,-0.072350085,0.049210176,-0.09443951
1750940998015,579358688,-0.072350085,0.049210176,-0.09443951
1750940998032,579375355,-0.086217664,0.26877365,-0.22352505
1750940998032,579375355,-0.086217664,0.26877365,-0.22352505
1750940998049,579392022,0.1507591,0.41258368,-0.19341564
1750940998049,579392022,0.1507591,0.41258368,-0.19341564
1750940998065,579408689,0.14749357,0.07760772,0.0081272125
1750940998065,579408689,0.14749357,0.07760772,0.0081272125
1750940998082,579425356,0.059732106,-0.10716284,0.102739334
1750940998082,579425356,0.059732106,-0.10716284,0.102739334
1750940998099,579442023,0.26784953,-0.18953642,0.03789425
1750940998099,579442023,0.26784953,-0.18953642,0.03789425
1750940998115,579458690,0.6285705,0.033418987,-0.019750595
1750940998115,579458690,0.6285705,0.033418987,-0.019750595
1750940998132,579475357,0.62883484,0.31277117,0.050250053
1750940998132,579475357,0.62883484,0.31277117,0.050250053
1750940998149,579492024,1.3287784,0.21872497,0.5323801
1750940998149,579492024,1.3287784,0.21872497,0.5323801
1750940998165,579508691,2.795127,0.7511696,1.1922007
1750940998165,579508691,2.795127,0.7511696,1.1922007
1750940998182,579525358,2.4248703,0.43814215,0.83138275
1750940998182,579525358,2.4248703,0.43814215,0.83138275
1750940998199,579542025,2.6792758,1.1756895,1.2375803
1750940998199,579542025,2.6792758,1.1756895,1.2375803
1750940998215,579558692,4.0830836,2.6853266,1.8547077
1750940998215,579558692,4.0830836,2.6853266,1.8547077
1750940998232,579575359,5.623197,3.4266217,2.3408527
1750940998232,579575359,5.623197,3.4266217,2.3408527
1750940998249,579592026,7.5282965,4.413284,3.5023994
1750940998249,579592026,7.5282965,4.413284,3.5023994
1750940998265,579608693,9.604002,4.9725866,3.753749
1750940998265,579608693,9.604002,4.9725866,3.753749
1750940998282,579625360,9.470164,9.483294,3.6544876
1750940998282,579625360,9.470164,9.483294,3.6544876
1750940998299,579642027,4.210548,9.725897,4.433831
1750940998299,579642027,4.210548,9.725897,4.433831
1750940998315,579658694,0.7296281,10.140202,8.482561
1750940998315,579658694,0.7296281,10.140202,8.482561
1750940998332,579675361,4.597194,13.20906,7.2090473
1750940998332,579675361,4.597194,13.20906,7.2090473
1750940998349,579692028,10.784139,9.645802,-1.1223783
1750940998349,579692028,10.784139,9.645802,-1.1223783
1750940998365,579708695,6.11513,4.095809,-5.753522
1750940998365,579708695,6.11513,4.095809,-5.753522
1750940998382,579725362,3.1404872,4.2813454,2.9430895
1750940998382,579725362,3.1404872,4.2813454,2.9430895
1750940998399,579742029,0.01378248,5.4905405,-1.484395
1750940998399,579742029,0.01378248,5.4905405,-1.484395
1750940998415,579758696,4.719799,4.754624,-7.458934
1750940998415,579758696,4.719799,4.754624,-7.458934
1750940998432,579775363,5.678602,3.1945767,-8.165841
1750940998432,579775363,5.678602,3.1945767,-8.165841
1750940998449,579792030,4.997276,2.5021331,-6.7563925
1750940998449,579792030,4.997276,2.5021331,-6.7563925
1750940998465,579808697,3.368389,1.6161207,-5.100113
1750940998465,579808697,3.368389,1.6161207,-5.100113
1750940998482,579825364,1.7775205,1.3184584,-3.3983717
1750940998482,579825364,1.7775205,1.3184584,-3.3983717
1750940998499,579842031,1.5944457,0.95642537,-2.8718748
1750940998499,579842031,1.5944457,0.95642537,-2.8718748
1750940998515,579858698,2.6180868,0.8953406,-2.3984804
1750940998515,579858698,2.6180868,0.8953406,-2.3984804
1750940998532,579875365,3.78566,0.3677031,-1.4440346
1750940998532,579875365,3.78566,0.3677031,-1.4440346
1750940998549,579892032,3.2331345,0.07940398,-0.41582298
1750940998549,579892032,3.2331345,0.07940398,-0.41582298
1750940998565,579908699,1.9386626,-0.94832736,0.7993765
1750940998565,579908699,1.9386626,-0.94832736,0.7993765
1750940998582,579925366,0.10524697,-1.6006683,2.3796673
1750940998582,579925366,0.10524697,-1.6006683,2.3796673
1750940998599,579942033,-0.84840363,-2.0757043,4.7140684
1750940998599,579942033,-0.84840363,-2.0757043,4.7140684
1750940998615,579958700,-3.9758503,-4.4650493,6.622265
1750940998615,579958700,-3.9758503,-4.4650493,6.622265
1750940998632,579975367,-6.2970533,-5.4582076,6.79035
1750940998632,579975367,-6.2970533,-5.4582076,6.79035
1750940998649,579992034,-9.484035,-7.270763,5.2844763
1750940998649,579992034,-9.484035,-7.270763,5.2844763
1750940998665,580008701,-11.243665,-7.555343,1.808178
1750940998665,580008701,-11.243665,-7.555343,1.808178
1750940998682,580025368,-11.888524,-7.971189,-1.1636457
1750940998682,580025368,-11.888524,-7.971189,-1.1636457
1750940998699,580042035,-12.076075,-9.348756,-5.0106893
1750940998699,580042035,-12.076075,-9.348756,-5.0106893
1750940998715,580058702,-13.147656,-9.2088785,-9.097846
1750940998715,580058702,-13.147656,-9.2088785,-9.097846
1750940998732,580075369,-12.588274,-9.350204,-10.884361
1750940998732,580075369,-12.588274,-9.350204,-10.884361
1750940998749,580092036,-13.744028,-8.814112,-3.7076917
1750940998749,580092036,-13.744028,-8.814112,-3.7076917
1750940998765,580108703,-12.440945,-7.2331657,-10.460025
1750940998765,580108703,-12.440945,-7.2331657,-10.460025
1750940998782,580125370,14.011153,5.953601,12.284239
1750940998782,580125370,14.011153,5.953601,12.284239
1750940998799,580142037,4.566262,-6.658596,-2.1400247
1750940998799,580142037,4.566262,-6.658596,-2.1400247
1750940998815,580158704,1.1562794,-13.557974,-0.28672504
1750940998815,580158704,1.1562794,-13.557974,-0.28672504
1750940998832,580175371,0.73543495,-6.217048,2.002715
1750940998832,580175371,0.73543495,-6.217048,2.002715
1750940998849,580192038,-5.5607677,-2.6644218,1.2192345
1750940998849,580192038,-5.5607677,-2.6644218,1.2192345
1750940998865,580208705,-7.972311,-0.04375691,2.3709345
1750940998865,580208705,-7.972311,-0.04375691,2.3709345
1750940998882,580225372,-15.471749,-2.8056424,3.015092
1750940998882,580225372,-15.471749,-2.8056424,3.015092
1750940998899,580242039,0.65942675,-6.80324,1.1904879
1750940998899,580242039,0.65942675,-6.80324,1.1904879
1750940998915,580258706,0.10797795,-4.813014,0.15968418
1750940998915,580258706,0.10797795,-4.813014,0.15968418
1750940998932,580275373,-2.2396653,-2.2253792,0.18723011
1750940998932,580275373,-2.2396653,-2.2253792,0.18723011
1750940998949,580292040,-1.228047,-2.070777,0.18866539
1750940998949,580292040,-1.228047,-2.070777,0.18866539
1750940998965,580308707,-0.36592257,-2.3691943,0.50502205
1750940998965,580308707,-0.36592257,-2.3691943,0.50502205
1750940998982,580325374,-0.51958305,-1.9023621,0.8199892
1750940998982,580325374,-0.51958305,-1.9023621,0.8199892
1750940998999,580342041,-0.638368,-1.3254524,0.6665726
1750940998999,580342041,-0.638368,-1.3254524,0.6665726
1750940999015,580358708,-0.5310139,-1.3055836,0.07050419
1750940999015,580358708,-0.5310139,-1.3055836,0.07050419
1750940999032,580375375,-1.0981197,-0.48222852,0.07241535
1750940999032,580375375,-1.0981197,-0.48222852,0.07241535
1750940999049,580392042,-0.995675,0.13860843,0.07007885
1750940999049,580392042,-0.995675,0.13860843,0.07007885
1750940999065,580408709,-0.29154947,0.227042,-0.09610176
1750940999065,580408709,-0.29154947,0.227042,-0.09610176
1750940999082,580425376,0.19073059,0.14748926,-0.10994053
1750940999082,580425376,0.19073059,0.14748926,-0.10994053
1750940999099,580442043,0.2526715,0.09665058,-0.12733269
1750940999099,580442043,0.2526715,0.09665058,-0.12733269
1750940999115,580458710,-0.11822494,0.18638253,-0.07940483
1750940999115,580458710,-0.11822494,0.18638253,-0.07940483
1750940999132,580475377,0.0873735,0.11748467,-0.006770134
1750940999132,580475377,0.0873735,0.11748467,-0.006770134
1750940999149,580492044,0.087749064,0.1047641,0.033654213
1750940999149,580492044,0.087749064,0.1047641,0.033654213
1750940999165,580508711,-0.0379425,-0.171936,0.033135414
1750940999165,580508711,-0.0379425,-0.171936,0.033135414
1750940999182,580525378,-0.15068696,0.090893105,0.12273693
1750940999182,580525378,-0.15068696,0.090893105,0.12273693
1750940999199,580542045,-0.048634127,0.24696863,0.09876251
1750940999199,580542045,-0.048634127,0.24696863,0.09876251
1750940999215,580558712,0.13666415,0.15353239,-0.06817913
1750940999215,580558712,0.13666415,0.15353239,-0.06817913
1750940999232,580575379,0.41701707,0.33220786,-0.26427746
1750940999232,580575379,0.41701707,0.33220786,-0.26427746
1750940999249,580592046,0.7310111,0.64884436,-0.4711523
1750940999249,580592046,0.7310111,0.64884436,-0.4711523
1750940999265,580608713,0.82485735,0.99632365,-0.33832455
1750940999265,580608713,0.82485735,0.99632365,-0.33832455
1750940999282,580625380,0.928582,1.2249337,-0.076322556
1750940999282,580625380,0.928582,1.2249337,-0.076322556
1750940999299,580642047,2.2497952,1.1265914,1.1214895
1750940999299,580642047,2.2497952,1.1265914,1.1214895
1750940999315,580658714,3.1998146,0.24457425,1.5502224
1750940999315,580658714,3.1998146,0.24457425,1.5502224
1750940999332,580675381,3.5767384,0.22586979,1.5489292
1750940999332,580675381,3.5767384,0.22586979,1.5489292
1750940999349,580692048,3.4604015,1.0503098,2.0039606
1750940999349,580692048,3.4604015,1.0503098,2.0039606
1750940999365,580708715,5.223731,2.7797403,2.341095
1750940999365,580708715,5.223731,2.7797403,2.341095
1750940999382,580725382,6.5607915,4.020395,2.7418919
1750940999382,580725382,6.5607915,4.020395,2.7418919
1750940999399,580742049,9.4478855,5.0827384,2.7930565
1750940999399,580742049,9.4478855,5.0827384,2.7930565
1750940999415,580758716,10.529485,10.497501,2.6478586
1750940999415,580758716,10.529485,10.497501,2.6478586
1750940999432,580775383,7.069731,10.459301,3.5186176
1750940999432,580775383,7.069731,10.459301,3.5186176
1750940999449,580792050,0.43983483,7.287253,6.4681263
1750940999449,580792050,0.43983483,7.287253,6.4681263
1750940999465,580808717,1.175987,12.374226,9.838112
1750940999465,580808717,1.175987,12.374226,9.838112
1750940999482,580825384,6.2465706,12.2461605,2.415905
1750940999482,580825384,6.2465706,12.2461605,2.415905
1750940999499,580842051,8.434553,7.7040157,-5.898005
1750940999499,580842051,8.434553,7.7040157,-5.898005
1750940999515,580858718,4.1190615,5.118566,-5.114883
1750940999515,580858718,4.1190615,5.118566,-5.114883
1750940999532,580875385,0.13744527,4.170769,6.9983196
1750940999532,580875385,0.13744527,4.170769,6.9983196
1750940999549,580892052,1.1417298,5.444032,-5.828065
1750940999549,580892052,1.1417298,5.444032,-5.828065
1750940999565,580908719,3.016125,4.777436,-7.3145795
1750940999565,580908719,3.016125,4.777436,-7.3145795
1750940999582,580925386,2.9079275,4.3439355,-7.436593
1750940999582,580925386,2.9079275,4.3439355,-7.436593
1750940999599,580942053,2.120835,3.2196481,-6.2632256
1750940999599,580942053,2.120835,3.2196481,-6.2632256
1750940999615,580958720,1.1724292,1.6786273,-4.7124863
1750940999615,580958720,1.1724292,1.6786273,-4.7124863
1750940999632,580975387,0.7517937,1.2948525,-3.9780478
1750940999632,580975387,0.7517937,1.2948525,-3.9780478
1750940999649,580992054,1.5841053,1.464994,-3.3781776
1750940999649,580992054,1.5841053,1.464994,-3.3781776
1750940999665,581008721,2.007176,1.6541463,-2.6775565
1750940999665,581008721,2.007176,1.6541463,-2.6775565
1750940999682,581025388,2.1944087,1.2723471,-1.6727142
1750940999682,581025388,2.1944087,1.2723471,-1.6727142
1750940999699,581042055,1.8174314,0.81404024,-0.19003487
1750940999699,581042055,1.8174314,0.81404024,-0.19003487
1750940999715,581058722,0.740667,-0.21913177,1.4234581
1750940999715,581058722,0.740667,-0.21913177,1.4234581
1750940999732,581075389,-0.8341917,-0.82599527,3.1115885
1750940999732,581075389,-0.8341917,-0.82599527,3.1115885
1750940999749,581092056,-0.52825665,-1.1742327,5.0817003
1750940999749,581092056,-0.52825665,-1.1742327,5.0817003
1750940999765,581108723,-3.7831576,-4.118361,7.8619843
1750940999765,581108723,-3.7831576,-4.118361,7.8619843
1750940999782,581125390,-6.8028345,-5.4148884,7.846636
1750940999782,581125390,-6.8028345,-5.4148884,7.846636
1750940999799,581142057,-8.766997,-6.5718637,6.8071823
1750940999799,581142057,-8.766997,-6.5718637,6.8071823
1750940999815,581158724,-9.748604,-7.935771,4.120166
1750940999815,581158724,-9.748604,-7.935771,4.120166
1750940999832,581175391,-10.100113,-9.115747,-1.8086519
1750940999832,581175391,-10.100113,-9.115747,-1.8086519
1750940999849,581192058,-12.432334,-9.803736,-7.591833
1750940999849,581192058,-12.432334,-9.803736,-7.591833
1750940999865,581208725,-12.827293,-10.328109,-11.286842
1750940999865,581208725,-12.827293,-10.328109,-11.286842
1750940999882,581225392,-14.173753,-8.568938,-11.290691
1750940999882,581225392,-14.173753,-8.568938,-11.290691
1750940999899,581242059,-10.868373,-8.936961,-5.8759804
1750940999899,581242059,-10.868373,-8.936961,-5.8759804
1750940999915,581258726,-10.988646,-5.981265,-2.3099174
1750940999915,581258726,-10.988646,-5.981265,-2.3099174
1750940999932,581275393,15.045987,5.402574,10.53319
1750940999932,581275393,15.045987,5.402574,10.53319
1750940999949,581292060,11.446212,-5.912033,-2.4640446
1750940999949,581292060,11.446212,-5.912033,-2.4640446
1750940999965,581308727,5.2349334,-16.278967,-1.6070156
1750940999965,581308727,5.2349334,-16.278967,-1.6070156
1750940999982,581325394,4.2856793,-9.783779,1.4671555
1750940999982,581325394,4.2856793,-9.783779,1.4671555
1750940999999,581342061,-5.7190437,-2.4488604,2.5456524
1750940999999,581342061,-5.7190437,-2.4488604,2.5456524
1750941000015,581358728,-9.905079,-0.3852373,2.6199503
1750941000015,581358728,-9.905079,-0.3852373,2.6199503
1750941000032,581375395,-10.487509,-3.747577,2.3601246
1750941000032,581375395,-10.487509,-3.747577,2.3601246
1750941000049,581392062,-1.6136003,-5.5147843,1.8710527
1750941000049,581392062,-1.6136003,-5.5147843,1.8710527
1750941000065,581408729,0.993327,-3.9149516,0.56545925
1750941000065,581408729,0.993327,-3.9149516,0.56545925
1750941000082,581425396,-0.7901025,-2.58353,0.019615173
1750941000082,581425396,-0.7901025,-2.58353,0.019615173
1750941000099,581442063,-0.9645901,-1.720596,0.3933077
1750941000099,581442063,-0.9645901,-1.720596,0.3933077
1750941000115,581458730,0.5289533,-2.13349,0.22586918
1750941000115,581458730,0.5289533,-2.13349,0.22586918
1750941000132,581475397,-0.35144362,-1.5947496,0.7840643
1750941000132,581475397,-0.35144362,-1.5947496,0.7840643
1750941000149,581492064,-0.4348677,-1.3427343,0.49291706
1750941000149,581492064,-0.4348677,-1.3427343,0.49291706
1750941000165,581508731,-0.60099256,-1.1258509,0.15168858
1750941000165,581508731,-0.60099256,-1.1258509,0.15168858
1750941000182,581525398,-0.56375855,-0.3827979,0.066711426
1750941000182,581525398,-0.56375855,-0.3827979,0.066711426
1750941000199,581542065,-0.5616733,0.521542,0.026241302
1750941000199,581542065,-0.5616733,0.521542,0.026241302
1750941000215,581558732,-0.56225085,0.6787229,-0.21428108
1750941000215,581558732,-0.56225085,0.6787229,-0.21428108
1750941000232,581575399,-0.27368447,0.8267982,-0.23007774
1750941000232,581575399,-0.27368447,0.8267982,-0.23007774
1750941000249,581592066,0.32245117,0.70716447,-0.3884077
1750941000249,581592066,0.32245117,0.70716447,-0.3884077
1750941000265,581608733,1.2604923,-0.42975014,-0.42934704
1750941000265,581608733,1.2604923,-0.42975014,-0.42934704
1750941000282,581625400,0.3370219,0.6571631,-0.1087904
1750941000282,581625400,0.3370219,0.6571631,-0.1087904
1750941000299,581642067,-0.37965062,0.6904396,0.12393665
1750941000299,581642067,-0.37965062,0.6904396,0.12393665
1750941000315,581658734,-0.13646595,0.26998198,0.013014793
1750941000315,581658734,-0.13646595,0.26998198,0.013014793
1750941000332,581675401,0.025658058,-0.08107262,0.24355602
1750941000332,581675401,0.025658058,-0.08107262,0.24355602
1750941000349,581692068,0.5186822,-0.3494797,0.27846622
1750941000349,581692068,0.5186822,-0.3494797,0.27846622
1750941000365,581708735,0.56749517,0.02101156,-0.12629414
1750941000365,581708735,0.56749517,0.02101156,-0.12629414
1750941000382,581725402,0.4533759,0.5515925,-0.37509537
1750941000382,581725402,0.4533759,0.5515925,-0.37509537
1750941000399,581742069,0.529912,1.2647752,-0.13205433
1750941000399,581742069,0.529912,1.2647752,-0.13205433
1750941000415,581758736,1.1192513,1.0234034,-0.040118217
1750941000415,581758736,1.1192513,1.0234034,-0.040118217
1750941000432,581775403,1.8480158,1.2301366,0.39632893
1750941000432,581775403,1.8480158,1.2301366,0.39632893
1750941000449,581792070,3.742327,1.4085046,1.4286652
1750941000449,581792070,3.742327,1.4085046,1.4286652
1750941000465,581808737,4.04926,1.7149671,1.5757332
1750941000465,581808737,4.04926,1.7149671,1.5757332
1750941000482,581825404,3.3933067,3.1817663,2.430478
1750941000482,581825404,3.3933067,3.1817663,2.430478
1750941000499,581842071,5.105262,3.103509,1.9145126
1750941000499,581842071,5.105262,3.103509,1.9145126
1750941000515,581858738,7.1278944,4.3767033,3.3134413
1750941000515,581858738,7.1278944,4.3767033,3.3134413
1750941000532,581875405,8.771091,7.6309586,4.0486546
1750941000532,581875405,8.771091,7.6309586,4.0486546
1750941000549,581892072,10.556333,11.840817,2.8861055
1750941000549,581892072,10.556333,11.840817,2.8861055
1750941000565,581908739,8.534242,10.146388,4.277811
1750941000565,581908739,8.534242,10.146388,4.277811
1750941000582,581925406,-0.5112546,8.6316185,7.274706
1750941000582,581925406,-0.5112546,8.6316185,7.274706
1750941000599,581942073,-0.7182173,15.234668,8.931303
1750941000599,581942073,-0.7182173,15.234668,8.931303
1750941000615,581958740,8.316692,10.991172,-2.0025935
1750941000615,581958740,8.316692,10.991172,-2.0025935
1750941000632,581975407,8.828293,4.683299,-8.040271
1750941000632,581975407,8.828293,4.683299,-8.040271
1750941000649,581992074,3.738437,3.6248593,0.13909817
1750941000649,581992074,3.738437,3.6248593,0.13909817
1750941000665,582008741,-0.9016437,4.7354035,2.072855
1750941000665,582008741,-0.9016437,4.7354035,2.072855
1750941000682,582025408,3.0509822,4.9565015,-8.593823
1750941000682,582025408,3.0509822,4.9565015,-8.593823
1750941000699,582042075,3.8930893,4.4005885,-8.075623
1750941000699,582042075,3.8930893,4.4005885,-8.075623
1750941000715,582058742,3.7849452,3.5977914,-6.6401978
1750941000715,582058742,3.7849452,3.5977914,-6.6401978
1750941000732,582075409,2.9053037,2.0251667,-5.055733
1750941000732,582075409,2.9053037,2.0251667,-5.055733
1750941000749,582092076,1.7695631,1.0215936,-3.827568
1750941000749,582092076,1.7695631,1.0215936,-3.827568
1750941000765,582108743,2.5663555,-0.06101268,-3.108345
1750941000765,582108743,2.5663555,-0.06101268,-3.108345
1750941000782,582125410,4.309129,-0.4238308,-2.9543276
1750941000782,582125410,4.309129,-0.4238308,-2.9543276
1750941000799,582142077,5.391927,-0.53467804,-1.9585705
1750941000799,582142077,5.391927,-0.53467804,-1.9585705
1750941000815,582158744,4.8754077,-0.49438936,-0.64692974
1750941000815,582158744,4.8754077,-0.49438936,-0.64692974
1750941000832,582175411,1.5952841,-1.3582722,1.4795542
1750941000832,582175411,1.5952841,-1.3582722,1.4795542
1750941000849,582192078,0.43151948,-1.7322186,2.7356386
1750941000849,582192078,0.43151948,-1.7322186,2.7356386
1750941000865,582208745,0.9686115,-2.0092072,4.8069773
1750941000865,582208745,0.9686115,-2.0092072,4.8069773
1750941000882,582225412,-3.012707,-4.773339,7.754301
1750941000882,582225412,-3.012707,-4.773339,7.754301
1750941000899,582242079,-6.931067,-5.20689,7.7920284
1750941000899,582242079,-6.931067,-5.20689,7.7920284
1750941000915,582258746,-8.831106,-6.428161,6.9271793
1750941000915,582258746,-8.831106,-6.428161,6.9271793
1750941000932,582275413,-9.282688,-7.139434,2.8680687
1750941000932,582275413,-9.282688,-7.139434,2.8680687
1750941000949,582292080,-9.025621,-7.7723904,-0.8523369
1750941000949,582292080,-9.025621,-7.7723904,-0.8523369
1750941000965,582308747,-11.545968,-8.516641,-5.1802287
1750941000965,582308747,-11.545968,-8.516641,-5.1802287
1750941000982,582325414,-11.79142,-8.4927025,-8.6451
1750941000982,582325414,-11.79142,-8.4927025,-8.6451
1750941000999,582342081,-11.57539,-7.6055827,-10.085123
1750941000999,582342081,-11.57539,-7.6055827,-10.085123
1750941001015,582358748,-11.288241,-8.316146,-10.062768
1750941001015,582358748,-11.288241,-8.316146,-10.062768
1750941001032,582375415,-10.031432,-8.867639,-7.428934
1750941001032,582375415,-10.031432,-8.867639,-7.428934
1750941001049,582392082,-4.077225,-0.028638044,9.020042
1750941001049,582392082,-4.077225,-0.028638044,9.020042
1750941001065,582408749,13.844614,7.1840973,5.3542223
1750941001065,582408749,13.844614,7.1840973,5.3542223
1750941001082,582425416,5.2461066,-3.527765,-1.8646297
1750941001082,582425416,5.2461066,-3.527765,-1.8646297
1750941001099,582442083,1.071048,-14.061392,-0.94478226
1750941001099,582442083,1.071048,-14.061392,-0.94478226
1750941001115,582458750,1.1574256,-5.1984377,1.4178705
1750941001115,582458750,1.1574256,-5.1984377,1.4178705
1750941001132,582475417,0.0954029,-5.58605,1.9224548
1750941001132,582475417,0.0954029,-5.58605,1.9224548
1750941001149,582492084,-7.265706,-0.8789743,2.5962057
1750941001149,582492084,-7.265706,-0.8789743,2.5962057
1750941001165,582508751,-6.4983997,-1.4432241,2.2039528
1750941001165,582508751,-6.4983997,-1.4432241,2.2039528
1750941001182,582525418,-7.7734714,-1.2478688,2.207222
1750941001182,582525418,-7.7734714,-1.2478688,2.207222
1750941001199,582542085,-1.0406411,-5.2016315,0.9966688
1750941001199,582542085,-1.0406411,-5.2016315,0.9966688
1750941001215,582558752,-0.18123043,-2.2894907,0.4289236
1750941001215,582558752,-0.18123043,-2.2894907,0.4289236
1750941001232,582575419,-0.8534998,-2.1422036,0.10418701
1750941001232,582575419,-0.8534998,-2.1422036,0.10418701
1750941001249,582592086,-0.38624698,-2.333851,0.7331257
1750941001249,582592086,-0.38624698,-2.333851,0.7331257
1750941001265,582608753,-0.58252,-1.8397224,0.8134136
1750941001265,582608753,-0.58252,-1.8397224,0.8134136
1750941001282,582625420,-0.40707335,-1.4647257,0.60632706
1750941001282,582625420,-0.40707335,-1.4647257,0.60632706
1750941001299,582642087,-0.30401456,-1.1592947,0.61658573
1750941001299,582642087,-0.30401456,-1.1592947,0.61658573
1750941001315,582658754,-0.66629183,-0.5997901,0.51771355
1750941001315,582658754,-0.66629183,-0.5997901,0.51771355
1750941001332,582675421,-0.8073916,0.22469378,0.23280716
1750941001332,582675421,-0.8073916,0.22469378,0.23280716
1750941001349,582692088,0.0043682815,-0.1608911,-0.11469269
1750941001349,582692088,0.0043682815,-0.1608911,-0.11469269
1750941001365,582708755,0.6820524,0.20945902,-0.3319025
1750941001365,582708755,0.6820524,0.20945902,-0.3319025
1750941001382,582725422,0.32401443,0.76763153,-0.11855793
1750941001382,582725422,0.32401443,0.76763153,-0.11855793
1750941001399,582742089,-0.0072618243,0.60274124,-0.07675266
1750941001399,582742089,-0.0072618243,0.60274124,-0.07675266
1750941001415,582758756,0.1625779,0.41981488,-0.13767052
1750941001415,582758756,0.1625779,0.41981488,-0.13767052
1750941001432,582775423,0.298514,0.31524748,0.008385658
1750941001432,582775423,0.298514,0.31524748,0.008385658
1750941001449,582792090,0.18286473,0.45185646,0.11086559
1750941001449,582792090,0.18286473,0.45185646,0.11086559
1750941001465,582808757,0.06991636,0.3496974,0.05720234
1750941001465,582808757,0.06991636,0.3496974,0.05720234
1750941001482,582825424,0.26480234,0.2937263,-0.064432144
1750941001482,582825424,0.26480234,0.2937263,-0.064432144
1750941001499,582842091,0.18131655,0.31472245,-0.09940624
1750941001499,582842091,0.18131655,0.31472245,-0.09940624
1750941001515,582858758,0.4281324,0.2955875,-0.16381645
1750941001515,582858758,0.4281324,0.2955875,-0.16381645
1750941001532,582875425,0.6124238,0.53558534,-0.081009865
1750941001532,582875425,0.6124238,0.53558534,-0.081009865
1750941001549,582892092,0.60168296,0.5090731,0.0008363724
1750941001549,582892092,0.60168296,0.5090731,0.0008363724
1750941001565,582908759,0.7643755,0.73605585,-0.18547249
1750941001565,582908759,0.7643755,0.73605585,-0.18547249
1750941001582,582925426,0.75743955,1.1671739,-0.31090546
1750941001582,582925426,0.75743955,1.1671739,-0.31090546
1750941001599,582942093,0.9728234,1.4161202,-0.287817
1750941001599,582942093,0.9728234,1.4161202,-0.287817
1750941001615,582958760,1.6832647,1.3857937,0.28471375
1750941001615,582958760,1.6832647,1.3857937,0.28471375
1750941001632,582975427,2.8743734,0.6802864,0.3898306
1750941001632,582975427,2.8743734,0.6802864,0.3898306
1750941001649,582992094,2.4025824,0.7662757,0.7405081
1750941001649,582992094,2.4025824,0.7662757,0.7405081
1750941001665,583008761,2.8290293,0.7334424,0.8619499
1750941001665,583008761,2.8290293,0.7334424,0.8619499
1750941001682,583025428,3.3289435,1.5890696,1.2559872
1750941001682,583025428,3.3289435,1.5890696,1.2559872
1750941001699,583042095,4.808797,2.2987826,1.7680359
1750941001699,583042095,4.808797,2.2987826,1.7680359
1750941001715,583058762,6.4211807,2.476156,1.7962465
1750941001715,583058762,6.4211807,2.476156,1.7962465
1750941001732,583075429,8.764337,4.0098753,2.0936546
1750941001732,583075429,8.764337,4.0098753,2.0936546
1750941001749,583092096,11.1098,5.0724435,2.4156656
1750941001749,583092096,11.1098,5.0724435,2.4156656
1750941001765,583108763,10.198929,8.088202,2.6161184
1750941001765,583108763,10.198929,8.088202,2.6161184
1750941001782,583125430,3.0105026,5.447634,3.392295
1750941001782,583125430,3.0105026,5.447634,3.392295
1750941001799,583142097,-0.78364825,7.770951,9.221991
1750941001799,583142097,-0.78364825,7.770951,9.221991
1750941001815,583158764,6.2930975,11.082176,5.92066
1750941001815,583158764,6.2930975,11.082176,5.92066
1750941001832,583175431,8.08765,10.146167,-1.9714279
1750941001832,583175431,8.08765,10.146167,-1.9714279
1750941001849,583192098,4.9324265,6.9505644,-3.61125
1750941001849,583192098,4.9324265,6.9505644,-3.61125
1750941001865,583208765,2.3379288,6.016847,-3.6584268
1750941001865,583208765,2.3379288,6.016847,-3.6584268
1750941001882,583225432,-0.71471775,2.0518658,3.92976
1750941001882,583225432,-0.71471775,2.0518658,3.92976
1750941001899,583242099,4.3938313,3.4960387,-9.12341
1750941001899,583242099,4.3938313,3.4960387,-9.12341
1750941001915,583258766,4.9295015,3.268263,-7.9305725
1750941001915,583258766,4.9295015,3.268263,-7.9305725
1750941001932,583275433,3.806195,2.9655566,-7.099264
1750941001932,583275433,3.806195,2.9655566,-7.099264
1750941001949,583292100,0.9373227,3.0920024,-4.7173386
1750941001949,583292100,0.9373227,3.0920024,-4.7173386
1750941001965,583308767,-0.928365,1.8319688,-4.4158597
1750941001965,583308767,-0.928365,1.8319688,-4.4158597
1750941001982,583325434,0.9710869,2.0864828,-5.504313
1750941001982,583325434,0.9710869,2.0864828,-5.504313
1750941001999,583342101,2.1284251,2.9373984,-4.46418
1750941001999,583342101,2.1284251,2.9373984,-4.46418
1750941002015,583358768,0.07526743,2.8784404,-1.6772747
1750941002015,583358768,0.07526743,2.8784404,-1.6772747
1750941002032,583375435,-3.703443,1.8708235,-0.3179369
1750941002032,583375435,-3.703443,1.8708235,-0.3179369
1750941002049,583392102,-3.6813014,1.3531752,-0.17191982
1750941002049,583392102,-3.6813014,1.3531752,-0.17191982
1750941002065,583408769,-3.4287794,0.9205955,0.75171185
1750941002065,583408769,-3.4287794,0.9205955,0.75171185
1750941002082,583425436,-5.1412535,-0.24397735,2.6359339
1750941002082,583425436,-5.1412535,-0.24397735,2.6359339
1750941002099,583442103,-6.940231,-1.9833444,4.756668
1750941002099,583442103,-6.940231,-1.9833444,4.756668
1750941002115,583458770,-8.059932,-4.3989162,5.901928
1750941002115,583458770,-8.059932,-4.3989162,5.901928
1750941002132,583475437,-7.964203,-6.9097724,5.421686
1750941002132,583475437,-7.964203,-6.9097724,5.421686
1750941002149,583492104,-7.0679445,-8.84589,3.8630095
1750941002149,583492104,-7.0679445,-8.84589,3.8630095
1750941002165,583508771,-5.105331,-9.143372,1.7613468
1750941002165,583508771,-5.105331,-9.143372,1.7613468
1750941002182,583525438,-3.5803092,-8.623857,0.43113518
1750941002182,583525438,-3.5803092,-8.623857,0.43113518
1750941002199,583542105,-2.3277638,-6.892302,-0.66813755
1750941002199,583542105,-2.3277638,-6.892302,-0.66813755
1750941002215,583558772,-2.3582687,-4.5176477,-0.82358074
1750941002215,583558772,-2.3582687,-4.5176477,-0.82358074
1750941002232,583575439,-1.1095302,-5.343045,1.2446518
1750941002232,583575439,-1.1095302,-5.343045,1.2446518
1750941002249,583592106,-3.5346825,-4.488034,-3.1089816
1750941002249,583592106,-3.5346825,-4.488034,-3.1089816
1750941002265,583608773,-3.6960201,-6.2972813,-2.670436
1750941002265,583608773,-3.6960201,-6.2972813,-2.670436
1750941002282,583625440,-2.525725,-8.62754,-1.9043875
1750941002282,583625440,-2.525725,-8.62754,-1.9043875
1750941002299,583642107,1.3770937,-9.093149,-0.64533997
1750941002299,583642107,1.3770937,-9.093149,-0.64533997
1750941002315,583658774,4.798705,-8.698418,1.0086508
1750941002315,583658774,4.798705,-8.698418,1.0086508
1750941002332,583675441,-2.6806464,-11.439215,0.18105125
1750941002332,583675441,-2.6806464,-11.439215,0.18105125
1750941002349,583692108,-1.9315186,-5.6536155,1.6852322
1750941002349,583692108,-1.9315186,-5.6536155,1.6852322
1750941002365,583708775,-0.5783465,2.1179888,3.8135443
1750941002365,583708775,-0.5783465,2.1179888,3.8135443
1750941002382,583725442,-0.4989587,11.205816,2.3255987
1750941002382,583725442,-0.4989587,11.205816,2.3255987
1750941002399,583742109,-1.0042039,1.7027731,3.1577969
1750941002399,583742109,-1.0042039,1.7027731,3.1577969
1750941002415,583758776,-1.3578653,-1.8977723,1.7472305
1750941002415,583758776,-1.3578653,-1.8977723,1.7472305
1750941002432,583775443,-0.98449725,0.95567477,0.120342255
1750941002432,583775443,-0.98449725,0.95567477,0.120342255
1750941002449,583792110,0.12234339,-0.19498424,-0.13264275
1750941002449,583792110,0.12234339,-0.19498424,-0.13264275
1750941002465,583808777,0.40430096,-1.1347781,-0.06537914
1750941002465,583808777,0.40430096,-1.1347781,-0.06537914
1750941002482,583825444,0.75258154,-0.08804852,-0.19798756
1750941002482,583825444,0.75258154,-0.08804852,-0.19798756
1750941002499,583842111,0.36450404,0.5212052,0.02980423
1750941002499,583842111,0.36450404,0.5212052,0.02980423
1750941002515,583858778,0.12093973,0.2405192,0.32664776
1750941002515,583858778,0.12093973,0.2405192,0.32664776
1750941002532,583875445,0.3760887,-0.5277995,0.3178234
1750941002532,583875445,0.3760887,-0.5277995,0.3178234
1750941002549,583892112,0.54773325,-0.75839114,0.06600952
1750941002549,583892112,0.54773325,-0.75839114,0.06600952
1750941002565,583908779,0.78191674,0.030922962,-0.00288105
1750941002565,583908779,0.78191674,0.030922962,-0.00288105
1750941002582,583925446,0.1295861,0.3034357,-0.032183647
1750941002582,583925446,0.1295861,0.3034357,-0.032183647
1750941002599,583942113,0.15259185,-0.36298007,-0.33036995
1750941002599,583942113,0.15259185,-0.36298007,-0.33036995
1750941002615,583958780,0.60885286,0.43243736,-0.10616684
1750941002615,583958780,0.60885286,0.43243736,-0.10616684
1750941002632,583975447,0.41314894,1.2638445,-0.104127884
1750941002632,583975447,0.41314894,1.2638445,-0.104127884
1750941002649,583992114,0.17992257,0.8520143,-0.12762547
1750941002649,583992114,0.17992257,0.8520143,-0.12762547
1750941002665,584008781,0.06500696,0.010427773,-0.013004303
1750941002665,584008781,0.06500696,0.010427773,-0.013004303
1750941002682,584025448,0.78118986,-0.16556565,0.102604866
1750941002682,584025448,0.78118986,-0.16556565,0.102604866
1750941002699,584042115,0.8003677,0.28778383,0.13309288
1750941002699,584042115,0.8003677,0.28778383,0.13309288
1750941002715,584058782,0.7520259,0.6203639,0.19693565
1750941002715,584058782,0.7520259,0.6203639,0.19693565
1750941002732,584075449,0.65314734,0.46379963,0.17755985
1750941002732,584075449,0.65314734,0.46379963,0.17755985
1750941002749,584092116,0.65734625,0.3419189,0.1295147
1750941002749,584092116,0.65734625,0.3419189,0.1295147
1750941002765,584108783,0.4455856,0.5753472,-0.008263588
1750941002765,584108783,0.4455856,0.5753472,-0.008263588
1750941002782,584125450,0.29779348,0.37331423,-0.038632393
1750941002782,584125450,0.29779348,0.37331423,-0.038632393
1750941002799,584142117,0.78676873,0.031374373,0.23880196
1750941002799,584142117,0.78676873,0.031374373,0.23880196
1750941002815,584158784,0.983588,-0.08164652,0.3358965
1750941002815,584158784,0.983588,-0.08164652,0.3358965
1750941002832,584175451,0.69244134,0.06372204,0.062475204
1750941002832,584175451,0.69244134,0.06372204,0.062475204
1750941002849,584192118,0.52857816,0.6293805,0.037508965
1750941002849,584192118,0.52857816,0.6293805,0.037508965
1750941002865,584208785,0.4433375,0.61654127,0.084080696
1750941002865,584208785,0.4433375,0.61654127,0.084080696
1750941002882,584225452,0.27039078,0.42706594,-0.021865845
1750941002882,584225452,0.27039078,0.42706594,-0.021865845
1750941002899,584242119,0.23591301,0.09972293,-0.09167862
1750941002899,584242119,0.23591301,0.09972293,-0.09167862
1750941002915,584258786,0.37718973,0.02211616,-0.13032341
1750941002915,584258786,0.37718973,0.02211616,-0.13032341
1750941002932,584275453,0.54563713,0.92204875,-0.117835045
1750941002932,584275453,0.54563713,0.92204875,-0.117835045
1750941002949,584292120,0.5900295,0.70008355,0.104842186
1750941002949,584292120,0.5900295,0.70008355,0.104842186
1750941002965,584308787,0.43757936,0.35066658,0.0144376755
1750941002965,584308787,0.43757936,0.35066658,0.0144376755
1750941002982,584325454,0.49607092,0.11323611,-0.018393517
1750941002982,584325454,0.49607092,0.11323611,-0.018393517
1750941002999,584342121,0.39945564,0.30571193,-0.0053606033
1750941002999,584342121,0.39945564,0.30571193,-0.0053606033
1750941003015,584358788,0.37594745,0.3818978,0.005241394
1750941003015,584358788,0.37594745,0.3818978,0.005241394
1750941003032,584375455,0.5411946,0.534108,0.010070801
1750941003032,584375455,0.5411946,0.534108,0.010070801
1750941003049,584392122,0.4577818,0.32547763,0.18068314
1750941003049,584392122,0.4577818,0.32547763,0.18068314
1750941003065,584408789,0.37348256,0.123476796,0.27687073
1750941003065,584408789,0.37348256,0.123476796,0.27687073
1750941003082,584425456,0.37026575,0.049854454,0.32669544
1750941003082,584425456,0.37026575,0.049854454,0.32669544
1750941003099,584442123,0.38304308,0.24035025,0.29806423
1750941003099,584442123,0.38304308,0.24035025,0.29806423
1750941003115,584458790,0.094284914,0.41273594,0.2900591
1750941003115,584458790,0.094284914,0.41273594,0.2900591
1750941003132,584475457,0.018634275,0.13375694,0.4564085
1750941003132,584475457,0.018634275,0.13375694,0.4564085
1750941003149,584492124,0.053950217,0.28296223,0.287364
1750941003149,584492124,0.053950217,0.28296223,0.287364
1750941003165,584508791,-0.25460806,0.22128,0.23031902
1750941003165,584508791,-0.25460806,0.22128,0.23031902
1750941003182,584525458,-0.7675283,-0.38783342,0.4488039
1750941003182,584525458,-0.7675283,-0.38783342,0.4488039
1750941003199,584542125,-0.97248876,0.5476165,0.6109953
1750941003199,584542125,-0.97248876,0.5476165,0.6109953
1750941003215,584558792,-4.717009,0.3051831,2.4746122
1750941003215,584558792,-4.717009,0.3051831,2.4746122
1750941003232,584575459,-3.7050772,0.24760231,1.9197493
1750941003232,584575459,-3.7050772,0.24760231,1.9197493
1750941003249,584592126,-4.8604727,-0.327584,1.4165525
1750941003249,584592126,-4.8604727,-0.327584,1.4165525
1750941003265,584608793,-5.4121366,-2.0249288,1.4855099
1750941003265,584608793,-5.4121366,-2.0249288,1.4855099
1750941003282,584625460,-5.39173,-3.6588445,1.0582743
1750941003282,584625460,-5.39173,-3.6588445,1.0582743
1750941003299,584642127,-4.6648064,-13.204123,2.924696
1750941003299,584642127,-4.6648064,-13.204123,2.924696
1750941003315,584658794,-2.9686513,-15.785343,1.1025343
1750941003315,584658794,-2.9686513,-15.785343,1.1025343
1750941003332,584675461,-4.6543374,-8.390012,-0.06501675
1750941003332,584675461,-4.6543374,-8.390012,-0.06501675
1750941003349,584692128,-2.6589458,-7.55549,-0.50948143
1750941003349,584692128,-2.6589458,-7.55549,-0.50948143
1750941003365,584708795,-0.9009262,-5.122876,4.182742
1750941003365,584708795,-0.9009262,-5.122876,4.182742
1750941003382,584725462,-4.631574,-5.330936,3.0828629
1750941003382,584725462,-4.631574,-5.330936,3.0828629
1750941003399,584742129,-6.3878145,-8.139482,-0.8941088
1750941003399,584742129,-6.3878145,-8.139482,-0.8941088
1750941003415,584758796,-5.2992887,-7.490194,-1.771287
1750941003415,584758796,-5.2992887,-7.490194,-1.771287
1750941003432,584775463,-4.154312,-4.7007036,-1.3110657
1750941003432,584775463,-4.154312,-4.7007036,-1.3110657
1750941003449,584792130,-5.425913,-1.571471,-1.3236971
1750941003449,584792130,-5.425913,-1.571471,-1.3236971
1750941003465,584808797,-5.5191555,-1.2407823,-1.7322149
1750941003465,584808797,-5.5191555,-1.2407823,-1.7322149
1750941003482,584825464,-4.7967076,-1.3003684,-1.7293377
1750941003482,584825464,-4.7967076,-1.3003684,-1.7293377
1750941003499,584842131,-4.1724424,-1.4898479,-1.3638182
1750941003499,584842131,-4.1724424,-1.4898479,-1.3638182
1750941003515,584858798,-3.2216268,-1.2362359,-0.8323946
1750941003515,584858798,-3.2216268,-1.2362359,-0.8323946
1750941003532,584875465,-2.5871456,-0.47823894,-0.12958622
1750941003532,584875465,-2.5871456,-0.47823894,-0.12958622
1750941003549,584892132,-2.2736006,0.13505134,0.26696014
1750941003549,584892132,-2.2736006,0.13505134,0.26696014
1750941003565,584908799,-1.3838335,0.4018421,0.5805807
1750941003565,584908799,-1.3838335,0.4018421,0.5805807
1750941003582,584925466,-0.7583607,0.84686345,0.91752243
1750941003582,584925466,-0.7583607,0.84686345,0.91752243
1750941003599,584942133,-0.16981262,1.3220093,1.731597
1750941003599,584942133,-0.16981262,1.3220093,1.731597
1750941003615,584958800,1.8837247,2.5544486,2.87846
1750941003615,584958800,1.8837247,2.5544486,2.87846
1750941003632,584975467,4.5685673,3.9223444,2.409071
1750941003632,584975467,4.5685673,3.9223444,2.409071
1750941003649,584992134,6.2716503,5.1869226,1.1743431
1750941003649,584992134,6.2716503,5.1869226,1.1743431
1750941003665,585008801,8.205409,6.535968,-0.10481644
1750941003665,585008801,8.205409,6.535968,-0.10481644
1750941003682,585025468,9.603254,8.32187,-2.4722848
1750941003682,585025468,9.603254,8.32187,-2.4722848
1750941003699,585042135,10.478627,9.772465,-5.1969905
1750941003699,585042135,10.478627,9.772465,-5.1969905
1750941003715,585058802,10.2816,10.12673,-7.6514745
1750941003715,585058802,10.2816,10.12673,-7.6514745
1750941003732,585075469,10.617242,10.54724,-4.7194514
1750941003732,585075469,10.617242,10.54724,-4.7194514
1750941003749,585092136,11.467897,10.201362,-9.93089
1750941003749,585092136,11.467897,10.201362,-9.93089
1750941003765,585108803,14.299205,8.256971,-10.328942
1750941003765,585108803,14.299205,8.256971,-10.328942
1750941003782,585125470,-6.3332067,-0.3292234,5.041004
1750941003782,585125470,-6.3332067,-0.3292234,5.041004
1750941003799,585142137,-1.2931097,0.37693068,3.789362
1750941003799,585142137,-1.2931097,0.37693068,3.789362
1750941003815,585158804,7.653114,13.292737,2.0382833
1750941003815,585158804,7.653114,13.292737,2.0382833
1750941003832,585175471,1.631962,7.3625264,3.31738
1750941003832,585175471,1.631962,7.3625264,3.31738
1750941003849,585192138,10.74072,4.5644217,2.542263
1750941003849,585192138,10.74072,4.5644217,2.542263
1750941003865,585208805,3.610166,5.885468,1.162384
1750941003865,585208805,3.610166,5.885468,1.162384
1750941003882,585225472,-1.2846063,4.4458127,0.5329857
1750941003882,585225472,-1.2846063,4.4458127,0.5329857
1750941003899,585242139,2.78645,3.8366652,0.70094013
1750941003899,585242139,2.78645,3.8366652,0.70094013
1750941003915,585258806,0.7604161,2.6271403,0.4844303
1750941003915,585258806,0.7604161,2.6271403,0.4844303
1750941003932,585275473,1.2893078,2.1590912,0.22576618
1750941003932,585275473,1.2893078,2.1590912,0.22576618
1750941003949,585292140,1.2750266,1.4591445,0.28788567
1750941003949,585292140,1.2750266,1.4591445,0.28788567
1750941003965,585308807,0.97554445,1.3735648,0.24809074
1750941003965,585308807,0.97554445,1.3735648,0.24809074
1750941003982,585325474,0.39151132,1.3585763,0.37990665
1750941003982,585325474,0.39151132,1.3585763,0.37990665
1750941003999,585342141,0.31876343,1.688106,0.23321247
1750941003999,585342141,0.31876343,1.688106,0.23321247
1750941004015,585358808,0.26296836,1.5950884,0.115371704
1750941004015,585358808,0.26296836,1.5950884,0.115371704
1750941004032,585375475,0.7159701,0.6996251,0.19201088
1750941004032,585375475,0.7159701,0.6996251,0.19201088
1750941004049,585392142,0.7170329,0.22563589,0.10403633
1750941004049,585392142,0.7170329,0.22563589,0.10403633
1750941004065,585408809,0.4152855,0.3184264,-0.00461483
1750941004065,585408809,0.4152855,0.3184264,-0.00461483
1750941004082,585425476,0.33471802,0.1233711,-0.04506874
1750941004082,585425476,0.33471802,0.1233711,-0.04506874
1750941004099,585442143,0.64292985,0.19216818,-0.09800148
1750941004099,585442143,0.64292985,0.19216818,-0.09800148
1750941004115,585458810,0.52927667,0.3383604,-0.054099083
1750941004115,585458810,0.52927667,0.3383604,-0.054099083
1750941004132,585475477,-0.015974918,0.47115928,0.0035915375
1750941004132,585475477,-0.015974918,0.47115928,0.0035915375
1750941004149,585492144,-0.105209336,0.5524599,0.07802963
1750941004149,585492144,-0.105209336,0.5524599,0.07802963
1750941004165,585508811,-0.12020974,0.72682613,0.07033157
1750941004165,585508811,-0.12020974,0.72682613,0.07033157
1750941004182,585525478,-0.02207615,0.7022679,-0.07411289
1750941004182,585525478,-0.02207615,0.7022679,-0.07411289
1750941004199,585542145,0.41356176,0.4506105,-0.058735847
1750941004199,585542145,0.41356176,0.4506105,-0.058735847
1750941004215,585558812,0.4804648,0.40114218,0.041805267
1750941004215,585558812,0.4804648,0.40114218,0.041805267
1750941004232,585575479,0.029202415,0.20256644,0.04823208
1750941004232,585575479,0.029202415,0.20256644,0.04823208
1750941004249,585592146,-0.1691461,0.36350873,0.082966805
1750941004249,585592146,-0.1691461,0.36350873,0.082966805
1750941004265,585608813,0.19607607,0.52302355,0.18408012
1750941004265,585608813,0.19607607,0.52302355,0.18408012
1750941004282,585625480,-0.10232401,0.76592445,0.2785883
1750941004282,585625480,-0.10232401,0.76592445,0.2785883
1750941004299,585642147,-0.42785788,0.46420065,0.78859234
1750941004299,585642147,-0.42785788,0.46420065,0.78859234
1750941004315,585658814,-1.7962666,0.14140257,1.0647764
1750941004315,585658814,-1.7962666,0.14140257,1.0647764
1750941004332,585675481,-3.5367455,-1.1135297,1.464159
1750941004332,585675481,-3.5367455,-1.1135297,1.464159
1750941004349,585692148,-3.7782478,-1.8118248,1.3931942
1750941004349,585692148,-3.7782478,-1.8118248,1.3931942
1750941004365,585708815,-3.01293,-3.124918,1.8511858
1750941004365,585708815,-3.01293,-3.124918,1.8511858
1750941004382,585725482,-4.271161,-4.2394023,2.0127068
1750941004382,585725482,-4.271161,-4.2394023,2.0127068
1750941004399,585742149,-7.266525,-5.4105005,3.0170088
1750941004399,585742149,-7.266525,-5.4105005,3.0170088
1750941004415,585758816,-8.86719,-6.9528837,4.5781584
1750941004415,585758816,-8.86719,-6.9528837,4.5781584
1750941004432,585775483,-10.10639,-9.596943,4.646311
1750941004432,585775483,-10.10639,-9.596943,4.646311
1750941004449,585792150,-4.8308306,-10.203372,4.4605103
1750941004449,585792150,-4.8308306,-10.203372,4.4605103
1750941004465,585808817,-0.9132449,-5.9732943,6.669195
1750941004465,585808817,-0.9132449,-5.9732943,6.669195
1750941004482,585825484,-1.2583789,-12.87857,9.983555
1750941004482,585825484,-1.2583789,-12.87857,9.983555
1750941004499,585842151,-7.0973067,-12.567461,2.0543442
1750941004499,585842151,-7.0973067,-12.567461,2.0543442
1750941004515,585858818,-8.760116,-8.817937,-6.23398
1750941004515,585858818,-8.760116,-8.817937,-6.23398
1750941004532,585875485,-5.186666,-5.8948164,-4.927525
1750941004532,585875485,-5.186666,-5.8948164,-4.927525
1750941004549,585892152,-0.45226192,-3.5228856,3.5452251
1750941004549,585892152,-0.45226192,-3.5228856,3.5452251
1750941004565,585908819,-3.2448366,-6.5808344,-7.2220364
1750941004565,585908819,-3.2448366,-6.5808344,-7.2220364
1750941004582,585925486,-5.254142,-5.8070917,-8.244659
1750941004582,585925486,-5.254142,-5.8070917,-8.244659
1750941004599,585942153,-4.1224685,-5.1209965,-6.7732306
1750941004599,585942153,-4.1224685,-5.1209965,-6.7732306
1750941004615,585958820,-2.9994993,-3.9028022,-5.0175734
1750941004615,585958820,-2.9994993,-3.9028022,-5.0175734
1750941004632,585975487,-1.399015,-2.825875,-3.3034925
1750941004632,585975487,-1.399015,-2.825875,-3.3034925
1750941004649,585992154,-1.5880895,-1.9701205,-2.8902607
1750941004649,585992154,-1.5880895,-1.9701205,-2.8902607
1750941004665,586008821,-2.4483624,-1.3498347,-2.0283332
1750941004665,586008821,-2.4483624,-1.3498347,-2.0283332
1750941004682,586025488,-3.7910917,-0.8829459,-1.0846138
1750941004682,586025488,-3.7910917,-0.8829459,-1.0846138
1750941004699,586042155,-3.8365462,-0.35535318,0.0773077
1750941004699,586042155,-3.8365462,-0.35535318,0.0773077
1750941004715,586058822,-1.9722202,0.67833436,2.0266142
1750941004715,586058822,-1.9722202,0.67833436,2.0266142
1750941004732,586075489,-1.3989748,3.0303745,3.78061
1750941004732,586075489,-1.3989748,3.0303745,3.78061
1750941004749,586092156,-0.518074,4.600062,4.596178
1750941004749,586092156,-0.518074,4.600062,4.596178
1750941004765,586108823,2.2543118,6.5053625,5.5567617
1750941004765,586108823,2.2543118,6.5053625,5.5567617
1750941004782,586125490,7.020526,8.715808,5.612788
1750941004782,586125490,7.020526,8.715808,5.612788
1750941004799,586142157,10.590948,9.666684,3.9177809
1750941004799,586142157,10.590948,9.666684,3.9177809
1750941004815,586158824,13.470994,10.582514,0.96414185
1750941004815,586158824,13.470994,10.582514,0.96414185
1750941004832,586175491,13.957011,11.32871,-3.7662973
1750941004832,586175491,13.957011,11.32871,-3.7662973
1750941004849,586192158,13.580982,11.374388,-8.759507
1750941004849,586192158,13.580982,11.374388,-8.759507
1750941004865,586208825,13.594866,11.561347,-11.714901
1750941004865,586208825,13.594866,11.561347,-11.714901
1750941004882,586225492,13.465334,12.035732,-12.030237
1750941004882,586225492,13.465334,12.035732,-12.030237
1750941004899,586242159,13.96647,11.657781,-0.9786167
1750941004899,586242159,13.96647,11.657781,-0.9786167
1750941004915,586258826,-1.0398775,0.20789722,-1.2908773
1750941004915,586258826,-1.0398775,0.20789722,-1.2908773
1750941004932,586275493,-14.869883,-6.2910037,7.851801
1750941004932,586275493,-14.869883,-6.2910037,7.851801
1750941004949,586292160,-2.6465626,17.407877,-3.321084
1750941004949,586292160,-2.6465626,17.407877,-3.321084
1750941004965,586308827,-1.7865511,7.184942,1.901082
1750941004965,586308827,-1.7865511,7.184942,1.901082
1750941004982,586325494,2.5093515,5.460035,1.5524759
1750941004982,586325494,2.5093515,5.460035,1.5524759
1750941004999,586342161,8.038457,2.051384,1.7050228
1750941004999,586342161,8.038457,2.051384,1.7050228
1750941005015,586358828,7.589393,4.104928,2.183383
1750941005015,586358828,7.589393,4.104928,2.183383
1750941005032,586375495,8.032532,4.262969,2.0993223
1750941005032,586375495,8.032532,4.262969,2.0993223
1750941005049,586392162,-1.0193416,5.8899446,0.76656437
1750941005049,586392162,-1.0193416,5.8899446,0.76656437
1750941005065,586408829,0.83088773,2.7664194,0.1518135
1750941005065,586408829,0.83088773,2.7664194,0.1518135
1750941005082,586425496,0.74065155,2.214161,-0.11476612
1750941005082,586425496,0.74065155,2.214161,-0.11476612
1750941005099,586442163,-0.1518261,2.3877647,0.25769424
1750941005099,586442163,-0.1518261,2.3877647,0.25769424
1750941005115,586458830,-0.21637529,2.2956169,0.523695
1750941005115,586458830,-0.21637529,2.2956169,0.523695
1750941005132,586475497,0.4060484,1.667279,0.5197201
1750941005132,586475497,0.4060484,1.667279,0.5197201
1750941005149,586492164,0.40615633,1.7382251,0.08436489
1750941005149,586492164,0.40615633,1.7382251,0.08436489
1750941005165,586508831,0.87652016,1.9563056,0.2586727
1750941005165,586508831,0.87652016,1.9563056,0.2586727
1750941005182,586525498,0.81607395,1.8155528,0.2423544
1750941005182,586525498,0.81607395,1.8155528,0.2423544
1750941005199,586542165,0.7189124,1.0046636,0.3041916
1750941005199,586542165,0.7189124,1.0046636,0.3041916
1750941005215,586558832,0.57132775,0.17966284,0.07439995
1750941005215,586558832,0.57132775,0.17966284,0.07439995
1750941005232,586575499,0.038616557,0.2450225,0.006385803
1750941005232,586575499,0.038616557,0.2450225,0.006385803
1750941005249,586592166,-0.018710045,0.15297629,-0.06939793
1750941005249,586592166,-0.018710045,0.15297629,-0.06939793
1750941005265,586608833,-0.057398796,0.098470196,0.031765938
1750941005265,586608833,-0.057398796,0.098470196,0.031765938
1750941005282,586625500,-0.11186801,0.12693636,0.030220985
1750941005282,586625500,-0.11186801,0.12693636,0.030220985
1750941005299,586642167,0.07820293,-0.03287272,0.10743904
1750941005299,586642167,0.07820293,-0.03287272,0.10743904
1750941005315,586658834,0.10938635,0.18504637,0.05868721
1750941005315,586658834,0.10938635,0.18504637,0.05868721
1750941005332,586675501,-0.06100518,-0.019972447,-0.09555721
1750941005332,586675501,-0.06100518,-0.019972447,-0.09555721
1750941005349,586692168,0.2172347,-0.22619131,-0.15761757
1750941005349,586692168,0.2172347,-0.22619131,-0.15761757
1750941005365,586708835,-0.06889563,-0.2433923,-0.21157551
1750941005365,586708835,-0.06889563,-0.2433923,-0.21157551
1750941005382,586725502,-0.5602692,-0.24225809,-0.12706947
1750941005382,586725502,-0.5602692,-0.24225809,-0.12706947
1750941005399,586742169,-0.8913469,-0.6275064,-0.12647057
1750941005399,586742169,-0.8913469,-0.6275064,-0.12647057
1750941005415,586758836,-0.4939909,-1.0814759,0.18140602
1750941005415,586758836,-0.4939909,-1.0814759,0.18140602
1750941005432,586775503,-1.6369593,-0.9094968,0.62370396
1750941005432,586775503,-1.6369593,-0.9094968,0.62370396
1750941005449,586792170,-3.7660055,-1.4750453,1.752943
1750941005449,586792170,-3.7660055,-1.4750453,1.752943
1750941005465,586808837,-4.0093117,-0.81194925,1.1677418
1750941005465,586808837,-4.0093117,-0.81194925,1.1677418
1750941005482,586825504,-3.6946468,-2.0099463,1.8184805
1750941005482,586825504,-3.6946468,-2.0099463,1.8184805
1750941005499,586842171,-5.200229,-4.804688,2.7088928
1750941005499,586842171,-5.200229,-4.804688,2.7088928
1750941005515,586858838,-7.2311974,-5.309552,2.7100182
1750941005515,586858838,-7.2311974,-5.309552,2.7100182
1750941005532,586875505,-8.638224,-7.767404,3.7301798
1750941005532,586875505,-8.638224,-7.767404,3.7301798
1750941005549,586892172,-8.31099,-12.38014,3.4855042
1750941005549,586892172,-8.31099,-12.38014,3.4855042
1750941005565,586908839,-3.3090913,-11.702331,4.185649
1750941005565,586908839,-3.3090913,-11.702331,4.185649
1750941005582,586925506,0.6787145,-7.1531415,6.7795925
1750941005582,586925506,0.6787145,-7.1531415,6.7795925
1750941005599,586942173,-0.14620608,-12.382502,10.177666
1750941005599,586942173,-0.14620608,-12.382502,10.177666
1750941005615,586958840,-6.7865357,-14.623486,0.924242
1750941005615,586958840,-6.7865357,-14.623486,0.924242
1750941005632,586975507,-6.3308077,-10.03064,-6.27983
1750941005632,586975507,-6.3308077,-10.03064,-6.27983
1750941005649,586992174,-3.069072,-7.1727195,-3.1798677
1750941005649,586992174,-3.069072,-7.1727195,-3.1798677
1750941005665,587008841,-0.33431548,-3.717248,5.064686
1750941005665,587008841,-0.33431548,-3.717248,5.064686
1750941005682,587025508,-2.290136,-5.780391,-8.23288
1750941005682,587025508,-2.290136,-5.780391,-8.23288
1750941005699,587042175,-6.0063815,-5.0383725,-9.531687
1750941005699,587042175,-6.0063815,-5.0383725,-9.531687
1750941005715,587058842,-3.911989,-4.6534815,-7.845908
1750941005715,587058842,-3.911989,-4.6534815,-7.845908
1750941005732,587075509,-1.7917261,-3.7337646,-5.6145797
1750941005732,587075509,-1.7917261,-3.7337646,-5.6145797
1750941005749,587092176,-0.14880264,-2.655073,-3.7468705
1750941005749,587092176,-0.14880264,-2.655073,-3.7468705
1750941005765,587108843,-0.41039684,-1.9890434,-2.9966068
1750941005765,587108843,-0.41039684,-1.9890434,-2.9966068
1750941005782,587125510,-1.8994757,-1.6976464,-2.3001418
1750941005782,587125510,-1.8994757,-1.6976464,-2.3001418
1750941005799,587142177,-2.645567,-1.4400673,-0.9979477
1750941005799,587142177,-2.645567,-1.4400673,-0.9979477
1750941005815,587158844,-2.1009498,-0.7384459,0.10840893
1750941005815,587158844,-2.1009498,-0.7384459,0.10840893
1750941005832,587175511,-1.3507125,0.049427655,1.262558
1750941005832,587175511,-1.3507125,0.049427655,1.262558
1750941005849,587192178,-0.7054713,1.7794352,2.8003025
1750941005849,587192178,-0.7054713,1.7794352,2.8003025
1750941005865,587208845,0.059805363,3.1374648,4.8157377
1750941005865,587208845,0.059805363,3.1374648,4.8157377
1750941005882,587225512,1.9895599,5.748842,7.6568394
1750941005882,587225512,1.9895599,5.748842,7.6568394
1750941005899,587242179,5.1711,8.445178,7.8841534
1750941005899,587242179,5.1711,8.445178,7.8841534
1750941005915,587258846,7.1327906,9.625086,6.4997215
1750941005915,587258846,7.1327906,9.625086,6.4997215
1750941005932,587275513,9.613846,10.5484085,3.2001038
1750941005932,587275513,9.613846,10.5484085,3.2001038
1750941005949,587292180,9.585778,14.258326,-4.4256244
1750941005949,587292180,9.585778,14.258326,-4.4256244
1750941005965,587308847,9.193608,12.158364,-8.082144
1750941005965,587308847,9.193608,12.158364,-8.082144
1750941005982,587325514,10.518969,12.409407,-13.0083
1750941005982,587325514,10.518969,12.409407,-13.0083
1750941005999,587342181,13.290384,12.246137,-13.352175
1750941005999,587342181,13.290384,12.246137,-13.352175
1750941006015,587358848,13.400946,11.278047,-2.6395373
1750941006015,587358848,13.400946,11.278047,-2.6395373
1750941006032,587375515,-6.1162696,-0.8275716,2.0612707
1750941006032,587375515,-6.1162696,-0.8275716,2.0612707
1750941006049,587392182,-11.671829,-4.1875706,5.675064
1750941006049,587392182,-11.671829,-4.1875706,5.675064
1750941006065,587408849,-3.1585782,17.500584,-2.2078776
1750941006065,587408849,-3.1585782,17.500584,-2.2078776
1750941006082,587425516,-1.8593719,6.638349,1.2925634
1750941006082,587425516,-1.8593719,6.638349,1.2925634
1750941006099,587442183,3.4459229,4.7498302,2.095951
1750941006099,587442183,3.4459229,4.7498302,2.095951
1750941006115,587458850,11.167399,2.302777,2.6822596
1750941006115,587458850,11.167399,2.302777,2.6822596
1750941006132,587475517,10.335731,4.798688,3.1646051
1750941006132,587475517,10.335731,4.798688,3.1646051
1750941006149,587492184,2.8288822,4.858585,1.8378162
1750941006149,587492184,2.8288822,4.858585,1.8378162
1750941006165,587508851,-0.7775153,6.299103,0.47911167
1750941006165,587508851,-0.7775153,6.299103,0.47911167
1750941006182,587525518,0.5777479,2.627299,0.20717335
1750941006182,587525518,0.5777479,2.627299,0.20717335
1750941006199,587542185,0.8716156,2.4162493,0.065877914
1750941006199,587542185,0.8716156,2.4162493,0.065877914
1750941006215,587558852,-0.33062193,2.221102,0.41470814
1750941006215,587558852,-0.33062193,2.221102,0.41470814
1750941006232,587575519,-0.44466898,1.7344875,0.57334995
1750941006232,587575519,-0.44466898,1.7344875,0.57334995
1750941006249,587592186,0.09833341,1.3996346,0.39072227
1750941006249,587592186,0.09833341,1.3996346,0.39072227
1750941006265,587608853,0.70270795,1.2061607,0.19880009
1750941006265,587608853,0.70270795,1.2061607,0.19880009
1750941006282,587625520,1.0169866,1.2019525,0.14679527
1750941006282,587625520,1.0169866,1.2019525,0.14679527
1750941006299,587642187,0.62883204,1.2761097,0.20366764
1750941006299,587642187,0.62883204,1.2761097,0.20366764
1750941006315,587658854,0.26612726,0.86628616,0.24966812
1750941006315,587658854,0.26612726,0.86628616,0.24966812
1750941006332,587675521,0.029302549,0.20541824,0.113087654
1750941006332,587675521,0.029302549,0.20541824,0.113087654
1750941006349,587692188,0.098502606,-0.034595337,0.027223587
1750941006349,587692188,0.098502606,-0.034595337,0.027223587
1750941006365,587708855,-0.071011856,-0.042029377,-0.122208595
1750941006365,587708855,-0.071011856,-0.042029377,-0.122208595
1750941006382,587725522,-0.23182003,0.00469109,0.011885643
1750941006382,587725522,-0.23182003,0.00469109,0.011885643
1750941006399,587742189,-0.26662368,-0.16635823,0.1257267
1750941006399,587742189,-0.26662368,-0.16635823,0.1257267
1750941006415,587758856,0.00014617747,-0.26580563,-0.013116837
1750941006415,587758856,0.00014617747,-0.26580563,-0.013116837
1750941006432,587775523,-0.016730616,-0.45729342,-0.09525871
1750941006432,587775523,-0.016730616,-0.45729342,-0.09525871
1750941006449,587792190,0.2370138,-0.6872725,-0.16205215
1750941006449,587792190,0.2370138,-0.6872725,-0.16205215
1750941006465,587808857,0.2258491,-0.8824336,-0.073999405
1750941006465,587808857,0.2258491,-0.8824336,-0.073999405
1750941006482,587825524,-0.34200543,-0.5387819,-0.16421413
1750941006482,587825524,-0.34200543,-0.5387819,-0.16421413
1750941006499,587842191,-0.85995203,-0.6890739,-0.44965076
1750941006499,587842191,-0.85995203,-0.6890739,-0.44965076
1750941006515,587858858,-0.89026105,-1.2836509,-0.4681673
1750941006515,587858858,-0.89026105,-1.2836509,-0.4681673
1750941006532,587875525,-0.93942094,-2.09084,-0.4322672
1750941006532,587875525,-0.93942094,-2.09084,-0.4322672
1750941006549,587892192,-0.6276157,-1.7565821,-0.17856693
1750941006549,587892192,-0.6276157,-1.7565821,-0.17856693
1750941006565,587908859,-0.6740735,-1.3071855,0.49882793
1750941006565,587908859,-0.6740735,-1.3071855,0.49882793
1750941006582,587925526,-3.6469102,-1.4266783,2.4374294
1750941006582,587925526,-3.6469102,-1.4266783,2.4374294
1750941006599,587942193,-4.3788767,-1.1894372,2.6255064
1750941006599,587942193,-4.3788767,-1.1894372,2.6255064
1750941006615,587958860,-4.8506346,-3.244909,2.387041
1750941006615,587958860,-4.8506346,-3.244909,2.387041
1750941006632,587975527,-6.1221747,-3.771293,2.3824873
1750941006632,587975527,-6.1221747,-3.771293,2.3824873
1750941006649,587992194,-7.8095336,-7.147754,4.4891844
1750941006649,587992194,-7.8095336,-7.147754,4.4891844
1750941006665,588008861,-8.4561,-12.404456,3.7770586
1750941006665,588008861,-8.4561,-12.404456,3.7770586
1750941006682,588025528,-7.2325425,-14.247238,3.1915455
1750941006682,588025528,-7.2325425,-14.247238,3.1915455
1750941006699,588042195,-1.6277242,-8.441505,3.813096
1750941006699,588042195,-1.6277242,-8.441505,3.813096
1750941006715,588058862,7.355646,-14.896411,11.111206
1750941006715,588058862,7.355646,-14.896411,11.111206
1750941006732,588075529,-1.5726426,-14.469941,4.3883247
1750941006732,588075529,-1.5726426,-14.469941,4.3883247
1750941006749,588092196,-9.191435,-10.098351,-7.3433027
1750941006749,588092196,-9.191435,-10.098351,-7.3433027
1750941006765,588108863,-5.4930634,-4.545793,-6.372383
1750941006765,588108863,-5.4930634,-4.545793,-6.372383
1750941006782,588125530,-0.33350816,-4.225024,7.034912
1750941006782,588125530,-0.33350816,-4.225024,7.034912
1750941006799,588142197,-0.14580421,-5.520633,-4.8658247
1750941006799,588142197,-0.14580421,-5.520633,-4.8658247
1750941006815,588158864,-2.0864003,-5.153298,-7.615882
1750941006815,588158864,-2.0864003,-5.153298,-7.615882
1750941006832,588175531,-1.8353378,-5.0155506,-7.577286
1750941006832,588175531,-1.8353378,-5.0155506,-7.577286
1750941006849,588192198,-1.812089,-3.7772624,-6.805083
1750941006849,588192198,-1.812089,-3.7772624,-6.805083
1750941006865,588208865,-1.4612647,-2.4160316,-5.37809
1750941006865,588208865,-1.4612647,-2.4160316,-5.37809
1750941006882,588225532,-0.9908586,-2.1605933,-4.08867
1750941006882,588225532,-0.9908586,-2.1605933,-4.08867
1750941006899,588242199,-1.1365024,-2.1604607,-3.3166633
1750941006899,588242199,-1.1365024,-2.1604607,-3.3166633
1750941006915,588258866,-1.4473548,-2.1214488,-2.1400933
1750941006915,588258866,-1.4473548,-2.1214488,-2.1400933
1750941006932,588275533,-1.6681473,-1.8625399,-1.1931915
1750941006932,588275533,-1.6681473,-1.8625399,-1.1931915
1750941006949,588292200,-0.88398415,-1.109737,0.19704914
1750941006949,588292200,-0.88398415,-1.109737,0.19704914
1750941006965,588308867,-0.6956635,-0.090994805,1.7197552
1750941006965,588308867,-0.6956635,-0.090994805,1.7197552
1750941006982,588325534,-0.86913234,1.433444,2.9960804
1750941006982,588325534,-0.86913234,1.433444,2.9960804
1750941006999,588342201,-0.31850955,1.9597394,4.836622
1750941006999,588342201,-0.31850955,1.9597394,4.836622
1750941007015,588358868,1.1482857,5.9122596,7.3887405
1750941007015,588358868,1.1482857,5.9122596,7.3887405
1750941007032,588375535,3.7908628,8.054116,7.0617046
1750941007032,588375535,3.7908628,8.054116,7.0617046
1750941007049,588392202,6.727321,8.977745,6.0917187
1750941007049,588392202,6.727321,8.977745,6.0917187
1750941007065,588408869,7.011767,9.598447,3.0673246
1750941007065,588408869,7.011767,9.598447,3.0673246
1750941007082,588425536,7.1649785,11.140078,-1.0846739
1750941007082,588425536,7.1649785,11.140078,-1.0846739
1750941007099,588442203,9.518362,11.872607,-5.530172
1750941007099,588442203,9.518362,11.872607,-5.530172
1750941007115,588458870,9.255762,11.511441,-8.677509
1750941007115,588458870,9.255762,11.511441,-8.677509
1750941007132,588475537,10.95337,10.2449,-9.806813
1750941007132,588475537,10.95337,10.2449,-9.806813
1750941007149,588492204,10.494891,10.7353735,-9.305447
1750941007149,588492204,10.494891,10.7353735,-9.305447
1750941007165,588508871,9.432562,8.210742,0.15100193
1750941007165,588508871,9.432562,8.210742,0.15100193
1750941007182,588525538,-1.8239609,3.436712,2.1842175
1750941007182,588525538,-1.8239609,3.436712,2.1842175
1750941007199,588542205,-12.479048,-9.49264,6.067424
1750941007199,588542205,-12.479048,-9.49264,6.067424
1750941007215,588558872,-8.672903,10.335642,-3.2145286
1750941007215,588558872,-8.672903,10.335642,-3.2145286
1750941007232,588575539,-5.4814453,11.197392,-0.5033426
1750941007232,588575539,-5.4814453,11.197392,-0.5033426
1750941007249,588592206,-4.2120066,7.564657,1.6178093
1750941007249,588592206,-4.2120066,7.564657,1.6178093
1750941007265,588608873,5.274942,3.2065942,2.5032043
1750941007265,588608873,5.274942,3.2065942,2.5032043
1750941007282,588625540,9.678526,2.6895788,2.9803905
1750941007282,588625540,9.678526,2.6895788,2.9803905
1750941007299,588642207,7.9930506,6.71169,3.641982
1750941007299,588642207,7.9930506,6.71169,3.641982
1750941007315,588658874,-3.0053198,4.4824133,0.6128874
1750941007315,588658874,-3.0053198,4.4824133,0.6128874
1750941007332,588675541,0.5019723,3.6145751,0.3665266
1750941007332,588675541,0.5019723,3.6145751,0.3665266
1750941007349,588692208,0.7337709,1.6965903,0.14236355
1750941007349,588692208,0.7337709,1.6965903,0.14236355
1750941007365,588708875,0.1875077,1.7410017,0.13541794
1750941007365,588708875,0.1875077,1.7410017,0.13541794
1750941007382,588725542,-0.00420562,1.604146,0.60008526
1750941007382,588725542,-0.00420562,1.604146,0.60008526
1750941007399,588742209,0.30773667,1.1676878,0.68661785
1750941007399,588742209,0.30773667,1.1676878,0.68661785
1750941007415,588758876,-0.08152747,0.9741555,0.54270935
1750941007415,588758876,-0.08152747,0.9741555,0.54270935
1750941007432,588775543,0.9194393,0.65304595,0.20244789
1750941007432,588775543,0.9194393,0.65304595,0.20244789
1750941007449,588792210,0.7329133,0.17965648,0.019425392
1750941007449,588792210,0.7329133,0.17965648,0.019425392
1750941007465,588808877,0.7127542,-0.45890686,-0.090213776
1750941007465,588808877,0.7127542,-0.45890686,-0.090213776
1750941007482,588825544,-0.013024547,-0.5693365,-0.18957806
1750941007482,588825544,-0.013024547,-0.5693365,-0.18957806
1750941007499,588842211,-0.9792248,-0.10282691,-0.31336498
1750941007499,588842211,-0.9792248,-0.10282691,-0.31336498
1750941007515,588858878,-0.7317014,-0.21001233,-0.21513271
1750941007515,588858878,-0.7317014,-0.21001233,-0.21513271
1750941007532,588875545,-0.23096935,-0.6330224,-0.17989445
1750941007532,588875545,-0.23096935,-0.6330224,-0.17989445
1750941007549,588892212,-0.039708864,-0.7007242,-0.14227676
1750941007549,588892212,-0.039708864,-0.7007242,-0.14227676
1750941007565,588908879,-0.1421471,-0.39567202,-0.045282364
1750941007565,588908879,-0.1421471,-0.39567202,-0.045282364
1750941007582,588925546,-0.06756059,-0.2865037,0.07864475
1750941007582,588925546,-0.06756059,-0.2865037,0.07864475
1750941007599,588942213,-0.21474856,-0.29214886,0.090397835
1750941007599,588942213,-0.21474856,-0.29214886,0.090397835
1750941007615,588958880,-0.624919,0.046098653,0.012975693
1750941007615,588958880,-0.624919,0.046098653,0.012975693
1750941007632,588975547,-0.87429124,-0.081138335,-0.38468933
1750941007632,588975547,-0.87429124,-0.081138335,-0.38468933
1750941007649,588992214,-0.73902035,-0.6480509,-0.44145107
1750941007649,588992214,-0.73902035,-0.6480509,-0.44145107
1750941007665,589008881,-0.41531524,-1.4605404,-0.14813805
1750941007665,589008881,-0.41531524,-1.4605404,-0.14813805
1750941007682,589025548,-0.5758802,-1.3544056,-0.16204071
1750941007682,589025548,-0.5758802,-1.3544056,-0.16204071
1750941007699,589042215,-0.9961668,-1.3220891,-0.52630997
1750941007699,589042215,-0.9961668,-1.3220891,-0.52630997
1750941007715,589058882,-1.6195201,-2.0698612,0.34043694
1750941007715,589058882,-1.6195201,-2.0698612,0.34043694
1750941007732,589075549,-4.7202473,-2.7584934,2.6010256
1750941007732,589075549,-4.7202473,-2.7584934,2.6010256
1750941007749,589092216,-5.3933034,-2.6336021,2.4961433
1750941007749,589092216,-5.3933034,-2.6336021,2.4961433
1750941007765,589108883,-5.8711047,-3.1672657,2.6973085
1750941007765,589108883,-5.8711047,-3.1672657,2.6973085
1750941007782,589125550,-8.880088,-5.4774556,3.4487839
1750941007782,589125550,-8.880088,-5.4774556,3.4487839
1750941007799,589142217,-8.7961,-8.878256,4.553522
1750941007799,589142217,-8.7961,-8.878256,4.553522
1750941007815,589158884,-8.451907,-11.124817,4.3136473
1750941007815,589158884,-8.451907,-11.124817,4.3136473
1750941007832,589175551,-5.507092,-10.763657,3.2689562
1750941007832,589175551,-5.507092,-10.763657,3.2689562
1750941007849,589192218,5.171251,-10.441893,9.569464
1750941007849,589192218,5.171251,-10.441893,9.569464
1750941007865,589208885,-1.415597,-13.59312,7.139204
1750941007865,589208885,-1.415597,-13.59312,7.139204
1750941007882,589225552,-7.2265577,-12.26545,-3.279726
1750941007882,589225552,-7.2265577,-12.26545,-3.279726
1750941007899,589242219,-4.9651585,-5.8463006,-7.47079
1750941007899,589242219,-4.9651585,-5.8463006,-7.47079
1750941007915,589258886,-2.5531678,-4.9480324,-0.6966591
1750941007915,589258886,-2.5531678,-4.9480324,-0.6966591
1750941007932,589275553,-1.9676703,-4.0200953,-2.3436923
1750941007932,589275553,-1.9676703,-4.0200953,-2.3436923
1750941007949,589292220,-3.9509304,-6.061068,-8.422385
1750941007949,589292220,-3.9509304,-6.061068,-8.422385
1750941007965,589308887,-3.163517,-5.3010397,-7.828637
1750941007965,589308887,-3.163517,-5.3010397,-7.828637
1750941007982,589325554,-1.2852527,-4.6408424,-6.3643007
1750941007982,589325554,-1.2852527,-4.6408424,-6.3643007
1750941007999,589342221,0.06412095,-3.2355843,-5.252605
1750941007999,589342221,0.06412095,-3.2355843,-5.252605
1750941008015,589358888,0.3172116,-2.592058,-4.120056
1750941008015,589358888,0.3172116,-2.592058,-4.120056
1750941008032,589375555,-0.4986677,-2.5303168,-3.571104
1750941008032,589375555,-0.4986677,-2.5303168,-3.571104
1750941008049,589392222,-0.95736855,-2.7585042,-3.109137
1750941008049,589392222,-0.95736855,-2.7585042,-3.109137
1750941008065,589408889,-0.45522282,-2.8088443,-1.430686
1750941008065,589408889,-0.45522282,-2.8088443,-1.430686
1750941008082,589425556,1.3342429,-1.3928757,-0.15892792
1750941008082,589425556,1.3342429,-1.3928757,-0.15892792
1750941008099,589442223,3.0591123,0.06580233,0.79290104
1750941008099,589442223,3.0591123,0.06580233,0.79290104
1750941008115,589458890,4.087031,0.59964615,1.9465342
1750941008115,589458890,4.087031,0.59964615,1.9465342
1750941008132,589475557,5.935004,2.217612,3.529519
1750941008132,589475557,5.935004,2.217612,3.529519
1750941008149,589492224,7.043863,5.525741,4.341503
1750941008149,589492224,7.043863,5.525741,4.341503
1750941008165,589508891,6.099177,6.859954,4.6417427
1750941008165,589508891,6.099177,6.859954,4.6417427
1750941008182,589525558,5.1816115,8.275112,4.1360035
1750941008182,589525558,5.1816115,8.275112,4.1360035
1750941008199,589542225,5.3876643,10.014999,1.6446762
1750941008199,589542225,5.3876643,10.014999,1.6446762
1750941008215,589558892,6.1169014,11.958321,-0.0536623
1750941008215,589558892,6.1169014,11.958321,-0.0536623
1750941008232,589575559,5.532954,12.146367,-0.9381218
1750941008232,589575559,5.532954,12.146367,-0.9381218
1750941008249,589592226,4.4842153,12.652884,-0.7439022
1750941008249,589592226,4.4842153,12.652884,-0.7439022
1750941008265,589608893,-1.4788257,14.084057,1.2178087
1750941008265,589608893,-1.4788257,14.084057,1.2178087
1750941008282,589625560,-2.025064,9.512822,-4.265025
1750941008282,589625560,-2.025064,9.512822,-4.265025
1750941008299,589642227,-3.6017091,3.7169266,-2.6790824
1750941008299,589642227,-3.6017091,3.7169266,-2.6790824
1750941008315,589658894,0.12320615,5.793098,-0.82106304
1750941008315,589658894,0.12320615,5.793098,-0.82106304
1750941008332,589675561,-4.665137,15.529024,1.3239307
1750941008332,589675561,-4.665137,15.529024,1.3239307
1750941008349,589692228,0.001442846,12.241703,-1.1645231
1750941008349,589692228,0.001442846,12.241703,-1.1645231
1750941008365,589708895,2.7437882,9.560778,1.5037584
1750941008365,589708895,2.7437882,9.560778,1.5037584
1750941008382,589725562,3.53148,0.14334713,3.5094595
1750941008382,589725562,3.53148,0.14334713,3.5094595
1750941008399,589742229,3.7328258,-10.975368,3.9504032
1750941008399,589742229,3.7328258,-10.975368,3.9504032
1750941008415,589758896,3.2613866,-3.780039,4.890753
1750941008415,589758896,3.2613866,-3.780039,4.890753
1750941008432,589775563,1.1697454,4.463957,2.1031923
1750941008432,589775563,1.1697454,4.463957,2.1031923
1750941008449,589792230,-0.26436526,-1.9325254,0.29799747
1750941008449,589792230,-0.26436526,-1.9325254,0.29799747
1750941008465,589808897,-1.9313439,-0.69749546,0.028198242
1750941008465,589808897,-1.9313439,-0.69749546,0.028198242
1750941008482,589825564,-1.2696743,1.9423473,-0.08943176
1750941008482,589825564,-1.2696743,1.9423473,-0.08943176
1750941008499,589842231,-1.1998507,0.77270013,-0.47103024
1750941008499,589842231,-1.1998507,0.77270013,-0.47103024
1750941008516,589858898,-1.0140965,0.5560323,-0.31813812
1750941008516,589858898,-1.0140965,0.5560323,-0.31813812
1750941008532,589875565,-0.38324505,-0.40154395,0.05102825
1750941008532,589875565,-0.38324505,-0.40154395,0.05102825
1750941008549,589892232,-0.40427804,-0.29395574,0.18449783
1750941008549,589892232,-0.40427804,-0.29395574,0.18449783
1750941008566,589908899,-0.35299972,0.49818915,0.14618778
1750941008566,589908899,-0.35299972,0.49818915,0.14618778
1750941008582,589925566,-0.49807924,0.22798435,0.0653038
1750941008582,589925566,-0.49807924,0.22798435,0.0653038
1750941008599,589942233,-0.43051082,-0.4284316,-0.020183563
1750941008599,589942233,-0.43051082,-0.4284316,-0.020183563
1750941008616,589958900,-0.106057845,0.030247673,-0.090782166
1750941008616,589958900,-0.106057845,0.030247673,-0.090782166
1750941008632,589975567,-0.20932816,0.16343611,-0.15962505
1750941008632,589975567,-0.20932816,0.16343611,-0.15962505
1750941008649,589992234,-0.40802085,-0.011749182,-0.0025548935
1750941008649,589992234,-0.40802085,-0.011749182,-0.0025548935
1750941008666,590008901,-0.8067075,-0.07649605,0.27610302
1750941008666,590008901,-0.8067075,-0.07649605,0.27610302
1750941008682,590025568,-0.90013087,-0.45035464,0.25267696
1750941008682,590025568,-0.90013087,-0.45035464,0.25267696
1750941008699,590042235,-0.60950404,-0.6446469,0.20248985
1750941008699,590042235,-0.60950404,-0.6446469,0.20248985
1750941008716,590058902,-0.29044822,-0.5669079,0.28789425
1750941008716,590058902,-0.29044822,-0.5669079,0.28789425
1750941008732,590075569,-0.37378997,-0.2600224,0.16148186
1750941008732,590075569,-0.37378997,-0.2600224,0.16148186
1750941008749,590092236,-0.39785367,-0.04121087,0.121907234
1750941008749,590092236,-0.39785367,-0.04121087,0.121907234
1750941008766,590108903,-0.6383778,-0.31200114,-0.06581402
1750941008766,590108903,-0.6383778,-0.31200114,-0.06581402
1750941008782,590125570,-0.33112863,-0.3244618,-0.039974213
1750941008782,590125570,-0.33112863,-0.3244618,-0.039974213
1750941008799,590142237,-0.2118869,-0.56887454,-0.0779686
1750941008799,590142237,-0.2118869,-0.56887454,-0.0779686
1750941008816,590158904,0.22877784,-0.40569082,-0.22835445
1750941008816,590158904,0.22877784,-0.40569082,-0.22835445
1750941008832,590175571,0.003581205,-0.3157101,-0.19102383
1750941008832,590175571,0.003581205,-0.3157101,-0.19102383
1750941008849,590192238,-0.41734114,-0.4246411,-0.15008736
1750941008849,590192238,-0.41734114,-0.4246411,-0.15008736
1750941008866,590208905,-0.63305813,0.2293266,-0.13184929
1750941008866,590208905,-0.63305813,0.2293266,-0.13184929
1750941008882,590225572,-0.2136518,0.41405177,-0.133955
1750941008882,590225572,-0.2136518,0.41405177,-0.133955
1750941008899,590242239,-0.27071422,0.07580501,0.0138731
1750941008899,590242239,-0.27071422,0.07580501,0.0138731
1750941008916,590258906,-0.60242325,-0.4822195,0.19508171
1750941008916,590258906,-0.60242325,-0.4822195,0.19508171
1750941008932,590275573,-0.8230391,-0.99800456,0.22480297
1750941008932,590275573,-0.8230391,-0.99800456,0.22480297
1750941008949,590292240,-1.048467,-0.8193256,0.3101921
1750941008949,590292240,-1.048467,-0.8193256,0.3101921
1750941008966,590308907,-0.90485543,-0.24867275,0.40208817
1750941008966,590308907,-0.90485543,-0.24867275,0.40208817
1750941008982,590325574,-1.013488,-0.3015448,0.4164009
1750941008982,590325574,-1.013488,-0.3015448,0.4164009
1750941008999,590342241,-0.79629505,-0.46617803,0.38335705
1750941008999,590342241,-0.79629505,-0.46617803,0.38335705
1750941009016,590358908,-0.61625123,-0.8053143,0.21921158
1750941009016,590358908,-0.61625123,-0.8053143,0.21921158
1750941009032,590375575,-0.44043183,-0.9309883,-0.03563595
1750941009032,590375575,-0.44043183,-0.9309883,-0.03563595
1750941009049,590392242,-0.45691454,-0.07764401,-0.010543823
1750941009049,590392242,-0.45691454,-0.07764401,-0.010543823
1750941009066,590408909,-0.5133648,0.028712725,0.022200584
1750941009066,590408909,-0.5133648,0.028712725,0.022200584
1750941009082,590425576,-0.45934695,-0.33859146,0.069851875
1750941009082,590425576,-0.45934695,-0.33859146,0.069851875
1750941009099,590442243,-0.34356007,-0.439349,-0.0071058273
1750941009099,590442243,-0.34356007,-0.439349,-0.0071058273
1750941009116,590458910,-0.08498995,-0.73461455,-0.21341991
1750941009116,590458910,-0.08498995,-0.73461455,-0.21341991
1750941009132,590475577,0.15279607,-0.21030371,-0.09052849
1750941009132,590475577,0.15279607,-0.21030371,-0.09052849
1750941009149,590492244,1.0871778,0.9835314,0.6160097
1750941009149,590492244,1.0871778,0.9835314,0.6160097
1750941009166,590508911,-0.110624686,0.5607867,-0.563056
1750941009166,590508911,-0.110624686,0.5607867,-0.563056
1750941009182,590525578,-0.2313695,0.018034758,-0.49865437
1750941009182,590525578,-0.2313695,0.018034758,-0.49865437
1750941009199,590542245,-0.39424822,-0.39606905,-0.23012829
1750941009199,590542245,-0.39424822,-0.39606905,-0.23012829
1750941009216,590558912,-0.1269414,-0.43079475,-0.13956165
1750941009216,590558912,-0.1269414,-0.43079475,-0.13956165
1750941009232,590575579,0.19900234,-0.1899046,-0.16601181
1750941009232,590575579,0.19900234,-0.1899046,-0.16601181
1750941009249,590592246,0.44841218,0.11754586,-0.2621622
1750941009249,590592246,0.44841218,0.11754586,-0.2621622
1750941009266,590608913,0.8025759,0.21621168,-0.27158642
1750941009266,590608913,0.8025759,0.21621168,-0.27158642
1750941009282,590625580,0.87359256,0.36783677,-0.23394966
1750941009282,590625580,0.87359256,0.36783677,-0.23394966
1750941009299,590642247,1.4095175,0.47308114,0.111252785
1750941009299,590642247,1.4095175,0.47308114,0.111252785
1750941009316,590658914,1.9243646,0.4260195,0.612422
1750941009316,590658914,1.9243646,0.4260195,0.612422
1750941009332,590675581,2.8382115,0.31739992,2.5458717
1750941009332,590675581,2.8382115,0.31739992,2.5458717
1750941009349,590692248,8.413252,1.870102,5.648076
1750941009349,590692248,8.413252,1.870102,5.648076
1750941009366,590708915,3.0194576,2.9653347,2.9938908
1750941009366,590708915,3.0194576,2.9653347,2.9938908
1750941009382,590725582,3.4746933,3.3179939,2.2205153
1750941009382,590725582,3.4746933,3.3179939,2.2205153
1750941009399,590742249,0.1332463,12.392942,2.757635
1750941009399,590742249,0.1332463,12.392942,2.757635
1750941009416,590758916,1.0339099,9.74865,1.7316437
1750941009416,590758916,1.0339099,9.74865,1.7316437
1750941009432,590775583,-0.27519765,9.169097,0.42023373
1750941009432,590775583,-0.27519765,9.169097,0.42023373
1750941009449,590792250,-2.9508758,10.993229,-0.29908848
1750941009449,590792250,-2.9508758,10.993229,-0.29908848
1750941009466,590808917,2.5801687,5.480668,1.4634275
1750941009466,590808917,2.5801687,5.480668,1.4634275
1750941009482,590825584,3.6855848,4.7483063,-1.5114107
1750941009482,590825584,3.6855848,4.7483063,-1.5114107
1750941009499,590842251,2.5316017,6.3159328,-2.8369074
1750941009499,590842251,2.5316017,6.3159328,-2.8369074
1750941009516,590858918,0.87723297,7.2180347,-2.9550128
1750941009516,590858918,0.87723297,7.2180347,-2.9550128
1750941009532,590875585,1.0009053,6.837486,-2.682352
1750941009532,590875585,1.0009053,6.837486,-2.682352
1750941009549,590892252,0.6646586,6.484575,-1.3185568
1750941009549,590892252,0.6646586,6.484575,-1.3185568
1750941009566,590908919,0.32066643,5.8396077,-0.6961851
1750941009566,590908919,0.32066643,5.8396077,-0.6961851
1750941009582,590925586,0.57503873,4.9905596,-0.50341034
1750941009582,590925586,0.57503873,4.9905596,-0.50341034
1750941009599,590942253,1.084579,4.0536866,-0.49671555
1750941009599,590942253,1.084579,4.0536866,-0.49671555
1750941009616,590958920,1.1485214,3.1732767,0.15962887
1750941009616,590958920,1.1485214,3.1732767,0.15962887
1750941009632,590975587,0.79162544,2.6737657,0.54859734
1750941009632,590975587,0.79162544,2.6737657,0.54859734
1750941009649,590992254,0.13675864,2.2782855,1.1572361
1750941009649,590992254,0.13675864,2.2782855,1.1572361
1750941009666,591008921,-0.43679315,1.592824,1.4911985
1750941009666,591008921,-0.43679315,1.592824,1.4911985
1750941009682,591025588,-0.8069195,1.2817075,1.5903492
1750941009682,591025588,-0.8069195,1.2817075,1.5903492
1750941009699,591042255,-0.35122335,0.7426307,1.4545355
1750941009699,591042255,-0.35122335,0.7426307,1.4545355
1750941009716,591058922,-0.2621646,0.06388537,1.2603121
1750941009716,591058922,-0.2621646,0.06388537,1.2603121
1750941009732,591075589,-0.5724872,-0.9265694,1.505373
1750941009732,591075589,-0.5724872,-0.9265694,1.505373
1750941009749,591092256,-0.82521486,-2.1364672,1.6137152
1750941009749,591092256,-0.82521486,-2.1364672,1.6137152
1750941009766,591108923,-1.1279321,-3.591727,1.8528833
1750941009766,591108923,-1.1279321,-3.591727,1.8528833
1750941009782,591125590,-1.508918,-5.3729835,1.361289
1750941009782,591125590,-1.508918,-5.3729835,1.361289
1750941009799,591142257,-2.0402558,-7.157186,0.21436787
1750941009799,591142257,-2.0402558,-7.157186,0.21436787
1750941009816,591158924,-2.8281891,-9.14013,-1.5178366
1750941009816,591158924,-2.8281891,-9.14013,-1.5178366
1750941009832,591175591,-5.297025,-11.442719,-3.2743921
1750941009832,591175591,-5.297025,-11.442719,-3.2743921
1750941009849,591192258,-7.880282,-13.118084,-6.1500726
1750941009849,591192258,-7.880282,-13.118084,-6.1500726
1750941009866,591208925,-8.580965,-12.954542,-9.359213
1750941009866,591208925,-8.580965,-12.954542,-9.359213
1750941009882,591225592,-9.45894,-11.835258,-5.3714767
1750941009882,591225592,-9.45894,-11.835258,-5.3714767
1750941009899,591242259,-9.381071,-13.523577,-10.332385
1750941009899,591242259,-9.381071,-13.523577,-10.332385
1750941009916,591258926,6.7465005,-3.5646088,-0.25
1750941009916,591258926,6.7465005,-3.5646088,-0.25
1750941009932,591275593,15.900908,-1.5396036,4.5078754
1750941009932,591275593,15.900908,-1.5396036,4.5078754
1750941009949,591292260,1.7496595,-16.640194,3.0259018
1750941009949,591292260,1.7496595,-16.640194,3.0259018
1750941009966,591308927,-4.805763,-5.7676697,3.0482454
1750941009966,591308927,-4.805763,-5.7676697,3.0482454
1750941009982,591325594,-13.388408,-5.829142,3.1192417
1750941009982,591325594,-13.388408,-5.829142,3.1192417
1750941009999,591342261,0.0028009526,-5.763302,0.7113838
1750941009999,591342261,0.0028009526,-5.763302,0.7113838
1750941010016,591358928,-1.91019,-4.3394046,0.22609425
1750941010016,591358928,-1.91019,-4.3394046,0.22609425
1750941010032,591375595,-0.49891785,-3.865108,0.517046
1750941010032,591375595,-0.49891785,-3.865108,0.517046
1750941010049,591392262,-0.27581644,-2.401905,0.061881065
1750941010049,591392262,-0.27581644,-2.401905,0.061881065
1750941010066,591408929,-0.048709173,-2.4385636,0.31612587
1750941010066,591408929,-0.048709173,-2.4385636,0.31612587
1750941010082,591425596,0.17185229,-2.541884,0.46848965
1750941010082,591425596,0.17185229,-2.541884,0.46848965
1750941010099,591442263,-0.7886715,-2.1043074,0.7065439
1750941010099,591442263,-0.7886715,-2.1043074,0.7065439
1750941010116,591458930,0.49273968,-2.13478,0.73238087
1750941010116,591458930,0.49273968,-2.13478,0.73238087
1750941010132,591475597,0.16030852,-2.0110257,0.48903465
1750941010132,591475597,0.16030852,-2.0110257,0.48903465
1750941010149,591492264,-0.8840183,-1.1208171,0.435668
1750941010149,591492264,-0.8840183,-1.1208171,0.435668
1750941010166,591508931,-0.8962682,-0.60317296,0.14525032
1750941010166,591508931,-0.8962682,-0.60317296,0.14525032
1750941010182,591525598,-0.25307354,-0.31349412,-0.08202362
1750941010182,591525598,-0.25307354,-0.31349412,-0.08202362
1750941010199,591542265,0.07252146,-0.1433326,0.09698963
1750941010199,591542265,0.07252146,-0.1433326,0.09698963
1750941010216,591558932,0.23498565,-0.5320223,0.032841682
1750941010216,591558932,0.23498565,-0.5320223,0.032841682
1750941010232,591575599,-0.08206345,-0.55577904,0.023740768
1750941010232,591575599,-0.08206345,-0.55577904,0.023740768
1750941010249,591592266,-0.35466108,-0.4934795,0.0002784729
1750941010249,591592266,-0.35466108,-0.4934795,0.0002784729
1750941010266,591608933,-0.103435874,-0.43024924,-0.07837677
1750941010266,591608933,-0.103435874,-0.43024924,-0.07837677
1750941010282,591625600,-0.24398239,-0.18759622,0.010332108
1750941010282,591625600,-0.24398239,-0.18759622,0.010332108
1750941010299,591642267,-0.37146223,-0.32785997,0.20493698
1750941010299,591642267,-0.37146223,-0.32785997,0.20493698
1750941010316,591658934,-0.39949587,-0.6143837,0.28462029
1750941010316,591658934,-0.39949587,-0.6143837,0.28462029
1750941010332,591675601,0.3274381,-0.33699137,0.012661934
1750941010332,591675601,0.3274381,-0.33699137,0.012661934
1750941010349,591692268,0.77724856,0.12699403,-0.011716843
1750941010349,591692268,0.77724856,0.12699403,-0.011716843
1750941010366,591708935,0.8981705,0.6275392,0.03958702
1750941010366,591708935,0.8981705,0.6275392,0.03958702
1750941010382,591725602,0.99800783,1.1356298,-0.09674358
1750941010382,591725602,0.99800783,1.1356298,-0.09674358
1750941010399,591742269,1.2342701,2.2384663,0.24564552
1750941010399,591742269,1.2342701,2.2384663,0.24564552
1750941010416,591758936,2.7657251,2.7633634,1.6014118
1750941010416,591758936,2.7657251,2.7633634,1.6014118
1750941010432,591775603,3.5005898,2.8641322,1.9498558
1750941010432,591775603,3.5005898,2.8641322,1.9498558
1750941010449,591792270,3.7488399,4.695656,2.1781864
1750941010449,591792270,3.7488399,4.695656,2.1781864
1750941010466,591808937,4.9710217,5.219387,2.1313744
1750941010466,591808937,4.9710217,5.219387,2.1313744
1750941010482,591825604,6.1846957,7.772198,3.9350739
1750941010482,591825604,6.1846957,7.772198,3.9350739
1750941010499,591842271,6.524594,9.672035,5.428504
1750941010499,591842271,6.524594,9.672035,5.428504
1750941010516,591858938,5.166691,11.730518,4.4776154
1750941010516,591858938,5.166691,11.730518,4.4776154
1750941010532,591875605,-0.80993986,8.323422,6.2167206
1750941010532,591875605,-0.80993986,8.323422,6.2167206
1750941010549,591892272,-5.3037906,10.367599,10.846672
1750941010549,591892272,-5.3037906,10.367599,10.846672
1750941010566,591908939,3.7268465,11.958215,3.0947733
1750941010566,591908939,3.7268465,11.958215,3.0947733
1750941010582,591925606,6.8368144,9.239375,-4.9196143
1750941010582,591925606,6.8368144,9.239375,-4.9196143
1750941010599,591942273,4.3987203,6.2383647,-7.3309827
1750941010599,591942273,4.3987203,6.2383647,-7.3309827
1750941010616,591958940,-0.35139278,3.5316517,2.2129087
1750941010616,591958940,-0.35139278,3.5316517,2.2129087
1750941010632,591975607,1.9975423,6.9057364,-6.5850353
1750941010632,591975607,1.9975423,6.9057364,-6.5850353
1750941010649,591992274,3.375759,6.4681206,-7.7478256
1750941010649,591992274,3.375759,6.4681206,-7.7478256
1750941010666,592008941,2.047491,5.958636,-6.2881064
1750941010666,592008941,2.047491,5.958636,-6.2881064
1750941010682,592025608,1.6208338,4.374343,-4.6463566
1750941010682,592025608,1.6208338,4.374343,-4.6463566
1750941010699,592042275,1.8186115,2.809678,-3.1660504
1750941010699,592042275,1.8186115,2.809678,-3.1660504
1750941010716,592058942,2.3622549,1.9481072,-2.6121259
1750941010716,592058942,2.3622549,1.9481072,-2.6121259
1750941010732,592075609,3.2539253,1.5223141,-2.313869
1750941010732,592075609,3.2539253,1.5223141,-2.313869
1750941010749,592092276,3.6452742,1.1422455,-1.459835
1750941010749,592092276,3.6452742,1.1422455,-1.459835
1750941010766,592108943,2.3110797,0.76403123,-0.02999401
1750941010766,592108943,2.3110797,0.76403123,-0.02999401
1750941010782,592125610,1.004704,-0.05989119,1.2001123
1750941010782,592125610,1.004704,-0.05989119,1.2001123
1750941010799,592142277,-0.91041166,-1.1958393,2.345024
1750941010799,592142277,-0.91041166,-1.1958393,2.345024
1750941010816,592158944,0.54719704,-2.1024585,2.7617016
1750941010816,592158944,0.54719704,-2.1024585,2.7617016
1750941010832,592175611,0.0744639,-2.778304,4.7701464
1750941010832,592175611,0.0744639,-2.778304,4.7701464
1750941010849,592192278,-1.9349192,-6.635462,6.247858
1750941010849,592192278,-1.9349192,-6.635462,6.247858
1750941010866,592208945,-4.185866,-8.936304,5.85919
1750941010866,592208945,-4.185866,-8.936304,5.85919
1750941010882,592225612,-7.691014,-11.527772,4.376523
1750941010882,592225612,-7.691014,-11.527772,4.376523
1750941010899,592242279,-9.89396,-12.395237,-1.4230375
1750941010899,592242279,-9.89396,-12.395237,-1.4230375
1750941010916,592258946,-8.089802,-11.984895,-4.3117766
1750941010916,592258946,-8.089802,-11.984895,-4.3117766
1750941010932,592275613,-7.041329,-13.291305,-9.315715
1750941010932,592275613,-7.041329,-13.291305,-9.315715
1750941010949,592292280,-10.47221,-14.567616,-12.540863
1750941010949,592292280,-10.47221,-14.567616,-12.540863
1750941010966,592308947,-12.139456,-12.652341,-6.124106
1750941010966,592308947,-12.139456,-12.652341,-6.124106
1750941010982,592325614,-7.362093,-15.866752,-9.991388
1750941010982,592325614,-7.362093,-15.866752,-9.991388
1750941010999,592342281,8.481692,6.9201865,10.282494
1750941010999,592342281,8.481692,6.9201865,10.282494
1750941011016,592358948,10.6354685,-1.0031999,-1.4972343
1750941011016,592358948,10.6354685,-1.0031999,-1.4972343
1750941011032,592375615,6.4115224,-15.832887,3.666277
1750941011032,592375615,6.4115224,-15.832887,3.666277
1750941011049,592392282,-1.1339861,-7.412894,3.6047926
1750941011049,592392282,-1.1339861,-7.412894,3.6047926
1750941011066,592408949,-16.528656,-4.797643,4.5711803
1750941011066,592408949,-16.528656,-4.797643,4.5711803
1750941011082,592425616,-2.1332555,-5.5595975,0.035736084
1750941011082,592425616,-2.1332555,-5.5595975,0.035736084
1750941011099,592442283,-0.5989833,-4.9208055,-0.39094257
1750941011099,592442283,-0.5989833,-4.9208055,-0.39094257
1750941011116,592458950,-0.7739864,-4.823303,0.93591976
1750941011116,592458950,-0.7739864,-4.823303,0.93591976
1750941011132,592475617,0.45503834,-2.7321246,0.8935051
1750941011132,592475617,0.45503834,-2.7321246,0.8935051
1750941011149,592492284,-1.1032271,-2.015201,0.560956
1750941011149,592492284,-1.1032271,-2.015201,0.560956
1750941011166,592508951,-0.39549085,-1.8780183,0.3338356
1750941011166,592508951,-0.39549085,-1.8780183,0.3338356
1750941011182,592525618,-0.11152659,-1.8337315,0.5778322
1750941011182,592525618,-0.11152659,-1.8337315,0.5778322
1750941011199,592542285,-0.033590086,-1.6799725,0.7560873
1750941011199,592542285,-0.033590086,-1.6799725,0.7560873
1750941011216,592558952,0.8060415,-1.5041002,0.44756413
1750941011216,592558952,0.8060415,-1.5041002,0.44756413
1750941011232,592575619,-0.60543156,-0.8934043,0.375309
1750941011232,592575619,-0.60543156,-0.8934043,0.375309
1750941011249,592592286,-0.8928654,-0.45520917,0.09106827
1750941011249,592592286,-0.8928654,-0.45520917,0.09106827
1750941011266,592608953,-0.15329257,-0.13258229,-0.08264923
1750941011266,592608953,-0.15329257,-0.13258229,-0.08264923
1750941011282,592625620,-0.1010359,0.39064768,-0.11838055
1750941011282,592625620,-0.1010359,0.39064768,-0.11838055
1750941011299,592642287,-0.22089149,0.33792633,-0.22719479
1750941011299,592642287,-0.22089149,0.33792633,-0.22719479
1750941011316,592658954,0.073562585,0.13943587,-0.27185917
1750941011316,592658954,0.073562585,0.13943587,-0.27185917
1750941011332,592675621,-0.03296313,0.13997051,-0.037597656
1750941011332,592675621,-0.03296313,0.13997051,-0.037597656
1750941011349,592692288,-0.008479187,0.18158573,0.053233147
1750941011349,592692288,-0.008479187,0.18158573,0.053233147
1750941011366,592708955,0.12466737,0.09766309,0.10803318
1750941011366,592708955,0.12466737,0.09766309,0.10803318
1750941011382,592725622,0.03997261,-0.045650955,0.1512804
1750941011382,592725622,0.03997261,-0.045650955,0.1512804
1750941011399,592742289,0.063434765,-0.08418235,0.10299301
1750941011399,592742289,0.063434765,-0.08418235,0.10299301
1750941011416,592758956,0.389166,0.41266906,-0.11615658
1750941011416,592758956,0.389166,0.41266906,-0.11615658
1750941011432,592775623,0.4682545,0.79569316,-0.39247227
1750941011432,592775623,0.4682545,0.79569316,-0.39247227
1750941011449,592792290,0.7157444,1.2116842,-0.69340134
1750941011449,592792290,0.7157444,1.2116842,-0.69340134
1750941011466,592808957,0.5823744,1.6321849,-0.3361807
1750941011466,592808957,0.5823744,1.6321849,-0.3361807
1750941011482,592825624,0.4660207,1.2411234,-0.010565758
1750941011482,592825624,0.4660207,1.2411234,-0.010565758
1750941011499,592842291,1.9114797,1.1477071,0.952693
1750941011499,592842291,1.9114797,1.1477071,0.952693
1750941011516,592858958,4.198563,1.1828936,2.2502441
1750941011516,592858958,4.198563,1.1828936,2.2502441
1750941011532,592875625,4.0759807,0.9460063,1.774539
1750941011532,592875625,4.0759807,0.9460063,1.774539
1750941011549,592892292,3.5653017,2.6668262,2.0947418
1750941011549,592892292,3.5653017,2.6668262,2.0947418
1750941011566,592908959,5.5653715,5.4785805,2.4986067
1750941011566,592908959,5.5653715,5.4785805,2.4986067
1750941011582,592925626,6.224614,7.315638,3.330803
1750941011582,592925626,6.224614,7.315638,3.330803
1750941011599,592942293,7.654065,10.490196,3.7679949
1750941011599,592942293,7.654065,10.490196,3.7679949
1750941011616,592958960,5.6155396,15.161556,3.1442032
1750941011616,592958960,5.6155396,15.161556,3.1442032
1750941011632,592975627,-0.7109044,10.267972,4.319954
1750941011632,592975627,-0.7109044,10.267972,4.319954
1750941011649,592992294,-4.6959324,11.621569,10.029367
1750941011649,592992294,-4.6959324,11.621569,10.029367
1750941011666,593008961,-0.681069,14.635999,6.49119
1750941011666,593008961,-0.681069,14.635999,6.49119
1750941011682,593025628,6.9795146,12.195607,-4.206341
1750941011682,593025628,6.9795146,12.195607,-4.206341
1750941011699,593042295,6.701938,6.9008446,-8.338298
1750941011699,593042295,6.701938,6.9008446,-8.338298
1750941011716,593058962,2.0057347,4.421368,5.887829
1750941011716,593058962,2.0057347,4.421368,5.887829
1750941011732,593075629,-1.051805,6.3093915,-4.163473
1750941011732,593075629,-1.051805,6.3093915,-4.163473
1750941011749,593092296,1.8687009,6.68508,-7.6426105
1750941011749,593092296,1.8687009,6.68508,-7.6426105
1750941011766,593108963,2.8113835,5.659162,-8.100259
1750941011766,593108963,2.8113835,5.659162,-8.100259
1750941011782,593125630,2.0797377,4.8673778,-5.9466324
1750941011782,593125630,2.0797377,4.8673778,-5.9466324
1750941011799,593142297,1.4820813,3.26482,-4.5487785
1750941011799,593142297,1.4820813,3.26482,-4.5487785
1750941011816,593158964,0.9662748,2.3510897,-3.133069
1750941011816,593158964,0.9662748,2.3510897,-3.133069
1750941011832,593175631,1.4991536,1.8645178,-2.5308995
1750941011832,593175631,1.4991536,1.8645178,-2.5308995
1750941011849,593192298,2.7134917,1.7061961,-1.5523224
1750941011849,593192298,2.7134917,1.7061961,-1.5523224
1750941011866,593208965,3.069423,1.3795772,-0.5365114
1750941011866,593208965,3.069423,1.3795772,-0.5365114
1750941011882,593225632,1.2339932,0.69413525,0.66619396
1750941011882,593225632,1.2339932,0.69413525,0.66619396
1750941011899,593242299,1.0777527,-0.8029361,1.9669952
1750941011899,593242299,1.0777527,-0.8029361,1.9669952
1750941011916,593258966,-0.038481332,-2.4169047,3.3161182
1750941011916,593258966,-0.038481332,-2.4169047,3.3161182
1750941011932,593275633,-0.5558596,-3.7046063,5.548375
1750941011932,593275633,-0.5558596,-3.7046063,5.548375
1750941011949,593292300,-2.403069,-7.500487,6.658333
1750941011949,593292300,-2.403069,-7.500487,6.658333
1750941011966,593308967,-6.0304184,-9.977479,6.548004
1750941011966,593308967,-6.0304184,-9.977479,6.548004
1750941011982,593325634,-10.050214,-11.918045,4.130307
1750941011982,593325634,-10.050214,-11.918045,4.130307
1750941011999,593342301,-10.60335,-13.610925,-3.030263
1750941011999,593342301,-10.60335,-13.610925,-3.030263
1750941012016,593358968,-10.420537,-13.982002,-6.508425
1750941012016,593358968,-10.420537,-13.982002,-6.508425
1750941012032,593375635,-8.813481,-13.357992,-8.264077
1750941012032,593375635,-8.813481,-13.357992,-8.264077
1750941012049,593392302,-8.846988,-13.403934,-9.139773
1750941012049,593392302,-8.846988,-13.403934,-9.139773
1750941012066,593408969,-8.112751,-13.353102,-9.112361
1750941012066,593408969,-8.112751,-13.353102,-9.112361
1750941012082,593425636,-12.550282,-9.494756,-0.85134697
1750941012082,593425636,-12.550282,-9.494756,-0.85134697
1750941012099,593442303,2.9990635,-2.281535,0.9030552
1750941012099,593442303,2.9990635,-2.281535,0.9030552
1750941012116,593458970,17.626091,11.012593,4.89859
1750941012116,593458970,17.626091,11.012593,4.89859
1750941012132,593475637,10.769236,-13.464472,-1.4714108
1750941012132,593475637,10.769236,-13.464472,-1.4714108
1750941012149,593492304,5.068267,-11.295286,2.453415
1750941012149,593492304,5.068267,-11.295286,2.453415
1750941012166,593508971,-1.4520055,-4.79014,4.141923
1750941012166,593508971,-1.4520055,-4.79014,4.141923
1750941012182,593525638,-21.052305,-7.724123,4.659198
1750941012182,593525638,-21.052305,-7.724123,4.659198
1750941012199,593542305,2.0342793,-3.6490836,0.9157734
1750941012199,593542305,2.0342793,-3.6490836,0.9157734
1750941012216,593558972,0.10451292,-5.28692,0.24611664
1750941012216,593558972,0.10451292,-5.28692,0.24611664
1750941012232,593575639,-0.35540605,-3.4937282,0.57525826
1750941012232,593575639,-0.35540605,-3.4937282,0.57525826
1750941012249,593592306,0.7200537,-2.096168,0.080779076
1750941012249,593592306,0.7200537,-2.096168,0.080779076
1750941012266,593608973,-0.6083589,-1.9304173,0.04557705
1750941012266,593608973,-0.6083589,-1.9304173,0.04557705
1750941012282,593625640,-0.11774729,-1.9198594,0.6529989
1750941012282,593625640,-0.11774729,-1.9198594,0.6529989
1750941012299,593642307,0.8228018,-1.5173565,0.3013506
1750941012299,593642307,0.8228018,-1.5173565,0.3013506
1750941012316,593658974,0.7593103,-1.1343882,0.87384796
1750941012316,593658974,0.7593103,-1.1343882,0.87384796
1750941012332,593675641,-0.3773861,-1.3095827,0.4940443
1750941012332,593675641,-0.3773861,-1.3095827,0.4940443
1750941012349,593692308,-0.41318604,-0.9375805,0.007311821
1750941012349,593692308,-0.41318604,-0.9375805,0.007311821
1750941012366,593708975,-0.23444307,-0.034216482,-0.068761826
1750941012366,593708975,-0.23444307,-0.034216482,-0.068761826
1750941012382,593725642,-0.5514021,0.66142756,-0.14556885
1750941012382,593725642,-0.5514021,0.66142756,-0.14556885
1750941012399,593742309,-0.22012596,0.6221653,0.034996033
1750941012399,593742309,-0.22012596,0.6221653,0.034996033
1750941012416,593758976,0.5447434,0.14240994,-0.1716938
1750941012416,593758976,0.5447434,0.14240994,-0.1716938
1750941012432,593775643,0.09270591,-0.23064056,0.06491375
1750941012432,593775643,0.09270591,-0.23064056,0.06491375
1750941012449,593792310,0.16901201,-0.11792186,0.26225662
1750941012449,593792310,0.16901201,-0.11792186,0.26225662
1750941012466,593808977,0.26898456,0.021094035,0.30443
1750941012466,593808977,0.26898456,0.021094035,0.30443
1750941012482,593825644,0.13806966,-0.10598314,0.41954708
1750941012482,593825644,0.13806966,-0.10598314,0.41954708
1750941012499,593842311,0.43667525,-0.06704651,0.35115623
1750941012499,593842311,0.43667525,-0.06704651,0.35115623
1750941012516,593858978,0.3861716,-0.067062154,0.3044796
1750941012516,593858978,0.3861716,-0.067062154,0.3044796
1750941012532,593875645,0.2069103,0.59404916,-0.17764568
1750941012532,593875645,0.2069103,0.59404916,-0.17764568
1750941012549,593892312,0.4867284,1.6037189,-0.95007515
1750941012549,593892312,0.4867284,1.6037189,-0.95007515
1750941012566,593908979,-0.050969224,2.469199,-0.73867035
1750941012566,593908979,-0.050969224,2.469199,-0.73867035
1750941012582,593925646,0.320784,1.9503987,-0.3060379
1750941012582,593925646,0.320784,1.9503987,-0.3060379
1750941012599,593942313,1.8171571,1.7196937,0.3175497
1750941012599,593942313,1.8171571,1.7196937,0.3175497
1750941012616,593958980,3.8078878,2.4162648,1.6784716
1750941012616,593958980,3.8078878,2.4162648,1.6784716
1750941012632,593975647,3.6271248,2.2283595,1.6084547
1750941012632,593975647,3.6271248,2.2283595,1.6084547
1750941012649,593992314,3.4420912,3.36621,2.1291533
1750941012649,593992314,3.4420912,3.36621,2.1291533
1750941012666,594008981,4.5471697,4.789963,2.283637
1750941012666,594008981,4.5471697,4.789963,2.283637
1750941012682,594025648,6.4510694,5.984379,2.9905777
1750941012682,594025648,6.4510694,5.984379,2.9905777
1750941012699,594042315,7.649513,9.902053,3.1511936
1750941012699,594042315,7.649513,9.902053,3.1511936
1750941012716,594058982,6.1720934,15.547577,2.9067698
1750941012716,594058982,6.1720934,15.547577,2.9067698
1750941012732,594075649,1.573773,11.084425,3.9822378
1750941012732,594075649,1.573773,11.084425,3.9822378
1750941012749,594092316,-3.7978423,7.217853,7.9429283
1750941012749,594092316,-3.7978423,7.217853,7.9429283
1750941012766,594108983,-1.9342535,14.168832,9.035889
1750941012766,594108983,-1.9342535,14.168832,9.035889
1750941012782,594125650,5.1764727,13.19007,-1.9897685
1750941012782,594125650,5.1764727,13.19007,-1.9897685
1750941012799,594142317,6.954077,7.5364437,-8.471229
1750941012799,594142317,6.954077,7.5364437,-8.471229
1750941012816,594158984,3.1346083,6.418502,0.5886946
1750941012816,594158984,3.1346083,6.418502,0.5886946
1750941012832,594175651,-1.3798615,5.315005,1.081358
1750941012832,594175651,-1.3798615,5.315005,1.081358
1750941012849,594192318,2.708386,6.131448,-8.652011
1750941012849,594192318,2.708386,6.131448,-8.652011
1750941012866,594208985,5.3394346,6.0371103,-9.269007
1750941012866,594208985,5.3394346,6.0371103,-9.269007
1750941012882,594225652,4.094769,5.060192,-6.736203
1750941012882,594225652,4.094769,5.060192,-6.736203
1750941012899,594242319,3.4501731,3.587345,-5.120867
1750941012899,594242319,3.4501731,3.587345,-5.120867
1750941012916,594258986,2.3165824,2.1144798,-3.5207524
1750941012916,594258986,2.3165824,2.1144798,-3.5207524
1750941012932,594275653,3.0322425,1.4694031,-2.4027977
1750941012932,594275653,3.0322425,1.4694031,-2.4027977
1750941012949,594292320,4.418588,1.0563066,-1.3012686
1750941012949,594292320,4.418588,1.0563066,-1.3012686
1750941012966,594308987,4.9249897,0.7544015,-0.35669518
1750941012966,594308987,4.9249897,0.7544015,-0.35669518
1750941012982,594325654,2.479174,0.46092707,1.2488785
1750941012982,594325654,2.479174,0.46092707,1.2488785
1750941012999,594342321,0.9813467,-0.34362423,2.4047375
1750941012999,594342321,0.9813467,-0.34362423,2.4047375
1750941013016,594358988,0.33446804,-1.5480789,3.7722836
1750941013016,594358988,0.33446804,-1.5480789,3.7722836
1750941013032,594375655,-1.1330662,-3.332777,5.0934105
1750941013032,594375655,-1.1330662,-3.332777,5.0934105
1750941013049,594392322,-2.64108,-6.376774,6.1856556
1750941013049,594392322,-2.64108,-6.376774,6.1856556
1750941013066,594408989,-4.683522,-8.585072,6.2768974
1750941013066,594408989,-4.683522,-8.585072,6.2768974
1750941013082,594425656,-8.506772,-10.146612,5.2859135
1750941013082,594425656,-8.506772,-10.146612,5.2859135
1750941013099,594442323,-11.106653,-11.522765,0.5350294
1750941013099,594442323,-11.106653,-11.522765,0.5350294
1750941013116,594458990,-9.67119,-12.697463,-5.96132
1750941013116,594458990,-9.67119,-12.697463,-5.96132
1750941013132,594475657,-9.759554,-12.380604,-9.593779
1750941013132,594475657,-9.759554,-12.380604,-9.593779
1750941013149,594492324,-11.370874,-11.899195,-10.805547
1750941013149,594492324,-11.370874,-11.899195,-10.805547
1750941013166,594508991,-11.503206,-12.056058,-10.654348
1750941013166,594508991,-11.503206,-12.056058,-10.654348
1750941013182,594525658,-13.47242,-11.045425,0.7206383
1750941013182,594525658,-13.47242,-11.045425,0.7206383
1750941013199,594542325,2.065489,-0.6968054,-0.13811207
1750941013199,594542325,2.065489,-0.6968054,-0.13811207
1750941013216,594558992,18.175415,12.779901,6.806778
1750941013216,594558992,18.175415,12.779901,6.806778
1750941013232,594575659,8.448636,-14.235318,-2.4716978
1750941013232,594575659,8.448636,-14.235318,-2.4716978
1750941013249,594592326,4.248648,-7.414085,-0.19820881
1750941013249,594592326,4.248648,-7.414085,-0.19820881
1750941013266,594608993,0.874181,-5.7076902,4.07648
1750941013266,594608993,0.874181,-5.7076902,4.07648
1750941013282,594625660,-8.733293,-4.6883016,4.725504
1750941013282,594625660,-8.733293,-4.6883016,4.725504
1750941013299,594642327,-15.839164,-10.374681,4.4684305
1750941013299,594642327,-15.839164,-10.374681,4.4684305
1750941013316,594658994,4.77702,-4.7445126,0.6328306
1750941013316,594658994,4.77702,-4.7445126,0.6328306
1750941013332,594675661,-0.18247151,-4.705086,0.30205345
1750941013332,594675661,-0.18247151,-4.705086,0.30205345
1750941013349,594692328,-0.5590982,-1.720396,0.17523098
1750941013349,594692328,-0.5590982,-1.720396,0.17523098
1750941013366,594708995,-0.61597145,-1.3937625,-0.16830444
1750941013366,594708995,-0.61597145,-1.3937625,-0.16830444
1750941013382,594725662,-0.21402483,-1.6811625,0.5360489
1750941013382,594725662,-0.21402483,-1.6811625,0.5360489
1750941013399,594742329,0.9892653,-1.4913156,0.3822155
1750941013399,594742329,0.9892653,-1.4913156,0.3822155
