timestamp_ms,timestamp_μs,freeAcceleration_m/s²_x,freeAcceleration_m/s²_y,freeAcceleration_m/s²_z
1746708461736,272236384,-0.0992364,-0.00769041,0.40637589
1746708461753,272253051,-0.10954314,-0.046722926,0.16999054
1746708461769,272269718,-0.0879814,-0.24249993,0.71692085
1746708461786,272286385,-0.005149515,-0.3156613,0.34527016
1746708461803,272303052,0.20598328,-0.21582747,0.4403572
1746708461819,272319719,-0.022891974,-0.4293561,1.1255989
1746708461836,272336386,-0.13697387,-0.37629122,0.99157333
1746708461853,272353053,-0.027947612,-0.07495686,0.5882435
1746708461869,272369720,0.07957911,0.107103385,0.58312607
1746708461886,272386387,0.24646595,0.27199695,0.41866207
1746708461903,272403054,0.012853783,0.1973653,0.7406149
1746708461919,272419721,-0.041113645,0.41436574,0.5585766
1746708461936,272436388,-0.06614151,0.4619331,0.6823225
1746708461953,272453055,-0.067814946,0.5312069,0.67877007
1746708461969,272469722,0.0924568,0.77238166,0.5556936
1746708461986,272486389,0.20038787,1.010429,0.9305191
1746708462003,272503056,0.12216257,0.83739954,0.8138418
1746708462019,272519723,0.25271872,1.0444094,0.8529682
1746708462036,272536390,0.06912161,1.1658423,0.82213974
1746708462053,272553057,-0.16149683,1.3796988,1.2830963
1746708462069,272569724,-0.2609221,1.5943501,1.3538294
1746708462086,272586391,-0.12313463,1.6527855,1.152647
1746708462103,272603058,-0.063223995,1.6721758,1.1955452
1746708462119,272619725,-0.15252234,1.1478832,1.5667124
1746708462136,272636392,-0.07309857,0.28935003,1.8019495
1746708462153,272653059,0.36492044,-0.06052284,1.5012226
1746708462169,272669726,0.7363234,0.0014461288,0.9427986
1746708462186,272686393,0.48261723,-0.500435,0.8408365
1746708462203,272703060,0.03782085,-1.0064415,0.6472969
1746708462219,272719727,-0.06533485,-0.9435307,0.23037529
1746708462236,272736394,0.5714927,-0.69370353,-0.14285183
1746708462253,272753061,0.851986,-0.58959967,0.19329262
1746708462269,272769728,0.9106901,-0.51530933,0.23921776
1746708462286,272786395,0.5628541,-0.3170073,-0.10702324
1746708462303,272803062,-0.17021294,0.28086907,-0.017184258
1746708462319,272819729,-0.2905112,-0.232063,0.055968285
1746708462336,272836396,-0.23874737,-0.21914595,0.020018578
1746708462353,272853063,-0.48364428,-0.088271074,-0.17619514
1746708462369,272869730,-0.6410734,0.1676242,0.00094509125
1746708462386,272886397,-0.91423684,-0.07409052,0.15069008
1746708462403,272903064,-0.6957623,0.0946631,0.36525822
1746708462419,272919731,-0.7895412,-2.2260468,1.72579
1746708462436,272936398,-0.44160685,-3.3453977,3.7144299
1746708462453,272953065,-0.16323106,-0.085675195,0.63647366
1746708462469,272969732,0.050655637,-0.80594796,-0.19155693
1746708462486,272986399,-0.0014342826,-0.6759778,-0.6785917
1746708462503,273003066,0.22484666,-0.8940672,-0.88580513
1746708462519,273019733,0.21755612,-0.7000766,-0.99825096
1746708462536,273036400,0.19196858,-0.619356,-0.8839884
1746708462553,273053067,0.118506566,-0.2398683,-0.7724638
1746708462569,273069734,-0.14651252,-0.22089003,-0.8536997
1746708462586,273086401,-0.28179955,-0.1560782,-0.92810154
1746708462603,273103068,-0.28132012,-0.06866117,-1.0318136
1746708462619,273119735,-0.12804095,0.04286688,-0.94198227
1746708462636,273136402,-0.34095818,0.13177049,-0.9431219
1746708462653,273153069,-0.19547482,0.1784067,-0.9990139
1746708462669,273169736,-0.2768502,-0.1751414,-0.9075222
1746708462686,273186403,-0.30506712,-0.17844425,-0.9640932
1746708462703,273203070,-0.12293839,-0.06913435,-0.878685
1746708462719,273219737,0.020963503,-0.18558548,-0.7980881
1746708462736,273236404,-0.18215422,-0.31488058,-0.84810066
1746708462753,273253071,0.00130241,-0.31141546,-1.035615
1746708462769,273269738,0.10488837,-0.47751555,-1.1780291
1746708462786,273286405,0.10403399,-0.054207478,-1.0052004
1746708462803,273303072,-0.2654841,0.04664045,-0.92008686
1746708462819,273319739,-0.03300314,-0.47102,-1.0583591
1746708462836,273336406,-0.079163596,-0.76046,-1.4098244
1746708462853,273353073,0.15252915,-0.7091884,-1.4317093
1746708462869,273369740,-0.008123355,-0.7646318,-1.4724722
1746708462886,273386407,0.024335532,-0.7192114,-1.3348532
1746708462903,273403074,0.0029897094,-0.7966391,-1.1007318
1746708462919,273419741,0.1367725,-0.8377916,-0.64460564
1746708462936,273436408,0.2003872,-0.91502875,-0.25396538
1746708462953,273453075,0.30827242,-0.8222228,-0.13607216
1746708462969,273469742,0.3723527,-0.91620487,-0.032328606
1746708462986,273486409,0.14805442,-0.45868948,-0.10114956
1746708463003,273503076,0.3088198,-0.5002327,0.36199284
1746708463019,273519743,0.14136122,-0.6726721,0.4635229
1746708463036,273536410,0.14367525,-0.83505917,0.34387016
1746708463053,273553077,0.2335042,-0.707733,0.18810177
1746708463069,273569744,0.22945371,-0.67399347,-0.019176483
1746708463086,273586411,0.08802298,-0.77989167,-0.3213129
1746708463103,273603078,0.13221529,-0.76907253,-0.27401066
1746708463119,273619745,0.08917161,-0.9721906,-0.033328056
1746708463136,273636412,0.049137313,-1.0026972,0.26209736
1746708463153,273653079,-0.039204396,-1.0930614,0.39866543
1746708463169,273669746,-0.026356202,-1.1451045,0.245965
1746708463186,273686413,-0.03342681,-1.0068274,-0.017148018
1746708463203,273703080,-0.020712052,-0.94933754,-0.10001087
1746708463219,273719747,-0.08181401,-0.9973608,-0.065966606
1746708463236,273736414,0.048613172,-0.9643728,0.03209877
1746708463253,273753081,0.012780471,-0.9235115,0.08629608
1746708463269,273769748,-0.1196105,-0.7820924,0.1279583
1746708463286,273786415,-0.09707838,-0.7387984,0.16584587
1746708463303,273803082,0.19925822,-0.5790615,0.40249348
1746708463319,273819749,0.5040125,-0.40794936,0.59455967
1746708463336,273836416,0.6866093,-0.34717193,0.37188244
1746708463353,273853083,0.49721193,-0.44244435,0.18047714
1746708463369,273869750,0.3198431,-0.52935356,0.14549923
1746708463386,273886417,0.2068798,-0.76686645,0.2148838
1746708463403,273903084,0.2626597,-0.92979693,0.23893452
1746708463419,273919751,0.36517212,-0.8061594,0.3311224
1746708463436,273936418,0.27939007,-0.83544827,0.290267
1746708463453,273953085,0.014603219,-0.91004956,0.28027534
1746708463469,273969752,-0.11919566,-0.8856634,0.43610668
1746708463486,273986419,-0.18464652,-0.8805666,0.428936
1746708463503,274003086,-0.19058816,-0.7333889,0.28033257
1746708463519,274019753,0.1634843,-0.5099721,0.2579012
1746708463536,274036420,0.42823383,-0.672177,0.33950233
1746708463553,274053087,0.17944291,-0.7667346,0.62505245
1746708463569,274069754,-0.38733277,-0.8427565,0.5519228
1746708463586,274086421,-0.23342866,-0.6530756,0.2927971
1746708463603,274103088,0.179537,-0.3359413,-0.2169857
1746708463619,274119755,0.46163628,-0.24974331,-0.5344658
1746708463636,274136422,0.46089154,-0.50169337,-0.6109457
1746708463653,274153089,0.5350069,-0.54724956,-0.47201633
1746708463669,274169756,0.5502216,-0.5492786,-0.3259182
1746708463686,274186423,0.49845535,-0.4866818,-0.19201756
1746708463703,274203090,0.2441879,-0.19006558,-0.22154236
1746708463719,274219757,-0.09977149,0.1512691,-0.31461525
1746708463736,274236424,-0.122416705,0.22705676,-0.22552872
1746708463753,274253091,0.08254244,0.12019208,-0.07094288
1746708463769,274269758,0.33597752,-0.09338148,0.21769238
1746708463786,274286425,0.34084743,-0.019231278,-0.1879015
1746708463803,274303092,0.0013597411,0.15008806,-0.7064009
1746708463819,274319759,-0.31947935,0.076860964,-0.936656
1746708463836,274336426,-0.40870416,-0.116873585,-0.965641
1746708463853,274353093,-0.18016754,-0.11884117,-0.7404127
1746708463869,274369760,0.013516275,0.07680732,-0.34306908
1746708463886,274386427,-0.016383722,0.30249706,-0.13080406
1746708463903,274403094,-0.17138235,0.4109963,-0.6992073
1746708463919,274419761,-0.69669616,-0.046108935,-0.76593494
1746708463936,274436428,-0.6172185,0.15895101,-0.53036594
1746708463953,274453095,-0.18293597,0.33560807,-0.7229805
1746708463969,274469762,0.30175334,0.39337295,-0.9072571
1746708463986,274486429,0.38275588,0.14393854,-1.2045565
1746708464003,274503096,0.068042934,-0.24144161,-0.98106194
1746708464019,274519763,-0.30081624,-0.2767171,-0.6048479
1746708464036,274536430,-0.48425692,-0.61717045,-0.3349409
1746708464053,274553097,-0.07875859,-0.5142322,-0.1295805
1746708464069,274569764,0.5501369,0.087374344,-0.54700756
1746708464086,274586431,0.7054071,0.4727279,-0.9496794
1746708464103,274603098,0.44814348,0.2916189,-1.0325584
1746708464119,274619765,0.1240859,0.09940694,-0.9215164
1746708464136,274636432,0.07627648,0.5884287,-0.68500996
1746708464153,274653099,-0.17666732,0.37412715,-0.69852257
1746708464169,274669766,-0.24013494,0.08015666,-0.9528246
1746708464186,274686433,0.0047724484,-0.10520509,-0.79811573
1746708464203,274703100,-0.028789138,-0.098894425,-0.60440636
1746708464219,274719767,-0.115846545,0.30453482,-0.5146675
1746708464236,274736434,0.0026164427,0.5609107,-0.4660368
1746708464253,274753101,0.10546503,0.5855711,-0.526845
1746708464269,274769768,-0.07326129,0.29967567,-0.38828087
1746708464286,274786435,-0.3199074,0.028844124,-0.38339043
1746708464303,274803102,-0.7590194,0.4487065,0.05800152
1746708464319,274819769,-1.121569,0.40146303,0.29079247
1746708464336,274836436,-0.6248108,0.102761425,0.4666109
1746708464353,274853103,-0.16777262,0.17271473,0.5635996
1746708464369,274869770,-0.0764725,0.28753713,0.63089657
1746708464386,274886437,-0.29389316,0.26200053,0.75088024
1746708464403,274903104,-0.7176411,-0.014692848,0.7240429
1746708464419,274919771,-0.91589236,0.11716415,0.45601845
1746708464436,274936438,-0.8365596,0.17302182,0.26013756
1746708464453,274953105,-0.31641546,0.3117344,0.09968281
1746708464469,274969772,-0.15323289,0.19711742,0.015711784
1746708464486,274986439,-0.16772166,0.037942443,-0.3003168
1746708464503,275003106,-0.519797,0.45649257,-0.13710308
1746708464519,275019773,-0.17012376,0.22191194,-0.37441635
1746708464536,275036440,0.34528795,0.20354207,-0.4069128
1746708464553,275053107,0.5700508,0.32022768,-0.2960844
1746708464569,275069774,0.2990876,0.4747688,0.15737534
1746708464586,275086441,0.16163763,0.29509947,0.23583221
1746708464603,275103108,0.40211478,0.68983316,0.15107536
1746708464619,275119775,0.30808043,0.93815297,0.5326853
1746708464636,275136442,0.35391912,0.91472656,0.60849667
1746708464653,275153109,0.34145582,0.905217,1.2030821
1746708464669,275169776,0.4121199,0.73029417,1.3164425
1746708464686,275186443,0.56594867,0.82858574,1.016552
1746708464703,275203110,0.2780139,0.7748025,0.92503834
1746708464719,275219777,0.24965325,0.92435795,0.28374863
1746708464736,275236444,1.1273223,1.747807,-1.2394876
1746708464753,275253111,0.062489975,1.4028035,0.4689541
1746708464769,275269778,-0.39187565,1.1449724,1.4150162
1746708464786,275286445,-0.71490014,0.045542106,2.2484665
1746708464803,275303112,-0.52806145,-1.6043152,3.5699863
1746708464819,275319779,0.2640564,0.5241511,1.2665062
1746708464836,275336446,-0.4538891,0.34216458,0.6457243
1746708464853,275353113,-0.008662244,0.5492634,0.96515656
1746708464869,275369780,-0.18680699,0.22680977,0.51058006
1746708464886,275386447,-0.15088265,0.618643,0.17900181
1746708464903,275403114,-0.020424837,0.5634554,0.19689941
1746708464919,275419781,0.053238552,0.5659473,0.28986263
1746708464936,275436448,0.120477505,0.37509587,0.3335638
1746708464953,275453115,0.168588,0.41144198,0.3344431
1746708464969,275469782,0.2299993,0.51916605,0.3989544
1746708464986,275486449,0.2573059,0.56056577,0.5750885
1746708465003,275503116,0.26391214,0.5612797,0.73523426
1746708465019,275519783,0.2245647,0.5243299,0.8202181
1746708465036,275536450,0.1642182,0.6541109,0.7648401
1746708465053,275553117,0.10639127,0.7507304,0.6493168
1746708465069,275569784,-0.012439725,0.8024513,0.56870747
1746708465086,275586451,-0.07587874,0.7543891,0.5607891
1746708465103,275603118,-0.0740627,0.788889,0.5101471
1746708465119,275619785,-0.09309181,0.7613524,0.50452137
1746708465136,275636452,-0.07955206,0.6990383,0.43081474
1746708465153,275653119,-0.08635479,0.6033587,0.499835
1746708465169,275669786,-0.05556342,0.426201,0.62387085
1746708465186,275686453,-0.06633965,0.3023623,0.64699554
1746708465203,275703120,-0.069869034,0.32642904,0.6157818
1746708465219,275719787,-0.09305951,0.34852487,0.49160194
1746708465236,275736454,-0.025020264,0.47299522,0.31847477
1746708465253,275753121,0.045954823,0.3771323,0.2998066
1746708465269,275769788,0.049593166,0.2804198,0.31165218
1746708465286,275786455,0.0069244313,0.2522071,0.32404613
1746708465303,275803122,-0.019948866,0.32414922,0.31492424
1746708465319,275819789,-0.046764273,0.39919326,0.3122692
1746708465336,275836456,-0.03546469,0.3780469,0.296237
1746708465353,275853123,-0.027989522,0.36364618,0.30303097
1746708465369,275869790,0.0041108504,0.36957845,0.36415672
1746708465386,275886457,-0.0002983898,0.42621976,0.37196445
1746708465403,275903124,-0.017820464,0.4942781,0.3649912
1746708465419,275919791,-0.035268445,0.46458173,0.26942348
1746708465436,275936458,0.026137382,0.45748097,0.27423954
1746708465453,275953125,0.03405164,0.35898215,0.30535984
1746708465469,275969792,0.02815805,0.24092148,0.53256226
1746708465486,275986459,0.033760738,0.31856677,0.37013912
1746708465503,276003126,0.017051915,0.36388445,0.32244873
1746708465519,276019793,0.05285791,0.4038506,0.3132515
1746708465536,276036460,0.04524696,0.4868765,0.35184574
1746708465553,276053127,-0.11735906,0.37859765,0.26703548
1746708465569,276069794,0.009372569,0.4143045,0.51423645
1746708465586,276086461,0.023207126,0.40300056,0.69254494
1746708465603,276103128,0.06572343,0.62506115,0.78624725
1746708465619,276119795,-0.0963713,0.4950032,0.4211254
1746708465636,276136462,-0.21856236,0.32852313,0.2694893
1746708465653,276153129,-0.07511108,0.06693252,0.45047474
1746708465669,276169796,0.08635803,0.2739663,0.7988777
1746708465686,276186463,-0.05253493,0.39712217,0.5419235
1746708465703,276203130,-0.08615955,0.59098524,0.2814808
1746708465719,276219797,0.012737109,0.70903873,0.339406
1746708465736,276236464,0.024545075,0.68453723,0.16032124
1746708465753,276253131,0.10088168,1.0098814,0.1071682
1746708465769,276269798,-0.17686446,0.64042586,1.3641586
1746708465786,276286465,-0.26070663,0.30881557,1.454422
1746708465803,276303132,-0.14597452,0.55461365,0.9877968
1746708465819,276319799,0.036803644,1.1140572,0.6203661
1746708465836,276336466,0.032004483,1.3342208,0.33236313
1746708465853,276353133,-0.05094665,1.1614276,0.40148354
1746708465869,276369800,-0.07229482,1.1690856,0.5095167
1746708465886,276386467,-0.153196,1.2369748,0.4106865
1746708465903,276403134,-0.3910471,1.1276792,0.89663124
1746708465919,276419801,-0.27615452,1.3096478,1.0213747
1746708465936,276436468,-0.19560446,1.2218275,1.1875467
1746708465953,276453135,-0.2201359,0.9497095,1.2317438
1746708465969,276469802,-0.044097543,0.9567139,0.9885149
1746708465986,276486469,0.057973225,1.2552872,0.5685034
1746708466003,276503136,0.1477662,1.0866601,0.40699387
1746708466019,276519803,0.048328195,0.6635628,0.38440704
1746708466036,276536470,0.09880837,0.54479766,0.5331106
1746708466053,276553137,0.12783355,0.5226068,0.30404854
1746708466069,276569804,-0.060523957,0.5285896,-0.021076202
1746708466086,276586471,0.16177756,0.6673471,-0.31881237
1746708466103,276603138,0.7150801,0.34217978,-0.2721815
1746708466119,276619805,0.48221132,-0.34311408,0.044315338
1746708466136,276636472,0.25076097,-0.33885592,0.29226017
1746708466153,276653139,0.17741944,0.33373994,0.31805038
1746708466169,276669806,-0.01833879,0.6643022,0.27169895
1746708466186,276686473,0.05422022,0.7886183,0.49192047
1746708466203,276703140,0.06498639,0.9202578,0.38620472
1746708466219,276719807,-0.012435813,1.0720913,0.34390068
1746708466236,276736474,-0.21027987,1.0797867,0.3573866
1746708466253,276753141,-0.32091945,0.98881507,0.57316685
1746708466269,276769808,-0.36370856,-1.1526875,2.8782978
1746708466286,276786475,-0.19268046,-0.23880795,4.22513
1746708466303,276803142,-0.2490806,1.1857591,2.086442
1746708466319,276819809,-0.1473288,0.46857682,0.6664324
1746708466336,276836476,-0.060368836,0.3968553,0.056557655
1746708466353,276853143,-0.105176255,0.21654606,-0.1893816
1746708466369,276869810,-0.06758652,0.14776911,-0.16878605
1746708466386,276886477,-0.1574774,0.050950002,-0.13186741
1746708466403,276903144,-0.09839755,-0.014085786,-0.14339924
1746708466419,276919811,-0.16820133,0.0978951,-0.04249382
1746708466436,276936478,-0.13232884,0.14799285,-0.1846714
1746708466453,276953145,-0.042076763,0.5174792,-0.35986137
1746708466469,276969812,-0.014605231,0.6158951,-0.5059271
1746708466486,276986479,-0.25015023,0.61804795,-0.96551704
1746708466503,277003146,-0.18429907,0.5329519,-1.0795746
1746708466519,277019813,-0.21016353,0.45144165,-1.1094503
1746708466536,277036480,-0.15125903,0.28898862,-1.3615189
1746708466553,277053147,-0.15222116,0.2522449,-1.4926338
1746708466569,277069814,-0.11662939,0.30729747,-1.523942
1746708466586,277086481,-0.1817185,0.27968913,-1.4347267
1746708466603,277103148,-0.14166464,0.14670898,-1.3154297
1746708466619,277119815,-0.13660161,0.02539219,-1.1808329
1746708466636,277136482,-0.1134069,-0.010849542,-1.1171455
1746708466653,277153149,0.14701554,0.02590001,-1.0730724
1746708466669,277169816,0.31767294,0.13726243,-1.1434059
1746708466686,277186483,0.63545305,-0.2060548,-0.7210617
1746708466703,277203150,0.16850351,-0.03998468,-1.4002914
1746708466719,277219817,-0.14035764,-0.3508324,-1.7215986
1746708466736,277236484,-0.24987787,0.21638334,-1.2822781
1746708466753,277253151,-0.05773608,-0.5248001,-1.3846054
1746708466769,277269818,-0.024797197,-0.51875275,-1.2138662
1746708466786,277286485,-0.2019463,-0.31362242,-0.837307
1746708466803,277303152,-0.22046223,-0.41047797,-0.5323734
1746708466819,277319819,-0.2130881,-0.5269948,-0.5420313
1746708466836,277336486,-0.06262855,-0.49800295,-0.32264805
1746708466853,277353153,0.08765619,-0.53851783,-0.23925877
1746708466869,277369820,-0.02189801,-0.31595233,0.052157402
1746708466886,277386487,0.10858729,-0.32638657,-0.0076704025
1746708466903,277403154,0.16552778,-0.31963962,-0.0066127777
1746708466919,277419821,0.16914387,-0.47430903,0.06948376
1746708466936,277436488,0.307489,-0.45816177,-0.007352829
1746708466953,277453155,0.34998786,-0.46269953,0.18833923
1746708466969,277469822,0.41761407,-0.30268058,0.22246456
1746708466986,277486489,0.27866164,-0.34498733,0.25234985
1746708467003,277503156,-0.016375676,-0.3742018,0.33580112
1746708467019,277519823,-0.22949238,-0.42240664,0.4324627
1746708467036,277536490,-0.27682394,-0.53534436,0.5147524
1746708467053,277553157,-0.2047486,-0.59611887,0.68626404
1746708467069,277569824,-0.017234636,-0.51744723,0.46919823
1746708467086,277586491,0.012260691,-0.40132198,0.11929321
1746708467103,277603158,0.021024747,-0.2663025,-0.08498955
1746708467119,277619825,-0.028055793,-0.2676096,-0.058070183
1746708467136,277636492,0.13464431,-0.3575454,0.20148373
1746708467153,277653159,0.3988926,-0.50293565,0.4247713
1746708467169,277669826,0.7052778,-0.43267772,0.40994453
1746708467186,277686493,0.5338607,-0.19833109,0.16753864
1746708467203,277703160,0.2841101,0.027329376,0.06556606
1746708467219,277719827,-0.10485138,0.050024435,-0.2915163
1746708467236,277736494,-0.07681291,0.069813825,0.08594227
1746708467253,277753161,0.056087222,-0.30748186,0.42191792
1746708467269,277769828,0.22768885,-0.56527543,0.5465412
1746708467286,277786495,0.20376134,-0.4966648,0.42954254
1746708467303,277803162,0.075972274,-0.1575373,0.05851555
1746708467319,277819829,0.073803306,0.16022414,-0.20713139
1746708467336,277836496,0.21553299,0.18273413,-0.21093369
1746708467353,277853163,0.25470307,0.107083045,0.04760456
1746708467369,277869830,0.2014491,-0.12972155,0.3071041
1746708467386,277886497,0.18356225,-0.32052362,0.535902
1746708467403,277903164,0.15233044,-0.29058897,0.16556263
1746708467419,277919831,0.28632513,-0.22879009,-0.27570915
1746708467436,277936498,0.40679222,-0.21233374,-0.4160471
1746708467453,277953165,0.4076872,-0.39397803,-0.32622623
1746708467469,277969832,0.37796086,-0.6725748,0.050693512
1746708467486,277986499,0.40882084,-0.38592684,0.019961357
1746708467503,278003166,0.3097324,-0.4629007,0.16605759
1746708467519,278019833,0.15373333,-0.50889987,0.69132423
1746708467536,278036500,0.02625428,-0.21553712,1.2067175
1746708467553,278053167,0.039238594,0.045052838,1.2053471
1746708467569,278069834,0.16472939,0.1523214,0.35628033
1746708467586,278086501,-0.09198397,-0.14634556,-0.536109
1746708467603,278103168,-0.2298786,-0.50521123,-0.5951166
1746708467619,278119835,-0.19251685,-0.54537386,-0.2986288
1746708467636,278136502,0.03366284,-0.36124477,-0.15590572
1746708467653,278153169,0.17488536,0.1871874,-0.69087696
1746708467669,278169836,-0.14386691,-0.056090575,-1.5692644
1746708467686,278186503,-0.48248568,-0.42205438,-1.3617487
1746708467703,278203170,-0.45799816,-0.2695508,-0.22072506
1746708467719,278219837,0.054334436,-0.10943396,0.12476063
1746708467736,278236504,0.0038871139,0.08340006,-0.29733753
1746708467753,278253171,-0.09212779,0.6919188,-0.7184458
1746708467769,278269838,0.068879984,0.34457093,-0.71937275
1746708467786,278286505,0.062060606,0.07433795,-0.22487354
1746708467803,278303172,0.029836856,0.29918328,-0.2611723
1746708467819,278319839,0.089741126,0.5551087,-0.63762283
1746708467836,278336506,-0.0037223848,0.5158768,-0.6428833
1746708467853,278353173,-0.27194843,-0.10231909,-0.71502876
1746708467869,278369840,-0.22987793,-0.6580322,-0.7170286
1746708467886,278386507,-0.21782477,-0.53894895,-0.50682735
1746708467903,278403174,-0.6888039,-0.019144332,-0.4223671
1746708467919,278419841,-1.2063886,0.44563922,-0.4218712
1746708467936,278436508,-1.1000353,0.72753555,-0.5997019
1746708467953,278453175,-0.8523689,0.03937002,-0.7421007
1746708467969,278469842,-0.19057788,0.188543,-0.54390144
1746708467986,278486509,0.36967254,0.5949166,-0.48095608
1746708468003,278503176,0.5125955,0.6230265,-0.4504156
1746708468019,278519843,0.12573074,0.5503021,-0.583539
1746708468036,278536510,-0.5756842,0.20518981,-1.0982275
1746708468053,278553177,-0.6510622,0.34135503,-1.3640985
1746708468069,278569844,-0.20896293,0.28962114,-1.0337172
1746708468086,278586511,0.3342205,0.148884,-0.46270752
1746708468103,278603178,0.04462995,0.03400325,-0.5064554
1746708468119,278619845,-0.92080635,-0.028035678,-0.5490217
1746708468136,278636512,-0.9900245,0.411908,-0.9820404
1746708468153,278653179,-0.23061731,0.68012756,-1.1722031
1746708468169,278669846,0.48566717,0.46738124,-1.0927429
1746708468186,278686513,0.23382473,0.35098886,-0.73784924
1746708468203,278703180,-0.14022197,0.48488522,-0.71894073
1746708468219,278719847,-0.21530981,0.38910475,-0.927598
1746708468236,278736514,0.37076384,0.59031403,-1.5428152
1746708468253,278753181,0.5590174,1.044743,-0.7489939
1746708468269,278769848,0.69224465,0.21379685,-0.73894024
1746708468286,278786515,0.4338212,0.33097643,-0.4424591
1746708468303,278803182,0.2692008,0.34913304,0.17796993
1746708468319,278819849,0.47823837,0.08409161,0.70243263
1746708468336,278836516,0.36614552,0.37946486,1.4906025
1746708468353,278853183,0.22582296,0.4377242,1.9754276
1746708468369,278869850,0.14816181,0.33655912,2.2257853
1746708468386,278886517,-0.16917248,0.19848442,2.2273054
1746708468403,278903184,-0.34483156,0.6511511,2.0350227
1746708468419,278919851,-0.10752918,0.9603469,1.6261482
1746708468436,278936518,0.05873451,1.2338395,1.2943277
1746708468453,278953185,0.1345396,1.4439695,0.81903553
1746708468469,278969852,0.15835781,1.771922,0.26923466
1746708468486,278986519,-0.10064542,2.0944698,-0.29577637
1746708468503,279003186,-0.2245572,2.0616257,-0.51057243
1746708468519,279019853,-0.26208973,1.8402394,-0.39594078
1746708468536,279036520,-0.23476526,1.5931342,0.1559534
1746708468553,279053187,-0.21826689,0.94121796,1.1209135
1746708468569,279069854,-0.28895485,0.10556383,1.9459553
1746708468586,279086521,-0.031640716,0.24285488,1.5970335
1746708468603,279103188,0.21770944,0.6079995,1.2802677
1746708468619,279119855,0.11969409,0.5687777,1.126173
1746708468636,279136522,0.04779601,0.33222026,1.0741768
1746708468653,279153189,-0.7125271,-1.2075683,1.8954744
1746708468669,279169856,0.051356573,-0.26679423,1.1018305
1746708468686,279186523,-0.34364536,0.41007364,0.57828236
1746708468703,279203190,-0.32582623,0.4490932,0.58430386
1746708468719,279219857,-0.049349986,0.6291664,0.47403145
1746708468736,279236524,-0.04330899,0.64937955,0.60652065
1746708468753,279253191,-0.036421772,0.66688174,0.8364887
1746708468769,279269858,0.02209135,0.67131644,0.70862865
1746708468786,279286525,-0.03595675,0.66802704,0.72386265
1746708468803,279303192,0.041220594,0.58132905,0.6263752
1746708468819,279319859,0.036419425,0.5860798,0.5312767
1746708468836,279336526,0.09282269,0.5566322,0.540967
1746708468853,279353193,0.090182334,0.5763366,0.4608984
1746708468869,279369860,0.04439459,0.5746447,0.497015
1746708468886,279386527,0.015098635,0.5958026,0.4711237
1746708468903,279403194,-0.034330137,0.54627395,0.539114
1746708468919,279419861,-0.011329648,0.46437922,0.6283188
1746708468936,279436528,-0.014457824,0.43514264,0.67064476
1746708468953,279453195,-0.027637154,0.41338566,0.6407299
1746708468969,279469862,-0.06627729,0.48890442,0.5282593
1746708468986,279486529,-0.0677042,0.49008033,0.44076538
1746708469003,279503196,-0.038994405,0.3737624,0.39518547
1746708469019,279519863,0.004346098,0.301099,0.3720131
1746708469036,279536530,0.014551476,0.33129135,0.36615467
1746708469053,279553197,-0.04982439,0.3232574,0.31091976
1746708469069,279569864,-0.049809527,0.36884063,0.28328705
1746708469086,279586531,0.021090683,0.352494,0.31677532
1746708469103,279603198,0.0072478545,0.2512469,0.35686207
1746708469119,279619865,-0.046216443,0.21638982,0.4487934
1746708469136,279636532,-0.036472622,0.10922877,0.6195526
1746708469153,279653199,-0.0044731647,0.09151559,0.5750494
1746708469169,279669866,0.040162597,0.15101318,0.47817993
1746708469186,279686533,0.014942959,0.28173092,0.41657734
1746708469203,279703200,-0.031280413,0.3116667,0.3946581
1746708469219,279719867,-0.04407072,0.35184807,0.48625565
1746708469236,279736534,-0.06498416,0.30704555,0.50428486
1746708469253,279753201,0.0052802702,0.37163857,0.44142914
1746708469269,279769868,-0.049732078,0.2810615,0.37669945
1746708469286,279786535,-0.0064711473,0.26297015,0.4476595
1746708469303,279803202,-0.020045089,0.3503787,0.42603874
1746708469319,279819869,-0.035298955,0.3872896,0.45035934
1746708469336,279836536,-0.11772897,0.46532,0.5670719
1746708469353,279853203,-0.18999115,0.35507292,0.5793066
1746708469369,279869870,-0.12586483,0.47916082,0.61979294
1746708469386,279886537,-0.13638984,0.3645275,0.44755363
1746708469403,279903204,-0.059961375,0.43464753,0.42865086
1746708469419,279919871,-0.026954098,0.6648491,0.45074844
1746708469436,279936538,0.007201811,0.7461502,0.39199066
1746708469453,279953205,-0.002771784,0.6937337,0.53958225
1746708469469,279969872,-0.14640881,0.6913001,0.60475445
1746708469486,279986539,-0.16731577,0.760377,0.5952482
1746708469503,280003206,-0.23488283,0.648886,0.51515293
1746708469519,280019873,0.0038770558,0.8486606,0.5156355
1746708469536,280036540,0.017193288,0.742751,0.5160847
1746708469553,280053207,-0.1638017,0.7565746,0.44894028
1746708469569,280069874,-0.13205436,1.2180227,0.2645645
1746708469586,280086541,-0.13288225,1.0996424,0.24833012
1746708469603,280103208,-0.20140037,0.7953353,0.38303566
1746708469619,280119875,-0.43308675,0.7985702,0.2414341
1746708469636,280136542,-0.37594008,0.98427504,0.1829071
1746708469653,280153209,-0.12662321,1.0007147,0.4979086
1746708469669,280169876,-0.18147598,0.9561466,0.72212696
1746708469686,280186543,0.8419713,0.15021569,-0.15782833
1746708469703,280203210,0.115426786,1.2351568,-0.3774948
1746708469719,280219877,-0.61595076,1.3397378,1.2049809
1746708469736,280236544,-0.10315548,0.8124725,0.8829441
1746708469753,280253211,-0.37912044,0.9834959,0.7218218
1746708469769,280269878,0.013600316,0.7041505,0.8752594
1746708469786,280286545,0.28279865,0.25147912,0.8682518
1746708469803,280303212,0.63139033,0.13708049,0.4384613
1746708469819,280319879,0.8730016,0.4043933,-0.097639084
1746708469836,280336546,0.5385214,0.2900959,-0.12522507
1746708469853,280353213,0.021338334,-0.09600798,-0.12045574
1746708469869,280369880,-0.5646742,-0.27504185,-0.3894024
1746708469886,280386547,-0.194332,0.05242653,-0.4057026
1746708469903,280403214,-0.13479306,0.032631997,-0.37709904
1746708469919,280419881,-0.22349508,0.21277517,-0.45212746
1746708469936,280436548,0.03168542,1.1111853,-0.3008995
1746708469953,280453215,0.3682718,0.7844726,0.22466087
1746708469969,280469882,0.108867794,0.38383588,0.37887764
1746708469986,280486549,-0.19654858,0.51426375,0.5070276
1746708470003,280503216,-0.15344074,1.0706195,0.08615875
1746708470019,280519883,0.06335117,0.8019732,0.16713142
1746708470036,280536550,0.21224858,0.59986585,0.5800247
1746708470053,280553217,0.09634057,0.36003533,0.8256893
1746708470070,280569884,-0.3525698,-0.18648759,0.9554434
1746708470086,280586551,-0.8009614,-2.8667357,5.758542
1746708470103,280603218,-0.3091086,1.3424972,1.9003687
1746708470120,280619885,0.19984002,-0.35185856,-0.94121647
1746708470136,280636552,0.17098495,-0.08735736,-0.5559082
1746708470153,280653219,0.14234824,-0.20909771,-0.60791874
1746708470170,280669886,0.025832063,-0.16384818,-0.6033287
1746708470186,280686553,0.0895907,0.0013658877,-0.6630306
1746708470203,280703220,0.13870052,0.0805268,-0.8353281
1746708470220,280719887,0.1795084,0.1424276,-0.9671583
1746708470236,280736554,0.013575953,0.34946495,-0.7446165
1746708470253,280753221,-0.13229397,0.33462974,-0.70165825
1746708470270,280769888,-0.18283114,0.29707912,-0.6957607
1746708470286,280786555,-0.15861931,0.2907137,-0.82445335
1746708470303,280803222,-0.16293111,0.33208013,-0.97494507
1746708470320,280819889,-0.23397996,0.3469281,-1.0576992
1746708470336,280836556,-0.2716087,0.35783127,-0.9825344
1746708470353,280853223,-0.27906576,0.37597427,-0.74692917
1746708470370,280869890,-0.1623674,0.30390698,-0.59954643
1746708470386,280886557,-0.05145447,0.19759908,-0.62795734
1746708470403,280903224,0.05169117,-0.016568568,-0.6732855
1746708470420,280919891,0.14676128,0.06494661,-0.9425907
1746708470436,280936558,0.09393489,0.032709558,-1.3121271
1746708470453,280953225,0.13647959,0.041823298,-1.3579893
1746708470470,280969892,0.10961321,-0.027032327,-1.3814135
1746708470486,280986559,0.07350693,-0.034991622,-1.2343082
1746708470503,281003226,-0.020824367,-0.013124234,-0.9027586
1746708470520,281019893,-0.003271559,-0.12743434,-0.6623163
1746708470536,281036560,0.045490026,-0.22994924,-0.6290674
1746708470553,281053227,-0.03116307,-0.1363049,-0.57166004
1746708470570,281069894,-0.014904961,0.046465438,-0.45112705
1746708470586,281086561,0.0111714015,-0.079372354,-0.05187416
1746708470603,281103228,-0.11798601,-0.06371751,0.18454266
1746708470620,281119895,0.03137809,-0.046338707,0.046621323
1746708470636,281136562,-0.033340756,-0.26004303,0.14080334
1746708470653,281153229,-0.21751969,-0.20448083,-0.41347027
1746708470670,281169896,0.047253992,-0.14084445,-0.6822128
1746708470686,281186563,-0.14285094,-0.2797298,-0.2818594
1746708470703,281203230,-0.011686374,-0.31156096,-0.33268738
1746708470720,281219897,0.124851204,-0.23459272,0.15840149
1746708470736,281236564,-0.07933324,-0.10900079,0.36522675
1746708470753,281253231,0.12750989,0.07008651,0.30091858
1746708470770,281269898,0.25203702,0.22721098,0.19803238
1746708470786,281286565,0.12282294,0.05667439,-0.0385046
1746708470803,281303232,0.18245721,0.04819543,-0.21474075
1746708470820,281319899,0.21757154,-0.10774576,-0.09257603
1746708470836,281336566,0.2573155,-0.11857429,0.019187927
1746708470853,281353233,0.3261718,-0.120035395,0.31130886
1746708470870,281369900,0.5532491,-0.19192186,0.42355633
1746708470886,281386567,0.4137504,-0.11661297,0.47091866
1746708470903,281403234,0.17619537,0.05260914,0.39377117
1746708470920,281419901,0.10377841,-0.00033214025,0.12503052
1746708470936,281436568,0.06472321,-0.011217222,-0.059491158
1746708470953,281453235,0.041724168,-0.1360168,-0.0523777
1746708470970,281469902,0.06031229,-0.2657891,-0.033003807
1746708470986,281486569,0.101208456,-0.23836428,0.19178009
1746708471003,281503236,0.15454312,-0.28447968,0.4052019
1746708471020,281519903,0.090610586,-0.23549592,0.5035305
1746708471036,281536570,0.10855309,-0.156255,0.5139742
1746708471053,281553237,0.1758611,0.035033196,0.49467468
1746708471070,281569904,0.2645184,0.12374973,0.3390789
1746708471086,281586571,0.19226618,0.052987322,0.08080006
1746708471103,281603238,0.3017409,0.14266787,0.03680992
1746708471120,281619905,0.25201958,-0.038624156,0.05194187
1746708471136,281636572,0.105475314,-0.31240115,0.07175064
1746708471153,281653239,0.042895712,-0.4490257,0.22667885
1746708471170,281669906,0.03257679,-0.48445717,0.3271885
1746708471186,281686573,0.032724757,-0.32394826,0.39960575
1746708471203,281703240,0.11532777,-0.18941158,0.44328022
1746708471220,281719907,0.25886288,-0.15057196,0.38121223
1746708471236,281736574,0.303853,-0.1357354,0.25871754
1746708471253,281753241,0.20499435,-0.11858636,0.25185585
1746708471270,281769908,0.13970253,-0.12932996,0.34532452
1746708471286,281786575,0.10933181,-0.16499369,0.361001
1746708471303,281803242,0.10416799,-0.21888311,0.23256779
1746708471320,281819909,0.1666079,-0.15827087,0.21631336
1746708471336,281836576,0.22998276,-0.15868615,0.3315792
1746708471353,281853243,0.15311018,-0.11223256,0.36086273
1746708471370,281869910,0.09799791,-0.09737588,0.33624268
1746708471386,281886577,0.08339582,-0.14358361,0.2310276
1746708471403,281903244,0.16368312,-0.1294234,0.17857265
1746708471420,281919911,0.23880471,-0.15323803,0.2155075
1746708471436,281936578,0.26119748,-0.16437277,0.19857311
1746708471453,281953245,0.1475286,-0.1173414,0.21910477
1746708471470,281969912,0.054151155,-0.075359404,0.21644497
1746708471486,281986579,-0.016160993,-0.016708488,0.19616795
1746708471503,282003246,-0.046016734,0.091424845,0.14680767
1746708471520,282019913,-0.06769012,0.13074905,0.03482914
1746708471536,282036580,-0.069305554,0.15329257,0.0036907196
1746708471553,282053247,-0.0026153252,0.14318463,-0.07325649
1746708471570,282069914,-0.015654847,0.066209234,0.09016323
1746708471586,282086581,0.04543806,0.0016005763,0.22005558
1746708471603,282103248,0.026912302,0.02963223,0.14886856
1746708471620,282119915,-0.02792068,0.05134316,0.04837036
1746708471636,282136582,-0.07520272,0.0076452605,0.016781807
1746708471653,282153249,-0.07869332,0.01158043,0.14985752
1746708471670,282169916,0.009670847,0.011475602,0.12916565
1746708471686,282186583,-0.0233989,-0.044927668,0.20851517
1746708471703,282203250,-0.05234115,-0.13659637,0.2820139
1746708471720,282219917,0.0049137087,-0.09453704,0.1842165
1746708471736,282236584,0.11704736,0.011665588,-0.026837349
1746708471753,282253251,-0.033572093,0.034353048,0.18444157
1746708471770,282269918,-0.010342168,0.054879807,0.2700796
1746708471786,282286585,0.032850593,0.10061592,0.44461823
1746708471803,282303252,0.044605363,0.09514723,0.39341164
1746708471820,282319919,-0.07407376,0.024643645,0.36193466
1746708471836,282336586,-0.16249436,-0.0107431505,0.42967224
1746708471853,282353253,-0.09815683,-0.049534496,0.20667076
1746708471870,282369920,0.019571017,0.041121468,0.11105442
1746708471886,282386587,-0.039370243,-0.008445214,0.06684017
1746708471903,282403254,0.014566563,-0.024852406,0.11837101
1746708471920,282419921,0.06651947,-0.00836229,0.07372761
1746708471936,282436588,0.038194563,-0.006409234,0.015145302
1746708471953,282453255,-0.031637363,0.019746698,0.05801487
1746708471970,282469922,-0.008178116,0.007933369,0.18570518
1746708471986,282486589,-0.06745576,0.008170963,0.3216505
1746708472003,282503256,-0.08741748,0.0514015,0.37645817
1746708472020,282519923,-0.07660616,0.104377195,0.36645508
1746708472036,282536590,-0.061577372,0.0890793,0.30951405
1746708472053,282553257,-0.06974632,0.18171336,0.22573566
1746708472070,282569924,-0.107765205,0.09363606,0.13440323
1746708472086,282586591,-0.15353641,0.06864686,0.061573982
1746708472103,282603258,-0.059846263,0.10238056,0.011811256
1746708472120,282619925,-0.013308744,0.1421728,-0.066563606
1746708472136,282636592,-0.01496341,0.24953367,0.08315563
1746708472153,282653259,-0.13264622,0.26151708,0.2083292
1746708472170,282669926,-0.17377014,0.27090284,0.20145798
1746708472186,282686593,-0.053607684,0.34497726,0.0799675
1746708472203,282703260,-0.023807036,0.32100618,0.054903984
1746708472220,282719927,-0.005948015,0.368772,-0.0028238297
1746708472236,282736594,0.012507673,0.33805463,-0.009361267
1746708472253,282753261,0.034931723,0.32357255,0.05806446
1746708472270,282769928,0.042040218,0.27927876,0.07986069
1746708472286,282786595,-0.0018276655,0.2754426,0.114497185
1746708472303,282803262,0.017891318,0.32544088,0.14667988
1746708472320,282819929,-0.0028473316,0.29333594,0.1551075
1746708472336,282836596,-0.011670953,0.32249433,0.0868721
1746708472353,282853263,-0.022281783,0.3033815,0.07380295
1746708472370,282869930,-0.010860271,0.2570837,0.062190056
1746708472386,282886597,0.02175094,0.23617788,0.11066151
1746708472403,282903264,0.017166242,0.22321099,0.14295578
1746708472420,282919931,0.05682571,0.19457741,0.15161896
1746708472436,282936598,0.06529059,0.19849426,0.18047333
1746708472453,282953265,0.03442569,0.17747062,0.15138245
1746708472470,282969932,0.0029061155,0.15678741,0.17905426
1746708472486,282986599,0.066422015,0.13926488,0.17153454
1746708472503,283003266,0.06922889,0.09912956,0.1756525
1746708472520,283019933,0.116115876,0.066600606,0.19363022
1746708472536,283036600,0.12718402,0.07725971,0.19307995
1746708472553,283053267,0.09788549,0.093951434,0.2272234
1746708472570,283069934,0.029997226,0.042656552,0.26465702
1746708472586,283086601,0.025503946,0.005238026,0.26425743
1746708472603,283103268,0.049633063,0.011473814,0.24662685
1746708472620,283119935,0.102258295,-0.02442326,0.22797775
1746708472636,283136602,0.18291675,0.001914612,0.23275757
1746708472653,283153269,0.13088182,-0.106783316,0.19099808
1746708472670,283169936,0.076951265,-0.114391916,0.19233322
1746708472686,283186603,0.09328,-0.06617459,0.11632061
1746708472703,283203270,0.048707273,-0.069238275,0.0774765
1746708472720,283219937,0.041538093,-0.083547354,0.17027283
1746708472736,283236604,0.13138494,-0.14056998,0.31017208
1746708472753,283253271,0.19425422,-0.2037714,0.27901554
1746708472770,283269938,0.13242786,-0.19216773,0.23045158
1746708472786,283286605,0.1286601,-0.16673128,0.08046818
1746708472803,283303272,0.1703808,-0.13506486,-0.041427612
1746708472820,283319939,0.0889823,-0.26319054,-0.021389008
1746708472836,283336606,0.07646132,-0.417338,0.0618515
1746708472853,283353273,0.16081087,-0.51071215,0.164711
1746708472870,283369940,0.30231422,-0.5186158,0.07376957
1746708472886,283386607,0.425391,-0.38743356,-0.13460255
1746708472903,283403274,0.13447188,-1.0565786,-0.29326534
1746708472920,283419941,0.18211389,-0.74635893,-0.29646206
1746708472936,283436608,0.05063552,-0.8279425,-0.23187256
1746708472953,283453275,0.083172746,-0.94117415,-0.09148216
1746708472970,283469942,0.3822617,-0.7446913,0.0028381348
1746708472986,283486609,0.63647795,-0.43043903,-0.2824602
1746708473003,283503276,0.6858274,-0.4223387,-0.406806
1746708473020,283519943,0.39326793,-0.73168015,-0.76052094
1746708473036,283536610,-0.1909992,-0.7901816,-0.3525133
1746708473053,283553277,-0.05836102,-0.15444812,-0.02946186
1746708473070,283569944,0.3765963,-0.07820383,-0.5227585
1746708473086,283586611,0.30034554,0.4926554,-0.28302383
1746708473103,283603278,0.16982223,0.61817604,-0.31895733
1746708473120,283619945,0.22290981,0.64528143,-0.7992544
1746708473136,283636612,0.7068897,-0.5644632,-1.0329876
1746708473153,283653279,0.38665125,0.06311514,-1.050334
1746708473170,283669946,-0.118253775,0.06036325,-1.2375231
1746708473186,283686613,-0.2739138,0.055034924,-1.2533941
1746708473203,283703280,-0.14663948,0.06519247,-1.2757454
1746708473220,283719947,-0.4020057,0.16153952,-1.2323694
1746708473236,283736614,-0.35201123,0.13406731,-1.3773527
1746708473253,283753281,-0.1768801,0.20550184,-1.1055346
1746708473270,283769948,-0.39098653,0.0939416,-0.94717026
1746708473286,283786615,-0.670958,-0.0033448713,-0.41844177
1746708473303,283803282,-0.2218755,0.17861994,-1.1270542
1746708473320,283819949,-0.18195139,1.260224,-0.65312195
1746708473336,283836616,-0.019914111,0.713127,-0.9063854
1746708473353,283853283,0.31118122,0.4506198,-0.80410576
1746708473370,283869950,-0.16875005,0.112338506,-0.77319145
1746708473386,283886617,-0.3368928,0.47576252,-1.2204132
1746708473403,283903284,0.12667082,0.66879857,-1.5360422
1746708473420,283919951,0.21800515,0.2580522,-1.0629282
1746708473436,283936618,-0.055841137,0.28716028,-0.26870155
1746708473453,283953285,-0.66613233,0.019824706,0.23907375
1746708473470,283969952,-0.5340169,0.10281082,0.54631424
1746708473486,283986619,-0.24213941,0.43198305,-0.14766693
1746708473503,284003286,-0.08670336,0.49157673,-0.36042023
1746708473520,284019953,-0.29101858,0.3786218,-0.22490883
1746708473536,284036620,-0.3617461,0.37720135,-0.03951454
1746708473553,284053287,-0.34350723,0.35645512,-0.3440752
1746708473570,284069954,0.52888405,-0.42820993,-2.3379078
1746708473586,284086621,-0.049344063,0.78557605,-0.982687
1746708473603,284103288,-0.33846968,0.12149136,0.2088089
1746708473620,284119955,0.09486918,-0.08595057,1.0379696
1746708473636,284136622,-0.119899504,-0.4383686,1.3331766
1746708473653,284153289,-0.1453156,-0.30380663,1.5424347
1746708473670,284169956,0.021735964,-0.06657334,1.125329
1746708473686,284186623,-0.34945512,0.34782013,1.1970539
1746708473703,284203290,-0.65048015,0.39306006,1.7877607
1746708473720,284219957,-0.29453108,0.32521448,1.9532576
1746708473736,284236624,0.03332757,0.40857542,1.920742
1746708473753,284253291,0.10346907,0.6228792,1.4259071
1746708473770,284269958,-0.0786285,0.86656284,1.6414242
1746708473786,284286625,-0.11337985,1.1209738,1.0004377
1746708473803,284303292,-0.013419494,1.2221447,0.34303284
1746708473820,284319959,-0.10739015,1.3569516,-0.29417896
1746708473836,284336626,-0.14296134,1.3253843,-0.5453081
1746708473853,284353293,0.0037555764,1.2375382,-0.9905577
1746708473870,284369960,0.4703182,2.277698,-1.1522007
1746708473886,284386627,0.33745918,0.9299992,0.0057878494
1746708473903,284403294,-0.18203789,-0.23752566,1.5839281
1746708473920,284419961,-2.4548993,-2.4993231,6.3604164
1746708473936,284436628,0.94906884,0.0073128967,1.1505194
1746708473953,284453295,-0.03331885,0.67633766,0.75245476
1746708473970,284469962,-0.1893604,0.5031252,1.0123062
1746708473986,284486629,-0.29570383,0.28818777,0.8509712
1746708474003,284503296,-0.25967467,0.4303818,0.45977592
1746708474020,284519963,-0.0279608,0.29006594,0.35719585
1746708474036,284536630,-0.23025322,0.05816321,0.0722723
1746708474053,284553297,-0.094276644,0.21778499,0.16866684
1746708474070,284569964,-0.071719274,0.13405167,0.34014225
1746708474086,284586631,0.004416616,0.10294448,0.47699833
1746708474103,284603298,0.012504991,0.48813173,0.49911594
1746708474120,284619965,0.053914342,0.6327542,0.73927784
1746708474136,284636632,-0.038971495,0.5455343,0.79600716
1746708474153,284653299,0.0890051,0.4090325,0.44892406
1746708474170,284669966,0.091934234,0.2599621,0.4917307
1746708474186,284686633,0.10572945,0.24254978,0.46792698
1746708474203,284703300,0.016030572,0.22441348,0.29258347
1746708474220,284719967,0.017784255,0.30746108,0.25386143
1746708474236,284736634,-0.03688824,0.29182813,0.2688799
1746708474253,284753301,-0.0013310197,0.17213827,0.2890377
1746708474270,284769968,0.00889291,0.09289377,0.38363647
1746708474286,284786635,0.012037961,0.0639142,0.41004086
1746708474303,284803302,-0.06251088,0.21701007,0.3015051
1746708474320,284819969,-0.027544731,0.22806434,0.26435184
1746708474336,284836636,-0.009440852,0.26509842,0.28454685
1746708474353,284853303,-0.014652057,0.22353107,0.2956028
1746708474370,284869970,-0.009200129,0.2326752,0.29623508
1746708474386,284886637,-0.028752036,0.22943136,0.30992126
1746708474403,284903304,-0.022665331,0.26615185,0.35736275
1746708474420,284919971,-0.005037982,0.2570198,0.36817265
1746708474436,284936638,-0.03080288,0.28470656,0.47019577
1746708474453,284953305,0.0124964975,0.17641364,0.39418793
1746708474470,284969972,-0.00588342,0.15111667,0.37084293
1746708474486,284986639,0.0037400422,0.12162055,0.3553753
1746708474503,285003306,-0.013552931,0.15254581,0.3590784
1746708474520,285019973,-0.02632625,0.17816262,0.3188715
1746708474536,285036640,-0.035108745,0.16299549,0.27162933
1746708474553,285053307,-0.043728746,0.14752637,0.21125412
1746708474570,285069974,-0.03763757,0.11756759,0.20660686
1746708474586,285086641,0.01238854,0.08047941,0.22380161
1746708474603,285103308,0.013888648,0.094379015,0.26039886
1746708474620,285119975,0.0039890357,0.07919265,0.23338318
1746708474636,285136642,0.01793915,0.07150358,0.22473717
1746708474653,285153309,0.026866592,0.0650492,0.19461441
1746708474670,285169976,0.023625767,0.02630211,0.18148708
1746708474686,285186643,0.013912341,0.041365765,0.20096397
1746708474703,285203310,-0.011921622,0.04292298,0.13219547
1746708474720,285219977,-0.0069297957,0.020502172,0.20746708
1746708474736,285236644,-0.011805731,0.002631418,0.21953583
1746708474753,285253311,-0.032516778,0.027165094,0.19460392
1746708474770,285269978,0.00058895664,0.044844076,0.32008553
1746708474786,285286645,-0.045942865,0.0652403,0.32131863
1746708474803,285303312,-0.07011691,0.13799511,0.30070114
1746708474820,285319979,-0.088094056,0.28463146,0.4832716
1746708474836,285336646,-0.058340233,0.27778235,0.49136734
1746708474853,285353313,0.014768618,0.3586024,0.48969936
1746708474870,285369980,-0.10886735,0.24711145,0.7235403
1746708474886,285386647,-0.06869224,0.39774713,0.7491989
1746708474903,285403314,-0.1208387,0.43904045,0.45161915
1746708474920,285419981,-0.12531365,0.29094392,0.98353195
1746708474936,285436648,-0.053251963,0.32138458,0.8875294
1746708474953,285453315,-0.046894584,0.46595365,0.7294979
1746708474970,285469982,0.0032256271,0.7774067,0.25390816
1746708474986,285486649,-0.1786852,0.8435164,0.48923397
1746708475003,285503316,-0.24703121,0.8693331,0.57195187
1746708475020,285519983,-0.20684046,0.84080994,0.5644264
1746708475036,285536650,-0.19738027,0.7081648,0.98790646
1746708475053,285553317,-0.34047347,0.18282756,1.5860853
1746708475070,285569984,-0.19227612,0.20486975,1.3478994
1746708475086,285586651,-0.053629924,0.4663303,1.0738716
1746708475103,285603318,-0.020180985,0.77263266,0.6753845
1746708475120,285619985,-0.1940041,0.94631475,0.28934383
1746708475136,285636652,-0.463723,0.92609596,0.38133335
1746708475153,285653319,-0.42664847,0.91291517,0.35734272
1746708475170,285669986,-0.2304376,0.96315914,0.38591957
1746708475186,285686653,-0.12537825,0.8972438,0.5284138
1746708475203,285703320,-0.09255023,0.7402463,0.7377777
1746708475220,285719987,-0.09877954,0.77026945,0.8857393
1746708475236,285736654,-0.102083504,1.0271066,0.93874454
1746708475253,285753321,-0.11900053,1.3377782,0.8437767
1746708475270,285769988,-0.19300231,1.167397,0.7620983
1746708475286,285786655,-0.078495964,0.7485742,0.6498871
1746708475303,285803322,-0.1367526,0.53801936,0.46771336
1746708475320,285819989,-0.2007305,0.48459843,0.13585567
1746708475336,285836656,-0.08970156,0.38727397,-0.18217087
1746708475353,285853323,0.05215474,-0.07388154,-0.101249695
1746708475370,285869990,0.0367234,-0.9108347,0.025963783
1746708475386,285886657,0.2298082,-0.7668345,-0.099864006
1746708475403,285903324,-0.119966336,0.0676462,-0.24520206
1746708475420,285919991,-0.23222907,0.32668498,0.05981922
1746708475436,285936658,0.05482281,0.45136988,0.29212952
1746708475453,285953325,-0.06740502,0.7799565,0.3418064
1746708475470,285969992,-0.03582354,-0.43753332,1.5486603
1746708475486,285986659,-0.70515877,-0.16851088,2.2095747
1746708475503,286003326,-0.09309941,0.46606362,1.2071905
1746708475520,286019993,-0.050357692,0.34759885,1.1781569
1746708475536,286036660,0.2860776,0.09407146,0.99777603
1746708475553,286053327,0.37655562,0.16101202,0.929636
1746708475570,286069994,0.28179887,0.14284132,0.9661102
1746708475586,286086661,0.20348194,0.10714138,0.7536926
1746708475603,286103328,0.26152244,0.029446267,0.6060438
1746708475620,286119995,0.3399214,-0.026823344,0.15797138
1746708475636,286136662,0.3555613,-0.064052776,-0.03591442
1746708475653,286153329,0.3544616,-0.22713432,-0.255908
1746708475670,286169996,0.21855365,-0.24108934,-0.43872547
1746708475686,286186663,-0.03721625,-0.13013037,-0.4214754
1746708475703,286203330,-0.28478277,0.010721916,-0.5673561
1746708475720,286219997,-0.27490997,0.15020652,-0.81935406
1746708475736,286236664,-0.18071,0.15187527,-1.1444731
1746708475753,286253331,-0.12471308,0.0005842629,-1.2993145
1746708475770,286269998,-0.3070279,-0.015187034,-1.1711626
1746708475786,286286665,-0.25600773,0.06294035,-1.1100321
1746708475803,286303332,-0.26494557,0.17733338,-0.83426666
1746708475820,286319999,-0.2968679,0.17912239,-0.7118101
1746708475836,286336666,-0.3285855,0.06878321,-0.8023262
1746708475853,286353333,-0.28336167,0.018318228,-0.7805443
1746708475870,286370000,-0.4314189,0.09643735,-0.87970066
1746708475886,286386667,-0.38848966,0.020521618,-0.76942444
1746708475903,286403334,-0.29192355,-0.004047596,-0.80558014
1746708475920,286420001,-0.17259872,-0.09275966,-0.9604082
1746708475936,286436668,-0.25474888,-0.2072345,-0.93559647
1746708475953,286453335,-0.012400499,-0.26026317,-0.9554882
1746708475970,286470002,-0.001016984,-0.35121283,-1.045681
1746708475986,286486669,0.046535622,-0.43760014,-0.7949581
1746708476003,286503336,-0.14957376,-0.49942404,-1.3017387
1746708476020,286520003,-0.18567578,-0.5050233,-1.2328033
1746708476036,286536670,-0.14346872,-0.6656153,-0.9262333
1746708476053,286553337,-0.04279938,-0.65225196,-0.5242834
1746708476070,286570004,-0.015703797,-0.66176265,-0.6839628
1746708476086,286586671,0.015141214,-0.43248996,-0.52866554
1746708476103,286603338,0.06700583,-0.40562618,-0.25680923
1746708476120,286620005,0.0038848787,-0.30575255,-0.36985397
1746708476136,286636672,-0.07441015,-0.33209935,-0.27944946
1746708476153,286653339,-0.12476784,-0.6706446,0.030950546
1746708476170,286670006,0.0049432125,-0.5685899,0.009103775
1746708476186,286686673,-0.048888095,-0.633889,0.058973312
1746708476203,286703340,0.08160145,-0.7319276,-0.11875343
1746708476220,286720007,0.16825564,-0.29893115,-0.059096336
1746708476236,286736674,0.15416627,-0.061428737,-0.0153131485
1746708476253,286753341,0.18010238,-0.24656229,-0.13224983
1746708476270,286770008,0.11528988,-0.42802417,-0.31044674
1746708476286,286786675,0.17305055,-0.3654779,-0.16012001
1746708476303,286803342,0.30044264,-0.27682707,0.05011463
1746708476320,286820009,0.46494362,-0.4463918,0.07692242
1746708476336,286836676,0.4118615,-0.4748859,0.11339474
1746708476353,286853343,0.24752696,-0.543417,0.15305328
1746708476370,286870010,-0.043867994,-0.46504328,0.12983418
1746708476386,286886677,-0.28229842,-0.48819855,0.1798563
1746708476403,286903344,-0.35187286,-0.41874012,0.25250912
1746708476420,286920011,-0.1812746,-0.2864607,0.21502781
1746708476436,286936678,0.04181592,-0.017849075,0.054712296
1746708476453,286953345,0.3713745,0.16571161,-0.0052318573
1746708476470,286970012,0.64108413,0.18526766,0.020149231
1746708476486,286986679,0.7473109,0.19530606,0.22683525
1746708476503,287003346,0.6654857,0.29740143,0.27448177
1746708476520,287020013,0.46916062,0.024205336,0.6269789
1746708476536,287036680,0.22455229,-0.1738533,0.45503616
1746708476553,287053347,0.05244061,-0.3105583,0.2801237
1746708476570,287070014,0.030847246,-0.2727835,0.099886894
1746708476586,287086681,-0.09434515,-0.16053796,0.06746769
1746708476603,287103348,-0.15230665,-0.11075849,0.19911861
1746708476620,287120015,-0.22093049,-0.07695685,0.2509117
1746708476636,287136682,-0.23639557,-0.0693212,0.25600243
1746708476653,287153349,-0.070500456,0.023752274,0.3945303
1746708476670,287170016,0.17878868,0.0028730356,0.5089445
1746708476686,287186683,0.2833704,0.0742253,0.3848381
1746708476703,287203350,0.24413963,0.09072972,0.31962776
1746708476720,287220017,0.14224185,0.08293985,0.06288624
1746708476736,287236684,0.0033357074,0.054835998,-0.08203983
1746708476753,287253351,-0.042710084,-0.032474868,-0.13438988
1746708476770,287270018,-0.023191927,-0.054314543,0.13008118
1746708476786,287286685,-0.032962013,-0.06746448,0.254673
1746708476803,287303352,-0.004272003,0.016817115,0.32593632
1746708476820,287320019,0.0821561,0.1854239,0.435668
1746708476836,287336686,-0.1409571,0.18452649,0.111577034
1746708476853,287353353,-0.13388415,0.25797486,0.22521687
1746708476870,287370020,-0.26724538,0.22435425,-0.010474205
1746708476886,287386687,-0.14794457,0.19205865,0.038711548
1746708476903,287403354,-0.1560677,0.12454477,0.16751194
1746708476920,287420021,-0.057562187,0.19618514,0.13370323
1746708476936,287436688,-0.08101652,0.2179819,0.19487762
1746708476953,287453355,-0.11083639,0.16030975,0.24276733
1746708476970,287470022,-0.017329853,0.22498703,0.21054745
1746708476986,287486689,0.032290358,0.20613058,0.09409237
1746708477003,287503356,0.057840906,0.12911293,0.093421936
1746708477020,287520023,-0.020107895,0.14475034,0.09422207
1746708477036,287536690,-0.03498436,0.09044452,0.14275265
1746708477053,287553357,0.05398598,0.059419356,0.14524555
1746708477070,287570024,-0.049078528,0.034243524,0.20209026
1746708477086,287586691,-0.039393377,0.029985605,0.2170496
1746708477103,287603358,-0.020124994,0.03229293,0.23341465
1746708477120,287620025,0.03443921,-0.03159065,0.13706875
1746708477136,287636692,0.002826545,-0.07228096,0.18412209
1746708477153,287653359,0.060226794,-0.15440856,0.1119585
1746708477170,287670026,0.09278704,-0.20749177,0.07770252
1746708477186,287686693,0.121237226,-0.19845581,0.081643105
1746708477203,287703360,0.13077664,-0.15310504,0.12428856
1746708477220,287720027,0.16196834,-0.02561436,0.3700714
1746708477236,287736694,0.07607956,0.09843756,0.6415739
1746708477253,287753361,-0.08491793,0.1952788,0.7195082
1746708477270,287770028,-0.10568363,0.21515626,0.601717
1746708477286,287786695,-0.08063129,0.24016288,0.35929203
1746708477303,287803362,-0.110889025,0.26787895,0.0108213425
1746708477320,287820029,-0.14828072,0.2551463,-0.055056572
1746708477336,287836696,-0.24751042,0.18280901,0.021897316
1746708477353,287853363,-0.186983,0.0975234,0.003148079
1746708477370,287870030,-0.11399485,0.07558962,-0.04655075
1746708477386,287886697,-0.10706282,0.10695318,-0.026340485
1746708477403,287903364,-0.1163148,0.19581904,0.012545586
1746708477420,287920031,-0.11189774,0.21945865,0.06378555
1746708477436,287936698,-0.12049103,0.20586146,0.113482475
1746708477453,287953365,-0.13880189,0.18409242,0.11605835
1746708477470,287970032,-0.17660955,0.2118943,0.05361271
1746708477486,287986699,-0.17972934,0.19959462,0.02715969
1746708477503,288003366,-0.13182247,0.14977893,0.039177895
1746708477520,288020033,-0.0841219,0.16099593,0.11156368
1746708477536,288036700,-0.027882794,0.19882707,0.15899181
1746708477553,288053367,-0.044045687,0.2145796,0.20232296
1746708477570,288070034,-0.08103004,0.18768853,0.20952702
1746708477586,288086701,-0.09570166,0.13458274,0.18188095
1746708477603,288103368,-0.08206323,0.072689764,0.18668461
1746708477620,288120035,-0.03847485,0.024474893,0.21000767
1746708477636,288136702,-0.0040027816,0.0034208659,0.20684147
1746708477653,288153369,0.0406541,-0.03567915,0.10754967
1746708477670,288170036,-0.018724127,-0.00039941765,0.067337036
1746708477686,288186703,-0.05184964,0.02469371,0.122021675
1746708477703,288203370,-0.1015359,0.008230194,0.18252373
1746708477720,288220037,-0.10225461,-0.017615503,0.17881584
1746708477736,288236704,-0.078739256,-0.0187923,0.16199207
1746708477753,288253371,-0.03689886,0.0055981055,0.16110992
1746708477770,288270038,-0.02963547,0.01815551,0.13857937
1746708477786,288286705,-0.02898773,0.057247926,0.1637392
1746708477803,288303372,-0.045378607,0.039710652,0.20024109
1746708477820,288320039,-0.05223017,0.02305402,0.17976093
1746708477836,288336706,-0.064279534,0.02974488,0.17351437
1746708477853,288353373,-0.014715088,0.013230849,0.19983387
1746708477870,288370040,-0.020679865,-0.023720983,0.21465588
1746708477886,288386707,-0.037690766,-0.02622701,0.2295866
1746708477903,288403374,-0.056722336,-0.026331615,0.22991562
1746708477920,288420041,-0.06637508,-0.0028504608,0.15834141
1746708477936,288436708,-0.037345327,-0.037370473,0.11303902
1746708477953,288453375,-0.0010488345,-0.09802384,0.09374046
1746708477970,288470042,0.04494946,-0.15078296,0.08688927
1746708477986,288486709,0.068900436,-0.12700565,0.09669018
1746708478003,288503376,0.062769815,-0.13497925,0.14611721
1746708478020,288520043,0.038814254,-0.20087199,0.22159863
1746708478036,288536710,0.01715082,-0.25585887,0.29216194
1746708478053,288553377,0.06015628,-0.25619435,0.28453732
1746708478070,288570044,0.09938772,-0.26076406,0.24306965
1746708478086,288586711,0.13679026,-0.26125467,0.19585514
1746708478103,288603378,0.1363343,-0.283901,0.14244747
1746708478120,288620045,0.09948841,-0.22258292,0.11176491
1746708478136,288636712,0.09178716,-0.24514097,0.17530823
1746708478153,288653379,0.1813488,-0.42661604,0.18930435
1746708478170,288670046,0.19348265,-0.42129487,0.2794342
1746708478186,288686713,0.16110367,-0.31205067,0.25067806
1746708478203,288703380,0.13584581,-0.25829312,0.006075859
1746708478220,288720047,0.24301825,-0.32222342,-0.12091255
1746708478236,288736714,0.3269057,-0.46823975,-0.18768215
1746708478253,288753381,0.33062908,-0.7126353,-0.07733154
1746708478270,288770048,0.37157464,-0.792952,0.05246353
1746708478286,288786715,0.24539442,-0.7314455,0.22778988
1746708478303,288803382,0.15463811,-0.7091474,0.3680439
1746708478320,288820049,-0.025673145,-0.6655693,0.504694
1746708478336,288836716,-0.02391924,-0.53328156,0.70391846
1746708478353,288853383,-0.18946433,-0.45118392,0.8268652
1746708478370,288870050,-0.30282408,-0.3573655,0.8624401
1746708478386,288886717,-0.53310275,-0.3609446,0.90464306
1746708478403,288903384,-0.4491895,0.07687169,1.1653385
1746708478420,288920051,0.14589675,-0.061914206,0.19237423
1746708478436,288936718,0.40586668,-0.29616696,-0.20456028
1746708478453,288953385,0.62552726,0.012027679,-0.7436838
1746708478470,288970052,0.5313253,-0.27313933,-1.0623178
1746708478486,288986719,0.53618413,-0.41445068,-1.1582937
1746708478503,289003386,0.5648704,-0.29594323,-1.2861109
1746708478520,289020053,0.38439032,-0.38020515,-1.7277441
1746708478536,289036720,0.37602243,-0.4921409,-1.401434
1746708478553,289053387,0.24770398,-0.09062757,-0.63536453
1746708478570,289070054,0.16089803,-0.109567836,-0.7976942
1746708478586,289086721,-0.18843663,-0.002578222,-1.0253305
1746708478603,289103388,-0.51785135,0.52987415,-0.98859787
1746708478620,289120055,-0.43503287,0.81928337,-1.4344473
1746708478636,289136722,-0.33006728,0.4423404,-1.3861008
1746708478653,289153389,-0.22328945,-0.3459232,-1.272768
1746708478670,289170056,-0.06002731,-0.70277077,-1.1891651
1746708478686,289186723,0.18681437,-0.48368314,-1.0414839
1746708478703,289203390,0.2929868,-0.075872146,-0.28724957
1746708478720,289220057,0.12787266,-0.5006793,0.05096531
1746708478736,289236724,-0.19659463,-0.9210455,-0.060378075
1746708478753,289253391,-0.6080668,-0.4518122,-0.46871662
1746708478770,289270058,-1.1541157,0.5322042,-0.31896687
1746708478786,289286725,-1.130908,0.42654943,-0.50533867
1746708478803,289303392,-0.41129825,0.13985474,-0.4651718
1746708478820,289320059,-0.23034194,-0.33563286,-0.84507847
1746708478836,289336726,-0.65896964,-0.07300469,-1.0614414
1746708478853,289353393,-0.91881776,0.35567772,-1.1683245
1746708478870,289370060,-0.7734514,-0.018056493,-1.27841
1746708478886,289386727,-0.3330817,-0.040842745,-1.2517042
1746708478903,289403394,0.09841789,0.3821247,-1.4591131
1746708478920,289420061,0.2369529,0.2661628,-1.8455567
1746708478936,289436728,-0.05804419,0.14847049,-1.8373237
1746708478953,289453395,-0.29875055,0.23319376,-1.6033592
1746708478970,289470062,-0.402172,0.35115695,-0.788435
1746708478986,289486729,-0.23567407,0.4188425,-0.2905817
1746708479003,289503396,0.2455292,0.71843636,-0.09168625
1746708479020,289520063,0.5668767,0.4471153,-0.13440323
1746708479036,289536730,0.13628434,0.30528337,0.07090378
1746708479053,289553397,0.29657933,-0.3291434,-0.77224064
1746708479070,289570064,-0.20736034,0.4570726,0.5417938
1746708479086,289586731,0.3304912,0.31518725,0.44787693
1746708479103,289603398,0.8741668,0.46086562,0.8081131
1746708479120,289620065,0.6829103,-0.06287308,1.4892225
1746708479136,289636732,0.13951634,-0.5307592,1.8644886
1746708479153,289653399,-0.4677657,-0.45031735,1.7083492
1746708479170,289670066,-0.42598307,-0.0072842874,1.3872719
1746708479186,289686733,-0.47139552,-0.006180133,1.2996874
1746708479203,289703400,-0.18670797,0.28132346,1.2736855
1746708479220,289720067,-0.23430707,-0.16123018,1.4419699
1746708479236,289736734,-0.18257499,0.544632,1.0483551
1746708479253,289753401,0.04916816,0.80604964,0.60211945
1746708479270,289770068,0.11348535,1.2706703,0.08787155
1746708479286,289786735,0.14954247,1.8842256,-0.23481655
1746708479303,289803402,-0.03493273,1.8019583,-0.45632362
1746708479320,289820069,-0.26446834,1.5633821,-0.22531319
1746708479336,289836736,-0.21371818,1.3658541,0.0908699
1746708479353,289853403,-0.0059827715,1.0543481,0.5785408
1746708479370,289870070,0.05456443,0.64586437,1.1907358
1746708479386,289886737,-0.1783249,0.07358851,2.0314045
1746708479403,289903404,-0.16499972,-0.7659221,2.229353
1746708479420,289920071,0.24843845,-0.6344804,1.505703
1746708479436,289936738,0.31381667,-0.11101978,0.91397
1746708479453,289953405,-0.14000896,0.4779561,0.66763496
1746708479470,289970072,-0.39567336,0.7762053,0.7107754
1746708479486,289986739,-0.4702652,0.6192954,0.8070135
1746708479503,290003406,-0.44013658,0.65242517,0.8831606
1746708479520,290020073,-0.3119841,0.6818097,0.85334873
1746708479536,290036740,-0.07026644,0.58586186,0.7408161
1746708479553,290053407,-0.10398001,0.73595864,0.5285578
1746708479570,290070074,-0.14222956,0.7991109,0.69001293
1746708479586,290086741,-0.23453528,0.69251555,0.778347
1746708479603,290103408,-0.3753641,0.092275314,0.81882286
1746708479620,290120075,-0.095093586,0.112807214,1.2348175
1746708479636,290136742,-0.011754323,0.17073037,0.74658966
1746708479653,290153409,-0.06716631,0.18521647,1.0700016
1746708479670,290170076,-0.16550754,0.13433553,0.9791069
1746708479686,290186743,-0.202797,0.2927917,0.695138
1746708479703,290203410,-0.14119749,0.3735315,0.47781372
1746708479720,290220077,-0.09493512,0.28536168,0.45140362
1746708479736,290236744,-0.04503831,0.08123556,0.46836948
1746708479753,290253411,-0.032340985,0.003665389,0.45663643
1746708479770,290270078,-0.042895935,0.07648457,0.43530846
1746708479786,290286745,-0.090752855,0.14343944,0.45493507
1746708479803,290303412,-0.09749825,0.19984874,0.4475336
1746708479820,290320079,-0.053359136,0.172474,0.378376
1746708479836,290336746,-0.028144415,0.14398503,0.42786407
1746708479853,290353413,0.11429894,0.1481102,0.41500473
1746708479870,290370080,-0.1564385,0.15534218,0.6146679
1746708479886,290386747,-0.30690876,0.032071203,0.6632223
1746708479903,290403414,0.022635268,0.10954146,0.50357246
1746708479920,290420081,0.06791944,0.08665083,0.4356985
1746708479936,290436748,-0.07193183,0.09424602,0.4656458
1746708479953,290453415,-0.058923155,0.15339738,0.5508833
1746708479970,290470082,-0.09736157,0.11964045,0.49631786
1746708479986,290486749,-0.08514547,0.1719018,0.5434189
1746708480003,290503416,-0.10412016,0.0905708,0.6288023
1746708480020,290520083,-0.17568387,0.0729334,0.7016268
1746708480036,290536750,-0.22773378,0.17731863,0.76217556
1746708480053,290553417,-0.17923974,0.32991004,0.7811947
1746708480070,290570084,-0.13256553,0.37401047,0.8015232
1746708480086,290586751,-0.15366404,0.3451742,0.8910856
1746708480103,290603418,-0.14342044,0.6060782,0.894969
1746708480120,290620085,-0.11798936,0.79659724,0.8414154
1746708480136,290636752,-0.23944116,0.9581844,0.673831
1746708480153,290653419,-0.33426565,1.2213743,0.5647087
1746708480170,290670086,-0.2375983,1.2522664,0.5317173
1746708480186,290686753,-0.22489986,1.0141171,0.61122227
1746708480203,290703420,-0.24404553,0.93855685,0.7324972
1746708480220,290720087,-0.23130238,1.0434637,0.8458309
1746708480236,290736754,-0.25553632,0.8002262,0.8362179
1746708480253,290753421,-0.38242954,0.71371466,0.66542053
1746708480270,290770088,-0.36929885,0.77808344,0.622756
1746708480286,290786755,-0.28001076,0.662129,0.494565
1746708480303,290803422,0.0062011434,0.5432165,0.5386143
1746708480320,290820089,-0.03546033,0.6405577,0.50352
1746708480336,290836756,-0.17469728,0.43534938,0.5270052
1746708480353,290853423,-0.112375386,0.5009513,0.38004398
1746708480370,290870090,-0.043774787,0.52654624,0.44264317
1746708480386,290886757,0.26290062,0.7238977,0.36673927
1746708480403,290903424,0.5171663,0.67571205,0.49710178
1746708480420,290920091,0.30184844,0.1276449,0.6383667
1746708480436,290936758,0.20893723,-0.07866382,0.36701584
1746708480453,290953425,-0.016215641,-0.37220764,0.07139778
1746708480470,290970092,-0.077884875,-0.6507562,-0.07477474
1746708480486,290986759,0.3767843,-0.02366935,0.003926277
1746708480503,291003426,0.28622645,0.38781285,0.003522873
1746708480520,291020093,0.15003799,0.19825174,0.41246986
1746708480536,291036760,-0.024464834,0.40023547,0.42992973
1746708480553,291053427,-0.16755672,0.35198015,0.5476866
1746708480570,291070094,-0.21957287,-0.00011466214,0.7233858
1746708480586,291086761,-0.32651934,0.10649253,0.7158499
1746708480603,291103428,-0.34031704,0.52969843,0.5661249
1746708480620,291120095,-0.100597814,0.7445208,0.4395914
1746708480636,291136762,-0.051286835,0.7128322,0.5949125
1746708480653,291153429,-0.1978644,0.17531395,0.58591366
1746708480670,291170096,-0.27884293,-2.7190015,2.457343
1746708480686,291186763,-0.49035814,1.1198918,2.0953197
1746708480703,291203430,0.07326174,0.39463603,0.25297737
1746708480720,291220097,0.34850284,0.16509382,-0.81425
1746708480736,291236764,0.3915539,0.14082411,-0.6930704
1746708480753,291253431,0.21207513,0.056147348,-0.6729202
1746708480770,291270098,0.020156175,-0.0858549,-0.5898657
1746708480786,291286765,-0.01342687,-0.06666497,-0.77527714
1746708480803,291303432,-0.05560846,0.13620523,-0.8106594
1746708480820,291320099,-0.18901888,0.15380642,-0.801445
1746708480836,291336766,-0.45349303,0.061404373,-0.7392731
1746708480853,291353433,-0.49507582,0.056612033,-0.69282246
1746708480870,291370100,-0.4151724,0.22903484,-0.5987482
1746708480886,291386767,-0.3305276,0.18374375,-0.7301769
1746708480903,291403434,-0.23552074,0.03834119,-0.8101568
1746708480920,291420101,-0.350493,0.1194527,-0.9969921
1746708480936,291436768,-0.39395276,0.22311845,-1.0642643
1746708480953,291453435,-0.3679694,-0.007377045,-0.96159935
1746708480970,291470102,-0.3348223,-0.060889177,-1.0398827
1746708480986,291486769,-0.30694342,-0.13946225,-1.2010317
1746708481003,291503436,-0.17981975,-0.32858795,-1.4417534
1746708481020,291520103,0.07576005,-0.41359195,-1.4508219
1746708481036,291536770,0.1328151,-0.4147777,-1.561307
1746708481053,291553437,0.16946271,-0.5104455,-1.5448866
1746708481070,291570104,0.075627506,-0.64119273,-1.6651001
1746708481086,291586771,0.2335469,-0.60785735,-1.3586864
1746708481103,291603438,0.25914127,-0.7034384,-1.1154222
1746708481120,291620105,0.28295198,-1.0612261,-0.975193
1746708481136,291636772,0.3886555,-1.1544325,-0.7915697
1746708481153,291653439,0.44677624,-0.94524145,-0.74345875
1746708481170,291670106,0.48805687,-0.82107955,-0.40673637
1746708481186,291686773,0.50243944,-0.8642544,0.042054176
1746708481203,291703440,0.46256766,-0.8355453,0.31846523
1746708481220,291720107,0.40540132,-0.6452745,0.5624237
1746708481236,291736774,0.32036915,-0.5907899,0.6013651
1746708481253,291753441,0.31340295,-0.49880448,0.45574474
1746708481270,291770108,0.15146512,-0.38542685,0.29727077
1746708481286,291786775,0.08390006,-0.3836526,0.15881443
1746708481303,291803442,0.16330728,-0.39168388,0.13434982
1746708481320,291820109,0.037813697,0.015794767,0.12432861
1746708481336,291836776,0.037021123,-0.08599013,0.20233154
1746708481353,291853443,0.0697043,-0.3749785,0.27663326
1746708481370,291870110,0.120032266,-0.3574095,0.25421524
1746708481386,291886777,0.21127518,-0.39579228,0.10742664
1746708481403,291903444,0.2201882,-0.36887997,0.07148647
1746708481420,291920111,0.19461809,-0.42081478,-0.03294754
1746708481436,291936778,0.098148115,-0.47543263,-0.077038765
1746708481453,291953445,0.05589567,-0.61101717,-0.096113205
1746708481470,291970112,0.08672482,-0.5165152,-0.11913204
1746708481486,291986779,0.18592545,-0.34096992,-0.11528587
1746708481503,292003446,0.18220776,-0.16830303,0.01676941
1746708481520,292020113,0.047955487,-0.0388584,-0.03373909
1746708481536,292036780,-0.124894455,0.12771396,0.06409168
1746708481553,292053447,-0.16517295,0.16098453,0.2277193
1746708481570,292070114,-0.13060142,0.14924742,0.2693987
1746708481586,292086781,0.10547744,0.10949386,0.24912357
1746708481603,292103448,0.31408364,-0.020229487,0.24735832
1746708481620,292120115,0.40124208,-0.16376236,0.35663795
1746708481636,292136782,0.29920393,-0.18002516,0.2587452
1746708481653,292153449,0.07088736,-0.112550616,0.12591839
1746708481670,292170116,0.049203806,-0.18151554,0.2470684
1746708481686,292186783,0.12728034,-0.32711077,0.19432163
1746708481703,292203450,0.19258803,-0.3143171,0.23312664
1746708481720,292220117,0.18331158,-0.19971597,0.19182491
1746708481736,292236784,0.057649914,-0.114366665,0.19094276
1746708481753,292253451,0.008064906,-0.043464776,0.18590355
1746708481770,292270118,-0.08641435,-0.10854348,0.27943516
1746708481786,292286785,-0.109169535,-0.27360803,0.40288734
1746708481803,292303452,-0.08348857,-0.31574714,0.344162
1746708481820,292320119,0.038146734,-0.1392841,0.32933617
1746708481836,292336786,0.1384408,0.0010451466,0.31291485
1746708481853,292353453,0.16805972,0.116317704,0.1756239
1746708481870,292370120,0.17760776,0.10838702,0.027775764
1746708481886,292386787,0.1681631,0.047425874,-0.009401321
1746708481903,292403454,0.11689158,-0.055505197,0.06218052
1746708481920,292420121,0.006161358,-0.18089597,0.21404076
1746708481936,292436788,-0.012415921,-0.23400219,0.24825287
1746708481953,292453455,0.066709004,-0.21123159,0.19591999
1746708481970,292470122,0.1166199,-0.17631239,0.13263226
1746708481986,292486789,0.12833309,-0.30292735,0.034371376
1746708482003,292503456,0.15072697,-0.36681873,0.020690918
1746708482020,292520123,0.2584867,-0.32269728,-0.030414581
1746708482036,292536790,0.45124236,-0.38434684,0.07371807
1746708482053,292553457,0.3733945,-0.65058565,0.078100204
1746708482070,292570124,0.3342339,-0.73929435,0.05675602
1746708482086,292586791,0.2238395,-0.78379244,0.19048023
1746708482103,292603458,0.3408065,-0.8607059,0.49325848
1746708482120,292620125,0.3525548,-0.58882636,0.84837437
1746708482136,292636792,0.28863278,-0.22392668,1.2713709
1746708482153,292653459,0.32306674,-0.20722713,1.3423119
1746708482170,292670126,0.18943863,-0.28305233,0.78006935
1746708482186,292686793,0.10312061,-0.35646114,0.29091644
1746708482203,292703460,0.18783224,-0.3497969,-0.16940403
1746708482220,292720127,-0.13288717,-0.4142008,-0.31211662
1746708482236,292736794,-0.06669783,-0.42906553,-0.18685055
1746708482253,292753461,0.20847501,-0.48644376,-0.2327919
1746708482270,292770128,0.22198726,-0.3892393,-0.48925114
1746708482286,292786795,0.07439003,-0.24653926,-0.859046
1746708482303,292803462,0.0643524,-0.050989565,-0.90142727
1746708482320,292820129,0.20471954,-0.18214786,-0.59102917
1746708482336,292836796,0.15037103,-0.37669376,-0.45678902
1746708482353,292853463,0.29926965,-0.09500619,-0.34373665
1746708482370,292870130,0.18762717,0.27398822,-0.35696793
1746708482386,292886797,0.05437735,0.5837182,0.6596651
1746708482403,292903464,0.022840006,0.772343,-0.56127644
1746708482420,292920131,0.011084454,-0.32080212,-0.16842747
1746708482436,292936798,0.12465966,0.106510855,0.06313038
1746708482453,292953465,-0.16928938,0.467016,-0.34919262
1746708482470,292970132,-0.3783567,0.09752541,-0.7400589
1746708482486,292986799,-0.5247941,-0.18874238,-0.7062712
1746708482503,293003466,-0.19140041,-0.23441927,-1.0258169
1746708482520,293020133,0.07840611,-0.2885843,-1.0330601
1746708482536,293036800,-0.07805542,-0.41141784,-1.1763763
1746708482553,293053467,-0.01564233,-0.18867667,-1.2573719
1746708482570,293070134,0.050725594,-0.09436717,-1.1145725
1746708482586,293086801,0.07400626,-0.24153502,-1.2755022
1746708482603,293103468,0.07105589,-0.21611802,-1.3351068
1746708482620,293120135,-0.027848374,-0.06633484,-1.4736795
1746708482636,293136802,-0.4875781,-0.07056125,-1.5970049
1746708482653,293153469,-0.79628456,0.13306174,-1.2459803
1746708482670,293170136,-0.7640513,-0.048727166,-1.0376663
1746708482686,293186803,-0.43467122,-0.0095589785,-0.526741
1746708482703,293203470,0.20879596,0.5828954,-0.5112486
1746708482720,293220137,-0.20753022,0.47792456,-0.028098106
1746708482736,293236804,-0.71487087,-0.114437066,-0.46339798
1746708482753,293253471,-0.5806518,-0.39001402,-0.7331257
1746708482770,293270138,-0.16671005,-0.20358744,-0.9370575
1746708482786,293286805,0.04367041,0.13035409,-0.5320835
1746708482803,293303472,0.11958346,0.16758285,-0.47391605
1746708482820,293320139,-0.21255523,-0.22102883,-0.18410873
1746708482836,293336806,-0.10271873,-0.37421814,-0.7441244
1746708482853,293353473,-0.107649654,0.039328445,-0.56486607
1746708482870,293370140,-0.2079855,0.5470502,-0.31959915
1746708482886,293386807,-0.529375,0.42116904,-0.5460024
1746708482903,293403474,-0.861087,0.07746713,-0.26494122
1746708482920,293420141,-0.63602066,-0.35163146,-0.2225647
1746708482936,293436808,-0.3720192,-0.12071488,0.053444862
1746708482953,293453475,0.12655012,0.027126873,-0.325325
1746708482970,293470142,-0.07102616,0.07114909,0.17338753
1746708482986,293486809,-0.14730331,-0.2986464,0.3664646
1746708483003,293503476,0.020944059,-0.1299073,0.29732037
1746708483020,293520143,0.2817647,0.13815537,0.14953709
1746708483036,293536810,0.55479,0.0849119,0.51892185
1746708483053,293553477,0.46614656,0.38533768,0.84204006
1746708483070,293570144,0.5255183,0.104093336,1.0689106
1746708483086,293586811,0.26958814,0.12744172,1.1331339
1746708483103,293603478,0.199123,0.20478615,0.9786577
1746708483120,293620145,0.37170896,0.13306598,0.9496021
1746708483136,293636812,0.4729058,0.21440905,1.0178576
1746708483153,293653479,0.41608188,0.612301,0.95106125
1746708483170,293670146,0.2786802,0.96645504,0.62193394
1746708483186,293686813,0.1857596,1.1525409,0.3748064
1746708483203,293703480,0.006578657,1.4540229,0.19496727
1746708483220,293720147,-0.16305628,1.6534604,0.16943932
1746708483236,293736814,-0.2751172,1.4150187,0.208107
1746708483253,293753481,-0.22017255,1.2237631,0.4868412
1746708483270,293770148,1.3200227,0.9473437,-2.1702104
1746708483286,293786815,1.082065,1.6749533,-0.7468233
1746708483303,293803482,-0.11285192,0.2694328,1.6239786
1746708483320,293820149,-1.0362577,-0.005026806,2.8067484
1746708483336,293836816,-2.059555,-1.4800228,3.8063736
1746708483353,293853483,-0.7452371,-1.7688695,3.3395996
1746708483370,293870150,-0.09202151,0.52644163,0.6511164
1746708483386,293886817,-0.23616435,0.5288254,0.912961
1746708483403,293903484,-0.26844543,0.5186384,0.72698593
1746708483420,293920151,-0.20729095,0.34367597,0.67455864
1746708483436,293936818,-0.07819634,0.20511717,0.82690525
1746708483453,293953485,0.110257156,0.2541416,0.68992805
1746708483470,293970152,0.04382843,0.45463562,0.6932564
1746708483486,293986819,0.060840897,0.3470012,0.695591
1746708483503,294003486,-0.01593625,0.40935996,0.32551003
1746708483520,294020153,0.014896804,0.3793938,0.2911415
1746708483536,294036820,-0.17522846,0.4891876,0.842309
1746708483553,294053487,-0.030064281,0.0072661825,0.8973837
1746708483570,294070154,0.024842795,0.035907134,0.672966
1746708483586,294086821,-0.005373028,0.202952,0.501009
1746708483603,294103488,-0.0518141,0.3743214,0.42768574
1746708483620,294120155,-0.1281886,0.28033197,0.4443636
1746708483636,294136822,-0.07699675,0.13037801,0.51992416
1746708483653,294153489,-0.039102584,0.06741106,0.4590416
1746708483670,294170156,-0.08226283,0.050411113,0.4723673
1746708483686,294186823,-0.049978055,0.1309739,0.5347223
1746708483703,294203490,-0.035735138,0.16051717,0.5299387
1746708483720,294220157,-0.0132148685,0.14901921,0.5181637
1746708483736,294236824,-0.03186736,0.16881174,0.45732212
1746708483753,294253491,-0.075710654,0.21655858,0.37442875
1746708483770,294270158,-0.08489581,0.25189173,0.3846941
1746708483786,294286825,-0.08643324,0.1878595,0.4058962
1746708483803,294303492,-0.05711907,0.17966284,0.47358704
1746708483820,294320159,-0.025895875,0.096663766,0.5000868
1746708483836,294336826,-0.026470527,0.09308577,0.34667397
1746708483853,294353493,0.012019632,0.11585347,0.39462852
1746708483870,294370160,-0.027854072,0.14150761,0.343318
1746708483886,294386827,0.0013163795,0.1139174,0.47989655
1746708483903,294403494,0.0010644804,0.09197737,0.44228172
1746708483920,294420161,-0.08360569,0.097881466,0.2172327
1746708483936,294436828,-0.17646796,0.029410953,0.39536572
1746708483953,294453495,-0.088462405,-0.14222978,0.9076166
1746708483970,294470162,0.0054631038,-0.14184937,0.30473614
1746708483986,294486829,0.05644194,-0.034320638,0.5446615
1746708484003,294503496,-0.09112411,0.1863414,0.4151659
1746708484020,294520163,-0.25891316,0.13747433,0.53354263
1746708484036,294536830,-0.15738285,0.24732983,0.71113586
1746708484053,294553497,-0.128106,0.012661115,0.57341003
1746708484070,294570164,0.0677099,0.029500805,0.6352787
1746708484086,294586831,0.101752035,0.018949652,0.62397385
1746708484103,294603498,0.013898483,0.16164903,0.4648466
1746708484120,294620165,-0.07781112,0.36765534,0.5596132
1746708484136,294636832,-0.3274845,0.3344496,0.5001364
1746708484153,294653499,-0.2676541,0.3827579,0.5740137
1746708484170,294670166,-0.12970434,0.34550902,0.4900036
1746708484186,294686833,0.04754411,0.5835505,0.73321915
1746708484203,294703500,-0.033253588,0.6902,0.7390995
1746708484220,294720167,-0.12224549,0.52242154,0.8089056
1746708484236,294736834,-0.22783414,0.58014846,0.6807766
1746708484253,294753501,-0.47539955,1.1230811,0.50281906
1746708484270,294770168,-0.48451194,1.5316292,0.45441055
1746708484286,294786835,-0.0195623,1.3748336,0.6060257
1746708484303,294803502,-0.088198885,0.85768,0.76148415
1746708484320,294820169,-0.072438315,0.46332583,1.0366192
1746708484336,294836836,-0.41123322,0.99200505,1.3814697
1746708484353,294853503,-0.47623414,1.048103,1.2110395
1746708484370,294870170,-0.07863901,0.78366995,1.2682667
1746708484386,294886837,0.15643515,0.6922887,1.0243855
1746708484403,294903504,0.21758561,0.15663184,0.8036127
1746708484420,294920171,-0.0667251,0.35405794,0.5355835
1746708484436,294936838,-0.069083385,0.22958289,0.086743355
1746708484453,294953505,0.42708543,0.040135104,-0.037898064
1746708484470,294970172,0.6902489,-0.19607025,-0.073643684
1746708484486,294986839,0.27570033,-0.6325441,0.056030273
1746708484503,295003506,0.19206,-0.5580108,-0.18653297
1746708484520,295020173,-0.14593138,0.2774026,-0.37244892
1746708484536,295036840,-0.019944508,-0.0013243143,0.22929192
1746708484553,295053507,0.015357575,0.61204976,0.41066837
1746708484570,295070174,-0.09219507,0.59549195,0.11295223
1746708484586,295086841,-0.028066969,0.6918593,0.05663395
1746708484603,295103508,-0.13397925,0.5553117,0.077651024
1746708484620,295120175,-0.35705367,0.42530268,0.32417107
1746708484636,295136842,-0.5679842,0.20792337,0.71497154
1746708484653,295153509,-0.09970019,0.6076378,0.8211212
1746708484670,295170176,-0.18153119,0.6321512,0.6320753
1746708484686,295186843,-0.3063576,0.08525321,1.2158003
1746708484703,295203510,-0.65103644,-2.7003908,4.9296284
1746708484720,295220177,-0.6801763,1.061771,2.1138287
1746708484736,295236844,0.15654266,-0.15599059,-0.9694643
1746708484753,295253511,0.3130223,-0.3006399,-1.1723604
1746708484770,295270178,0.32450974,-0.18928261,-1.2064333
1746708484786,295286845,0.2052667,-0.06875706,-1.2090445
1746708484803,295303512,0.105630435,0.18274397,-1.1056213
1746708484820,295320179,0.1501617,0.15509363,-1.2413149
1746708484836,295336846,-0.009669171,0.062751934,-1.4117804
1746708484853,295353513,-0.1568786,0.026421467,-1.3874607
1746708484870,295370180,-0.2161672,-0.15374249,-1.465682
1746708484886,295386847,-0.12351728,0.056509662,-1.2521887
1746708484903,295403514,-0.27503872,0.11253072,-0.9442148
1746708484920,295420181,-0.40188232,0.005394709,-0.97859573
1746708484936,295436848,-0.46368244,0.01263474,-1.0959816
1746708484953,295453515,-0.31221554,0.13624343,-0.7545366
1746708484970,295470182,-0.24791901,0.25466484,-0.6041889
1746708484986,295486849,-0.20844372,0.13456352,-0.52072716
1746708485003,295503516,0.13182425,-0.034750678,-0.566699
1746708485020,295520183,0.27475038,-0.19225042,-0.47565746
1746708485036,295536850,-0.4111894,-0.57600117,-1.1343966
1746708485053,295553517,-0.2793465,-0.417372,-1.3635235
1746708485070,295570184,-0.20094396,-0.40789595,-1.5869017
1746708485086,295586851,0.17436245,-0.61848783,-1.0384998
1746708485103,295603518,0.0829004,-0.39648068,-0.92807674
1746708485120,295620185,0.047786176,-0.43074858,-1.1751976
1746708485136,295636852,0.14115022,-0.6244223,-0.5448446
1746708485153,295653519,0.052161664,-0.52345306,-0.7886429
1746708485170,295670186,-0.056415677,-0.26517287,-0.5889673
1746708485186,295686853,0.12980828,-0.3381503,-0.20130634
1746708485203,295703520,0.10690748,-0.46844828,-0.22994614
1746708485220,295720187,-0.06194382,-0.4043461,-0.082570076
1746708485236,295736854,-0.06290794,-0.35426804,0.0749073
1746708485253,295753521,-0.06973425,-0.54682064,-0.12287235
1746708485270,295770188,-0.12969004,-0.7721049,0.056630135
1746708485286,295786855,0.093656175,-0.55325603,0.19538021
1746708485303,295803522,0.21001981,-0.43554717,0.118190765
1746708485320,295820189,0.3534083,-0.4493728,0.09633255
1746708485336,295836856,0.5581019,-0.31768993,-0.06010151
1746708485353,295853523,0.6508676,-0.29310238,0.0025987625
1746708485370,295870190,0.52993816,-0.40910625,0.20928001
1746708485386,295886857,0.39792916,-0.41183737,0.1576662
1746708485403,295903524,0.19927074,-0.24479005,0.11877918
1746708485420,295920191,0.096226126,-0.37181938,-0.09860706
1746708485436,295936858,-0.052752856,-0.43686077,-0.2699108
1746708485453,295953525,-0.3366219,-0.33010873,-0.20273113
1746708485470,295970192,-0.43623382,-0.54086,0.093286514
1746708485486,295986859,-0.28165045,-0.56961447,0.3774271
1746708485503,296003526,0.1313227,-0.643087,0.37736988
1746708485520,296020193,0.5437782,-0.4505447,0.114522934
1746708485536,296036860,0.81467164,-0.19128217,0.023715973
1746708485553,296053527,0.6842857,0.059721097,-0.5182543
1746708485570,296070194,0.7091836,-0.010337474,-0.08688164
1746708485586,296086861,0.46096787,-0.2424749,0.2577839
1746708485603,296103528,0.29570708,-0.2222501,0.35585213
1746708485620,296120195,0.53864574,-0.21969,0.45302677
1746708485636,296136862,0.59227014,-0.3014193,0.5472059
1746708485653,296153529,0.33875042,-0.24775137,0.36735725
1746708485670,296170196,0.12668905,-0.19978414,0.17984104
1746708485686,296186863,-0.04720303,-0.3113815,0.20631409
1746708485703,296203530,-0.082965665,-0.49896383,0.3351307
1746708485720,296220197,0.049185365,-0.4494812,0.4291296
1746708485736,296236864,0.34787622,-0.33484587,0.43920422
1746708485753,296253531,0.40755865,-0.30969465,0.38899803
1746708485770,296270198,0.32003748,-0.20927027,0.25745678
1746708485786,296286865,0.16784571,-0.16556655,0.0691061
1746708485803,296303532,0.027103294,-0.2136395,-0.053422928
1746708485820,296320199,0.037895393,-0.30568907,-0.0046110153
1746708485836,296336866,0.15864189,-0.2940371,0.25630856
1746708485853,296353533,0.13950215,-0.22110774,0.32144928
1746708485870,296370200,0.17070332,-0.25672364,0.41829872
1746708485886,296386867,0.003317603,-0.25665346,0.38193607
1746708485903,296403534,-0.11587147,-0.1651117,0.18341827
1746708485920,296420201,-0.1335281,-0.081564344,0.029471397
1746708485936,296436868,-0.11766728,0.0470725,-0.062312126
1746708485953,296453535,-0.10812707,0.07674317,0.059275627
1746708485970,296470202,-0.116856374,0.020763235,0.17296886
1746708485986,296486869,-0.12764937,0.015099194,0.26706314
1746708486003,296503536,-0.23204042,0.0042865314,0.2831316
1746708486020,296520203,-0.110498995,0.117013946,0.1298933
1746708486036,296536870,-0.15443058,0.17586982,0.0692997
1746708486053,296553537,-0.052761015,0.1887178,0.024289131
1746708486070,296570204,-0.06758361,0.08259497,0.114421844
1746708486086,296586871,-0.10680589,-0.019343706,0.21045303
1746708486103,296603538,-0.04734563,-0.16576816,0.36287212
1746708486120,296620205,0.012255886,-0.03630409,0.16010284
1746708486136,296636872,0.10864473,0.05770501,0.23152637
1746708486153,296653539,0.11272228,0.049532037,0.06386185
1746708486170,296670206,0.000276262,0.020097615,0.2040329
1746708486186,296686873,-0.045915373,-0.019703561,0.1866293
1746708486203,296703540,-0.07938655,-0.03581661,0.19282532
1746708486220,296720207,-0.01745368,-0.086449,0.19708824
1746708486236,296736874,0.040450703,-0.096063636,0.1750946
1746708486253,296753541,0.05475766,-0.11481123,0.20256042
1746708486270,296770208,0.052213855,-0.08702835,0.1733284
1746708486286,296786875,0.006427115,-0.09434616,0.21669674
1746708486303,296803542,0.014185026,-0.104230575,0.2726555
1746708486320,296820209,0.021512004,-0.155215,0.22414875
1746708486336,296836876,0.019419476,-0.13322245,0.1666069
1746708486353,296853543,0.058689136,-0.13507313,0.13617897
1746708486370,296870210,0.114018425,-0.1502899,0.10297966
1746708486386,296886877,0.090187475,-0.19907606,0.23629284
1746708486403,296903544,0.1118527,-0.28565493,0.16105938
1746708486420,296920211,0.09560331,-0.29530823,0.17371464
1746708486436,296936878,0.06019293,-0.20164713,0.26201248
1746708486453,296953545,-0.0881002,-0.050042987,0.7468376
1746708486470,296970212,-0.016404957,0.15410906,0.8658695
1746708486486,296986879,-0.18376218,0.21290414,0.77019596
1746708486503,297003546,-0.34698063,0.21554069,0.316288
1746708486520,297020213,-0.2678547,0.21372265,-0.08908844
1746708486536,297036880,-0.16542496,0.19990753,-0.29598045
1746708486553,297053547,-0.1773762,0.18961677,-0.23630047
1746708486570,297070214,-0.18194222,0.060374647,-0.13114071
1746708486586,297086881,-0.12713942,0.063305125,-0.12386513
1746708486603,297103548,-0.1249871,0.061559938,-0.05191517
1746708486620,297120215,-0.079719245,0.10083318,0.029224396
1746708486636,297136882,-0.08826269,0.13375664,0.089297295
1746708486653,297153549,-0.08037213,0.15524651,0.15037155
1746708486670,297170216,-0.069120266,0.13463058,0.1881609
1746708486686,297186883,-0.070259064,0.12848084,0.16579914
1746708486703,297203550,-0.06731674,0.116404876,0.12735939
1746708486720,297220217,-0.05496284,0.12422962,0.0850153
1746708486737,297236884,-0.012417933,0.099305466,0.08966255
1746708486753,297253551,0.046962194,0.086812876,0.14256287
1746708486770,297270218,0.09921684,0.05937376,0.15238094
1746708486787,297286885,0.098944716,0.08502746,0.18729496
1746708486803,297303552,0.06944849,0.04329759,0.21260929
1746708486820,297320219,0.034224305,-0.04444801,0.30182457
1746708486837,297336886,0.07467758,-0.13640772,0.28573322
1746708486853,297353553,0.090237655,-0.16625966,0.21405697
1746708486870,297370220,0.1303123,-0.14412384,0.1458683
1746708486887,297386887,0.12667842,-0.10025539,0.13700294
1746708486903,297403554,0.101909615,-0.11360985,0.137043
1746708486920,297420221,0.10331875,-0.124298014,0.13193321
1746708486937,297436888,0.09093099,-0.1298047,0.16960812
1746708486953,297453555,0.14552203,-0.061507635,0.1871624
1746708486970,297470222,0.1152701,-0.055493575,0.307518
1746708486987,297486889,0.06677271,-0.04580496,0.27976227
1746708487003,297503556,0.015247495,-0.056544755,0.21186161
1746708487020,297520223,0.030011978,-0.038574982,0.19755554
1746708487037,297536890,0.037895393,-0.03374822,0.26082516
1746708487053,297553557,0.032227326,-0.043182928,0.25281334
1746708487070,297570224,0.032874174,-0.06368934,0.14785767
1746708487087,297586891,0.020524971,-0.06510262,0.10432148
1746708487103,297603558,0.027759861,-0.08093985,0.101017
1746708487120,297620225,0.032171115,-0.052598633,0.16111374
1746708487137,297636892,0.019934561,-0.053572927,0.15405941
1746708487153,297653559,0.050837018,-0.087654404,0.17734623
1746708487170,297670226,0.10251243,-0.1717268,0.1770382
1746708487187,297686893,0.077795364,-0.22184175,0.19293499
1746708487203,297703560,0.08565474,-0.26799896,0.19491768
1746708487220,297720227,0.14822832,-0.28693208,0.21357155
1746708487237,297736894,0.21362329,-0.36885092,0.14083004
1746708487253,297753561,0.29508683,-0.4795249,0.11383057
1746708487270,297770228,0.32983193,-0.6114418,0.078219414
1746708487287,297786895,0.38779217,-0.70466036,0.061429024
1746708487303,297803562,0.44119647,-0.7801333,0.1204443
1746708487320,297820229,0.41876045,-0.8463546,0.10836792
1746708487337,297836896,0.3356036,-0.8012973,0.26043797
1746708487353,297853563,0.34757024,-0.75059944,0.39642334
1746708487370,297870230,0.32658908,-0.9264223,0.34208107
1746708487387,297886897,0.27923495,-0.9857652,0.37942123
1746708487403,297903564,0.3372815,-0.68147737,0.40589428
1746708487420,297920231,0.48428062,-0.31218547,0.43669224
1746708487437,297936898,0.5444837,0.09118815,0.31737995
1746708487453,297953565,-0.07038333,-1.5882207,0.18490124
1746708487470,297970232,-0.19733892,-0.8424762,0.3140707
1746708487487,297986899,0.11703708,-0.3583934,-0.30817604
1746708487503,298003566,0.10209423,-0.3376344,-0.49341297
1746708487520,298020233,0.09222502,-0.5388171,-0.85014534
1746708487537,298036900,0.1706802,-0.4413489,-0.5328846
1746708487553,298053567,0.22821914,-0.19783534,-0.45784187
1746708487570,298070234,0.3211463,0.10777079,-0.76475716
1746708487587,298086901,0.5248636,0.036123045,-1.3637714
1746708487603,298103568,0.5739786,0.1791092,-1.1727762
1746708487620,298120235,0.71109575,-0.093837224,-0.8356581
1746708487637,298136902,0.4496769,-0.22173916,-0.65409946
1746708487653,298153569,0.13184693,-0.38114703,-0.6421766
1746708487670,298170236,0.21630108,-0.6504361,-0.7779665
1746708487687,298186903,0.32289085,-0.13873628,-1.2248116
1746708487703,298203570,-0.119241476,0.24886782,-1.5746717
1746708487720,298220237,-0.22310638,0.112180255,-1.9106026
1746708487737,298236904,-0.101442024,-0.54669523,-0.99927807
1746708487753,298253571,-0.07322642,-0.85527545,-0.43932152
1746708487770,298270238,-0.27182573,-0.6296932,-0.25205708
1746708487787,298286905,-0.7760459,-0.010332334,-0.2066021
1746708487803,298303572,-0.45801315,0.36593607,-0.47239113
1746708487820,298320239,-0.20059371,-0.23651358,-1.148799
1746708487837,298336906,-0.21482813,-0.2875047,-0.89955044
1746708487853,298353573,-0.6444824,0.2347637,-1.18752
1746708487870,298370240,-0.93323,0.68648183,-1.6243439
1746708487887,298386907,-0.3733186,0.664405,-2.1522079
1746708487903,298403574,-0.068398766,0.50452596,-1.849925
1746708487920,298420241,-0.2509069,0.20395468,-1.1472044
1746708487937,298436908,-0.6106414,-0.15835938,-1.0245657
1746708487953,298453575,-0.7284457,0.083898045,-1.2018757
1746708487970,298470242,-0.22579099,0.094929755,-1.4518108
1746708487987,298486909,0.041907784,0.47350505,-0.89275837
1746708488003,298503576,-0.09348072,0.3551753,-0.3476982
1746708488020,298520243,-0.33361387,0.09411192,-0.24456882
1746708488037,298536910,-0.38293067,-0.05809504,-0.2925148
1746708488053,298553577,-0.07106058,-0.19058503,-0.46489143
1746708488070,298570244,-0.027358657,0.45616937,0.07687473
1746708488087,298586911,-0.1561533,0.37759385,0.18755913
1746708488103,298603578,-0.21508518,0.34540397,0.6468468
1746708488120,298620245,-0.44878808,-0.17373349,0.7344732
1746708488137,298636912,-0.5872758,-0.3452475,0.8845844
1746708488153,298653579,-0.74015063,-0.34599313,0.8630743
1746708488170,298670246,-0.4616754,-0.39255625,0.4484377
1746708488187,298686913,-0.16886963,-0.5085045,0.2578392
1746708488203,298703580,0.42611784,0.13382034,0.70849895
1746708488220,298720247,0.3263904,-0.24136405,0.91077614
1746708488237,298736914,0.45168346,-0.13579753,0.9966421
1746708488253,298753581,0.22425637,0.5805738,1.2162647
1746708488270,298770248,0.20920813,0.7759469,0.9880724
1746708488287,298786915,0.28115493,0.77669275,0.853137
1746708488303,298803582,0.26346278,0.96964324,1.315506
1746708488320,298820249,-0.08333502,1.1693664,1.201334
1746708488337,298836916,-0.0034528282,1.0319169,0.5052147
1746708488353,298853583,0.30209485,1.6001047,-0.07575798
1746708488370,298870250,0.31911626,1.8833175,-0.3831997
1746708488387,298886917,0.002405223,2.026046,-0.20494843
1746708488403,298903584,-0.3759717,1.750893,0.25850677
1746708488420,298920251,-0.68154216,1.227646,0.86915016
1746708488437,298936918,-1.1926061,-1.2252212,3.193469
1746708488453,298953585,0.32291946,-3.8284118,5.8856134
1746708488470,298970252,0.10030367,-0.42527497,1.7334766
1746708488487,298986919,0.14081137,1.4926775,0.5740433
1746708488503,299003586,-0.30484217,0.4237144,0.4366083
1746708488520,299020253,-0.6355196,0.4062178,0.54788876
1746708488537,299036920,-0.32380065,0.24272323,0.81928444
1746708488553,299053587,-0.047604684,0.55910647,0.41734886
1746708488570,299070254,0.08783925,0.15348187,0.46414566
1746708488587,299086921,0.06981483,-0.09873215,0.84220505
1746708488603,299103588,0.12382305,0.07518641,0.88490677
1746708488620,299120255,0.1893661,0.47986668,0.7769575
1746708488637,299136922,0.13470992,0.57860553,0.94741344
1746708488653,299153589,-0.33509958,0.6108978,0.44292927
1746708488670,299170256,0.019252848,0.14329639,0.6198244
1746708488687,299186923,-0.017503858,0.48905417,0.3765545
1746708488703,299203590,-0.21724275,0.015947202,0.30599594
1746708488720,299220257,-0.04922001,0.00093942496,0.66699314
1746708488737,299236924,0.19895,0.046540093,0.8842354
1746708488753,299253591,-0.15881936,0.11739459,0.22851276
1746708488770,299270258,-0.19489346,0.1948092,0.14125156
1746708488787,299286925,-0.006244393,0.03584455,0.36139584
1746708488803,299303592,-0.060072236,-0.008339268,0.32811737
1746708488820,299320259,-0.077858835,-0.10265883,0.33154583
1746708488837,299336926,-0.043033395,-0.11425468,0.30046463
1746708488853,299353593,-0.0245282,-0.11579983,0.25967693
1746708488870,299370260,-0.01384931,-0.09344809,0.3196926
1746708488887,299386927,0.032962237,-0.04286263,0.3041258
1746708488903,299403594,0.019521734,0.017607009,0.34850025
1746708488920,299420261,0.00034935074,0.0055764248,0.31892395
1746708488937,299436928,0.000101363126,0.02044786,0.35022736
1746708488953,299453595,-0.0055402154,0.008195102,0.32669067
1746708488970,299470262,0.0027678728,-0.01766423,0.31055164
1746708488987,299486929,0.026386822,-0.038013965,0.3119917
1746708489003,299503596,0.027839098,-0.055653386,0.2959833
1746708489020,299520263,0.024345143,-0.027309706,0.28569984
1746708489037,299536930,-0.021908851,0.0057371305,0.29832172
1746708489053,299553597,-0.01460199,0.021769492,0.32615757
1746708489070,299570264,-0.023286361,0.080314465,0.36073208
1746708489087,299586931,-0.01789724,0.09987542,0.34831142
1746708489103,299603598,-0.046616532,0.113274574,0.28433132
1746708489120,299620265,-0.02395746,-0.0064988625,0.26977444
1746708489137,299636932,0.018312305,-0.06359011,0.30990887
1746708489153,299653599,0.013541421,-0.09795366,0.3458233
1746708489170,299670266,0.02081308,0.0007038423,0.3214817
1746708489187,299686933,-0.023678068,0.03767445,0.32619572
1746708489203,299703600,-0.023104645,0.12911002,0.32316017
1746708489220,299720267,-0.04814391,0.097662196,0.298851
1746708489237,299736934,-0.09230683,0.11266081,0.32815266
1746708489253,299753601,-0.12669384,0.025221873,0.34782028
1746708489270,299770268,-0.07038959,0.05337981,0.30478573
1746708489287,299786935,-0.041301172,0.098637834,0.3257122
1746708489303,299803602,-0.043752998,0.026840106,0.2787485
1746708489320,299820269,-0.05469284,-0.06238381,0.35042572
1746708489337,299836936,-0.006792894,-0.10145633,0.3530941
1746708489353,299853603,-0.00927657,-0.10841585,0.16661453
1746708489370,299870270,0.0075820065,0.009379274,0.19833279
1746708489387,299886937,-0.023498923,-0.12451884,0.1642704
1746708489403,299903604,0.015358805,-0.10554684,0.45226383
1746708489420,299920271,-0.033570528,-0.16559851,0.29631424
1746708489437,299936938,-0.015425411,-0.01675766,0.044407845
1746708489453,299953605,0.030575342,-0.08607528,0.7055826
1746708489470,299970272,-0.024333855,-0.127452,0.87541294
1746708489487,299986939,0.0036386792,0.014278678,0.30754852
1746708489503,300003606,0.06747968,0.30485022,0.42971802
1746708489520,300020273,-0.13459928,0.3613288,0.43380165
1746708489537,300036940,-0.108666524,0.4239853,0.40431023
1746708489553,300053607,-0.11532486,0.3104955,0.53242207
1746708489570,300070274,-0.16486919,0.19218472,0.65040874
1746708489587,300086941,-0.104347914,0.29833996,0.67942333
1746708489603,300103608,-0.30182117,0.2266504,0.52844715
1746708489620,300120275,-0.36406863,0.29232633,0.6414051
1746708489637,300136942,-0.2864466,0.33449584,0.6734266
1746708489653,300153609,-0.044249754,0.42649177,0.2222662
1746708489670,300170276,-0.15275545,0.37627825,0.4982128
1746708489687,300186943,-0.18306136,0.33764628,0.2425766
1746708489703,300203610,-0.26435548,0.18599787,0.3060894
1746708489720,300220277,-0.035946134,0.61327285,0.124941826
1746708489737,300236944,-0.30400556,0.50578815,0.7002182
1746708489753,300253611,-0.41491717,0.5398287,1.2977724
1746708489770,300270278,-0.123458944,0.51670694,0.97462654
1746708489787,300286945,0.021384602,0.6952708,1.1957912
1746708489803,300303612,-0.10933427,0.71644396,1.2627506
1746708489820,300320279,-0.6300582,0.8054602,1.2472868
1746708489837,300336946,-0.8285406,1.0150839,0.99191856
1746708489853,300353613,-0.7049981,0.66228765,0.65196323
1746708489870,300370280,-0.3674631,0.9484229,0.6520319
1746708489887,300386947,0.10568073,1.2377515,0.9373045
1746708489903,300403614,0.2884855,1.0125333,1.0103416
1746708489920,300420281,-0.26155308,0.36970696,0.6368332
1746708489937,300436948,-0.52613944,-0.085662454,0.300025
1746708489953,300453615,-0.19864602,-0.018497933,-0.051146507
1746708489970,300470282,0.4500896,-0.08378405,0.08673477
1746708489987,300486949,1.2154958,-0.6692968,0.4126501
1746708490003,300503616,1.046801,-1.0302155,0.40942478
1746708490020,300520283,0.5788418,-0.3668442,0.566308
1746708490037,300536950,-0.25696233,0.25275114,0.64276886
1746708490053,300553617,-0.40477616,0.39379138,0.7357969
1746708490070,300570284,-0.15983948,0.84421515,0.53109837
1746708490087,300586951,-0.07102549,0.6992317,0.47222042
1746708490103,300603618,0.12699805,0.684989,0.4303255
1746708490120,300620285,-0.05454655,0.53151804,0.4153719
1746708490137,300636952,-0.16052477,0.5503754,0.58030796
1746708490153,300653619,-0.057427183,-0.77782756,1.8083429
1746708490170,300670286,-0.3814302,-1.2048832,4.151205
1746708490187,300686953,-0.18195541,0.7868463,1.6436272
1746708490203,300703620,-0.11718561,0.2468363,0.6229181
1746708490220,300720287,0.16034015,-0.0047742366,-0.40497684
1746708490237,300736954,0.019952666,0.062346034,-0.68390465
1746708490253,300753621,0.060730707,-0.17726053,-0.84530926
1746708490270,300770288,-0.03365524,-0.18852893,-0.88035107
1746708490287,300786955,-0.1877016,-0.05827698,-0.9728203
1746708490303,300803622,-0.21969524,0.10934209,-0.90536976
1746708490320,300820289,-0.07449083,-0.006870788,-1.0907135
1746708490337,300836956,-0.123802595,-0.08586474,-1.3962326
1746708490353,300853623,-0.13339253,-0.12565988,-1.584197
1746708490370,300870290,-0.23901962,-0.0038544808,-1.2085667
1746708490387,300886957,-0.35019553,0.14164798,-1.004199
1746708490403,300903624,-0.30510524,0.07894097,-0.96954346
1746708490420,300920291,-0.26863542,-0.03051153,-1.1905804
1746708490437,300936958,-0.33569747,0.0010639217,-1.208396
1746708490453,300953625,-0.016207036,0.061196953,-0.8790169
1746708490470,300970292,-0.18328978,-0.033118363,-0.96970177
1746708490487,300986959,-0.27221856,-0.09242551,-0.78813744
1746708490503,301003626,-0.09961235,-0.022320228,-0.8941021
1746708490520,301020293,0.13112767,-0.18167603,-0.67511463
1746708490537,301036960,-0.060924158,-0.3510148,-1.2043467
1746708490553,301053627,0.072275035,-0.20387466,-1.0200233
1746708490570,301070294,-0.08478785,-0.35184067,-0.7961407
1746708490587,301086961,0.0006487463,-0.38061777,-0.5568619
1746708490603,301103628,0.008832003,-0.33537716,-1.042881
1746708490620,301120295,0.04135079,-0.5503271,-0.98889065
1746708490637,301136962,-0.033771466,-0.39771873,-1.0755749
1746708490653,301153629,0.009698227,-0.38538194,-0.683301
1746708490670,301170296,0.15478976,-0.33955127,-0.50913525
1746708490687,301186963,0.016261239,-0.44269937,-0.18633461
1746708490703,301203630,-0.0034731678,-0.48037806,-0.08050823
1746708490720,301220297,0.035697255,-0.2563108,-0.036082268
1746708490737,301236964,-0.08938763,-0.40416148,-0.20877266
1746708490753,301253631,-0.007686834,-0.24624333,-0.25585842
1746708490770,301270298,0.035094664,-0.5289376,-0.3660202
1746708490787,301286965,0.15218103,-0.21248929,-0.2706709
1746708490803,301303632,0.22200783,-0.6458756,-0.22912884
1746708490820,301320299,0.21955398,-0.03586869,0.014415741
1746708490837,301336966,0.32987818,-0.22275257,0.25966167
1746708490853,301353633,0.43179607,-0.36003467,0.08550072
1746708490870,301370300,0.2858399,-0.48553228,0.046590805
1746708490887,301386967,0.058347832,-0.6669189,0.033597946
1746708490903,301403634,0.16282125,-0.6399963,0.026053429
1746708490920,301420301,0.1721128,-0.61675984,0.15239716
1746708490937,301436968,0.037041124,-0.72552526,0.059109688
1746708490953,301453635,0.030788127,-0.7822933,0.110816
1746708490970,301470302,-0.07459242,-0.75436693,0.025211334
1746708490987,301486969,-0.024778534,-0.57808274,-0.09146404
1746708491003,301503636,0.17647298,-0.27419564,-0.09251881
1746708491020,301520303,0.4390674,-0.15686005,-0.0371418
1746708491037,301536970,0.5228453,-0.07810392,0.059696198
1746708491053,301553637,0.41086856,0.09361192,0.25619507
1746708491070,301570304,0.4074344,-0.0018743797,0.25837135
1746708491087,301586971,0.17308877,-0.24447086,0.4728117
1746708491103,301603638,-0.07139395,-0.44304827,0.5011301
1746708491120,301620305,-0.23959951,-0.5144741,0.6744814
1746708491137,301636972,-0.12453102,-0.44478387,0.53723717
1746708491153,301653639,0.015882496,-0.34956867,0.44132423
1746708491170,301670306,0.19571398,-0.28549892,0.15499687
1746708491187,301686973,0.16003203,-0.16721071,-0.059753418
1746708491203,301703640,0.112204395,-0.21314418,-0.12729454
1746708491220,301720307,0.16559327,-0.24912217,-0.013062477
1746708491237,301736974,0.24223417,-0.307316,0.10678959
1746708491253,301753641,0.2955239,-0.26806176,0.17237663
1746708491270,301770308,0.23296756,-0.2305411,0.1286602
1746708491287,301786975,0.09914565,-0.1537796,0.120529175
1746708491303,301803642,0.023411417,-0.14217123,0.0682745
1746708491320,301820309,-0.14244649,-0.15446265,0.28289223
1746708491337,301836976,-0.17877963,-0.1598967,0.3418436
1746708491353,301853643,-0.14407042,-0.13170122,0.32313347
1746708491370,301870310,-0.013138091,-0.04679646,0.27120018
1746708491387,301886977,0.060488977,0.0065703867,0.22305012
1746708491403,301903644,0.14034468,0.036493853,0.17263222
1746708491420,301920311,0.023062402,-0.044326194,0.09678936
1746708491437,301936978,-0.062942475,-0.15338911,0.20756054
1746708491453,301953645,-0.09190115,-0.08052546,0.029366493
1746708491470,301970312,-0.043390233,-0.061310273,0.14061356
1746708491487,301986979,-0.15899527,-0.09085914,0.15634155
1746708491503,302003646,-0.013648148,0.00070294825,-0.032920837
