timestamp_ms,timestamp_μs,freeAcceleration_m/s²_x,freeAcceleration_m/s²_y,freeAcceleration_m/s²_z
1746708388926,199427346,0.04650947,-0.049323946,0.37825298
1746708388943,199444013,0.04023155,-0.082570046,0.3000641
1746708388959,199460680,0.031788796,-0.056000948,0.41482067
1746708388976,199477347,0.1403573,0.047952134,0.45745182
1746708388993,199494014,-0.06506138,-0.023432763,0.10505581
1746708389009,199510681,-0.01223007,0.108820185,0.30985546
1746708389026,199527348,-0.082686715,-0.09702496,0.54820824
1746708389043,199544015,0.016111372,-0.17777628,0.76801395
1746708389059,199560682,-0.07979949,-0.28617504,0.94445896
1746708389076,199577349,0.073831804,0.17534837,0.69771576
1746708389093,199594016,0.07232119,0.44985402,0.7641344
1746708389109,199610683,0.018449765,0.56684196,0.5003996
1746708389126,199627350,0.03737036,0.7963713,0.59361076
1746708389143,199644017,0.04129279,0.7045398,0.92900276
1746708389159,199660684,0.107863106,0.6258964,0.8719435
1746708389176,199677351,0.12988594,0.73634297,0.6425724
1746708389193,199694018,0.15465006,0.9956977,0.9498739
1746708389209,199710685,-0.024893867,0.96997356,0.63758755
1746708389226,199727352,-0.30819598,0.6654924,1.2586718
1746708389243,199744019,-0.18821512,0.51572573,0.8607197
1746708389259,199760686,-0.00092992565,0.9030015,0.9892683
1746708389276,199777353,0.11274653,1.3162448,1.0404329
1746708389293,199794020,-0.058325704,1.4788495,1.6294804
1746708389309,199810687,-0.36922866,1.8564163,1.8557644
1746708389326,199827354,-0.520328,1.6028973,1.6637878
1746708389343,199844021,-0.017581642,1.8419546,2.1135664
1746708389359,199860688,0.050314777,1.5000236,2.4042587
1746708389376,199877355,-0.25671446,-0.7907026,2.31604
1746708389393,199894022,0.23914345,-1.8728812,2.347311
1746708389409,199910689,0.5595057,-0.5197653,0.5709715
1746708389426,199927356,0.5046145,-1.1767579,-0.121136665
1746708389443,199944023,0.3189789,-1.6915461,-0.432086
1746708389459,199960690,0.19850364,-1.9354957,-0.520833
1746708389476,199977357,0.14515938,-1.1809798,0.57709026
1746708389493,199994024,0.40957722,-0.5063172,1.4261417
1746708389509,200010691,0.108303875,-0.007184377,1.6789331
1746708389526,200027358,-0.31828803,-0.13236259,1.8621883
1746708389543,200044025,-0.48693794,-0.29526597,1.8156776
1746708389559,200060692,-0.736574,-0.23832583,1.790021
1746708389576,200077359,-0.92348826,-0.14307734,2.0005436
1746708389593,200094026,-0.87918866,-0.012330987,2.0053787
1746708389609,200110693,-0.731821,-0.19173634,1.2855558
1746708389626,200127360,-0.41797906,-0.48090243,0.63878727
1746708389643,200144027,-0.13696428,-0.39685842,0.36254787
1746708389659,200160694,0.026402915,-0.7382492,0.08366108
1746708389676,200177361,0.19128552,-0.456738,-0.069849014
1746708389693,200194028,0.26580226,-0.34379825,-0.39559078
1746708389709,200210695,0.43290013,-0.3259371,-0.6055441
1746708389726,200227362,0.47727168,-0.30918613,-0.7250204
1746708389743,200244029,0.43118623,-0.45788038,-1.1406145
1746708389759,200260696,0.36897105,-0.38155773,-1.4911966
1746708389776,200277363,0.35559794,-0.37388968,-1.5780125
1746708389793,200294030,0.2599174,-0.33675882,-1.6734352
1746708389809,200310697,0.1949937,-0.2792649,-1.7104864
1746708389826,200327364,0.013642561,-0.2816802,-1.8793092
1746708389843,200344031,-0.12664177,-0.44568393,-1.750371
1746708389859,200360698,-0.2606199,-0.2993137,-2.184988
1746708389876,200377365,-0.3252623,-0.21994859,-2.0126014
1746708389893,200394032,-0.33387348,-0.18100147,-1.6284361
1746708389909,200410699,-0.1787984,-0.25547767,-1.5611286
1746708389926,200427366,-0.18265568,-0.4319721,-1.5118942
1746708389943,200444033,-0.101478904,-0.52713305,-1.6993742
1746708389959,200460700,-0.23487043,-0.71839345,-1.8157196
1746708389976,200477367,-0.27291065,-0.820214,-1.7439442
1746708389993,200494034,-0.45350042,-0.8455314,-1.6948032
1746708390009,200510701,-0.39316767,-0.7989801,-1.6570454
1746708390026,200527368,-0.45273778,-0.744671,-1.4089155
1746708390043,200544035,-0.48406827,-0.7454443,-0.9890232
1746708390059,200560702,-0.61846596,-0.9702324,-0.55613136
1746708390076,200577369,-0.70511967,-1.102694,-0.30310535
1746708390093,200594036,-0.70853406,-0.97751087,-0.1364069
1746708390109,200610703,-0.4961554,-0.85591066,-0.086390495
1746708390126,200627370,-0.45814413,-0.8208366,-0.27296734
1746708390143,200644037,-0.13242361,-0.9187856,0.013382912
1746708390159,200660704,-0.0007054069,-1.2048919,0.17673111
1746708390176,200677371,0.5901582,-1.3993993,-0.08344555
1746708390193,200694038,0.88050807,-1.26267,-0.33265972
1746708390209,200710705,1.0753576,-0.98702615,-0.47061253
1746708390226,200727372,0.8643779,-0.76985765,-0.26758957
1746708390243,200744039,0.40104035,-0.82483435,0.07183552
1746708390259,200760706,-0.07258092,-0.82743716,0.38961887
1746708390276,200777373,-0.5418638,-0.88390744,0.34698486
1746708390293,200794040,-0.8470728,-0.85477144,0.11185074
1746708390309,200810707,-1.0450078,-0.75285846,-0.06115532
1746708390326,200827374,-0.8620526,-0.79935026,-0.08465099
1746708390343,200844041,-0.4628115,-0.90936404,-0.010856628
1746708390359,200860708,0.029574787,-0.9315624,0.023324966
1746708390376,200877375,0.35777518,-0.97396886,0.103518486
1746708390393,200894042,0.7118298,-0.8644502,0.18951035
1746708390409,200910709,0.8081236,-0.71635836,0.4168234
1746708390426,200927376,0.7824413,-0.733477,0.44251442
1746708390443,200944043,0.6997871,-0.908501,0.3519783
1746708390459,200960710,0.34883398,-1.0549247,0.13352108
1746708390476,200977377,-0.04731769,-1.0809755,-0.064546585
1746708390493,200994044,-0.30438083,-0.965792,0.07317829
1746708390509,201010711,-0.48024797,-0.984374,0.27734375
1746708390526,201027378,-0.38170224,-1.2049358,0.26180077
1746708390543,201044045,-0.05359036,-1.3476373,0.20114422
1746708390559,201060712,0.27256042,-1.3479091,0.04765129
1746708390576,201077379,0.4254292,-1.2612412,-0.19961357
1746708390593,201094046,0.45713517,-1.3272177,-0.46893215
1746708390609,201110713,0.29810727,-1.5357391,-0.55258083
1746708390626,201127380,0.14541082,-1.7923491,-0.32349205
1746708390643,201144047,0.26790443,-1.5806553,-0.15084457
1746708390659,201160714,0.37814748,-1.5375903,0.36153984
1746708390676,201177381,0.75362134,-1.5925027,1.0597248
1746708390693,201194048,0.65918463,-1.5516841,1.7664595
1746708390709,201210715,0.40212172,-1.1299467,1.9113665
1746708390726,201227382,0.3043786,-0.6801164,0.9572468
1746708390743,201244049,0.35539812,-0.35118613,-0.26591873
1746708390759,201260716,0.044706613,-0.50615996,-0.96469116
1746708390776,201277383,-0.16965729,-0.91939795,-0.83584785
1746708390793,201294050,-0.33930585,-1.0629054,-0.7298012
1746708390809,201310717,-0.09218568,-0.81528777,-0.72055626
1746708390826,201327384,0.42716476,-0.6782533,-0.7030697
1746708390843,201344051,0.95965564,-0.30915126,-1.1857347
1746708390859,201360718,0.8701928,-0.1660917,-2.2091956
1746708390876,201377385,0.50307304,-0.17734982,-2.4594154
1746708390893,201394052,0.1509925,-0.09941186,-2.452351
1746708390909,201410719,-0.39402652,-0.2219401,-2.0896616
1746708390926,201427386,-0.60911524,-0.30633256,-1.4906664
1746708390943,201444053,-0.47129047,0.087047346,-1.1937685
1746708390959,201460720,-0.5545525,0.5207767,-1.502387
1746708390976,201477387,-0.67612356,0.5128898,-1.8247442
1746708390993,201494054,-0.78010076,0.1810285,-1.991931
1746708391009,201510721,-0.13812296,-0.3060469,-1.621541
1746708391026,201527388,0.19817261,-0.59312224,-1.2797842
1746708391043,201544055,0.23058803,-0.31845054,-0.9175415
1746708391059,201560722,0.042121015,-0.1611296,-0.206707
1746708391076,201577389,-0.48794532,-0.03571335,0.33511162
1746708391093,201594056,-0.5884799,0.47199744,0.43266582
1746708391109,201610723,-0.6332019,-0.5319036,0.10764313
1746708391126,201627390,-0.1119744,-0.54945296,0.18270874
1746708391143,201644057,0.10684478,0.37100646,0.35933113
1746708391159,201660724,0.12827341,0.4979616,-0.23585606
1746708391176,201677391,-0.085111946,0.08469956,-0.99267197
1746708391193,201694058,0.21416095,0.033477772,-0.61845875
1746708391209,201710725,0.19298041,-0.0800905,-0.6946726
1746708391226,201727392,-0.4276791,-0.47813243,-0.7038069
1746708391243,201744059,-0.64105797,-0.13938223,-0.09262657
1746708391259,201760726,-0.60271835,0.052176863,0.0962019
1746708391276,201777393,-0.42971215,0.55037695,-0.096426964
1746708391293,201794060,-0.436629,0.07350805,-0.17746353
1746708391309,201810727,0.17609982,-0.38797447,0.1393032
1746708391326,201827394,0.37984866,-0.52127314,0.67605686
1746708391343,201844061,-0.06374992,-0.019862926,1.3429956
1746708391359,201860728,-0.27534986,0.36813745,0.9531727
1746708391376,201877395,-0.1777802,0.22949171,0.68699265
1746708391393,201894062,0.270718,-0.11348468,0.41015816
1746708391409,201910729,0.68563205,-0.051207937,0.67922115
1746708391426,201927396,0.39712173,0.30090922,1.2692566
1746708391443,201944063,0.41821396,1.0581099,2.0286016
1746708391459,201960730,-0.309839,-0.100310154,3.4689817
1746708391476,201977397,0.14517657,1.1856848,2.1682081
1746708391493,201994064,0.32403702,1.2061664,2.0698252
1746708391509,202010731,0.53676236,1.0938319,1.4378252
1746708391526,202027398,0.67197675,1.4276085,1.1154175
1746708391543,202044065,0.66263413,1.6573132,1.0313196
1746708391559,202060732,0.45765966,1.4724128,0.8958626
1746708391576,202077399,0.27827856,0.9962881,0.8746977
1746708391593,202094066,0.11224552,0.5816064,1.0781555
1746708391609,202110733,0.019693056,0.2153297,0.7998705
1746708391626,202127400,-0.0771446,0.35531005,0.30875683
1746708391643,202144067,0.04324551,-0.20276648,0.27395535
1746708391659,202160734,0.42348027,0.2382106,0.502655
1746708391676,202177401,0.26519096,0.00896734,1.3763599
1746708391693,202194068,0.11006806,0.56079376,1.461112
1746708391709,202210735,0.066542044,0.3441239,0.9537716
1746708391726,202227402,0.18858838,0.22287002,0.42246056
1746708391743,202244069,0.17253155,-0.011544445,0.12810516
1746708391759,202260736,0.16871071,-0.25983337,0.13895226
1746708391776,202277403,-0.012659551,-0.36003378,0.36458492
1746708391793,202294070,0.011094512,-0.19469029,0.4027176
1746708391809,202310737,-0.020879686,0.109635115,0.57406807
1746708391826,202327404,0.14213279,0.37670997,0.4215927
1746708391843,202344071,0.22064193,0.5159647,0.32071018
1746708391859,202360738,0.19858019,0.5078769,0.31949425
1746708391876,202377405,0.17364497,0.38597593,0.39108086
1746708391893,202394072,0.09308041,0.23082462,0.48305798
1746708391909,202410739,0.06993676,0.12654342,0.5380144
1746708391926,202427406,0.04525813,0.114695676,0.61264133
1746708391943,202444073,0.15940519,0.13770354,0.68932724
1746708391959,202460740,0.22610481,0.23848978,0.6570492
1746708391976,202477407,0.270584,0.29982743,0.6409254
1746708391993,202494074,0.24006252,0.33619186,0.7045069
1746708392009,202510741,0.16870892,0.4562902,0.7100706
1746708392026,202527408,0.1540458,0.5405196,0.66608906
1746708392043,202544075,0.11691326,0.6295629,0.5843582
1746708392059,202560742,0.12632528,0.65357715,0.50372124
1746708392076,202577409,0.16905515,0.64585847,0.55755615
1746708392093,202594076,0.1649121,0.5441587,0.51960945
1746708392109,202610743,0.15398355,0.54203075,0.57809734
1746708392126,202627410,0.13958059,0.6043303,0.55298424
1746708392143,202644077,0.14397956,0.5703465,0.61623096
1746708392159,202660744,0.18263891,0.5514914,0.62655354
1746708392176,202677411,0.20066044,0.4955527,0.7322893
1746708392193,202694078,0.17903958,0.45892888,0.77521133
1746708392209,202710745,0.12289167,0.4156172,0.70313454
1746708392226,202727412,0.062654145,0.36501452,0.6523218
1746708392243,202744079,0.09625116,0.500074,0.81808376
1746708392259,202760746,0.061237298,0.7572564,0.8344908
1746708392276,202777413,0.006469918,0.61489487,0.42034054
1746708392293,202794080,0.22484331,0.58289206,0.70788383
1746708392309,202810747,0.28979516,1.0232836,1.1003971
1746708392326,202827414,0.22572976,0.9890311,1.0188751
1746708392343,202844081,0.18001968,0.93508375,1.0635443
1746708392359,202860748,0.17717381,1.193796,1.0886793
1746708392376,202877415,0.3551794,1.8142717,1.6085234
1746708392393,202894082,0.40252203,1.8611202,2.0278492
1746708392409,202910749,0.29608807,1.6573287,2.3175755
1746708392426,202927416,0.12154053,1.2735795,2.2418232
1746708392443,202944083,0.30712178,0.82018685,1.8818188
1746708392459,202960750,0.090710945,1.3171316,1.4912176
1746708392476,202977417,-0.17817603,0.76718944,1.1883326
1746708392493,202994084,-0.17067136,0.33549005,1.0658388
1746708392509,203010751,0.13759704,0.2745441,0.57994175
1746708392526,203027418,0.15076374,-0.14849441,0.50274944
1746708392543,203044085,-0.02661123,-0.6129418,0.2993641
1746708392559,203060752,-0.045448452,-0.5989108,0.41792583
1746708392576,203077419,0.105731465,-0.14719558,0.90949726
1746708392593,203094086,0.31551492,0.14078723,1.5407925
1746708392609,203110753,0.104553774,0.19387089,1.9510574
1746708392626,203127420,0.060325254,0.2367152,1.906436
1746708392643,203144087,0.10618944,0.48035952,2.051259
1746708392659,203160754,0.040948693,0.670776,2.2768536
1746708392676,203177421,0.06604674,0.5170284,1.8709536
1746708392693,203194088,0.10234703,0.44680396,1.5338211
1746708392709,203210755,0.1183557,0.29247385,0.8743124
1746708392726,203227422,0.15817364,-0.020478481,0.44616604
1746708392743,203244089,0.26063868,0.012145918,-0.11196232
1746708392759,203260756,0.2927823,-0.090459496,-0.7755823
1746708392776,203277423,0.40733582,-0.20733844,-0.9135542
1746708392793,203294090,0.27852932,-0.0065466943,-1.1530676
1746708392809,203310757,0.3262509,0.11591784,-1.1362467
1746708392826,203327424,0.32027116,0.09612264,-1.1135931
1746708392843,203344091,0.30808467,0.08530461,-1.1982994
1746708392859,203360758,0.20392227,0.054239664,-1.461544
1746708392876,203377425,0.04229245,0.058665447,-1.2307959
1746708392893,203394092,-0.016008332,0.12966835,-1.3123417
1746708392909,203410759,0.09538516,0.08655383,-1.0991325
1746708392926,203427426,-0.2660458,0.33991536,-1.0956621
1746708392943,203444093,-0.2770061,0.32132223,-0.83020496
1746708392959,203460760,-0.19652556,0.19900185,-1.0483952
1746708392976,203477427,-0.4408375,0.0368479,-1.5297623
1746708392993,203494094,-0.34012,0.05409818,-1.4017344
1746708393009,203510761,-0.38064012,-0.27714032,-1.8551483
1746708393026,203527428,-0.43646458,-0.37583345,-2.2157702
1746708393043,203544095,-0.27789322,-0.24607748,-2.3721027
1746708393059,203560762,-0.030199617,-0.014870987,-1.8312941
1746708393076,203577429,0.014585449,-0.30087435,-2.0237308
1746708393093,203594096,0.0009670288,-0.39011416,-2.184843
1746708393109,203610763,-0.17632143,-0.5171091,-2.43117
1746708393126,203627430,-0.18400358,-0.76365584,-2.351534
1746708393143,203644097,-0.26962736,-0.91640645,-2.3005862
1746708393159,203660764,-0.2277141,-1.0658344,-1.6724348
1746708393176,203677431,0.021455009,-1.086434,-0.9229593
1746708393193,203694098,0.17694783,-1.0542077,-0.03420353
1746708393209,203710765,0.40072766,-1.0965313,0.7659788
1746708393226,203727432,0.40057546,-0.8959555,1.7790823
1746708393243,203744099,0.5698503,-0.6816291,2.290742
1746708393259,203760766,0.37159857,-0.6454377,1.6115265
1746708393276,203777433,-0.18583493,-0.46458665,0.47762108
1746708393293,203794100,-0.51288444,-0.24263002,-0.3848095
1746708393309,203810767,-0.66169935,-0.36286345,-0.6680498
1746708393326,203827434,-0.7433706,-0.57161313,-0.6039505
1746708393343,203844101,-0.6029387,-0.7524302,-0.40906525
1746708393359,203860768,-0.13928366,-0.85528964,-0.26398087
1746708393376,203877435,0.34256512,-0.8760874,0.054398537
1746708393393,203894102,0.5863572,-0.8176184,0.49756908
1746708393409,203910769,0.5169859,-0.9557114,0.66230965
1746708393426,203927436,0.455626,-1.204947,0.5879917
1746708393443,203944103,0.44599774,-1.2019246,0.51996326
1746708393459,203960770,0.60327977,-1.0695859,0.41372967
1746708393476,203977437,0.4689532,-0.9126063,0.29484558
1746708393493,203994104,-0.027975105,-0.7194413,0.13984299
1746708393509,204010771,-0.34518826,-0.5945583,-0.07757473
1746708393526,204027438,-0.46962553,-0.62760943,-0.27383423
1746708393543,204044105,-0.30766267,-0.7634369,-0.42427254
1746708393559,204060772,-0.077992834,-0.9045725,-0.46334743
1746708393576,204077439,0.04189996,-1.1034447,-0.5231056
1746708393593,204094106,0.18781123,-1.2314916,-0.49810886
1746708393609,204110773,0.37005877,-1.383539,-0.22195435
1746708393626,204127440,0.35964376,-1.790128,-0.07269192
1746708393643,204144107,0.4656564,-1.6478496,0.0867157
1746708393659,204160774,0.47069326,-1.0876131,0.5077553
1746708393676,204177441,0.45719865,-0.50823116,0.8399086
1746708393693,204194108,0.47230926,-0.14494033,0.6609144
1746708393709,204210775,0.296038,-0.1665147,-0.07823944
1746708393726,204227442,0.36071816,-0.26052514,-0.83452225
1746708393743,204244109,0.19294532,-0.42375362,-1.1181202
1746708393759,204260776,-0.029433304,-0.8377545,-1.0465584
1746708393776,204277443,0.39455402,-0.7353851,-1.1672125
1746708393793,204294110,1.1185913,-0.44497082,-1.417882
1746708393809,204310777,0.94990337,-0.369323,-2.2582555
1746708393826,204327444,0.45988876,-0.03946099,-2.9458175
1746708393843,204344111,-0.11875445,-0.0034720502,-3.3288941
1746708393859,204360778,-0.22950031,-0.032428153,-3.2084951
1746708393876,204377445,-0.3589967,0.38881198,-3.2338052
1746708393893,204394112,-0.08085201,0.51562697,-3.313449
1746708393909,204410779,-0.36135238,0.26838118,-2.652535
1746708393926,204427446,-0.90926033,0.3215614,-1.7848425
1746708393943,204444113,-0.86426425,0.49203515,-0.27696705
1746708393959,204460780,-0.5766163,1.5450286,0.19050884
1746708393976,204477447,-0.39468968,1.106823,-0.4205923
1746708393993,204494114,-0.09025699,0.4947922,-1.102459
1746708394009,204510781,0.11932485,0.2719603,-1.5036745
1746708394026,204527448,0.5422655,-0.11447976,-1.1975937
1746708394043,204544115,0.580055,0.36282387,-0.3854828
1746708394059,204560782,0.37809452,0.31361794,-0.10669899
1746708394076,204577449,0.35138896,0.08977889,0.049897194
1746708394093,204594116,-0.12539949,0.42083535,0.71745014
1746708394109,204610783,0.17426926,-0.13856216,0.4330616
1746708394126,204627450,0.4000701,-0.35785073,0.5912409
1746708394143,204644117,0.60729164,0.08783255,0.38198376
1746708394159,204660784,0.1525552,0.44720718,0.3941145
1746708394176,204677451,-0.516342,0.38190833,0.8650818
1746708394193,204694118,-0.9210685,0.28916943,0.89253426
1746708394209,204710785,-0.5345518,0.43942872,0.8900938
1746708394226,204727452,0.356414,1.2601699,1.4998894
1746708394243,204744119,0.42251816,1.3929942,2.431758
1746708394259,204760786,-0.14731583,1.2601349,3.9370108
1746708394276,204777453,-0.4342926,1.2760417,5.8720703
1746708394293,204794120,-0.17578131,0.0542457,5.450782
1746708394309,204810787,0.7806796,-0.6125348,3.6490278
1746708394326,204827454,0.7011867,0.7677138,1.253274
1746708394343,204844121,0.034724526,1.855896,-0.9278288
1746708394359,204860788,0.45993564,3.1464353,-1.7096405
1746708394376,204877455,1.0967525,3.612371,-1.5142117
1746708394393,204894122,0.36729717,1.8319597,-1.297061
1746708394409,204910789,0.59666425,0.7516204,-0.1517582
1746708394426,204927456,0.47863445,0.72034603,1.4012089
1746708394443,204944123,-0.05030494,0.8463224,2.2006598
1746708394459,204960790,-1.6957744,-1.7466118,4.093899
1746708394476,204977457,-0.23602276,1.3609793,1.2411442
1746708394493,204994124,-0.23413038,1.5126162,0.85669327
1746708394509,205010791,0.09789488,0.7832777,0.55067253
1746708394526,205027458,0.24171138,0.2856216,0.46479702
1746708394543,205044125,0.30106547,0.13094217,0.54502964
1746708394559,205060792,0.29352415,0.23900129,0.71808434
1746708394576,205077459,0.27306512,0.64388716,0.9318428
1746708394593,205094126,0.19276965,1.1671438,0.9610243
1746708394609,205110793,0.17613424,1.4791458,0.93596745
1746708394626,205127460,0.2850338,1.4305112,0.9792366
1746708394643,205144127,0.33153945,1.1326574,0.9090681
1746708394659,205160794,0.28218567,0.8557916,0.7906647
1746708394676,205177461,0.263347,0.6069566,0.71669865
1746708394693,205194128,0.21492156,0.4221581,0.57887745
1746708394709,205210795,0.1630241,0.36027405,0.44238567
1746708394726,205227462,0.07896131,0.29335293,0.43148613
1746708394743,205244129,0.11820393,0.20683666,0.5899582
1746708394759,205260796,0.10087699,0.2972329,0.648962
1746708394776,205277463,0.10469615,0.51262116,0.68642426
1746708394793,205294130,0.086041085,0.564798,0.72871494
1746708394809,205310797,0.0712604,0.47320354,0.7710705
1746708394826,205327464,0.022741102,0.362536,0.79551315
1746708394843,205344131,-0.0067462916,0.35402775,0.850214
1746708394859,205360798,-0.051861934,0.45194408,0.77612686
1746708394876,205377465,-0.2700097,0.8005418,0.88054943
1746708394893,205394132,-0.2294868,0.33734298,0.9188366
1746708394909,205410799,0.3321264,0.31484148,1.2067919
1746708394926,205427466,0.3823265,0.8974751,0.9181242
1746708394943,205444133,0.15272662,1.6122115,0.7938566
1746708394959,205460800,0.20428815,1.8423729,0.7721834
1746708394976,205477467,0.19838116,1.7805058,0.96196747
1746708394993,205494134,0.52044475,2.1989481,1.211503
1746708395009,205510801,0.65170556,2.6297374,1.5307465
1746708395026,205527468,0.22342266,2.3819532,1.8578358
1746708395043,205544135,0.17151132,2.1139612,2.2983532
1746708395059,205560802,0.2656201,1.6681302,2.2819471
1746708395076,205577469,0.2201026,1.2085048,2.0355234
1746708395093,205594136,-0.34735277,0.97068906,2.025898
1746708395109,205610803,-0.08820112,1.039597,0.93565464
1746708395126,205627470,0.06286101,0.21980108,1.1587038
1746708395143,205644137,-0.029994098,-0.91535777,0.6811123
1746708395159,205660804,-0.5440712,-1.9825706,-0.34993362
1746708395176,205677471,-0.4734,-1.0406245,0.60328007
1746708395193,205694138,-0.042813685,-0.04242857,1.7357826
1746708395209,205710805,0.3494976,0.32620755,2.552598
1746708395226,205727472,0.3723802,0.35575306,2.7273684
1746708395243,205744139,0.41121534,0.39391744,2.782774
1746708395259,205760806,0.29227382,0.53996193,2.4162092
1746708395276,205777473,0.2362923,0.48998576,1.9457588
1746708395293,205794140,0.29993248,0.20140082,1.4755259
1746708395309,205810807,0.13112387,0.011728619,1.0098047
1746708395326,205827474,0.09613426,-0.11418249,0.16071701
1746708395343,205844141,-0.27283823,-0.108303204,-0.29566097
1746708395359,205860808,-0.37556905,-0.046482425,-0.88330555
1746708395376,205877475,-0.33160493,0.0061841565,-1.5521002
1746708395393,205894142,-0.2632053,0.2529295,-1.8417654
1746708395409,205910809,-0.29151744,0.35425374,-2.0905752
1746708395426,205927476,0.022804134,0.23549235,-2.4301372
1746708395443,205944143,0.21089509,0.08525533,-2.4999413
1746708395459,205960810,0.33228385,0.13472468,-2.5290003
1746708395476,205977477,0.25650448,0.13324803,-2.4776998
1746708395493,205994144,0.20218547,0.08033469,-2.7315764
1746708395509,206010811,0.14997853,-0.12222281,-2.5768914
1746708395526,206027478,0.16443625,0.14487606,-2.2886062
1746708395543,206044145,0.36961478,0.24601479,-1.9588842
1746708395559,206060812,0.5068962,0.21116108,-1.5021105
1746708395576,206077479,0.48791593,0.25131428,-1.3352776
1746708395593,206094146,0.22073156,-0.13714151,-1.5458622
1746708395609,206110813,0.017075608,-0.25820866,-1.8773932
1746708395626,206127480,-0.101261094,-0.36796558,-2.1980867
1746708395643,206144147,-0.41257307,-0.43837863,-2.2122073
1746708395659,206160814,-0.45078215,-0.454835,-1.979958
1746708395676,206177481,-0.5354863,-0.7281111,-1.9406705
1746708395693,206194148,-0.6591655,-0.9545304,-1.6095963
1746708395709,206210815,-0.26547417,-1.0084946,-1.1976442
1746708395726,206227482,-0.41712904,-1.1320273,-0.46919727
1746708395743,206244149,-0.20323028,-1.1715562,0.24277306
1746708395759,206260816,-0.032259848,-1.4136486,1.4458246
1746708395776,206277483,0.27126113,-1.6803741,1.0881662
1746708395793,206294150,0.78440577,-1.3463882,1.1097002
1746708395809,206310817,1.1016663,-1.0408325,0.5659723
1746708395826,206327484,0.8474525,-0.7529698,0.120539665
1746708395843,206344151,0.28489298,-0.6816853,0.04335308
1746708395859,206360818,-0.18265322,-0.63344175,-0.08847237
1746708395876,206377485,-0.64628863,-0.5223129,-0.25688267
1746708395893,206394152,-0.78570414,-0.4809753,-0.3161478
1746708395909,206410819,-0.5817995,-0.45245972,-0.15947628
1746708395926,206427486,-0.18950881,-0.37988865,0.18355751
1746708395943,206444153,0.13084807,-0.3786126,0.7575674
1746708395959,206460820,0.3025458,-0.6827876,0.9921675
1746708395976,206477487,0.5006203,-1.231872,0.81084347
1746708395993,206494154,0.5659397,-1.5492827,0.36335373
1746708396009,206510821,0.6030335,-1.6491846,-0.013055801
1746708396026,206527488,0.5654319,-1.597826,-0.3995285
1746708396043,206544155,0.48651797,-1.3958536,-0.60424614
1746708396059,206560822,0.31841275,-1.1888254,-0.6822319
1746708396076,206577489,0.216631,-1.1961297,-0.52289295
1746708396093,206594156,0.14432143,-1.4767185,-0.13518429
1746708396109,206610823,0.15969554,-1.6009611,0.36125946
1746708396126,206627490,0.03523324,-1.3556427,0.6375828
1746708396143,206644157,-0.08964345,-0.98894536,0.49662971
1746708396159,206660824,0.023611015,-0.4234739,-0.3171816
1746708396176,206677491,0.1639159,-0.6542273,-0.9626093
1746708396193,206694158,0.39284122,-0.66405195,-0.90481186
1746708396209,206710825,0.30163655,-0.021813076,-0.75012016
1746708396226,206727492,0.093032464,0.3024148,-1.0538397
1746708396243,206744159,-0.44891214,-0.19317353,-1.9919786
1746708396259,206760826,-0.95428663,-0.61763245,-1.9732451
1746708396276,206777493,-0.6806153,-0.75679344,-1.5636845
1746708396293,206794160,-0.025944043,-0.049925417,-1.1020184
1746708396309,206810827,0.18773188,0.38916892,-1.0596428
1746708396326,206827494,0.34022784,0.29048213,-0.99818134
1746708396343,206844161,0.36342245,0.58304495,-0.55826473
1746708396359,206860828,0.17777908,0.59755677,-0.9632664
1746708396376,206877495,-0.073058784,0.6692494,-1.0733433
1746708396393,206894162,-0.56144935,-0.08246801,-1.6422405
1746708396409,206910829,-0.82034284,-0.57587934,-1.5404539
1746708396426,206927496,-0.7589356,0.57577986,-0.98834324
1746708396443,206944163,-0.8428412,1.2403946,-0.8844261
1746708396459,206960830,-0.79830515,0.8038733,-1.2070026
1746708396476,206977497,-0.996362,0.06031922,-1.2547398
1746708396493,206994164,-0.9015049,0.25193867,-1.28129
1746708396509,207010831,-0.74443316,0.5404255,-1.570797
1746708396526,207027498,0.41767207,1.1321689,-2.0232763
1746708396543,207044165,0.8632781,1.2312224,-1.2906656
1746708396559,207060832,0.20994997,-0.1335548,-1.0337572
1746708396576,207077499,0.1136883,-0.06529506,0.30086708
1746708396593,207094166,0.70125717,0.3971946,0.28711128
1746708396609,207110833,0.97359943,0.6715342,0.06598377
1746708396626,207127500,0.8075789,0.3399594,0.006316185
1746708396643,207144167,-0.08094052,0.22990833,0.8016443
1746708396659,207160834,-0.4540565,-0.04230653,0.95278263
1746708396676,207177501,-0.047479965,0.30216917,0.69944286
1746708396693,207194168,-0.19648935,0.08482965,0.6364317
1746708396709,207210835,-0.40131193,-0.14286211,1.3681698
1746708396726,207227502,-0.31214544,0.015575947,1.9116325
1746708396743,207244169,0.03271805,0.47734678,2.0141869
1746708396759,207260836,0.2715821,0.88278073,1.4907589
1746708396776,207277503,0.96767205,1.5181105,1.8508968
1746708396793,207294170,1.0090417,1.3636583,1.9067183
1746708396809,207310837,0.53642505,0.8796831,2.2471638
1746708396826,207327504,0.46802965,1.141193,1.9916439
1746708396843,207344171,0.41908857,1.5607402,1.0650682
1746708396859,207360838,0.4013972,2.0653164,0.14617729
1746708396876,207377505,0.45099986,2.2400517,-0.60920715
1746708396893,207394172,0.012325175,1.9012506,-0.59163857
1746708396909,207410839,-0.34975442,1.4512079,0.72998047
1746708396926,207427506,-0.1363078,0.74028254,1.389986
1746708396943,207444173,0.20945555,0.5554145,2.4257956
1746708396959,207460840,0.22467992,0.5941728,2.04675
1746708396976,207477507,0.36045644,0.61433226,1.5066652
1746708396993,207494174,0.3850393,0.5036335,1.387825
1746708397009,207510841,-0.14507444,-0.2936741,1.6194401
1746708397026,207527508,-0.2663081,-0.14946848,1.7178068
1746708397043,207544175,0.004771331,0.678253,0.86448956
1746708397059,207560842,0.028922353,0.7356361,0.7536249
1746708397076,207577509,0.039552853,0.48712057,0.75700855
1746708397093,207594176,0.07500178,0.31818008,0.8838272
1746708397109,207610843,0.12840785,0.5126026,0.95385075
1746708397126,207627510,0.2007447,0.83194095,0.9229927
1746708397143,207644177,0.2656979,0.92229927,0.77398014
1746708397159,207660844,0.20670389,0.75173587,0.69831276
1746708397176,207677511,0.14868584,0.37214416,0.644392
1746708397193,207694178,0.09481397,0.19137962,0.6152334
1746708397209,207710845,0.06395086,0.12839992,0.6391344
1746708397226,207727512,0.038655,0.25838947,0.594224
1746708397243,207744179,-0.0021209144,0.38157728,0.59859276
1746708397260,207760846,0.027870947,0.28944123,0.63041496
1746708397276,207777513,0.012328975,0.24970666,0.6637821
1746708397293,207794180,0.055500057,0.28534177,0.7187195
1746708397310,207810847,0.04800902,0.30801135,0.7542114
1746708397326,207827514,0.032042593,0.21858047,0.7816849
1746708397343,207844181,-0.042401973,-0.09284795,1.1587715
1746708397360,207860848,-0.39079675,-0.17165661,1.2257357
1746708397376,207877515,-0.021973781,0.02370802,1.0927219
1746708397393,207894182,0.12861517,0.34546274,1.0301962
1746708397410,207910849,0.03776855,0.8302201,0.95873547
1746708397426,207927516,0.032186538,1.0850886,1.0172215
1746708397443,207944183,0.0070601036,1.1590213,1.0773888
1746708397460,207960850,0.064656936,1.1692731,1.217186
1746708397476,207977517,0.20303962,1.3423518,1.1687393
1746708397493,207994184,0.2905313,1.7725179,1.1859903
1746708397510,208010851,0.40276253,2.118057,1.083394
1746708397526,208027518,0.4017044,1.9530133,1.2453299
1746708397543,208044185,0.25539932,2.0925148,1.2635784
1746708397560,208060852,0.09879697,2.9213004,1.4723148
1746708397576,208077519,0.079650186,2.8809683,1.7351103
1746708397593,208094186,0.35320702,2.3743098,1.9114008
1746708397610,208110853,0.16665462,1.9141768,1.7609186
1746708397626,208127520,0.22966962,2.2013695,1.355792
1746708397643,208144187,0.31402832,2.1305478,1.0712194
1746708397660,208160854,0.48612213,1.3596514,0.7062721
1746708397676,208177521,0.667989,0.2793067,0.43507576
1746708397693,208194188,0.034407586,-1.5934024,0.678627
1746708397710,208210855,-0.2552567,-3.4219785,1.5377703
1746708397726,208227522,-0.23045146,-2.5840223,1.8781939
1746708397743,208244189,-0.31347895,0.57444215,1.6767673
1746708397760,208260856,0.047146257,1.6450471,1.1879454
1746708397776,208277523,0.20576379,0.59879434,1.313777
1746708397793,208294190,-0.2380822,-1.1562043,3.6465044
1746708397810,208310857,-0.08751047,0.7827312,2.210433
1746708397826,208327524,0.027079266,1.0759109,2.2266884
1746708397843,208344191,0.06346114,0.9197567,1.795495
1746708397860,208360858,0.05661874,0.041197907,0.10090637
1746708397876,208377525,-0.029798301,-0.35570434,-0.4784603
1746708397893,208394192,-0.06780332,-0.38060167,-0.84449005
1746708397910,208410859,0.2796335,-0.44126418,-2.0541577
1746708397926,208427526,0.43967557,-0.037859406,-2.7119513
1746708397943,208444193,0.0654275,0.29517815,-2.27001
1746708397960,208460860,0.058216073,0.57589936,-2.15843
1746708397976,208477527,0.3190367,0.08043907,-2.427569
1746708397993,208494194,0.38348812,-0.012987556,-2.2525992
1746708398010,208510861,0.716471,0.011756893,-2.0611916
1746708398026,208527528,0.43138862,0.09358074,-1.8890095
1746708398043,208544195,0.15620896,0.20511538,-2.4814916
1746708398060,208560862,-0.082895815,0.4029257,-2.6706505
1746708398076,208577529,-0.28554887,-0.33660683,-2.932325
1746708398093,208594196,-0.39736313,0.5853637,-2.6147704
1746708398110,208610863,-0.65076625,-0.23171186,-2.8226275
1746708398126,208627530,-0.8478333,-0.5265791,-3.0139542
1746708398143,208644197,-0.5805121,-0.65282446,-2.949132
1746708398160,208660864,-0.77853733,-0.75356597,-2.542963
1746708398176,208677531,-0.6489253,-0.91001254,-2.1759734
1746708398193,208694198,-0.5082662,-0.9447297,-1.7117176
1746708398210,208710865,-0.4958181,-0.86745644,-0.85011387
1746708398226,208727532,-0.04369209,-1.0226549,0.2815733
1746708398243,208744199,-0.2756907,-1.1242641,0.5906248
1746708398260,208760866,0.11716102,-1.1453501,0.92297745
1746708398276,208777533,0.50789094,-1.0417901,1.2251129
1746708398293,208794200,0.41929936,-0.96755797,0.5878582
1746708398310,208810867,0.6405559,-1.1615319,0.43860912
1746708398326,208827534,0.67389715,-1.0159857,0.13451481
1746708398343,208844201,0.63204706,-0.6733359,-0.045463562
1746708398360,208860868,0.59130824,-0.8006717,-0.17431068
1746708398376,208877535,0.23343268,-1.103003,-0.045466423
1746708398393,208894202,-0.28125575,-1.1551769,0.31267357
1746708398410,208910869,-0.6554618,-1.3357861,0.537302
1746708398426,208927536,-0.9003037,-1.4797854,0.5392561
1746708398443,208944203,-0.7773269,-1.1686451,0.21887398
1746708398460,208960870,-0.39981908,-1.0122203,0.091462135
1746708398476,208977537,0.18136534,-0.9127108,0.100759506
1746708398493,208994204,0.62003946,-0.9351772,0.34207153
1746708398510,209010871,0.64393324,-1.0027612,0.6418743
1746708398526,209027538,0.6531162,-1.0868531,0.80616856
1746708398543,209044205,0.55379915,-1.1127667,0.7556114
1746708398560,209060872,0.5837003,-0.9330309,0.6076441
1746708398576,209077539,0.4641812,-0.74841505,0.2173109
1746708398593,209094206,0.008776907,-0.66906166,-0.23905468
1746708398610,209110873,-0.3488047,-0.63329333,-0.014149666
1746708398626,209127540,-0.40197128,-0.8119658,0.2406187
1746708398643,209144207,-0.1483138,-1.1026019,0.5777559
1746708398660,209160874,0.13816565,-1.0798849,0.6258793
1746708398676,209177541,0.006764396,-0.8937714,0.1545887
1746708398693,209194208,-0.0128079625,-0.6510655,-0.1547947
1746708398710,209210875,-0.042082123,-1.0009336,-0.47809792
1746708398726,209227542,-0.13571014,-1.5879014,-0.5063505
1746708398743,209244209,0.28177452,-1.6261042,-0.17219639
1746708398760,209260876,0.24124692,-1.752311,-0.6263933
1746708398776,209277543,0.121947326,-1.354361,-0.44247627
1746708398793,209294210,0.05871037,-0.65270144,0.5187807
1746708398810,209310877,0.25571358,-0.29893875,1.0642872
1746708398826,209327544,0.5226379,0.47622094,0.8423147
1746708398843,209344211,0.33512372,1.1247934,-1.3821068
1746708398860,209360878,-0.22251329,1.0717834,-3.0717244
1746708398876,209377545,-0.719278,0.3740627,-3.2455978
1746708398893,209394212,-0.9931126,0.043978408,-2.8497972
1746708398910,209410879,-0.06002742,0.55834305,-2.996601
1746708398926,209427546,0.37941805,0.69070923,-3.2398095
1746708398943,209444213,0.18817668,0.46874097,-3.4089103
1746708398960,209460880,-0.09412891,-0.64116913,-3.6863503
1746708398976,209477547,-0.030107642,-1.6030084,-3.3447514
1746708398993,209494214,0.2180617,-1.2833683,-1.9615512
1746708399010,209510881,0.3597821,-0.0993077,-0.7956314
1746708399026,209527548,-0.07421949,0.79915315,-0.98918915
1746708399043,209544215,-0.85012776,2.428656,0.017390251
1746708399060,209560882,-0.704457,1.6679684,-0.4991026
1746708399076,209577549,0.46343645,0.33123168,-1.4046211
1746708399093,209594216,0.38532537,0.33404258,-0.24777031
1746708399110,209610883,-0.46933988,0.06935987,-0.8451414
1746708399126,209627550,-0.6812914,0.592407,-0.597949
1746708399143,209644217,-0.30987412,0.04007699,-0.6963377
1746708399160,209660884,0.54167295,0.563891,0.4939232
1746708399176,209677551,0.5126457,0.54271495,1.5229969
1746708399193,209694218,0.17013516,-0.50587577,0.886199
1746708399210,209710885,-0.09940761,-0.14701743,0.3769369
1746708399226,209727552,-0.42414266,1.2282177,-0.27703
1746708399243,209744219,-0.31351224,0.9350099,-0.47729778
1746708399260,209760886,1.0152144,0.63866925,0.78509426
1746708399276,209777553,0.30396554,-0.67243403,1.262784
1746708399293,209794220,-0.34295672,-0.33272183,2.1677465
1746708399310,209810887,-0.07402705,0.31060746,1.6150389
1746708399326,209827554,0.33390802,0.9308463,2.8475056
1746708399343,209844221,0.2864902,0.92764205,3.1934452
1746708399360,209860888,0.48790935,0.34150165,2.5517206
1746708399376,209877555,0.76845634,0.15004894,1.8694782
1746708399393,209894222,0.62742746,0.9006707,1.6234522
1746708399410,209910889,0.5782761,1.7121758,0.64602566
1746708399426,209927556,0.7397663,2.3998349,-0.7701397
1746708399443,209944223,0.81679916,2.9005218,-0.5880976
1746708399460,209960890,0.6210121,2.6585908,-0.0071401596
1746708399476,209977557,0.33356762,2.0519125,1.1923971
1746708399493,209994224,-0.61913335,0.74349016,2.9119673
1746708399510,210010891,-2.5494797,-3.2277172,5.061161
1746708399526,210027558,0.37460214,1.0070202,1.5177183
1746708399543,210044225,0.18868797,1.4569783,1.2929955
1746708399560,210060892,0.060485512,1.3417419,0.9919195
1746708399576,210077559,0.04245606,0.7591074,0.62545776
1746708399593,210094226,0.013188605,0.13839878,0.52152157
1746708399610,210110893,0.13726199,-0.16543624,0.7651882
1746708399626,210127560,0.2760915,-0.120585464,0.9520502
1746708399643,210144227,0.334343,0.35332415,0.88432884
1746708399660,210160894,0.27770087,0.70108503,0.7526903
1746708399676,210177561,0.16328448,0.8027585,0.72029305
1746708399693,210194228,0.10743262,0.63227904,0.81129646
1746708399710,210210895,0.0028895754,0.41359976,0.88951397
1746708399726,210227562,0.026542611,0.4382139,0.7629862
1746708399743,210244229,0.11537828,0.4962855,0.7187576
1746708399760,210260896,0.093961045,0.4353232,0.76065826
1746708399776,210277563,0.120662354,0.3851649,0.76636505
1746708399793,210294230,0.121693864,0.42943767,0.78876877
1746708399810,210310897,0.08707305,0.53441995,0.77630234
1746708399826,210327564,0.03492211,0.6493829,0.6967344
1746708399843,210344231,0.00885603,0.6610228,0.72179604
1746708399860,210360898,0.030616358,0.56017333,0.7852764
1746708399876,210377565,0.037152547,0.53563094,0.7563238
1746708399893,210394232,0.081415266,0.40240064,1.3434725
1746708399910,210410899,0.0040402203,0.38774514,1.4055424
1746708399926,210427566,-0.13573025,0.26543126,1.773325
1746708399943,210444233,-0.0059411977,0.5022097,1.8187752
1746708399960,210460900,0.22608134,0.94541955,1.7646971
1746708399976,210477567,0.2610674,1.4778162,1.6016102
1746708399993,210494234,0.45547202,1.9991604,1.7809391
1746708400010,210510901,0.46316534,2.153085,1.6675386
1746708400026,210527568,0.27542248,2.5488205,1.8864174
1746708400043,210544235,0.14623603,2.9120073,1.8907423
1746708400060,210560902,0.47623435,3.6721554,1.8195515
1746708400076,210577569,0.11958592,3.4535177,1.9223404
1746708400093,210594236,0.15303575,3.0772598,1.9603033
1746708400110,210610903,0.18185706,2.5732837,1.9678335
1746708400126,210627570,-0.25506428,1.7827729,1.6456337
1746708400143,210644237,-0.12717888,0.89370245,0.9427433
1746708400160,210660904,0.9789966,0.07306996,0.7420807
1746708400176,210677571,0.59871566,-4.887995,2.6331139
1746708400193,210694238,0.06281273,-2.13055,0.18882465
1746708400210,210710905,-0.4584682,-1.0734344,0.68259144
1746708400226,210727572,-0.33632398,0.16168055,1.5754414
1746708400243,210744239,0.4486761,0.8105601,2.5952473
1746708400260,210760906,0.13113795,1.1652952,3.3982115
1746708400276,210777573,-0.10622699,1.3583598,2.5257082
1746708400293,210794240,-0.16871965,1.588212,1.4409199
1746708400310,210810907,-0.00070406584,1.1095266,0.42871094
1746708400326,210827574,0.21614619,0.45492753,-0.23523045
1746708400343,210844241,0.25424376,-0.06179172,-0.9422369
1746708400360,210860908,0.19525577,-0.54888546,-1.8909907
1746708400376,210877575,0.06546538,-0.8122327,-2.3060455
1746708400393,210894242,0.14011793,-0.44122797,-2.78308
1746708400410,210910909,-0.15232497,-0.33272776,-2.7939763
1746708400426,210927576,-0.25164095,-0.23107417,-2.839734
1746708400443,210944243,-0.35062367,-0.13233152,-2.9140816
1746708400460,210960910,-0.40737137,-0.18863633,-2.6601133
1746708400476,210977577,-0.37599686,0.04735502,-2.3743873
1746708400493,210994244,-0.43599913,-0.26060224,-2.4764614
1746708400510,211010911,-0.8730327,0.35094506,-2.0149226
1746708400526,211027578,-1.0012573,-0.02087745,-1.4972935
1746708400543,211044245,-0.7626195,-0.0055218874,-1.5678444
1746708400560,211060912,-0.42692563,-0.39353278,-1.2669744
1746708400576,211077579,-0.28248885,-0.39612845,-1.4435034
1746708400593,211094246,-0.028445376,-0.41581267,-1.6101198
1746708400610,211110913,-0.08524114,-0.8275635,-1.6730719
1746708400626,211127580,-0.073024586,-1.092104,-1.9778142
1746708400643,211144247,-0.16551067,-1.211758,-2.0697145
1746708400660,211160914,0.11160941,-0.85037875,-1.9556174
1746708400676,211177581,0.16040385,-1.1218648,-2.0077853
1746708400693,211194248,-0.002900304,-1.5508758,-1.773098
1746708400710,211210915,-0.045135535,-1.7864755,-1.4570675
1746708400726,211227582,-0.019789167,-1.8447344,-0.6804514
1746708400743,211244249,0.11444154,-1.871797,-0.18834972
1746708400760,211260916,0.121078536,-2.0720487,0.74950695
1746708400776,211277583,0.21248057,-2.0164888,1.2330761
1746708400793,211294250,0.3650029,-1.7322853,1.3631077
1746708400810,211310917,0.5469152,-1.3526351,1.8420095
1746708400826,211327584,0.4985282,-0.9988211,1.7682257
1746708400843,211344251,0.3914758,-0.82461214,1.5160694
1746708400860,211360918,0.05942852,-0.79434204,0.74768066
1746708400876,211377585,-0.096184775,-0.70175135,-0.038045883
1746708400893,211394252,-0.10553142,-0.68787074,-0.31551266
1746708400910,211410919,0.086024545,-0.76158786,-0.2275629
1746708400926,211427586,0.17362374,-0.8625504,-0.1123476
1746708400943,211444253,0.016143447,-1.0425028,-0.028917313
1746708400960,211460920,-0.1473478,-1.2678399,0.13070107
1746708400976,211477587,0.058793742,-1.4236605,0.19655132
1746708400993,211494254,0.4456674,-1.368345,0.15624428
1746708401010,211510921,0.7392016,-1.2318755,0.35758972
1746708401026,211527588,0.6194655,-1.1703781,0.6903868
1746708401043,211544255,0.33902222,-1.0784357,0.95155334
1746708401060,211560922,0.12119029,-0.88882965,0.98024464
1746708401076,211577589,0.10364206,-0.77433383,0.8125982
1746708401093,211594256,0.26155642,-0.79811716,0.28250217
1746708401110,211610923,0.33977142,-0.81464034,-0.15146255
1746708401126,211627590,0.10675515,-1.1260339,-0.26838017
1746708401143,211644257,0.048162125,-0.99799037,0.16950989
1746708401160,211660924,0.19634943,-0.5812063,0.30372715
1746708401176,211677591,0.41440105,-0.31281778,0.25424862
1746708401193,211694258,0.12860176,-0.19184698,-0.38427544
1746708401210,211710925,-0.20733486,-0.3500671,-1.1543531
1746708401226,211727592,-0.22084957,-0.2605618,-1.3379307
1746708401243,211744259,0.37867945,0.2692855,-0.91480064
1746708401260,211760926,0.9752382,0.66279685,-0.33760262
1746708401276,211777593,0.5860971,1.2772555,-0.7744417
1746708401293,211794260,-0.17066924,0.6236805,-2.6925907
1746708401310,211810927,-0.6447847,-0.46278504,-3.4186702
1746708401326,211827594,-0.49042374,-0.54794925,-3.426763
1746708401343,211844261,-0.3636986,-0.29320708,-2.738905
1746708401360,211860928,-0.19077925,-0.28908226,-2.2915401
1746708401376,211877595,0.4273486,-0.06887082,-2.041205
1746708401393,211894262,0.57362634,-0.33469155,-2.1734467
1746708401410,211910929,0.4258077,-0.0035773248,-2.2645679
1746708401426,211927596,0.1672762,0.21306351,-2.1848226
1746708401443,211944263,-0.23632985,0.339583,-1.4163809
1746708401460,211960930,-0.40283942,1.0281857,-0.766181
1746708401476,211977597,-0.60886943,0.6906897,-1.7290773
1746708401493,211994264,-0.3731048,0.279454,-2.2110944
1746708401510,212010931,-0.5636308,0.2593584,-1.7542038
1746708401526,212027598,-0.7745846,0.45835823,-1.2403622
1746708401543,212044265,-0.22469042,0.62897974,-0.62636566
1746708401560,212060932,-0.37343,0.31513247,0.16098118
1746708401576,212077599,-0.71311873,-0.61545277,0.29651928
1746708401593,212094266,0.16202052,-0.40370083,0.3778534
1746708401610,212110933,0.4029487,0.12583332,0.15909958
1746708401626,212127600,0.2552947,0.3472837,0.31113434
1746708401643,212144267,0.06920051,0.039568722,-0.068086624
1746708401660,212160934,-0.18038814,0.07359857,-0.39138126
1746708401676,212177601,0.2226464,0.28970274,-0.7431917
1746708401693,212194268,0.994455,1.2085326,-0.55006504
1746708401710,212210935,0.99812233,0.0474594,0.5338249
1746708401726,212227602,0.5944736,-0.6864277,2.0613527
1746708401743,212244269,-0.16874915,0.17949969,2.7735996
1746708401760,212260936,-0.71563196,0.47815815,4.2783794
1746708401776,212277603,-0.43965378,0.14826955,4.25756
1746708401793,212294270,-0.104522705,0.3803377,3.9796495
1746708401810,212310937,-0.42731273,0.66973734,2.8236084
1746708401826,212327604,-0.35332906,1.1597074,1.4258842
1746708401843,212344271,0.08693559,1.5983393,-0.1869793
1746708401860,212360938,0.19394745,1.9912224,-1.224576
1746708401876,212377605,-0.06572443,1.8913819,-1.5504618
1746708401893,212394272,-0.2639516,1.5975249,-1.3636837
1746708401910,212410939,-0.25422588,1.3973162,-0.7163868
1746708401926,212427606,-0.033645406,1.2880082,0.18380356
1746708401943,212444273,-0.15326038,0.94624925,0.9549818
1746708401960,212460940,-0.10871894,0.8902597,1.6013298
1746708401976,212477607,-0.22495954,0.64719516,2.104186
1746708401993,212494274,-0.3752664,0.4114174,2.0493546
1746708402010,212510941,-0.3370839,0.03486981,1.9473963
1746708402026,212527608,-0.29235518,-0.61478937,1.564105
1746708402043,212544275,-0.07556705,-1.1356047,1.1659088
1746708402060,212560942,0.1308199,-0.6649278,0.80928516
1746708402076,212577609,0.18604057,0.3448588,0.9131737
1746708402093,212594276,0.26427567,0.7940557,1.0318327
1746708402110,212610943,0.30990294,1.0086706,0.90936184
1746708402126,212627610,0.32232937,1.201565,0.5580692
1746708402143,212644277,0.24178782,1.2003841,0.37521362
1746708402160,212660944,0.3599721,0.9305184,0.47496033
1746708402176,212677611,0.46112645,0.5887356,0.8009558
1746708402193,212694278,0.33176586,0.4251346,1.0821505
1746708402210,212710945,0.24343422,0.3210017,0.9577379
1746708402226,212727612,0.18497798,0.4953941,0.6970892
1746708402243,212744279,0.21204674,0.7774118,0.5202675
1746708402260,212760946,0.1914308,0.7478565,0.5257263
1746708402276,212777613,0.170529,0.79498017,0.73357964
1746708402293,212794280,0.02733407,0.7593835,0.872674
1746708402310,212810947,-0.009386203,0.46581239,0.8822918
1746708402326,212827614,0.041082576,0.14746445,0.7686844
1746708402343,212844281,0.013567236,-0.010209401,0.71511936
1746708402360,212860948,0.0037963674,0.04436352,0.8099165
1746708402376,212877615,-0.033427257,0.032540135,0.94675636
1746708402393,212894282,-0.05931609,0.1476122,1.0667801
1746708402410,212910949,-0.11893392,0.2814077,1.1451368
1746708402426,212927616,-0.092211835,0.33798468,1.199872
1746708402443,212944283,-0.1480865,0.3044839,1.2883205
1746708402460,212960950,-0.15641078,0.47567603,1.4637413
1746708402476,212977617,-0.16298543,0.8782376,1.4770546
1746708402493,212994284,-0.1069657,1.1751236,1.3564672
1746708402510,213010951,0.010363625,1.5825323,1.1290112
1746708402526,213027618,0.26985055,1.8946248,1.0297604
1746708402543,213044285,0.7718088,2.1874018,0.98987484
1746708402560,213060952,0.46558622,2.236384,1.0016823
1746708402576,213077619,0.36322376,2.5506952,1.1964779
1746708402593,213094286,0.22259566,2.6316352,1.421278
1746708402610,213110953,0.045471698,2.276695,1.5563164
1746708402626,213127620,-0.16332851,2.3009565,1.4056625
1746708402643,213144287,-0.33501643,2.512876,1.0319843
1746708402660,213160954,-0.27126113,2.8991716,0.7134676
1746708402676,213177621,0.013786279,2.6465406,0.6763773
1746708402693,213194288,0.10941831,1.9882787,0.6381159
1746708402710,213210955,0.17818296,1.2607651,0.8212843
1746708402726,213227622,-0.017252741,0.1064552,0.9832287
1746708402743,213244289,-0.01426035,-1.5118287,0.9423332
1746708402760,213260956,-0.6096343,-3.5619068,0.60416126
1746708402776,213277623,-0.3423718,-2.9639478,1.2283239
1746708402793,213294290,-0.07337841,-1.0041063,1.4541616
1746708402810,213310957,0.10856695,0.60818523,1.262598
1746708402826,213327624,0.60132897,1.1187624,1.2902498
1746708402843,213344291,-0.40619412,-0.8696614,4.2763968
1746708402860,213360958,0.4823888,0.87863547,2.3767061
1746708402876,213377625,0.12587489,1.0599052,2.3399935
1746708402893,213394292,0.5764913,0.65840995,0.9570389
1746708402910,213410959,0.65931135,-0.19545895,0.28520966
1746708402926,213427626,0.49160782,-0.4125419,-0.8514643
1746708402943,213444293,0.124562874,-0.73332983,-1.8061113
1746708402960,213460960,0.045369554,-0.5632161,-2.2191563
1746708402976,213477627,0.06943385,-0.395844,-2.720438
1746708402993,213494294,-0.011106135,-0.2874589,-2.5829558
1746708403010,213510961,0.055807386,-0.27385837,-2.8274884
1746708403026,213527628,-0.062471423,-0.30825377,-2.601914
1746708403043,213544295,-0.042605147,-0.17010878,-2.2425804
1746708403060,213560962,0.02978042,-0.06808674,-1.7554941
1746708403076,213577629,-0.13927002,-0.033006158,-1.3322563
1746708403093,213594296,-0.27616635,-0.16545725,-1.0417347
1746708403110,213610963,-0.32253456,0.03040402,-1.1136465
1746708403126,213627630,-0.10496459,-0.06853555,-1.4619007
1746708403143,213644297,-0.041919407,-0.24978556,-1.5289555
1746708403160,213660964,0.003897619,-0.1315727,-1.3731041
1746708403176,213677631,-0.13622198,-0.62910324,-1.6832619
1746708403193,213694298,-0.059043407,-0.8752507,-2.0519648
1746708403210,213710965,-0.20410801,-0.9310554,-2.262692
1746708403226,213727632,-0.40859017,-0.90171987,-2.2294412
1746708403243,213744299,-0.19408971,-1.0068308,-2.051228
1746708403260,213760966,0.07657375,-0.990176,-1.7753468
1746708403276,213777633,-0.053455584,-1.0125715,-1.1933155
1746708403293,213794300,-0.05874345,-0.68898094,-0.36435413
1746708403310,213810967,-0.12418581,-0.7588743,0.03483486
1746708403326,213827634,0.26574773,-0.42006937,0.5661583
1746708403343,213844301,0.1994234,-0.56757224,-0.039191246
1746708403360,213860968,0.19617844,-0.69588655,0.050250053
1746708403376,213877635,0.18785034,-0.85986906,0.4525051
1746708403393,213894302,0.1681707,-1.1479223,0.58985615
1746708403410,213910969,-0.027590662,-1.4443662,0.65263367
1746708403426,213927636,0.0722481,-1.659658,0.21600342
1746708403443,213944303,0.2103268,-1.3446499,0.14261532
1746708403460,213960970,0.05339188,-1.5834129,0.12126541
1746708403476,213977637,-0.05396631,-1.5848053,0.07393074
1746708403493,213994304,-0.19948263,-1.563726,0.13901424
1746708403510,214010971,-0.19374013,-1.4137872,0.25789356
1746708403526,214027638,-0.23834036,-1.1836895,0.1875372
1746708403543,214044305,-0.22045173,-0.8786591,-0.033931732
1746708403560,214060972,-0.085225716,-0.5744207,-0.081596375
1746708403576,214077639,0.28175753,-0.38558534,0.20514011
1746708403593,214094306,0.6831193,-0.3592088,0.49671268
1746708403610,214110973,0.72371215,-0.58047074,0.49207497
1746708403626,214127640,0.47550392,-0.735194,0.1572094
1746708403643,214144307,0.383719,-0.94782984,-0.08696747
1746708403660,214160974,0.36883706,-1.2331558,-0.21857929
1746708403676,214177641,0.45311886,-1.5520867,-0.040444374
1746708403693,214194308,0.4801369,-1.8812643,-0.14060211
1746708403710,214210975,0.49816814,-2.1827676,-0.4036808
1746708403726,214227642,0.5142823,-2.1993864,-0.48905182
1746708403743,214244309,0.64722466,-2.3213074,-0.11941528
1746708403760,214260976,0.91408575,-2.0258236,0.1794529
1746708403776,214277643,1.0462644,-1.4655925,0.77591896
1746708403793,214294310,0.7445876,-0.91517717,1.061965
1746708403810,214310977,0.4626515,-0.4461759,0.2959051
1746708403826,214327644,0.1049856,0.074609965,-0.66351604
1746708403843,214344311,-0.2624325,0.7995512,-0.92784977
1746708403860,214360978,-0.46862486,0.88911307,-1.0347528
1746708403876,214377645,-0.097630456,0.08610322,-1.6177721
1746708403893,214394312,0.8109631,-0.40235764,-1.9087286
1746708403910,214410979,1.2146719,-0.04742129,-1.7337074
1746708403926,214427646,1.0112891,0.3538172,-1.937006
1746708403943,214444313,0.21074824,0.40152428,-2.3248215
1746708403960,214460980,-1.0386837,-0.6977318,-3.175335
1746708403976,214477647,-1.0010774,-0.6955519,-3.0118222
1746708403993,214494314,-0.58098024,0.0048775,-2.9924364
1746708404010,214510981,-0.6816451,0.27634358,-3.1475835
1746708404026,214527648,-0.97384906,0.42574725,-2.8629618
1746708404043,214544315,-1.3236996,1.2040228,-1.3494587
1746708404060,214560982,-0.88915175,1.0499059,-0.782547
1746708404076,214577649,0.24105783,0.93205416,-0.06895828
1746708404093,214594316,0.63621217,0.5665423,0.25135422
1746708404110,214610983,-0.14212407,0.27190015,0.18755627
1746708404126,214627650,-0.6115911,0.20086372,-0.6687727
1746708404143,214644317,-0.107992075,0.7210671,-0.7017803
1746708404160,214660984,0.6174409,0.43786636,-1.5293636
1746708404176,214677651,-0.1280899,0.119125925,-0.21922493
1746708404193,214694318,-1.026761,-0.5880096,-0.09500313
1746708404210,214710985,-0.8481659,-0.5804046,-0.19729137
1746708404226,214727652,-0.15004157,0.19997682,-0.104148865
1746708404243,214744319,0.2553146,0.9962884,0.11511421
1746708404260,214760986,0.054640647,1.0122095,0.46210575
1746708404276,214777653,0.073716134,0.057382703,0.9359703
1746708404293,214794320,0.06774029,-0.28905836,1.2988472
1746708404310,214810987,0.14302482,-0.3486896,1.9319286
1746708404326,214827654,0.26550433,-0.56069946,2.4406576
1746708404343,214844321,0.51284957,-0.52509874,1.9453726
1746708404360,214860988,-0.06800315,0.94819427,2.9549341
1746708404376,214877655,-0.002069283,0.91202605,2.3141603
1746708404393,214894322,0.38086966,1.1658579,1.386591
1746708404410,214910989,0.5193498,1.3844441,0.94709396
1746708404426,214927656,0.5273949,1.3996929,0.25555706
1746708404443,214944323,1.4633465,1.2673218,-3.9111905
1746708404460,214960990,1.1336424,3.4281406,-1.5476732
1746708404476,214977657,0.53030056,2.6493466,-0.44736195
1746708404493,214994324,0.30085447,2.0667777,-0.9585819
1746708404510,215010991,-0.3893618,1.8276974,1.1502914
1746708404526,215027658,-0.569916,1.6746923,3.214181
1746708404543,215044325,-0.5821898,1.067638,4.5229273
1746708404560,215060992,-2.1228607,-3.9627078,6.79228
1746708404576,215077659,0.97285557,0.13112052,1.5261793
1746708404593,215094326,0.49802887,0.68403053,1.2235413
1746708404610,215110993,-0.11257118,0.6473856,0.73960686
1746708404626,215127660,-0.04799829,0.29028568,0.697793
1746708404643,215144327,0.029918326,-0.02017942,0.8300381
1746708404660,215160994,0.15385962,0.15238756,0.9135494
1746708404676,215177661,0.14744858,0.46599054,0.7276478
1746708404693,215194328,0.18180119,0.57104075,0.7822466
1746708404710,215210995,0.2105045,0.5933118,0.80772877
1746708404726,215227662,0.17344092,0.5977729,0.80330753
1746708404743,215244329,0.21190213,0.60676795,0.81432915
1746708404760,215260996,0.15258582,0.53404623,0.82309914
1746708404776,215277663,0.13043478,0.49142185,0.79081345
1746708404793,215294330,0.1128204,0.3974275,0.8092947
1746708404810,215310997,0.05725329,0.4159261,0.82121277
1746708404826,215327664,0.009492149,0.48043573,0.8244419
1746708404843,215344331,0.015751628,0.47104797,0.8147011
1746708404860,215360998,0.032285552,0.40520462,0.7948799
1746708404876,215377665,-0.0010203366,0.3666795,0.7187538
1746708404893,215394332,0.011383738,0.34448308,0.65343857
1746708404910,215410999,-0.01720938,0.3388689,0.63894176
1746708404926,215427666,-0.012501974,0.29869333,0.9472952
1746708404943,215444333,-0.19513799,0.3185851,1.0157652
1746708404960,215461000,-0.0026707563,0.039542347,1.4271135
1746708404976,215477667,0.12711965,-0.027042162,1.1769943
1746708404993,215494334,0.16683967,0.31525072,1.2865677
1746708405010,215511001,0.008271991,0.6244706,1.4812279
1746708405026,215527668,-0.13156956,0.64401305,1.6079674
1746708405043,215544335,0.022858446,0.84847707,1.5775185
1746708405060,215561002,0.20182885,1.1800425,1.5033216
1746708405076,215577669,0.3454898,1.5849816,1.4149418
1746708405093,215594336,0.37228295,1.9378664,1.1091433
1746708405110,215611003,0.84487605,2.8052156,1.1720781
1746708405126,215627670,0.37603775,2.8325555,1.4237471
1746708405143,215644337,-0.009364522,2.700202,1.7370901
1746708405160,215661004,0.26745382,3.0753465,1.7356548
1746708405176,215677671,0.12436015,2.478835,1.5131369
1746708405193,215694338,0.34740463,2.3091636,1.1123857
1746708405210,215711005,0.2657292,2.206109,0.5676079
1746708405226,215727672,0.0166278,1.8389028,-0.03993416
1746708405243,215744339,0.33020642,1.4452151,-0.23191261
1746708405260,215761006,0.27436662,0.40234634,-0.49424553
1746708405276,215777673,-0.039539665,-1.7061939,-0.14609337
1746708405293,215794340,-0.3668764,-5.218356,1.9663382
1746708405310,215811007,0.21850291,-1.1381555,0.9392643
1746708405326,215827674,-0.5478455,0.48343372,0.72520256
1746708405343,215844341,-0.42208746,1.1552469,1.6439581
1746708405360,215861008,0.2572681,0.8990561,2.6223812
1746708405376,215877675,0.15791011,1.1679153,2.5423717
1746708405393,215894342,0.024371853,1.5088233,1.5588627
1746708405410,215911009,0.004233782,0.8584359,1.3645735
1746708405426,215927676,0.21405277,0.11248044,0.9701805
1746708405443,215944343,0.14205791,-0.59405565,0.4544611
1746708405460,215961010,-0.027322223,-0.9956803,0.17567825
1746708405476,215977677,-0.027991645,-1.0725735,-0.53015804
1746708405493,215994344,0.061707456,-0.8727932,-1.1240015
1746708405510,216011011,0.05588584,-0.6098381,-0.8138552
1746708405526,216027678,-0.0018024085,-0.18787627,-0.9273939
1746708405543,216044345,0.030487614,-0.08258491,-1.557848
1746708405560,216061012,0.13752596,-0.066468954,-1.4863396
1746708405576,216077679,0.036216475,-0.11911609,-1.3771343
1746708405593,216094346,-0.19774817,-0.14978474,-1.6562166
1746708405610,216111013,-0.32956314,-0.37209833,-2.0800853
1746708405626,216127680,0.041197684,-0.22948366,-2.641644
1746708405643,216144347,-0.015640989,-0.40820852,-2.702341
1746708405660,216161014,-0.080276914,-0.27826694,-2.575078
1746708405676,216177681,0.11660135,-0.6317137,-1.7798271
1746708405693,216194348,-0.22540857,-0.93826985,-2.1858993
1746708405710,216211015,0.044530485,-0.55717486,-2.571208
1746708405726,216227682,0.0115849,-0.43481094,-1.8668408
1746708405743,216244349,-0.2154638,-0.7917009,-1.5354939
1746708405760,216261016,-0.4687239,-0.83990437,-1.6383858
1746708405776,216277683,-0.3805183,-0.72693187,-1.3138838
1746708405793,216294350,-0.55880517,-0.5130695,-1.2119656
1746708405810,216311017,-0.6490957,-0.60041213,-1.1214762
1746708405826,216327684,-0.62078553,-0.9298962,0.14295197
1746708405843,216344351,-0.29166296,-0.5975867,-0.720809
1746708405860,216361018,-0.065983035,-0.89644253,-0.36362648
1746708405876,216377685,-0.04136107,-1.195326,-0.22787571
1746708405893,216394352,-0.1660956,-1.2215334,-0.18513107
1746708405910,216411019,-0.16549838,-1.218537,-0.485713
1746708405926,216427686,0.2919618,-1.1981739,-0.5444746
1746708405943,216444353,0.5317925,-1.2060397,-0.103606224
1746708405960,216461020,0.74311954,-1.0747486,0.3989439
1746708405976,216477687,0.74394745,-1.1101035,0.73605347
1746708405993,216494354,0.62518454,-0.9432611,0.77250385
1746708406010,216511021,0.39231038,-0.91795003,0.6908264
1746708406026,216527688,0.044587035,-0.81149685,0.4491892
1746708406043,216544355,-0.36398995,-0.90252495,0.07700729
1746708406060,216561022,-0.45536718,-1.0016125,0.054299355
1746708406076,216577689,-0.28963858,-1.0758126,0.28231907
1746708406093,216594356,-0.2869779,-1.1088129,0.26156235
1746708406110,216611023,-0.21832009,-1.016514,0.15347672
1746708406126,216627690,0.07208785,-0.9045978,0.092627525
1746708406143,216644357,0.50091755,-0.7491531,-0.054940224
1746708406160,216661024,0.71688586,-0.70669633,-0.21004868
1746708406176,216677691,0.68163025,-0.79715025,-0.14403152
1746708406193,216694358,0.6282869,-0.98279315,0.044813156
1746708406210,216711025,0.517888,-1.0804917,0.34792137
1746708406226,216727692,0.31627977,-1.2695731,0.44606113
1746708406243,216744359,0.01802118,-1.630363,0.27911758
1746708406260,216761026,-0.145711,-1.9758188,0.069363594
1746708406276,216777693,-0.09056745,-2.273659,0.4320526
1746708406293,216794360,0.17688122,-2.265087,0.9731808
1746708406310,216811027,0.47724777,-2.0064754,1.575449
1746708406326,216827694,0.8369474,-1.8384546,1.7140083
1746708406343,216844361,0.8042034,-1.4045157,1.645071
1746708406360,216861028,0.67525524,-0.6277151,0.28362846
1746708406376,216877695,0.6072572,-0.21019974,-1.301198
1746708406393,216894362,0.244685,-0.16491356,-2.090982
1746708406410,216911029,-0.04105173,-0.25551018,-2.3914294
1746708406426,216927696,-0.43549109,-0.8564526,-2.065051
1746708406443,216944363,-0.18421356,-1.0254596,-1.8332815
1746708406460,216961030,0.120847866,-0.5988977,-2.0728178
1746708406476,216977697,0.082379945,-0.14539719,-2.4473648
1746708406493,216994364,0.133743,0.23101225,-2.5927033
1746708406510,217011031,-0.073773354,0.061550997,-2.514608
1746708406526,217027698,0.27564868,-0.57523096,-2.2137141
1746708406543,217044365,0.24710654,-0.6647968,-2.3817205
1746708406560,217061032,0.18968427,-0.28191242,-2.7730703
1746708406576,217077699,0.016731286,-0.24704261,-2.0784912
1746708406593,217094366,0.65144706,0.24452898,-1.2865982
1746708406610,217111033,1.1618197,0.48573032,-0.67761326
1746708406626,217127700,1.2593759,-0.111550845,-0.46740055
1746708406643,217144367,0.632359,-0.46426168,-0.17497444
1746708406660,217161034,-0.063571334,0.83436495,0.1586008
1746708406676,217177701,-1.4917693,0.7451294,-1.4864225
1746708406693,217194368,-2.2235188,0.030663518,-1.7653427
1746708406710,217211035,-0.352726,0.3867049,-0.9591036
1746708406726,217227702,-0.1756861,0.6798835,-0.49465847
1746708406743,217244369,-1.8345859,0.07869265,-0.14497566
1746708406760,217261036,-1.2512552,-0.7084261,-1.2439318
1746708406776,217277703,0.6317446,0.3790666,-0.3900509
1746708406793,217294370,0.92936015,0.7950577,0.9099722
1746708406810,217311037,0.58553934,-0.07641595,1.2737341
1746708406826,217327704,0.4966259,-0.6094823,0.71022415
1746708406843,217344371,0.45289046,-0.22748187,0.21605015
1746708406860,217361038,0.32843104,0.512555,-0.13264656
1746708406876,217377705,-0.66885513,-0.0036070521,-0.111917496
1746708406893,217394372,-0.8593626,0.14263166,0.9295988
1746708406910,217411039,-0.64325756,0.73247766,1.8494263
1746708406926,217427706,-0.47680432,0.9342571,2.1241255
1746708406943,217444373,0.597877,1.3512882,0.39346504
1746708406960,217461040,0.39322278,2.5997305,2.7299013
1746708406976,217477707,-0.47253656,1.5235045,1.7674732
1746708406993,217494374,0.7881447,1.5249509,-0.0061120987
1746708407010,217511041,1.3963548,2.6785026,0.21084404
1746708407026,217527708,0.43000427,2.6365185,1.6706009
1746708407043,217544375,0.16339266,2.6037989,1.8141184
1746708407060,217561042,-0.9819463,1.2078658,3.7728395
1746708407076,217577709,-1.4699321,-1.7610453,4.570324
1746708407093,217594376,-0.3504359,0.15964547,1.5517244
1746708407110,217611043,-0.6555246,0.57527786,0.7719612
1746708407126,217627710,0.02754909,0.5529317,0.9041176
1746708407143,217644377,-0.012041984,0.6282947,0.63214207
1746708407160,217661044,0.115478195,0.5854549,0.84970474
1746708407176,217677711,0.24741477,0.5189792,1.1959724
1746708407193,217694378,0.20190774,0.63294846,1.0382214
1746708407210,217711045,0.008968234,0.6557222,0.95926
1746708407226,217727712,-0.09572524,0.4862938,0.9588537
1746708407243,217744379,0.034191225,0.28275886,1.3265152
1746708407260,217761046,0.18080612,0.37823132,1.0495749
1746708407276,217777713,0.27699536,0.60032475,1.0852003
1746708407293,217794380,0.2978614,0.76622564,0.963974
1746708407310,217811047,0.2247311,0.73167706,0.87870693
1746708407326,217827714,0.18063512,0.6322397,0.8529358
1746708407343,217844381,0.1311489,0.626885,0.8337488
1746708407360,217861048,0.106110096,0.65328413,0.7347622
1746708407376,217877715,0.07111891,0.66371995,0.7295685
1746708407393,217894382,0.064554565,0.5314787,0.7116928
1746708407410,217911049,0.019910088,0.3404243,0.72587395
1746708407426,217927716,0.0078035076,0.15016204,0.76176643
1746708407443,217944383,0.04394086,0.20628525,0.7354975
1746708407460,217961050,0.082318254,0.2445263,0.6609812
1746708407476,217977717,0.01936315,0.25593084,0.6587477
1746708407493,217994384,-0.03751352,0.28736144,0.63718414
1746708407510,218011051,-0.1269994,0.20415404,0.57019997
1746708407526,218027718,-0.048589706,0.23601046,0.6266823
1746708407543,218044385,-0.01871921,0.27512902,0.99130344
1746708407560,218061052,-0.07797585,0.5912881,1.2255383
1746708407576,218077719,-0.5532987,0.47475737,1.4881611
1746708407593,218094386,-0.37697515,0.11126453,1.3716145
1746708407610,218111053,0.5073628,0.50756997,1.1432142
1746708407626,218127720,0.67533165,1.0238894,1.2596655
1746708407643,218144387,0.36138335,1.3400078,1.6758785
1746708407660,218161054,0.45455876,1.7040693,1.2420664
1746708407676,218177721,0.4633998,2.2490633,1.530879
1746708407693,218194388,0.19759014,2.7531917,1.3700676
1746708407710,218211055,0.103159726,2.9675484,1.440341
1746708407726,218227722,0.2013664,2.8138661,1.6924858
1746708407743,218244389,0.22440767,2.4772863,1.7361517
1746708407760,218261056,0.1654834,2.4569902,1.6487017
1746708407776,218277723,-0.14075683,1.9296144,1.3986893
1746708407793,218294390,-0.87650293,-0.0132366605,3.2145605
1746708407810,218311057,0.28683284,0.7243901,0.9573183
1746708407826,218327724,-0.05243167,-0.4685625,0.6519375
1746708407843,218344391,-0.29269132,-1.006444,-0.32724762
1746708407860,218361058,-0.26666167,-1.9928294,-1.0563974
1746708407876,218377725,-0.4549063,-1.7583816,-1.297308
1746708407893,218394392,-0.7819078,-0.4772737,-0.10805893
1746708407910,218411059,-0.66675615,0.922581,1.6099176
1746708407926,218427726,-0.5193934,1.6818217,2.7431507
1746708407943,218444393,-0.10759489,1.8650032,2.3157177
1746708407960,218461060,0.17470801,1.622879,0.60889626
1746708407976,218477727,0.7618084,0.76937073,0.72640896
1746708407993,218494394,0.818637,-0.19743346,0.39020348
1746708408010,218511061,0.59428006,-0.7455134,0.3846922
1746708408026,218527728,0.3428481,-1.3694085,0.3013916
1746708408043,218544395,0.1890372,-1.5856096,-0.087843895
1746708408060,218561062,0.0342623,-1.3713197,-0.5769577
1746708408076,218577729,0.033569187,-1.1645635,-0.66186714
1746708408093,218594396,-0.33757028,-0.38520223,-0.4756632
1746708408110,218611063,-0.18449631,0.1536913,-0.23813915
1746708408126,218627730,-0.28919134,0.44184354,-0.19274044
1746708408143,218644397,-0.25377193,0.34382775,-0.40762806
1746708408160,218661064,-0.09768298,0.06329909,-0.7727766
1746708408176,218677731,0.0065592113,-0.1557816,-1.2690878
1746708408193,218694398,0.13829306,-0.35195535,-1.6765862
1746708408210,218711065,-0.03469435,-0.53647053,-2.4049058
1746708408226,218727732,0.115133084,-0.7738051,-2.516357
1746708408243,218744399,-0.06563212,-0.85489404,-2.7872777
1746708408260,218761066,-0.2570325,-0.9938221,-2.606347
1746708408276,218777733,-0.2534713,-0.927943,-2.565566
1746708408293,218794400,-0.3502428,-0.8958093,-2.1671715
1746708408310,218811067,-0.30796465,-0.8667628,-1.94842
1746708408326,218827734,-0.476959,-0.7241926,-1.7573738
1746708408343,218844401,-0.46743578,-0.7059324,-1.6061459
1746708408360,218861068,-0.3800945,-0.5676878,-1.4298515
1746708408376,218877735,-0.35132796,-0.50419605,-1.3681622
1746708408393,218894402,-0.2354928,-0.5364912,-0.8539877
1746708408410,218911069,-0.017153725,-0.8629272,-0.5170183
1746708408426,218927736,0.16347492,-0.812688,-0.025549889
1746708408443,218944403,0.07950557,-0.6659385,0.19799328
1746708408460,218961070,-0.1503042,-0.58463925,-0.031013489
1746708408476,218977737,-0.15633145,-0.78286016,-0.12881947
1746708408493,218994404,-0.19771777,-0.9739416,-0.41619587
1746708408510,219011071,0.16083367,-1.3997266,-0.17095375
1746708408526,219027738,0.39415795,-1.7057326,-0.2010603
1746708408543,219044405,0.6874141,-1.5306877,0.21912384
1746708408560,219061072,0.6702378,-1.3794233,0.49451065
1746708408576,219077739,0.35575038,-1.185083,0.6558609
1746708408593,219094406,0.014449889,-1.147816,0.84337616
1746708408610,219111073,-0.16004378,-0.84366393,0.93034935
1746708408626,219127740,-0.14204204,-0.19709842,0.5812321
1746708408643,219144407,0.16612555,0.39725336,0.15244007
1746708408660,219161074,0.38512737,0.6736542,-0.2669201
1746708408676,219177741,0.3535034,0.54485685,-0.6591711
1746708408693,219194408,0.28079775,0.19576941,-0.59997845
1746708408710,219211075,0.26873296,-0.21020946,-0.17325497
1746708408726,219227742,0.4277953,-0.6784557,0.40297222
1746708408743,219244409,0.45126686,-1.1655256,0.89383507
1746708408760,219261076,0.3249525,-1.4734806,0.70487595
1746708408776,219277743,0.11774104,-1.5881218,0.27428246
1746708408793,219294410,0.13949421,-1.561528,-0.12892532
1746708408810,219311077,0.0023254289,-1.6321455,-0.19006634
1746708408826,219327744,-0.07855028,-1.7224275,0.062150955
1746708408843,219344411,0.16556431,-1.6966796,0.26005173
1746708408860,219361078,0.5421631,-1.6183789,0.3950596
1746708408876,219377745,0.8934385,-1.6643043,0.44734097
1746708408893,219394412,0.96019244,-1.7285029,0.75253105
1746708408910,219411079,0.6064423,-1.7141755,1.3358259
1746708408926,219427746,0.29200536,-1.0452881,0.6751375
1746708408943,219444413,0.33184677,0.16161305,-0.24426937
1746708408960,219461080,-0.2650325,-0.27043033,-0.08692837
1746708408976,219477747,0.0459489,-1.2337508,-0.3797388
1746708408993,219494414,-0.29539853,-1.2604022,-0.6023617
1746708409010,219511081,-0.21193074,-0.17679718,-0.5277767
1746708409026,219527748,-0.17921515,0.14176868,-1.8386135
1746708409043,219544415,-0.44996825,-0.067017004,-2.656021
1746708409060,219561082,-0.25738868,-0.33903977,-2.6972108
1746708409076,219577749,-0.14274588,-0.77814114,-2.211833
1746708409093,219594416,-0.064398326,-0.55141497,-1.90594
1746708409110,219611083,0.19431077,0.3449319,-1.583416
1746708409126,219627750,-0.51338714,0.4988693,-2.0567846
1746708409143,219644417,-0.815868,-0.06905947,-2.181849
1746708409160,219661084,-0.16547222,-0.15964748,-1.7560797
1746708409176,219677751,0.29641908,-0.08736004,-0.9702816
1746708409193,219694418,0.00043495622,-0.37598276,-0.7804346
1746708409210,219711085,-0.7603969,-0.8862416,-0.8302231
1746708409226,219727752,-0.697765,-0.35472265,-1.238204
1746708409243,219744419,-0.29834777,0.93404835,-0.8180342
1746708409260,219761086,-0.18628798,0.63064563,-0.9455137
1746708409276,219777753,0.01451359,-0.31924602,-0.96697617
1746708409293,219794420,0.3192905,-0.39635754,-1.0508137
1746708409310,219811087,0.37014192,0.54678535,-1.4048452
1746708409326,219827754,0.5222519,1.3533292,-1.3977451
1746708409343,219844421,0.5004428,0.82414705,-1.2838554
1746708409360,219861088,0.13936636,-0.034505036,-1.0837412
1746708409376,219877755,-0.077046484,0.32593352,0.20139408
1746708409393,219894422,0.13409927,-0.032602716,-0.18157005
1746708409410,219911089,0.3749506,-0.04856199,-0.44188118
1746708409426,219927756,-0.27559483,0.06789541,-0.3150816
1746708409443,219944423,-0.14453912,0.4956782,-0.20602512
1746708409460,219961090,-0.0030936429,0.68766105,-0.5187826
1746708409476,219977757,0.261391,0.408518,-0.49757195
1746708409493,219994424,0.14828117,-0.16398206,-0.03142929
1746708409510,220011091,-0.20845243,-0.7875649,0.4641552
1746708409526,220027758,-0.47620687,-0.8324809,1.1534195
1746708409543,220044425,-0.71518826,-0.47107568,1.6099281
1746708409560,220061092,-0.7987971,-0.1996391,1.7546339
1746708409576,220077759,-0.73773646,0.1740558,2.311061
1746708409593,220094426,0.38095862,0.49396765,-0.1515255
1746708409610,220111093,0.41369298,1.5947402,0.52518845
1746708409626,220127760,0.89756167,2.0414474,-0.23849869
1746708409643,220144427,0.91447824,2.5854156,1.0927887
1746708409660,220161094,1.8920939,3.443292,1.6179819
1746708409676,220177761,0.9103381,2.7242963,1.6200094
1746708409693,220194428,-0.7159779,1.7310005,2.556779
1746708409710,220211095,-2.0454583,0.35172534,3.4262323
1746708409726,220227762,-2.1649492,-0.43137732,2.7120113
1746708409743,220244429,-0.25168452,-0.34281746,1.0386047
1746708409760,220261096,0.24767984,-0.9823564,1.7425041
1746708409776,220277763,0.25963444,-0.09523798,1.5448856
1746708409793,220294430,0.5268359,1.1098093,1.0963211
1746708409810,220311097,0.4188027,1.3877032,1.3363581
1746708409826,220327764,0.23208892,1.1376019,1.4439869
1746708409843,220344431,0.0015388867,0.7017482,1.2135658
1746708409860,220361098,-0.14376152,0.23447359,1.0818911
1746708409876,220377765,-0.20124368,0.045245506,0.86721134
1746708409893,220394432,-0.09715058,0.036677357,0.67854404
1746708409910,220411099,0.119211085,0.24947198,0.65659714
1746708409926,220427766,0.23966199,0.45715663,0.6913891
1746708409943,220444433,0.32668027,0.7125557,0.7437515
1746708409960,220461100,0.3444547,0.65215313,0.8285513
1746708409976,220477767,0.28152126,0.42182013,0.88723755
1746708409993,220494434,0.22156414,0.24514678,0.8818979
1746708410010,220511101,0.103487395,0.18920082,0.8094835
1746708410026,220527768,0.048977055,0.27621886,0.6903868
1746708410043,220544435,0.007293004,0.3427493,0.5492821
1746708410060,220561102,-0.030832719,0.2238109,0.66629124
1746708410076,220577769,-0.019376338,0.1303608,0.78764534
1746708410093,220594436,0.015288956,0.22019088,0.8501158
1746708410110,220611103,0.010296571,0.3779698,0.83523273
1746708410126,220627770,0.008297918,0.50037307,0.7977314
1746708410143,220644437,-0.05231768,0.41298264,0.7607956
1746708410160,220661104,-0.002717694,0.3646549,0.7683201
1746708410176,220677771,-0.012026114,0.36253175,0.9135065
1746708410193,220694438,-0.09206431,0.3617327,1.2013884
1746708410210,220711105,-0.42810443,0.19399025,1.1051235
1746708410226,220727772,-0.031116579,0.3751911,1.3678207
1746708410243,220744439,0.07945327,0.57735294,1.2676191
1746708410260,220761106,0.07668797,0.87284243,1.1854849
1746708410276,220777773,0.16535689,1.3015316,1.4093494
1746708410293,220794440,0.37283638,1.8159596,1.4858828
1746708410310,220811107,0.35907042,1.9962009,1.6226625
1746708410326,220827774,0.40351486,2.0437765,1.758668
1746708410343,220844441,0.5234765,2.3464682,1.7761984
1746708410360,220861108,0.079792336,2.4536974,1.5333185
1746708410376,220877775,0.025938902,2.7277234,1.157031
1746708410393,220894442,0.35509157,3.0749297,0.845541
1746708410410,220911109,0.6242703,3.1249096,0.76095676
1746708410426,220927776,-0.44239762,0.63304746,3.290515
1746708410443,220944443,0.56000704,0.8327098,2.4651566
1746708410460,220961110,-0.1529488,1.3897841,1.6660385
1746708410476,220977777,-0.5272521,0.14716093,0.5481329
1746708410493,220994444,-0.46655646,-1.9512426,-1.2096643
1746708410510,221011111,-0.39462262,-2.974515,-2.0491586
1746708410526,221027778,-0.4483813,-2.6511488,-0.6447077
1746708410543,221044445,-0.81368417,-1.1917653,0.5499706
1746708410560,221061112,-0.72779727,0.3472674,1.1262999
1746708410576,221077779,-0.57901657,0.6523047,2.3389492
1746708410593,221094446,-0.3681808,0.9264804,2.7303152
1746708410610,221111113,-0.093193725,1.3180681,2.102109
1746708410626,221127780,0.08752186,1.2670025,1.4870358
1746708410643,221144447,0.2673823,1.1149551,0.53136635
1746708410660,221161114,0.15540789,0.22683458,0.3957901
1746708410676,221177781,0.002052743,-0.7294875,0.06810188
1746708410693,221194448,-0.25327215,-0.8906242,0.038244247
1746708410710,221211115,-0.24415416,-0.9928108,-0.421937
1746708410726,221227782,-0.21346404,-0.88673353,-0.95348644
1746708410743,221244449,-0.0825221,-0.6463165,-1.1239691
1746708410760,221261116,-0.025961477,-0.32222947,-0.8924322
1746708410776,221277783,0.10603365,-0.21667905,-0.7385349
1746708410793,221294450,0.24432246,-0.28248104,-0.5500698
1746708410810,221311117,0.30354044,-0.31717205,-0.5629015
1746708410826,221327784,0.19010358,-0.21377361,-0.6062336
1746708410843,221344451,0.17652583,-0.35876712,-1.2326822
1746708410860,221361118,0.11273345,-0.6157533,-1.9596496
1746708410876,221377785,0.0987136,-0.6414196,-1.8542633
1746708410893,221394452,-0.04564179,-0.831568,-2.019021
1746708410910,221411119,-0.21621771,-0.9670699,-1.3455801
1746708410926,221427786,-0.2779777,-0.98249567,-1.6612854
1746708410943,221444453,-0.21851923,-0.8984528,-1.7978067
1746708410960,221461120,-0.0054300237,-0.6970674,-1.5840092
1746708410976,221477787,-0.23889802,-0.5924905,-2.3937364
1746708410993,221494454,-0.12293906,-0.61408734,-2.3991303
1746708411010,221511121,-0.06951946,-0.86471516,-2.217022
1746708411026,221527788,0.003426677,-1.1928358,-2.1630168
1746708411043,221544455,0.18890734,-1.0943879,-2.2024865
1746708411060,221561122,0.44404358,-0.88567144,-1.9254527
1746708411076,221577789,0.67290205,-0.8172902,-1.1450596
1746708411093,221594456,0.5407098,-0.77528495,-0.5113201
1746708411110,221611123,0.43978566,-0.7603037,0.65854645
1746708411126,221627790,0.24377373,-0.5883992,1.0757303
1746708411143,221644457,0.15731668,-0.5597203,0.7114992
1746708411160,221661124,0.0952002,-0.5637547,0.2816887
1746708411176,221677791,0.11034767,-0.7704677,-0.12975693
1746708411193,221694458,-0.30291483,-0.90707433,-0.2800722
1746708411210,221711125,-0.57536435,-1.0771599,-0.2086668
1746708411226,221727792,-0.249073,-1.0606565,-0.18904495
1746708411243,221744459,0.14023851,-1.449251,0.23871231
1746708411260,221761126,0.15621231,-1.5637184,0.821043
1746708411276,221777793,0.15897739,-1.3181306,1.0778799
1746708411293,221794460,0.43934533,-0.95743585,0.6193485
1746708411310,221811127,0.54698205,-0.629374,0.09939575
1746708411326,221827794,0.38029432,-0.0734468,-0.6222887
1746708411343,221844461,0.03564026,0.21194616,-0.58216
1746708411360,221861128,-0.18148246,0.09863426,-0.09351826
1746708411376,221877795,-0.090890646,-0.38820064,0.27383137
1746708411393,221894462,0.07699463,-0.97573507,0.4365368
1746708411410,221911129,0.20680268,-1.4056239,0.37014675
1746708411426,221927796,0.33038053,-1.5462439,0.19681358
1746708411443,221944463,0.38429523,-1.7044609,0.031124115
1746708411460,221961130,0.48525602,-1.7698253,-0.3658285
1746708411476,221977797,0.563469,-1.653642,-0.40830612
1746708411493,221994464,0.7570853,-1.7349936,-0.53591156
1746708411510,222011131,1.0164448,-1.8578138,-0.26944923
1746708411526,222027798,0.74742556,-1.8694198,-0.12553978
1746708411543,222044465,0.25650615,-1.8012736,0.025069237
1746708411560,222061132,0.10879403,-0.7614297,0.06117153
1746708411576,222077799,-0.09336807,0.015720561,0.79256725
1746708411593,222094466,-0.571853,0.20615114,0.63185406
1746708411610,222111133,-1.0832008,0.14764573,-0.6649504
1746708411626,222127800,-0.7294258,0.113192104,-1.3883657
1746708411643,222144467,0.05180181,0.040998533,-1.789526
1746708411660,222161134,0.77182186,-0.387012,-2.0182056
1746708411676,222177801,1.0801754,-0.664342,-2.3864713
1746708411693,222194468,0.9652844,-0.53613853,-3.084247
1746708411710,222211135,0.45797357,-0.47866237,-3.6451273
1746708411726,222227802,-0.042945445,-0.43286738,-3.8224025
1746708411743,222244469,-0.26731557,-0.47165155,-3.8950224
1746708411760,222261136,-0.19399606,-0.27414623,-2.4186206
1746708411776,222277803,-0.6854798,0.41030386,-1.3373976
1746708411793,222294470,-1.7395437,-0.24958396,-1.4119291
1746708411810,222311137,-2.7164857,-0.41862658,-0.6958513
1746708411826,222327804,-2.1259313,0.61682534,1.280366
1746708411843,222344471,-1.1666588,1.1645447,1.2546778
1746708411860,222361138,-0.27275622,0.52000177,-0.10178566
1746708411876,222377805,0.65015674,-0.27393726,-0.29928398
1746708411893,222394472,0.7716767,-0.6688185,0.33780193
1746708411910,222411139,0.5431662,-0.52816355,0.04241848
1746708411926,222427806,0.6919722,0.34016684,-0.8287201
1746708411943,222444473,0.44441327,0.08579768,-2.7210183
1746708411960,222461140,0.062669456,0.2998784,-1.1892519
1746708411976,222477807,-0.43237844,-0.66238844,-0.45296192
1746708411993,222494474,0.5784372,-0.45357597,-1.234108
1746708412010,222511141,0.6946689,0.7575274,1.1692123
1746708412026,222527808,-0.1275727,-0.17658328,-0.5474167
1746708412043,222544475,0.17098205,0.31065574,-0.46751595
1746708412060,222561142,-0.26523322,0.7265159,-0.3610897
1746708412076,222577809,-0.4493824,0.22319289,0.8743458
1746708412093,222594476,0.14817835,-0.06498818,2.4705572
1746708412110,222611143,0.18638968,-0.38064256,3.129385
1746708412126,222627810,0.06913345,-0.042073186,2.6277819
1746708412143,222644477,0.046178002,1.3564342,3.6438198
1746708412160,222661144,-0.45159832,1.0959194,2.7027617
1746708412176,222677811,-0.46441656,0.9077234,2.6290884
1746708412193,222694478,-0.24338415,1.096057,2.5614061
1746708412210,222711145,0.22809184,1.7522845,1.1762304
1746708412226,222727812,0.5419456,3.0200431,-0.4731989
1746708412243,222744479,0.37042624,3.2555163,-1.2051668
1746708412260,222761146,-0.13351367,2.1117325,-0.5964117
1746708412276,222777813,-0.122017734,0.90272367,0.31425
1746708412293,222794480,-0.7240068,-0.511707,2.0456514
1746708412310,222811147,-0.9520378,-2.3648574,3.584301
1746708412326,222827814,0.3463063,0.26125064,1.8692217
1746708412343,222844481,0.24996303,0.7658658,1.6338215
1746708412360,222861148,-0.015843492,1.1022164,1.3214312
1746708412376,222877815,0.11413242,0.9234049,1.161561
1746708412393,222894482,-0.046002988,0.35398126,0.7386637
1746708412410,222911149,0.03733091,-0.018482957,0.77790546
1746708412426,222927816,0.13944682,-0.18602939,0.65377617
1746708412443,222944483,0.094455235,0.06420611,0.5242319
1746708412460,222961150,0.11505553,0.2682408,0.69514275
1746708412476,222977817,0.14647229,0.4783166,0.8476019
1746708412493,222994484,0.18932776,0.66762334,0.837307
1746708412510,223011151,0.16052276,0.7174723,0.8182764
1746708412526,223027818,0.12186775,0.6704213,0.7959585
1746708412543,223044485,0.07920629,0.50025797,0.87849236
1746708412560,223061152,0.034670435,0.34479958,0.8698578
1746708412576,223077819,-0.0080415495,0.33030275,0.69000435
1746708412593,223094486,-0.010934031,0.17823593,0.6586647
1746708412610,223111153,0.017864944,0.13750763,0.6214161
1746708412626,223127820,0.023120627,0.07783816,0.6567602
1746708412643,223144487,0.027492316,0.23991188,0.74038124
1746708412660,223161154,0.029299196,0.3248866,0.80978966
1746708412676,223177821,-0.001199147,0.36319068,0.74664783
1746708412693,223194488,-0.05189591,0.3463132,0.7044544
1746708412710,223211155,-0.14146179,0.22969398,0.6760416
1746708412726,223227822,-0.17248137,0.14478432,0.63601017
1746708412743,223244489,-0.20808363,0.16663204,0.6531763
1746708412760,223261156,-0.18358728,0.27865383,0.80665874
1746708412776,223277823,-0.114783734,0.45134822,0.8729706
1746708412793,223294490,-0.16516155,0.3646167,1.1470795
1746708412810,223311157,0.005834135,0.5637459,0.82413673
1746708412826,223327824,-0.17888837,0.46754396,1.9587297
1746708412843,223344491,-0.12948643,0.6669378,1.7333431
1746708412860,223361158,0.21920228,0.99685436,1.3717661
1746708412876,223377825,0.3234952,1.3517492,1.3670387
1746708412893,223394492,0.29551005,1.3557159,1.2362909
1746708412910,223411159,0.2899723,1.7763263,1.6641369
1746708412926,223427826,0.2968422,2.1762135,1.6866102
1746708412943,223444493,0.20849647,2.6729023,1.7497053
1746708412960,223461160,-0.0091191055,3.1483068,1.7242975
1746708412976,223477827,0.33276463,3.085818,1.4463634
1746708412993,223494494,0.28613257,2.9772723,1.751297
1746708413010,223511161,-0.010041543,2.8561885,1.1892929
1746708413026,223527828,-0.12763283,2.824061,1.0416574
1746708413043,223544495,-1.3446819,-1.1066102,4.244955
1746708413060,223561162,1.0238333,0.7479693,1.7152987
1746708413076,223577829,0.033222966,-0.3416905,1.4203663
1746708413093,223594496,-0.29146826,-1.9636213,0.3086748
1746708413110,223611163,-0.11007253,-2.9327533,-0.51938343
1746708413126,223627830,0.09712711,-1.9843073,0.07852554
1746708413143,223644497,-0.2665982,-0.6969836,1.4027386
1746708413160,223661164,-0.54054326,0.548476,1.8476744
1746708413176,223677831,-0.5807948,0.6637872,1.9433174
1746708413193,223694498,-0.47675425,0.45672572,2.056531
1746708413210,223711165,-0.7064558,0.63374305,1.4378805
1746708413226,223727832,-0.39074826,0.8765226,1.1602249
1746708413243,223744499,-0.20297077,0.54079074,0.3306923
1746708413260,223761166,0.0052053933,0.34364557,-0.14955997
1746708413276,223777833,0.0019269052,-0.26577613,-0.084739685
1746708413293,223794500,0.035506822,-0.738692,-0.6856785
1746708413310,223811167,0.13414733,-0.79506886,-1.4867544
1746708413326,223827834,0.3998068,-0.49732515,-1.7967863
1746708413343,223844501,0.61346954,-0.52197117,-1.7641745
1746708413360,223861168,0.27746654,-0.038739488,-1.7028999
1746708413376,223877835,0.06522935,0.062957786,-1.551341
1746708413393,223894502,-0.09676681,0.07198235,-1.9717889
1746708413410,223911169,-0.11823992,-0.04147909,-1.854383
1746708413426,223927836,-0.24568164,-0.075797714,-2.1072807
1746708413443,223944503,-0.21250069,-0.23098858,-2.49507
1746708413460,223961170,0.07382007,-0.58454704,-2.5658412
1746708413476,223977837,0.077304415,-0.8433849,-2.366197
1746708413493,223994504,0.00613476,-0.82416034,-2.2464828
1746708413510,224011171,-0.12635769,-0.7956238,-2.0832496
1746708413526,224027838,-0.27990347,-0.8025834,-1.9505239
1746708413543,224044505,-0.355975,-0.6713633,-2.144164
1746708413560,224061172,-0.45838228,-0.8368628,-2.0758996
1746708413576,224077839,-0.45804185,-1.1116412,-2.1950097
1746708413593,224094506,-0.46497422,-1.3264159,-2.0237932
1746708413610,224111173,-0.30770895,-1.4425561,-1.7541075
1746708413626,224127840,-0.21318151,-1.749493,-1.121727
1746708413643,224144507,-0.16285065,-1.8674921,-0.41154575
1746708413660,224161174,0.006310441,-1.9881089,0.1348772
1746708413676,224177841,0.26344734,-1.9936622,0.36586
1746708413693,224194508,0.4869755,-1.8148239,0.45737743
1746708413710,224211175,0.4971916,-1.5221308,0.63816357
1746708413726,224227842,0.597774,-1.1361077,1.0993891
1746708413743,224244509,0.6121537,-0.7335617,1.378171
1746708413760,224261176,0.35819158,-0.57858473,1.1508656
1746708413776,224277843,0.03744423,-0.50975573,0.31398106
1746708413793,224294510,-0.08881131,-0.6278302,-0.2826662
1746708413810,224311177,0.12218694,-0.6618628,-0.43789196
1746708413826,224327844,0.30423445,-0.60018635,-0.19320202
1746708413843,224344511,0.41019857,-0.6354156,0.15211487
1746708413860,224361178,0.23005004,-0.6999771,0.17372608
1746708413876,224377845,-0.015969554,-0.7197231,0.17673016
1746708413893,224394512,-0.16962242,-0.80461377,0.03287506
1746708413910,224411179,0.034354165,-0.99328643,0.03815174
1746708413927,224427846,0.3096647,-1.1375684,0.108044624
1746708413943,224444513,0.28977293,-1.1753275,0.20847797
1746708413960,224461180,0.13564979,-1.2070495,-0.20653057
1746708413977,224477847,0.08480998,-1.4510375,-0.33991146
1746708413993,224494514,0.107307896,-1.6067314,-0.52806187
1746708414010,224511181,0.254225,-1.9263176,-0.18835068
1746708414027,224527848,0.41869923,-1.9367572,0.004948616
1746708414043,224544515,0.30162582,-1.7022603,-0.14192104
1746708414060,224561182,0.108117685,-1.32894,0.15461731
1746708414077,224577849,0.50212497,-0.995906,0.22036648
1746708414093,224594516,0.59727263,-0.99262464,-0.2002821
1746708414110,224611183,-0.12868737,-0.60504556,-1.256504
1746708414127,224627850,-0.5362415,0.12861182,-2.4091358
1746708414143,224644517,-0.6887134,0.21343498,-2.7142453
1746708414160,224661184,-0.4186145,-0.90798604,-2.1683497
1746708414177,224677851,-0.36983883,-1.494844,-1.807581
1746708414193,224694518,-0.111315936,-1.2430385,-1.7048559
1746708414210,224711185,-0.0043723607,-0.7138516,-1.2033272
1746708414227,224727852,0.35187042,-0.22220562,-0.73897076
1746708414243,224744519,0.34495133,0.18620127,-0.514575
1746708414260,224761186,0.2675942,0.5736525,-0.23771763
1746708414277,224777853,0.13967794,0.5169703,-1.3292093
1746708414293,224794520,-0.28376478,0.054256205,-2.2031784
1746708414310,224811187,-0.48526752,0.4103745,-2.2906785
1746708414327,224827854,-0.8942238,-0.017705131,-2.6234598
1746708414343,224844521,-0.57261986,-0.25524643,-1.7839441
1746708414360,224861188,-0.105341434,0.2656713,-0.81201935
1746708414377,224877855,-0.17723908,0.11842298,-1.181263
1746708414393,224894522,-0.6463532,0.15915374,-0.68786526
1746708414410,224911189,-0.9584113,-0.17475607,-0.56064415
1746708414427,224927856,-0.34432998,0.36089697,-0.42281342
1746708414443,224944523,-0.18822764,0.53877777,-0.61907196
1746708414460,224961190,-0.44371098,0.25791943,-0.70486164
1746708414477,224977857,-1.1624589,-0.4253371,-0.6171255
1746708414493,224994524,-1.3036625,0.06219047,0.3979435
1746708414510,225011191,-0.33025044,0.5282201,-0.52681446
1746708414527,225027858,0.29953864,1.0668625,-0.1520853
1746708414543,225044525,0.21571034,0.15823577,0.2171259
1746708414560,225061192,0.4278769,-0.85539526,-0.10822487
1746708414577,225077859,0.13842203,-0.6064016,1.0290995
1746708414593,225094526,-0.18181214,-0.07270027,1.3672752
1746708414610,225111193,-0.26417914,0.58028656,2.6338577
1746708414627,225127860,0.05532393,0.6130017,3.7482033
1746708414643,225144527,0.6294789,0.7671776,3.375064
1746708414660,225161194,0.990761,1.7706907,2.5033293
1746708414677,225177861,0.19567353,2.109901,3.7684317
1746708414693,225194528,0.3195681,1.0425686,2.8531618
1746708414710,225211195,0.9311666,1.5987186,1.3473005
1746708414727,225227862,0.83173406,2.2908978,-0.4360733
1746708414743,225244529,1.1312197,2.3076465,-1.8932467
1746708414760,225261196,0.8921251,1.9670535,-1.8784661
1746708414777,225277863,0.6139069,1.7137821,-1.7771835
1746708414793,225294530,0.30997336,1.3990548,-0.080818176
1746708414810,225311197,-4.230461,-4.175702,7.7131157
1746708414827,225327864,0.610459,0.35011226,2.4390364
1746708414843,225344531,-0.4739427,0.18536757,0.8502159
1746708414860,225361198,-0.1954471,0.8494695,0.49857712
1746708414877,225377865,0.06834356,0.31240228,1.1621923
1746708414893,225394532,0.19147907,-0.055993795,0.7592449
1746708414910,225411199,0.086661786,-0.16136675,0.624733
1746708414927,225427866,0.14595775,-0.07865555,0.5465393
1746708414943,225444533,0.1749094,0.13573316,0.42328358
1746708414960,225461200,0.049373563,0.20844528,0.65380955
1746708414977,225477867,0.11638744,0.5034824,0.83823013
1746708414993,225494534,0.1749845,0.6367779,0.90179443
1746708415010,225511201,0.12597525,0.7801306,0.94223213
1746708415027,225527868,0.062493104,0.79128975,0.88421917
1746708415043,225544535,0.011506894,0.5172389,0.7145376
1746708415060,225561202,-0.08033838,0.35045937,0.7766094
1746708415077,225577869,-0.27879128,0.22143897,0.83983517
1746708415093,225594536,-0.23077244,0.23357908,0.7659197
1746708415110,225611203,-0.11474172,0.3345629,0.58585453
1746708415127,225627870,-0.06546024,0.52523667,0.52706623
1746708415143,225644537,-0.07270519,0.5336468,0.5813284
1746708415160,225661204,-0.073767096,0.33262596,0.60506344
1746708415177,225677871,-0.20510979,0.13308096,0.62585735
1746708415193,225694538,-0.0807863,0.10455333,0.7171278
1746708415210,225711205,-0.10310452,0.13445266,0.665884
1746708415227,225727872,-0.060462937,0.21051903,0.58933926
1746708415243,225744539,-0.09386739,0.2375527,0.5464153
1746708415260,225761206,-0.13135923,0.19981052,0.6209488
1746708415277,225777873,-0.1567559,0.22764325,0.6992712
1746708415293,225794540,-0.18473837,0.34991154,0.75240993
1746708415310,225811207,-0.09694561,0.48569813,0.7106056
1746708415327,225827874,-0.015561866,0.5149363,0.78657055
1746708415343,225844541,-0.026688118,0.5160561,1.0465412
1746708415360,225861208,-0.14657041,0.46344563,1.3499737
1746708415377,225877875,-0.38030484,0.68589044,1.4030733
1746708415393,225894542,-0.20619562,0.44883546,1.4885559
1746708415410,225911209,0.44260484,0.45495594,0.6713877
1746708415427,225927876,0.32815233,1.1287644,1.3217096
1746708415443,225944543,0.112175785,1.548143,1.0123405
1746708415460,225961210,-0.08191616,1.8736684,1.2598305
1746708415477,225977877,0.080259256,2.2124815,1.6442823
1746708415493,225994544,0.31559515,3.0152097,1.9690781
1746708415510,226011211,0.058875546,2.9237535,2.045024
1746708415527,226027878,-0.31530795,1.793983,3.0661802
1746708415543,226044545,0.32418028,2.310139,3.6478434
1746708415560,226061212,0.12386708,2.7588298,2.6768131
1746708415577,226077879,-0.15143226,2.4765897,2.5831919
1746708415593,226094546,-0.41956645,1.6898218,1.6421995
1746708415610,226111213,0.13422713,0.62260675,-0.1079731
1746708415627,226127880,-0.133283,-1.4050038,-0.011425972
1746708415643,226144547,-0.16690516,-3.1603975,-0.9579487
1746708415660,226161214,-0.4945841,-3.2891958,-1.391695
1746708415677,226177881,-0.67899126,-1.8244808,0.5467806
1746708415693,226194548,-0.30488464,-0.36195487,1.7275476
1746708415710,226211215,-0.017186582,0.41867396,2.9825735
1746708415727,226227882,-0.39702496,0.9370635,3.7513418
1746708415743,226244549,-0.22163679,1.1787883,2.3612728
1746708415760,226261216,-0.08221321,1.1416105,0.73263454
1746708415777,226277883,0.055458706,0.84992343,-0.010879517
1746708415793,226294550,-0.25421157,0.4900488,-0.32224083
1746708415810,226311217,-0.33298177,-0.33509487,-0.38157558
1746708415827,226327884,-0.3111146,-0.8425285,-0.8797941
1746708415843,226344551,-0.12686528,-1.0897057,-1.2113667
1746708415860,226361218,0.22167121,-0.9951224,-1.7282944
1746708415877,226377885,0.119245276,-0.78504324,-1.8379693
1746708415893,226394552,-0.07538667,-0.5528214,-1.8032446
1746708415910,226411219,-0.09721294,-0.32291856,-1.9796844
1746708415927,226427886,0.14841305,-0.19694665,-1.766016
1746708415943,226444553,-0.0339733,-0.0014523872,-1.7516394
1746708415960,226461220,-0.046241924,-0.08064459,-1.7579298
1746708415977,226477887,-0.13272467,-0.1920372,-1.5411863
1746708415993,226494554,-0.14522307,-0.45551515,-1.651474
1746708416010,226511221,0.013575506,-0.89799863,-1.8502364
1746708416027,226527888,0.030657707,-1.1391531,-2.2099266
1746708416043,226544555,0.24810877,-1.0595459,-2.0140615
1746708416060,226561222,0.2782115,-0.97497153,-1.7191801
1746708416077,226577889,0.053930324,-0.9798176,-1.5390005
1746708416093,226594556,-0.04804076,-0.8560035,-1.6785908
1746708416110,226611223,-0.3015972,-0.742556,-2.228828
1746708416127,226627890,-0.09592841,-0.7685608,-1.9997354
1746708416143,226644557,-0.1385331,-0.9315789,-1.5929031
1746708416160,226661224,0.07250403,-0.8627508,-1.2690678
1746708416177,226677891,0.07930441,-0.76299256,-0.7269211
1746708416193,226694558,0.18162753,-0.7863445,-0.3972559
1746708416210,226711225,0.40108147,-0.6365629,-0.20803928
1746708416227,226727892,0.27634516,-0.75477844,-0.26341057
1746708416243,226744559,0.08241079,-0.8486137,-0.16146755
1746708416260,226761226,-0.17525539,-1.1022615,-0.120622635
1746708416277,226777893,-0.098447844,-1.348669,-0.27139568
1746708416293,226794560,-0.064338654,-1.2973924,-0.20990562
1746708416310,226811227,-0.041359954,-1.2385058,0.12325668
1746708416327,226827894,-0.21386255,-1.3488294,0.39007854
1746708416343,226844561,-0.28872576,-1.2836231,0.7495632
1746708416360,226861228,-0.20061249,-0.8707193,0.8344765
1746708416377,226877895,0.10247152,-0.4864621,0.90113926
1746708416393,226894562,0.27314827,-0.43904895,0.8324108
1746708416410,226911229,0.3770489,-0.50670767,0.48814487
1746708416427,226927896,0.5028811,-0.47671402,-0.08286095
1746708416443,226944563,0.7688184,-0.4431037,-0.4756565
1746708416460,226961230,0.8302449,-0.56000644,-0.6059189
1746708416477,226977897,0.7241008,-0.8845676,-0.34990978
1746708416493,226994564,0.5120722,-1.2928916,-0.080818176
1746708416510,227011231,0.24027933,-1.6275474,0.16861916
1746708416527,227027898,0.28610462,-1.5049845,0.18287277
1746708416543,227044565,0.35297322,-1.2214317,0.070064545
1746708416560,227061232,0.43174455,-1.1409242,0.021249771
1746708416577,227077899,0.3272498,-1.3804007,0.024036407
1746708416593,227094566,0.1287428,-1.4663434,-0.16673279
1746708416610,227111233,0.0053484417,-1.233617,-0.34185696
1746708416627,227127900,0.21264777,-0.8683395,-0.66734505
1746708416643,227144567,0.24683072,-0.63042825,-0.98826504
1746708416660,227161234,-0.13638358,-0.743019,-0.97712326
1746708416677,227177901,-0.22057576,-0.8297764,-0.54323673
1746708416693,227194568,-0.08578405,-0.34908903,-0.5680599
1746708416710,227211235,0.10544514,0.29790655,-1.0462723
1746708416727,227227902,0.5158625,0.46651658,-2.1998444
1746708416743,227244569,0.6115416,-0.40127483,-2.3633652
1746708416760,227261236,0.60141635,-0.956283,-1.992075
1746708416777,227277903,0.3371903,-0.82938236,-1.9426751
1746708416793,227294570,0.19060828,-0.69292045,-2.0428386
1746708416810,227311237,0.31138775,-0.33573154,-2.401311
1746708416827,227327904,0.32402292,-0.3069214,-2.4440947
1746708416843,227344571,-0.20238517,-0.47614542,-1.9185901
1746708416860,227361238,-0.979782,-0.22362918,-1.1671209
1746708416877,227377905,-1.623361,-0.045223154,-0.89275837
1746708416893,227394572,-1.9293339,0.43769157,-0.26979256
1746708416910,227411239,-2.13573,0.40684184,-0.39993572
1746708416927,227427906,-1.7513536,0.57991105,-0.6825533
1746708416943,227444573,-1.061543,0.4733698,-1.5865631
1746708416960,227461240,0.44394344,-0.22960144,-0.96857643
1746708416977,227477907,0.10791675,-0.26397038,-0.5057268
1746708416993,227494574,-0.5314597,-0.04928036,0.17403603
1746708417010,227511241,-0.54593843,-0.0804441,0.35250378
1746708417027,227527908,0.5503206,-0.038003236,0.20217419
1746708417043,227544575,1.0287952,-0.24000888,0.054009438
1746708417060,227561242,0.47281975,-0.23050064,0.55492973
1746708417077,227577909,-0.2949097,-0.060767807,0.5310583
1746708417093,227594576,-0.48052984,0.23709807,-0.09853649
1746708417110,227611243,-0.69730586,0.4548663,0.15476894
1746708417127,227627910,-0.010430902,0.3602363,-0.3561859
1746708417143,227644577,0.25362575,0.3476505,0.33498573
1746708417160,227661244,0.18636599,-0.113408014,0.89007854
1746708417177,227677911,0.3081019,0.27964735,2.5517178
1746708417193,227694578,0.31078425,0.35530916,3.1119957
1746708417210,227711245,0.071025044,0.5895308,3.4154377
1746708417227,227727912,-0.07805542,1.0134006,2.9830189
1746708417243,227744579,-0.06036593,1.2581826,2.1718826
1746708417260,227761246,0.054577395,1.0685906,1.2434349
1746708417277,227777913,0.4488462,1.3103907,0.0022535324
1746708417293,227794580,0.6167547,2.1940532,-0.9253416
1746708417310,227811247,0.6654633,2.8346913,-1.5387697
1746708417327,227827914,0.3407625,2.7107959,-0.50100136
1746708417343,227844581,0.27052712,2.1199088,-0.3782158
1746708417360,227861248,-3.0777898,-3.3730366,6.9437294
1746708417377,227877915,0.36872172,0.009700686,2.5241318
1746708417393,227894582,-0.67819285,0.12726313,1.4847193
1746708417410,227911249,-0.58203757,0.7038955,1.0081778
1746708417427,227927916,-0.26555395,0.527612,1.285902
1746708417443,227944583,-0.225388,0.42053628,0.7822857
1746708417460,227961250,-0.14264329,0.23064794,0.36387634
1746708417477,227977917,0.02475719,0.09970779,0.250988
1746708417493,227994584,0.16044609,-0.012782482,0.30343628
1746708417510,228011251,0.13108096,-0.070381545,0.5056057
1746708417527,228027918,0.06986836,-0.034985367,0.69158936
1746708417543,228044585,0.112690985,0.23949033,0.88643265
1746708417560,228061252,0.1682724,0.5027075,0.8681812
1746708417577,228077919,0.20410667,0.6872288,0.8270397
1746708417593,228094586,0.22584441,0.66602904,0.8570776
1746708417610,228111253,0.2195152,0.5547493,0.78019714
1746708417627,228127920,0.21110038,0.4455076,0.6800289
1746708417643,228144587,0.14532164,0.29123157,0.7144127
1746708417660,228161254,0.054043867,0.29683572,0.6935034
1746708417677,228177921,0.0014503755,0.3787912,0.6444807
1746708417693,228194588,-0.07550715,0.41202065,0.6321621
1746708417710,228211255,-0.091236204,0.35512388,0.69758224
1746708417727,228227922,-0.096075706,0.32358193,0.6598749
1746708417743,228244589,-0.049741242,0.33668828,0.6377764
1746708417760,228261256,-0.05813259,0.38110837,0.6384239
1746708417777,228277923,-0.057660755,0.38962442,0.58946896
1746708417793,228294590,-0.10289061,0.25554818,0.6316614
1746708417810,228311257,-0.09834525,0.17686088,0.64859104
1746708417827,228327924,-0.11669522,0.20344149,0.64167786
1746708417843,228344591,-0.092869185,0.17782311,0.7750473
1746708417860,228361258,-0.086917706,0.26193887,0.75018597
1746708417877,228377925,-0.055283695,0.42655122,0.6686487
1746708417893,228394592,-0.036466587,0.40078935,0.70240116
1746708417910,228411259,-0.015373444,0.4246869,0.9775953
1746708417927,228427926,0.014966651,0.5970668,1.1167603
1746708417943,228444593,-0.07620697,0.64334786,1.2434692
1746708417960,228461260,-0.47136268,0.9464857,1.837575
1746708417977,228477927,-0.2932034,0.911567,1.7764864
1746708417993,228494594,0.5987029,1.2551528,1.0023165
1746708418010,228511261,0.5377811,2.073363,1.7535868
1746708418027,228527928,0.104668215,2.7342012,1.6397276
1746708418043,228544595,0.054510564,2.807341,1.626133
1746708418060,228561262,0.25238657,2.536506,1.573658
1746708418077,228577929,-0.25861254,1.9077691,2.378684
1746708418093,228594596,-0.0317375,1.9487022,2.0055704
1746708418110,228611263,-0.2587187,2.0732667,2.0284986
1746708418127,228627930,-0.161951,1.9126415,2.4223156
1746708418143,228644597,-0.43370497,1.2276089,1.6316824
1746708418160,228661264,-0.060317654,-0.28995284,-0.35192108
1746708418177,228677931,0.14982699,-2.3794215,-1.4069471
1746708418193,228694598,-0.003561232,-3.2458327,-1.2560616
1746708418210,228711265,-0.41674125,-2.3976636,0.075208664
1746708418227,228727932,-0.82857996,-1.0765938,1.3792648
1746708418243,228744599,-0.38165352,0.021331405,2.0681171
1746708418260,228761266,-0.07558448,0.59924966,3.0105944
1746708418277,228777933,0.22875188,0.5186169,3.1511393
1746708418293,228794600,0.48924237,0.9243479,3.015685
1746708418310,228811267,0.42996046,1.4047678,2.2226305
1746708418327,228827934,0.40394402,1.0907403,1.0589142
1746708418343,228844601,0.35701367,0.3171298,0.41730404
1746708418360,228861268,-0.17639866,-0.29436165,0.45774555
1746708418377,228877935,-0.3328915,-0.7451287,-0.23317146
1746708418393,228894602,-0.38521028,-0.6714743,-0.8413067
1746708418410,228911269,-0.509053,-0.39631575,-1.2611275
1746708418427,228927936,-0.36459523,-0.28616253,-1.7024202
1746708418443,228944603,-0.15520494,-0.08755896,-1.8927064
1746708418460,228961270,-0.23553047,0.08642441,-2.182981
1746708418477,228977937,-0.26111218,0.10797509,-2.2580633
1746708418493,228994604,-0.23275578,0.0044633304,-2.1366763
1746708418510,229011271,-0.21885897,-0.13184917,-2.1281924
1746708418527,229027938,-0.016431108,-0.20963526,-2.2058625
1746708418543,229044605,0.07085092,-0.40617847,-2.3811545
1746708418560,229061272,0.104819976,-0.5280855,-1.7882261
1746708418577,229077939,-0.2988784,-0.38721675,-1.773077
1746708418593,229094606,-0.1799675,-0.32492325,-1.5965691
1746708418610,229111273,-0.017615056,-0.42727697,-1.3786516
1746708418627,229127940,0.11983245,-0.3251548,-1.1301985
1746708418643,229144607,0.03865545,-0.3214988,-1.4532804
1746708418660,229161274,-0.07539271,-0.44102952,-1.3988523
1746708418677,229177941,-0.25307947,-0.59473604,-1.7512064
1746708418693,229194608,-0.49879363,-0.21072757,-2.165378
1746708418710,229211275,-0.42410555,-0.47730142,-1.5949802
1746708418727,229227942,-0.57189715,-0.8150925,-1.6925974
1746708418743,229244609,-0.1498889,-1.4712158,-2.034573
1746708418760,229261276,-0.27061182,-1.6055924,-1.7285814
