timestamp_ms,timestamp_μs,freeAcceleration_m/s²_x,freeAcceleration_m/s²_y,freeAcceleration_m/s²_z
1751443826588,798716398,-0.57200176,0.054462507,0.87324715
1751443826588,798716398,-0.57200176,0.054462507,0.87324715
1751443826605,798733065,-0.46467772,0.08638776,0.6961117
1751443826605,798733065,-0.46467772,0.08638776,0.6961117
1751443826621,798749732,-0.49405596,0.02910541,0.33048916
1751443826621,798749732,-0.49405596,0.02910541,0.33048916
1751443826638,798766399,-0.564677,-0.5201913,-0.12140751
1751443826638,798766399,-0.564677,-0.5201913,-0.12140751
1751443826655,798783066,-0.43454808,-0.9337979,-0.41177368
1751443826655,798783066,-0.43454808,-0.9337979,-0.41177368
1751443826671,798799733,-0.06828378,-1.4327502,-0.44662476
1751443826671,798799733,-0.06828378,-1.4327502,-0.44662476
1751443826688,798816400,0.014050248,-1.7612364,-0.4913025
1751443826688,798816400,0.014050248,-1.7612364,-0.4913025
1751443826705,798833067,-0.1022282,-1.6362157,-0.45294857
1751443826705,798833067,-0.1022282,-1.6362157,-0.45294857
1751443826721,798849734,0.10234002,-1.3721777,-0.34919453
1751443826721,798849734,0.10234002,-1.3721777,-0.34919453
1751443826738,798866401,0.26523262,-1.1041372,-0.18235779
1751443826738,798866401,0.26523262,-1.1041372,-0.18235779
1751443826755,798883068,0.41734472,-1.0207943,0.06501198
1751443826755,798883068,0.41734472,-1.0207943,0.06501198
1751443826771,798899735,0.2669445,-0.77478296,0.25164223
1751443826771,798899735,0.2669445,-0.77478296,0.25164223
1751443826788,798916402,-0.2371159,-0.68413436,0.02440834
1751443826788,798916402,-0.2371159,-0.68413436,0.02440834
1751443826805,798933069,-0.80801904,-0.5408334,-0.326622
1751443826805,798933069,-0.80801904,-0.5408334,-0.326622
1751443826821,798949736,-1.1548111,-0.24337889,-0.5218735
1751443826821,798949736,-1.1548111,-0.24337889,-0.5218735
1751443826838,798966403,-1.4069632,0.02561302,-0.6653137
1751443826838,798966403,-1.4069632,0.02561302,-0.6653137
1751443826855,798983070,-1.3499303,0.007800379,-0.70984554
1751443826855,798983070,-1.3499303,0.007800379,-0.70984554
1751443826871,798999737,-1.1083452,-0.06563637,-0.44577026
1751443826871,798999737,-1.1083452,-0.06563637,-0.44577026
1751443826888,799016404,-1.0307814,-0.1297714,0.054701805
1751443826888,799016404,-1.0307814,-0.1297714,0.054701805
1751443826905,799033071,-1.1712655,-0.21656215,0.40672493
1751443826905,799033071,-1.1712655,-0.21656215,0.40672493
1751443826921,799049738,-1.2312711,-0.35278457,0.3977375
1751443826921,799049738,-1.2312711,-0.35278457,0.3977375
1751443826938,799066405,-1.3550038,-0.35808676,0.10343361
1751443826938,799066405,-1.3550038,-0.35808676,0.10343361
1751443826955,799083072,-1.357867,-0.3665533,-0.25958824
1751443826955,799083072,-1.357867,-0.3665533,-0.25958824
1751443826971,799099739,-1.2518173,-0.47608304,-0.58918
1751443826971,799099739,-1.2518173,-0.47608304,-0.58918
1751443826988,799116406,-1.1616862,-0.47685158,-0.8413439
1751443826988,799116406,-1.1616862,-0.47685158,-0.8413439
1751443827005,799133073,-1.1596866,-0.45895392,-0.94994926
1751443827005,799133073,-1.1596866,-0.45895392,-0.94994926
1751443827021,799149740,-1.3359232,-0.4569062,-1.0577984
1751443827021,799149740,-1.3359232,-0.4569062,-1.0577984
1751443827038,799166407,-1.2397242,-0.44672194,-0.6846237
1751443827038,799166407,-1.2397242,-0.44672194,-0.6846237
1751443827055,799183074,-0.7698692,-0.2927937,-0.2694769
1751443827055,799183074,-0.7698692,-0.2927937,-0.2694769
1751443827071,799199741,-0.3367541,-0.21462965,-0.22525406
1751443827071,799199741,-0.3367541,-0.21462965,-0.22525406
1751443827088,799216408,-0.32767993,-0.2615439,-0.28526592
1751443827088,799216408,-0.32767993,-0.2615439,-0.28526592
1751443827105,799233075,-0.40062922,-0.0673382,-0.062561035
1751443827105,799233075,-0.40062922,-0.0673382,-0.062561035
1751443827121,799249742,-0.19422857,0.38918635,0.7034416
1751443827121,799249742,-0.19422857,0.38918635,0.7034416
1751443827138,799266409,-0.017615614,0.5953614,1.1376419
1751443827138,799266409,-0.017615614,0.5953614,1.1376419
1751443827155,799283076,-0.36855745,0.5226701,0.8309479
1751443827155,799283076,-0.36855745,0.5226701,0.8309479
1751443827171,799299743,-0.9944641,0.20797612,0.04827881
1751443827171,799299743,-0.9944641,0.20797612,0.04827881
1751443827188,799316410,-1.2473007,-0.14624643,-0.606514
1751443827188,799316410,-1.2473007,-0.14624643,-0.606514
1751443827205,799333077,-1.1852597,-0.5899302,-1.1645851
1751443827205,799333077,-1.1852597,-0.5899302,-1.1645851
1751443827221,799349744,-1.0437114,-0.81171,-1.1465721
1751443827221,799349744,-1.0437114,-0.81171,-1.1465721
1751443827238,799366411,-0.9689608,-0.6208637,-1.0455217
1751443827238,799366411,-0.9689608,-0.6208637,-1.0455217
1751443827255,799383078,-0.4446791,-0.24074513,-1.2027273
1751443827255,799383078,-0.4446791,-0.24074513,-1.2027273
1751443827271,799399745,-0.24484174,-0.121766396,-2.1013174
1751443827271,799399745,-0.24484174,-0.121766396,-2.1013174
1751443827288,799416412,-0.22578642,-0.47149935,-3.365816
1751443827288,799416412,-0.22578642,-0.47149935,-3.365816
1751443827305,799433079,-0.5376074,-1.4813614,-3.7695365
1751443827305,799433079,-0.5376074,-1.4813614,-3.7695365
1751443827321,799449746,-0.39420965,-2.120166,-3.5976386
1751443827321,799449746,-0.39420965,-2.120166,-3.5976386
1751443827338,799466413,-0.058079828,-1.3497498,-2.3640127
1751443827338,799466413,-0.058079828,-1.3497498,-2.3640127
1751443827355,799483080,0.33401185,-0.23957002,-1.3410044
1751443827355,799483080,0.33401185,-0.23957002,-1.3410044
1751443827371,799499747,0.33641556,0.12012,-0.8057718
1751443827371,799499747,0.33641556,0.12012,-0.8057718
1751443827388,799516414,0.34665114,0.19678539,-1.1606407
1751443827388,799516414,0.34665114,0.19678539,-1.1606407
1751443827405,799533081,-0.09971188,0.78572786,-1.0802584
1751443827405,799533081,-0.09971188,0.78572786,-1.0802584
1751443827421,799549748,-0.21087433,1.2119917,-0.5444908
1751443827421,799549748,-0.21087433,1.2119917,-0.5444908
1751443827438,799566415,-0.17160857,1.1651732,-0.06678295
1751443827438,799566415,-0.17160857,1.1651732,-0.06678295
1751443827455,799583082,-0.18167524,1.7123345,0.6898289
1751443827455,799583082,-0.18167524,1.7123345,0.6898289
1751443827471,799599749,0.5951326,1.6772773,1.0897856
1751443827471,799599749,0.5951326,1.6772773,1.0897856
1751443827488,799616416,0.7154961,0.9978944,0.0066404343
1751443827488,799616416,0.7154961,0.9978944,0.0066404343
1751443827505,799633083,0.44723377,0.5524639,-1.2598362
1751443827505,799633083,0.44723377,0.5524639,-1.2598362
1751443827521,799649750,0.65651935,0.68188506,-0.9676485
1751443827521,799649750,0.65651935,0.68188506,-0.9676485
1751443827538,799666417,1.140686,1.0613787,0.10726738
1751443827538,799666417,1.140686,1.0613787,0.10726738
1751443827555,799683084,1.9230096,0.49831253,1.7853928
1751443827555,799683084,1.9230096,0.49831253,1.7853928
1751443827571,799699751,1.0454195,-0.4923463,0.66764545
1751443827571,799699751,1.0454195,-0.4923463,0.66764545
1751443827588,799716418,1.0249834,-1.17147,0.45947838
1751443827588,799716418,1.0249834,-1.17147,0.45947838
1751443827605,799733085,0.8627276,-1.095408,0.39698887
1751443827605,799733085,0.8627276,-1.095408,0.39698887
1751443827621,799749752,0.48865426,-0.4167502,0.20885181
1751443827621,799749752,0.48865426,-0.4167502,0.20885181
1751443827638,799766419,-0.12728325,0.12135077,-0.40079117
1751443827638,799766419,-0.12728325,0.12135077,-0.40079117
1751443827655,799783086,-0.6388953,0.73136747,-0.70276546
1751443827655,799783086,-0.6388953,0.73136747,-0.70276546
1751443827671,799799753,-0.721856,0.7281674,-0.794055
1751443827671,799799753,-0.721856,0.7281674,-0.794055
1751443827688,799816420,-0.32935333,0.6038958,-0.16757488
1751443827688,799816420,-0.32935333,0.6038958,-0.16757488
1751443827705,799833087,-0.3244556,0.22464147,0.05432701
1751443827705,799833087,-0.3244556,0.22464147,0.05432701
1751443827721,799849754,-0.23248991,0.17583853,0.33208752
1751443827721,799849754,-0.23248991,0.17583853,0.33208752
1751443827738,799866421,0.34821123,0.22240299,0.38628006
1751443827738,799866421,0.34821123,0.22240299,0.38628006
1751443827755,799883088,0.7042152,0.07753709,0.20653248
1751443827755,799883088,0.7042152,0.07753709,0.20653248
1751443827771,799899755,0.88286203,0.15836631,0.5882244
1751443827771,799899755,0.88286203,0.15836631,0.5882244
1751443827788,799916422,0.92869323,0.4671526,1.2430506
1751443827788,799916422,0.92869323,0.4671526,1.2430506
1751443827805,799933089,0.7731666,0.4085086,1.7693224
1751443827805,799933089,0.7731666,0.4085086,1.7693224
1751443827821,799949756,0.32593971,0.6097905,2.0436335
1751443827821,799949756,0.32593971,0.6097905,2.0436335
1751443827838,799966423,0.4376056,0.89185673,2.6384125
1751443827838,799966423,0.4376056,0.89185673,2.6384125
1751443827855,799983090,0.58639854,0.8457373,2.2507467
1751443827855,799983090,0.58639854,0.8457373,2.2507467
1751443827871,799999757,1.0765162,1.1758306,1.2541094
1751443827871,799999757,1.0765162,1.1758306,1.2541094
1751443827888,800016424,1.1703901,1.6067262,1.0998678
1751443827888,800016424,1.1703901,1.6067262,1.0998678
1751443827905,800033091,0.39426818,1.2830977,0.16347694
1751443827905,800033091,0.39426818,1.2830977,0.16347694
1751443827921,800049758,0.12751548,1.4212787,0.33027554
1751443827921,800049758,0.12751548,1.4212787,0.33027554
1751443827938,800066425,0.8007323,1.5031796,1.5579424
1751443827938,800066425,0.8007323,1.5031796,1.5579424
1751443827955,800083092,-0.09519934,0.5144864,2.3092632
1751443827955,800083092,-0.09519934,0.5144864,2.3092632
1751443827971,800099759,-0.38820508,0.28467706,0.50616074
1751443827971,800099759,-0.38820508,0.28467706,0.50616074
1751443827988,800116426,-0.5191845,0.32556605,-0.51005554
1751443827988,800116426,-0.5191845,0.32556605,-0.51005554
1751443828005,800133093,-0.06707604,0.54241765,0.3172531
1751443828005,800133093,-0.06707604,0.54241765,0.3172531
1751443828021,800149760,0.062185217,0.6955353,1.1940765
1751443828021,800149760,0.062185217,0.6955353,1.1940765
1751443828038,800166427,0.27063897,0.9131508,1.2365589
1751443828038,800166427,0.27063897,0.9131508,1.2365589
1751443828055,800183094,0.5956428,1.1440455,0.89480114
1751443828055,800183094,0.5956428,1.1440455,0.89480114
1751443828071,800199761,0.97849077,1.2599748,0.75787354
1751443828071,800199761,0.97849077,1.2599748,0.75787354
1751443828088,800216428,1.3720272,1.3382044,0.7255039
1751443828088,800216428,1.3720272,1.3382044,0.7255039
1751443828105,800233095,1.5436958,1.3115778,0.54534817
1751443828105,800233095,1.5436958,1.3115778,0.54534817
1751443828121,800249762,1.5353363,1.190276,0.20326424
1751443828121,800249762,1.5353363,1.190276,0.20326424
1751443828138,800266429,1.5017147,1.0668383,-0.11771202
1751443828138,800266429,1.5017147,1.0668383,-0.11771202
1751443828155,800283096,1.4745347,0.9559067,-0.23948193
1751443828155,800283096,1.4745347,0.9559067,-0.23948193
1751443828171,800299763,1.5442991,0.8762443,-0.16237354
1751443828171,800299763,1.5442991,0.8762443,-0.16237354
1751443828188,800316430,1.5711331,0.8946528,0.05110836
1751443828188,800316430,1.5711331,0.8946528,0.05110836
1751443828205,800333097,1.4889797,0.9364377,0.06397724
1751443828205,800333097,1.4889797,0.9364377,0.06397724
1751443828221,800349764,1.3424006,0.8717993,-0.07487488
1751443828221,800349764,1.3424006,0.8717993,-0.07487488
1751443828238,800366431,1.1348106,0.8264919,-0.47725677
1751443828238,800366431,1.1348106,0.8264919,-0.47725677
1751443828255,800383098,0.95889235,0.73107684,-0.8481245
1751443828255,800383098,0.95889235,0.73107684,-0.8481245
1751443828271,800399765,0.963059,0.59323895,-1.0442104
1751443828271,800399765,0.963059,0.59323895,-1.0442104
1751443828288,800416432,1.0384287,0.59117067,-0.997015
1751443828288,800416432,1.0384287,0.59117067,-0.997015
1751443828305,800433099,1.0731839,0.52836573,-0.7653923
1751443828305,800433099,1.0731839,0.52836573,-0.7653923
1751443828321,800449766,1.0038533,0.49209818,-0.63906574
1751443828321,800449766,1.0038533,0.49209818,-0.63906574
1751443828338,800466433,0.9307274,0.51631147,-0.66872215
1751443828338,800466433,0.9307274,0.51631147,-0.66872215
1751443828355,800483100,0.7652477,0.6252538,-0.687377
1751443828355,800483100,0.7652477,0.6252538,-0.687377
1751443828371,800499767,0.65452045,0.75188017,-0.8003044
1751443828371,800499767,0.65452045,0.75188017,-0.8003044
1751443828388,800516434,0.51593584,0.92229444,-0.8124914
1751443828388,800516434,0.51593584,0.92229444,-0.8124914
1751443828405,800533101,0.4517087,0.9446814,-0.788682
1751443828405,800533101,0.4517087,0.9446814,-0.788682
1751443828421,800549768,0.4374663,0.87341774,-0.72108173
1751443828421,800549768,0.4374663,0.87341774,-0.72108173
1751443828438,800566435,0.3773268,0.6990246,-0.5875225
1751443828438,800566435,0.3773268,0.6990246,-0.5875225
1751443828455,800583102,0.38525102,0.5477709,-0.5547056
1751443828455,800583102,0.38525102,0.5477709,-0.5547056
1751443828471,800599769,0.32320794,0.50599366,-0.6166277
1751443828471,800599769,0.32320794,0.50599366,-0.6166277
1751443828488,800616436,0.39222747,0.46051827,-0.5597229
1751443828488,800616436,0.39222747,0.46051827,-0.5597229
1751443828505,800633103,0.46539396,0.39586988,-0.42219257
1751443828505,800633103,0.46539396,0.39586988,-0.42219257
1751443828521,800649770,0.5128936,0.38619608,-0.33205986
1751443828521,800649770,0.5128936,0.38619608,-0.33205986
1751443828538,800666437,0.56049,0.37755004,-0.19038486
1751443828538,800666437,0.56049,0.37755004,-0.19038486
1751443828555,800683104,0.6101801,0.39231607,-0.16343784
1751443828555,800683104,0.6101801,0.39231607,-0.16343784
1751443828571,800699771,0.6002073,0.40363088,-0.30007267
1751443828571,800699771,0.6002073,0.40363088,-0.30007267
1751443828588,800716438,0.5870705,0.3385117,-0.3981495
1751443828588,800716438,0.5870705,0.3385117,-0.3981495
1751443828605,800733105,0.5916905,0.26966044,-0.4916258
1751443828605,800733105,0.5916905,0.26966044,-0.4916258
1751443828621,800749772,0.57349557,0.22801787,-0.4547701
1751443828621,800749772,0.57349557,0.22801787,-0.4547701
1751443828638,800766439,0.5689699,0.3111355,-0.38626766
1751443828638,800766439,0.5689699,0.3111355,-0.38626766
1751443828655,800783106,0.62651926,0.4548046,-0.40480137
1751443828655,800783106,0.62651926,0.4548046,-0.40480137
1751443828671,800799773,0.71480757,0.59601396,-0.38705826
1751443828671,800799773,0.71480757,0.59601396,-0.38705826
1751443828688,800816440,0.80177784,0.6644304,-0.46003342
1751443828688,800816440,0.80177784,0.6644304,-0.46003342
1751443828705,800833107,0.7372143,0.614865,-0.6095896
1751443828705,800833107,0.7372143,0.614865,-0.6095896
1751443828721,800849774,0.66605943,0.51314425,-0.71452427
1751443828721,800849774,0.66605943,0.51314425,-0.71452427
1751443828738,800866441,0.65816486,0.4739039,-0.6854143
1751443828738,800866441,0.65816486,0.4739039,-0.6854143
1751443828755,800883108,0.74349517,0.46737927,-0.58858776
1751443828755,800883108,0.74349517,0.46737927,-0.58858776
1751443828771,800899775,0.72994995,0.37179503,-0.50347996
1751443828771,800899775,0.72994995,0.37179503,-0.50347996
1751443828788,800916442,0.6620247,0.30598098,-0.43229675
1751443828788,800916442,0.6620247,0.30598098,-0.43229675
1751443828805,800933109,0.5317495,0.26637056,-0.48559284
1751443828805,800933109,0.5317495,0.26637056,-0.48559284
1751443828821,800949776,0.47834823,0.23841669,-0.52381706
1751443828821,800949776,0.47834823,0.23841669,-0.52381706
1751443828838,800966443,0.43867275,0.21515949,-0.5183096
1751443828838,800966443,0.43867275,0.21515949,-0.5183096
1751443828855,800983110,0.49628705,0.1900002,-0.525774
1751443828855,800983110,0.49628705,0.1900002,-0.525774
1751443828871,800999777,0.6088988,0.17381552,-0.47963905
1751443828871,800999777,0.6088988,0.17381552,-0.47963905
1751443828888,801016444,0.650912,0.16100308,-0.40846443
1751443828888,801016444,0.650912,0.16100308,-0.40846443
1751443828905,801033111,0.56389,0.2308349,-0.31088924
1751443828905,801033111,0.56389,0.2308349,-0.31088924
1751443828921,801049778,0.5950389,0.31090206,-0.25266647
1751443828921,801049778,0.5950389,0.31090206,-0.25266647
1751443828938,801066445,0.60654527,0.39176056,-0.16265297
1751443828938,801066445,0.60654527,0.39176056,-0.16265297
1751443828955,801083112,0.56347114,0.37272608,-0.17979336
1751443828955,801083112,0.56347114,0.37272608,-0.17979336
1751443828971,801099779,0.4867749,0.2789139,-0.27942753
1751443828971,801099779,0.4867749,0.2789139,-0.27942753
1751443828988,801116446,0.3733841,0.115475066,-0.3316269
1751443828988,801116446,0.3733841,0.115475066,-0.3316269
1751443829005,801133113,0.23863347,0.128992,-0.43284607
1751443829005,801133113,0.23863347,0.128992,-0.43284607
1751443829021,801149780,0.23534845,0.21512139,-0.4180851
1751443829021,801149780,0.23534845,0.21512139,-0.4180851
1751443829038,801166447,0.3102856,0.48903003,-0.2830143
1751443829038,801166447,0.3102856,0.48903003,-0.2830143
1751443829055,801183114,0.41464114,0.8501332,-0.018230438
1751443829055,801183114,0.41464114,0.8501332,-0.018230438
1751443829071,801199781,0.7406016,1.25935,0.41928768
1751443829071,801199781,0.7406016,1.25935,0.41928768
1751443829088,801216448,0.95862716,1.5954996,1.1345825
1751443829088,801216448,0.95862716,1.5954996,1.1345825
1751443829105,801233115,0.6601235,1.0217316,2.1512928
1751443829105,801233115,0.6601235,1.0217316,2.1512928
1751443829121,801249782,-0.18348427,0.59425724,2.9583244
1751443829121,801249782,-0.18348427,0.59425724,2.9583244
1751443829138,801266449,-0.53266853,0.09426748,2.9530792
1751443829138,801266449,-0.53266853,0.09426748,2.9530792
1751443829155,801283116,0.31822798,-0.5543063,2.5998068
1751443829155,801283116,0.31822798,-0.5543063,2.5998068
1751443829171,801299783,0.59585804,-0.71517015,1.9931974
1751443829171,801299783,0.59585804,-0.71517015,1.9931974
1751443829188,801316450,-0.07486815,-0.3385553,1.4075718
1751443829188,801316450,-0.07486815,-0.3385553,1.4075718
1751443829205,801333117,0.10966331,-0.47249252,1.5763674
1751443829205,801333117,0.10966331,-0.47249252,1.5763674
1751443829221,801349784,0.19103463,-0.41473275,1.7924919
1751443829221,801349784,0.19103463,-0.41473275,1.7924919
1751443829238,801366451,0.44406632,0.31507012,2.2101727
1751443829238,801366451,0.44406632,0.31507012,2.2101727
1751443829255,801383118,0.7023889,0.86807066,2.2619944
1751443829255,801383118,0.7023889,0.86807066,2.2619944
1751443829271,801399785,0.7223026,0.9301527,1.9659605
1751443829271,801399785,0.7223026,0.9301527,1.9659605
1751443829288,801416452,0.6696436,0.83549434,1.7868624
1751443829288,801416452,0.6696436,0.83549434,1.7868624
1751443829305,801433119,0.32968184,0.7015828,1.5077124
1751443829305,801433119,0.32968184,0.7015828,1.5077124
1751443829321,801449786,-0.022231841,0.3765534,1.4581242
1751443829321,801449786,-0.022231841,0.3765534,1.4581242
1751443829338,801466453,-0.5614899,0.0046796906,0.7959089
1751443829338,801466453,-0.5614899,0.0046796906,0.7959089
1751443829355,801483120,-1.2441307,-0.5377603,-0.27815056
1751443829355,801483120,-1.2441307,-0.5377603,-0.27815056
1751443829371,801499787,-1.1389284,-0.5282152,0.97710514
1751443829371,801499787,-1.1389284,-0.5282152,0.97710514
1751443829388,801516454,-0.56344503,-0.39514923,1.7919273
1751443829388,801516454,-0.56344503,-0.39514923,1.7919273
1751443829405,801533121,-0.35265127,-0.39790446,1.5070047
1751443829405,801533121,-0.35265127,-0.39790446,1.5070047
1751443829421,801549788,-0.20700924,-0.56785995,1.0097837
1751443829421,801549788,-0.20700924,-0.56785995,1.0097837
1751443829438,801566455,0.12084077,-0.42107517,0.9734459
1751443829438,801566455,0.12084077,-0.42107517,0.9734459
1751443829455,801583122,0.58283424,-0.279281,0.7215557
1751443829455,801583122,0.58283424,-0.279281,0.7215557
1751443829471,801599789,0.57614356,-0.29415601,0.3233862
1751443829471,801599789,0.57614356,-0.29415601,0.3233862
1751443829488,801616456,0.26070175,-0.038375832,0.102194786
1751443829488,801616456,0.26070175,-0.038375832,0.102194786
1751443829505,801633123,0.2761039,0.16804308,-0.5604696
1751443829505,801633123,0.2761039,0.16804308,-0.5604696
1751443829521,801649790,-0.0097925775,0.276104,-1.018918
1751443829521,801649790,-0.0097925775,0.276104,-1.018918
1751443829538,801666457,0.005045882,0.5689187,-1.1674414
1751443829538,801666457,0.005045882,0.5689187,-1.1674414
1751443829555,801683124,0.25482792,0.7808099,-1.1707277
1751443829555,801683124,0.25482792,0.7808099,-1.1707277
1751443829571,801699791,0.5287412,0.7812549,-1.2011957
1751443829571,801699791,0.5287412,0.7812549,-1.2011957
1751443829588,801716458,0.6804789,0.8519833,-0.73151207
1751443829588,801716458,0.6804789,0.8519833,-0.73151207
1751443829605,801733125,1.1285927,1.0847377,-0.26025295
1751443829605,801733125,1.1285927,1.0847377,-0.26025295
1751443829621,801749792,0.92621136,0.8776766,-0.25752163
1751443829621,801749792,0.92621136,0.8776766,-0.25752163
1751443829638,801766459,0.57812685,0.7355693,-0.3179903
1751443829638,801766459,0.57812685,0.7355693,-0.3179903
1751443829655,801783126,0.013720427,0.4900993,-0.6200695
1751443829655,801783126,0.013720427,0.4900993,-0.6200695
1751443829671,801799793,-0.078197666,0.28010845,-0.93404007
1751443829671,801799793,-0.078197666,0.28010845,-0.93404007
1751443829688,801816460,0.16216214,0.27855012,-1.3539934
1751443829688,801816460,0.16216214,0.27855012,-1.3539934
1751443829705,801833127,0.16910224,0.04032129,-1.5620365
1751443829705,801833127,0.16910224,0.04032129,-1.5620365
1751443829721,801849794,-0.018095009,-0.17110297,-1.9871068
1751443829721,801849794,-0.018095009,-0.17110297,-1.9871068
1751443829738,801866461,-0.31248102,-0.6077433,-2.2258596
1751443829738,801866461,-0.31248102,-0.6077433,-2.2258596
1751443829755,801883128,-0.49813667,-0.9073847,-2.42445
1751443829755,801883128,-0.49813667,-0.9073847,-2.42445
1751443829771,801899795,-0.63686824,-1.1764292,-2.20081
1751443829771,801899795,-0.63686824,-1.1764292,-2.20081
1751443829788,801916462,-0.8026646,-1.5136526,-2.213087
1751443829788,801916462,-0.8026646,-1.5136526,-2.213087
1751443829805,801933129,-1.0599272,-1.4300101,-2.012598
1751443829805,801933129,-1.0599272,-1.4300101,-2.012598
1751443829821,801949796,-1.1491348,-1.384788,-1.8936434
1751443829821,801949796,-1.1491348,-1.384788,-1.8936434
1751443829838,801966463,-0.8583215,-1.5215878,-1.8253083
1751443829838,801966463,-0.8583215,-1.5215878,-1.8253083
1751443829855,801983130,-0.7656674,-1.4777684,-1.5330448
1751443829855,801983130,-0.7656674,-1.4777684,-1.5330448
1751443829871,801999797,-1.0610104,-1.5921576,-1.5306311
1751443829871,801999797,-1.0610104,-1.5921576,-1.5306311
1751443829888,802016464,-1.2880627,-1.4651697,-1.5970364
1751443829888,802016464,-1.2880627,-1.4651697,-1.5970364
1751443829905,802033131,-1.6563877,-0.8905753,-1.5345697
1751443829905,802033131,-1.6563877,-0.8905753,-1.5345697
1751443829921,802049798,-1.9169036,-0.6961333,-1.088417
1751443829921,802049798,-1.9169036,-0.6961333,-1.088417
1751443829938,802066465,-2.154053,-0.6165491,-0.6359377
1751443829938,802066465,-2.154053,-0.6165491,-0.6359377
1751443829955,802083132,-2.31919,-0.84179115,-0.47113323
1751443829955,802083132,-2.31919,-0.84179115,-0.47113323
1751443829971,802099799,-2.341105,-1.224225,-0.3609619
1751443829971,802099799,-2.341105,-1.224225,-0.3609619
1751443829988,802116466,-2.1439073,-1.690481,-0.41346455
1751443829988,802116466,-2.1439073,-1.690481,-0.41346455
1751443830005,802133133,-1.8524542,-1.8261136,-0.82419777
1751443830005,802133133,-1.8524542,-1.8261136,-0.82419777
1751443830021,802149800,-1.5700997,-2.099987,-1.1192598
1751443830021,802149800,-1.5700997,-2.099987,-1.1192598
1751443830038,802166467,-1.4102281,-1.920964,-0.93857765
1751443830038,802166467,-1.4102281,-1.920964,-0.93857765
1751443830055,802183134,-1.0837682,-1.8200898,-0.32895088
1751443830055,802183134,-1.0837682,-1.8200898,-0.32895088
1751443830071,802199801,-0.78163475,-1.6844997,0.06778526
1751443830071,802199801,-0.78163475,-1.6844997,0.06778526
1751443830088,802216468,-0.88434446,-1.5702417,-0.064702034
1751443830088,802216468,-0.88434446,-1.5702417,-0.064702034
1751443830105,802233135,-1.0858551,-1.5316155,-0.4918394
1751443830105,802233135,-1.0858551,-1.5316155,-0.4918394
1751443830121,802249802,-1.1885985,-1.5203118,-0.77242756
1751443830121,802249802,-1.1885985,-1.5203118,-0.77242756
1751443830138,802266469,-1.3135794,-1.3450792,-0.5310955
1751443830138,802266469,-1.3135794,-1.3450792,-0.5310955
1751443830155,802283136,-1.4040506,-1.1103467,-0.23839188
1751443830155,802283136,-1.4040506,-1.1103467,-0.23839188
1751443830171,802299803,-1.4438707,-0.9720648,-0.02855587
1751443830171,802299803,-1.4438707,-0.9720648,-0.02855587
1751443830188,802316470,-1.6008064,-0.9895647,0.015522003
1751443830188,802316470,-1.6008064,-0.9895647,0.015522003
1751443830205,802333137,-1.5057635,-1.1984653,-0.008331299
1751443830205,802333137,-1.5057635,-1.1984653,-0.008331299
1751443830221,802349804,-1.4835746,-1.3748362,0.038853645
1751443830221,802349804,-1.4835746,-1.3748362,0.038853645
1751443830238,802366471,-1.2995797,-1.3981602,0.028011322
1751443830238,802366471,-1.2995797,-1.3981602,0.028011322
1751443830255,802383138,-1.3031113,-1.322148,0.024137497
1751443830255,802383138,-1.3031113,-1.322148,0.024137497
1751443830271,802399805,-1.3651502,-1.3003514,-0.01815319
1751443830271,802399805,-1.3651502,-1.3003514,-0.01815319
1751443830288,802416472,-1.509175,-1.2723131,-0.14591217
1751443830288,802416472,-1.509175,-1.2723131,-0.14591217
1751443830305,802433139,-1.771197,-1.3229338,-0.28000736
1751443830305,802433139,-1.771197,-1.3229338,-0.28000736
1751443830321,802449806,-1.9399543,-1.4824501,-0.48593998
1751443830321,802449806,-1.9399543,-1.4824501,-0.48593998
1751443830338,802466473,-2.003034,-1.6793091,-0.5863943
1751443830338,802466473,-2.003034,-1.6793091,-0.5863943
1751443830355,802483140,-1.9576306,-1.7230934,-0.7307739
1751443830355,802483140,-1.9576306,-1.7230934,-0.7307739
1751443830371,802499807,-2.1136043,-1.7625291,-0.8851242
1751443830371,802499807,-2.1136043,-1.7625291,-0.8851242
1751443830388,802516474,-2.0614538,-1.8987908,-0.9282923
1751443830388,802516474,-2.0614538,-1.8987908,-0.9282923
1751443830405,802533141,-1.9888871,-1.908412,-1.146163
1751443830405,802533141,-1.9888871,-1.908412,-1.146163
1751443830421,802549808,-2.1294787,-1.9959304,-1.6115675
1751443830421,802549808,-2.1294787,-1.9959304,-1.6115675
1751443830438,802566475,-2.0907848,-1.8723358,-1.9546828
1751443830438,802566475,-2.0907848,-1.8723358,-1.9546828
1751443830455,802583142,-1.7468929,-1.752624,-2.986689
1751443830455,802583142,-1.7468929,-1.752624,-2.986689
1751443830471,802599809,-1.9552352,-1.6541251,-4.250061
1751443830471,802599809,-1.9552352,-1.6541251,-4.250061
1751443830488,802616476,-1.9121289,-1.4550389,-5.1436872
1751443830488,802616476,-1.9121289,-1.4550389,-5.1436872
1751443830505,802633143,-1.6645827,-1.2230504,-5.1997776
1751443830505,802633143,-1.6645827,-1.2230504,-5.1997776
1751443830521,802649810,-1.0165559,-0.784894,-3.943068
1751443830521,802649810,-1.0165559,-0.784894,-3.943068
1751443830538,802666477,-0.67987585,-0.12656957,-2.5505843
1751443830538,802666477,-0.67987585,-0.12656957,-2.5505843
1751443830555,802683144,0.15546875,0.078141026,-1.6954346
1751443830555,802683144,0.15546875,0.078141026,-1.6954346
1751443830571,802699811,0.8378635,0.24229519,-1.0940485
1751443830571,802699811,0.8378635,0.24229519,-1.0940485
1751443830588,802716478,1.1640708,0.90638036,-0.06648445
1751443830588,802716478,1.1640708,0.90638036,-0.06648445
1751443830605,802733145,1.862484,2.1466398,1.4265614
1751443830605,802733145,1.862484,2.1466398,1.4265614
1751443830621,802749812,2.0894291,3.1761894,2.5515156
1751443830621,802749812,2.0894291,3.1761894,2.5515156
1751443830638,802766479,1.6661259,2.875341,2.1055965
1751443830638,802766479,1.6661259,2.875341,2.1055965
1751443830655,802783146,0.7700172,2.5598404,2.2451668
1751443830655,802783146,0.7700172,2.5598404,2.2451668
1751443830671,802799813,-0.1044156,1.8133727,1.284111
1751443830671,802799813,-0.1044156,1.8133727,1.284111
1751443830688,802816480,-0.11190845,1.2184399,0.23405743
1751443830688,802816480,-0.11190845,1.2184399,0.23405743
1751443830705,802833147,0.21936354,0.79279464,-0.49563408
1751443830705,802833147,0.21936354,0.79279464,-0.49563408
1751443830721,802849814,0.65718246,0.08741145,-1.4325161
1751443830721,802849814,0.65718246,0.08741145,-1.4325161
1751443830738,802866481,0.92900306,-0.6490758,-1.8791814
1751443830738,802866481,0.92900306,-0.6490758,-1.8791814
1751443830755,802883148,1.4651285,-0.9553088,-2.7316012
1751443830755,802883148,1.4651285,-0.9553088,-2.7316012
1751443830771,802899815,1.440264,-0.9314025,-2.6531582
1751443830771,802899815,1.440264,-0.9314025,-2.6531582
1751443830788,802916482,0.47911948,-1.0015324,-2.221756
1751443830788,802916482,0.47911948,-1.0015324,-2.221756
1751443830805,802933149,0.06415518,-0.6698846,-1.229929
1751443830805,802933149,0.06415518,-0.6698846,-1.229929
1751443830821,802949816,0.32045227,-0.6153294,-0.35099888
1751443830821,802949816,0.32045227,-0.6153294,-0.35099888
1751443830838,802966483,0.23382917,-0.98045254,0.95907116
1751443830838,802966483,0.23382917,-0.98045254,0.95907116
1751443830855,802983150,-0.42843834,-0.44008896,1.5392237
1751443830855,802983150,-0.42843834,-0.44008896,1.5392237
1751443830871,802999817,-1.1131227,-0.2711344,1.4750566
1751443830871,802999817,-1.1131227,-0.2711344,1.4750566
1751443830888,803016484,-0.73728234,-0.5696802,1.5526514
1751443830888,803016484,-0.73728234,-0.5696802,1.5526514
1751443830905,803033151,-0.17139293,-0.34311518,1.6394014
1751443830905,803033151,-0.17139293,-0.34311518,1.6394014
1751443830921,803049818,0.38879922,0.02182917,1.6088724
1751443830921,803049818,0.38879922,0.02182917,1.6088724
1751443830938,803066485,0.558752,0.117283285,1.8533669
1751443830938,803066485,0.558752,0.117283285,1.8533669
1751443830955,803083152,0.31746635,-0.07378475,1.5856161
1751443830955,803083152,0.31746635,-0.07378475,1.5856161
1751443830971,803099819,-0.33004642,-0.14272353,1.5177908
1751443830971,803099819,-0.33004642,-0.14272353,1.5177908
1751443830988,803116486,-0.80121565,-0.38484907,1.8824768
1751443830988,803116486,-0.80121565,-0.38484907,1.8824768
1751443831005,803133153,-1.1175686,-0.568123,2.240714
1751443831005,803133153,-1.1175686,-0.568123,2.240714
1751443831021,803149820,-1.2775788,-0.9449799,1.8886194
1751443831021,803149820,-1.2775788,-0.9449799,1.8886194
1751443831038,803166487,-1.022089,-1.0415787,1.7179632
1751443831038,803166487,-1.022089,-1.0415787,1.7179632
1751443831055,803183154,-0.1333323,-0.3115062,1.5298157
1751443831055,803183154,-0.1333323,-0.3115062,1.5298157
1751443831071,803199821,-0.2710701,-0.49510443,0.50340366
1751443831071,803199821,-0.2710701,-0.49510443,0.50340366
1751443831088,803216488,-0.8818166,-0.84083676,-0.22487164
1751443831088,803216488,-0.8818166,-0.84083676,-0.22487164
1751443831105,803233155,-0.33178318,-0.35934737,0.9521694
1751443831105,803233155,-0.33178318,-0.35934737,0.9521694
1751443831121,803249822,0.6914052,0.5089513,2.0828552
1751443831121,803249822,0.6914052,0.5089513,2.0828552
1751443831138,803266489,0.8860216,0.7327908,2.351365
1751443831138,803266489,0.8860216,0.7327908,2.351365
1751443831155,803283156,0.30264345,0.5755872,0.80445766
1751443831155,803283156,0.30264345,0.5755872,0.80445766
1751443831171,803299823,0.2663747,0.11981546,0.7412119
1751443831171,803299823,0.2663747,0.11981546,0.7412119
1751443831188,803316490,0.094690815,-0.38880304,0.7558613
1751443831188,803316490,0.094690815,-0.38880304,0.7558613
1751443831205,803333157,0.38370094,-0.2812895,0.6575155
1751443831205,803333157,0.38370094,-0.2812895,0.6575155
1751443831221,803349824,0.38235667,-0.13984893,0.7548399
1751443831221,803349824,0.38235667,-0.13984893,0.7548399
1751443831238,803366491,0.49635845,-0.13830088,0.67523956
1751443831238,803366491,0.49635845,-0.13830088,0.67523956
1751443831255,803383158,0.56202626,-0.36780286,0.35450745
1751443831255,803383158,0.56202626,-0.36780286,0.35450745
1751443831271,803399825,0.6386496,-0.47666216,0.13674355
1751443831271,803399825,0.6386496,-0.47666216,0.13674355
1751443831288,803416492,0.60266155,-0.34094107,0.14554787
1751443831288,803416492,0.60266155,-0.34094107,0.14554787
1751443831305,803433159,0.61999094,-0.1570762,0.21079445
1751443831305,803433159,0.61999094,-0.1570762,0.21079445
1751443831321,803449826,0.6124646,-0.03128913,0.26399708
1751443831321,803449826,0.6124646,-0.03128913,0.26399708
1751443831338,803466493,0.5526653,0.08777488,0.13221455
1751443831338,803466493,0.5526653,0.08777488,0.13221455
1751443831355,803483160,0.5084819,0.24360174,-0.008554459
1751443831355,803483160,0.5084819,0.24360174,-0.008554459
1751443831371,803499827,0.37634975,0.33747616,-0.16416264
1751443831371,803499827,0.37634975,0.33747616,-0.16416264
1751443831388,803516494,0.30562586,0.38118994,-0.30960464
1751443831388,803516494,0.30562586,0.38118994,-0.30960464
1751443831405,803533161,0.2954556,0.35252598,-0.3114977
1751443831405,803533161,0.2954556,0.35252598,-0.3114977
1751443831421,803549828,0.3247433,0.31192976,-0.19492912
1751443831421,803549828,0.3247433,0.31192976,-0.19492912
1751443831438,803566495,0.34813094,0.32455802,-0.17385197
1751443831438,803566495,0.34813094,0.32455802,-0.17385197
1751443831455,803583162,0.37405658,0.30203173,-0.3264408
1751443831455,803583162,0.37405658,0.30203173,-0.3264408
1751443831471,803599829,0.47421798,0.37655696,-0.39317322
1751443831471,803599829,0.47421798,0.37655696,-0.39317322
1751443831488,803616496,0.4911316,0.34334284,-0.29971504
1751443831488,803616496,0.4911316,0.34334284,-0.29971504
1751443831505,803633163,0.36271688,0.22724372,-0.39742756
1751443831505,803633163,0.36271688,0.22724372,-0.39742756
1751443831521,803649830,0.2676262,0.14661969,-0.54835606
1751443831521,803649830,0.2676262,0.14661969,-0.54835606
1751443831538,803666497,0.14969836,0.10836646,-0.62771416
1751443831538,803666497,0.14969836,0.10836646,-0.62771416
1751443831555,803683164,0.13398655,0.115621574,-0.59746265
1751443831555,803683164,0.13398655,0.115621574,-0.59746265
1751443831571,803699831,-0.013199558,0.037291907,-0.5404482
1751443831571,803699831,-0.013199558,0.037291907,-0.5404482
1751443831588,803716498,-0.061694354,-0.0824964,-0.55271626
1751443831588,803716498,-0.061694354,-0.0824964,-0.55271626
1751443831605,803733165,-0.14584751,-0.20112143,-0.6045866
1751443831605,803733165,-0.14584751,-0.20112143,-0.6045866
1751443831621,803749832,-0.17286149,-0.34932718,-0.5839586
1751443831621,803749832,-0.17286149,-0.34932718,-0.5839586
1751443831638,803766499,-0.20617442,-0.46099502,-0.5447655
1751443831638,803766499,-0.20617442,-0.46099502,-0.5447655
1751443831655,803783166,-0.1446865,-0.4769372,-0.49563503
1751443831655,803783166,-0.1446865,-0.4769372,-0.49563503
1751443831671,803799833,-0.0634981,-0.42745143,-0.41504192
1751443831671,803799833,-0.0634981,-0.42745143,-0.41504192
1751443831688,803816500,-0.023682762,-0.3340695,-0.36293697
1751443831688,803816500,-0.023682762,-0.3340695,-0.36293697
1751443831705,803833167,-0.007126012,-0.19764815,-0.34449577
1751443831705,803833167,-0.007126012,-0.19764815,-0.34449577
1751443831721,803849834,-0.07628704,-0.11048156,-0.34824944
1751443831721,803849834,-0.07628704,-0.11048156,-0.34824944
1751443831738,803866501,-0.12620988,-0.037494186,-0.41234303
1751443831738,803866501,-0.12620988,-0.037494186,-0.41234303
1751443831755,803883168,-0.09781156,0.06451992,-0.39454842
1751443831755,803883168,-0.09781156,0.06451992,-0.39454842
1751443831771,803899835,-0.05441152,0.07482063,-0.41404438
1751443831771,803899835,-0.05441152,0.07482063,-0.41404438
1751443831788,803916502,0.0032545163,0.06749365,-0.35901737
1751443831788,803916502,0.0032545163,0.06749365,-0.35901737
1751443831805,803933169,-0.0051018787,-0.0069823214,-0.38269043
1751443831805,803933169,-0.0051018787,-0.0069823214,-0.38269043
1751443831821,803949836,-0.013677708,-0.11903618,-0.46055984
1751443831821,803949836,-0.013677708,-0.11903618,-0.46055984
1751443831838,803966503,-0.010443224,-0.13911514,-0.5259905
1751443831838,803966503,-0.010443224,-0.13911514,-0.5259905
1751443831855,803983170,0.027922273,-0.14976709,-0.5338545
1751443831855,803983170,0.027922273,-0.14976709,-0.5338545
1751443831871,803999837,0.0872551,-0.13768342,-0.48439884
1751443831871,803999837,0.0872551,-0.13768342,-0.48439884
1751443831888,804016504,0.05706375,-0.18854435,-0.4529457
1751443831888,804016504,0.05706375,-0.18854435,-0.4529457
1751443831905,804033171,0.0627759,-0.20580983,-0.43252182
1751443831905,804033171,0.0627759,-0.20580983,-0.43252182
1751443831921,804049838,0.061220225,-0.2368692,-0.36169815
1751443831921,804049838,0.061220225,-0.2368692,-0.36169815
1751443831938,804066505,0.12667857,-0.19905405,-0.3843336
1751443831938,804066505,0.12667857,-0.19905405,-0.3843336
1751443831955,804083172,0.18273094,-0.15815888,-0.44948196
1751443831955,804083172,0.18273094,-0.15815888,-0.44948196
1751443831971,804099839,0.23399739,-0.06822789,-0.61935043
1751443831971,804099839,0.23399739,-0.06822789,-0.61935043
1751443831988,804116506,0.3078964,0.06549812,-0.6777067
1751443831988,804116506,0.3078964,0.06549812,-0.6777067
1751443832005,804133173,0.33186492,0.1045911,-0.7214594
1751443832005,804133173,0.33186492,0.1045911,-0.7214594
1751443832021,804149840,0.39685917,0.22452167,-0.66668224
1751443832021,804149840,0.39685917,0.22452167,-0.66668224
1751443832038,804166507,0.42626598,0.3374241,-0.63749886
1751443832038,804166507,0.42626598,0.3374241,-0.63749886
1751443832055,804183174,0.42931765,0.4212418,-0.6605263
1751443832055,804183174,0.42931765,0.4212418,-0.6605263
1751443832071,804199841,0.4011004,0.5346688,-0.7048216
1751443832071,804199841,0.4011004,0.5346688,-0.7048216
1751443832088,804216508,0.45690385,0.586499,-0.48504448
1751443832088,804216508,0.45690385,0.586499,-0.48504448
1751443832105,804233175,0.8468945,0.54678106,-0.055805206
1751443832105,804233175,0.8468945,0.54678106,-0.055805206
1751443832121,804249842,1.0270644,0.57224613,0.2695408
1751443832121,804249842,1.0270644,0.57224613,0.2695408
1751443832138,804266509,1.0030651,0.47413188,0.6707468
1751443832138,804266509,1.0030651,0.47413188,0.6707468
1751443832155,804283176,0.7085584,0.33630094,0.9457979
1751443832155,804283176,0.7085584,0.33630094,0.9457979
1751443832171,804299843,0.37891328,0.22762907,0.5936289
1751443832171,804299843,0.37891328,0.22762907,0.5936289
1751443832188,804316510,0.12795304,0.13221864,-0.40606022
1751443832188,804316510,0.12795304,0.13221864,-0.40606022
1751443832205,804333177,-0.16148365,-0.01997703,-1.1683903
1751443832205,804333177,-0.16148365,-0.01997703,-1.1683903
1751443832221,804349844,-0.29429814,0.095352754,-0.81999016
1751443832221,804349844,-0.29429814,0.095352754,-0.81999016
1751443832238,804366511,-0.27453902,0.06617146,0.12504578
1751443832238,804366511,-0.27453902,0.06617146,0.12504578
1751443832255,804383178,-0.54388154,0.17725427,1.1185055
1751443832255,804383178,-0.54388154,0.17725427,1.1185055
1751443832271,804399845,-0.8973845,0.16100644,1.5174007
1751443832271,804399845,-0.8973845,0.16100644,1.5174007
1751443832288,804416512,-0.6003046,-0.063839324,1.588028
1751443832288,804416512,-0.6003046,-0.063839324,1.588028
1751443832305,804433179,-0.098426975,-0.35064736,1.9802189
1751443832305,804433179,-0.098426975,-0.35064736,1.9802189
1751443832321,804449846,-0.42851612,-0.43404517,2.56219
1751443832321,804449846,-0.42851612,-0.43404517,2.56219
1751443832338,804466513,-0.24710274,-1.0495151,2.7158384
1751443832338,804466513,-0.24710274,-1.0495151,2.7158384
1751443832355,804483180,0.22752772,-1.0890738,2.4394426
1751443832355,804483180,0.22752772,-1.0890738,2.4394426
1751443832371,804499847,0.025564685,-0.9879666,2.2733488
1751443832371,804499847,0.025564685,-0.9879666,2.2733488
1751443832388,804516514,0.4443094,-0.6708004,1.7883863
1751443832388,804516514,0.4443094,-0.6708004,1.7883863
1751443832405,804533181,0.6688481,0.14596401,0.657073
1751443832405,804533181,0.6688481,0.14596401,0.657073
1751443832421,804549848,0.611465,0.39423975,0.55652237
1751443832421,804549848,0.611465,0.39423975,0.55652237
1751443832438,804566515,0.77260447,0.6239737,0.89004135
1751443832438,804566515,0.77260447,0.6239737,0.89004135
1751443832455,804583182,0.6019257,0.7799002,1.2391663
1751443832455,804583182,0.6019257,0.7799002,1.2391663
1751443832471,804599849,0.20046595,0.63430876,1.3859158
1751443832471,804599849,0.20046595,0.63430876,1.3859158
1751443832488,804616516,-0.45070857,0.20394105,1.2045507
1751443832488,804616516,-0.45070857,0.20394105,1.2045507
1751443832505,804633183,-1.052143,-0.2868876,0.85409737
1751443832505,804633183,-1.052143,-0.2868876,0.85409737
1751443832521,804649850,-1.2242596,-0.72781384,0.7280302
1751443832521,804649850,-1.2242596,-0.72781384,0.7280302
1751443832538,804666517,-0.84223366,-0.8773407,1.1952477
1751443832538,804666517,-0.84223366,-0.8773407,1.1952477
1751443832555,804683184,-0.7481353,-0.7632742,1.6869106
1751443832555,804683184,-0.7481353,-0.7632742,1.6869106
1751443832571,804699851,-0.8355755,-0.5753646,1.9513645
1751443832571,804699851,-0.8355755,-0.5753646,1.9513645
1751443832588,804716518,-0.51816696,-0.34927544,1.9499321
1751443832588,804716518,-0.51816696,-0.34927544,1.9499321
1751443832605,804733185,-0.27976838,-0.3313955,1.4672079
1751443832605,804733185,-0.27976838,-0.3313955,1.4672079
1751443832621,804749852,-0.22460856,-0.30276507,1.2824621
1751443832621,804749852,-0.22460856,-0.30276507,1.2824621
1751443832638,804766519,0.15899391,-0.06507155,1.4818048
1751443832638,804766519,0.15899391,-0.06507155,1.4818048
1751443832655,804783186,0.35999465,-0.025946055,1.0083303
1751443832655,804783186,0.35999465,-0.025946055,1.0083303
1751443832671,804799853,0.19377759,-0.0005149738,0.49460125
1751443832671,804799853,0.19377759,-0.0005149738,0.49460125
1751443832688,804816520,0.23765968,-0.11519947,0.07098007
1751443832688,804816520,0.23765968,-0.11519947,0.07098007
1751443832705,804833187,0.19397338,-0.23192821,-0.29297066
1751443832705,804833187,0.19397338,-0.23192821,-0.29297066
1751443832721,804849854,0.42215395,-0.41072673,-0.684638
1751443832721,804849854,0.42215395,-0.41072673,-0.684638
1751443832738,804866521,0.3116935,-0.39896056,-1.0201025
1751443832738,804866521,0.3116935,-0.39896056,-1.0201025
1751443832755,804883188,0.35989794,-0.122935034,-1.0166931
1751443832755,804883188,0.35989794,-0.122935034,-1.0166931
1751443832771,804899855,0.6576701,0.26317534,-0.9895401
1751443832771,804899855,0.6576701,0.26317534,-0.9895401
1751443832788,804916522,0.78676933,0.4673182,-0.87840176
1751443832788,804916522,0.78676933,0.4673182,-0.87840176
1751443832805,804933189,0.6074336,0.4768316,-0.5475044
1751443832805,804933189,0.6074336,0.4768316,-0.5475044
1751443832821,804949856,0.32248047,0.40256315,-0.14596748
1751443832821,804949856,0.32248047,0.40256315,-0.14596748
1751443832838,804966523,0.78620505,0.36660975,-0.14504528
1751443832838,804966523,0.78620505,0.36660975,-0.14504528
1751443832855,804983190,0.61017084,0.030889267,-0.61514664
1751443832855,804983190,0.61017084,0.030889267,-0.61514664
1751443832871,804999857,0.21800996,-0.13813615,-1.3534336
1751443832871,804999857,0.21800996,-0.13813615,-1.3534336
1751443832888,805016524,-0.007853243,-0.27853647,-1.9262252
1751443832888,805016524,-0.007853243,-0.27853647,-1.9262252
1751443832905,805033191,-0.1959709,-0.38137302,-2.1753411
1751443832905,805033191,-0.1959709,-0.38137302,-2.1753411
1751443832921,805049858,-0.4126912,-0.23523945,-2.7121596
1751443832921,805049858,-0.4126912,-0.23523945,-2.7121596
1751443832938,805066525,-0.7580968,-0.2710878,-2.7264724
1751443832938,805066525,-0.7580968,-0.2710878,-2.7264724
1751443832955,805083192,-0.99855834,-0.24764934,-2.7621937
1751443832955,805083192,-0.99855834,-0.24764934,-2.7621937
1751443832971,805099859,-1.20921,-0.6663905,-2.9837065
1751443832971,805099859,-1.20921,-0.6663905,-2.9837065
1751443832988,805116526,-1.4614903,-0.99408346,-3.3004484
1751443832988,805116526,-1.4614903,-0.99408346,-3.3004484
1751443833005,805133193,-1.843914,-1.4569225,-3.217317
1751443833005,805133193,-1.843914,-1.4569225,-3.217317
1751443833021,805149860,-1.6507542,-1.5590038,-2.8930259
1751443833021,805149860,-1.6507542,-1.5590038,-2.8930259
1751443833038,805166527,-1.4028453,-1.4427357,-2.4207053
1751443833038,805166527,-1.4028453,-1.4427357,-2.4207053
1751443833055,805183194,-1.2233852,-1.3127971,-1.5987749
1751443833055,805183194,-1.2233852,-1.3127971,-1.5987749
1751443833071,805199861,-0.94640994,-1.3657844,-0.65485287
1751443833071,805199861,-0.94640994,-1.3657844,-0.65485287
1751443833088,805216528,-0.7187817,-1.3149137,-0.10518074
1751443833088,805216528,-0.7187817,-1.3149137,-0.10518074
1751443833105,805233195,-0.8879899,-1.342679,0.4359789
1751443833105,805233195,-0.8879899,-1.342679,0.4359789
1751443833121,805249862,-1.1492159,-1.430481,0.56493187
1751443833121,805249862,-1.1492159,-1.430481,0.56493187
1751443833138,805266529,-1.1833115,-1.5527282,0.38317585
1751443833138,805266529,-1.1833115,-1.5527282,0.38317585
1751443833155,805283196,-1.248692,-1.641084,0.10678387
1751443833155,805283196,-1.248692,-1.641084,0.10678387
1751443833171,805299863,-1.2769529,-1.6932309,-0.30999088
1751443833171,805299863,-1.2769529,-1.6932309,-0.30999088
1751443833188,805316530,-1.0622853,-1.7962621,-0.5963917
1751443833188,805316530,-1.0622853,-1.7962621,-0.5963917
1751443833205,805333197,-0.9605343,-1.6306092,-1.0520058
1751443833205,805333197,-0.9605343,-1.6306092,-1.0520058
1751443833221,805349864,-1.2762634,-1.5854307,-1.1663513
1751443833221,805349864,-1.2762634,-1.5854307,-1.1663513
1751443833238,805366531,-1.5247658,-1.3355831,-1.4513597
1751443833238,805366531,-1.5247658,-1.3355831,-1.4513597
1751443833255,805383198,-1.6611471,-1.1644466,-1.402008
1751443833255,805383198,-1.6611471,-1.1644466,-1.402008
1751443833271,805399865,-1.6393884,-0.984902,-1.1527987
1751443833271,805399865,-1.6393884,-0.984902,-1.1527987
1751443833288,805416532,-1.4340504,-0.8587316,-0.6999998
1751443833288,805416532,-1.4340504,-0.8587316,-0.6999998
1751443833305,805433199,-1.2830658,-0.9339375,-0.24435997
1751443833305,805433199,-1.2830658,-0.9339375,-0.24435997
1751443833321,805449866,-1.1545542,-0.99860245,0.0032224655
1751443833321,805449866,-1.1545542,-0.99860245,0.0032224655
1751443833338,805466533,-1.0288193,-1.1920605,0.25067616
1751443833338,805466533,-1.0288193,-1.1920605,0.25067616
1751443833355,805483200,-0.98056656,-1.2691976,0.5274019
1751443833355,805483200,-0.98056656,-1.2691976,0.5274019
1751443833371,805499867,-0.8052786,-1.1761507,0.85079193
1751443833371,805499867,-0.8052786,-1.1761507,0.85079193
1751443833388,805516534,-0.68579924,-0.9844657,0.98395634
1751443833388,805516534,-0.68579924,-0.9844657,0.98395634
1751443833405,805533201,-0.8460059,-0.946264,0.8801956
1751443833405,805533201,-0.8460059,-0.946264,0.8801956
1751443833421,805549868,-0.98258376,-1.1159866,0.2447176
1751443833421,805549868,-0.98258376,-1.1159866,0.2447176
1751443833438,805566535,-1.1759131,-1.1645983,-0.41735363
1751443833438,805566535,-1.1759131,-1.1645983,-0.41735363
1751443833455,805583202,-1.2483345,-1.0976663,-0.6982031
1751443833455,805583202,-1.2483345,-1.0976663,-0.6982031
1751443833471,805599869,-1.236392,-1.08838,-0.67507553
1751443833471,805599869,-1.236392,-1.08838,-0.67507553
1751443833488,805616536,-1.2230877,-1.1144639,-0.543807
1751443833488,805616536,-1.2230877,-1.1144639,-0.543807
1751443833505,805633203,-1.2257755,-1.2177254,-0.37973976
1751443833505,805633203,-1.2257755,-1.2177254,-0.37973976
1751443833521,805649870,-1.2842451,-1.228012,-0.18665314
1751443833521,805649870,-1.2842451,-1.228012,-0.18665314
1751443833538,805666537,-1.2242367,-1.2248262,0.108514786
1751443833538,805666537,-1.2242367,-1.2248262,0.108514786
1751443833555,805683204,-1.1376709,-1.2055627,0.2396841
1751443833555,805683204,-1.1376709,-1.2055627,0.2396841
1751443833571,805699871,-1.1418513,-1.3356385,-0.028015137
1751443833571,805699871,-1.1418513,-1.3356385,-0.028015137
1751443833588,805716538,-1.356345,-1.5600733,-0.45499516
1751443833588,805716538,-1.356345,-1.5600733,-0.45499516
1751443833605,805733205,-1.5299423,-1.6968802,-0.7190561
1751443833605,805733205,-1.5299423,-1.6968802,-0.7190561
1751443833621,805749872,-1.6336151,-1.6416174,-0.72322655
1751443833621,805749872,-1.6336151,-1.6416174,-0.72322655
1751443833638,805766539,-1.5973607,-1.5904273,-0.5858412
1751443833638,805766539,-1.5973607,-1.5904273,-0.5858412
1751443833655,805783206,-1.5790726,-1.5963039,-0.59855556
1751443833655,805783206,-1.5790726,-1.5963039,-0.59855556
1751443833671,805799873,-1.6718519,-1.6065017,-0.9444275
1751443833671,805799873,-1.6718519,-1.6065017,-0.9444275
1751443833688,805816540,-1.9509722,-1.7091254,-1.6057129
1751443833688,805816540,-1.9509722,-1.7091254,-1.6057129
1751443833705,805833207,-2.0771706,-1.7789996,-2.1557055
1751443833705,805833207,-2.0771706,-1.7789996,-2.1557055
1751443833721,805849874,-1.8279061,-1.7133247,-2.4886236
1751443833721,805849874,-1.8279061,-1.7133247,-2.4886236
1751443833738,805866541,-1.791623,-1.6987079,-2.840489
1751443833738,805866541,-1.791623,-1.6987079,-2.840489
1751443833755,805883208,-1.7339605,-1.6079654,-2.7970066
1751443833755,805883208,-1.7339605,-1.6079654,-2.7970066
1751443833771,805899875,-1.6335018,-1.6071686,-2.890108
1751443833771,805899875,-1.6335018,-1.6071686,-2.890108
1751443833788,805916542,-1.3537658,-1.4620521,-3.020815
1751443833788,805916542,-1.3537658,-1.4620521,-3.020815
1751443833805,805933209,-1.071035,-1.0888789,-2.8489475
1751443833805,805933209,-1.071035,-1.0888789,-2.8489475
1751443833821,805949876,-0.9394387,-0.83128256,-2.4387279
1751443833821,805949876,-0.9394387,-0.83128256,-2.4387279
1751443833838,805966543,-1.0112464,-0.55889356,-1.8044338
1751443833838,805966543,-1.0112464,-0.55889356,-1.8044338
1751443833855,805983210,-0.7437968,-0.15769354,-1.1244869
1751443833855,805983210,-0.7437968,-0.15769354,-1.1244869
1751443833871,805999877,-0.26642907,0.30922213,-0.7466955
1751443833871,805999877,-0.26642907,0.30922213,-0.7466955
1751443833888,806016544,0.5635931,0.6241519,-0.05590248
1751443833888,806016544,0.5635931,0.6241519,-0.05590248
1751443833905,806033211,0.93220735,0.6892299,0.66571426
1751443833905,806033211,0.93220735,0.6892299,0.66571426
1751443833921,806049878,0.8048431,0.7001921,0.78511333
1751443833921,806049878,0.8048431,0.7001921,0.78511333
1751443833938,806066545,0.8073001,0.34756175,-0.04688549
1751443833938,806066545,0.8073001,0.34756175,-0.04688549
1751443833955,806083212,0.64808095,0.7208749,0.04705906
1751443833955,806083212,0.64808095,0.7208749,0.04705906
1751443833971,806099879,1.5834057,0.9919827,0.67305183
1751443833971,806099879,1.5834057,0.9919827,0.67305183
1751443833988,806116546,1.3443062,1.2631235,0.21551609
1751443833988,806116546,1.3443062,1.2631235,0.21551609
1751443834005,806133213,0.36388958,1.1971879,-0.0015420914
1751443834005,806133213,0.36388958,1.1971879,-0.0015420914
1751443834021,806149880,0.037308965,0.7771264,-0.7020054
1751443834021,806149880,0.037308965,0.7771264,-0.7020054
1751443834038,806166547,-0.42762923,0.21871391,-1.2255039
1751443834038,806166547,-0.42762923,0.21871391,-1.2255039
1751443834055,806183214,0.3547834,-0.2728398,-2.069066
1751443834055,806183214,0.3547834,-0.2728398,-2.069066
1751443834071,806199881,0.6042618,-0.52680933,-2.02875
1751443834071,806199881,0.6042618,-0.52680933,-2.02875
1751443834088,806216548,0.8693734,-0.53800327,-1.6516352
1751443834088,806216548,0.8693734,-0.53800327,-1.6516352
1751443834105,806233215,1.0063256,0.084624685,-0.94928646
1751443834105,806233215,1.0063256,0.084624685,-0.94928646
1751443834121,806249882,1.0634196,0.16761549,-0.38733196
1751443834121,806249882,1.0634196,0.16761549,-0.38733196
1751443834138,806266549,0.5671753,0.12174371,0.9720526
1751443834138,806266549,0.5671753,0.12174371,0.9720526
1751443834155,806283216,0.20597635,-0.5736183,0.7853384
1751443834155,806283216,0.20597635,-0.5736183,0.7853384
1751443834171,806299883,0.36859944,-0.91085976,-0.63445663
1751443834171,806299883,0.36859944,-0.91085976,-0.63445663
1751443834188,806316550,0.4499917,-0.60426414,0.1560173
1751443834188,806316550,0.4499917,-0.60426414,0.1560173
1751443834205,806333217,0.7139795,0.51323646,1.0309458
1751443834205,806333217,0.7139795,0.51323646,1.0309458
1751443834221,806349884,0.4734417,1.0265973,1.2099276
1751443834221,806349884,0.4734417,1.0265973,1.2099276
1751443834238,806366551,0.24114698,0.8976155,1.2688885
1751443834238,806366551,0.24114698,0.8976155,1.2688885
1751443834255,806383218,-0.36432344,0.60504043,1.4589777
1751443834255,806383218,-0.36432344,0.60504043,1.4589777
1751443834271,806399885,-0.771169,0.7129165,2.021761
1751443834271,806399885,-0.771169,0.7129165,2.021761
1751443834288,806416552,-1.1844883,0.6406125,3.1189222
1751443834288,806416552,-1.1844883,0.6406125,3.1189222
1751443834305,806433219,-1.7794968,-0.049511027,3.5913773
1751443834305,806433219,-1.7794968,-0.049511027,3.5913773
1751443834321,806449886,-2.6188774,-1.038936,1.5994177
1751443834321,806449886,-2.6188774,-1.038936,1.5994177
1751443834338,806466553,-1.1231989,-0.53885376,1.6091175
1751443834338,806466553,-1.1231989,-0.53885376,1.6091175
1751443834355,806483220,0.2458462,-0.015969107,0.5776062
1751443834355,806483220,0.2458462,-0.015969107,0.5776062
1751443834371,806499887,0.11534361,-0.62918407,-1.3302822
1751443834371,806499887,0.11534361,-0.62918407,-1.3302822
1751443834388,806516554,0.12827462,-0.5794397,0.5039892
1751443834388,806516554,0.12827462,-0.5794397,0.5039892
1751443834405,806533221,0.61355644,-0.24313605,2.4909286
1751443834405,806533221,0.61355644,-0.24313605,2.4909286
1751443834421,806549888,1.2657773,-0.08253171,2.845543
1751443834421,806549888,1.2657773,-0.08253171,2.845543
1751443834438,806566555,1.2542804,-0.08599192,2.4964037
1751443834438,806566555,1.2542804,-0.08599192,2.4964037
1751443834455,806583222,0.953537,-0.1206067,2.276885
1751443834455,806583222,0.953537,-0.1206067,2.276885
1751443834471,806599889,0.8906893,-0.3531813,1.9522514
1751443834471,806599889,0.8906893,-0.3531813,1.9522514
1751443834488,806616556,0.52186495,-0.43138984,1.9812498
1751443834488,806616556,0.52186495,-0.43138984,1.9812498
1751443834505,806633223,0.3126783,-0.64935744,1.4446812
1751443834505,806633223,0.3126783,-0.64935744,1.4446812
1751443834521,806649890,0.02515887,-0.8499547,1.2507362
1751443834521,806649890,0.02515887,-0.8499547,1.2507362
1751443834538,806666557,-0.0027367484,-0.8965679,0.973299
1751443834538,806666557,-0.0027367484,-0.8965679,0.973299
1751443834555,806683224,0.24869074,-0.5767164,0.8565273
1751443834555,806683224,0.24869074,-0.5767164,0.8565273
1751443834571,806699891,0.584326,-0.28078255,0.6819973
1751443834571,806699891,0.584326,-0.28078255,0.6819973
1751443834588,806716558,0.602887,0.056661204,0.45923328
1751443834588,806716558,0.602887,0.056661204,0.45923328
1751443834605,806733225,0.48266494,0.21018957,0.09769726
1751443834605,806733225,0.48266494,0.21018957,0.09769726
1751443834621,806749892,0.33526498,0.20898819,-0.34842014
1751443834621,806749892,0.33526498,0.20898819,-0.34842014
1751443834638,806766559,0.22392294,0.3156537,-0.7324171
1751443834638,806766559,0.22392294,0.3156537,-0.7324171
1751443834655,806783226,0.28123248,0.5158518,-0.83090687
1751443834655,806783226,0.28123248,0.5158518,-0.83090687
1751443834671,806799893,0.29129007,0.6679917,-0.8159504
1751443834671,806799893,0.29129007,0.6679917,-0.8159504
1751443834688,806816560,0.26892826,0.6678518,-0.84338856
1751443834688,806816560,0.26892826,0.6678518,-0.84338856
1751443834705,806833227,0.23580885,0.7040959,-1.0756083
1751443834705,806833227,0.23580885,0.7040959,-1.0756083
1751443834721,806849894,0.27080262,0.6123873,-0.983613
1751443834721,806849894,0.27080262,0.6123873,-0.983613
1751443834738,806866561,0.24148597,0.42593378,-0.8355093
1751443834738,806866561,0.24148597,0.42593378,-0.8355093
1751443834755,806883228,0.12715062,0.22880965,-0.75668526
1751443834755,806883228,0.12715062,0.22880965,-0.75668526
1751443834771,806899895,0.15008627,0.08949984,-0.60914993
1751443834771,806899895,0.15008627,0.08949984,-0.60914993
1751443834788,806916562,0.09123536,0.025179964,-0.5000601
1751443834788,806916562,0.09123536,0.025179964,-0.5000601
1751443834805,806933229,0.03656753,0.010669838,-0.3538828
1751443834805,806933229,0.03656753,0.010669838,-0.3538828
1751443834821,806949896,0.013437487,-0.042962767,-0.19594574
1751443834821,806949896,0.013437487,-0.042962767,-0.19594574
1751443834838,806966563,-0.009097955,-0.025695497,-0.23780823
1751443834838,806966563,-0.009097955,-0.025695497,-0.23780823
1751443834855,806983230,-0.07060947,-0.043689072,-0.38916874
1751443834855,806983230,-0.07060947,-0.043689072,-0.38916874
1751443834871,806999897,-0.08759076,-0.12549883,-0.39709377
1751443834871,806999897,-0.08759076,-0.12549883,-0.39709377
1751443834888,807016564,-0.10386644,-0.27430192,-0.42910385
1751443834888,807016564,-0.10386644,-0.27430192,-0.42910385
1751443834905,807033231,-0.04615914,-0.346221,-0.5055504
1751443834905,807033231,-0.04615914,-0.346221,-0.5055504
1751443834922,807049898,0.040203415,-0.3645436,-0.48429298
1751443834922,807049898,0.040203415,-0.3645436,-0.48429298
1751443834938,807066565,0.14615375,-0.30375466,-0.35825348
1751443834938,807066565,0.14615375,-0.30375466,-0.35825348
1751443834955,807083232,0.25469545,-0.16940673,-0.26427364
1751443834955,807083232,0.25469545,-0.16940673,-0.26427364
1751443834972,807099899,0.22682762,-0.059514012,-0.1826477
1751443834972,807099899,0.22682762,-0.059514012,-0.1826477
1751443834988,807116566,0.20595652,0.030554445,-0.17677021
1751443834988,807116566,0.20595652,0.030554445,-0.17677021
1751443835005,807133233,0.20363048,0.07219212,-0.25863457
1751443835005,807133233,0.20363048,0.07219212,-0.25863457
1751443835022,807149900,0.21081233,0.06812272,-0.3659134
1751443835022,807149900,0.21081233,0.06812272,-0.3659134
1751443835038,807166567,0.22320795,0.056138966,-0.45056057
1751443835038,807166567,0.22320795,0.056138966,-0.45056057
1751443835055,807183234,0.28465968,0.004758144,-0.5337477
1751443835055,807183234,0.28465968,0.004758144,-0.5337477
1751443835072,807199901,0.36756614,-0.028700292,-0.6170654
1751443835072,807199901,0.36756614,-0.028700292,-0.6170654
1751443835088,807216568,0.3863471,-0.038274806,-0.67360115
1751443835088,807216568,0.3863471,-0.038274806,-0.67360115
1751443835105,807233235,0.32913876,-0.05102924,-0.6628561
1751443835105,807233235,0.32913876,-0.05102924,-0.6628561
1751443835122,807249902,0.23772925,-0.07730777,-0.61085796
1751443835122,807249902,0.23772925,-0.07730777,-0.61085796
1751443835138,807266569,0.16819108,-0.064352624,-0.5474577
1751443835138,807266569,0.16819108,-0.064352624,-0.5474577
1751443835155,807283236,0.14557125,-0.05119039,-0.48470116
1751443835155,807283236,0.14557125,-0.05119039,-0.48470116
1751443835172,807299903,0.1713643,-0.10349343,-0.499547
1751443835172,807299903,0.1713643,-0.10349343,-0.499547
1751443835188,807316570,0.17441076,-0.13556954,-0.51470184
1751443835188,807316570,0.17441076,-0.13556954,-0.51470184
1751443835205,807333237,0.1809529,-0.032876745,-0.552845
1751443835205,807333237,0.1809529,-0.032876745,-0.552845
1751443835222,807349904,0.13834164,0.17508005,-0.5332289
1751443835222,807349904,0.13834164,0.17508005,-0.5332289
1751443835238,807366571,0.08854678,0.32892033,-0.49859047
1751443835238,807366571,0.08854678,0.32892033,-0.49859047
1751443835255,807383238,0.1678291,0.4489203,-0.35904598
1751443835255,807383238,0.1678291,0.4489203,-0.35904598
1751443835272,807399905,0.23310627,0.5025349,-0.37775135
1751443835272,807399905,0.23310627,0.5025349,-0.37775135
1751443835288,807416572,0.19909792,0.41484082,-0.54166985
1751443835288,807416572,0.19909792,0.41484082,-0.54166985
1751443835305,807433239,0.41374835,0.4490533,-0.5719242
1751443835305,807433239,0.41374835,0.4490533,-0.5719242
1751443835322,807449906,0.56878316,0.4323667,-0.21683407
1751443835322,807449906,0.56878316,0.4323667,-0.21683407
1751443835338,807466573,0.5614671,0.27930492,0.0460186
1751443835338,807466573,0.5614671,0.27930492,0.0460186
1751443835355,807483240,0.44650748,0.21697699,-0.056333542
1751443835355,807483240,0.44650748,0.21697699,-0.056333542
1751443835372,807499907,0.3815835,0.005829665,-0.33018398
1751443835372,807499907,0.3815835,0.005829665,-0.33018398
1751443835388,807516574,0.37839103,-0.008671856,-0.3624897
1751443835388,807516574,0.37839103,-0.008671856,-0.3624897
1751443835405,807533241,0.5299213,0.031173017,-0.20430088
1751443835405,807533241,0.5299213,0.031173017,-0.20430088
1751443835422,807549908,0.4365798,0.09358398,-0.08517456
1751443835422,807549908,0.4365798,0.09358398,-0.08517456
1751443835438,807566575,0.19389218,-0.047873568,-0.062496185
1751443835438,807566575,0.19389218,-0.047873568,-0.062496185
1751443835455,807583242,0.0542098,-0.18319033,-0.085404396
1751443835455,807583242,0.0542098,-0.18319033,-0.085404396
1751443835472,807599909,0.1477866,-0.10377304,0.0805912
1751443835472,807599909,0.1477866,-0.10377304,0.0805912
1751443835488,807616576,0.48108068,-0.075420424,0.118579865
1751443835488,807616576,0.48108068,-0.075420424,0.118579865
1751443835505,807633243,0.59613425,-0.005645714,0.2182455
1751443835505,807633243,0.59613425,-0.005645714,0.2182455
1751443835522,807649910,-0.018466445,0.095118396,1.3609152
1751443835522,807649910,-0.018466445,0.095118396,1.3609152
1751443835538,807666577,-1.4300835,-0.104664415,3.2056894
1751443835538,807666577,-1.4300835,-0.104664415,3.2056894
1751443835555,807683244,-0.8901898,-0.8015224,4.0952053
1751443835555,807683244,-0.8901898,-0.8015224,4.0952053
1751443835572,807699911,0.12300055,-0.82516557,4.0053167
1751443835572,807699911,0.12300055,-0.82516557,4.0053167
1751443835588,807716578,0.016061055,-0.31610274,3.2875223
1751443835588,807716578,0.016061055,-0.31610274,3.2875223
1751443835605,807733245,0.5912417,-0.09489891,2.5668173
1751443835605,807733245,0.5912417,-0.09489891,2.5668173
1751443835622,807749912,0.9229617,0.26425758,2.3096952
1751443835622,807749912,0.9229617,0.26425758,2.3096952
1751443835638,807766579,0.7120372,0.49170572,1.879199
1751443835638,807766579,0.7120372,0.49170572,1.879199
1751443835655,807783246,0.63106996,0.5484018,1.4788399
1751443835655,807783246,0.63106996,0.5484018,1.4788399
1751443835672,807799913,0.40729022,0.44027805,1.0968332
1751443835672,807799913,0.40729022,0.44027805,1.0968332
1751443835688,807816580,0.017797736,0.13448216,0.65103245
1751443835688,807816580,0.017797736,0.13448216,0.65103245
1751443835705,807833247,-0.06476402,-0.13856596,0.5310888
1751443835705,807833247,-0.06476402,-0.13856596,0.5310888
1751443835722,807849914,-0.15410748,-0.42591667,0.57018757
1751443835722,807849914,-0.15410748,-0.42591667,0.57018757
1751443835738,807866581,-0.42605475,-0.46491814,0.8261328
1751443835738,807866581,-0.42605475,-0.46491814,0.8261328
1751443835755,807883248,-0.4921029,-0.32069683,1.0259018
1751443835755,807883248,-0.4921029,-0.32069683,1.0259018
1751443835772,807899915,-0.6200822,-0.23929743,1.09412
1751443835772,807899915,-0.6200822,-0.23929743,1.09412
1751443835788,807916582,-0.57102853,-0.13754585,1.359415
1751443835788,807916582,-0.57102853,-0.13754585,1.359415
1751443835805,807933249,-0.4973598,-0.08385446,1.6541471
1751443835805,807933249,-0.4973598,-0.08385446,1.6541471
1751443835822,807949916,-0.40910724,0.092549115,1.6294937
1751443835822,807949916,-0.40910724,0.092549115,1.6294937
1751443835838,807966583,-0.28183642,0.2100557,1.3351183
1751443835838,807966583,-0.28183642,0.2100557,1.3351183
1751443835855,807983250,-0.100226216,0.35033107,1.0256958
1751443835855,807983250,-0.100226216,0.35033107,1.0256958
1751443835872,807999917,-0.12599257,0.23322661,0.45854855
1751443835872,807999917,-0.12599257,0.23322661,0.45854855
1751443835888,808016584,0.0378142,0.21679819,0.045502663
1751443835888,808016584,0.0378142,0.21679819,0.045502663
1751443835905,808033251,0.4417072,0.16937052,-0.33047867
1751443835905,808033251,0.4417072,0.16937052,-0.33047867
1751443835922,808049918,0.8380303,0.098019145,-0.8317747
1751443835922,808049918,0.8380303,0.098019145,-0.8317747
1751443835938,808066585,1.1916769,-0.028101614,-1.0117521
1751443835938,808066585,1.1916769,-0.028101614,-1.0117521
1751443835955,808083252,1.5489339,0.05680582,-0.88652134
1751443835955,808083252,1.5489339,0.05680582,-0.88652134
1751443835972,808099919,1.3715749,-0.0029966382,-1.402504
1751443835972,808099919,1.3715749,-0.0029966382,-1.402504
1751443835988,808116586,1.1918783,0.09747378,-1.3481236
1751443835988,808116586,1.1918783,0.09747378,-1.3481236
1751443836005,808133253,1.067365,0.14179327,-1.2895842
1751443836005,808133253,1.067365,0.14179327,-1.2895842
1751443836022,808149920,1.1338593,0.2028342,-1.3458986
1751443836022,808149920,1.1338593,0.2028342,-1.3458986
1751443836038,808166587,1.2228137,0.10545475,-1.1165686
1751443836038,808166587,1.2228137,0.10545475,-1.1165686
1751443836055,808183254,0.93782437,0.16436182,-0.84291935
1751443836055,808183254,0.93782437,0.16436182,-0.84291935
1751443836072,808199921,0.40478498,0.16501135,-0.5571327
1751443836072,808199921,0.40478498,0.16501135,-0.5571327
1751443836088,808216588,0.9472984,0.4191353,-0.45570946
1751443836088,808216588,0.9472984,0.4191353,-0.45570946
1751443836105,808233255,0.35016698,0.5931341,-0.18660164
1751443836105,808233255,0.35016698,0.5931341,-0.18660164
1751443836122,808249922,-0.16779576,0.61777973,-0.60435677
1751443836122,808249922,-0.16779576,0.61777973,-0.60435677
1751443836138,808266589,-0.45314312,0.3691911,-1.0670471
1751443836138,808266589,-0.45314312,0.3691911,-1.0670471
1751443836155,808283256,-0.6337304,-0.13255122,-1.458909
1751443836155,808283256,-0.6337304,-0.13255122,-1.458909
1751443836172,808299923,-1.1881382,-0.3573639,-1.8062296
1751443836172,808299923,-1.1881382,-0.3573639,-1.8062296
1751443836188,808316590,-1.3826624,-0.62404615,-1.7510519
1751443836188,808316590,-1.3826624,-0.62404615,-1.7510519
1751443836205,808333257,-1.1933916,-0.8509947,-1.900948
1751443836205,808333257,-1.1933916,-0.8509947,-1.900948
1751443836222,808349924,-0.98970175,-1.0764115,-1.7995052
1751443836222,808349924,-0.98970175,-1.0764115,-1.7995052
1751443836238,808366591,-0.8293304,-1.3238643,-1.592865
1751443836238,808366591,-0.8293304,-1.3238643,-1.592865
1751443836255,808383258,-1.0578569,-1.4413967,-1.3591576
1751443836255,808383258,-1.0578569,-1.4413967,-1.3591576
1751443836272,808399925,-1.0239995,-1.595459,-1.8659835
1751443836272,808399925,-1.0239995,-1.595459,-1.8659835
1751443836288,808416592,-1.6054689,-1.7317328,-2.3431382
1751443836288,808416592,-1.6054689,-1.7317328,-2.3431382
1751443836305,808433259,-1.9141191,-1.8142397,-2.5850906
1751443836305,808433259,-1.9141191,-1.8142397,-2.5850906
1751443836322,808449926,-2.128824,-1.8456957,-2.5616832
1751443836322,808449926,-2.128824,-1.8456957,-2.5616832
1751443836338,808466593,-1.8666226,-1.7172376,-2.046729
1751443836338,808466593,-1.8666226,-1.7172376,-2.046729
1751443836355,808483260,-1.51763,-1.4580184,-1.0336494
1751443836355,808483260,-1.51763,-1.4580184,-1.0336494
1751443836372,808499927,-1.3158334,-1.3153545,-0.40474796
1751443836372,808499927,-1.3158334,-1.3153545,-0.40474796
1751443836388,808516594,-1.3726115,-1.3744525,-0.068862915
1751443836388,808516594,-1.3726115,-1.3744525,-0.068862915
1751443836405,808533261,-1.5549603,-1.5071692,-0.19040012
1751443836405,808533261,-1.5549603,-1.5071692,-0.19040012
1751443836422,808549928,-1.7215072,-1.6866589,-0.471097
1751443836422,808549928,-1.7215072,-1.6866589,-0.471097
1751443836438,808566595,-1.5493186,-1.5558488,-0.58805275
1751443836438,808566595,-1.5493186,-1.5558488,-0.58805275
1751443836455,808583262,-1.0699673,-1.246489,-0.39378834
1751443836455,808583262,-1.0699673,-1.246489,-0.39378834
1751443836472,808599929,-0.74935234,-0.86337715,0.16315365
1751443836472,808599929,-0.74935234,-0.86337715,0.16315365
1751443836488,808616596,-0.62855846,-0.56205773,0.31271458
1751443836488,808616596,-0.62855846,-0.56205773,0.31271458
1751443836505,808633263,-0.8207503,-0.5936153,-0.008579254
1751443836505,808633263,-0.8207503,-0.5936153,-0.008579254
1751443836522,808649930,-1.319049,-0.792184,-0.5182276
1751443836522,808649930,-1.319049,-0.792184,-0.5182276
1751443836538,808666597,-1.6883491,-0.83779806,-1.1617861
1751443836538,808666597,-1.6883491,-0.83779806,-1.1617861
1751443836555,808683264,-1.6279675,-0.90184563,-1.3138084
1751443836555,808683264,-1.6279675,-0.90184563,-1.3138084
1751443836572,808699931,-1.3608568,-0.8695164,-0.75581646
1751443836572,808699931,-1.3608568,-0.8695164,-0.75581646
1751443836588,808716598,-1.0448692,-0.7763727,0.06880188
1751443836588,808716598,-1.0448692,-0.7763727,0.06880188
1751443836605,808733265,-0.7205497,-0.49461094,0.6101799
1751443836605,808733265,-0.7205497,-0.49461094,0.6101799
1751443836622,808749932,-0.5558327,-0.41461474,0.8147049
1751443836622,808749932,-0.5558327,-0.41461474,0.8147049
1751443836638,808766599,-0.5905774,-0.42481005,0.7420893
1751443836638,808766599,-0.5905774,-0.42481005,0.7420893
1751443836655,808783266,-0.5381277,-0.43659368,0.6533556
1751443836655,808783266,-0.5381277,-0.43659368,0.6533556
1751443836672,808799933,-0.49447447,-0.45992574,0.6094055
1751443836672,808799933,-0.49447447,-0.45992574,0.6094055
1751443836688,808816600,-0.46992648,-0.4414041,0.36809063
1751443836688,808816600,-0.46992648,-0.4414041,0.36809063
1751443836705,808833267,-0.7097442,-0.5565122,-0.06756878
1751443836705,808833267,-0.7097442,-0.5565122,-0.06756878
1751443836722,808849934,-1.0688292,-0.80622774,-0.408535
1751443836722,808849934,-1.0688292,-0.80622774,-0.408535
1751443836738,808866601,-1.1205385,-0.8244479,-0.5482931
1751443836738,808866601,-1.1205385,-0.8244479,-0.5482931
1751443836755,808883268,-1.0026361,-0.58758134,-0.1684761
1751443836755,808883268,-1.0026361,-0.58758134,-0.1684761
1751443836772,808899935,-0.7848196,-0.47165748,0.18835068
1751443836772,808899935,-0.7848196,-0.47165748,0.18835068
1751443836788,808916602,-0.74489427,-0.49041155,0.25235176
1751443836788,808916602,-0.74489427,-0.49041155,0.25235176
1751443836805,808933269,-0.95433205,-0.6373065,0.14682293
1751443836805,808933269,-0.95433205,-0.6373065,0.14682293
1751443836822,808949936,-1.113041,-0.7487863,0.08446026
1751443836822,808949936,-1.113041,-0.7487863,0.08446026
1751443836838,808966603,-1.077774,-0.73319757,0.058055878
1751443836838,808966603,-1.077774,-0.73319757,0.058055878
1751443836855,808983270,-1.0550082,-0.77187026,0.08651447
1751443836855,808983270,-1.0550082,-0.77187026,0.08651447
1751443836872,808999937,-0.9630135,-0.7352602,0.18332386
1751443836872,808999937,-0.9630135,-0.7352602,0.18332386
1751443836888,809016604,-1.0935621,-0.75194967,0.1572895
1751443836888,809016604,-1.0935621,-0.75194967,0.1572895
1751443836905,809033271,-1.1572912,-0.972607,0.044487953
1751443836905,809033271,-1.1572912,-0.972607,0.044487953
1751443836922,809049938,-1.1458803,-1.0946455,-0.013786316
1751443836922,809049938,-1.1458803,-1.0946455,-0.013786316
1751443836938,809066605,-0.92497003,-1.1624415,-0.109662056
1751443836938,809066605,-0.92497003,-1.1624415,-0.109662056
1751443836955,809083272,-1.0500051,-1.3785385,-0.15535736
1751443836955,809083272,-1.0500051,-1.3785385,-0.15535736
1751443836972,809099939,-0.9419453,-1.465538,-0.18558025
1751443836972,809099939,-0.9419453,-1.465538,-0.18558025
1751443836988,809116606,-0.9663152,-1.6171445,-0.50993156
1751443836988,809116606,-0.9663152,-1.6171445,-0.50993156
1751443837005,809133273,-1.1221465,-1.7929361,-0.8642025
1751443837005,809133273,-1.1221465,-1.7929361,-0.8642025
1751443837022,809149940,-1.0770315,-1.9292127,-0.84806347
1751443837022,809149940,-1.0770315,-1.9292127,-0.84806347
1751443837038,809166607,-1.1282384,-2.0085804,-0.3822279
1751443837038,809166607,-1.1282384,-2.0085804,-0.3822279
1751443837055,809183274,-1.1734285,-2.0191119,0.09494972
1751443837055,809183274,-1.1734285,-2.0191119,0.09494972
1751443837072,809199941,-1.2778267,-2.0245285,-0.12095547
1751443837072,809199941,-1.2778267,-2.0245285,-0.12095547
1751443837088,809216608,-1.6952549,-2.2683318,-1.2200317
1751443837088,809216608,-1.6952549,-2.2683318,-1.2200317
1751443837105,809233275,-2.046457,-2.6154256,-2.988483
1751443837105,809233275,-2.046457,-2.6154256,-2.988483
1751443837122,809249942,-1.8746655,-2.7539291,-4.394035
1751443837122,809249942,-1.8746655,-2.7539291,-4.394035
1751443837138,809266609,-1.312083,-2.5181227,-4.9263434
1751443837138,809266609,-1.312083,-2.5181227,-4.9263434
1751443837155,809283276,-0.99926585,-2.1120625,-4.506854
1751443837155,809283276,-0.99926585,-2.1120625,-4.506854
1751443837172,809299943,-0.8208831,-1.571691,-3.2239366
1751443837172,809299943,-0.8208831,-1.571691,-3.2239366
1751443837188,809316610,-0.49762326,-1.0475931,-2.2017365
1751443837188,809316610,-0.49762326,-1.0475931,-2.2017365
1751443837205,809333277,-0.7345968,-0.6661846,-1.8885717
1751443837205,809333277,-0.7345968,-0.6661846,-1.8885717
1751443837222,809349944,-1.2061646,-0.12313776,-1.4925375
1751443837222,809349944,-1.2061646,-0.12313776,-1.4925375
1751443837238,809366611,-0.89700043,0.46373886,-0.23996544
1751443837238,809366611,-0.89700043,0.46373886,-0.23996544
1751443837255,809383278,0.47039258,1.3022875,1.3045139
1751443837255,809383278,0.47039258,1.3022875,1.3045139
1751443837272,809399945,1.4482372,1.4912552,2.4457674
1751443837272,809399945,1.4482372,1.4912552,2.4457674
1751443837288,809416612,1.7731389,0.6624611,1.9495125
1751443837288,809416612,1.7731389,0.6624611,1.9495125
1751443837305,809433279,1.2715911,-0.14830844,1.3158627
1751443837305,809433279,1.2715911,-0.14830844,1.3158627
1751443837322,809449946,0.63184506,0.10608126,0.7120867
1751443837322,809449946,0.63184506,0.10608126,0.7120867
1751443837338,809466613,1.4520086,-0.048017066,-0.8196955
1751443837338,809466613,1.4520086,-0.048017066,-0.8196955
1751443837355,809483280,2.0609,0.7672657,-0.44578648
1751443837355,809483280,2.0609,0.7672657,-0.44578648
1751443837372,809499947,1.5947534,0.958527,-1.1696978
1751443837372,809499947,1.5947534,0.958527,-1.1696978
1751443837388,809516614,1.2634244,1.26255,-0.96656895
1751443837388,809516614,1.2634244,1.26255,-0.96656895
1751443837405,809533281,0.4742552,0.7216058,-1.4035292
1751443837405,809533281,0.4742552,0.7216058,-1.4035292
1751443837422,809549948,-0.6393176,0.4538605,-2.1118822
1751443837422,809549948,-0.6393176,0.4538605,-2.1118822
1751443837438,809566615,-0.49509025,0.28108364,-2.4342961
1751443837438,809566615,-0.49509025,0.28108364,-2.4342961
1751443837455,809583282,-0.74469054,0.36819535,-1.9600859
1751443837455,809583282,-0.74469054,0.36819535,-1.9600859
1751443837472,809599949,-0.8501689,0.5934564,-1.9036446
1751443837472,809599949,-0.8501689,0.5934564,-1.9036446
1751443837488,809616616,-0.8402554,0.89459586,-0.81892776
1751443837488,809616616,-0.8402554,0.89459586,-0.81892776
1751443837505,809633283,0.32103643,1.0568382,0.1486845
1751443837505,809633283,0.32103643,1.0568382,0.1486845
1751443837522,809649950,0.98394775,0.14509411,0.52875614
1751443837522,809649950,0.98394775,0.14509411,0.52875614
1751443837538,809666617,0.61295897,-0.5415907,1.1150465
1751443837538,809666617,0.61295897,-0.5415907,1.1150465
1751443837555,809683284,0.31863222,-0.81939244,0.77902126
1751443837555,809683284,0.31863222,-0.81939244,0.77902126
1751443837572,809699951,0.80201006,-0.70643395,1.0909996
1751443837572,809699951,0.80201006,-0.70643395,1.0909996
1751443837588,809716618,0.78079534,-0.9926311,1.0455933
1751443837588,809716618,0.78079534,-0.9926311,1.0455933
1751443837605,809733285,0.79468274,-1.3212332,0.8828583
1751443837605,809733285,0.79468274,-1.3212332,0.8828583
1751443837622,809749952,0.2773378,-1.4813637,-0.117738724
1751443837622,809749952,0.2773378,-1.4813637,-0.117738724
1751443837638,809766619,0.12133131,-1.0618397,-0.43250465
1751443837638,809766619,0.12133131,-1.0618397,-0.43250465
1751443837655,809783286,-0.061810013,-0.425572,-0.4315529
1751443837655,809783286,-0.061810013,-0.425572,-0.4315529
1751443837672,809799953,-0.36897296,0.009332113,0.3818102
1751443837672,809799953,-0.36897296,0.009332113,0.3818102
1751443837688,809816620,-0.8367114,0.07287752,1.0890379
1751443837688,809816620,-0.8367114,0.07287752,1.0890379
1751443837705,809833287,-1.0155892,0.07286567,1.3194828
1751443837705,809833287,-1.0155892,0.07286567,1.3194828
1751443837722,809849954,-0.76407766,0.44716716,1.9167843
1751443837722,809849954,-0.76407766,0.44716716,1.9167843
1751443837738,809866621,-0.20054814,0.58843094,2.9410677
1751443837738,809866621,-0.20054814,0.58843094,2.9410677
1751443837755,809883288,-0.3351687,-0.2206426,2.4731865
1751443837755,809883288,-0.3351687,-0.2206426,2.4731865
1751443837772,809899955,-0.5338303,-0.73445666,1.5825024
1751443837772,809899955,-0.5338303,-0.73445666,1.5825024
1751443837788,809916622,0.71281886,0.33080855,1.7948351
1751443837788,809916622,0.71281886,0.33080855,1.7948351
1751443837805,809933289,1.1559979,0.5364327,-0.1849699
1751443837805,809933289,1.1559979,0.5364327,-0.1849699
1751443837822,809949956,0.50789845,0.029290926,-0.6945276
1751443837822,809949956,0.50789845,0.029290926,-0.6945276
1751443837838,809966623,0.3651787,0.32951242,0.47018814
1751443837838,809966623,0.3651787,0.32951242,0.47018814
1751443837855,809983290,0.5914094,0.87547994,1.4240217
1751443837855,809983290,0.5914094,0.87547994,1.4240217
1751443837872,809999957,0.9088584,1.024746,1.718854
1751443837872,809999957,0.9088584,1.024746,1.718854
1751443837888,810016624,0.75017715,0.98859155,1.5278378
1751443837888,810016624,0.75017715,0.98859155,1.5278378
1751443837905,810033291,0.7416057,1.2701502,1.6451454
1751443837905,810033291,0.7416057,1.2701502,1.6451454
1751443837922,810049958,0.69544715,1.6166375,1.7549706
1751443837922,810049958,0.69544715,1.6166375,1.7549706
1751443837938,810066625,0.53079253,1.350121,1.726882
1751443837938,810066625,0.53079253,1.350121,1.726882
1751443837955,810083292,-0.11425521,0.15306905,1.8135004
1751443837955,810083292,-0.11425521,0.15306905,1.8135004
1751443837972,810099959,-0.5690559,-0.7055745,1.6427364
1751443837972,810099959,-0.5690559,-0.7055745,1.6427364
1751443837988,810116626,-0.5651703,-0.80339026,1.1025963
1751443837988,810116626,-0.5651703,-0.80339026,1.1025963
1751443838005,810133293,-0.54919493,-0.6481835,1.0008631
1751443838005,810133293,-0.54919493,-0.6481835,1.0008631
1751443838022,810149960,-0.3665985,-0.4883474,0.7738323
1751443838022,810149960,-0.3665985,-0.4883474,0.7738323
1751443838038,810166627,-0.19475354,-0.39060497,0.5666723
1751443838038,810166627,-0.19475354,-0.39060497,0.5666723
1751443838055,810183294,-0.128032,-0.36062452,0.35178757
1751443838055,810183294,-0.128032,-0.36062452,0.35178757
1751443838072,810199961,-0.040485125,-0.27616793,0.11787987
1751443838072,810199961,-0.040485125,-0.27616793,0.11787987
1751443838088,810216628,0.12676147,-0.12749179,-0.111525536
1751443838088,810216628,0.12676147,-0.12749179,-0.111525536
1751443838105,810233295,0.307915,-0.077933155,-0.3969841
1751443838105,810233295,0.307915,-0.077933155,-0.3969841
1751443838122,810249962,0.53749985,0.037094433,-0.53839207
1751443838122,810249962,0.53749985,0.037094433,-0.53839207
1751443838138,810266629,0.70857495,0.119221814,-0.8547888
1751443838138,810266629,0.70857495,0.119221814,-0.8547888
1751443838155,810283296,0.71410936,0.27259818,-1.0951633
1751443838155,810283296,0.71410936,0.27259818,-1.0951633
1751443838172,810299963,0.72135645,0.2168612,-1.0777912
1751443838172,810299963,0.72135645,0.2168612,-1.0777912
1751443838188,810316630,0.6738632,0.2261856,-0.99265766
1751443838188,810316630,0.6738632,0.2261856,-0.99265766
1751443838205,810333297,0.73900926,0.20269977,-0.91819286
1751443838205,810333297,0.73900926,0.20269977,-0.91819286
1751443838222,810349964,0.67481667,0.15920426,-0.750267
1751443838222,810349964,0.67481667,0.15920426,-0.750267
1751443838238,810366631,0.5304726,0.019972559,-0.67469597
1751443838238,810366631,0.5304726,0.019972559,-0.67469597
1751443838255,810383298,0.426968,-0.03758661,-0.5665016
1751443838255,810383298,0.426968,-0.03758661,-0.5665016
1751443838272,810399965,0.3000245,-0.055223122,-0.5193081
1751443838272,810399965,0.3000245,-0.055223122,-0.5193081
1751443838288,810416632,0.19849451,0.010656204,-0.4520712
1751443838288,810416632,0.19849451,0.010656204,-0.4520712
1751443838305,810433299,0.11568603,0.0727804,-0.32235527
1751443838305,810433299,0.11568603,0.0727804,-0.32235527
1751443838322,810449966,0.056852896,0.047844626,-0.20468521
1751443838322,810449966,0.056852896,0.047844626,-0.20468521
1751443838338,810466633,-0.033205673,-0.025940131,-0.31144238
1751443838338,810466633,-0.033205673,-0.025940131,-0.31144238
1751443838355,810483300,-0.12097024,-0.06421371,-0.49191952
1751443838355,810483300,-0.12097024,-0.06421371,-0.49191952
1751443838372,810499967,-0.23121454,0.004513844,-0.60502243
1751443838372,810499967,-0.23121454,0.004513844,-0.60502243
1751443838388,810516634,-0.28753728,0.09320378,-0.6227226
1751443838388,810516634,-0.28753728,0.09320378,-0.6227226
1751443838405,810533301,-0.3061533,0.14753945,-0.39517498
1751443838405,810533301,-0.3061533,0.14753945,-0.39517498
1751443838422,810549968,-0.2254844,0.23455617,-0.22904491
1751443838422,810549968,-0.2254844,0.23455617,-0.22904491
1751443838438,810566635,-0.12189044,0.32188246,-0.09828758
1751443838438,810566635,-0.12189044,0.32188246,-0.09828758
1751443838455,810583302,-0.024950584,0.3230435,-0.07740307
1751443838455,810583302,-0.024950584,0.3230435,-0.07740307
1751443838472,810599969,0.13975812,0.29167524,-0.12531853
1751443838472,810599969,0.13975812,0.29167524,-0.12531853
1751443838488,810616636,0.3869423,0.16034126,-0.12759972
1751443838488,810616636,0.3869423,0.16034126,-0.12759972
1751443838505,810633303,0.5419437,-0.1033344,-0.17533207
1751443838505,810633303,0.5419437,-0.1033344,-0.17533207
1751443838522,810649970,0.52753997,-0.36825347,-0.361207
1751443838522,810649970,0.52753997,-0.36825347,-0.361207
1751443838538,810666637,0.27916923,-0.4573521,-0.6931648
1751443838538,810666637,0.27916923,-0.4573521,-0.6931648
1751443838555,810683304,0.012083362,-0.4202445,-0.9586315
1751443838555,810683304,0.012083362,-0.4202445,-0.9586315
1751443838572,810699971,0.08611451,-0.1999804,-0.7514458
1751443838572,810699971,0.08611451,-0.1999804,-0.7514458
1751443838588,810716638,0.29980418,0.013791755,-0.39027786
1751443838588,810716638,0.29980418,0.013791755,-0.39027786
1751443838605,810733305,0.47932827,0.1176057,-0.271163
1751443838605,810733305,0.47932827,0.1176057,-0.271163
1751443838622,810749972,0.61573493,0.19755986,-0.38371563
1751443838622,810749972,0.61573493,0.19755986,-0.38371563
1751443838638,810766639,0.66277796,0.1619937,-0.7779522
1751443838638,810766639,0.66277796,0.1619937,-0.7779522
1751443838655,810783306,0.48847628,0.12609439,-1.0720024
1751443838655,810783306,0.48847628,0.12609439,-1.0720024
1751443838672,810799973,0.3402645,0.07457532,-1.0115337
1751443838672,810799973,0.3402645,0.07457532,-1.0115337
1751443838688,810816640,0.30506998,0.054204352,-0.5408621
1751443838688,810816640,0.30506998,0.054204352,-0.5408621
1751443838705,810833307,0.32193485,0.0062153367,-0.21389961
1751443838705,810833307,0.32193485,0.0062153367,-0.21389961
1751443838722,810849974,0.34084356,0.007577201,-0.20096684
1751443838722,810849974,0.34084356,0.007577201,-0.20096684
1751443838738,810866641,0.38015708,0.07969991,-0.21676826
1751443838738,810866641,0.38015708,0.07969991,-0.21676826
1751443838755,810883308,0.4547613,0.19624616,-0.24487495
1751443838755,810883308,0.4547613,0.19624616,-0.24487495
1751443838772,810899975,0.56015515,0.3109651,-0.16445065
1751443838772,810899975,0.56015515,0.3109651,-0.16445065
1751443838788,810916642,0.63978934,0.27403045,-0.13508224
1751443838788,810916642,0.63978934,0.27403045,-0.13508224
1751443838805,810933309,0.63880676,0.33823746,-0.074064255
1751443838805,810933309,0.63880676,0.33823746,-0.074064255
1751443838822,810949976,0.6116206,0.19654724,0.04013729
1751443838822,810949976,0.6116206,0.19654724,0.04013729
1751443838838,810966643,0.44143933,0.018366171,-0.14377213
1751443838838,810966643,0.44143933,0.018366171,-0.14377213
1751443838855,810983310,0.27432218,-0.1298389,-0.34867954
1751443838855,810983310,0.27432218,-0.1298389,-0.34867954
1751443838872,810999977,0.12845469,-0.21053669,-0.3682394
1751443838872,810999977,0.12845469,-0.21053669,-0.3682394
1751443838888,811016644,-0.031193761,-0.2699481,-0.37677288
1751443838888,811016644,-0.031193761,-0.2699481,-0.37677288
1751443838905,811033311,-0.097604185,-0.2709395,-0.3095541
1751443838905,811033311,-0.097604185,-0.2709395,-0.3095541
1751443838922,811049978,-0.12615618,-0.24631664,-0.23712063
1751443838922,811049978,-0.12615618,-0.24631664,-0.23712063
1751443838938,811066645,-0.058748677,-0.16298006,-0.093512535
1751443838938,811066645,-0.058748677,-0.16298006,-0.093512535
1751443838955,811083312,0.14025295,0.07895863,0.088765144
1751443838955,811083312,0.14025295,0.07895863,0.088765144
1751443838972,811099979,0.0826786,0.31067094,0.43335438
1751443838972,811099979,0.0826786,0.31067094,0.43335438
1751443838988,811116646,-0.20476706,0.32004285,1.2199488
1751443838988,811116646,-0.20476706,0.32004285,1.2199488
1751443839005,811133313,-1.0489326,-0.10899855,2.7662678
1751443839005,811133313,-1.0489326,-0.10899855,2.7662678
1751443839022,811149980,-1.2130892,-0.65166026,4.1006794
1751443839022,811149980,-1.2130892,-0.65166026,4.1006794
1751443839038,811166647,-0.53614414,-0.21316206,4.3223276
1751443839038,811166647,-0.53614414,-0.21316206,4.3223276
1751443839055,811183314,0.3394435,0.54835504,3.5975628
1751443839055,811183314,0.3394435,0.54835504,3.5975628
1751443839072,811199981,0.4500777,0.47873032,2.918808
1751443839072,811199981,0.4500777,0.47873032,2.918808
1751443839088,811216648,0.30635926,0.47604102,2.3265314
1751443839088,811216648,0.30635926,0.47604102,2.3265314
1751443839105,811233315,0.39304262,0.32858348,2.1789923
1751443839105,811233315,0.39304262,0.32858348,2.1789923
1751443839122,811249982,0.66454566,0.30885556,1.6586914
1751443839122,811249982,0.66454566,0.30885556,1.6586914
1751443839138,811266649,0.53792715,0.47400013,1.4423923
1751443839138,811266649,0.53792715,0.47400013,1.4423923
1751443839155,811283316,0.22807506,0.43418935,1.164319
1751443839155,811283316,0.22807506,0.43418935,1.164319
1751443839172,811299983,0.038739964,-0.11268227,1.0849895
1751443839172,811299983,0.038739964,-0.11268227,1.0849895
1751443839188,811316650,-0.110312305,-0.53117543,1.2858753
1751443839188,811316650,-0.110312305,-0.53117543,1.2858753
1751443839205,811333317,-0.4240935,-0.9012156,1.2567749
1751443839205,811333317,-0.4240935,-0.9012156,1.2567749
1751443839222,811349984,-0.54201543,-1.0244339,1.1660471
1751443839222,811349984,-0.54201543,-1.0244339,1.1660471
1751443839238,811366651,-0.46075758,-0.8936189,0.9288721
1751443839238,811366651,-0.46075758,-0.8936189,0.9288721
1751443839255,811383318,-0.30093902,-0.5058362,0.82990646
1751443839255,811383318,-0.30093902,-0.5058362,0.82990646
1751443839272,811399985,-0.058243398,-0.07990499,0.7539835
1751443839272,811399985,-0.058243398,-0.07990499,0.7539835
1751443839288,811416652,0.21918583,0.02746572,1.146244
1751443839288,811416652,0.21918583,0.02746572,1.146244
1751443839305,811433319,0.16557139,-0.26334834,0.82565403
1751443839305,811433319,0.16557139,-0.26334834,0.82565403
1751443839322,811449986,0.34500927,-0.10230099,0.63106537
1751443839322,811449986,0.34500927,-0.10230099,0.63106537
1751443839338,811466653,0.7339071,0.08227445,0.22086048
1751443839338,811466653,0.7339071,0.08227445,0.22086048
1751443839355,811483320,0.95302415,0.39088327,-0.31440926
1751443839355,811483320,0.95302415,0.39088327,-0.31440926
1751443839372,811499987,0.8928588,0.8403131,-0.50439644
1751443839372,811499987,0.8928588,0.8403131,-0.50439644
1751443839388,811516654,1.4075147,1.1528242,-0.7070894
1751443839388,811516654,1.4075147,1.1528242,-0.7070894
1751443839405,811533321,1.4153492,1.3500316,-1.3409681
1751443839405,811533321,1.4153492,1.3500316,-1.3409681
1751443839422,811549988,0.61063117,1.3725401,-1.951622
1751443839422,811549988,0.61063117,1.3725401,-1.951622
1751443839438,811566655,0.65114623,1.1695598,-2.3983483
1751443839438,811566655,0.65114623,1.1695598,-2.3983483
1751443839455,811583322,0.39409742,0.9840893,-2.6234674
1751443839455,811583322,0.39409742,0.9840893,-2.6234674
1751443839472,811599989,0.5858788,0.7985815,-2.234261
1751443839472,811599989,0.5858788,0.7985815,-2.234261
1751443839488,811616656,0.7182777,0.88904,-1.4775476
1751443839488,811616656,0.7182777,0.88904,-1.4775476
1751443839505,811633323,0.7732539,0.6612052,-0.6555233
1751443839505,811633323,0.7732539,0.6612052,-0.6555233
1751443839522,811649990,1.1394017,0.363574,-0.08452129
1751443839522,811649990,1.1394017,0.363574,-0.08452129
1751443839538,811666657,1.0933511,0.08171634,0.094052315
1751443839538,811666657,1.0933511,0.08171634,0.094052315
1751443839555,811683324,0.7748497,-0.0025963264,-0.007531166
1751443839555,811683324,0.7748497,-0.0025963264,-0.007531166
1751443839572,811699991,0.31100407,-0.1924974,-0.037477493
1751443839572,811699991,0.31100407,-0.1924974,-0.037477493
1751443839588,811716658,0.40166765,-0.013088248,-0.37388802
1751443839588,811716658,0.40166765,-0.013088248,-0.37388802
1751443839605,811733325,-0.13285476,-0.11959508,-1.022088
1751443839605,811733325,-0.13285476,-0.11959508,-1.022088
1751443839622,811749992,-0.7333283,-0.18518496,-1.436841
1751443839622,811749992,-0.7333283,-0.18518496,-1.436841
1751443839638,811766659,-0.9636229,-0.4762413,-1.790802
1751443839638,811766659,-0.9636229,-0.4762413,-1.790802
1751443839655,811783326,-0.78807735,-0.96980083,-1.8269534
1751443839655,811783326,-0.78807735,-0.96980083,-1.8269534
1751443839672,811799993,-0.64731205,-1.0170182,-1.6800108
1751443839672,811799993,-0.64731205,-1.0170182,-1.6800108
1751443839688,811816660,-0.33343852,-1.6090091,-1.7176762
1751443839688,811816660,-0.33343852,-1.6090091,-1.7176762
1751443839705,811833327,-1.8423464,-1.0994829,-2.158567
1751443839705,811833327,-1.8423464,-1.0994829,-2.158567
1751443839722,811849994,-1.0297616,-1.213105,-2.9213734
1751443839722,811849994,-1.0297616,-1.213105,-2.9213734
1751443839738,811866661,-1.1881882,-0.5885505,-2.1956506
1751443839738,811866661,-1.1881882,-0.5885505,-2.1956506
1751443839755,811883328,-1.8049555,-0.5240089,-1.3305197
1751443839755,811883328,-1.8049555,-0.5240089,-1.3305197
1751443839772,811899995,-0.72915685,-1.3443892,-1.4043579
1751443839772,811899995,-0.72915685,-1.3443892,-1.4043579
1751443839788,811916662,-0.29817513,-1.6043258,-1.0579119
1751443839788,811916662,-0.29817513,-1.6043258,-1.0579119
1751443839805,811933329,-0.18720582,-1.3183379,-0.11483765
1751443839805,811933329,-0.18720582,-1.3183379,-0.11483765
1751443839822,811949996,-0.9597481,-1.8803877,-0.58286285
1751443839822,811949996,-0.9597481,-1.8803877,-0.58286285
1751443839838,811966663,-1.8617187,-2.2453055,-1.3929472
1751443839838,811966663,-1.8617187,-2.2453055,-1.3929472
1751443839855,811983330,-2.1400979,-1.9490236,-1.7331638
1751443839855,811983330,-2.1400979,-1.9490236,-1.7331638
1751443839872,811999997,-1.979834,-1.4778775,-1.6575308
1751443839872,811999997,-1.979834,-1.4778775,-1.6575308
1751443839888,812016664,-1.526686,-1.2055185,-1.3398485
1751443839888,812016664,-1.526686,-1.2055185,-1.3398485
1751443839905,812033331,-1.0295105,-1.1246352,-1.1770716
1751443839905,812033331,-1.0295105,-1.1246352,-1.1770716
1751443839922,812049998,-1.1503409,-1.0030699,-0.8111248
1751443839922,812049998,-1.1503409,-1.0030699,-0.8111248
1751443839938,812066665,-1.4549073,-1.0690334,-0.6612692
1751443839938,812066665,-1.4549073,-1.0690334,-0.6612692
1751443839955,812083332,-1.567459,-1.2309471,-0.30513287
1751443839955,812083332,-1.567459,-1.2309471,-0.30513287
1751443839972,812099999,-1.237123,-1.1721509,0.19996929
1751443839972,812099999,-1.237123,-1.1721509,0.19996929
1751443839988,812116666,-0.7713559,-1.0385,0.4733839
1751443839988,812116666,-0.7713559,-1.0385,0.4733839
1751443840005,812133333,-0.41441676,-0.9604294,0.384367
1751443840005,812133333,-0.41441676,-0.9604294,0.384367
1751443840022,812150000,-0.8008988,-1.1045556,0.29703045
1751443840022,812150000,-0.8008988,-1.1045556,0.29703045
1751443840038,812166667,-1.1943128,-1.320696,-0.15289688
1751443840038,812166667,-1.1943128,-1.320696,-0.15289688
1751443840055,812183334,-1.3552336,-1.0756915,-0.17123508
1751443840055,812183334,-1.3552336,-1.0756915,-0.17123508
1751443840072,812200001,-1.2174603,-0.83984995,-0.071354866
1751443840072,812200001,-1.2174603,-0.83984995,-0.071354866
1751443840088,812216668,-0.8854243,-0.87220925,-0.00765419
1751443840088,812216668,-0.8854243,-0.87220925,-0.00765419
1751443840105,812233335,-0.8089685,-1.0987374,0.1284399
1751443840105,812233335,-0.8089685,-1.0987374,0.1284399
1751443840122,812250002,-0.9614581,-1.3096927,0.15360355
1751443840122,812250002,-0.9614581,-1.3096927,0.15360355
1751443840138,812266669,-1.092815,-1.4584019,-0.13929367
1751443840138,812266669,-1.092815,-1.4584019,-0.13929367
1751443840155,812283336,-1.0089921,-1.4997525,-0.6711588
1751443840155,812283336,-1.0089921,-1.4997525,-0.6711588
1751443840172,812300003,-1.1657225,-1.3975306,-0.97572803
1751443840172,812300003,-1.1657225,-1.3975306,-0.97572803
1751443840188,812316670,-1.1993308,-1.2212138,-0.8728056
1751443840188,812316670,-1.1993308,-1.2212138,-0.8728056
1751443840205,812333337,-1.084533,-1.0745333,-0.522521
1751443840205,812333337,-1.084533,-1.0745333,-0.522521
1751443840222,812350004,-1.1424615,-1.0005558,-0.1751175
1751443840222,812350004,-1.1424615,-1.0005558,-0.1751175
1751443840238,812366671,-1.4679179,-1.1091386,-0.15019512
1751443840238,812366671,-1.4679179,-1.1091386,-0.15019512
1751443840255,812383338,-1.7944727,-1.1949005,-0.31618214
1751443840255,812383338,-1.7944727,-1.1949005,-0.31618214
1751443840272,812400005,-1.7895684,-1.2454388,-0.6580486
1751443840272,812400005,-1.7895684,-1.2454388,-0.6580486
1751443840288,812416672,-1.5933013,-1.2902098,-0.9770212
1751443840288,812416672,-1.5933013,-1.2902098,-0.9770212
1751443840305,812433339,-1.1564862,-1.1931627,-0.88421726
1751443840305,812433339,-1.1564862,-1.1931627,-0.88421726
1751443840322,812450006,-0.88595384,-1.056126,-0.48494816
1751443840322,812450006,-0.88595384,-1.056126,-0.48494816
1751443840338,812466673,-0.77440906,-1.0196201,-0.16868591
1751443840338,812466673,-0.77440906,-1.0196201,-0.16868591
1751443840355,812483340,-0.9188929,-1.0611658,-0.12207031
1751443840355,812483340,-0.9188929,-1.0611658,-0.12207031
1751443840372,812500007,-1.2036185,-1.0957989,-0.6298742
1751443840372,812500007,-1.2036185,-1.0957989,-0.6298742
1751443840388,812516674,-1.4828366,-1.2223074,-1.4577351
1751443840388,812516674,-1.4828366,-1.2223074,-1.4577351
1751443840405,812533341,-1.1449752,-1.2968682,-2.3226929
1751443840405,812533341,-1.1449752,-1.2968682,-2.3226929
1751443840422,812550008,-0.85712534,-1.0722678,-2.6515927
1751443840422,812550008,-0.85712534,-1.0722678,-2.6515927
1751443840438,812566675,-0.5378381,-0.80116063,-2.2327447
1751443840438,812566675,-0.5378381,-0.80116063,-2.2327447
1751443840455,812583342,-0.23592536,-0.75184274,-1.7466755
1751443840455,812583342,-0.23592536,-0.75184274,-1.7466755
1751443840472,812600009,-0.33090463,-0.964832,-1.649787
1751443840472,812600009,-0.33090463,-0.964832,-1.649787
1751443840488,812616676,-0.54979604,-1.2692615,-2.0505986
1751443840488,812616676,-0.54979604,-1.2692615,-2.0505986
1751443840505,812633343,-0.48010683,-1.2081417,-2.3144803
1751443840505,812633343,-0.48010683,-1.2081417,-2.3144803
1751443840522,812650010,-0.37548417,-0.6086478,-1.9374232
1751443840522,812650010,-0.37548417,-0.6086478,-1.9374232
1751443840538,812666677,-0.36451414,0.0028341443,-0.9408016
1751443840538,812666677,-0.36451414,0.0028341443,-0.9408016
1751443840555,812683344,-0.6412503,0.3899653,0.2676468
1751443840555,812683344,-0.6412503,0.3899653,0.2676468
1751443840572,812700011,-0.26834115,0.0564473,0.39119148
1751443840572,812700011,-0.26834115,0.0564473,0.39119148
1751443840588,812716678,0.07724991,0.40283272,0.97397614
1751443840588,812716678,0.07724991,0.40283272,0.97397614
1751443840605,812733345,0.27665764,0.6998146,1.051631
1751443840605,812733345,0.27665764,0.6998146,1.051631
1751443840622,812750012,0.36310005,0.88157535,0.6458845
1751443840622,812750012,0.36310005,0.88157535,0.6458845
1751443840638,812766679,-0.0405765,0.9979478,0.45678616
1751443840638,812766679,-0.0405765,0.9979478,0.45678616
1751443840655,812783346,0.035013348,1.0837026,0.5467119
1751443840655,812783346,0.035013348,1.0837026,0.5467119
1751443840672,812800013,0.5149308,0.87740904,0.47760677
1751443840672,812800013,0.5149308,0.87740904,0.47760677
1751443840688,812816680,0.69673353,0.51912963,-0.096907616
1751443840688,812816680,0.69673353,0.51912963,-0.096907616
1751443840705,812833347,0.3026199,0.48801103,-0.9284792
1751443840705,812833347,0.3026199,0.48801103,-0.9284792
1751443840722,812850014,0.339283,0.5238366,-0.9346285
1751443840722,812850014,0.339283,0.5238366,-0.9346285
1751443840738,812866681,0.41984624,0.31772053,-0.97973824
1751443840738,812866681,0.41984624,0.31772053,-0.97973824
1751443840755,812883348,0.34592208,0.092659086,-1.1203823
1751443840755,812883348,0.34592208,0.092659086,-1.1203823
1751443840772,812900015,0.15648223,0.17207815,-0.9242363
1751443840772,812900015,0.15648223,0.17207815,-0.9242363
1751443840788,812916682,-0.2515967,0.19408993,-0.28590012
1751443840788,812916682,-0.2515967,0.19408993,-0.28590012
1751443840805,812933349,-0.30670637,-0.046016846,0.07690048
1751443840805,812933349,-0.30670637,-0.046016846,0.07690048
1751443840822,812950016,-0.32597035,-0.40472585,-0.34311104
1751443840822,812950016,-0.32597035,-0.40472585,-0.34311104
1751443840838,812966683,-0.3170077,-0.6651339,-0.8417864
1751443840838,812966683,-0.3170077,-0.6651339,-0.8417864
1751443840855,812983350,0.19109298,-0.6427625,-0.7183094
1751443840855,812983350,0.19109298,-0.6427625,-0.7183094
1751443840872,813000017,0.54496026,-0.35314822,-0.4165306
1751443840872,813000017,0.54496026,-0.35314822,-0.4165306
1751443840888,813016684,0.40848306,-0.31665796,-0.34598732
1751443840888,813016684,0.40848306,-0.31665796,-0.34598732
1751443840905,813033351,0.21823047,-0.43811178,-0.5281143
1751443840905,813033351,0.21823047,-0.43811178,-0.5281143
1751443840922,813050018,0.23267739,-0.19738229,-0.30571842
1751443840922,813050018,0.23267739,-0.19738229,-0.30571842
1751443840938,813066685,0.32817906,0.12746519,0.0052461624
1751443840938,813066685,0.32817906,0.12746519,0.0052461624
1751443840955,813083352,0.39523968,0.17043556,0.53254604
1751443840955,813083352,0.39523968,0.17043556,0.53254604
1751443840972,813100019,0.38050678,0.12291313,1.0970469
1751443840972,813100019,0.38050678,0.12291313,1.0970469
1751443840988,813116686,0.24885742,-0.01685824,1.6416836
1751443840988,813116686,0.24885742,-0.01685824,1.6416836
1751443841005,813133353,-0.1429213,0.0046177777,2.5226755
1751443841005,813133353,-0.1429213,0.0046177777,2.5226755
1751443841022,813150020,-0.6553821,-0.19582328,2.9294777
1751443841022,813150020,-0.6553821,-0.19582328,2.9294777
1751443841038,813166687,-1.3499335,-0.87058026,1.7331047
1751443841038,813166687,-1.3499335,-0.87058026,1.7331047
1751443841055,813183354,-0.79364824,-0.42719987,1.1187935
1751443841055,813183354,-0.79364824,-0.42719987,1.1187935
1751443841072,813200021,0.975834,0.7771141,0.7824936
1751443841072,813200021,0.975834,0.7771141,0.7824936
1751443841088,813216688,1.2541093,0.8369909,-0.69966793
1751443841088,813216688,1.2541093,0.8369909,-0.69966793
1751443841105,813233355,0.7532543,0.09209471,-0.5338793
1751443841105,813233355,0.7532543,0.09209471,-0.5338793
1751443841122,813250022,0.931595,0.43509123,1.1437693
1751443841122,813250022,0.931595,0.43509123,1.1437693
1751443841138,813266689,1.6372868,1.2415347,2.2970533
1751443841138,813266689,1.6372868,1.2415347,2.2970533
1751443841155,813283356,2.1573386,1.918893,2.307066
1751443841155,813283356,2.1573386,1.918893,2.307066
1751443841172,813300023,2.1377194,1.8261119,1.8610382
1751443841172,813300023,2.1377194,1.8261119,1.8610382
1751443841188,813316690,1.5422035,0.81856704,1.9077578
1751443841188,813316690,1.5422035,0.81856704,1.9077578
1751443841205,813333357,0.52154076,-0.1566086,1.8088884
1751443841205,813333357,0.52154076,-0.1566086,1.8088884
1751443841222,813350024,-0.0037419142,-0.5332854,1.319726
1751443841222,813350024,-0.0037419142,-0.5332854,1.319726
1751443841238,813366691,-0.43512285,-0.8434896,1.1654453
1751443841238,813366691,-0.43512285,-0.8434896,1.1654453
1751443841255,813383358,-0.66486466,-1.2104278,1.3125525
1751443841255,813383358,-0.66486466,-1.2104278,1.3125525
1751443841272,813400025,-0.7533899,-1.4256989,1.0816689
1751443841272,813400025,-0.7533899,-1.4256989,1.0816689
1751443841288,813416692,-0.97091836,-1.2813504,0.5731001
1751443841288,813416692,-0.97091836,-1.2813504,0.5731001
1751443841305,813433359,-0.85639536,-0.93913347,0.3568964
1751443841305,813433359,-0.85639536,-0.93913347,0.3568964
1751443841322,813450026,-0.61146754,-0.43367302,0.6292486
1751443841322,813450026,-0.61146754,-0.43367302,0.6292486
1751443841338,813466693,-0.22988614,0.04393326,0.72313595
1751443841338,813466693,-0.22988614,0.04393326,0.72313595
1751443841355,813483360,0.11658187,0.37542444,0.52703094
1751443841355,813483360,0.11658187,0.37542444,0.52703094
1751443841372,813500027,0.30373242,0.6262167,0.08840752
1751443841372,813500027,0.30373242,0.6262167,0.08840752
1751443841388,813516694,0.5316288,0.7109269,-0.36483002
1751443841388,813516694,0.5316288,0.7109269,-0.36483002
1751443841405,813533361,0.7216782,0.7128215,-0.5155916
1751443841405,813533361,0.7216782,0.7128215,-0.5155916
1751443841422,813550028,0.7819597,0.67482966,-0.72324467
1751443841422,813550028,0.7819597,0.67482966,-0.72324467
1751443841438,813566695,0.78349876,0.7189348,-1.0128098
1751443841438,813566695,0.78349876,0.7189348,-1.0128098
1751443841455,813583362,0.7611913,0.7215129,-1.3008718
1751443841455,813583362,0.7611913,0.7215129,-1.3008718
1751443841472,813600029,0.9404815,0.6944317,-1.5258522
1751443841472,813600029,0.9404815,0.6944317,-1.5258522
1751443841488,813616696,0.90428567,0.6950531,-1.3994446
1751443841488,813616696,0.90428567,0.6950531,-1.3994446
1751443841505,813633363,0.8934098,0.50469315,-1.0676336
1751443841505,813633363,0.8934098,0.50469315,-1.0676336
1751443841522,813650030,0.7760509,0.36799663,-0.7510786
1751443841522,813650030,0.7760509,0.36799663,-0.7510786
1751443841538,813666697,0.6452546,0.35975105,-0.5294895
1751443841538,813666697,0.6452546,0.35975105,-0.5294895
1751443841555,813683364,0.42759922,0.32067114,-0.2430048
1751443841555,813683364,0.42759922,0.32067114,-0.2430048
1751443841572,813700031,0.09740957,0.13667259,-0.1339407
1751443841572,813700031,0.09740957,0.13667259,-0.1339407
1751443841588,813716698,-0.08683241,-0.030174473,0.0054416656
1751443841588,813716698,-0.08683241,-0.030174473,0.0054416656
1751443841605,813733365,-0.16510108,-0.15082777,-4.4822693E-05
1751443841605,813733365,-0.16510108,-0.15082777,-4.4822693E-05
1751443841622,813750032,-0.19914803,-0.234412,-0.1818676
1751443841622,813750032,-0.19914803,-0.234412,-0.1818676
1751443841638,813766699,-0.26665774,-0.25038671,-0.33296585
1751443841638,813766699,-0.26665774,-0.25038671,-0.33296585
1751443841655,813783366,-0.3767562,-0.24567258,-0.4765005
1751443841655,813783366,-0.3767562,-0.24567258,-0.4765005
1751443841672,813800033,-0.40028465,-0.2943527,-0.3799801
1751443841672,813800033,-0.40028465,-0.2943527,-0.3799801
1751443841688,813816700,-0.4182588,-0.2936112,-0.28905106
1751443841688,813816700,-0.4182588,-0.2936112,-0.28905106
1751443841705,813833367,-0.43166098,-0.32432243,-0.20395851
1751443841705,813833367,-0.43166098,-0.32432243,-0.20395851
1751443841722,813850034,-0.35608387,-0.28711826,-0.23990631
1751443841722,813850034,-0.35608387,-0.28711826,-0.23990631
1751443841738,813866701,-0.19727977,-0.2428057,-0.29510784
1751443841738,813866701,-0.19727977,-0.2428057,-0.29510784
1751443841755,813883368,-0.026024954,-0.17598706,-0.417243
1751443841755,813883368,-0.026024954,-0.17598706,-0.417243
1751443841772,813900035,0.19015786,-0.09764264,-0.43024635
1751443841772,813900035,0.19015786,-0.09764264,-0.43024635
1751443841788,813916702,0.39048547,0.016372772,-0.3933363
1751443841788,813916702,0.39048547,0.016372772,-0.3933363
1751443841805,813933369,0.56029636,0.15594298,-0.39821625
1751443841805,813933369,0.56029636,0.15594298,-0.39821625
1751443841822,813950036,0.55319476,0.20343848,-0.58200455
1751443841822,813950036,0.55319476,0.20343848,-0.58200455
1751443841838,813966703,0.50261694,0.2317179,-0.8203459
1751443841838,813966703,0.50261694,0.2317179,-0.8203459
1751443841855,813983370,0.31110826,0.24015227,-0.978611
1751443841855,813983370,0.31110826,0.24015227,-0.978611
1751443841872,814000037,0.24736288,0.37010336,-0.94845295
1751443841872,814000037,0.24736288,0.37010336,-0.94845295
1751443841888,814016704,0.20661582,0.44724742,-0.7244892
1751443841888,814016704,0.20661582,0.44724742,-0.7244892
1751443841905,814033371,0.28424752,0.454546,-0.39812946
1751443841905,814033371,0.28424752,0.454546,-0.39812946
1751443841922,814050038,0.3905307,0.5610602,-0.19862843
1751443841922,814050038,0.3905307,0.5610602,-0.19862843
1751443841938,814066705,0.5610716,0.60817885,-0.17193222
1751443841938,814066705,0.5610716,0.60817885,-0.17193222
1751443841955,814083372,0.6216077,0.58550256,-0.210248
1751443841955,814083372,0.6216077,0.58550256,-0.210248
1751443841972,814100039,0.6123245,0.5202178,-0.34892845
1751443841972,814100039,0.6123245,0.5202178,-0.34892845
1751443841988,814116706,0.511633,0.34023634,-0.4612589
1751443841988,814116706,0.511633,0.34023634,-0.4612589
1751443842005,814133373,0.32737532,0.12469274,-0.50245667
1751443842005,814133373,0.32737532,0.12469274,-0.50245667
1751443842022,814150040,0.19600879,-0.040478084,-0.47006035
1751443842022,814150040,0.19600879,-0.040478084,-0.47006035
1751443842038,814166707,0.23270172,-0.13074267,-0.45930672
1751443842038,814166707,0.23270172,-0.13074267,-0.45930672
1751443842055,814183374,0.31889722,-0.1277133,-0.38797474
1751443842055,814183374,0.31889722,-0.1277133,-0.38797474
1751443842072,814200041,0.4441655,-0.19818301,-0.27598953
1751443842072,814200041,0.4441655,-0.19818301,-0.27598953
1751443842088,814216708,0.64940506,-0.22508067,-0.27671528
1751443842088,814216708,0.64940506,-0.22508067,-0.27671528
1751443842105,814233375,0.7896061,-0.26809508,-0.3984022
1751443842105,814233375,0.7896061,-0.26809508,-0.3984022
1751443842122,814250042,0.6918627,-0.3640931,-0.5066252
1751443842122,814250042,0.6918627,-0.3640931,-0.5066252
1751443842138,814266709,0.7546562,-0.20586102,-0.42486
1751443842138,814266709,0.7546562,-0.20586102,-0.42486
1751443842155,814283376,0.78735715,0.012753426,-0.27027893
1751443842155,814283376,0.78735715,0.012753426,-0.27027893
1751443842172,814300043,0.633782,0.1320738,-0.15164852
1751443842172,814300043,0.633782,0.1320738,-0.15164852
1751443842188,814316710,0.43637738,0.40703967,-0.08346844
1751443842188,814316710,0.43637738,0.40703967,-0.08346844
1751443842205,814333377,0.024012513,0.6441476,-0.18142033
1751443842205,814333377,0.024012513,0.6441476,-0.18142033
1751443842222,814350044,-0.048395373,1.1423084,0.3584051
1751443842222,814350044,-0.048395373,1.1423084,0.3584051
1751443842238,814366711,0.039230995,1.2648942,1.794961
1751443842238,814366711,0.039230995,1.2648942,1.794961
1751443842255,814383378,-1.138951,0.69903255,3.2231998
1751443842255,814383378,-1.138951,0.69903255,3.2231998
1751443842272,814400045,-1.3149654,-0.57491577,3.831232
1751443842272,814400045,-1.3149654,-0.57491577,3.831232
1751443842288,814416712,-0.3370433,-0.8701301,3.5896645
1751443842288,814416712,-0.3370433,-0.8701301,3.5896645
1751443842305,814433379,0.019197192,-0.7422327,3.448453
1751443842305,814433379,0.019197192,-0.7422327,3.448453
1751443842322,814450046,0.42305776,-0.3910064,2.6579847
1751443842322,814450046,0.42305776,-0.3910064,2.6579847
1751443842338,814466713,0.63573533,-0.42253715,3.135872
1751443842338,814466713,0.63573533,-0.42253715,3.135872
1751443842355,814483380,0.5230788,-0.005582236,3.1682034
1751443842355,814483380,0.5230788,-0.005582236,3.1682034
1751443842372,814500047,0.41253412,0.7672156,2.7349453
1751443842372,814500047,0.41253412,0.7672156,2.7349453
1751443842388,814516714,0.42809096,1.0764837,2.1553173
1751443842388,814516714,0.42809096,1.0764837,2.1553173
1751443842405,814533381,0.2761423,0.693368,1.5281258
1751443842405,814533381,0.2761423,0.693368,1.5281258
1751443842422,814550048,0.35200277,0.30863765,1.1870365
1751443842422,814550048,0.35200277,0.30863765,1.1870365
1751443842438,814566715,0.5043718,0.13231811,1.1484909
1751443842438,814566715,0.5043718,0.13231811,1.1484909
1751443842455,814583382,0.7202401,0.3010239,0.9376526
1751443842455,814583382,0.7202401,0.3010239,0.9376526
1751443842472,814600049,0.68273884,0.18931815,0.8726034
1751443842472,814600049,0.68273884,0.18931815,0.8726034
1751443842488,814616716,0.61828184,0.11687716,0.95255184
1751443842488,814616716,0.61828184,0.11687716,0.95255184
1751443842505,814633383,0.574987,0.26513755,1.112915
1751443842505,814633383,0.574987,0.26513755,1.112915
1751443842522,814650050,0.5330069,0.43575752,1.2466192
1751443842522,814650050,0.5330069,0.43575752,1.2466192
1751443842538,814666717,0.40861243,0.45889333,1.2973061
1751443842538,814666717,0.40861243,0.45889333,1.2973061
1751443842555,814683384,0.18892397,0.43013257,1.1495743
1751443842555,814683384,0.18892397,0.43013257,1.1495743
1751443842572,814700051,0.27048144,0.2931292,0.67610455
1751443842572,814700051,0.27048144,0.2931292,0.67610455
1751443842588,814716718,0.23330103,0.07208226,0.0034742355
1751443842588,814716718,0.23330103,0.07208226,0.0034742355
1751443842605,814733385,0.26994896,0.08311262,0.11948967
1751443842605,814733385,0.26994896,0.08311262,0.11948967
1751443842622,814750052,0.8492466,0.5422757,-0.5954771
1751443842622,814750052,0.8492466,0.5422757,-0.5954771
1751443842638,814766719,1.4317664,1.1728348,-1.5611305
1751443842638,814766719,1.4317664,1.1728348,-1.5611305
1751443842655,814783386,1.1558765,1.5647031,-2.1384811
1751443842655,814783386,1.1558765,1.5647031,-2.1384811
1751443842672,814800053,1.3078061,1.7405701,-2.9392433
1751443842672,814800053,1.3078061,1.7405701,-2.9392433
1751443842688,814816720,1.1614949,1.6591835,-3.1319933
1751443842688,814816720,1.1614949,1.6591835,-3.1319933
1751443842705,814833387,0.68886745,1.3075423,-3.2222738
1751443842705,814833387,0.68886745,1.3075423,-3.2222738
1751443842722,814850054,-0.53813094,0.7713926,-2.7716208
1751443842722,814850054,-0.53813094,0.7713926,-2.7716208
1751443842738,814866721,-0.5637541,0.28294617,-1.5785484
1751443842738,814866721,-0.5637541,0.28294617,-1.5785484
1751443842755,814883388,0.48656926,0.40414742,-0.8591995
1751443842755,814883388,0.48656926,0.40414742,-0.8591995
1751443842772,814900055,0.8451482,0.6916273,-0.36415577
1751443842772,814900055,0.8451482,0.6916273,-0.36415577
1751443842788,814916722,1.2963476,0.7348386,-0.33431625
1751443842788,814916722,1.2963476,0.7348386,-0.33431625
1751443842805,814933389,1.0758058,0.8127953,-0.332757
1751443842805,814933389,1.0758058,0.8127953,-0.332757
1751443842822,814950056,0.6123446,0.6583478,-0.21852875
1751443842822,814950056,0.6123446,0.6583478,-0.21852875
1751443842838,814966723,0.049493525,0.44994053,-0.046819687
1751443842838,814966723,0.049493525,0.44994053,-0.046819687
1751443842855,814983390,-0.5038444,-0.053903278,-0.3017168
1751443842855,814983390,-0.5038444,-0.053903278,-0.3017168
1751443842872,815000057,-0.9002698,-0.6883249,-0.8829031
1751443842872,815000057,-0.9002698,-0.6883249,-0.8829031
1751443842888,815016724,-0.7238329,-1.2178948,-1.4066763
1751443842888,815016724,-0.7238329,-1.2178948,-1.4066763
1751443842905,815033391,-0.7428947,-1.2764986,-1.5727348
1751443842905,815033391,-0.7428947,-1.2764986,-1.5727348
1751443842922,815050058,-0.80756724,-1.0686758,-1.5174856
1751443842922,815050058,-0.80756724,-1.0686758,-1.5174856
1751443842938,815066725,-0.35457513,-0.6867563,-1.7416172
1751443842938,815066725,-0.35457513,-0.6867563,-1.7416172
1751443842955,815083392,-0.084159866,-0.74055296,-1.9640985
1751443842955,815083392,-0.084159866,-0.74055296,-1.9640985
1751443842972,815100059,-0.32364735,-1.2226855,-2.24816
1751443842972,815100059,-0.32364735,-1.2226855,-2.24816
1751443842988,815116726,-0.7516903,-1.6688552,-2.587397
1751443842988,815116726,-0.7516903,-1.6688552,-2.587397
1751443843005,815133393,-0.92045677,-2.1083767,-2.6546044
1751443843005,815133393,-0.92045677,-2.1083767,-2.6546044
1751443843022,815150060,-1.4224423,-2.0642757,-2.1452422
1751443843022,815150060,-1.4224423,-2.0642757,-2.1452422
1751443843038,815166727,-2.1919272,-1.7786881,-2.0550332
1751443843038,815166727,-2.1919272,-1.7786881,-2.0550332
1751443843055,815183394,-2.1383853,-1.8434032,-1.3989668
1751443843055,815183394,-2.1383853,-1.8434032,-1.3989668
1751443843072,815200061,-1.528431,-1.6492769,-0.66745853
1751443843072,815200061,-1.528431,-1.6492769,-0.66745853
1751443843088,815216728,-1.5261934,-1.5088181,-0.52445793
1751443843088,815216728,-1.5261934,-1.5088181,-0.52445793
1751443843105,815233395,-1.6971687,-1.5297081,-0.65410423
1751443843105,815233395,-1.6971687,-1.5297081,-0.65410423
1751443843122,815250062,-2.0319963,-1.5057739,-0.7814188
1751443843122,815250062,-2.0319963,-1.5057739,-0.7814188
1751443843138,815266729,-1.8506246,-1.4124298,-0.6665611
1751443843138,815266729,-1.8506246,-1.4124298,-0.6665611
1751443843155,815283396,-1.4372697,-1.1756873,-0.2775631
1751443843155,815283396,-1.4372697,-1.1756873,-0.2775631
1751443843172,815300063,-0.9737337,-0.98247844,0.1162262
1751443843172,815300063,-0.9737337,-0.98247844,0.1162262
1751443843188,815316730,-0.686404,-0.8173212,0.35232162
1751443843188,815316730,-0.686404,-0.8173212,0.35232162
1751443843205,815333397,-0.91152424,-0.79194325,0.24842739
1751443843205,815333397,-0.91152424,-0.79194325,0.24842739
1751443843222,815350064,-1.0436494,-0.82522166,-0.22903061
1751443843222,815350064,-1.0436494,-0.82522166,-0.22903061
1751443843238,815366731,-1.3744831,-0.8408155,-0.48859406
1751443843238,815366731,-1.3744831,-0.8408155,-0.48859406
1751443843255,815383398,-1.4079702,-0.7684925,-0.5885668
1751443843255,815383398,-1.4079702,-0.7684925,-0.5885668
1751443843272,815400065,-1.3252478,-0.8476988,-0.5231743
1751443843272,815400065,-1.3252478,-0.8476988,-0.5231743
1751443843288,815416732,-1.1364256,-0.9003477,-0.0780344
1751443843288,815416732,-1.1364256,-0.9003477,-0.0780344
1751443843305,815433399,-0.98428744,-0.95468885,0.29095268
1751443843305,815433399,-0.98428744,-0.95468885,0.29095268
1751443843322,815450066,-0.9144215,-1.1016508,0.34764004
1751443843322,815450066,-0.9144215,-1.1016508,0.34764004
1751443843338,815466733,-0.9267556,-1.1378647,0.33643723
1751443843338,815466733,-0.9267556,-1.1378647,0.33643723
1751443843355,815483400,-0.8768432,-1.0789092,0.42760658
1751443843355,815483400,-0.8768432,-1.0789092,0.42760658
1751443843372,815500067,-0.7362201,-0.8291497,0.6686859
1751443843372,815500067,-0.7362201,-0.8291497,0.6686859
1751443843388,815516734,-0.59463227,-0.56980896,0.8101406
1751443843388,815516734,-0.59463227,-0.56980896,0.8101406
1751443843405,815533401,-0.5631536,-0.5015743,0.5285206
1751443843405,815533401,-0.5631536,-0.5015743,0.5285206
1751443843422,815550068,-0.86885506,-0.68216515,0.016806602
1751443843422,815550068,-0.86885506,-0.68216515,0.016806602
1751443843438,815566735,-1.0206294,-0.8773514,-0.44436264
1751443843438,815566735,-1.0206294,-0.8773514,-0.44436264
1751443843455,815583402,-1.0333812,-0.901656,-0.4940443
1751443843455,815583402,-1.0333812,-0.901656,-0.4940443
1751443843472,815600069,-0.9126581,-0.7626662,-0.2576475
1751443843472,815600069,-0.9126581,-0.7626662,-0.2576475
1751443843488,815616736,-0.7565188,-0.6497124,-0.030491829
1751443843488,815616736,-0.7565188,-0.6497124,-0.030491829
1751443843505,815633403,-0.80691236,-0.6868432,0.1262722
1751443843505,815633403,-0.80691236,-0.6868432,0.1262722
1751443843522,815650070,-0.90850013,-0.87053555,0.13693428
1751443843522,815650070,-0.90850013,-0.87053555,0.13693428
1751443843538,815666737,-1.0427759,-1.0014248,0.06455135
1751443843538,815666737,-1.0427759,-1.0014248,0.06455135
1751443843555,815683404,-1.139681,-1.0316408,0.02063942
1751443843555,815683404,-1.139681,-1.0316408,0.02063942
1751443843572,815700071,-1.1141335,-0.9890218,-0.0016460419
1751443843572,815700071,-1.1141335,-0.9890218,-0.0016460419
1751443843588,815716738,-1.0082735,-0.9721772,-0.037776947
1751443843588,815716738,-1.0082735,-0.9721772,-0.037776947
1751443843605,815733405,-0.9866415,-1.0259562,-0.069597244
1751443843605,815733405,-0.9866415,-1.0259562,-0.069597244
1751443843622,815750072,-1.0119975,-1.1720338,-0.010725021
1751443843622,815750072,-1.0119975,-1.1720338,-0.010725021
1751443843638,815766739,-1.0922742,-1.2778128,-0.04810524
1751443843638,815766739,-1.0922742,-1.2778128,-0.04810524
1751443843655,815783406,-1.1873957,-1.416326,-0.11891556
1751443843655,815783406,-1.1873957,-1.416326,-0.11891556
1751443843672,815800073,-1.1082431,-1.5394497,-0.10722542
1751443843672,815800073,-1.1082431,-1.5394497,-0.10722542
1751443843688,815816740,-1.1648885,-1.6718628,-0.07448959
1751443843688,815816740,-1.1648885,-1.6718628,-0.07448959
1751443843705,815833407,-1.1832887,-1.6942242,-0.17425346
1751443843705,815833407,-1.1832887,-1.6942242,-0.17425346
1751443843722,815850074,-1.2099638,-1.7554768,-0.59320164
1751443843722,815850074,-1.2099638,-1.7554768,-0.59320164
1751443843738,815866741,-1.2579393,-1.9414098,-0.9995079
1751443843738,815866741,-1.2579393,-1.9414098,-0.9995079
1751443843755,815883408,-1.3645111,-2.0944786,-1.4858751
1751443843755,815883408,-1.3645111,-2.0944786,-1.4858751
1751443843772,815900075,-1.4277911,-2.2028391,-2.1092916
1751443843772,815900075,-1.4277911,-2.2028391,-2.1092916
1751443843788,815916742,-1.552892,-2.2331302,-2.4815335
1751443843788,815916742,-1.552892,-2.2331302,-2.4815335
1751443843805,815933409,-1.5293806,-2.1099672,-2.6805258
1751443843805,815933409,-1.5293806,-2.1099672,-2.6805258
1751443843822,815950076,-1.0567702,-1.6903626,-2.5722275
1751443843822,815950076,-1.0567702,-1.6903626,-2.5722275
1751443843838,815966743,-0.5693617,-1.3680918,-2.631628
1751443843838,815966743,-0.5693617,-1.3680918,-2.631628
1751443843855,815983410,-0.5651175,-1.0869217,-2.8953905
1751443843855,815983410,-0.5651175,-1.0869217,-2.8953905
1751443843872,816000077,-0.6373768,-1.0682212,-2.9171543
1751443843872,816000077,-0.6373768,-1.0682212,-2.9171543
1751443843888,816016744,-0.52338326,-0.95162964,-2.5738564
1751443843888,816016744,-0.52338326,-0.95162964,-2.5738564
1751443843905,816033411,-0.1429301,-0.41599137,-2.017004
1751443843905,816033411,-0.1429301,-0.41599137,-2.017004
1751443843922,816050078,0.5077638,0.26109958,-1.0314703
1751443843922,816050078,0.5077638,0.26109958,-1.0314703
1751443843938,816066745,0.6957005,1.021205,-0.503253
1751443843938,816066745,0.6957005,1.021205,-0.503253
1751443843955,816083412,0.7153433,1.2704313,-0.24152946
1751443843955,816083412,0.7153433,1.2704313,-0.24152946
1751443843972,816100079,0.55752516,1.4469534,0.34848118
1751443843972,816100079,0.55752516,1.4469534,0.34848118
1751443843988,816116746,0.5222468,1.4459482,0.3622141
1751443843988,816116746,0.5222468,1.4459482,0.3622141
1751443844005,816133413,1.1878211,1.491504,0.04634285
1751443844005,816133413,1.1878211,1.491504,0.04634285
1751443844022,816150080,1.2591523,1.8569002,-0.04163742
1751443844022,816150080,1.2591523,1.8569002,-0.04163742
1751443844038,816166747,1.2161977,1.8413147,-0.006152153
1751443844038,816166747,1.2161977,1.8413147,-0.006152153
1751443844055,816183414,1.4406836,1.0845939,-0.40572834
1751443844055,816183414,1.4406836,1.0845939,-0.40572834
1751443844072,816200081,2.504719,0.5939448,-0.67410755
1751443844072,816200081,2.504719,0.5939448,-0.67410755
1751443844088,816216748,2.7521164,0.5528334,-0.36558437
1751443844088,816216748,2.7521164,0.5528334,-0.36558437
1751443844105,816233415,0.91286135,0.48863107,-0.36764622
1751443844105,816233415,0.91286135,0.48863107,-0.36764622
1751443844122,816250082,-0.22751689,0.44661352,-2.0026426
1751443844122,816250082,-0.22751689,0.44661352,-2.0026426
1751443844138,816266749,-0.7500797,0.45351115,-2.1327953
1751443844138,816266749,-0.7500797,0.45351115,-2.1327953
1751443844155,816283416,-0.41059715,0.4756054,-1.2070494
1751443844155,816283416,-0.41059715,0.4756054,-1.2070494
1751443844172,816300083,-0.25012153,0.26893815,-0.25676727
1751443844172,816300083,-0.25012153,0.26893815,-0.25676727
1751443844188,816316750,-0.59301066,-0.15221567,-0.1631279
1751443844188,816316750,-0.59301066,-0.15221567,-0.1631279
1751443844205,816333417,-0.3985473,-0.45628315,0.33523178
1751443844205,816333417,-0.3985473,-0.45628315,0.33523178
1751443844222,816350084,0.19477785,-0.3463883,0.6268053
1751443844222,816350084,0.19477785,-0.3463883,0.6268053
1751443844238,816366751,0.33243278,0.031210454,0.5666237
1751443844238,816366751,0.33243278,0.031210454,0.5666237
1751443844255,816383418,-0.21735018,0.36648905,0.3924055
1751443844255,816383418,-0.21735018,0.36648905,0.3924055
1751443844272,816400085,-0.4260644,0.26740754,0.47136974
1751443844272,816400085,-0.4260644,0.26740754,0.47136974
1751443844288,816416752,-0.10323673,0.01258445,0.8149748
1751443844288,816416752,-0.10323673,0.01258445,0.8149748
1751443844305,816433419,0.3237539,-0.39185286,0.35018444
1751443844305,816433419,0.3237539,-0.39185286,0.35018444
1751443844322,816450086,0.5334207,-0.35788783,0.0069417953
1751443844322,816450086,0.5334207,-0.35788783,0.0069417953
1751443844338,816466753,0.5476114,0.17252138,0.28943253
1751443844338,816466753,0.5476114,0.17252138,0.28943253
1751443844355,816483420,0.4844834,0.36001948,1.0310774
1751443844355,816483420,0.4844834,0.36001948,1.0310774
1751443844372,816500087,-0.0062039513,0.30962288,1.8533201
1751443844372,816500087,-0.0062039513,0.30962288,1.8533201
1751443844388,816516754,-0.4314621,-0.07280778,2.5283604
1751443844388,816516754,-0.4314621,-0.07280778,2.5283604
1751443844405,816533421,-0.86402947,-0.49729955,2.680811
1751443844405,816533421,-0.86402947,-0.49729955,2.680811
1751443844422,816550088,-1.2727121,-0.6098734,1.4968367
1751443844422,816550088,-1.2727121,-0.6098734,1.4968367
1751443844438,816566755,-0.054933015,0.41380608,1.2927542
1751443844438,816566755,-0.054933015,0.41380608,1.2927542
1751443844455,816583422,1.1026111,1.1818793,-0.064118385
1751443844455,816583422,1.1026111,1.1818793,-0.064118385
1751443844472,816600089,0.24138372,0.25146103,-0.83146477
1751443844472,816600089,0.24138372,0.25146103,-0.83146477
1751443844488,816616756,-0.17860384,0.07335717,0.7079134
1751443844488,816616756,-0.17860384,0.07335717,0.7079134
1751443844505,816633423,0.43020493,0.79653716,2.2660694
1751443844505,816633423,0.43020493,0.79653716,2.2660694
1751443844522,816650090,1.0101933,1.4425937,2.632945
1751443844522,816650090,1.0101933,1.4425937,2.632945
1751443844538,816666757,1.0233462,1.0504919,2.2048416
1751443844538,816666757,1.0233462,1.0504919,2.2048416
1751443844555,816683424,0.41156477,0.2188726,2.1731815
1751443844555,816683424,0.41156477,0.2188726,2.1731815
1751443844572,816700091,-0.13829775,-0.34423566,1.9222393
1751443844572,816700091,-0.13829775,-0.34423566,1.9222393
1751443844588,816716758,-0.74845976,-0.33654636,1.689971
1751443844588,816716758,-0.74845976,-0.33654636,1.689971
1751443844605,816733425,-0.51609766,-0.43092448,1.5192003
1751443844605,816733425,-0.51609766,-0.43092448,1.5192003
1751443844622,816750092,-0.2144395,-0.5878784,1.4953718
1751443844622,816750092,-0.2144395,-0.5878784,1.4953718
1751443844638,816766759,0.15882309,-0.4807482,1.240282
1751443844638,816766759,0.15882309,-0.4807482,1.240282
1751443844655,816783426,0.5521351,-0.09844203,1.0574131
1751443844655,816783426,0.5521351,-0.09844203,1.0574131
1751443844672,816800093,0.79724157,0.24303792,0.9373474
1751443844672,816800093,0.79724157,0.24303792,0.9373474
1751443844688,816816760,0.84243685,0.59962267,0.7505226
1751443844688,816816760,0.84243685,0.59962267,0.7505226
1751443844705,816833427,0.84999126,0.79337096,0.4679327
1751443844705,816833427,0.84999126,0.79337096,0.4679327
1751443844722,816850094,0.92821044,0.67601424,0.16819096
1751443844722,816850094,0.92821044,0.67601424,0.16819096
1751443844738,816866761,0.84770596,0.54893297,-0.16486263
1751443844738,816866761,0.84770596,0.54893297,-0.16486263
1751443844755,816883428,0.65703195,0.4076416,-0.6412592
1751443844755,816883428,0.65703195,0.4076416,-0.6412592
1751443844772,816900095,0.6643716,0.42191222,-1.0291929
1751443844772,816900095,0.6643716,0.42191222,-1.0291929
1751443844788,816916762,0.6359937,0.45212558,-1.186204
1751443844788,816916762,0.6359937,0.45212558,-1.186204
1751443844805,816933429,0.50168085,0.36766618,-1.1517763
1751443844805,816933429,0.50168085,0.36766618,-1.1517763
1751443844822,816950096,0.45673802,0.23268783,-1.2514029
1751443844822,816950096,0.45673802,0.23268783,-1.2514029
1751443844838,816966763,0.36212313,0.14050303,-1.2601786
1751443844838,816966763,0.36212313,0.14050303,-1.2601786
1751443844855,816983430,0.36674613,0.13576345,-1.107955
1751443844855,816983430,0.36674613,0.13576345,-1.107955
1751443844872,817000097,0.385875,0.20576602,-0.7191391
1751443844872,817000097,0.385875,0.20576602,-0.7191391
1751443844888,817016764,0.38301337,0.2700945,-0.36273575
1751443844888,817016764,0.38301337,0.2700945,-0.36273575
1751443844905,817033431,0.3958062,0.3234505,-0.2477541
1751443844905,817033431,0.3958062,0.3234505,-0.2477541
1751443844922,817050098,0.3946306,0.3249638,-0.25938416
1751443844922,817050098,0.3946306,0.3249638,-0.25938416
1751443844938,817066765,0.21306188,0.18937068,-0.38405514
1751443844938,817066765,0.21306188,0.18937068,-0.38405514
1751443844955,817083432,0.13865712,0.085184366,-0.5031128
1751443844955,817083432,0.13865712,0.085184366,-0.5031128
1751443844972,817100099,0.17964563,0.052539848,-0.51276016
1751443844972,817100099,0.17964563,0.052539848,-0.51276016
1751443844988,817116766,0.20068043,0.064141065,-0.49601364
1751443844988,817116766,0.20068043,0.064141065,-0.49601364
1751443845005,817133433,0.16176356,0.02733921,-0.42281246
1751443845005,817133433,0.16176356,0.02733921,-0.42281246
1751443845022,817150100,0.094591804,0.05035814,-0.2875576
1751443845022,817150100,0.094591804,0.05035814,-0.2875576
1751443845038,817166767,0.1353286,0.17969055,-0.10477924
1751443845038,817166767,0.1353286,0.17969055,-0.10477924
1751443845055,817183434,0.18678537,0.21814294,-0.0125665665
1751443845055,817183434,0.18678537,0.21814294,-0.0125665665
1751443845072,817200101,0.31552956,0.22837526,-0.1111269
1751443845072,817200101,0.31552956,0.22837526,-0.1111269
1751443845088,817216768,0.3543276,0.17518342,-0.25109768
1751443845088,817216768,0.3543276,0.17518342,-0.25109768
1751443845105,817233435,0.46665892,0.23204131,-0.37098217
1751443845105,817233435,0.46665892,0.23204131,-0.37098217
1751443845122,817250102,0.58829665,0.2780377,-0.39206314
1751443845122,817250102,0.58829665,0.2780377,-0.39206314
1751443845138,817266769,0.5443563,0.31633967,-0.398777
1751443845138,817266769,0.5443563,0.31633967,-0.398777
1751443845155,817283436,0.4387118,0.37457073,-0.583025
1751443845155,817283436,0.4387118,0.37457073,-0.583025
1751443845172,817300103,0.39874813,0.35589007,-0.6463394
1751443845172,817300103,0.39874813,0.35589007,-0.6463394
1751443845188,817316770,0.54970956,0.32655433,-0.5702648
1751443845188,817316770,0.54970956,0.32655433,-0.5702648
1751443845205,817333437,0.5640262,0.29315087,-0.46989727
1751443845205,817333437,0.5640262,0.29315087,-0.46989727
1751443845222,817350104,0.51389056,0.2531986,-0.33668518
1751443845222,817350104,0.51389056,0.2531986,-0.33668518
1751443845238,817366771,0.2988181,0.31606555,-0.34838295
1751443845238,817366771,0.2988181,0.31606555,-0.34838295
1751443845255,817383438,0.10784053,0.42503983,-0.45853996
1751443845255,817383438,0.10784053,0.42503983,-0.45853996
1751443845272,817400105,-0.011404414,0.44951943,-0.6776037
1751443845272,817400105,-0.011404414,0.44951943,-0.6776037
1751443845288,817416772,0.19255655,0.4340389,-0.8858347
1751443845288,817416772,0.19255655,0.4340389,-0.8858347
1751443845305,817433439,0.3201166,0.391283,-0.97998905
1751443845305,817433439,0.3201166,0.391283,-0.97998905
1751443845322,817450106,0.43356147,0.447137,-0.84603786
1751443845322,817450106,0.43356147,0.447137,-0.84603786
1751443845338,817466773,0.53212893,0.5068764,-0.6248684
1751443845338,817466773,0.53212893,0.5068764,-0.6248684
1751443845355,817483440,0.53528863,0.49348587,-0.43504143
1751443845355,817483440,0.53528863,0.49348587,-0.43504143
1751443845372,817500107,0.52247113,0.3761019,-0.35565853
1751443845372,817500107,0.52247113,0.3761019,-0.35565853
1751443845388,817516774,0.4593284,0.42832994,-0.2602167
1751443845388,817516774,0.4593284,0.42832994,-0.2602167
1751443845405,817533441,0.4681159,0.4331434,-0.002286911
1751443845405,817533441,0.4681159,0.4331434,-0.002286911
1751443845422,817550108,0.5220072,0.48228797,0.04587078
1751443845422,817550108,0.5220072,0.48228797,0.04587078
1751443845438,817566775,0.499798,0.36971492,-0.2338705
1751443845438,817566775,0.499798,0.36971492,-0.2338705
1751443845455,817583442,0.22564591,0.16774614,-0.51736736
1751443845455,817583442,0.22564591,0.16774614,-0.51736736
1751443845472,817600109,0.01731049,-0.19754007,-0.5861864
1751443845472,817600109,0.01731049,-0.19754007,-0.5861864
1751443845488,817616776,0.10395026,-0.35716274,-0.13052177
1751443845488,817616776,0.10395026,-0.35716274,-0.13052177
1751443845505,817633443,0.3043211,-0.04317421,0.42251682
1751443845505,817633443,0.3043211,-0.04317421,0.42251682
1751443845522,817650110,0.044162136,0.09607146,1.3690691
1751443845522,817650110,0.044162136,0.09607146,1.3690691
1751443845538,817666777,-0.05368105,0.26893035,2.980177
1751443845538,817666777,-0.05368105,0.26893035,2.980177
1751443845555,817683444,-0.26422635,0.24720734,4.259839
1751443845555,817683444,-0.26422635,0.24720734,4.259839
1751443845572,817700111,-0.85594577,0.3010925,4.4713793
1751443845572,817700111,-0.85594577,0.3010925,4.4713793
1751443845588,817716778,-0.5987336,0.31719932,3.2034664
1751443845588,817716778,-0.5987336,0.31719932,3.2034664
1751443845605,817733445,0.39433753,0.37028518,2.7403803
1751443845605,817733445,0.39433753,0.37028518,2.7403803
1751443845622,817750112,0.9715719,0.87604004,2.8126297
1751443845622,817750112,0.9715719,0.87604004,2.8126297
1751443845638,817766779,0.7311709,0.659618,2.8346052
1751443845638,817766779,0.7311709,0.659618,2.8346052
1751443845655,817783446,0.6745026,0.25122634,2.44911
1751443845655,817783446,0.6745026,0.25122634,2.44911
1751443845672,817800113,0.70824486,0.64024216,1.8112192
1751443845672,817800113,0.70824486,0.64024216,1.8112192
1751443845688,817816780,0.48949337,1.0608685,1.2821207
1751443845688,817816780,0.48949337,1.0608685,1.2821207
1751443845705,817833447,0.2301987,0.7957633,0.8625784
1751443845705,817833447,0.2301987,0.7957633,0.8625784
1751443845722,817850114,0.31653997,0.20362678,1.1460009
1751443845722,817850114,0.31653997,0.20362678,1.1460009
1751443845738,817866781,0.29180142,-0.2905476,1.2029829
1751443845738,817866781,0.29180142,-0.2905476,1.2029829
1751443845755,817883448,0.18772031,-0.21717547,0.90879536
1751443845755,817883448,0.18772031,-0.21717547,0.90879536
1751443845772,817900115,0.32835037,0.065155365,0.7285366
1751443845772,817900115,0.32835037,0.065155365,0.7285366
1751443845788,817916782,0.48118606,0.17942145,0.55327797
1751443845788,817916782,0.48118606,0.17942145,0.55327797
1751443845805,817933449,0.4184651,0.48160112,0.5970497
1751443845805,817933449,0.4184651,0.48160112,0.5970497
1751443845822,817950116,0.18607432,0.70858437,0.8472471
1751443845822,817950116,0.18607432,0.70858437,0.8472471
1751443845838,817966783,0.20386624,0.9123989,1.0493536
1751443845838,817966783,0.20386624,0.9123989,1.0493536
1751443845855,817983450,0.23581955,1.090787,0.995594
1751443845855,817983450,0.23581955,1.090787,0.995594
1751443845872,818000117,0.22912616,1.1004823,0.71797085
1751443845872,818000117,0.22912616,1.1004823,0.71797085
1751443845888,818016784,0.17559178,0.5320706,0.38428307
1751443845888,818016784,0.17559178,0.5320706,0.38428307
1751443845905,818033451,0.36021733,-0.025237072,-0.13262367
1751443845905,818033451,0.36021733,-0.025237072,-0.13262367
1751443845922,818050118,0.68884057,0.046669506,-0.4427271
1751443845922,818050118,0.68884057,0.046669506,-0.4427271
1751443845938,818066785,1.141568,0.5991835,-0.9431925
1751443845938,818066785,1.141568,0.5991835,-0.9431925
1751443845955,818083452,1.4606948,0.95396245,-1.6618156
1751443845955,818083452,1.4606948,0.95396245,-1.6618156
1751443845972,818100119,1.5305189,1.0528009,-2.6738615
1751443845972,818100119,1.5305189,1.0528009,-2.6738615
1751443845988,818116786,1.5355078,0.8340017,-2.8971405
1751443845988,818116786,1.5355078,0.8340017,-2.8971405
1751443846005,818133453,0.9526758,0.4589347,-2.720735
1751443846005,818133453,0.9526758,0.4589347,-2.720735
1751443846022,818150120,0.89235455,0.2394729,-2.5668464
1751443846022,818150120,0.89235455,0.2394729,-2.5668464
1751443846038,818166787,0.050322384,-0.17922051,-0.7501068
1751443846038,818166787,0.050322384,-0.17922051,-0.7501068
1751443846055,818183454,0.6623694,-0.36709657,0.13849068
1751443846055,818183454,0.6623694,-0.36709657,0.13849068
1751443846072,818200121,0.835214,-0.1815142,-0.00076007843
1751443846072,818200121,0.835214,-0.1815142,-0.00076007843
1751443846088,818216788,0.99949884,-0.124796,0.11285877
1751443846088,818216788,0.99949884,-0.124796,0.11285877
1751443846105,818233455,1.0867602,-0.0062686442,-0.35005283
1751443846105,818233455,1.0867602,-0.0062686442,-0.35005283
1751443846122,818250122,0.36164162,0.009861168,-0.87384224
1751443846122,818250122,0.36164162,0.009861168,-0.87384224
1751443846138,818266789,-0.4476133,-0.13384806,-1.1949577
1751443846138,818266789,-0.4476133,-0.13384806,-1.1949577
1751443846155,818283456,-0.8349465,-0.31963918,-1.394062
1751443846155,818283456,-0.8349465,-0.31963918,-1.394062
1751443846172,818300123,-1.143669,-0.47470018,-1.7309828
1751443846172,818300123,-1.143669,-0.47470018,-1.7309828
1751443846188,818316790,-1.4648803,-0.68243444,-2.1447558
1751443846188,818316790,-1.4648803,-0.68243444,-2.1447558
1751443846205,818333457,-1.7377883,-0.9662351,-2.380083
1751443846205,818333457,-1.7377883,-0.9662351,-2.380083
1751443846222,818350124,-1.4271965,-1.1245519,-2.5878754
1751443846222,818350124,-1.4271965,-1.1245519,-2.5878754
1751443846238,818366791,-1.3425858,-1.0328162,-2.5197606
1751443846238,818366791,-1.3425858,-1.0328162,-2.5197606
1751443846255,818383458,-1.0826447,-0.96430874,-2.1743731
1751443846255,818383458,-1.0826447,-0.96430874,-2.1743731
1751443846272,818400125,-1.0604165,-1.0911148,-1.8386583
1751443846272,818400125,-1.0604165,-1.0911148,-1.8386583
1751443846288,818416792,-1.1832933,-1.231734,-1.7357368
1751443846288,818416792,-1.1832933,-1.231734,-1.7357368
1751443846305,818433459,-1.4785162,-1.4171977,-1.6216488
1751443846305,818433459,-1.4785162,-1.4171977,-1.6216488
1751443846322,818450126,-1.7084229,-1.5380222,-1.425601
1751443846322,818450126,-1.7084229,-1.5380222,-1.425601
1751443846338,818466793,-1.4036467,-1.7162312,-0.89085007
1751443846338,818466793,-1.4036467,-1.7162312,-0.89085007
1751443846355,818483460,-1.1317512,-1.3342128,-0.27306747
1751443846355,818483460,-1.1317512,-1.3342128,-0.27306747
1751443846372,818500127,-0.9344605,-1.1027642,0.31495285
1751443846372,818500127,-0.9344605,-1.1027642,0.31495285
1751443846388,818516794,-0.7663763,-1.0316211,0.327466
1751443846388,818516794,-0.7663763,-1.0316211,0.327466
1751443846405,818533461,-1.103862,-1.2502805,0.14041519
1751443846405,818533461,-1.103862,-1.2502805,0.14041519
1751443846422,818550128,-1.2644002,-1.2867491,-0.14970398
1751443846422,818550128,-1.2644002,-1.2867491,-0.14970398
1751443846438,818566795,-1.3166848,-1.2968549,-0.17564869
1751443846438,818566795,-1.3166848,-1.2968549,-0.17564869
1751443846455,818583462,-1.3788981,-1.3249911,-0.2850237
1751443846455,818583462,-1.3788981,-1.3249911,-0.2850237
1751443846472,818600129,-1.1447929,-1.1779741,-0.6879406
1751443846472,818600129,-1.1447929,-1.1779741,-0.6879406
1751443846488,818616796,-1.1062981,-0.9922281,-0.92257214
1751443846488,818616796,-1.1062981,-0.9922281,-0.92257214
1751443846505,818633463,-1.2712921,-0.9662541,-0.9143152
1751443846505,818633463,-1.2712921,-0.9662541,-0.9143152
1751443846522,818650130,-1.2114791,-0.9084286,-0.8425255
1751443846522,818650130,-1.2114791,-0.9084286,-0.8425255
1751443846538,818666797,-1.1440148,-1.1287,-0.6857929
1751443846538,818666797,-1.1440148,-1.1287,-0.6857929
1751443846555,818683464,-1.1598927,-1.1218853,-0.55563354
1751443846555,818683464,-1.1598927,-1.1218853,-0.55563354
1751443846572,818700131,-0.938083,-0.9965705,-0.269145
1751443846572,818700131,-0.938083,-0.9965705,-0.269145
1751443846588,818716798,-0.77248335,-0.8410538,0.06247902
1751443846588,818716798,-0.77248335,-0.8410538,0.06247902
1751443846605,818733465,-0.68264914,-0.6712653,0.34201717
1751443846605,818733465,-0.68264914,-0.6712653,0.34201717
1751443846622,818750132,-0.49737713,-0.5934365,0.6429539
1751443846622,818750132,-0.49737713,-0.5934365,0.6429539
1751443846638,818766799,-0.3232851,-0.5679113,0.78970623
1751443846638,818766799,-0.3232851,-0.5679113,0.78970623
1751443846655,818783466,-0.3058707,-0.52554107,0.73302937
1751443846655,818783466,-0.3058707,-0.52554107,0.73302937
1751443846672,818800133,-0.36529565,-0.5711022,0.5916252
1751443846672,818800133,-0.36529565,-0.5711022,0.5916252
1751443846688,818816800,-0.5335377,-0.56564337,0.4660387
1751443846688,818816800,-0.5335377,-0.56564337,0.4660387
1751443846705,818833467,-0.76400864,-0.55812484,0.22533417
1751443846705,818833467,-0.76400864,-0.55812484,0.22533417
1751443846722,818850134,-0.93764365,-0.567182,-0.09647179
1751443846722,818850134,-0.93764365,-0.567182,-0.09647179
1751443846738,818866801,-1.1192741,-0.6667669,-0.3577757
1751443846738,818866801,-1.1192741,-0.6667669,-0.3577757
1751443846755,818883468,-1.1429565,-0.7630623,-0.5171528
1751443846755,818883468,-1.1429565,-0.7630623,-0.5171528
1751443846772,818900135,-1.0825721,-0.75357664,-0.4524002
1751443846772,818900135,-1.0825721,-0.75357664,-0.4524002
1751443846788,818916802,-0.9206049,-0.6437128,-0.21609306
1751443846788,818916802,-0.9206049,-0.6437128,-0.21609306
1751443846805,818933469,-0.7990971,-0.60695857,0.0487051
1751443846805,818933469,-0.7990971,-0.60695857,0.0487051
1751443846822,818950136,-0.7844527,-0.6928544,0.21870041
1751443846822,818950136,-0.7844527,-0.6928544,0.21870041
1751443846838,818966803,-0.84545064,-0.72929865,0.31734467
1751443846838,818966803,-0.84545064,-0.72929865,0.31734467
1751443846855,818983470,-0.80111974,-0.75266445,0.38785648
1751443846855,818983470,-0.80111974,-0.75266445,0.38785648
1751443846872,819000137,-0.733668,-0.82297426,0.31240273
1751443846872,819000137,-0.733668,-0.82297426,0.31240273
1751443846888,819016804,-0.73800683,-0.9825884,0.074131966
1751443846888,819016804,-0.73800683,-0.9825884,0.074131966
1751443846905,819033471,-0.9363603,-1.208634,-0.15299702
1751443846905,819033471,-0.9363603,-1.208634,-0.15299702
1751443846922,819050138,-1.1407728,-1.3823016,-0.30067444
1751443846922,819050138,-1.1407728,-1.3823016,-0.30067444
1751443846938,819066805,-1.2414794,-1.4841157,-0.3324499
1751443846938,819066805,-1.2414794,-1.4841157,-0.3324499
1751443846955,819083472,-1.1987147,-1.4931746,-0.3700142
1751443846955,819083472,-1.1987147,-1.4931746,-0.3700142
1751443846972,819100139,-1.2344108,-1.588754,-0.39114952
1751443846972,819100139,-1.2344108,-1.588754,-0.39114952
1751443846988,819116806,-1.3228905,-1.645819,-0.6586399
1751443846988,819116806,-1.3228905,-1.645819,-0.6586399
1751443847005,819133473,-1.3813875,-1.7184216,-1.1475525
1751443847005,819133473,-1.3813875,-1.7184216,-1.1475525
1751443847022,819150140,-1.4870058,-1.8681444,-1.3415003
1751443847022,819150140,-1.4870058,-1.8681444,-1.3415003
1751443847038,819166807,-1.395995,-1.8329456,-1.4070244
1751443847038,819166807,-1.395995,-1.8329456,-1.4070244
1751443847055,819183474,-1.433753,-1.82279,-1.7637491
1751443847055,819183474,-1.433753,-1.82279,-1.7637491
1751443847072,819200141,-1.3123775,-1.7728827,-2.377314
1751443847072,819200141,-1.3123775,-1.7728827,-2.377314
1751443847088,819216808,-1.0967836,-1.8714116,-2.977449
1751443847088,819216808,-1.0967836,-1.8714116,-2.977449
1751443847105,819233475,-1.1693593,-1.8976263,-3.4922805
1751443847105,819233475,-1.1693593,-1.8976263,-3.4922805
1751443847122,819250142,-1.0110897,-1.676513,-3.4465752
1751443847122,819250142,-1.0110897,-1.676513,-3.4465752
1751443847138,819266809,-0.51344275,-1.2650689,-3.0213466
1751443847138,819266809,-0.51344275,-1.2650689,-3.0213466
1751443847155,819283476,-0.17903212,-0.637089,-2.316236
1751443847155,819283476,-0.17903212,-0.637089,-2.316236
1751443847172,819300143,0.19382067,-0.14383572,-2.065937
1751443847172,819300143,0.19382067,-0.14383572,-2.065937
1751443847188,819316810,0.16958296,-0.099476,-2.1101747
1751443847188,819316810,0.16958296,-0.099476,-2.1101747
1751443847205,819333477,0.46067232,-0.04822784,-1.7129526
1751443847205,819333477,0.46067232,-0.04822784,-1.7129526
1751443847222,819350144,0.5024001,0.6252109,-0.40115166
1751443847222,819350144,0.5024001,0.6252109,-0.40115166
1751443847238,819366811,0.67160654,0.9423637,0.16135406
1751443847238,819366811,0.67160654,0.9423637,0.16135406
1751443847255,819383478,0.6732291,1.074756,0.15888691
1751443847255,819383478,0.6732291,1.074756,0.15888691
1751443847272,819400145,0.49688205,1.321173,0.18362236
1751443847272,819400145,0.49688205,1.321173,0.18362236
1751443847288,819416812,0.3214842,1.780379,1.5147047
1751443847288,819416812,0.3214842,1.780379,1.5147047
1751443847305,819433479,1.1255322,1.3481864,1.0249252
1751443847305,819433479,1.1255322,1.3481864,1.0249252
1751443847322,819450146,0.62490654,1.3053854,0.48171234
1751443847322,819450146,0.62490654,1.3053854,0.48171234
1751443847338,819466813,-0.13296594,1.2932303,-0.20530987
1751443847338,819466813,-0.13296594,1.2932303,-0.20530987
1751443847355,819483480,0.05278826,1.4483423,-0.5599508
1751443847355,819483480,0.05278826,1.4483423,-0.5599508
1751443847372,819500147,-0.000784059,1.1287785,-0.92918015
1751443847372,819500147,-0.000784059,1.1287785,-0.92918015
1751443847388,819516814,0.031184426,0.43594146,-1.3118467
1751443847388,819516814,0.031184426,0.43594146,-1.3118467
1751443847405,819533481,0.47707522,-0.6897965,-1.5091381
1751443847405,819533481,0.47707522,-0.6897965,-1.5091381
1751443847422,819550148,1.2215141,-1.2938002,-0.7455187
1751443847422,819550148,1.2215141,-1.2938002,-0.7455187
1751443847438,819566815,1.3156544,-1.3149151,-0.9491825
1751443847438,819566815,1.3156544,-1.3149151,-0.9491825
1751443847455,819583482,0.7412794,-0.5936482,-0.31785202
1751443847455,819583482,0.7412794,-0.5936482,-0.31785202
1751443847472,819600149,0.3287253,0.37160215,-0.8535242
1751443847472,819600149,0.3287253,0.37160215,-0.8535242
1751443847488,819616816,0.09330977,0.90525585,-0.71760464
1751443847488,819616816,0.09330977,0.90525585,-0.71760464
1751443847505,819633483,-0.11143179,0.8638438,0.68451214
1751443847505,819633483,-0.11143179,0.8638438,0.68451214
1751443847522,819650150,0.16965997,0.65108097,1.0238314
1751443847522,819650150,0.16965997,0.65108097,1.0238314
1751443847538,819666817,-0.33140373,0.4809858,0.8023033
1751443847538,819666817,-0.33140373,0.4809858,0.8023033
1751443847555,819683484,-0.015743062,0.30942285,0.50924015
1751443847555,819683484,-0.015743062,0.30942285,0.50924015
1751443847572,819700151,0.44382447,0.27514893,0.38629532
1751443847572,819700151,0.44382447,0.27514893,0.38629532
1751443847588,819716818,0.3866748,0.33827367,0.3513441
1751443847588,819716818,0.3866748,0.33827367,0.3513441
1751443847605,819733485,0.092406474,0.34586483,0.52206993
1751443847605,819733485,0.092406474,0.34586483,0.52206993
1751443847622,819750152,0.14608587,0.22357352,0.8299036
1751443847622,819750152,0.14608587,0.22357352,0.8299036
1751443847638,819766819,-0.03227397,0.265657,1.292139
1751443847638,819766819,-0.03227397,0.265657,1.292139
1751443847655,819783486,-0.011314568,0.24239287,2.3322744
1751443847655,819783486,-0.011314568,0.24239287,2.3322744
1751443847672,819800153,-0.2152415,-0.3882534,2.8767672
1751443847672,819800153,-0.2152415,-0.3882534,2.8767672
1751443847688,819816820,-0.93363523,-1.1015409,1.0712032
1751443847688,819816820,-0.93363523,-1.1015409,1.0712032
1751443847705,819833487,0.5723483,-0.041527364,0.7387924
1751443847705,819833487,0.5723483,-0.041527364,0.7387924
1751443847722,819850154,1.5972738,1.0484318,0.20041656
1751443847722,819850154,1.5972738,1.0484318,0.20041656
1751443847738,819866821,0.7942352,0.37205675,-0.41060925
1751443847738,819866821,0.7942352,0.37205675,-0.41060925
1751443847755,819883488,0.6027441,0.60050803,0.7784653
1751443847755,819883488,0.6027441,0.60050803,0.7784653
1751443847772,819900155,1.2534773,1.4725378,2.2918148
1751443847772,819900155,1.2534773,1.4725378,2.2918148
1751443847788,819916822,1.6446236,1.8677934,2.621169
1751443847788,819916822,1.6446236,1.8677934,2.621169
1751443847805,819933489,1.0090606,1.4979919,2.5485668
1751443847805,819933489,1.0090606,1.4979919,2.5485668
1751443847822,819950156,0.66352147,1.6732283,1.8175554
1751443847822,819950156,0.66352147,1.6732283,1.8175554
1751443847838,819966823,0.6351945,0.59496534,2.2891607
1751443847838,819966823,0.6351945,0.59496534,2.2891607
1751443847855,819983490,0.36400583,-0.29973668,2.580246
1751443847855,819983490,0.36400583,-0.29973668,2.580246
1751443847872,820000157,0.045186188,-0.39527932,2.2793484
1751443847872,820000157,0.045186188,-0.39527932,2.2793484
1751443847888,820016824,-0.62657255,-0.48638296,1.8571672
1751443847888,820016824,-0.62657255,-0.48638296,1.8571672
1751443847905,820033491,-0.6621571,-0.5519623,1.4361458
1751443847905,820033491,-0.6621571,-0.5519623,1.4361458
1751443847922,820050158,-0.20082967,-0.3880974,0.92540264
1751443847922,820050158,-0.20082967,-0.3880974,0.92540264
1751443847938,820066825,0.21473192,-0.15700065,0.4962101
1751443847938,820066825,0.21473192,-0.15700065,0.4962101
1751443847955,820083492,0.4992069,0.024819996,0.34374142
1751443847955,820083492,0.4992069,0.024819996,0.34374142
1751443847972,820100159,0.51319635,0.20637242,0.4615612
1751443847972,820100159,0.51319635,0.20637242,0.4615612
1751443847988,820116826,0.5263927,0.34453213,0.26704788
1751443847988,820116826,0.5263927,0.34453213,0.26704788
1751443848005,820133493,0.63549435,0.45402476,-0.12730503
1751443848005,820133493,0.63549435,0.45402476,-0.12730503
1751443848022,820150160,0.7834448,0.5411747,-0.6546259
1751443848022,820150160,0.7834448,0.5411747,-0.6546259
1751443848038,820166827,0.9422878,0.41606277,-0.98717594
1751443848038,820166827,0.9422878,0.41606277,-0.98717594
1751443848055,820183494,0.9568713,0.33929178,-1.3105974
1751443848055,820183494,0.9568713,0.33929178,-1.3105974
1751443848072,820200161,0.9174699,0.28428993,-1.413167
1751443848072,820200161,0.9174699,0.28428993,-1.413167
1751443848088,820216828,0.7325355,0.17928801,-1.4155035
1751443848088,820216828,0.7325355,0.17928801,-1.4155035
1751443848105,820233495,0.60839385,0.15489861,-1.3242521
1751443848105,820233495,0.60839385,0.15489861,-1.3242521
1751443848122,820250162,0.5553478,0.11892018,-1.2391148
1751443848122,820250162,0.5553478,0.11892018,-1.2391148
1751443848138,820266829,0.40411708,0.018845607,-1.1121998
1751443848138,820266829,0.40411708,0.018845607,-1.1121998
1751443848155,820283496,0.29531017,0.067366466,-0.8641672
1751443848155,820283496,0.29531017,0.067366466,-0.8641672
1751443848172,820300163,0.25244403,0.27780715,-0.5437012
1751443848172,820300163,0.25244403,0.27780715,-0.5437012
1751443848188,820316830,0.14979923,0.37551484,-0.28351593
1751443848188,820316830,0.14979923,0.37551484,-0.28351593
1751443848205,820333497,0.09127104,0.2803468,-0.20626736
1751443848205,820333497,0.09127104,0.2803468,-0.20626736
1751443848222,820350164,0.08617299,0.20579106,-0.3710146
1751443848222,820350164,0.08617299,0.20579106,-0.3710146
1751443848238,820366831,0.16972971,0.21711077,-0.5176029
1751443848238,820366831,0.16972971,0.21711077,-0.5176029
1751443848255,820383498,0.15026401,0.22102715,-0.48172665
1751443848255,820383498,0.15026401,0.22102715,-0.48172665
1751443848272,820400165,0.07431934,0.15556972,-0.3276825
1751443848272,820400165,0.07431934,0.15556972,-0.3276825
1751443848288,820416832,-0.023557037,0.16034228,-0.25366879
1751443848288,820416832,-0.023557037,0.16034228,-0.25366879
1751443848305,820433499,-0.07143262,0.17284301,-0.12910938
1751443848305,820433499,-0.07143262,0.17284301,-0.12910938
1751443848322,820450166,-0.07987453,0.21494873,-0.048745155
1751443848322,820450166,-0.07987453,0.21494873,-0.048745155
1751443848338,820466833,-0.0111695295,0.30110234,0.0008621216
1751443848338,820466833,-0.0111695295,0.30110234,0.0008621216
1751443848355,820483500,0.114722386,0.34004346,-0.0034275055
1751443848355,820483500,0.114722386,0.34004346,-0.0034275055
1751443848372,820500167,0.14500883,0.28275484,-0.2166214
1751443848372,820500167,0.14500883,0.28275484,-0.2166214
1751443848388,820516834,0.24101111,0.21151154,-0.5038662
1751443848388,820516834,0.24101111,0.21151154,-0.5038662
1751443848405,820533501,0.37901056,0.19025077,-0.6857996
1751443848405,820533501,0.37901056,0.19025077,-0.6857996
1751443848422,820550168,0.43241286,0.1845114,-0.66808224
1751443848422,820550168,0.43241286,0.1845114,-0.66808224
1751443848438,820566835,0.4762015,0.2927118,-0.5636711
1751443848438,820566835,0.4762015,0.2927118,-0.5636711
1751443848455,820583502,0.45010138,0.42724782,-0.5434656
1751443848455,820583502,0.45010138,0.42724782,-0.5434656
1751443848472,820600169,0.4060044,0.48345494,-0.53829765
1751443848472,820600169,0.4060044,0.48345494,-0.53829765
1751443848488,820616836,0.3953348,0.549515,-0.59747124
1751443848488,820616836,0.3953348,0.549515,-0.59747124
1751443848505,820633503,0.38139775,0.59538585,-0.71282864
1751443848505,820633503,0.38139775,0.59538585,-0.71282864
1751443848522,820650170,0.45022058,0.7189636,-0.8317394
1751443848522,820650170,0.45022058,0.7189636,-0.8317394
1751443848538,820666837,0.50636584,0.7606467,-0.7991724
1751443848538,820666837,0.50636584,0.7606467,-0.7991724
1751443848555,820683504,0.3855195,0.5397221,-0.85030556
1751443848555,820683504,0.3855195,0.5397221,-0.85030556
1751443848572,820700171,0.23412544,0.3321616,-0.99481297
1751443848572,820700171,0.23412544,0.3321616,-0.99481297
1751443848588,820716838,0.30757588,0.24660252,-0.815958
1751443848588,820716838,0.30757588,0.24660252,-0.815958
1751443848605,820733505,0.4736353,0.17117661,-0.26389885
1751443848605,820733505,0.4736353,0.17117661,-0.26389885
1751443848622,820750172,0.7260526,0.24123798,0.3128538
1751443848622,820750172,0.7260526,0.24123798,0.3128538
1751443848638,820766839,0.99446166,0.35590225,0.40336227
1751443848638,820766839,0.99446166,0.35590225,0.40336227
1751443848655,820783506,1.2775437,0.40491316,0.023444176
1751443848655,820783506,1.2775437,0.40491316,0.023444176
1751443848672,820800173,1.2862798,0.27648643,-0.41678905
1751443848672,820800173,1.2862798,0.27648643,-0.41678905
1751443848688,820816840,0.9484865,0.083710745,-0.48585033
1751443848688,820816840,0.9484865,0.083710745,-0.48585033
1751443848705,820833507,0.4254929,-0.050737664,-0.45713234
1751443848705,820833507,0.4254929,-0.050737664,-0.45713234
1751443848722,820850174,-0.0076893205,-0.08179166,-0.27062893
1751443848722,820850174,-0.0076893205,-0.08179166,-0.27062893
1751443848738,820866841,-0.2650825,-0.057204116,-0.14432907
1751443848738,820866841,-0.2650825,-0.057204116,-0.14432907
1751443848755,820883508,-0.24241084,-0.1449875,-0.2508974
1751443848755,820883508,-0.24241084,-0.1449875,-0.2508974
1751443848772,820900175,-0.3020801,-0.41525087,-0.51769066
1751443848772,820900175,-0.3020801,-0.41525087,-0.51769066
1751443848788,820916842,-0.525433,-0.5915098,-0.6187849
1751443848788,820916842,-0.525433,-0.5915098,-0.6187849
1751443848805,820933509,-0.3989324,-0.16827151,0.10739708
1751443848805,820933509,-0.3989324,-0.16827151,0.10739708
1751443848822,820950176,-0.5165061,0.53107214,2.183096
1751443848822,820950176,-0.5165061,0.53107214,2.183096
1751443848838,820966843,-1.1050818,1.0022014,3.7090645
1751443848838,820966843,-1.1050818,1.0022014,3.7090645
1751443848855,820983510,-1.2305214,1.7764916,3.9567108
1751443848855,820983510,-1.2305214,1.7764916,3.9567108
1751443848872,821000177,-0.5512879,1.5189226,3.9965591
1751443848872,821000177,-0.5512879,1.5189226,3.9965591
1751443848888,821016844,0.940618,0.25461143,3.2987804
1751443848888,821016844,0.940618,0.25461143,3.2987804
1751443848905,821033511,1.8998548,0.18071492,3.0509691
1751443848905,821033511,1.8998548,0.18071492,3.0509691
1751443848922,821050178,1.8543347,0.58089453,2.9907293
1751443848922,821050178,1.8543347,0.58089453,2.9907293
1751443848938,821066845,1.4866649,0.45733768,2.6760597
1751443848938,821066845,1.4866649,0.45733768,2.6760597
1751443848955,821083512,1.1069196,0.35329106,1.8034391
1751443848955,821083512,1.1069196,0.35329106,1.8034391
1751443848972,821100179,0.79302466,0.33093506,1.0169086
1751443848972,821100179,0.79302466,0.33093506,1.0169086
1751443848988,821116846,0.28430536,0.2660021,0.9087124
1751443848988,821116846,0.28430536,0.2660021,0.9087124
1751443849005,821133513,0.027801467,0.1867149,1.1335344
1751443849005,821133513,0.027801467,0.1867149,1.1335344
1751443849022,821150180,0.0014538435,0.2941209,1.1585808
1751443849022,821150180,0.0014538435,0.2941209,1.1585808
1751443849038,821166847,0.26427707,0.5254508,0.9954729
1751443849038,821166847,0.26427707,0.5254508,0.9954729
1751443849055,821183514,0.59604144,0.58137286,1.0067024
1751443849055,821183514,0.59604144,0.58137286,1.0067024
1751443849072,821200181,0.50776774,0.6800842,1.1795807
1751443849072,821200181,0.50776774,0.6800842,1.1795807
1751443849088,821216848,0.513552,0.90691185,1.3773651
1751443849088,821216848,0.513552,0.90691185,1.3773651
1751443849105,821233515,0.7339521,1.1048294,1.4165668
1751443849105,821233515,0.7339521,1.1048294,1.4165668
1751443849122,821250182,0.957018,1.3215132,1.1713276
1751443849122,821250182,0.957018,1.3215132,1.1713276
1751443849138,821266849,0.91190904,1.3548479,0.9388838
1751443849138,821266849,0.91190904,1.3548479,0.9388838
1751443849155,821283516,0.880014,1.2092903,0.814414
1751443849155,821283516,0.880014,1.2092903,0.814414
1751443849172,821300183,0.69333297,0.5327387,0.3619175
1751443849172,821300183,0.69333297,0.5327387,0.3619175
1751443849188,821316850,0.06888736,-0.37030575,-0.6837988
1751443849188,821316850,0.06888736,-0.37030575,-0.6837988
1751443849205,821333517,-0.032402486,-0.83772856,-0.45751095
1751443849205,821333517,-0.032402486,-0.83772856,-0.45751095
1751443849222,821350184,0.015160493,-1.3808135,-0.9717665
1751443849222,821350184,0.015160493,-1.3808135,-0.9717665
1751443849238,821366851,0.4223317,-0.8077986,-1.5007553
1751443849238,821366851,0.4223317,-0.8077986,-1.5007553
1751443849255,821383518,0.7026009,0.121269636,-1.5570164
1751443849255,821383518,0.7026009,0.121269636,-1.5570164
1751443849272,821400185,0.9380986,0.56947345,-2.0992818
1751443849272,821400185,0.9380986,0.56947345,-2.0992818
1751443849288,821416852,1.0421532,0.6481744,-2.1123009
1751443849288,821416852,1.0421532,0.6481744,-2.1123009
1751443849305,821433519,1.0292723,0.65480465,-2.0792246
1751443849305,821433519,1.0292723,0.65480465,-2.0792246
1751443849322,821450186,0.6595716,0.4131029,-1.9248233
1751443849322,821450186,0.6595716,0.4131029,-1.9248233
1751443849338,821466853,0.35069883,0.38305023,-1.2041006
1751443849338,821466853,0.35069883,0.38305023,-1.2041006
1751443849355,821483520,-0.08992681,0.51745594,-0.24283314
1751443849355,821483520,-0.08992681,0.51745594,-0.24283314
1751443849372,821500187,-0.037883043,0.7307832,-0.34261417
1751443849372,821500187,-0.037883043,0.7307832,-0.34261417
1751443849388,821516854,0.25114223,0.7125651,-0.42675304
1751443849388,821516854,0.25114223,0.7125651,-0.42675304
1751443849405,821533521,0.5460516,0.7653962,-0.17751312
1751443849405,821533521,0.5460516,0.7653962,-0.17751312
1751443849422,821550188,0.49939087,0.73632276,-0.034124374
1751443849422,821550188,0.49939087,0.73632276,-0.034124374
1751443849438,821566855,-0.04039527,0.53954643,-0.1309433
1751443849438,821566855,-0.04039527,0.53954643,-0.1309433
1751443849455,821583522,-0.5319548,-0.11672025,-0.19718552
1751443849455,821583522,-0.5319548,-0.11672025,-0.19718552
1751443849472,821600189,-0.7955202,-0.6170933,-0.8057041
1751443849472,821600189,-0.7955202,-0.6170933,-0.8057041
1751443849488,821616856,-1.1644402,-1.0865294,-1.3382397
1751443849488,821616856,-1.1644402,-1.0865294,-1.3382397
1751443849505,821633523,-1.2581183,-1.3364154,-1.9378586
1751443849505,821633523,-1.2581183,-1.3364154,-1.9378586
1751443849522,821650190,-1.1214058,-1.3377202,-2.7977548
1751443849522,821650190,-1.1214058,-1.3377202,-2.7977548
1751443849538,821666857,-0.68907684,-1.3821315,-3.2331076
1751443849538,821666857,-0.68907684,-1.3821315,-3.2331076
1751443849555,821683524,-0.93206173,-1.4172628,-3.33034
1751443849555,821683524,-0.93206173,-1.4172628,-3.33034
1751443849572,821700191,-1.3546618,-1.5581117,-3.307908
1751443849572,821700191,-1.3546618,-1.5581117,-3.307908
1751443849588,821716858,-1.6038791,-1.6980915,-3.0994272
1751443849588,821716858,-1.6038791,-1.6980915,-3.0994272
1751443849605,821733525,-1.7630512,-1.7316473,-2.394032
1751443849605,821733525,-1.7630512,-1.7316473,-2.394032
1751443849622,821750192,-1.3904006,-1.4618871,-1.4516468
1751443849622,821750192,-1.3904006,-1.4618871,-1.4516468
1751443849638,821766859,-1.079256,-1.1332811,-0.709115
1751443849638,821766859,-1.079256,-1.1332811,-0.709115
1751443849655,821783526,-0.99860233,-0.9148396,-0.13665771
1751443849655,821783526,-0.99860233,-0.9148396,-0.13665771
1751443849672,821800193,-0.8964031,-0.928699,0.121147156
1751443849672,821800193,-0.8964031,-0.928699,0.121147156
1751443849688,821816860,-1.0434071,-0.9442564,0.3866148
1751443849688,821816860,-1.0434071,-0.9442564,0.3866148
1751443849705,821833527,-0.71892864,-0.75445414,0.7207098
1751443849705,821833527,-0.71892864,-0.75445414,0.7207098
1751443849722,821850194,-0.48130688,-0.62980855,1.0527029
1751443849722,821850194,-0.48130688,-0.62980855,1.0527029
1751443849738,821866861,-0.6302689,-0.65571904,0.96833897
1751443849738,821866861,-0.6302689,-0.65571904,0.96833897
1751443849755,821883528,-0.8666616,-0.8230505,0.15464592
1751443849755,821883528,-0.8666616,-0.8230505,0.15464592
1751443849772,821900195,-1.1149212,-0.92424303,-0.8902426
1751443849772,821900195,-1.1149212,-0.92424303,-0.8902426
1751443849788,821916862,-1.3084127,-1.099,-1.6199942
1751443849788,821916862,-1.3084127,-1.099,-1.6199942
1751443849805,821933529,-1.4566872,-1.306706,-1.9863448
1751443849805,821933529,-1.4566872,-1.306706,-1.9863448
1751443849822,821950196,-1.4255576,-1.3793283,-2.041667
1751443849822,821950196,-1.4255576,-1.3793283,-2.041667
1751443849838,821966863,-1.3281523,-1.4534813,-1.645606
1751443849838,821966863,-1.3281523,-1.4534813,-1.645606
1751443849855,821983530,-1.1104822,-1.3677468,-0.82486725
1751443849855,821983530,-1.1104822,-1.3677468,-0.82486725
1751443849872,822000197,-0.70589375,-0.9499283,0.09005833
1751443849872,822000197,-0.70589375,-0.9499283,0.09005833
1751443849888,822016864,-0.3635026,-0.55608815,0.9811983
1751443849888,822016864,-0.3635026,-0.55608815,0.9811983
1751443849905,822033531,-0.1574984,-0.24459,1.6282797
1751443849905,822033531,-0.1574984,-0.24459,1.6282797
1751443849922,822050198,0.06703439,-0.119216226,1.6639633
1751443849922,822050198,0.06703439,-0.119216226,1.6639633
1751443849938,822066865,-0.109454714,-0.29069602,1.1217422
1751443849938,822066865,-0.109454714,-0.29069602,1.1217422
1751443849955,822083532,-0.5603329,-0.5765047,0.30884266
1751443849955,822083532,-0.5603329,-0.5765047,0.30884266
1751443849972,822100199,-0.72543037,-0.7770209,-0.31109142
1751443849972,822100199,-0.72543037,-0.7770209,-0.31109142
1751443849988,822116866,-0.8016433,-0.80822086,-0.47815418
1751443849988,822116866,-0.8016433,-0.80822086,-0.47815418
1751443850005,822133533,-0.7012508,-0.7569358,-0.50228596
1751443850005,822133533,-0.7012508,-0.7569358,-0.50228596
1751443850022,822150200,-0.60026205,-0.68863404,-0.35846806
1751443850022,822150200,-0.60026205,-0.68863404,-0.35846806
1751443850038,822166867,-0.66000485,-0.71114445,-0.21434498
1751443850038,822166867,-0.66000485,-0.71114445,-0.21434498
1751443850055,822183534,-0.7515556,-0.70784855,-0.20711994
1751443850055,822183534,-0.7515556,-0.70784855,-0.20711994
1751443850072,822200201,-0.8609469,-0.7250159,-0.0959816
1751443850072,822200201,-0.8609469,-0.7250159,-0.0959816
1751443850088,822216868,-0.9787669,-0.7431882,0.10298157
1751443850088,822216868,-0.9787669,-0.7431882,0.10298157
1751443850105,822233535,-0.98183924,-0.80337304,0.21247387
1751443850105,822233535,-0.98183924,-0.80337304,0.21247387
1751443850122,822250202,-0.88906157,-0.912615,0.37575912
1751443850122,822250202,-0.88906157,-0.912615,0.37575912
1751443850138,822266869,-0.8365607,-0.9391033,0.17999744
1751443850138,822266869,-0.8365607,-0.9391033,0.17999744
1751443850155,822283536,-0.941758,-1.11151,0.024965286
1751443850155,822283536,-0.941758,-1.11151,0.024965286
1751443850172,822300203,-1.0145514,-1.1332572,-0.07992077
1751443850172,822300203,-1.0145514,-1.1332572,-0.07992077
1751443850188,822316870,-1.142294,-1.1033274,-0.0043029785
1751443850188,822316870,-1.142294,-1.1033274,-0.0043029785
1751443850205,822333537,-1.2265283,-1.1505151,0.055775642
1751443850205,822333537,-1.2265283,-1.1505151,0.055775642
1751443850222,822350204,-1.2330401,-1.2271438,0.08433914
1751443850222,822350204,-1.2330401,-1.2271438,0.08433914
1751443850238,822366871,-1.2687961,-1.2943237,-0.005235672
1751443850238,822366871,-1.2687961,-1.2943237,-0.005235672
1751443850255,822383538,-1.2463402,-1.4436635,-0.0038776398
1751443850255,822383538,-1.2463402,-1.4436635,-0.0038776398
1751443850272,822400205,-1.146412,-1.6668276,0.030926704
1751443850272,822400205,-1.146412,-1.6668276,0.030926704
1751443850288,822416872,-1.1126322,-1.895528,0.044426918
1751443850288,822416872,-1.1126322,-1.895528,0.044426918
1751443850305,822433539,-1.0775782,-2.198615,0.10078716
1751443850305,822433539,-1.0775782,-2.198615,0.10078716
1751443850322,822450206,-0.9798466,-2.227258,-0.043016434
1751443850322,822450206,-0.9798466,-2.227258,-0.043016434
1751443850338,822466873,-0.96743685,-2.2196276,-0.453434
1751443850338,822466873,-0.96743685,-2.2196276,-0.453434
1751443850355,822483540,-1.152098,-2.2377818,-1.5669231
1751443850355,822483540,-1.152098,-2.2377818,-1.5669231
1751443850372,822500207,-1.4560117,-1.9878967,-3.1707687
1751443850372,822500207,-1.4560117,-1.9878967,-3.1707687
1751443850388,822516874,-1.6262219,-2.064395,-4.7350135
1751443850388,822516874,-1.6262219,-2.064395,-4.7350135
1751443850405,822533541,-1.9633561,-1.6197773,-6.0475197
1751443850405,822533541,-1.9633561,-1.6197773,-6.0475197
1751443850422,822550208,-1.3808604,-0.69549143,-4.9111557
1751443850422,822550208,-1.3808604,-0.69549143,-4.9111557
1751443850438,822566875,-0.3890969,0.28440547,-2.7054353
1751443850438,822566875,-0.3890969,0.28440547,-2.7054353
1751443850455,822583542,0.23766191,0.5802888,-1.3909931
1751443850455,822583542,0.23766191,0.5802888,-1.3909931
1751443850472,822600209,0.096377,0.5052761,-1.2293863
1751443850472,822600209,0.096377,0.5052761,-1.2293863
1751443850488,822616876,-0.044052552,0.51203465,-1.3364935
1751443850488,822616876,-0.044052552,0.51203465,-1.3364935
1751443850505,822633543,-0.40422574,0.85421175,-1.2361174
1751443850505,822633543,-0.40422574,0.85421175,-1.2361174
1751443850522,822650210,-0.18174522,1.1725329,-0.5739765
1751443850522,822650210,-0.18174522,1.1725329,-0.5739765
1751443850538,822666877,0.192299,1.3383783,-0.19308758
1751443850538,822666877,0.192299,1.3383783,-0.19308758
1751443850555,822683544,0.22839867,1.6027665,0.4617443
1751443850555,822683544,0.22839867,1.6027665,0.4617443
1751443850572,822700211,0.5221945,2.3420846,0.82217884
1751443850572,822700211,0.5221945,2.3420846,0.82217884
1751443850588,822716878,0.6678927,2.0669692,0.5806303
1751443850588,822716878,0.6678927,2.0669692,0.5806303
1751443850605,822733545,1.1970642,1.032569,0.17949867
1751443850605,822733545,1.1970642,1.032569,0.17949867
1751443850622,822750212,2.0836804,0.12312949,0.2971239
1751443850622,822750212,2.0836804,0.12312949,0.2971239
1751443850638,822766879,2.5326927,-0.23508936,0.7216749
1751443850638,822766879,2.5326927,-0.23508936,0.7216749
1751443850655,822783546,2.171987,0.2643852,1.0112219
1751443850655,822783546,2.171987,0.2643852,1.0112219
1751443850672,822800213,1.1321882,0.3870775,-0.006424904
1751443850672,822800213,1.1321882,0.3870775,-0.006424904
1751443850688,822816880,0.6540226,-0.053372435,-1.8642364
1751443850688,822816880,0.6540226,-0.053372435,-1.8642364
1751443850705,822833547,0.4367047,-0.3780071,-2.0446424
1751443850705,822833547,0.4367047,-0.3780071,-2.0446424
1751443850722,822850214,0.6704011,-0.32630813,-1.1209993
1751443850722,822850214,0.6704011,-0.32630813,-1.1209993
1751443850738,822866881,0.41969845,-0.037970383,-0.6069803
1751443850738,822866881,0.41969845,-0.037970383,-0.6069803
1751443850755,822883548,0.29713243,-0.1156228,-0.5059881
1751443850755,822883548,0.29713243,-0.1156228,-0.5059881
1751443850772,822900215,-0.18297653,-0.2730924,-0.04934597
1751443850772,822900215,-0.18297653,-0.2730924,-0.04934597
1751443850788,822916882,-0.8768675,-0.08004938,0.51333046
1751443850788,822916882,-0.8768675,-0.08004938,0.51333046
1751443850805,822933549,-1.4092627,0.09965616,1.1539917
1751443850805,822933549,-1.4092627,0.09965616,1.1539917
1751443850822,822950216,-1.1225454,-0.0317375,1.3656969
1751443850822,822950216,-1.1225454,-0.0317375,1.3656969
1751443850838,822966883,-1.0348365,-0.42504722,0.41074467
1751443850838,822966883,-1.0348365,-0.42504722,0.41074467
1751443850855,822983550,-0.57417053,-0.31839734,0.4197111
1751443850855,822983550,-0.57417053,-0.31839734,0.4197111
1751443850872,823000217,-0.26862144,-0.21476063,0.07007408
1751443850872,823000217,-0.26862144,-0.21476063,0.07007408
1751443850888,823016884,-0.033707693,0.23022707,-0.13472462
1751443850888,823016884,-0.033707693,0.23022707,-0.13472462
1751443850905,823033551,0.31097633,0.56449157,-0.27735996
1751443850905,823033551,0.31097633,0.56449157,-0.27735996
1751443850922,823050218,0.3433401,0.3236072,-0.0667696
1751443850922,823050218,0.3433401,0.3236072,-0.0667696
1751443850938,823066885,0.24012327,0.11481771,0.27730465
1751443850938,823066885,0.24012327,0.11481771,0.27730465
1751443850955,823083552,0.19322261,-0.04076966,0.46145153
1751443850955,823083552,0.19322261,-0.04076966,0.46145153
1751443850972,823100219,0.37279618,0.059424274,0.68080425
1751443850972,823100219,0.37279618,0.059424274,0.68080425
1751443850988,823116886,0.65856236,0.500787,1.1755619
1751443850988,823116886,0.65856236,0.500787,1.1755619
1751443851005,823133553,0.37404794,0.508321,2.2266045
1751443851005,823133553,0.37404794,0.508321,2.2266045
1751443851022,823150220,-0.5129663,-0.049783263,1.1483297
1751443851022,823150220,-0.5129663,-0.049783263,1.1483297
1751443851038,823166887,-0.1466051,0.14403577,1.3067675
1751443851038,823166887,-0.1466051,0.14403577,1.3067675
1751443851055,823183554,1.3419065,1.1754804,1.3358421
1751443851055,823183554,1.3419065,1.1754804,1.3358421
1751443851072,823200221,1.2910662,0.7867658,-0.11646271
1751443851072,823200221,1.2910662,0.7867658,-0.11646271
1751443851088,823216888,0.5726517,0.05163462,-0.13842773
1751443851088,823216888,0.5726517,0.05163462,-0.13842773
1751443851105,823233555,0.7250936,0.39634255,1.1318989
1751443851105,823233555,0.7250936,0.39634255,1.1318989
1751443851122,823250222,1.2434714,1.0255141,2.176921
1751443851122,823250222,1.2434714,1.0255141,2.176921
1751443851138,823266889,1.5586853,1.4037906,2.2269955
1751443851138,823266889,1.5586853,1.4037906,2.2269955
1751443851155,823283556,1.510091,1.6669459,2.0669756
1751443851155,823283556,1.510091,1.6669459,2.0669756
1751443851172,823300223,1.1395025,1.0581931,1.9878693
1751443851172,823300223,1.1395025,1.0581931,1.9878693
1751443851188,823316890,0.58756214,0.38007104,2.0437975
1751443851188,823316890,0.58756214,0.38007104,2.0437975
1751443851205,823333557,0.12762469,-0.008665374,1.5922565
1751443851205,823333557,0.12762469,-0.008665374,1.5922565
1751443851222,823350224,-0.25337464,-0.30884373,1.3629713
1751443851222,823350224,-0.25337464,-0.30884373,1.3629713
1751443851238,823366891,-0.5403763,-0.6188714,1.2325134
1751443851238,823366891,-0.5403763,-0.6188714,1.2325134
1751443851255,823383558,-0.47802007,-0.7196563,0.9765663
1751443851255,823383558,-0.47802007,-0.7196563,0.9765663
1751443851272,823400225,-0.27493465,-0.47217336,0.66086197
1751443851272,823400225,-0.27493465,-0.47217336,0.66086197
1751443851288,823416892,-0.057057437,-0.27443054,0.30660057
1751443851288,823416892,-0.057057437,-0.27443054,0.30660057
1751443851305,823433559,0.08637309,0.031325117,0.22034073
1751443851305,823433559,0.08637309,0.031325117,0.22034073
1751443851322,823450226,0.26771495,0.3650359,0.19367027
1751443851322,823450226,0.26771495,0.3650359,0.19367027
1751443851338,823466893,0.41934118,0.38919675,0.01713562
1751443851338,823466893,0.41934118,0.38919675,0.01713562
1751443851355,823483560,0.53636426,0.27005574,-0.26855183
1751443851355,823483560,0.53636426,0.27005574,-0.26855183
1751443851372,823500227,0.6665229,0.37652937,-0.5215883
1751443851372,823500227,0.6665229,0.37652937,-0.5215883
1751443851388,823516894,0.8737176,0.46728915,-0.6822109
1751443851388,823516894,0.8737176,0.46728915,-0.6822109
1751443851405,823533561,0.7874566,0.48387662,-0.79471684
1751443851405,823533561,0.7874566,0.48387662,-0.79471684
1751443851422,823550228,0.73728305,0.47196302,-0.906127
1751443851422,823550228,0.73728305,0.47196302,-0.906127
1751443851438,823566895,0.6534986,0.47029597,-0.8604889
1751443851438,823566895,0.6534986,0.47029597,-0.8604889
1751443851455,823583562,0.56294537,0.47999194,-0.7972851
1751443851455,823583562,0.56294537,0.47999194,-0.7972851
1751443851472,823600229,0.40473545,0.37752435,-0.75581646
1751443851472,823600229,0.40473545,0.37752435,-0.75581646
1751443851488,823616896,0.27382138,0.131821,-0.8046751
1751443851488,823616896,0.27382138,0.131821,-0.8046751
1751443851505,823633563,0.16060616,0.12353639,-0.79622746
1751443851505,823633563,0.16060616,0.12353639,-0.79622746
1751443851522,823650230,0.0734962,0.20976132,-0.775177
1751443851522,823650230,0.0734962,0.20976132,-0.775177
1751443851538,823666897,0.024629395,0.31431463,-0.5305443
1751443851538,823666897,0.024629395,0.31431463,-0.5305443
1751443851555,823683564,0.003679219,0.36385933,-0.2808752
1751443851555,823683564,0.003679219,0.36385933,-0.2808752
1751443851572,823700231,-0.050358362,0.33805776,-0.24449253
1751443851572,823700231,-0.050358362,0.33805776,-0.24449253
1751443851589,823716898,-0.059266526,0.3699165,-0.3308134
1751443851589,823716898,-0.059266526,0.3699165,-0.3308134
1751443851605,823733565,-0.041795414,0.37756434,-0.47558117
1751443851605,823733565,-0.041795414,0.37756434,-0.47558117
1751443851622,823750232,-0.11257261,0.2968775,-0.5468397
1751443851622,823750232,-0.11257261,0.2968775,-0.5468397
1751443851639,823766899,-0.037414838,0.31414813,-0.5145407
1751443851639,823766899,-0.037414838,0.31414813,-0.5145407
1751443851655,823783566,0.0049363393,0.28973448,-0.34057045
1751443851655,823783566,0.0049363393,0.28973448,-0.34057045
1751443851672,823800233,0.1326816,0.3424004,-0.18926334
1751443851672,823800233,0.1326816,0.3424004,-0.18926334
1751443851689,823816900,0.3365341,0.44191462,-0.101397514
1751443851689,823816900,0.3365341,0.44191462,-0.101397514
1751443851705,823833567,0.5042009,0.5426889,-0.08152294
1751443851705,823833567,0.5042009,0.5426889,-0.08152294
1751443851722,823850234,0.63319826,0.5486018,-0.24307251
1751443851722,823850234,0.63319826,0.5486018,-0.24307251
1751443851739,823866901,0.65672,0.53753537,-0.42036343
1751443851739,823866901,0.65672,0.53753537,-0.42036343
1751443851755,823883568,0.6355306,0.46945208,-0.50064945
1751443851755,823883568,0.6355306,0.46945208,-0.50064945
1751443851772,823900235,0.62465245,0.41810668,-0.60532284
1751443851772,823900235,0.62465245,0.41810668,-0.60532284
1751443851789,823916902,0.55773884,0.36437082,-0.69756603
1751443851789,823916902,0.55773884,0.36437082,-0.69756603
1751443851805,823933569,0.45711336,0.29732665,-0.7916393
1751443851805,823933569,0.45711336,0.29732665,-0.7916393
1751443851822,823950236,0.38300064,0.28210285,-0.7633734
1751443851822,823950236,0.38300064,0.28210285,-0.7633734
1751443851839,823966903,0.41642946,0.35631174,-0.66516304
1751443851839,823966903,0.41642946,0.35631174,-0.66516304
1751443851855,823983570,0.40575173,0.35245523,-0.65074825
1751443851855,823983570,0.40575173,0.35245523,-0.65074825
1751443851872,824000237,0.4618024,0.4076588,-0.6522789
1751443851872,824000237,0.4618024,0.4076588,-0.6522789
1751443851889,824016904,0.4395933,0.36858428,-0.7329273
1751443851889,824016904,0.4395933,0.36858428,-0.7329273
1751443851905,824033571,0.44472858,0.26194164,-0.6146784
1751443851905,824033571,0.44472858,0.26194164,-0.6146784
1751443851922,824050238,0.48126006,0.09658956,-0.50634193
1751443851922,824050238,0.48126006,0.09658956,-0.50634193
1751443851939,824066905,0.42213094,0.036926687,-0.43766785
1751443851939,824066905,0.42213094,0.036926687,-0.43766785
1751443851955,824083572,0.38892606,0.21693407,-0.35797405
1751443851955,824083572,0.38892606,0.21693407,-0.35797405
1751443851972,824100239,0.4438426,0.4667334,-0.29234123
1751443851972,824100239,0.4438426,0.4667334,-0.29234123
1751443851989,824116906,0.53429115,0.50604886,-0.25609398
1751443851989,824116906,0.53429115,0.50604886,-0.25609398
1751443852005,824133573,0.4918368,0.48732898,-0.30858517
1751443852005,824133573,0.4918368,0.48732898,-0.30858517
1751443852022,824150240,0.4019295,0.45152846,-0.26448345
1751443852022,824150240,0.4019295,0.45152846,-0.26448345
1751443852039,824166907,0.34626755,0.3185595,-0.1961689
1751443852039,824166907,0.34626755,0.3185595,-0.1961689
1751443852055,824183574,0.18736248,0.11151642,-0.21652985
1751443852055,824183574,0.18736248,0.11151642,-0.21652985
1751443852072,824200241,0.17648952,0.065598145,-0.21798515
1751443852072,824200241,0.17648952,0.065598145,-0.21798515
1751443852089,824216908,0.3759228,0.08024495,-0.112148285
1751443852089,824216908,0.3759228,0.08024495,-0.112148285
1751443852105,824233575,0.43336964,0.16612466,0.020762444
1751443852105,824233575,0.43336964,0.16612466,0.020762444
1751443852122,824250242,0.37379333,0.5681807,0.13718605
1751443852122,824250242,0.37379333,0.5681807,0.13718605
1751443852139,824266909,0.32786885,0.6577058,0.8120918
1751443852139,824266909,0.32786885,0.6577058,0.8120918
1751443852155,824283576,0.3739518,0.8650099,2.5856285
1751443852155,824283576,0.3739518,0.8650099,2.5856285
1751443852172,824300243,-0.20321135,0.8839432,3.5104647
1751443852172,824300243,-0.20321135,0.8839432,3.5104647
1751443852189,824316910,-0.5006769,0.64716166,3.8381948
1751443852189,824316910,-0.5006769,0.64716166,3.8381948
1751443852205,824333577,-0.23527189,0.061222434,3.5896168
1751443852205,824333577,-0.23527189,0.061222434,3.5896168
1751443852222,824350244,0.7896236,-0.29767278,2.9541569
1751443852222,824350244,0.7896236,-0.29767278,2.9541569
1751443852239,824366911,1.0568117,0.51356506,2.512227
1751443852239,824366911,1.0568117,0.51356506,2.512227
1751443852255,824383578,0.65094596,0.92549497,2.4116316
1751443852255,824383578,0.65094596,0.92549497,2.4116316
1751443852272,824400245,0.6791147,0.62198,2.1316452
1751443852272,824400245,0.6791147,0.62198,2.1316452
1751443852289,824416912,0.5562642,0.7301205,2.2310677
1751443852289,824416912,0.5562642,0.7301205,2.2310677
1751443852305,824433579,0.3767744,0.88870895,1.9051208
1751443852305,824433579,0.3767744,0.88870895,1.9051208
1751443852322,824450246,0.3563158,0.69909424,1.555418
1751443852322,824450246,0.3563158,0.69909424,1.555418
1751443852339,824466913,0.5649291,0.5487299,1.2476931
1751443852339,824466913,0.5649291,0.5487299,1.2476931
1751443852355,824483580,0.66072625,0.559431,1.2476978
1751443852355,824483580,0.66072625,0.559431,1.2476978
1751443852372,824500247,0.662427,0.57292026,1.213934
1751443852372,824500247,0.662427,0.57292026,1.213934
1751443852389,824516914,0.714659,0.61451715,1.2596292
1751443852389,824516914,0.714659,0.61451715,1.2596292
1751443852405,824533581,0.7095026,0.68017787,1.3398705
1751443852405,824533581,0.7095026,0.68017787,1.3398705
1751443852422,824550248,0.63133305,0.57768804,1.1925774
1751443852422,824550248,0.63133305,0.57768804,1.1925774
1751443852439,824566915,0.6362738,0.48603696,1.381525
1751443852439,824566915,0.6362738,0.48603696,1.381525
1751443852455,824583582,0.59573436,0.40202895,1.5331602
1751443852455,824583582,0.59573436,0.40202895,1.5331602
1751443852472,824600249,0.38053814,0.36276332,1.7081738
1751443852472,824600249,0.38053814,0.36276332,1.7081738
1751443852489,824616916,0.006734194,-0.16579632,1.0796709
1751443852489,824616916,0.006734194,-0.16579632,1.0796709
1751443852505,824633583,-0.7620304,-1.0072922,0.3833437
1751443852505,824633583,-0.7620304,-1.0072922,0.3833437
1751443852522,824650250,-0.41247723,-1.1111726,-0.21291065
1751443852522,824650250,-0.41247723,-1.1111726,-0.21291065
1751443852539,824666917,0.110298105,-0.7715857,-1.03086
1751443852539,824666917,0.110298105,-0.7715857,-1.03086
1751443852555,824683584,0.35250464,0.11097821,-2.0089808
1751443852555,824683584,0.35250464,0.11097821,-2.0089808
1751443852572,824700251,0.5074892,0.9982937,-2.4100094
1751443852572,824700251,0.5074892,0.9982937,-2.4100094
1751443852589,824716918,0.8768861,1.4635562,-2.601192
1751443852589,824716918,0.8768861,1.4635562,-2.601192
1751443852605,824733585,1.2491546,1.3726496,-2.8663464
1751443852605,824733585,1.2491546,1.3726496,-2.8663464
1751443852622,824750252,1.2128056,1.1965058,-2.6676097
1751443852622,824750252,1.2128056,1.1965058,-2.6676097
1751443852639,824766919,0.8955071,1.0401416,-1.8088503
1751443852639,824766919,0.8955071,1.0401416,-1.8088503
1751443852655,824783586,1.0150478,0.7970219,-1.4868937
1751443852655,824783586,1.0150478,0.7970219,-1.4868937
1751443852672,824800253,0.39693955,0.7416265,-0.7590141
1751443852672,824800253,0.39693955,0.7416265,-0.7590141
1751443852689,824816920,-0.22866751,0.68721896,-0.31046486
1751443852689,824816920,-0.22866751,0.68721896,-0.31046486
1751443852705,824833587,0.7060517,0.62054217,-1.4139557
1751443852705,824833587,0.7060517,0.62054217,-1.4139557
1751443852722,824850254,0.21440043,0.6223982,-1.4122925
1751443852722,824850254,0.21440043,0.6223982,-1.4122925
1751443852739,824866921,-0.047130592,0.698737,-1.0930357
1751443852739,824866921,-0.047130592,0.698737,-1.0930357
1751443852755,824883588,-0.042456847,0.5761768,-0.7752609
1751443852755,824883588,-0.042456847,0.5761768,-0.7752609
1751443852772,824900255,-0.40090352,0.03558639,-0.6734371
1751443852772,824900255,-0.40090352,0.03558639,-0.6734371
1751443852789,824916922,-0.73619616,-0.73245734,-0.9848871
1751443852789,824916922,-0.73619616,-0.73245734,-0.9848871
1751443852805,824933589,-0.9164676,-1.4730127,-1.707159
1751443852805,824933589,-0.9164676,-1.4730127,-1.707159
1751443852822,824950256,-0.85038894,-1.7299086,-2.5307746
1751443852822,824950256,-0.85038894,-1.7299086,-2.5307746
1751443852839,824966923,-0.723231,-1.764658,-2.860413
1751443852839,824966923,-0.723231,-1.764658,-2.860413
1751443852855,824983590,-0.5828865,-1.6536834,-2.7024732
1751443852855,824983590,-0.5828865,-1.6536834,-2.7024732
1751443852872,825000257,-0.8702242,-1.5465097,-2.132721
1751443852872,825000257,-0.8702242,-1.5465097,-2.132721
1751443852889,825016924,-0.9975342,-1.436662,-1.7503128
1751443852889,825016924,-0.9975342,-1.436662,-1.7503128
1751443852905,825033591,-1.0064564,-1.2915027,-1.3694382
1751443852905,825033591,-1.0064564,-1.2915027,-1.3694382
1751443852922,825050258,-1.212982,-1.0584447,-0.782835
1751443852922,825050258,-1.212982,-1.0584447,-0.782835
1751443852939,825066925,-1.7152191,-1.1641502,-0.5715618
1751443852939,825066925,-1.7152191,-1.1641502,-0.5715618
1751443852955,825083592,-1.887028,-1.3265429,-0.5332527
1751443852955,825083592,-1.887028,-1.3265429,-0.5332527
1751443852972,825100259,-1.6447265,-1.3077276,-0.41861057
1751443852972,825100259,-1.6447265,-1.3077276,-0.41861057
1751443852989,825116926,-1.4155445,-1.1463293,-0.46927452
1751443852989,825116926,-1.4155445,-1.1463293,-0.46927452
1751443853005,825133593,-1.1474367,-1.241688,-0.5524578
1751443853005,825133593,-1.1474367,-1.241688,-0.5524578
1751443853022,825150260,-0.73050314,-1.2160759,-0.9219904
1751443853022,825150260,-0.73050314,-1.2160759,-0.9219904
1751443853039,825166927,-0.75439197,-1.1742027,-0.8363571
1751443853039,825166927,-0.75439197,-1.1742027,-0.8363571
1751443853055,825183594,-0.90932393,-1.3812841,-1.1592684
1751443853055,825183594,-0.90932393,-1.3812841,-1.1592684
1751443853072,825200261,-1.121052,-1.3008885,-0.98424244
1751443853072,825200261,-1.121052,-1.3008885,-0.98424244
1751443853089,825216928,-1.2434506,-1.0226324,-0.6360922
1751443853089,825216928,-1.2434506,-1.0226324,-0.6360922
1751443853105,825233595,-0.9926521,-0.82108134,-0.22001839
1751443853105,825233595,-0.9926521,-0.82108134,-0.22001839
1751443853122,825250262,-0.77876085,-0.840307,0.1829338
1751443853122,825250262,-0.77876085,-0.840307,0.1829338
1751443853139,825266929,-0.7237862,-0.93750924,0.32635117
1751443853139,825266929,-0.7237862,-0.93750924,0.32635117
1751443853155,825283596,-0.6703305,-0.9771633,0.30568695
1751443853155,825283596,-0.6703305,-0.9771633,0.30568695
1751443853172,825300263,-0.7453275,-0.91622835,0.27775097
1751443853172,825300263,-0.7453275,-0.91622835,0.27775097
1751443853189,825316930,-0.656778,-0.807196,0.12034798
1751443853189,825316930,-0.656778,-0.807196,0.12034798
1751443853205,825333597,-0.7036491,-0.8138815,-0.11893082
1751443853205,825333597,-0.7036491,-0.8138815,-0.11893082
1751443853222,825350264,-0.7797588,-0.8510128,-0.35419178
1751443853222,825350264,-0.7797588,-0.8510128,-0.35419178
1751443853239,825366931,-0.7829561,-0.8574614,-0.24051762
1751443853239,825366931,-0.7829561,-0.8574614,-0.24051762
1751443853255,825383598,-0.66122603,-0.7864811,0.0533247
1751443853255,825383598,-0.66122603,-0.7864811,0.0533247
1751443853272,825400265,-0.5419777,-0.76581883,0.33782673
1751443853272,825400265,-0.5419777,-0.76581883,0.33782673
1751443853289,825416932,-0.54823744,-0.7150289,0.4921341
1751443853289,825416932,-0.54823744,-0.7150289,0.4921341
1751443853305,825433599,-0.63907987,-0.61335355,0.40637589
1751443853305,825433599,-0.63907987,-0.61335355,0.40637589
1751443853322,825450266,-0.6773587,-0.5858525,0.17773628
1751443853322,825450266,-0.6773587,-0.5858525,0.17773628
1751443853339,825466933,-0.8562963,-0.54374933,0.07012081
1751443853339,825466933,-0.8562963,-0.54374933,0.07012081
1751443853355,825483600,-1.0112562,-0.6207453,-0.08314514
1751443853355,825483600,-1.0112562,-0.6207453,-0.08314514
1751443853372,825500267,-1.0919346,-0.7194352,-0.25938034
1751443853372,825500267,-1.0919346,-0.7194352,-0.25938034
1751443853389,825516934,-1.2291701,-0.8805814,-0.25590992
1751443853389,825516934,-1.2291701,-0.8805814,-0.25590992
1751443853405,825533601,-1.3222928,-1.0042925,-0.2410469
1751443853405,825533601,-1.3222928,-1.0042925,-0.2410469
1751443853422,825550268,-1.2792484,-0.9389578,-0.1893034
1751443853422,825550268,-1.2792484,-0.9389578,-0.1893034
1751443853439,825566935,-1.1282058,-0.87764823,0.04955387
1751443853439,825566935,-1.1282058,-0.87764823,0.04955387
1751443853455,825583602,-1.0165874,-0.89208287,0.29037
1751443853455,825583602,-1.0165874,-0.89208287,0.29037
1751443853472,825600269,-1.0793664,-0.9810527,0.3251276
1751443853472,825600269,-1.0793664,-0.9810527,0.3251276
1751443853489,825616936,-1.0633078,-1.2071347,0.20853806
1751443853489,825616936,-1.0633078,-1.2071347,0.20853806
1751443853505,825633603,-1.2893665,-1.5238975,-0.09940815
1751443853505,825633603,-1.2893665,-1.5238975,-0.09940815
1751443853522,825650270,-1.4514192,-1.7650949,-0.5705652
1751443853522,825650270,-1.4514192,-1.7650949,-0.5705652
1751443853539,825666937,-1.5585976,-1.9200727,-0.8277483
1751443853539,825666937,-1.5585976,-1.9200727,-0.8277483
1751443853555,825683604,-1.5415994,-1.8937126,-0.8416176
1751443853555,825683604,-1.5415994,-1.8937126,-0.8416176
1751443853572,825700271,-1.4486032,-1.9841759,-0.7975607
1751443853572,825700271,-1.4486032,-1.9841759,-0.7975607
1751443853589,825716938,-1.3559111,-2.0316277,-0.8739071
1751443853589,825716938,-1.3559111,-2.0316277,-0.8739071
1751443853605,825733605,-1.3642642,-2.090243,-1.4055824
1751443853605,825733605,-1.3642642,-2.090243,-1.4055824
1751443853622,825750272,-1.4768777,-2.1413717,-2.7915049
1751443853622,825750272,-1.4768777,-2.1413717,-2.7915049
1751443853639,825766939,-1.6870817,-2.0901887,-4.20839
1751443853639,825766939,-1.6870817,-2.0901887,-4.20839
1751443853655,825783606,-1.6115484,-2.04003,-5.227043
1751443853655,825783606,-1.6115484,-2.04003,-5.227043
1751443853672,825800273,-1.4058726,-2.0506165,-5.545813
1751443853672,825800273,-1.4058726,-2.0506165,-5.545813
1751443853689,825816940,-0.67201054,-1.2620649,-4.2730284
1751443853689,825816940,-0.67201054,-1.2620649,-4.2730284
1751443853705,825833607,0.010867557,-0.13123004,-2.4019318
1751443853705,825833607,0.010867557,-0.13123004,-2.4019318
1751443853722,825850274,0.2558252,0.5639587,-1.6493864
1751443853722,825850274,0.2558252,0.5639587,-1.6493864
1751443853739,825866941,-0.36347178,0.55727637,-1.5982704
1751443853739,825866941,-0.36347178,0.55727637,-1.5982704
1751443853755,825883608,-0.60761416,1.0854766,-0.6328306
1751443853755,825883608,-0.60761416,1.0854766,-0.6328306
1751443853772,825900275,0.5749847,1.2145345,-0.11935425
1751443853772,825900275,0.5749847,1.2145345,-0.11935425
1751443853789,825916942,1.3919176,1.5137676,0.89926434
1751443853789,825916942,1.3919176,1.5137676,0.89926434
1751443853805,825933609,1.4118204,1.3437244,1.1312428
1751443853805,825933609,1.4118204,1.3437244,1.1312428
1751443853822,825950276,0.31083342,1.2453405,1.6317987
1751443853822,825950276,0.31083342,1.2453405,1.6317987
1751443853839,825966943,0.90764546,1.218001,0.9720335
1751443853839,825966943,0.90764546,1.218001,0.9720335
1751443853855,825983610,1.584037,1.0201232,0.55005264
1751443853855,825983610,1.584037,1.0201232,0.55005264
1751443853872,826000277,1.6031636,0.816141,0.13560867
1751443853872,826000277,1.6031636,0.816141,0.13560867
1751443853889,826016944,1.5338429,0.80293745,0.0028896332
1751443853889,826016944,1.5338429,0.80293745,0.0028896332
1751443853905,826033611,1.4113873,0.9328796,-0.53742695
1751443853905,826033611,1.4113873,0.9328796,-0.53742695
1751443853922,826050278,0.045966458,0.7578097,-1.2276087
1751443853922,826050278,0.045966458,0.7578097,-1.2276087
1751443853939,826066945,-0.15929833,0.29903015,-1.6563234
1751443853939,826066945,-0.15929833,0.29903015,-1.6563234
1751443853955,826083612,0.0898816,-0.15473959,-1.5650187
1751443853955,826083612,0.0898816,-0.15473959,-1.5650187
1751443853972,826100279,0.28492668,-0.24525383,-1.3308153
1751443853972,826100279,0.28492668,-0.24525383,-1.3308153
1751443853989,826116946,-0.25521684,-0.41350412,-1.0800362
1751443853989,826116946,-0.25521684,-0.41350412,-1.0800362
1751443854005,826133613,-0.40594852,0.2150588,-0.2287941
1751443854005,826133613,-0.40594852,0.2150588,-0.2287941
1751443854022,826150280,-0.6864994,0.43686098,-0.14122963
1751443854022,826150280,-0.6864994,0.43686098,-0.14122963
1751443854039,826166947,-0.61089826,0.13711715,0.2787552
1751443854039,826166947,-0.61089826,0.13711715,0.2787552
1751443854055,826183614,-0.22481234,-0.45847356,-0.04378891
1751443854055,826183614,-0.22481234,-0.45847356,-0.04378891
1751443854072,826200281,0.67286944,-0.22044636,0.77926254
1751443854072,826200281,0.67286944,-0.22044636,0.77926254
1751443854089,826216948,1.331025,-0.4155716,1.1568661
1751443854089,826216948,1.331025,-0.4155716,1.1568661
1751443854105,826233615,1.520725,-0.5247429,0.77659225
1751443854105,826233615,1.520725,-0.5247429,0.77659225
1751443854122,826250282,1.3251197,-0.29327738,0.3069172
1751443854122,826250282,1.3251197,-0.29327738,0.3069172
1751443854139,826266949,1.0386254,-0.19802466,0.52513695
1751443854139,826266949,1.0386254,-0.19802466,0.52513695
1751443854155,826283616,0.21558973,0.2371526,1.3217402
1751443854155,826283616,0.21558973,0.2371526,1.3217402
1751443854172,826300283,-0.7497846,0.5951835,2.0623417
1751443854172,826300283,-0.7497846,0.5951835,2.0623417
1751443854189,826316950,-0.9400192,0.87491953,3.4331274
1751443854189,826316950,-0.9400192,0.87491953,3.4331274
1751443854205,826333617,-1.1197187,0.34126627,3.410903
1751443854205,826333617,-1.1197187,0.34126627,3.410903
1751443854222,826350284,-1.155318,0.16861571,1.5193863
1751443854222,826350284,-1.155318,0.16861571,1.5193863
1751443854239,826366951,0.8581672,1.2615447,1.4210272
1751443854239,826366951,0.8581672,1.2615447,1.4210272
1751443854255,826383618,2.2120028,1.7852504,-0.15727615
1751443854255,826383618,2.2120028,1.7852504,-0.15727615
1751443854272,826400285,1.5915889,0.6953318,-0.8108349
1751443854272,826400285,1.5915889,0.6953318,-0.8108349
1751443854289,826416952,1.4505296,0.76331955,0.66521454
1751443854289,826416952,1.4505296,0.76331955,0.66521454
1751443854305,826433619,1.466057,1.5531279,2.063756
1751443854305,826433619,1.466057,1.5531279,2.063756
1751443854322,826450286,1.687394,1.6583741,2.315299
1751443854322,826450286,1.687394,1.6583741,2.315299
1751443854339,826466953,1.5810536,1.6272383,1.7517052
1751443854339,826466953,1.5810536,1.6272383,1.7517052
1751443854355,826483620,1.0738052,1.4740164,1.3058615
1751443854355,826483620,1.0738052,1.4740164,1.3058615
1751443854372,826500287,0.6163145,1.4827348,1.4062281
1751443854372,826500287,0.6163145,1.4827348,1.4062281
1751443854389,826516954,0.52336895,1.2886776,1.9154263
1751443854389,826516954,0.52336895,1.2886776,1.9154263
1751443854405,826533621,-0.14462654,0.60189426,2.1324387
1751443854405,826533621,-0.14462654,0.60189426,2.1324387
1751443854422,826550288,-0.4709779,0.16908129,2.0358372
1751443854422,826550288,-0.4709779,0.16908129,2.0358372
1751443854439,826566955,-0.3924528,-0.31813538,1.8118343
1751443854439,826566955,-0.3924528,-0.31813538,1.8118343
1751443854455,826583622,-0.14483137,-0.59699553,1.267498
1751443854455,826583622,-0.14483137,-0.59699553,1.267498
1751443854472,826600289,0.11429147,-0.6192704,0.5548239
1751443854472,826600289,0.11429147,-0.6192704,0.5548239
1751443854489,826616956,0.35202873,-0.45928693,-0.092142105
1751443854489,826616956,0.35202873,-0.45928693,-0.092142105
1751443854505,826633623,0.3948263,-0.2433399,-0.34380436
1751443854505,826633623,0.3948263,-0.2433399,-0.34380436
1751443854522,826650290,0.66286254,-0.03337607,-0.20673656
1751443854522,826650290,0.66286254,-0.03337607,-0.20673656
1751443854539,826666957,0.8495942,-0.00010281596,-0.11565876
1751443854539,826666957,0.8495942,-0.00010281596,-0.11565876
1751443854555,826683624,0.9346391,-0.060675945,-0.3639078
1751443854555,826683624,0.9346391,-0.060675945,-0.3639078
1751443854572,826700291,0.800288,-0.1250003,-1.1085663
1751443854572,826700291,0.800288,-0.1250003,-1.1085663
1751443854589,826716958,0.6805733,-0.17773135,-1.5320196
1751443854589,826716958,0.6805733,-0.17773135,-1.5320196
1751443854605,826733625,0.7210991,-0.13072178,-1.3066998
1751443854605,826733625,0.7210991,-0.13072178,-1.3066998
1751443854622,826750292,0.4654012,-0.09547054,-0.845479
1751443854622,826750292,0.4654012,-0.09547054,-0.845479
1751443854639,826766959,0.3302558,-0.1527825,-0.801671
1751443854639,826766959,0.3302558,-0.1527825,-0.801671
1751443854655,826783626,0.17999107,-0.2045309,-0.9230366
1751443854655,826783626,0.17999107,-0.2045309,-0.9230366
1751443854672,826800293,-0.085071824,-0.12006535,-0.9267998
1751443854672,826800293,-0.085071824,-0.12006535,-0.9267998
1751443854689,826816960,-0.18956463,0.037383437,-0.77464676
1751443854689,826816960,-0.18956463,0.037383437,-0.77464676
1751443854705,826833627,-0.1529058,0.31158188,-0.42470264
1751443854705,826833627,-0.1529058,0.31158188,-0.42470264
1751443854722,826850294,-0.22074583,0.41501752,-0.14041424
1751443854722,826850294,-0.22074583,0.41501752,-0.14041424
1751443854739,826866961,-0.23441257,0.5914941,0.004722595
1751443854739,826866961,-0.23441257,0.5914941,0.004722595
1751443854755,826883628,-0.22861682,0.6022854,0.1091547
1751443854755,826883628,-0.22861682,0.6022854,0.1091547
1751443854772,826900295,-0.19964239,0.62440425,0.098786354
1751443854772,826900295,-0.19964239,0.62440425,0.098786354
1751443854789,826916962,-0.2657083,0.58870673,-0.14133263
1751443854789,826916962,-0.2657083,0.58870673,-0.14133263
1751443854805,826933629,-0.20193164,0.5231851,-0.44668484
1751443854805,826933629,-0.20193164,0.5231851,-0.44668484
1751443854822,826950296,0.017475137,0.4363562,-0.50274086
1751443854822,826950296,0.017475137,0.4363562,-0.50274086
1751443854839,826966963,0.2045431,0.29268864,-0.5065422
1751443854839,826966963,0.2045431,0.29268864,-0.5065422
1751443854855,826983630,0.267622,0.19027546,-0.4982605
1751443854855,826983630,0.267622,0.19027546,-0.4982605
1751443854872,827000297,0.41864267,0.1536123,-0.43868542
1751443854872,827000297,0.41864267,0.1536123,-0.43868542
1751443854889,827016964,0.518941,0.19675152,-0.3145342
1751443854889,827016964,0.518941,0.19675152,-0.3145342
1751443854905,827033631,0.54501176,0.26952398,-0.34094715
1751443854905,827033631,0.54501176,0.26952398,-0.34094715
1751443854922,827050298,0.6198117,0.28901467,-0.45378494
1751443854922,827050298,0.6198117,0.28901467,-0.45378494
1751443854939,827066965,0.60428,0.28721035,-0.47218132
1751443854939,827066965,0.60428,0.28721035,-0.47218132
1751443854955,827083632,0.4993857,0.2720925,-0.46558857
1751443854955,827083632,0.4993857,0.2720925,-0.46558857
1751443854972,827100299,0.33959377,0.23832248,-0.45218945
1751443854972,827100299,0.33959377,0.23832248,-0.45218945
1751443854989,827116966,0.150731,0.18610907,-0.42367458
1751443854989,827116966,0.150731,0.18610907,-0.42367458
1751443855005,827133633,0.045769587,0.19632114,-0.49917698
1751443855005,827133633,0.045769587,0.19632114,-0.49917698
1751443855022,827150300,0.03929609,0.19131905,-0.6052761
1751443855022,827150300,0.03929609,0.19131905,-0.6052761
1751443855039,827166967,0.10938568,0.217883,-0.5749397
1751443855039,827166967,0.10938568,0.217883,-0.5749397
1751443855055,827183634,0.19311698,0.2774776,-0.54260826
1751443855055,827183634,0.19311698,0.2774776,-0.54260826
1751443855072,827200301,0.21694061,0.29888633,-0.54975605
1751443855072,827200301,0.21694061,0.29888633,-0.54975605
1751443855089,827216968,0.19537647,0.30469632,-0.6954794
1751443855089,827216968,0.19537647,0.30469632,-0.6954794
1751443855105,827233635,0.18898468,0.37247986,-0.7059393
1751443855105,827233635,0.18898468,0.37247986,-0.7059393
1751443855122,827250302,0.2708615,0.40602055,-0.46816254
1751443855122,827250302,0.2708615,0.40602055,-0.46816254
1751443855139,827266969,0.41954204,0.49459103,-0.30261993
1751443855139,827266969,0.41954204,0.49459103,-0.30261993
1751443855155,827283636,0.434127,0.47326633,-0.3162079
1751443855155,827283636,0.434127,0.47326633,-0.3162079
1751443855172,827300303,0.42258126,0.43386334,-0.34540367
1751443855172,827300303,0.42258126,0.43386334,-0.34540367
1751443855189,827316970,0.41909018,0.4977697,-0.3483858
1751443855189,827316970,0.41909018,0.4977697,-0.3483858
1751443855205,827333637,0.4878534,0.60276395,-0.3940029
1751443855205,827333637,0.4878534,0.60276395,-0.3940029
1751443855222,827350304,0.48690575,0.569879,-0.5966215
1751443855222,827350304,0.48690575,0.569879,-0.5966215
1751443855239,827366971,0.47548178,0.42674658,-0.6616554
1751443855239,827366971,0.47548178,0.42674658,-0.6616554
1751443855255,827383638,0.55310786,0.31453314,-0.59272194
1751443855255,827383638,0.55310786,0.31453314,-0.59272194
1751443855272,827400305,0.6142742,0.24341801,-0.48770332
1751443855272,827400305,0.6142742,0.24341801,-0.48770332
1751443855289,827416972,0.7746716,0.20085108,-0.5020466
1751443855289,827416972,0.7746716,0.20085108,-0.5020466
1751443855305,827433639,0.81278306,0.15046512,-0.5784817
1751443855305,827433639,0.81278306,0.15046512,-0.5784817
1751443855322,827450306,0.66229796,0.14518094,-0.51854897
1751443855322,827450306,0.66229796,0.14518094,-0.51854897
1751443855339,827466973,0.5088524,0.084386535,-0.25832176
1751443855339,827466973,0.5088524,0.084386535,-0.25832176
1751443855355,827483640,0.44131204,-0.140669,0.12824154
1751443855355,827483640,0.44131204,-0.140669,0.12824154
1751443855372,827500307,0.38929993,-0.18791471,0.4481392
1751443855372,827500307,0.38929993,-0.18791471,0.4481392
1751443855389,827516974,0.5266746,0.27855593,0.83380795
1751443855389,827516974,0.5266746,0.27855593,0.83380795
1751443855405,827533641,0.9870638,0.60813206,1.5553579
1751443855405,827533641,0.9870638,0.60813206,1.5553579
1751443855422,827550308,0.78402436,0.50722265,2.4038916
1751443855422,827550308,0.78402436,0.50722265,2.4038916
1751443855439,827566975,0.33036163,0.7165935,2.7209234
1751443855439,827566975,0.33036163,0.7165935,2.7209234
1751443855455,827583642,0.60096204,0.9386096,2.3906012
1751443855455,827583642,0.60096204,0.9386096,2.3906012
1751443855472,827600309,0.12233367,5.5431214E-05,2.9579496
1751443855472,827600309,0.12233367,5.5431214E-05,2.9579496
1751443855489,827616976,0.73239666,-0.17653298,2.7331085
1751443855489,827616976,0.73239666,-0.17653298,2.7331085
1751443855505,827633643,0.9107982,0.5869095,2.7536821
1751443855505,827633643,0.9107982,0.5869095,2.7536821
1751443855522,827650310,0.5978423,0.64683646,2.6278381
1751443855522,827650310,0.5978423,0.64683646,2.6278381
1751443855539,827666977,0.60485816,0.5279935,2.0085773
1751443855539,827666977,0.60485816,0.5279935,2.0085773
1751443855555,827683644,0.50863874,1.1761543,1.4747066
1751443855555,827683644,0.50863874,1.1761543,1.4747066
1751443855572,827700311,0.18354951,1.0943921,1.1439991
1751443855572,827700311,0.18354951,1.0943921,1.1439991
1751443855589,827716978,-0.11524694,0.5801057,0.95180225
1751443855589,827716978,-0.11524694,0.5801057,0.95180225
1751443855605,827733645,-0.012987738,0.21330109,1.01437
1751443855605,827733645,-0.012987738,0.21330109,1.01437
1751443855622,827750312,0.10970568,0.029118374,1.0228586
1751443855622,827750312,0.10970568,0.029118374,1.0228586
1751443855639,827766979,0.134303,0.09810185,1.0844402
1751443855639,827766979,0.134303,0.09810185,1.0844402
1751443855655,827783646,0.31927285,0.151599,1.3168163
1751443855655,827783646,0.31927285,0.151599,1.3168163
1751443855672,827800313,0.5100999,0.3727892,1.5260239
1751443855672,827800313,0.5100999,0.3727892,1.5260239
1751443855689,827816980,0.49232557,0.7192412,1.5357552
1751443855689,827816980,0.49232557,0.7192412,1.5357552
1751443855705,827833647,0.5062797,0.9969762,1.6171637
1751443855705,827833647,0.5062797,0.9969762,1.6171637
1751443855722,827850314,0.6497835,1.1489474,1.8183069
1751443855722,827850314,0.6497835,1.1489474,1.8183069
1751443855739,827866981,0.6373356,1.0845397,2.0433197
1751443855739,827866981,0.6373356,1.0845397,2.0433197
1751443855755,827883648,0.52638125,0.86080223,1.9048071
1751443855755,827883648,0.52638125,0.86080223,1.9048071
1751443855772,827900315,0.44025698,0.84878284,1.3700609
1751443855772,827900315,0.44025698,0.84878284,1.3700609
1751443855789,827916982,0.2676256,0.5677698,0.40805435
1751443855789,827916982,0.2676256,0.5677698,0.40805435
1751443855805,827933649,-0.039711513,-0.027838092,-0.25083923
1751443855805,827933649,-0.039711513,-0.027838092,-0.25083923
1751443855822,827950316,-0.023139842,-0.54825157,-1.1292782
1751443855822,827950316,-0.023139842,-0.54825157,-1.1292782
1751443855839,827966983,0.001564444,-0.146211,-0.678792
1751443855839,827966983,0.001564444,-0.146211,-0.678792
1751443855855,827983650,0.7225062,0.24318321,-1.4611416
1751443855855,827983650,0.7225062,0.24318321,-1.4611416
1751443855872,828000317,1.0129247,0.57094663,-2.2468987
1751443855872,828000317,1.0129247,0.57094663,-2.2468987
1751443855889,828016984,1.0180393,0.6494141,-2.7440057
1751443855889,828016984,1.0180393,0.6494141,-2.7440057
1751443855905,828033651,0.81778085,0.39611593,-2.8792138
1751443855905,828033651,0.81778085,0.39611593,-2.8792138
1751443855922,828050318,0.4432774,0.32011393,-2.2357793
1751443855922,828050318,0.4432774,0.32011393,-2.2357793
1751443855939,828066985,0.2049544,0.67485154,-1.5193348
1751443855939,828066985,0.2049544,0.67485154,-1.5193348
1751443855955,828083652,0.05883065,0.9873397,-0.9215565
1751443855955,828083652,0.05883065,0.9873397,-0.9215565
1751443855972,828100319,0.19335859,1.062929,-1.0805902
1751443855972,828100319,0.19335859,1.062929,-1.0805902
1751443855989,828116986,0.3117929,1.0165237,-1.5565796
1751443855989,828116986,0.3117929,1.0165237,-1.5565796
1751443856005,828133653,0.31233355,0.9551265,-1.8136992
1751443856005,828133653,0.31233355,0.9551265,-1.8136992
1751443856022,828150320,0.2800044,0.7695665,-1.8373003
1751443856022,828150320,0.2800044,0.7695665,-1.8373003
1751443856039,828166987,0.13865031,0.3812988,-1.9789448
1751443856039,828166987,0.13865031,0.3812988,-1.9789448
1751443856055,828183654,-0.3546504,-0.20404342,-1.8893056
1751443856055,828183654,-0.3546504,-0.20404342,-1.8893056
1751443856072,828200321,-0.6717716,-0.7957081,-1.6025057
1751443856072,828200321,-0.6717716,-0.7957081,-1.6025057
1751443856089,828216988,-0.620139,-1.2815248,-1.4672556
1751443856089,828216988,-0.620139,-1.2815248,-1.4672556
1751443856105,828233655,-0.48481122,-1.3260905,-1.5268478
1751443856105,828233655,-0.48481122,-1.3260905,-1.5268478
1751443856122,828250322,-0.23373361,-1.2999139,-1.3608303
1751443856122,828250322,-0.23373361,-1.2999139,-1.3608303
1751443856139,828266989,-0.5718829,-1.3846872,-1.4906149
1751443856139,828266989,-0.5718829,-1.3846872,-1.4906149
1751443856155,828283656,-0.64559525,-1.5791253,-1.9052196
1751443856155,828283656,-0.64559525,-1.5791253,-1.9052196
1751443856172,828300323,-0.70052946,-1.5783743,-1.8901834
1751443856172,828300323,-0.70052946,-1.5783743,-1.8901834
1751443856189,828316990,-1.0095693,-1.2626104,-1.5919104
1751443856189,828316990,-1.0095693,-1.2626104,-1.5919104
1751443856205,828333657,-1.1079938,-0.9147493,-1.0605059
1751443856205,828333657,-1.1079938,-0.9147493,-1.0605059
1751443856222,828350324,-1.2648035,-0.7594264,-0.6713505
1751443856222,828350324,-1.2648035,-0.7594264,-0.6713505
1751443856239,828366991,-1.5349656,-0.9024577,-0.96780014
1751443856239,828366991,-1.5349656,-0.9024577,-0.96780014
1751443856255,828383658,-2.0124717,-1.1154318,-1.202754
1751443856255,828383658,-2.0124717,-1.1154318,-1.202754
1751443856272,828400325,-1.8835982,-0.97613966,-1.0847569
1751443856272,828400325,-1.8835982,-0.97613966,-1.0847569
1751443856289,828416992,-1.7282454,-0.6389078,-0.414402
1751443856289,828416992,-1.7282454,-0.6389078,-0.414402
1751443856305,828433659,-1.0000908,-0.69159555,0.030672073
1751443856305,828433659,-1.0000908,-0.69159555,0.030672073
1751443856322,828450326,-0.72653496,-0.97300285,0.14565086
1751443856322,828450326,-0.72653496,-0.97300285,0.14565086
1751443856339,828466993,-0.9704921,-0.96862936,0.14038658
1751443856339,828466993,-0.9704921,-0.96862936,0.14038658
1751443856355,828483660,-0.933601,-1.0460353,-0.24169254
1751443856355,828483660,-0.933601,-1.0460353,-0.24169254
1751443856372,828500327,-1.0854919,-1.1887038,-0.7910557
1751443856372,828500327,-1.0854919,-1.1887038,-0.7910557
1751443856389,828516994,-1.4218768,-1.0631948,-1.2078199
1751443856389,828516994,-1.4218768,-1.0631948,-1.2078199
1751443856405,828533661,-1.40122,-0.99677455,-1.0972404
1751443856405,828533661,-1.40122,-0.99677455,-1.0972404
1751443856422,828550328,-1.147345,-0.92548513,-0.47327232
1751443856422,828550328,-1.147345,-0.92548513,-0.47327232
1751443856439,828566995,-0.8249997,-0.70600367,0.29241943
1751443856439,828566995,-0.8249997,-0.70600367,0.29241943
1751443856455,828583662,-0.49551493,-0.64787066,0.536006
1751443856455,828583662,-0.49551493,-0.64787066,0.536006
