timestamp_ms,timestamp_μs,freeAcceleration_m/s²_x,freeAcceleration_m/s²_y,freeAcceleration_m/s²_z
1747033108267,218215276,-0.06482747,-0.12075555,0.4600668
1747033108284,218231943,-0.067282096,-0.14776665,0.64096355
1747033108300,218248610,-0.23056859,-0.062370397,0.50815964
1747033108317,218265277,-0.3729099,-0.014625123,0.17259789
1747033108334,218281944,-0.4795237,0.050722577,-0.05706501
1747033108350,218298611,-0.46015918,0.13945062,-0.12652779
1747033108367,218315278,-0.31780094,0.1863907,0.019768715
1747033108384,218331945,-0.21911411,0.31715807,0.2415924
1747033108400,218348612,-0.32065377,0.48289058,0.32360458
1747033108417,218365279,-0.3952387,0.6008502,0.19315052
1747033108434,218381946,-0.33249882,0.5565901,0.14222908
1747033108450,218398613,-0.16006103,0.31702608,0.23270321
1747033108467,218415280,-0.06279004,0.1327582,0.54801464
1747033108484,218431947,0.07638203,0.15080464,1.0759058
1747033108500,218448614,0.2443205,0.18355142,1.2990742
1747033108517,218465281,0.2673824,0.22852154,1.0968485
1747033108534,218481948,0.14956626,0.20061539,0.9735527
1747033108550,218498615,0.05833649,0.08701225,1.2122555
1747033108567,218515282,0.0060794964,-0.094583645,1.8176689
1747033108584,218531949,-0.05792143,-0.37401685,2.6817017
1747033108600,218548616,-0.04037812,-0.6106354,3.3995447
1747033108617,218565283,0.10121762,-0.7176184,3.7549677
1747033108634,218581950,0.23851347,-0.6460838,3.7429457
1747033108650,218598617,0.30618766,-0.36474285,3.3761368
1747033108667,218615284,0.28148213,-0.021375773,2.8686295
1747033108684,218631951,0.33467004,0.34362838,2.4235716
1747033108700,218648618,0.24451473,0.6164604,1.9404716
1747033108717,218665285,0.26585916,0.5151927,1.7122736
1747033108734,218681952,0.44874483,0.58099145,1.6504545
1747033108750,218698619,0.5122799,0.7327845,1.6673994
1747033108767,218715286,0.5937721,0.7173591,1.5182381
1747033108784,218731953,0.7442643,0.4360707,1.3924227
1747033108800,218748620,0.70016193,0.1680288,1.3173828
1747033108817,218765287,0.65220314,-0.11094135,1.1917667
1747033108834,218781954,0.5913785,-0.2979542,1.0852098
1747033108850,218798621,0.5559667,-0.46624357,0.8167057
1747033108867,218815288,0.4614458,-0.52021205,1.0466394
1747033108884,218831955,0.4224912,-0.4593983,0.56749344
1747033108900,218848622,0.51317066,-0.5041448,0.37360382
1747033108917,218865289,0.7374042,-0.5561691,0.44518852
1747033108934,218881956,0.86785144,-0.679966,0.4398117
1747033108950,218898623,0.90954673,-0.77779937,0.40915585
1747033108967,218915290,0.92925644,-0.7397143,0.44751263
1747033108984,218931957,0.94788057,-0.22313803,0.28717613
1747033109000,218948624,0.92990804,-0.35905474,0.20944595
1747033109017,218965291,0.8195301,-0.036737427,-0.1825428
1747033109034,218981958,0.70069504,-0.040777467,-0.79149723
1747033109050,218998625,0.62935054,0.10674258,-1.0825071
1747033109067,219015292,0.41837746,0.029969413,-1.2911987
1747033109084,219031959,0.29617438,0.35881457,-1.8117123
1747033109100,219048626,-0.15676123,-0.05744124,-1.8710256
1747033109117,219065293,0.071808495,0.6621683,-2.0099864
1747033109134,219081960,0.021320118,0.7313753,-2.152586
1747033109150,219098627,0.080658846,0.4767515,-2.2242002
1747033109167,219115294,-0.8598863,0.37080467,-2.5717735
1747033109184,219131961,-0.75440645,1.1206168,-2.7034545
1747033109200,219148628,-1.1505988,0.6220956,-1.8731732
1747033109217,219165295,-1.3196923,0.24887173,-1.4022837
1747033109234,219181962,-1.1787103,0.3485274,-1.3430328
1747033109250,219198629,-1.1042033,0.3470282,-0.9963894
1747033109267,219215296,-1.4531304,0.68414533,-0.72843266
1747033109284,219231963,-1.8182836,0.9481502,-0.3481531
1747033109300,219248630,-2.0493948,0.684592,-0.38042164
1747033109317,219265297,-1.7811787,1.0110369,-0.65523434
1747033109334,219281964,-1.8232822,1.2442375,-0.9756756
1747033109350,219298631,-2.0494986,1.4275529,-1.2560978
1747033109367,219315298,-2.2815263,1.5435803,-1.3986626
1747033109384,219331965,-2.2313178,0.95196915,-1.3716316
1747033109400,219348632,-2.026543,0.23849955,-0.5518608
1747033109417,219365299,-1.7645757,0.085307576,0.2860384
1747033109434,219381966,-1.6025059,0.017419664,0.77257156
1747033109450,219398633,-1.4724263,0.14521858,1.1404982
1747033109467,219415300,-1.4172039,0.009115599,1.3127737
1747033109484,219431967,-1.287121,-0.14994216,1.2225103
1747033109500,219448634,-1.2136505,-0.048350547,0.92062664
1747033109517,219465301,-1.2482251,0.017205035,0.4281826
1747033109534,219481968,-1.3467218,0.22387269,-0.14868832
1747033109550,219498635,-1.3721371,0.7120478,-0.6281786
1747033109567,219515302,-1.3910271,1.0386416,-0.9353876
1747033109584,219531969,-1.3294935,0.98537946,-0.8497429
1747033109600,219548636,-1.126836,0.7119791,-0.37718582
1747033109617,219565303,-0.97908396,0.47988477,0.00617218
1747033109634,219581970,-1.0628389,0.52365285,0.16766167
1747033109650,219598637,-0.9989376,0.7987421,0.3017912
1747033109667,219615304,-0.83616054,0.8656457,0.3510933
1747033109684,219631971,-0.65073884,0.89314806,0.3331461
1747033109700,219648638,-0.4924814,0.85660994,0.3337822
1747033109717,219665305,-0.54547584,0.749993,0.29652214
1747033109734,219681972,-0.63567084,0.3284768,0.21637917
1747033109750,219698639,-0.64737636,0.11887144,0.2406292
1747033109767,219715306,-0.45053962,0.11505926,0.23033428
1747033109784,219731973,-0.34900358,0.18070143,0.21137619
1747033109800,219748640,-0.38880572,0.26306945,0.14899254
1747033109817,219765307,-0.34398296,0.19429545,0.23710823
1747033109834,219781974,-0.8624839,0.37801018,-0.30680466
1747033109850,219798641,-1.090658,0.6874358,-0.9288368
1747033109867,219815308,-1.5588055,0.80574596,-0.9879551
1747033109884,219831975,-1.6156303,0.5635936,-0.82900333
1747033109900,219848642,-1.1903862,0.038207136,-0.47261047
1747033109917,219865309,-0.79677457,-0.2470307,-0.17659378
1747033109934,219881976,-0.64532775,-0.32493564,-0.3371067
1747033109950,219898643,-0.57369226,-0.06950398,-0.7027979
1747033109967,219915310,-1.028646,0.34663883,-1.1583595
1747033109984,219931977,-1.2584062,0.5820515,-1.2291842
1747033110000,219948644,-1.2250626,0.401804,-0.6462879
1747033110017,219965311,-0.7985419,0.1270593,0.37687588
1747033110034,219981978,0.0045708017,-0.3357663,0.8352833
1747033110050,219998645,0.55031526,-0.69046515,0.5460806
1747033110067,220015312,-0.15257083,-0.65083486,-0.54970837
1747033110084,220031979,-1.5552323,-0.44263178,-1.5079155
1747033110100,220048646,-1.4408649,-0.72529083,-1.7154675
1747033110117,220065313,0.26270485,-0.5232527,-1.3850603
1747033110134,220081980,1.640858,0.25645563,-1.3046331
1747033110150,220098647,1.9506673,0.8402522,-1.59167
1747033110167,220115314,1.2640779,0.8090173,-1.8310857
1747033110184,220131981,0.82654065,-0.2221497,-1.7502632
1747033110200,220148648,0.93293816,-1.1136262,-1.2614107
1747033110217,220165315,0.78738934,-1.4556506,-0.7440958
1747033110234,220181982,0.586647,-1.3007077,-0.25972462
1747033110250,220198649,0.73079884,-0.8157205,0.76633644
1747033110267,220215316,1.0063804,-0.096783206,1.4369278
1747033110284,220231983,0.77071065,0.6199549,1.0598516
1747033110300,220248650,0.8057683,0.2682205,0.6642628
1747033110317,220265317,1.0406296,-0.59325725,0.7757931
1747033110334,220281984,1.3772428,-0.86520034,0.9291229
1747033110350,220298651,1.1684746,-0.83318156,1.0638218
1747033110367,220315318,0.96597964,-0.123708844,0.59850025
1747033110384,220331985,0.8419087,0.34105632,-0.2227087
1747033110400,220348652,0.66036046,0.44728148,-0.707489
1747033110417,220365319,0.7499746,0.08599846,-0.75271225
1747033110434,220381986,0.8193162,-0.3534367,-0.25685024
1747033110450,220398653,0.7819206,-0.71628094,0.4575491
1747033110467,220415320,0.5013483,-1.08624,0.26568508
1747033110484,220431987,0.69976336,-1.2160493,0.6713686
1747033110500,220448654,0.8201502,-0.9412619,1.2315483
1747033110517,220465321,0.5650293,-0.70942193,1.8604336
1747033110534,220481988,0.045064375,-0.50908715,2.0722818
1747033110550,220498655,-0.25956678,-0.52030027,2.1452036
1747033110567,220515322,-0.46564946,-0.5803766,2.018075
1747033110584,220531989,-0.29334167,-0.55177253,1.7991943
1747033110600,220548656,0.114180475,-0.56061864,1.9011621
1747033110617,220565323,0.3549235,-0.21760562,2.2652693
1747033110634,220581990,0.18649636,0.2547005,2.4867802
1747033110650,220598657,0.07250729,0.51598907,2.497466
1747033110667,220615324,0.260304,0.5373945,2.2299862
1747033110684,220631991,0.6311066,0.40179238,2.1829329
1747033110700,220648658,0.96133995,0.21043096,2.3539076
1747033110717,220665325,0.87686515,-0.18944041,2.2918062
1747033110734,220681992,0.50585276,-0.2537413,2.0425224
1747033110750,220698659,0.42891744,-0.03383204,2.1139574
1747033110767,220715326,-0.07602732,0.08200925,1.2210655
1747033110784,220731993,0.18488611,-0.21992266,0.70024586
1747033110800,220748660,0.41553807,-0.31442976,0.7074833
1747033110817,220765327,0.2074502,-0.441402,0.6274462
1747033110834,220781994,-0.050948326,-0.76575905,0.4596014
1747033110850,220798661,-0.3543892,-0.8349625,0.33941174
1747033110867,220815328,-0.39009815,-0.6327782,0.12318611
1747033110884,220831995,-0.33895996,-0.37804815,0.023573875
1747033110900,220848662,-0.26821196,-0.07847361,-0.03122139
1747033110917,220865329,-0.12376086,0.14325158,-0.18406296
1747033110934,220881996,0.10130272,0.17996827,-0.14159298
1747033110950,220898663,0.1455979,0.18184645,0.02872467
1747033110967,220915330,0.19505897,0.14089318,0.1620264
1747033110984,220931997,0.25033495,0.06842939,0.24018764
1747033111000,220948664,0.2766954,-0.07458873,0.42724895
1747033111017,220965331,0.351476,-0.16754845,0.5920372
1747033111034,220981998,0.37563577,-0.15986273,0.57596874
1747033111050,220998665,0.32719168,-0.07741975,0.24074459
1747033111067,221015332,0.24714307,-0.04092701,-0.08959961
1747033111084,221031999,0.18373938,-0.16535845,-0.049425125
1747033111100,221048666,0.1568358,-0.33749628,0.06990528
1747033111117,221065333,0.12642194,-0.49507785,0.1866703
1747033111134,221082000,0.23648666,-0.59660393,0.23516941
1747033111150,221098667,0.4064488,-0.5229658,0.19019413
1747033111167,221115334,0.54170936,-0.4949357,0.007992744
1747033111184,221132001,0.69263804,-0.3362017,-0.16066933
1747033111200,221148668,0.84819376,-0.1620384,-0.183568
1747033111217,221165335,0.9769216,-0.13145915,-0.15379143
1747033111234,221182002,1.0783961,0.15016674,-0.21724892
1747033111250,221198669,0.92393184,0.20098732,-0.2162447
1747033111267,221215336,0.9490323,0.20034182,-0.11834812
1747033111284,221232003,0.85927993,0.14028165,0.079916
1747033111300,221248670,0.84211916,0.028647656,0.2190733
1747033111317,221265337,0.76870275,-0.1685833,0.2395773
1747033111334,221282004,0.6439478,-0.24403279,0.2395544
1747033111350,221298671,0.514228,-0.31789666,0.18364334
1747033111367,221315338,0.3704629,-0.3243705,0.18969059
1747033111384,221332005,0.30377924,-0.32711053,0.20861149
1747033111400,221348672,0.2379786,-0.39864272,0.15620708
1747033111417,221365339,0.2565304,-0.43530914,0.14890671
1747033111434,221382006,0.2930571,-0.43562004,0.18293095
1747033111450,221398673,0.3769031,-0.3533845,0.19461632
1747033111467,221415340,0.45112357,-0.22264104,0.16426086
1747033111484,221432007,0.57719225,-0.12845111,0.16671085
1747033111500,221448674,0.70054793,-0.011358482,0.19967365
1747033111517,221465341,0.76840425,0.042840727,0.14053535
1747033111534,221482008,0.80705345,-0.0052648475,0.100040436
1747033111550,221498675,0.8189601,-0.095819555,-0.042179108
1747033111567,221515342,0.802788,-0.15017903,-0.03934765
1747033111584,221532009,0.73429316,-0.1812918,0.11973381
1747033111600,221548676,0.63999826,-0.15143159,0.20781612
1747033111617,221565343,0.5518602,-0.10017158,0.25394726
1747033111634,221582010,0.44092155,-0.050540525,0.29337883
1747033111650,221598677,0.36055455,-0.027805459,0.30211067
1747033111667,221615344,0.36070487,-0.05871618,0.20581722
1747033111684,221632011,0.38925788,-0.093330294,0.10903072
1747033111700,221648678,0.33161858,-0.12283512,0.11968899
1747033111717,221665345,0.41413754,-0.10426142,0.06996727
1747033111734,221682012,0.42421463,-0.055965185,0.12979412
1747033111750,221698679,0.4347509,-0.06635988,0.10262489
1747033111767,221715346,0.46716923,-0.091548,0.2012186
1747033111784,221732013,0.5389932,-0.13925482,0.2586956
1747033111800,221748680,0.51589,-0.16904576,0.28832722
1747033111817,221765347,0.4898275,-0.17035264,0.28563786
1747033111834,221782014,0.46041206,-0.1307315,0.23404884
1747033111850,221798681,0.39312807,-0.08040253,0.21570015
1747033111867,221815348,0.4063114,-0.09574345,0.15366745
1747033111884,221832015,0.39045367,-0.116361625,0.09492493
1747033111900,221848682,0.321077,-0.0961641,0.04760456
1747033111917,221865349,0.26030558,-0.08730561,0.03309822
1747033111934,221882016,0.23274885,-0.065544166,0.1929264
1747033111950,221898683,0.22048615,-0.14573659,0.21917439
1747033111967,221915350,0.27802166,-0.22622886,0.35140705
1747033111984,221932017,0.4073423,-0.27702755,0.46483135
1747033112000,221948684,0.34905538,-0.31598082,0.5233879
1747033112017,221965351,0.5392972,-0.2733531,0.70712376
1747033112034,221982018,0.6837465,-0.21917233,0.81117344
1747033112050,221998685,0.7318531,-0.2009615,0.72704124
1747033112067,222015352,0.7239967,-0.083854795,0.79862595
1747033112084,222032019,0.5500823,0.07870349,0.76475716
1747033112100,222048686,0.29578185,0.28947687,0.5419493
1747033112117,222065353,0.21965696,0.21590659,0.9512043
1747033112134,222082020,0.5030107,-0.1958017,1.8279905
1747033112150,222098687,0.9001012,-0.51719046,3.2965012
1747033112167,222115354,1.3516512,-0.80279875,4.768077
1747033112184,222132021,1.7441703,-0.9410164,4.9667444
1747033112200,222148688,1.794799,-0.9486103,4.4228783
1747033112217,222165355,1.6289401,-0.8046016,3.5028772
1747033112234,222182022,1.2146058,-0.68332493,2.7340708
1747033112250,222198689,0.68472224,-0.59660363,2.3437586
1747033112267,222215356,0.16574414,-0.5053582,2.4002428
1747033112284,222232023,-0.07410815,-0.2646188,2.507738
1747033112300,222248690,-0.18420185,-0.026243221,2.3805199
1747033112317,222265357,-0.15548831,0.12932988,2.0015516
1747033112334,222282024,0.05122196,0.17132212,1.6740341
1747033112350,222298691,0.5007222,0.015110527,1.3424835
1747033112367,222315358,0.69269687,-0.11832765,0.8851528
1747033112384,222332025,0.6625807,-0.1623356,0.5694313
1747033112400,222348692,0.63538885,-0.30199042,0.35732841
1747033112417,222365359,0.5943975,-0.45117253,-0.124736786
1747033112434,222382026,0.636364,-0.57783383,-0.46390057
1747033112450,222398693,1.0598935,-0.8026736,-0.42049026
1747033112467,222415360,1.4273624,-0.9451015,-0.21306801
1747033112484,222432027,1.3367617,-0.76531607,-0.35804176
1747033112500,222448694,1.502107,-0.7433256,-0.2734747
1747033112517,222465361,1.26399,-0.66817397,-0.50310135
1747033112534,222482028,0.8714186,-0.5130719,-0.7650156
1747033112550,222498695,0.6805054,-0.43450722,-0.7746906
1747033112567,222515362,0.79559845,-0.2477381,-0.76816845
1747033112584,222532029,0.82654077,-0.3529179,-0.96520996
1747033112600,222548696,1.0418838,-0.28287584,-1.051919
1747033112617,222565363,0.8490725,-0.14601569,-1.4820757
1747033112634,222582030,0.61527073,-0.08935402,-1.554657
1747033112650,222598697,0.37304893,0.01701571,-1.4143066
1747033112667,222615364,0.1284813,0.09727313,-1.3573389
1747033112684,222632031,0.19322437,0.13608019,-1.2936697
1747033112700,222648698,0.06726024,-0.26729354,-1.5158663
1747033112717,222665365,-0.10040996,-0.2858671,-1.4234629
1747033112734,222682032,-0.22790101,-0.32819,-1.3119946
1747033112750,222698699,-0.20230994,-0.31988737,-1.02246
1747033112767,222715366,-0.30666167,-0.2162026,-0.82139206
1747033112784,222732033,-0.40241838,0.015662229,-0.67171764
1747033112800,222748700,-0.895243,0.24138002,-0.5977602
1747033112817,222765367,-0.9049635,0.6217933,-0.4317522
1747033112834,222782034,-0.87381256,0.61709136,-0.48521996
1747033112850,222798701,-0.5023616,0.5562711,-0.35556316
1747033112867,222815368,-0.22970797,0.3231751,-0.35517025
1747033112884,222832035,-0.2535046,0.3393468,-0.2736187
1747033112900,222848702,-0.5991127,0.3397176,-0.431221
1747033112917,222865369,-1.1278199,0.48202336,-0.6533327
1747033112934,222882036,-0.974165,0.46574184,-0.7841778
1747033112950,222898703,-0.7648388,0.37286,-0.55188847
1747033112967,222915370,-0.46175697,0.4447422,0.04824829
1747033112984,222932037,-0.98087275,-0.12878375,-0.25658417
1747033113000,222948704,-1.1291955,0.521619,-0.2257595
1747033113017,222965371,-1.3391052,0.3733294,-0.24848747
1747033113034,222982038,-1.1632591,0.28687686,-0.40733242
1747033113050,222998705,-0.72214395,0.29501116,-0.29699707
1747033113067,223015372,-0.56153107,0.040955927,-0.19906902
1747033113084,223032039,-0.46798033,0.04931358,-0.038348198
1747033113100,223048706,-0.4336153,0.11881549,0.011604309
1747033113117,223065373,-0.60535437,0.3652657,0.0471344
1747033113134,223082040,-0.64746094,0.5624474,-0.019565582
1747033113150,223098707,-0.2877265,0.4780847,0.23173714
1747033113167,223115374,0.027518846,0.27269715,0.5926676
1747033113184,223132041,0.121762596,0.1017265,0.8208256
1747033113200,223148708,-0.09904225,0.23337427,0.6524153
1747033113217,223165375,-0.12471555,0.17733733,0.48876476
1747033113234,223182042,-0.43679225,0.46242955,0.12158394
1747033113250,223198709,-0.3800277,0.31806105,0.10683727
1747033113267,223215376,-0.19553149,0.22567016,0.22360897
1747033113284,223232043,-0.10470776,0.013800975,0.48348904
1747033113300,223248710,-0.14644644,-0.055618655,0.6172905
1747033113317,223265377,-0.18948957,-0.09873478,0.5452099
1747033113334,223282044,-0.23675652,-0.141257,0.49813557
1747033113350,223298711,-0.32706067,-0.097478524,0.35220814
1747033113367,223315378,-0.41056937,0.05562915,0.18650723
1747033113384,223332045,-0.57933545,0.22215872,0.11948013
1747033113400,223348712,-0.6815046,0.2645009,0.07230854
1747033113417,223365379,-0.7340645,0.20828426,0.04934883
1747033113434,223382046,-0.6442569,0.13894087,0.024475098
1747033113450,223398713,-0.6016842,0.14881346,-0.06575489
1747033113467,223415380,-0.63820255,0.19806802,-0.18072224
1747033113484,223432047,-0.6899143,0.3293807,-0.09351063
1747033113500,223448714,-0.6417994,0.29296127,0.03610611
1747033113517,223465381,-0.6152263,0.24290086,0.1849432
1747033113534,223482048,-0.5981476,0.19215938,0.34913063
1747033113550,223498715,-0.6299128,0.16047406,0.37874603
1747033113567,223515382,-0.74080944,0.19204244,0.23740387
1747033113584,223532049,-0.7628256,0.25138587,0.21214008
1747033113600,223548716,-0.64877003,0.20022292,0.09269428
1747033113617,223565383,-0.6228795,0.16429323,0.0064706802
1747033113634,223582050,-0.6484599,0.15782695,-0.17293072
1747033113650,223598717,-0.5911491,0.17152931,-0.23749065
1747033113667,223615384,-0.43041795,0.12587534,-0.20537472
1747033113684,223632051,-0.2335146,0.14564219,-0.044139862
1747033113700,223648718,-0.18720041,0.07472946,0.385087
1747033113717,223665385,-0.2323996,0.03513688,0.707428
1747033113734,223682052,-0.22093761,0.014739729,0.707077
1747033113750,223698719,-0.24462818,0.06558879,0.5107298
1747033113767,223715386,-0.27895138,0.16705264,-0.04156208
1747033113784,223732053,-0.2999341,0.4796744,-0.29191685
1747033113800,223748720,-0.23631845,0.47190788,-0.7354584
1747033113817,223765387,-0.26099163,0.63302267,-0.7443962
1747033113834,223782054,-0.3116629,0.35571232,-0.6380768
1747033113850,223798721,-0.26149026,0.02335146,-0.75024414
1747033113867,223815388,-0.4320527,-0.009780759,-0.92487335
1747033113884,223832055,-0.70200723,-0.10446574,-1.2445154
1747033113900,223848722,-0.7744109,0.009016792,-1.0021763
1747033113917,223865389,-0.11816047,-0.10723017,-0.3952284
1747033113934,223882056,0.7380668,-0.24429278,-0.06351948
1747033113950,223898723,0.99412686,-0.1142128,-0.33137035
1747033113967,223915390,0.60788333,0.13312636,-0.8394718
1747033113984,223932057,0.12535998,0.3228425,-0.977788
1747033114000,223948724,0.26797515,0.09363288,-0.74301815
1747033114017,223965391,0.9321599,-0.6414968,-0.3998804
1747033114034,223982058,1.4283277,-1.0348911,-0.23394394
1747033114050,223998725,1.6186681,-0.82709426,-0.21420002
1747033114067,224015392,1.87779,-0.6667941,0.028888702
1747033114084,224032059,1.5948249,-0.43683767,0.12885857
1747033114100,224048726,0.7630748,-0.359014,0.030914307
1747033114117,224065393,0.05443658,-0.42763498,-0.21782303
1747033114134,224082060,0.08182554,-0.6880599,-0.0855732
1747033114150,224098727,0.4064145,-1.117363,0.34459972
1747033114167,224115394,0.74788016,-0.6533514,0.40790176
1747033114184,224132061,0.6955665,-0.08723554,0.28359222
1747033114200,224148728,0.5736079,-0.04836312,0.06279564
1747033114217,224165395,0.49896777,-0.26252955,0.21798515
1747033114234,224182062,0.61832553,-0.3414068,0.4760809
1747033114250,224198729,0.73955065,-0.29709005,0.7369175
1747033114267,224215396,0.6671723,-0.18037379,0.8489876
1747033114284,224232063,0.54408836,-0.023047315,0.7063904
1747033114300,224248730,0.58927506,0.17524293,0.46316242
1747033114317,224265397,0.6221716,-0.015608077,0.47453117
1747033114334,224282064,0.5122064,-0.29146907,0.43885326
1747033114350,224298731,0.7586001,-0.37943485,0.5074768
1747033114367,224315398,0.81840134,-0.31848827,0.33905506
1747033114384,224332065,0.7449599,-0.47491613,0.1552639
1747033114400,224348732,0.77811027,-0.514997,0.05858326
1747033114417,224365399,0.97784036,-0.54210985,0.28778172
1747033114434,224382066,0.9232707,-0.5059429,0.4512005
1747033114450,224398733,0.5756292,-0.42726085,0.50158215
1747033114467,224415400,0.27904207,-0.2613371,0.4701414
1747033114484,224432067,0.10713244,-0.044725332,0.29558468
1747033114500,224448734,0.15754873,0.049189277,0.19080448
1747033114517,224465401,0.27556756,-0.065280885,0.21027279
1747033114534,224482068,0.4566367,-0.22805882,0.37902164
1747033114550,224498735,0.50642717,-0.2962872,0.51205826
1747033114567,224515402,0.4432041,-0.23087874,0.58328533
1747033114584,224532069,0.21963108,-0.18363349,0.8353481
1747033114600,224548736,0.063697204,-0.14880447,1.1478357
1747033114617,224565403,-0.03330974,-0.12886205,1.4172106
1747033114634,224582070,0.019105831,-0.19226599,1.603342
1747033114650,224598737,0.20138067,-0.34075004,1.8259172
1747033114667,224615404,0.26160115,-0.32985786,1.8927975
1747033114684,224632071,0.23065014,-0.25093147,1.8517542
1747033114700,224648738,0.13576873,-0.16414423,1.5940485
1747033114717,224665405,0.10235622,-0.14999737,1.4440527
1747033114734,224682072,0.21077026,-0.18243675,1.3979273
1747033114750,224698739,0.3012824,-0.25247455,1.424797
1747033114767,224715406,0.2428272,-0.3345404,1.5245447
1747033114784,224732073,0.027446833,-0.44467992,1.5952072
1747033114800,224748740,-0.2993812,-0.31052113,1.3770905
1747033114817,224765407,-0.47019342,-0.25504744,0.79894066
1747033114834,224782074,-0.0541896,-0.1634244,1.2105837
1747033114850,224798741,0.109322034,0.09659347,1.2844543
1747033114867,224815408,0.023753056,-0.036060464,1.1228819
1747033114884,224832075,0.037430093,-0.07712504,1.3536768
1747033114900,224848742,0.026334073,-0.0253286,1.1942549
1747033114917,224865409,0.008556356,-0.103538245,1.0722599
1747033114934,224882076,-0.070219725,-0.08528919,0.88374615
1747033114950,224898743,-0.01567055,-0.083912686,0.6004219
1747033114967,224915410,0.17475635,-0.10691206,0.31309414
1747033114984,224932077,0.34626,-0.031478334,-0.03075409
1747033115000,224948744,0.44837627,-0.038818948,-0.34915352
1747033115017,224965411,0.43748716,-0.15091573,-0.6990299
1747033115034,224982078,0.47536987,-0.35862833,-0.8781357
1747033115050,224998745,0.47939965,-0.559562,-0.52391624
1747033115067,225015412,0.3794462,-0.6297218,0.047896385
1747033115084,225032079,0.32102114,-0.447985,0.28692436
1747033115100,225048746,0.2459645,-0.2784036,0.36923695
1747033115117,225065413,0.23514736,-0.111383215,0.37701988
1747033115134,225082080,0.24674086,-0.0063842004,0.3088951
1747033115150,225098747,0.1846949,0.03774754,0.26140785
1747033115167,225115414,0.15282844,0.062840894,0.21230221
1747033115184,225132081,0.28836435,-0.048401956,0.165555
1747033115200,225148748,0.43120712,-0.09850618,0.105044365
1747033115217,225165415,0.37857908,-0.04265834,0.19972992
1747033115234,225182082,0.39481294,0.0016171163,0.25262737
1747033115250,225198749,0.34196198,0.19605327,0.2543831
1747033115267,225215416,0.3336493,0.2214544,0.2109394
1747033115284,225232083,0.32644448,0.16273442,0.060250282
1747033115300,225248750,0.3431695,-0.053928982,0.055517197
1747033115317,225265417,0.37665957,-0.09080795,0.15337086
1747033115334,225282084,0.4393183,-0.22648792,0.33165932
1747033115350,225298751,0.44668683,-0.2911254,0.4367981
1747033115367,225315418,0.3295141,-0.2794388,0.3010435
1747033115384,225332085,0.34302253,-0.160143,0.018188477
1747033115400,225348752,0.35523117,-0.2983887,-0.27158356
1747033115417,225365419,0.43508115,-0.25603878,-0.21696949
1747033115434,225382086,0.5591666,-0.24321361,0.0012626648
1747033115450,225398753,0.45155296,-0.2546007,0.2471981
1747033115467,225415420,0.30885077,-0.1661812,0.32211685
1747033115484,225432087,0.38385522,-0.20844059,0.24804974
1747033115500,225448754,0.34860343,-0.18050034,0.16821098
1747033115517,225465421,0.363,-0.15717162,0.098724365
1747033115534,225482088,0.42437097,-0.103608534,0.031236649
1747033115550,225498755,0.4703249,-0.071027726,0.009922981
1747033115567,225515422,0.4828776,-0.055123214,0.015007019
1747033115584,225532089,0.41446042,0.003987024,0.023052216
1747033115600,225548756,0.29720864,0.06848548,0.10127163
1747033115617,225565423,0.21949899,0.07581537,0.28952312
1747033115634,225582090,0.13383296,0.10268677,0.41684055
1747033115650,225598757,0.03141553,0.12330115,0.43439102
1747033115667,225615424,-0.035465695,0.08721766,0.33461
1747033115684,225632091,-0.07828742,0.03430991,0.25511742
1747033115700,225648758,-0.0920547,0.016436026,0.17567062
1747033115717,225665425,-0.081516854,0.025573235,0.122564316
1747033115734,225682092,-0.030281534,-0.026718516,0.10078335
1747033115750,225698759,0.062498245,-0.049616076,0.07192898
1747033115767,225715426,0.12467553,-0.078196004,0.04742241
1747033115784,225732093,0.16486171,-0.09908084,0.042921066
1747033115800,225748760,0.17326467,-0.08782942,0.08952141
1747033115817,225765427,0.1562568,-0.102112114,0.18105984
1747033115834,225782094,0.18466048,-0.06250674,0.31250095
1747033115850,225798761,0.18740723,-0.012384853,0.38889027
1747033115867,225815428,0.11470808,0.03724374,0.41411304
1747033115884,225832095,0.10407724,-0.005063686,0.36709023
1747033115900,225848762,0.15840977,-0.010945429,0.33899117
1747033115917,225865429,0.23195995,-0.03119414,0.36773396
1747033115934,225882096,0.22295049,-0.056983512,0.31770897
1747033115950,225898763,0.1887872,-0.06581652,0.19007969
1747033115967,225915430,0.120941296,-0.110788666,0.01746273
1747033115984,225932097,0.093718536,-0.108636014,-0.04763317
1747033116000,225948764,0.08026842,-0.10482355,0.050523758
1747033116017,225965431,0.22516796,-0.105059355,0.17947388
1747033116034,225982098,0.2980057,-0.121564224,0.174613
1747033116050,225998765,0.36944222,-0.14693384,0.12974072
1747033116067,226015432,0.38900006,-0.11500569,0.12681007
1747033116084,226032099,0.36854002,-0.0890641,0.17176056
1747033116100,226048766,0.34897324,-0.059271835,0.24987316
1747033116117,226065433,0.294709,-0.061091233,0.2898388
1747033116134,226082100,0.26584733,-0.028481362,0.26228428
1747033116150,226098767,0.24548137,-0.06751499,0.16959953
1747033116167,226115434,0.20421183,-0.010154305,0.071564674
1747033116184,226132101,0.19413988,0.010995608,0.12917423
1747033116200,226148768,0.14718138,0.036198817,0.19188404
1747033116217,226165435,0.18016464,0.020591578,0.25219345
1747033116234,226182102,0.2006805,0.00031448272,0.22739506
1747033116250,226198769,0.12737578,-0.02985306,0.21652222
1747033116267,226215436,0.04897454,-0.0070950836,0.23853302
1747033116284,226232103,-0.12887305,-0.04122283,0.15206432
1747033116300,226248770,-0.13939928,-0.06810563,0.13455868
1747033116317,226265437,0.14992103,-0.16204175,0.23817253
1747033116334,226282104,0.08909422,-0.09827798,0.17918015
1747033116350,226298771,0.13719442,-0.10678823,0.10756874
1747033116367,226315438,0.07499637,-0.05050387,0.20255947
1747033116384,226332105,0.08305406,-0.06848258,0.2596283
1747033116400,226348772,0.110190935,-0.09095077,0.26518822
1747033116417,226365439,0.25743696,-0.24187398,0.4576435
1747033116434,226382106,0.4214577,-0.27481455,0.7060404
1747033116450,226398773,0.50471795,-0.18850356,0.6967621
1747033116467,226415440,0.69726443,-0.13821237,0.6954632
1747033116484,226432107,0.88492054,-0.0809612,0.73454094
1747033116500,226448774,0.9343602,0.019858344,0.82843304
1747033116517,226465441,0.9377153,0.03447028,1.207325
1747033116534,226482108,0.6903353,0.19438738,1.6073866
1747033116550,226498775,0.19094048,0.15913475,1.9088879
1747033116567,226515442,-0.11455751,-0.070731066,2.5233812
1747033116584,226532109,-0.035838794,-0.4535078,2.734476
1747033116601,226548776,0.1680768,-0.72731274,2.596017
1747033116617,226565443,0.41653812,-0.7138617,2.3546715
1747033116634,226582110,0.69481254,-0.5947844,2.1452656
1747033116651,226598777,0.85173666,-0.47492865,1.8798561
1747033116667,226615444,0.94726074,-0.17436855,1.6958408
1747033116684,226632111,0.85037637,0.01768366,1.5870819
1747033116701,226648778,0.6432627,0.14421059,1.455348
1747033116717,226665445,0.37433353,0.13988578,1.3566294
1747033116734,226682112,0.15103894,0.08210707,1.4126158
1747033116751,226698779,0.079169124,0.057512425,1.6054697
1747033116767,226715446,0.16565573,0.0132524185,1.7513828
1747033116784,226732113,0.21791765,-0.024864085,1.802721
1747033116801,226748780,0.19231248,-0.012638596,1.8021917
1747033116817,226765447,0.08949411,-0.111727424,1.7948885
1747033116834,226782114,0.06545121,-0.17832473,1.6639948
1747033116851,226798781,0.2309089,-0.24516404,1.1602383
1747033116867,226815448,0.47009054,-0.19879103,0.67946815
1747033116884,226832115,0.6907678,-0.22299692,0.43225956
1747033116901,226848782,1.0070068,-0.38034678,0.5101881
1747033116917,226865449,1.1244932,-0.46321383,0.44382477
1747033116934,226882116,1.116381,-0.41463444,0.32678223
1747033116951,226898783,1.0764687,-0.7150849,0.35815144
1747033116967,226915450,1.1667484,-1.1119117,0.46764755
1747033116984,226932117,1.2039438,-1.3747451,0.57202053
1747033117001,226948784,1.1806229,-1.4389181,0.5410881
1747033117017,226965451,1.1529096,-1.1956067,0.4677496
1747033117034,226982118,1.1472229,-1.021926,0.28710842
1747033117051,226998785,1.0600243,-0.6690981,0.08178234
1747033117067,227015452,0.7886517,-0.58889407,-0.44832706
1747033117084,227032119,0.49880603,-0.1642195,-0.78671646
1747033117101,227048786,0.4721482,0.10947996,-1.1233644
1747033117117,227065453,0.45212907,0.20584932,-1.327241
1747033117134,227082120,0.41574472,0.40334934,-1.5778856
1747033117151,227098787,0.022660693,0.47057223,-2.0300446
1747033117167,227115454,-0.2179782,0.7536357,-2.4426303
1747033117184,227132121,-0.05975904,0.7323305,-2.4958415
1747033117201,227148788,-0.56561255,0.36756048,-2.5710597
1747033117217,227165455,-0.6392532,0.5574203,-2.7180848
1747033117234,227182122,-0.7722817,0.17632595,-2.024293
1747033117251,227198789,-0.60191184,-0.09000417,-1.2795286
1747033117267,227215456,-0.47939265,-0.10816331,-0.5458393
1747033117284,227232123,-0.34737003,-0.055383813,-0.23839378
1747033117301,227248790,-0.33693057,0.037568923,-0.041708946
1747033117317,227265457,-0.42048085,0.18428731,-0.008278847
1747033117334,227282124,-0.4880291,0.20108874,-0.016324043
1747033117351,227298791,-0.44492388,0.14923012,0.27025318
1747033117367,227315458,-0.44251576,-0.07591845,0.5450306
1747033117384,227332125,-0.38183612,-0.23558517,0.43972588
1747033117401,227348792,-0.45928627,-0.27324077,0.09438419
1747033117417,227365459,-0.4865753,-0.3815677,-0.36151123
1747033117434,227382126,-0.5165242,-0.16973926,-0.5572052
1747033117451,227398793,-0.70484525,0.07990268,-0.6866932
1747033117467,227415460,-0.73922724,0.40405127,-0.6269417
1747033117484,227432127,-0.5431605,0.24415895,-0.24420357
1747033117501,227448794,-0.34252244,0.49297968,-0.081212044
1747033117517,227465461,-0.20593393,0.019166684,0.5572243
1747033117534,227482128,-0.24058272,0.2502525,0.38352394
1747033117551,227498795,-0.23726219,0.30969647,0.33816814
1747033117567,227515462,-0.25664365,0.26745802,0.31894016
1747033117584,227532129,-0.29534277,0.35943308,0.25505352
1747033117601,227548796,-0.285794,0.39030218,0.08398914
1747033117617,227565463,-0.3977048,0.3296807,-0.20823193
1747033117634,227582130,-0.59165484,0.41340494,-0.43524742
1747033117651,227598797,-0.8055362,0.56871384,-0.6284952
1747033117667,227615464,-0.7135826,0.4784634,-0.64142704
1747033117684,227632131,-0.7148482,0.48886263,-0.49771214
1747033117701,227648798,-0.5602894,0.14529932,-0.067103386
1747033117717,227665465,-0.5100759,0.22961679,0.2778635
1747033117734,227682132,-0.32977074,-0.11806365,0.8213701
1747033117751,227698799,-0.17686094,-0.19338296,0.9685402
1747033117767,227715466,-0.24510129,-0.122799724,0.8714857
1747033117784,227732133,-0.46049163,0.18185063,0.5262861
1747033117801,227748800,-0.44933063,0.20515767,0.27336693
1747033117817,227765467,-0.3491355,0.1364384,0.13068867
1747033117834,227782134,-0.335862,0.101557136,-0.043839455
1747033117851,227798801,-0.4261275,0.11425988,0.019648552
1747033117867,227815468,-0.5217496,0.10326335,0.14672089
1747033117884,227832135,-0.5217998,0.118061945,0.27391243
1747033117901,227848802,-0.5240854,0.17371261,0.30919647
1747033117917,227865469,-0.4625295,0.16762106,0.29132843
1747033117934,227882136,-0.44161677,0.17405167,0.31432152
1747033117951,227898803,-0.41480717,0.15055503,0.39397907
1747033117967,227915470,-0.40848204,0.16891594,0.3853445
1747033117984,227932137,-0.4745541,0.26115346,0.35280514
1747033118001,227948804,-0.5844833,0.2836015,0.33791542
1747033118017,227965471,-0.48358572,0.3641733,0.24139786
1747033118034,227982138,-0.576079,0.38721117,0.3213215
1747033118051,227998805,-0.68305284,0.34454602,0.20040607
1747033118067,228015472,-0.6277552,0.38368937,0.13504696
1747033118084,228032139,-0.5352062,0.321147,-0.069387436
1747033118101,228048806,-0.7102735,0.4312032,-0.14759731
1747033118117,228065473,-0.6064822,0.44698992,-0.33048916
1747033118134,228082140,-0.5835899,0.41824862,-0.26476192
1747033118151,228098807,-0.5689534,0.33188272,-0.0476532
1747033118167,228115474,-0.47326472,0.09521529,0.089404106
1747033118184,228132141,-0.3509252,0.034415923,0.11949444
1747033118201,228148808,-0.36435038,0.12257611,0.2897539
1747033118217,228165475,-0.55682886,0.09621575,0.38015556
1747033118234,228182142,-0.6313363,0.017682001,0.4101944
1747033118251,228198809,-0.5857343,0.04990442,0.4147873
1747033118267,228215476,-0.4685577,0.08448979,0.25976753
1747033118284,228232143,-0.42695802,0.19857232,0.0048561096
1747033118301,228248810,-0.49225587,0.44767803,-0.2925663
1747033118317,228265477,-0.5697655,0.70070523,-0.28766823
1747033118334,228282144,-0.6426735,0.7415626,-0.22367859
1747033118351,228298811,-0.5131535,0.5617545,-0.29975033
1747033118367,228315478,-0.35620427,0.4876675,-0.50269794
1747033118384,228332145,-0.28326276,0.64008623,-0.6802788
1747033118401,228348812,-0.40648025,0.5912197,-0.6260538
1747033118417,228365479,-0.44455665,0.29058725,-0.41077995
1747033118434,228382146,-0.11900753,0.053454123,-0.2928791
1747033118451,228398813,0.2758184,-0.11847851,-0.44869614
1747033118467,228415480,0.22418451,0.11921505,-0.57323265
1747033118484,228432147,-0.023704248,0.5698892,-0.66037655
1747033118501,228448814,-0.3798535,0.6008105,-0.33728695
1747033118517,228465481,-0.260663,0.21083745,-0.091861725
1747033118534,228482148,0.14759757,-0.34128088,-0.18227863
1747033118551,228498815,0.40933338,-0.9339103,-0.33523083
1747033118567,228515482,0.2738006,-1.0590224,-0.32608223
1747033118584,228532149,0.17634825,-0.74054366,0.12613106
1747033118601,228548816,0.49132586,-0.44050488,0.48712826
1747033118617,228565483,0.90420437,-0.523151,0.66591644
1747033118634,228582150,1.0579588,-0.738549,-0.013762474
1747033118651,228598817,0.5031998,-0.59061164,-1.0211258
1747033118667,228615484,0.28744224,-0.5998874,-1.4037781
1747033118684,228632151,0.5000523,-0.9315023,-1.2932692
1747033118701,228648818,0.6596261,-0.82451403,-1.1583176
1747033118717,228665485,0.54959244,-0.5933511,-1.0828724
1747033118734,228682152,0.53145903,-0.11802214,-0.9815397
1747033118751,228698819,0.5753103,0.26755452,-0.65787125
1747033118767,228715486,0.5112881,0.31646764,-0.13743019
1747033118784,228732153,0.08874297,0.07575815,0.20512676
1747033118801,228748820,-0.23715636,-0.042978972,0.3362713
1747033118817,228765487,-0.11336429,-0.44939885,0.13177872
1747033118834,228782154,0.075760804,-0.7319525,0.004681587
1747033118851,228798821,0.27668327,-0.81466204,-0.094506264
1747033118867,228815488,0.22100559,-0.55067474,-0.10794544
1747033118884,228832155,0.6480472,-0.86837715,-0.14136982
1747033118901,228848822,0.7856487,-0.5515316,-0.44500637
1747033118917,228865489,0.98273134,-0.3581753,-0.32785225
1747033118934,228882156,0.96555597,-0.098243944,-0.19713497
1747033118951,228898823,0.702699,0.25826854,-0.18861103
1747033118967,228915490,0.66813904,0.55867374,-0.17006207
1747033118984,228932157,1.0615464,0.47831398,0.16171074
1747033119001,228948824,1.2695777,0.11152667,0.5430107
1747033119017,228965491,1.0896229,-0.40200776,1.0597935
1747033119034,228982158,1.0011317,-0.79519695,1.6096973
1747033119051,228998825,0.8040891,-0.7820573,1.9111834
1747033119067,229015492,0.6655778,-0.5595968,2.0960674
1747033119084,229032159,0.16863443,-0.5052295,2.0936375
1747033119101,229048826,-0.318062,-0.363541,1.8484459
1747033119117,229065493,-0.700006,-0.12714171,1.6297989
1747033119134,229082160,-0.9548907,0.11040042,1.5072727
1747033119151,229098827,-0.92290634,0.24112198,1.7133188
1747033119167,229115494,-0.70483446,0.37884626,1.9986992
1747033119184,229132161,-0.41871414,0.39953053,2.3121452
1747033119201,229148828,-0.25021058,0.34036833,2.4443502
1747033119217,229165495,-0.034423962,0.1546261,2.3938904
1747033119234,229182162,0.1843389,-0.08381722,2.3521862
1747033119251,229198829,0.18610036,-0.17168844,2.171527
1747033119267,229215496,0.19175331,-0.25944027,1.9884729
1747033119284,229232163,0.22651161,-0.3981458,1.7843342
1747033119301,229248830,0.2421528,-0.41252849,1.5960112
1747033119317,229265497,0.04643582,-0.3620285,1.1578217
1747033119334,229282164,0.031220233,-0.3767568,0.9223223
1747033119351,229298831,0.18393527,-0.36423472,0.83686066
1747033119367,229315498,0.22346412,-0.45045108,0.81575966
1747033119384,229332165,0.20095967,-0.6717613,0.7233257
1747033119401,229348832,0.34607747,-0.6772036,0.85337734
1747033119417,229365499,0.40078118,-0.5402492,0.5919914
1747033119434,229382166,0.33123732,-0.47352484,0.20324421
1747033119451,229398833,0.41847324,-0.32085833,-0.03236389
1747033119467,229415500,0.59272236,-0.13653882,-0.16695213
1747033119484,229432167,0.8006294,0.14357556,-0.010968208
1747033119501,229448834,0.6413943,0.4196162,0.056163788
1747033119517,229465501,0.55524117,0.431168,-0.06245041
1747033119534,229482168,0.42013457,0.36536545,-0.15095901
1747033119551,229498835,0.29710388,0.07928072,-0.06996727
1747033119567,229515502,0.17895369,-0.010679784,0.2296629
1747033119584,229532169,0.004057654,-0.09954663,0.39581966
1747033119601,229548836,-0.20828049,-0.05371005,0.39761734
1747033119617,229565503,-0.23317777,-0.10092437,0.3197508
1747033119634,229582170,-0.1505362,-0.05894763,0.2991829
1747033119651,229598837,-0.018457308,0.05963683,0.37566662
1747033119667,229615504,0.053143837,0.10654159,0.43818378
1747033119684,229632171,0.114852466,0.14344369,0.43866158
1747033119701,229648838,0.12697168,0.0856096,0.42261982
1747033119717,229665505,0.1485528,-0.019258883,0.48073864
1747033119734,229682172,0.21095908,-0.05644194,0.36316013
1747033119751,229698839,0.22793807,-0.028723203,0.10835266
1747033119767,229715506,0.22314042,0.01173186,-0.10877228
1747033119784,229732173,0.23749118,-0.008819486,-0.20863628
1747033119801,229748840,0.31867573,-0.06479618,-0.16010761
1747033119817,229765507,0.28799018,-0.20036785,-0.03531456
1747033119834,229782174,0.30135682,-0.3016913,-0.028805733
1747033119851,229798841,0.32015225,-0.41990104,0.15996838
1747033119867,229815508,0.32175237,-0.36073092,0.33678246
1747033119884,229832175,0.3320409,-0.29198748,0.2715006
1747033119901,229848842,0.49375844,-0.20251928,0.13646889
1747033119917,229865509,0.5290972,-0.11426094,-0.020295143
1747033119934,229882176,0.4626555,-0.25041342,-0.22267628
1747033119951,229898843,0.4662363,-0.26286173,-0.14199924
1747033119967,229915510,0.48961553,-0.32910228,0.13554668
1747033119984,229932177,0.39741734,-0.2732428,0.34986305
1747033120001,229948844,0.39473292,-0.2823733,0.44699478
1747033120017,229965511,0.30650163,-0.073335715,0.45276546
1747033120034,229982178,0.20375252,0.09308879,0.29249477
1747033120051,229998845,0.14554538,0.050559413,0.13816929
1747033120067,230015512,0.12637646,-0.07621546,0.12695694
1747033120084,230032179,0.22583492,-0.15378943,0.27246857
1747033120101,230048846,0.20552452,-0.12180719,0.49730778
1747033120117,230065513,0.13670689,-0.0014839026,0.48595047
1747033120134,230082180,0.08037023,0.14189251,0.32823277
1747033120151,230098847,-0.029269077,0.25745732,0.13935661
1747033120167,230115514,-0.09881927,0.27561113,0.028985023
1747033120184,230132181,-0.13343634,0.26940152,-0.01242733
1747033120201,230148848,-0.09341456,0.28833473,-0.013872147
1747033120217,230165515,0.0015996264,0.26213902,-0.023532867
1747033120234,230182182,0.10584959,0.22455308,0.019789696
1747033120251,230198849,0.093369074,0.20578882,0.099144936
1747033120267,230215516,0.0034086285,0.21141264,0.1544962
1747033120284,230232183,-0.07051275,0.16849133,0.24564362
1747033120301,230248850,-0.15592152,0.110551074,0.3273058
1747033120317,230265517,-0.17937474,0.09671685,0.3335266
1747033120334,230282184,-0.12395056,0.0356226,0.21655464
1747033120351,230298851,-0.004705171,0.012537624,0.18375206
1747033120367,230315518,0.09175967,0.08731835,0.19072819
1747033120384,230332185,0.11898209,0.08272907,0.08343506
1747033120401,230348852,0.11780541,0.006908115,0.12103462
1747033120417,230365519,0.11694869,-0.045786407,0.2891388
1747033120434,230382186,0.08721274,-0.10801063,0.4374857
1747033120451,230398853,0.07325257,-0.19809708,0.51797104
1747033120467,230415520,0.0007151297,-0.22665286,0.48523235
1747033120484,230432187,-0.04978807,-0.16366702,0.31644058
1747033120501,230448854,-0.00012259686,-0.14773111,0.13567638
1747033120517,230465521,0.018661208,-0.1804086,-0.0023469925
1747033120534,230482188,0.043416273,-0.15250714,0.011135101
1747033120551,230498855,0.099406496,-0.13619517,0.03685856
1747033120567,230515522,0.09367987,-0.11807933,0.066470146
1747033120584,230532189,0.10992747,-0.14093174,0.057566643
1747033120601,230548856,0.18235372,-0.11110013,0.102461815
1747033120617,230565523,0.23708114,-0.071988046,0.09182358
1747033120634,230582190,0.27052414,-0.077477634,0.12270832
1747033120651,230598857,0.30017924,-0.053359248,0.13903713
1747033120667,230615524,0.31106398,-0.09421787,0.19896412
1747033120684,230632191,0.37562335,-0.12509215,0.26839066
1747033120701,230648858,0.4306704,-0.039094873,0.42199707
1747033120717,230665525,0.29859352,0.16350296,0.43477726
1747033120734,230682192,0.25358674,0.30325982,0.2617321
1747033120751,230698859,0.398188,0.24389152,0.050689697
1747033120767,230715526,0.48598942,0.10365849,0.020748138
1747033120784,230732193,0.45227444,-0.069317065,0.28952122
1747033120801,230748860,0.43790674,-0.2873173,0.3025055
1747033120817,230765527,0.36055306,-0.33169612,0.106827736
1747033120834,230782194,0.292142,-0.22073883,-0.102381706
1747033120851,230798861,0.2136471,-0.15001273,-0.17225361
1747033120867,230815528,0.1990118,-0.19040945,-0.122982025
1747033120884,230832195,0.16725843,-0.20506464,0.04141903
1747033120901,230848862,0.078634426,-0.25676876,0.3102703
1747033120917,230865529,0.17060956,-0.3370399,0.6854372
1747033120934,230882196,0.28769648,-0.41672817,0.76109886
1747033120951,230898863,0.39876136,-0.35917324,0.6910858
1747033120967,230915530,0.4319406,-0.23236027,0.59020615
1747033120984,230932197,0.31700674,0.007964772,0.18543148
1747033121001,230948864,0.21433894,0.17519571,-0.26398373
1747033121017,230965531,0.25049132,0.13648377,-0.16474915
1747033121034,230982198,0.15345763,0.091982566,0.47585297
1747033121051,230998865,0.048478425,-0.017755143,1.4715557
1747033121067,231015532,0.009255895,0.09258231,1.926959
1747033121084,231032199,0.13313438,0.14629035,2.460291
1747033121101,231048866,0.41270095,-0.21294974,3.2951727
1747033121117,231065533,0.8410211,-0.5353679,3.7899876
1747033121134,231082200,1.0746018,-0.59615386,3.7368755
1747033121151,231098867,1.0177598,-0.49869293,3.3605537
1747033121167,231115534,0.85824424,-0.3921768,3.0590162
1747033121184,231132201,0.74149853,-0.35697204,2.785365
1747033121201,231148868,0.710895,-0.2728369,2.4426394
1747033121217,231165535,0.64868176,0.009408996,2.13068
1747033121234,231182202,0.36449277,0.28736135,2.0533848
1747033121251,231198869,0.07388771,0.4849865,1.9293537
1747033121267,231215536,-0.10571783,0.48483592,1.856966
1747033121284,231232203,-0.20889786,0.30869955,1.7556839
1747033121301,231248870,-0.25040278,0.16453052,1.6405888
1747033121317,231265537,0.011466885,-0.068536445,1.4234114
1747033121334,231282204,0.32383513,-0.25472108,1.0975456
1747033121351,231298871,0.4215873,-0.42574486,0.7036257
1747033121367,231315538,0.28434464,-0.44557005,0.47576237
1747033121384,231332205,0.20510289,-0.56416416,0.46342373
1747033121401,231348872,0.46477318,-0.7290284,0.45812988
1747033121417,231365539,0.8568918,-0.9226859,0.52608967
1747033121434,231382206,1.244581,-1.1208382,0.45326138
1747033121451,231398873,1.4092476,-1.2112074,0.48304844
1747033121467,231415540,1.3640282,-0.8630616,0.26800346
1747033121484,231432207,1.0725771,-0.7703141,0.113238335
1747033121501,231448874,0.9137631,-0.41565672,-0.103494644
1747033121517,231465541,0.971172,-0.56592137,-0.16866493
1747033121534,231482208,1.0655364,-0.6447669,-0.20144367
1747033121551,231498875,1.0087949,-0.5476823,-0.7513151
1747033121567,231515542,0.8638939,-0.21281895,-0.89294624
1747033121584,231532209,0.8282654,-0.17346211,-1.185235
1747033121601,231548876,0.8684175,0.16281527,-1.0410004
1747033121617,231565543,0.92627704,0.17974454,-1.2041864
1747033121634,231582210,0.6708354,0.20559072,-1.212038
1747033121651,231598877,0.4056749,0.13475798,-1.4873581
1747033121667,231615544,0.017603373,-0.056243658,-1.5298815
1747033121684,231632211,-0.49632314,-0.21420333,-1.7485971
1747033121701,231648878,-0.815381,-0.32762447,-1.8001394
1747033121717,231665545,-0.784345,-0.7866933,-1.5723362
1747033121734,231682212,-1.6366868,-0.42212918,-1.9740276
1747033121751,231698879,-0.9060751,0.25146708,-1.6838589
1747033121767,231715546,-1.160258,0.052569576,-1.0093203
1747033121784,231732213,-1.0749269,0.4304554,-0.79487705
1747033121801,231748880,-0.5886091,0.44549093,-0.5686312
1747033121817,231765547,-0.66252446,0.4399738,-0.9451895
1747033121834,231782214,-0.6625498,0.99764615,-1.1609344
1747033121851,231798881,-0.9356934,0.8884696,-0.93344307
1747033121867,231815548,-1.1489229,0.7909723,-0.74967575
1747033121884,231832215,-0.8709601,0.8024497,-0.44903755
1747033121901,231848882,-0.7658806,0.52786523,-0.4572611
1747033121917,231865549,-0.7574609,0.57570827,-0.5780926
1747033121934,231882216,-1.066332,0.9929808,-0.61086655
1747033121951,231898883,-1.2564566,1.1439818,-0.5798435
1747033121967,231915550,-1.285856,0.77890474,-0.42705917
1747033121984,231932217,-0.83343756,0.3848529,0.007871628
1747033122001,231948884,-0.5595809,0.09623887,0.40893936
1747033122017,231965551,-0.32436264,-0.07808604,0.8975973
1747033122034,231982218,-0.2833103,-0.2438509,0.960227
1747033122051,231998885,-0.37308356,-0.13940033,0.9493799
1747033122067,232015552,-0.49453762,-0.0033970617,0.50394917
1747033122084,232032219,-0.5563199,0.18633197,-0.069729805
1747033122101,232048886,-0.64979136,0.5210323,-0.41542912
1747033122117,232065553,-0.6861914,0.6249372,-0.5382452
1747033122134,232082220,-0.5888164,0.47168046,-0.29642963
1747033122151,232098887,-0.34424597,0.40718484,0.045121193
1747033122167,232115554,-0.22601284,0.25600797,0.310421
1747033122184,232132221,-0.284533,0.07358334,0.41817474
1747033122201,232148888,-0.17506178,-0.07596406,0.8086605
1747033122217,232165555,-0.18713975,-0.11821852,0.8441191
1747033122234,232182222,-0.3183183,0.036236394,0.5918083
1747033122251,232198889,-0.31197384,0.15121478,0.4169531
1747033122267,232215556,-0.2748457,0.24672846,0.28968143
1747033122284,232232223,-0.33484873,0.27876955,0.16196632
1747033122301,232248890,-0.47285813,0.25257316,0.112223625
1747033122317,232265557,-0.49917707,0.18796363,0.15451908
1747033122334,232282224,-0.4697545,0.10483758,0.16912079
1747033122351,232298891,-0.42174676,0.0075502396,0.23768139
1747033122367,232315558,-0.37768137,-0.0031586292,0.33026886
1747033122384,232332225,-0.3079095,0.09094237,0.44937706
1747033122401,232348892,-0.3603292,0.12217701,0.41070938
1747033122417,232365559,-0.5982024,0.14696848,0.27166367
1747033122434,232382226,-0.8605954,0.13049994,0.2113533
1747033122451,232398893,-0.8745738,0.11927232,0.22811699
1747033122467,232415560,-0.5864612,0.1137782,0.45541286
1747033122484,232432227,-0.30981022,0.13692781,0.6466751
1747033122501,232448894,-0.3121983,0.21490091,0.75211716
1747033122517,232465561,-0.5161127,0.48464134,0.61490345
1747033122534,232482228,-0.86633456,0.6850476,0.25549698
1747033122551,232498895,-1.037207,0.75810355,-0.10102081
1747033122567,232515562,-0.94510126,0.7668932,-0.27246952
1747033122584,232532229,-0.95983803,0.71524245,-0.32154942
1747033122601,232548896,-0.8641364,0.5955169,-0.28677082
1747033122617,232565563,-0.620097,0.4629332,-0.19552326
1747033122634,232582230,-0.6956803,0.38625982,-0.42402363
1747033122651,232598897,-0.8519989,0.58862823,-0.53207207
1747033122667,232615564,-0.93204445,0.65086615,-0.45625782
1747033122684,232632231,-0.6896842,0.32420343,-0.09368992
1747033122701,232648898,-0.4387696,0.03348994,0.21113205
1747033122717,232665565,-0.6294661,-0.046628643,0.17101765
1747033122734,232682232,-0.787331,0.103305034,0.035759926
1747033122751,232698899,-0.6321101,0.28947797,0.15710068
1747033122767,232715566,-0.51775,0.055338725,0.29698086
1747033122784,232732233,-0.24181426,-0.23958941,0.15073967
1747033122801,232748900,-0.2205124,-0.41003004,-0.3220997
1747033122817,232765567,-0.6700378,-0.11153148,-1.0999527
1747033122834,232782234,-0.964851,0.44392434,-1.4273052
1747033122851,232798901,-0.59252346,0.4682792,-1.082838
1747033122867,232815568,0.062145688,0.28156343,-0.5934429
1747033122884,232832235,0.47109696,-0.06471326,-0.46521282
1747033122901,232848902,0.50494224,-0.20404224,-0.7249546
1747033122917,232865569,0.245042,0.111783296,-1.0219669
1747033122934,232882236,-0.16505794,0.23931442,-0.870162
1747033122951,232898903,-0.05537827,0.41559398,-0.35720444
1747033122967,232915570,0.19958413,0.05449095,-0.10035801
1747033122984,232932237,0.48264465,-0.4080337,-0.11105728
1747033123001,232948904,0.62078005,-0.8303178,-0.30133057
1747033123017,232965571,0.6823816,-1.0552963,-0.2629814
1747033123034,232982238,0.3500768,-0.90445703,0.081768036
1747033123051,232998905,0.3821073,-0.48945147,0.4735937
1747033123067,233015572,0.6587711,-0.27523342,0.6744194
1747033123084,233032239,0.4464472,-0.13449027,0.50875187
1747033123101,233048906,0.20497745,-0.10559367,0.27544785
1747033123117,233065573,0.21480721,-0.40783536,0.26268864
1747033123134,233082240,0.37650517,-0.5774674,0.2209568
1747033123151,233098907,0.5170129,-0.4336826,0.32000732
1747033123167,233115574,0.5929998,-0.22486487,0.31966877
1747033123184,233132241,0.9860329,-0.09867483,0.4801445
1747033123201,233148908,0.86284983,0.12939534,0.5313282
1747033123217,233165575,0.6591761,0.2634298,0.3666458
1747033123234,233182242,0.59689945,0.32295683,0.084913254
1747033123251,233198909,0.4721581,0.31877843,-0.046884537
1747033123267,233215576,0.83429486,-0.19839004,-0.047902107
1747033123284,233232243,0.66948444,0.10371834,-0.30048466
1747033123301,233248910,0.68981576,-0.026106592,-0.19723606
1747033123317,233265577,0.719971,-0.24348971,0.13184357
1747033123334,233282244,0.5914883,-0.38598877,0.54035187
1747033123351,233298911,0.43715733,-0.59427804,0.75528145
1747033123367,233315578,0.14763033,-0.7232975,0.48814392
1747033123384,233332245,-0.038596917,-0.60177696,0.00758934
1747033123401,233348912,-0.0117197065,-0.40215328,-0.10618782
1747033123417,233365579,0.11342475,-0.31635633,0.0038795471
1747033123434,233382246,0.1681348,-0.34364638,0.12789345
1747033123451,233398913,0.066015586,-0.2529833,0.09256077
1747033123467,233415580,0.21711758,-0.16083847,0.07047558
1747033123484,233432247,0.5128599,0.026260538,0.050912857
1747033123501,233448914,0.550322,0.13461529,0.14887238
1747033123517,233465581,0.31441122,0.1358505,0.18698215
1747033123534,233482248,0.16138667,-0.0023090006,0.38471603
1747033123551,233498915,0.05675212,-0.06656127,0.5330677
1747033123567,233515582,0.048610743,-0.15025842,0.47334576
1747033123584,233532249,0.19793957,-0.34466642,0.42398262
1747033123601,233548916,0.46851814,-0.570145,0.5330944
1747033123617,233565583,0.49335667,-0.60447955,0.7385063
1747033123634,233582250,0.2951235,-0.42391065,0.76193714
1747033123651,233598917,0.17441185,-0.26313818,0.6140423
1747033123667,233615584,0.050587658,-0.06685166,0.5584793
1747033123684,233632251,0.07706336,0.15690213,0.86812305
1747033123701,233648918,0.20974676,0.2921749,1.1418142
1747033123717,233665585,0.2830065,0.31071016,1.4241371
1747033123734,233682252,0.2194685,0.3635903,1.6638603
1747033123751,233698919,-0.01931504,0.4472022,1.6873484
1747033123767,233715586,-0.14415988,0.27671352,1.5853758
1747033123784,233732253,0.03794645,0.051562987,1.5329771
1747033123801,233748920,0.099671595,-0.104311034,1.6123323
1747033123817,233765587,0.13755532,-0.25335416,1.742219
1747033123834,233782254,0.10571964,-0.39502507,1.9163723
1747033123851,233798921,0.03627688,-0.3575648,2.0774717
1747033123867,233815588,-0.07639125,-0.24891973,2.052455
1747033123884,233832255,-0.25478235,-0.1099434,1.8492804
1747033123901,233848922,-0.27607167,-0.06698851,1.7060108
1747033123917,233865589,-0.035840303,-0.27181163,1.5553074
1747033123934,233882256,0.23894037,-0.4469802,1.4461555
1747033123951,233898923,0.11872645,-0.45274338,0.9480524
1747033123967,233915590,-0.056896955,-0.57946664,0.8954716
1747033123984,233932257,0.047159277,-0.43233216,1.0648518
1747033124001,233948924,-0.25309026,-0.1917151,0.3298092
1747033124017,233965591,-0.39149866,-0.19861439,-0.23120213
1747033124034,233982258,-0.2559898,-0.04233637,-0.41090012
1747033124051,233998925,0.101455994,0.052953124,-0.49079418
1747033124067,234015592,0.42595434,-0.083325855,-0.41573048
1747033124084,234032259,0.6395568,-0.113919415,-0.36591148
1747033124101,234048926,0.6198934,-0.118219465,-0.30569267
1747033124117,234065593,0.44571042,-0.14649844,-0.24425888
1747033124134,234082260,0.41402048,-0.24780524,-0.082995415
1747033124151,234098927,0.31225893,-0.39912373,0.11832428
1747033124167,234115594,0.12959477,-0.38371453,0.29393196
1747033124184,234132261,0.00022697741,-0.49323264,0.31390476
1747033124201,234148928,-0.109606616,-0.5155662,0.44946194
1747033124217,234165595,-0.12901324,-0.406903,0.69697857
1747033124234,234182262,-0.033774707,-0.13473293,0.6736393
1747033124251,234198929,0.19405188,0.15827109,0.45082092
1747033124267,234215596,0.37406564,0.27651894,0.36636162
1747033124284,234232263,0.482049,0.4171687,0.4040041
1747033124301,234248930,0.49309227,0.3635266,0.43845844
1747033124317,234265597,0.39783546,0.40630788,0.36646652
1747033124334,234282264,0.25883472,0.38922524,0.2981863
1747033124351,234298931,0.08015968,0.38513818,0.28318024
1747033124367,234315598,-0.010196661,0.36650035,0.28341675
1747033124384,234332265,-0.04297221,0.2834056,0.26405525
1747033124401,234348932,-0.15091623,0.27401704,0.14815521
1747033124417,234365599,-0.25964063,0.21744804,-0.12112141
1747033124434,234382266,-0.27986348,0.12586483,-0.3603239
1747033124451,234398933,-0.110274255,-0.014164127,-0.17494774
1747033124467,234415600,0.020335209,-0.06553567,0.08702278
1747033124484,234432267,0.009028358,0.064327925,0.04084778
1747033124501,234448934,-0.015771745,-0.092164226,-0.05958557
1747033124517,234465601,0.12300778,-0.2272997,-0.068122864
1747033124534,234482268,0.38980672,-0.1802299,0.12134743
1747033124551,234498935,0.5674224,-0.2260771,0.19816494
1747033124567,234515602,0.60391414,-0.10207635,0.21032906
1747033124584,234532269,0.6273605,-0.11722517,0.2185154
1747033124601,234548936,0.6516836,-0.26035818,0.21492672
1747033124617,234565603,0.5349282,-0.25594625,0.14439392
1747033124634,234582270,0.39400977,-0.2893838,0.17454052
1747033124651,234598937,0.18504538,-0.27610108,0.1968298
1747033124667,234615604,0.111232005,-0.2282749,0.29114628
1747033124684,234632271,0.015240007,-0.10320062,0.08680248
1747033124701,234648938,-0.08446264,-0.009612398,0.093110085
1747033124717,234665605,-0.19769989,0.128585,0.19940758
1747033124734,234682272,-0.22350201,0.13852304,0.1971407
1747033124751,234698939,-0.23985678,0.15602702,0.08336258
1747033124767,234715606,-0.22757386,0.1619215,0.042370796
1747033124784,234732273,-0.10278825,0.14202595,0.09639263
1747033124801,234748940,-0.030956991,0.08607685,0.17238331
1747033124817,234765607,-0.00944778,0.09008869,0.22504044
1747033124834,234782274,0.0090333875,0.12019968,0.22796631
1747033124851,234798941,0.089185916,0.13223563,0.1600771
1747033124867,234815608,0.14006227,0.09377933,0.1328268
1747033124884,234832275,0.18694177,-0.002968699,0.12446499
1747033124901,234848942,0.08880907,-0.009221474,0.21826458
1747033124917,234865609,0.14878441,-0.06189163,0.25926495
1747033124934,234882276,0.1464439,-0.062213715,0.23734379
1747033124951,234898943,0.13837375,-0.0069789686,0.1995821
1747033124967,234915610,0.19324316,0.038082585,0.23152256
1747033124984,234932277,0.23239917,0.047934365,0.28252792
1747033125001,234948944,0.19372527,0.050346963,0.2116909
1747033125017,234965611,0.14876397,0.059830394,0.15607452
1747033125034,234982278,0.11180218,0.06777538,0.18009949
1747033125051,234998945,0.03223459,0.08520169,0.25322247
1747033125067,235015612,-0.05690707,0.105231576,0.32583523
1747033125084,235032279,-0.09336371,0.09812498,0.3989563
1747033125101,235048946,-0.101993434,0.052311197,0.39716816
1747033125117,235065613,-0.17546694,0.028971078,0.36623764
1747033125134,235082280,-0.141574,-0.039039444,0.32307625
1747033125151,235098947,-0.07855296,-0.09865985,0.29679203
1747033125167,235115614,0.013878701,-0.13758542,0.20631218
1747033125184,235132281,0.11501463,-0.12835634,0.12803364
1747033125201,235148948,0.16990282,-0.10017996,0.021925926
1747033125217,235165615,0.11792795,-0.009111841,0.02214241
1747033125234,235182282,0.062434096,0.04609463,0.07502842
1747033125251,235198949,0.079838775,0.02064891,0.15633678
1747033125267,235215616,0.09203872,-0.032967154,0.114338875
1747033125284,235232283,0.13580781,-0.006619336,0.06664753
1747033125301,235248950,0.13514309,-0.0043899063,0.15308952
1747033125317,235265617,0.15395091,0.0028373853,0.29199028
1747033125334,235282284,0.09474061,0.017153613,0.370018
1747033125351,235298951,0.07626893,0.008182139,0.2956047
1747033125367,235315618,0.056652766,-0.0055297106,0.23952198
1747033125384,235332285,0.10306104,-0.020620523,0.1814394
1747033125401,235348952,0.037865944,0.03310998,0.13945675
1747033125417,235365619,0.022731155,0.037607953,0.092225075
1747033125434,235382286,0.0047428333,0.047728397,0.068431854
1747033125451,235398953,-0.008827197,0.012038408,0.1223259
1747033125467,235415620,-0.07754324,-0.02589107,0.17847538
1747033125484,235432287,-0.104898594,-0.11848936,0.29510784
1747033125501,235448954,-0.079373084,-0.10606059,0.36040974
1747033125517,235465621,-0.08404495,-0.061092015,0.3194723
1747033125534,235482288,0.016861482,-0.065013885,0.49621296
1747033125551,235498955,0.116115876,-0.07867678,0.6902218
1747033125567,235515622,-0.030467218,0.04064382,0.7590647
1747033125584,235532289,-0.16500917,0.07068642,0.62510014
1747033125601,235548956,-0.1579875,0.089227825,0.4146223
1747033125617,235565623,-0.01221638,0.13733453,0.36365986
1747033125634,235582290,0.3152274,0.10406244,0.29758644
1747033125651,235598957,0.65425384,-0.023255518,0.040314674
1747033125667,235615624,0.76844186,-0.10697989,0.021902084
1747033125684,235632291,0.87204915,-0.24044529,-0.1730175
1747033125701,235648958,1.0484246,-0.43333876,0.17284203
1747033125717,235665625,1.1000133,-0.3700591,1.034215
1747033125734,235682292,1.017458,-0.078140356,1.3338585
1747033125751,235698959,0.9946,0.04222959,2.101963
1747033125767,235715626,1.1357802,-0.052677814,3.182994
1747033125784,235732293,1.0482644,-0.16323419,3.7064896
1747033125801,235748960,1.015551,-0.53346056,3.7705736
1747033125817,235765627,1.0645068,-0.9127767,3.488287
1747033125834,235782294,1.2245495,-1.2067481,3.2184439
1747033125851,235798961,1.270691,-1.0112376,3.0889015
1747033125867,235815628,1.0350015,-0.5235905,2.791233
1747033125884,235832295,0.7882646,-0.082648896,2.6061897
1747033125901,235848962,0.52338344,0.15720929,2.5544157
1747033125917,235865629,0.23590046,0.12546422,2.518919
1747033125934,235882296,0.032351937,0.12241642,2.3989
1747033125951,235898963,0.16750292,0.014959219,2.1284904
1747033125967,235915630,0.51286864,-0.11832586,1.7251253
1747033125984,235932297,0.68326163,-0.35326308,1.312315
1747033126001,235948964,0.4682715,-0.44935998,0.8511114
1747033126017,235965631,0.033525433,-0.47850308,0.6387367
1747033126034,235982298,-0.21953605,-0.31998086,0.5709114
1747033126051,235998965,-0.13057534,-0.32821107,0.5482235
1747033126067,236015632,0.32843056,-0.5115033,0.58735657
1747033126084,236032299,0.6737271,-0.6051288,0.15703583
1747033126101,236048966,0.7939498,-0.7081866,-0.21400833
1747033126117,236065633,0.7872609,-0.78061473,-0.50235176
1747033126134,236082300,0.7064298,-0.61972004,-0.71809196
1747033126151,236098967,0.68487257,-0.89822316,-0.38306618
1747033126167,236115634,0.33876792,-0.6297662,-0.5961647
1747033126184,236132301,0.547461,-0.529477,-0.55884457
1747033126201,236148968,1.1030312,-0.78891414,-0.289917
1747033126217,236165635,1.3320436,-0.859224,-0.38918495
1747033126234,236182302,0.9599993,-0.6892371,-0.7471247
1747033126251,236198969,0.9018568,-0.052157473,-1.1711836
1747033126267,236215636,0.6426522,-0.11784814,-1.1282768
1747033126284,236232303,0.5961904,0.26349297,-1.0307026
1747033126301,236248970,0.5924361,0.47126946,-0.83730793
1747033126317,236265637,0.3534888,0.37060985,-0.98293304
1747033126334,236282304,-0.20233251,0.46624103,-1.3992682
1747033126351,236298971,-0.4255663,0.4904894,-1.6838856
1747033126367,236315638,-0.84099823,0.15833811,-2.3229008
1747033126384,236332305,-0.9457289,0.33462152,-2.6523538
1747033126401,236348972,-0.9848781,0.49380985,-2.590064
1747033126417,236365639,-1.3580656,0.39480585,-2.2281852
1747033126434,236382306,-1.4085656,0.43536562,-1.7602386
1747033126451,236398973,-1.1207483,0.60166323,-1.0352879
1747033126467,236415640,-0.63955593,0.70865786,-0.42140484
1747033126484,236432307,-0.7687854,0.7556879,-0.24384022
1747033126501,236448974,-0.8281336,0.8865907,0.036187172
1747033126517,236465641,-0.9290793,0.6368217,0.25432014
1747033126534,236482308,-1.038198,0.64809394,0.15934372
1747033126551,236498975,-1.1596609,0.60596263,0.0795517
1747033126567,236515642,-1.3733958,0.74642146,-0.12553883
1747033126584,236532309,-1.2930582,0.7019786,-0.38136768
1747033126601,236548976,-1.3415987,0.7610657,-0.33483982
1747033126617,236565643,-1.1180938,0.6324498,-0.2499981
1747033126634,236582310,-0.81773543,0.31294578,-0.024152756
1747033126651,236598977,-0.8306852,0.27167308,-0.022110939
1747033126667,236615644,-0.93863124,0.3124618,-0.15748787
1747033126684,236632311,-0.9634678,0.44028738,-0.27689743
1747033126701,236648978,-0.9277234,0.4104633,-0.26654816
1747033126717,236665645,-0.93379414,0.515079,-0.11073208
1747033126734,236682312,-1.1351857,0.4409288,-0.098332405
1747033126751,236698979,-1.080164,0.1903204,0.14901066
1747033126767,236715646,-0.958315,0.088188164,0.36832428
1747033126784,236732313,-0.48293784,-0.23246613,0.57760525
1747033126801,236748980,-0.17472756,-0.15079924,0.6652508
1747033126817,236765647,-0.05850496,-0.022814749,0.62661266
1747033126834,236782314,-0.10936244,0.33812222,0.4653883
1747033126851,236798981,-0.20495878,0.42984048,0.2685957
1747033126867,236815648,-0.2687267,0.39322683,0.12890339
1747033126884,236832315,-0.3020552,0.342209,0.13170719
1747033126901,236848982,-0.24744664,0.31995454,0.16658783
1747033126917,236865649,-0.15881926,0.34784865,0.26111126
1747033126934,236882316,-0.12565929,0.2532313,0.2955885
1747033126951,236898983,-0.17472938,0.12001529,0.31803226
1747033126967,236915650,-0.20114629,0.019206595,0.3053465
1747033126984,236932317,-0.17353396,-0.023920301,0.29716396
1747033127001,236948984,-0.215405,0.103119515,0.3068323
1747033127017,236965651,-0.45995936,0.3040393,0.27876282
1747033127034,236982318,-0.67325044,0.48625422,0.24907112
1747033127051,236998985,-0.7190135,0.5267789,0.3033495
1747033127067,237015652,-0.6862542,0.4802811,0.36188602
1747033127084,237032319,-0.7125807,0.38506493,0.40376282
1747033127101,237048986,-0.8773196,0.3003438,0.29721928
1747033127117,237065653,-1.1049819,0.27122378,0.13797379
1747033127134,237082320,-1.352043,0.36802873,0.07971573
1747033127151,237098987,-1.4854916,0.37943017,0.14549541
1747033127167,237115654,-1.209087,0.21373479,0.1471405
1747033127184,237132321,-0.9287084,0.22279495,0.24618053
1747033127201,237148988,-0.9133584,0.30781338,-0.0316782
1747033127217,237165655,-1.1715866,0.5720402,-0.5412111
1747033127234,237182322,-1.38333,0.79942375,-0.9241009
1747033127251,237198989,-1.1360809,0.7784934,-0.8097067
1747033127267,237215656,-0.49683556,0.48245203,-0.49355888
1747033127284,237232323,-0.08616846,0.41043627,-0.0054483414
1747033127301,237248990,-0.08327743,0.18707477,0.06097126
1747033127317,237265657,-0.4141492,-0.065701194,-0.07432175
1747033127334,237282324,-0.6878161,0.05507753,-0.21012688
1747033127351,237298991,-0.77426666,0.36754298,0.23767471
1747033127367,237315658,-0.48367062,0.3948437,1.105753
1747033127384,237332325,0.23345317,0.17898618,1.6119547
1747033127401,237348992,0.6066843,-0.23857813,1.045147
1747033127417,237365659,0.029988762,-0.17849617,-0.56833744
1747033127434,237382326,-0.23413968,0.6165935,-1.4267206
1747033127451,237398993,-0.48615298,0.52415967,-1.4299116
1747033127467,237415660,0.008232332,0.13756081,-0.5601702
1747033127484,237432327,0.2442825,-0.20317216,0.080519676
1747033127501,237448994,0.10028244,-0.77464294,-0.28940773
1747033127517,237465661,-0.41931015,-1.0952274,-1.3932362
1747033127534,237482328,-0.99582005,-1.0544772,-2.2439752
1747033127551,237498995,-1.07406,-0.7191551,-2.1075149
1747033127567,237515662,-0.4890649,-0.56341815,-1.3429489
1747033127584,237532329,0.08276158,-0.49518055,-0.7258682
1747033127601,237548996,0.15052347,-0.58942056,-0.9363127
1747033127617,237565663,0.17579445,-0.46576235,-0.8273487
1747033127634,237582330,0.63427275,-0.43094897,-0.38734722
1747033127651,237598997,0.83605003,-0.18162107,0.16586971
1747033127667,237615664,0.6377851,0.1921617,0.28647614
1747033127684,237632331,0.7947426,0.2262435,0.22671127
1747033127701,237648998,1.0540245,-0.0012071097,-0.059749603
1747033127717,237665665,1.1967394,-0.21172167,-0.14198399
1747033127734,237682332,0.9016062,-0.027714936,-0.15596294
1747033127751,237698999,0.84765595,0.25538683,-0.0061922073
1747033127767,237715666,0.7535934,0.5333143,-0.25214386
1747033127784,237732333,0.97642887,0.30231076,-0.6905346
1747033127801,237749000,0.80916363,-0.08384898,-1.2496033
1747033127817,237765667,0.3817971,-0.30408397,-1.2344751
1747033127834,237782334,0.8622556,-0.7855917,-0.43065643
1747033127851,237799001,0.9516566,-0.4738595,0.32622528
1747033127867,237815668,0.7517652,-0.29131112,0.7238617
1747033127884,237832335,0.50203973,-0.6604454,1.0476542
1747033127901,237849002,0.34947753,-0.8861002,1.2194948
1747033127917,237865669,0.44193795,-0.8360738,1.3127136
1747033127934,237882336,0.8598116,-0.6052792,1.1500053
1747033127951,237899003,0.30101725,-0.39012805,0.7306576
1747033127967,237915670,0.31818336,-0.22299963,0.20930672
1747033127984,237932337,0.3817859,0.0504604,-0.28955936
1747033128001,237949004,0.6468505,0.3206109,-0.2622738
1747033128017,237965671,0.9794002,0.5167167,0.3752861
1747033128034,237982338,0.7731835,0.6906474,0.9356365
1747033128051,237999005,0.27421921,0.6516599,1.2777281
1747033128067,238015672,-0.18111604,0.4352269,1.4950094
1747033128084,238032339,-0.40931842,0.21835749,1.7493935
1747033128101,238049006,-0.12834014,-0.079032086,2.1668224
1747033128117,238065673,0.051148873,-0.3325874,2.6181078
1747033128134,238082340,-0.13369069,-0.34451997,2.7914457
1747033128151,238099007,-0.23847784,-0.24355754,2.5528564
1747033128167,238115674,0.17147878,-0.20508434,2.2364063
1747033128184,238132341,0.676866,-0.35407418,2.3399744
1747033128201,238149008,0.45471072,-0.36997953,2.3244543
1747033128217,238165675,0.05340317,-0.40168,2.3736448
1747033128234,238182342,-0.084650055,-0.6133434,2.4570704
1747033128251,238199009,-0.09217937,-0.25050148,2.5777578
1747033128267,238215676,-0.85758466,-0.086640604,1.9918604
1747033128284,238232343,-0.99342376,0.062247295,2.0917206
1747033128301,238249010,-0.47746146,-0.029987896,1.7473965
1747033128317,238265677,-0.05445703,-0.37376562,1.3538809
1747033128334,238282344,-0.015444466,-0.6299258,1.1168737
1747033128351,238299011,-0.02298814,-0.68411493,0.7076607
1747033128367,238315678,-0.11487186,-0.63408434,0.080646515
1747033128384,238332345,-0.055708032,-0.49348453,-0.34135246
1747033128401,238349012,-0.013212857,-0.38426074,-0.5868025
1747033128417,238365679,0.15141048,-0.36018732,-0.72087383
1747033128434,238382346,0.31100845,-0.43257612,-0.7253542
1747033128451,238399013,0.50251484,-0.50304765,-0.6947794
1747033128467,238415680,0.516707,-0.5114389,-0.6671963
1747033128484,238432347,0.5487544,-0.6976775,-0.5692024
1747033128501,238449014,0.5273577,-0.5932391,-0.25541115
1747033128517,238465681,0.424846,-0.5849257,-0.16184711
1747033128534,238482348,0.3585212,-0.46355996,0.042803764
1747033128551,238499015,0.35638493,-0.23256008,0.3797207
1747033128567,238515682,0.49044448,0.12664837,0.6496582
1747033128584,238532349,0.58213776,0.39287755,0.80770683
1747033128601,238549016,0.61153066,0.56732506,0.887558
1747033128617,238565683,0.49676448,0.6037049,0.98568726
1747033128634,238582350,0.49339932,0.57049793,0.7651882
1747033128651,238599017,0.32933068,0.4592247,0.34716606
1747033128667,238615684,0.12680487,0.3325133,0.12643242
1747033128684,238632351,-0.06860233,0.2618053,0.24802685
1747033128701,238649018,-0.036927637,0.08467732,0.3553486
1747033128717,238665685,-0.033570025,0.0475307,0.29609108
1747033128734,238682352,0.13442142,-0.0031239288,0.025445938
1747033128751,238699019,0.120998405,-0.05079332,-0.20855331
1747033128767,238715686,0.15623981,-0.03712718,-0.27337456
1747033128784,238732353,0.20145373,-0.14831594,-0.04377556
1747033128801,238749020,0.13825646,-0.24950707,0.30258274
1747033128817,238765687,0.05261372,-0.2783324,0.58859825
1747033128834,238782354,-0.024218522,-0.22968191,0.59747887
1747033128851,238799021,-0.061281778,-0.10291654,0.552372
1747033128867,238815688,-0.018155789,0.02174647,0.3057766
1747033128884,238832355,0.13017082,0.056143437,0.28756332
1747033128901,238849022,0.24469589,0.09348687,0.061984062
1747033128917,238865689,0.32490095,0.11937022,-0.11281872
1747033128934,238882356,0.47412798,0.08464547,-0.22824001
1747033128951,238899023,0.54010886,-0.037714906,-0.3137846
1747033128967,238915690,0.5570931,-0.1709977,-0.21118641
1747033128984,238932357,0.47577655,-0.18294558,-0.055448532
1747033129001,238949024,0.40153053,-0.0010225718,0.18308544
1747033129017,238965691,0.3026038,0.11149709,0.29733562
1747033129034,238982358,0.26601684,0.22866102,0.51996326
1747033129051,238999025,0.18963191,0.3062837,0.73077106
1747033129067,239015692,0.07524921,0.37001508,0.72229004
1747033129084,239032359,-0.07782631,0.4391084,0.5340347
1747033129101,239049026,-0.23287825,0.45111364,0.20843124
1747033129117,239065693,-0.28803915,0.38451013,-0.10460758
1747033129134,239082360,-0.27272832,0.27882972,-0.24661827
1747033129151,239099027,-0.1904803,0.18955185,-0.27743053
1747033129167,239115694,-0.06484955,0.0455354,-0.23655605
1747033129184,239132361,-0.12588204,-0.10327617,0.014242172
1747033129201,239149028,-0.31127733,-0.16891322,0.3854313
1747033129217,239165695,-0.40201336,-0.09750015,0.6276541
1747033129234,239182362,-0.38164324,0.0162837,0.49372673
1747033129251,239199029,-0.28994346,0.015096959,0.21565056
1747033129267,239215696,-0.11359571,-0.058743116,0.030755997
1747033129284,239232363,0.10643743,-0.13012299,-0.0230093
1747033129301,239249030,0.2993386,-0.19604087,0.007119179
1747033129317,239265697,0.37459686,-0.13813525,0.11736679
1747033129334,239282364,0.4202334,-0.11163355,0.25638485
1747033129351,239299031,0.32060105,0.011687716,0.42305374
1747033129367,239315698,0.27700794,0.09278045,0.29044533
1747033129384,239332365,0.27358785,0.08064895,0.26078033
1747033129401,239349032,0.30479875,-0.0093453005,0.28645897
1747033129417,239365699,0.2600789,-0.055552132,0.28639507
1747033129434,239382366,0.18912297,-0.06810664,0.2610178
1747033129451,239399033,0.02552272,-0.10819614,0.22527409
1747033129467,239415700,-0.14104925,-0.0710151,0.13651085
1747033129484,239432367,-0.16512601,-0.05616277,0.1241951
1747033129501,239449034,-0.1492197,0.08371343,0.17442131
1747033129517,239465701,-0.12668553,0.1840979,0.1636467
1747033129534,239482368,-0.117964216,0.18090647,0.15966034
1747033129551,239499035,-0.14027797,0.12957661,0.21070194
1747033129567,239515702,-0.15683334,0.05972702,0.13736057
1747033129584,239532369,-0.17427965,0.026842117,0.1792984
1747033129601,239549036,-0.20730379,-0.0029491417,0.24265575
1747033129617,239565703,-0.1318856,-0.052315332,0.3512888
1747033129634,239582370,-0.059361074,-0.022788264,0.38447285
1747033129651,239599037,0.056154612,-0.024882803,0.44411373
1747033129667,239615704,0.08319644,0.017722677,0.3959732
1747033129684,239632371,0.07032159,0.052465755,0.34194374
1747033129701,239649038,0.09893924,0.1087195,0.2746706
1747033129717,239665705,0.08794642,0.07914113,0.20324326
1747033129734,239682372,0.13657944,0.04052033,0.12681675
1747033129751,239699039,0.21857545,-0.042661805,0.11263847
1747033129767,239715706,0.33057326,-0.17960037,0.25109386
1747033129784,239732373,0.40966082,-0.28171036,0.36178017
1747033129801,239749040,0.38680878,-0.31706387,0.21205902
1747033129817,239765707,0.4101219,-0.29711008,-0.03903389
1747033129834,239782374,0.29161194,-0.27613372,-0.09261227
1747033129851,239799041,0.28694192,-0.2677645,-0.0646677
1747033129867,239815708,0.32933575,-0.2632368,-0.019102097
1747033129884,239832375,0.40498388,-0.19890016,0.03711033
1747033129901,239849042,0.5254489,-0.19843815,-0.024665833
1747033129917,239865709,0.4739696,-0.09140786,0.08700085
1747033129934,239882376,0.3862057,0.06743274,0.495574
1747033129951,239899043,0.37470224,0.07714158,0.89285755
1747033129967,239915710,0.32185772,-0.028253993,0.861187
1747033129984,239932377,0.43515313,-0.10514295,0.6834545
1747033130001,239949044,0.51133615,-0.12597011,0.57710934
1747033130017,239965711,0.5594876,-0.13206677,0.5073776
1747033130034,239982378,0.6118918,-0.0009520534,0.6099739
1747033130051,239999045,0.64908564,0.08501109,1.0853224
1747033130067,240015712,0.6119693,0.005709862,1.344471
1747033130084,240032379,0.6599963,-0.22879691,1.9361591
1747033130101,240049046,0.729187,-0.31151617,2.8754444
1747033130117,240065713,0.92033803,-0.3861447,3.1843433
1747033130134,240082380,1.0365112,-0.641354,3.0735044
1747033130151,240099047,0.9858347,-0.9319999,2.9082603
1747033130167,240115714,0.70477724,-0.8000683,2.8175058
1747033130184,240132381,0.41436526,-0.47010732,2.6922436
1747033130201,240149048,0.3065968,-0.13030194,2.434123
1747033130217,240165715,0.35067803,0.08256652,2.1369524
1747033130234,240182382,0.34713244,0.094786316,2.1935263
1747033130251,240199049,0.3062722,0.124798514,2.3317432
1747033130267,240215716,0.12491044,0.16642322,2.2070675
1747033130284,240232383,0.04314152,0.18834381,1.8555279
1747033130301,240249050,0.067114234,0.081870675,1.6790504
1747033130317,240265717,0.3151479,0.03437892,1.5364199
1747033130334,240282384,0.5222701,-0.02876662,1.285039
1747033130351,240299051,0.40973333,0.00877741,0.9367981
1747033130367,240315718,0.22767767,-0.08814211,0.62721825
1747033130384,240332385,0.30690753,-0.13650668,0.37804985
1747033130401,240349052,0.35977432,-0.2866452,0.14231777
1747033130417,240365719,0.52670366,-0.37006995,0.018029213
1747033130434,240382386,0.69863486,-0.46162978,-0.20349503
1747033130451,240399053,0.7023935,-0.44831145,-0.42362404
1747033130467,240415720,0.62113357,-0.44385824,-0.47349262
1747033130484,240432387,0.60589445,-0.52334476,-0.5528507
1747033130501,240449054,0.3696484,-0.48593912,-0.5929537
1747033130517,240465721,0.3875218,-0.51895064,-0.68047047
1747033130534,240482388,0.5177124,-0.3959522,-0.73204136
1747033130551,240499055,0.67152,-0.39228097,-0.60762596
1747033130567,240515722,1.0540955,-0.47170135,-0.4899044
1747033130584,240532389,1.1896327,-0.3951011,-0.25662327
1747033130601,240549056,1.024583,-0.21608874,-0.17661095
1747033130617,240565723,0.9238537,-0.32912728,-0.26182652
1747033130634,240582390,0.7974858,-0.27170786,-0.3337803
1747033130651,240599057,0.29033723,0.043068375,-0.70852184
1747033130667,240615724,0.046266958,0.121324785,-0.86826324
1747033130684,240632391,-0.17572948,0.30081335,-1.2654448
1747033130701,240649058,-0.40602884,0.11742002,-1.583044
1747033130717,240665725,-0.5696564,0.37261015,-1.8953037
1747033130734,240682392,-0.78483593,0.22351676,-2.0548215
1747033130751,240699059,-0.81128263,0.031463135,-1.7847605
1747033130767,240715726,-0.7744307,-0.28891015,-1.5825891
1747033130784,240732393,-0.7322468,-0.25815222,-1.1419334
1747033130801,240749060,-0.6584963,-0.3003621,-0.42719555
1747033130817,240765727,-0.53170824,-0.14095353,-0.031207085
1747033130834,240782394,-0.5879682,-0.105249986,0.013455391
1747033130851,240799061,-0.71959376,0.12487244,0.0022449493
1747033130867,240815728,-0.78448004,0.19052686,-0.08740616
1747033130884,240832395,-0.35614213,0.3858236,-0.06643295
1747033130901,240849062,-0.15006813,0.2998477,0.10708618
1747033130917,240865729,-0.5128374,0.18729335,-0.09670925
1747033130934,240882396,-0.6885287,0.2551143,-0.16320324
1747033130951,240899063,-0.68033814,0.2443599,-0.2584858
1747033130967,240915730,-0.53850436,0.09701117,-0.20934868
1747033130984,240932397,-0.51873827,0.2185627,-0.32376194
1747033131001,240949064,-0.33957145,0.22818515,-0.20191574
1747033131017,240965731,-0.30949286,0.25402597,-0.07008934
1747033131034,240982398,-0.3873286,0.30082685,0.026633263
1747033131051,240999065,-0.39462337,0.31724882,0.051036835
1747033131067,241015732,-0.41142532,0.24687819,0.0042619705
1747033131084,241032399,-0.560589,0.3985356,-0.18829155
1747033131101,241049066,-0.52281517,0.39252043,-0.13245106
1747033131117,241065733,-0.51228184,0.29909486,0.13925266
1747033131134,241082400,-0.47276422,0.18161853,0.15555763
1747033131151,241099067,-0.4345157,0.39873013,0.19040203
1747033131167,241115734,-0.37130606,0.222669,0.09967232
1747033131184,241132401,-0.5437124,0.21697624,-0.029462814
1747033131201,241149068,-0.61060375,0.5601208,-0.03242874
1747033131217,241165735,-0.65245396,0.41002667,-0.029601097
1747033131234,241182402,-0.4578629,0.3201137,0.079208374
1747033131251,241199069,-0.47876197,0.27265865,0.20270634
1747033131267,241215736,-0.43691903,0.17554836,0.3320427
1747033131284,241232403,-0.46111712,0.18558355,0.47099876
1747033131301,241249070,-0.4087924,0.04015796,0.5735798
1747033131317,241265737,-0.27451068,-0.015854584,0.6021862
1747033131334,241282404,-0.35596678,-0.0080790715,0.52850056
1747033131351,241299071,-0.45247436,0.00055126677,0.3785982
1747033131367,241315738,-0.4216012,0.07405331,0.19537926
1747033131384,241332405,-0.5302363,0.045892045,0.09297657
1747033131401,241349072,-0.54827446,0.08490433,0.058330536
1747033131417,241365739,-0.5066885,0.037773076,0.1325903
1747033131434,241382406,-0.4195844,-0.038575485,0.23378754
1747033131451,241399073,-0.44754994,0.025743496,0.18956947
1747033131467,241415740,-0.4132866,0.05263269,0.21374512
1747033131484,241432407,-0.38787308,0.019345969,0.31188393
1747033131501,241449074,-0.3402772,0.027765924,0.39657784
1747033131517,241465741,-0.32951474,0.057288017,0.41784573
1747033131534,241482408,-0.35987318,0.13512741,0.40493107
1747033131551,241499075,-0.37161285,0.19154607,0.3527918
1747033131567,241515742,-0.3079929,0.24019325,0.2919464
1747033131584,241532409,-0.24683559,0.2866292,0.25803947
1747033131601,241549076,-0.29284078,0.3042163,0.22773266
1747033131617,241565743,-0.3462662,0.35567853,0.22447109
1747033131634,241582410,-0.4098729,0.33043027,0.23814106
1747033131651,241599077,-0.41808933,0.27174577,0.22735977
1747033131667,241615744,-0.4159572,0.24668974,0.20350552
1747033131684,241632411,-0.41992366,0.21221107,0.19962311
1747033131701,241649078,-0.43521264,0.22569872,0.23986721
1747033131717,241665745,-0.39703217,0.20566854,0.27667427
1747033131734,241682412,-0.45570323,0.2032206,0.29037
1747033131751,241699079,-0.5513016,0.24270475,0.27977753
1747033131767,241715746,-0.584149,0.3020694,0.31913757
1747033131784,241732413,-0.55899084,0.27217022,0.37178326
1747033131801,241749080,-0.5595447,0.25102934,0.45153046
1747033131817,241765747,-0.57584316,0.21577819,0.5359974
1747033131834,241782414,-0.62710905,0.24057531,0.4842949
1747033131851,241799081,-0.79614824,0.31357315,0.4572296
1747033131867,241815748,-0.91737306,0.32387942,0.11466122
1747033131884,241832415,-1.0844288,0.34314004,-0.28309727
1747033131901,241849082,-1.1926708,0.3929784,-0.6920719
1747033131917,241865749,-1.2572731,0.5637686,-0.93940544
1747033131934,241882416,-1.1161784,0.60832626,-1.059372
1747033131951,241899083,-1.0090182,0.64614314,-0.9136028
1747033131967,241915750,-0.76638114,0.5164243,-0.6878214
1747033131984,241932417,-0.6132264,0.3074333,-0.45531082
1747033132001,241949084,-0.5407014,0.034721006,-0.27019978
1747033132017,241965751,-0.5191623,-0.14866982,-0.16939831
1747033132034,241982418,-0.5169922,-0.16284283,-0.042996407
1747033132051,241999085,-0.29353732,-0.033045925,0.19758892
1747033132067,242015752,-0.055091664,0.14371185,0.44629478
1747033132084,242032419,0.14959621,0.20605579,0.6986599
1747033132101,242049086,0.32942903,0.12741476,0.69621754
1747033132117,242065753,0.3131182,0.08286864,0.64787006
1747033132134,242082420,-0.026176425,0.039714135,0.4110918
1747033132151,242099087,-0.2037734,-0.03971949,0.094127655
1747033132167,242115754,-0.41488847,-0.21795523,-0.27607918
1747033132184,242132421,-0.54467994,-0.32945827,-0.5887213
1747033132201,242149088,-0.49212378,-0.22402072,-0.4912243
1747033132217,242165755,-0.29962495,-0.3249994,-0.19408607
1747033132234,242182422,-0.09908696,-0.38836604,0.066184044
1747033132251,242199089,-0.19031179,-0.20285617,-0.10060787
1747033132267,242215756,-0.17695938,0.16017914,-0.74531555
1747033132284,242232423,-0.38311118,0.6619351,-1.2487917
1747033132301,242249090,-0.5542806,0.5429229,-1.4576797
1747033132317,242265757,-0.46738815,0.4501875,-0.9822664
1747033132334,242282424,-0.0059870738,0.42597878,-0.4056797
1747033132351,242299091,0.25919417,-0.16500953,-0.4142828
1747033132367,242315758,-0.024013031,-0.46994084,-0.6935892
1747033132384,242332425,-0.1012288,-0.6945761,-0.6298399
1747033132401,242349092,0.09686688,-0.07374217,-0.21139336
1747033132417,242365759,0.6643272,0.16890332,0.64083767
1747033132434,242382426,1.3357687,0.1514807,1.3479528
1747033132451,242399093,1.3712424,0.008411519,1.1510859
1747033132467,242415760,0.64489937,-0.3066557,0.5873537
1747033132484,242432427,0.34162763,-0.57708097,0.3735361
1747033132501,242449094,0.48205096,-0.81385535,0.97758293
1747033132517,242465761,1.1737913,-1.4702259,1.4371796
1747033132534,242482428,0.86400753,-0.58877724,0.9099722
1747033132551,242499095,0.7733223,-0.5611195,0.36309528
1747033132567,242515762,0.95199645,-0.6956194,0.14734268
1747033132584,242532429,0.7552366,-0.7865707,-0.030062675
1747033132601,242549096,0.41380703,-0.90568733,-0.15039444
1747033132617,242565763,-0.031195369,-0.7563279,-0.45064068
1747033132634,242582430,-0.15773429,-0.4689265,-0.84560776
1747033132651,242599097,0.059122752,-0.19200596,-0.91057587
1747033132667,242615764,0.62539136,0.016405962,-0.61159325
1747033132684,242632431,1.2031598,0.036352903,-0.17224312
1747033132701,242649098,1.5006816,0.03915254,0.05126953
1747033132717,242665765,1.3095814,0.015592208,0.1556015
1747033132734,242682432,0.79858494,-0.013309526,-0.01074791
1747033132751,242699099,0.791138,0.02137935,-0.015389442
1747033132767,242715766,0.7333452,0.20295551,0.0044870377
1747033132784,242732433,0.6086298,0.20870745,-0.036930084
1747033132801,242749100,0.29647747,0.02100586,-0.09258366
1747033132817,242765767,0.17836976,-0.22356726,-0.18816948
1747033132834,242782434,-0.010522179,-0.3272369,-0.17847824
1747033132851,242799101,-0.091220975,-0.19661899,-0.2582903
1747033132867,242815768,-0.1094144,0.045205496,-0.25435925
1747033132884,242832435,0.15574847,0.11608262,0.019137383
1747033132901,242849102,0.23756203,-0.17502227,0.18122101
1747033132917,242865769,0.20548554,-0.4972348,0.6054058
1747033132934,242882436,0.10862211,-0.5778239,1.1480455
1747033132951,242899103,-0.01181245,-0.4630564,1.4384727
1747033132967,242915770,0.033988595,-0.33089703,1.6485882
1747033132984,242932437,-0.0175601,-0.18923749,1.7503061
1747033133001,242949104,-0.0878823,-0.14684634,1.6576929
1747033133017,242965771,0.02862652,-0.11157323,1.5847492
1747033133034,242982438,0.0677863,-0.018196944,1.6550837
1747033133051,242999105,0.0053791883,0.14579625,1.7734299
1747033133067,243015772,0.0033507666,0.2428732,1.7213411
1747033133084,243032439,0.024462305,0.2587941,1.4828787
1747033133101,243049106,0.113940194,0.24291006,1.4784975
1747033133117,243065773,0.014237009,0.29313394,1.6877384
1747033133134,243082440,0.09346387,0.1854163,2.0278158
1747033133151,243099107,0.17590562,-0.013975818,2.4713306
1747033133167,243115774,0.10961886,-0.099462874,2.6454544
1747033133184,243132441,-0.04885993,-0.07253018,2.3917189
1747033133201,243149108,-0.10450002,-0.045806523,2.031145
1747033133217,243165775,0.0041653872,-0.106021635,1.7798309
1747033133234,243182442,0.10358412,-0.17234649,1.5772791
1747033133251,243199109,0.12527907,-0.2975641,1.2093239
1747033133268,243215776,0.1440427,-0.3955911,0.77155113
1747033133284,243232443,0.27613696,-0.35054818,0.36549854
1747033133301,243249110,0.20295133,-0.29698557,-0.056264877
1747033133318,243265777,0.048681233,-0.23584506,-0.36692524
1747033133334,243282444,-0.02109493,-0.28687546,-0.55651474
1747033133351,243299111,0.0017743576,-0.16527973,-0.62230873
1747033133368,243315778,0.0930271,-0.1996668,-0.65880394
1747033133384,243332445,0.26624194,-0.3588134,-0.41366196
1747033133401,243349112,0.4340421,-0.42668074,0.07054043
1747033133418,243365779,0.4616843,-0.44691828,-0.06953621
1747033133434,243382446,0.3207405,-0.44239393,-0.15479946
1747033133451,243399113,0.40171665,-0.44730976,0.042717934
1747033133468,243415780,0.36384997,-0.33671823,0.30944538
1747033133484,243432447,0.3483928,-0.26580685,0.48955154
1747033133501,243449114,0.25657013,-0.21188727,0.6608887
1747033133518,243465781,0.1495281,-0.20797199,0.72981834
1747033133534,243482448,0.28244528,-0.10348963,0.76659584
1747033133551,243499115,0.2988751,0.043329664,0.60763836
1747033133568,243515782,0.45611992,0.065854296,0.5255718
1747033133584,243532449,0.5262996,0.1629254,0.39687634
1747033133601,243549116,0.39065656,0.11245451,0.18927479
1747033133618,243565783,0.16520368,0.040855486,-0.032510757
1747033133634,243582450,0.11979897,-0.10838255,-0.030218124
1747033133651,243599117,-0.061111737,-0.033156805,-0.035535812
1747033133668,243615784,-0.20333214,0.08593805,-0.1608038
1747033133684,243632451,-0.04983702,-0.052944183,-0.20857811
1747033133701,243649118,0.16096447,-0.12954721,-0.12854671
1747033133718,243665785,0.3749142,-0.1612189,-0.010334015
1747033133734,243682452,0.4142892,-0.11892588,0.102170944
1747033133751,243699119,0.47138664,-0.053140204,0.18027401
1747033133768,243715786,0.3615958,0.08801314,0.2032156
1747033133784,243732453,0.20277542,0.18594758,0.18880844
1747033133801,243749120,0.06099741,0.2265458,0.03798294
1747033133818,243765787,0.09377123,0.19354255,0.059984207
1747033133834,243782454,0.23368044,0.103318974,0.19917583
1747033133851,243799121,0.19493224,0.08969229,0.41349697
1747033133868,243815788,0.066202976,0.30735546,0.47804832
1747033133884,243832455,0.047576185,0.41752154,0.42937756
1747033133901,243849122,-0.14547229,0.46874332,0.19663239
1747033133918,243865789,-0.19357005,0.27282104,0.09078121
1747033133934,243882456,-0.050014768,0.07672596,0.0415411
1747033133951,243899123,0.14754057,-0.020456577,0.121115685
1747033133968,243915790,0.31965762,-0.0067735603,0.18719101
1747033133984,243932457,0.2816213,0.055463623,0.19545841
1747033134001,243949124,0.13220389,0.15126865,0.12528133
1747033134018,243965791,-0.009518802,0.18855552,0.11811066
1747033134034,243982458,-0.16899104,0.19026428,0.15424061
1747033134051,243999125,-0.22584051,0.11938285,0.15619183
1747033134068,244015792,-0.21823704,0.025100058,0.16668415
1747033134084,244032459,-0.14074588,-0.07949462,0.1635828
1747033134101,244049126,-0.06679729,-0.09282996,0.20995712
1747033134118,244065793,-0.02236873,-0.09475094,0.18905163
1747033134134,244082460,0.028590102,-0.054223906,0.22088432
1747033134151,244099127,-0.022233617,0.01461026,0.21620369
1747033134168,244115794,-0.06835753,0.07186142,0.27408886
1747033134184,244132461,-0.09749311,-0.006013057,0.37978458
1747033134201,244149128,-0.107637584,-0.0059047653,0.44121742
1747033134218,244165795,-0.06562407,-0.00039248876,0.3487482
1747033134234,244182462,0.045313116,-0.15455519,0.27989197
1747033134251,244199129,0.04258369,-0.11601686,0.20026016
1747033134268,244215796,-0.035689656,-0.07380342,0.19199371
1747033134284,244232463,-0.13228491,-0.019934561,0.18889427
1747033134301,244249130,-0.18146369,-0.050438493,0.19255352
1747033134318,244265797,-0.17328379,-0.10160273,0.1868639
1747033134334,244282464,-0.11992968,-0.15464906,0.1565876
1747033134351,244299131,-0.05621094,-0.19859461,0.09576416
1747033134368,244315798,-0.022065869,-0.18186255,0.1330347
1747033134384,244332465,0.015233302,-0.13536951,0.17885017
1747033134401,244349132,-0.010220465,-0.066154584,0.27694893
1747033134418,244365799,-0.095350854,0.009945433,0.39128113
1747033134434,244382466,-0.14481276,0.07626877,0.48603916
1747033134451,244399133,-0.14946423,0.02825986,0.45482254
1747033134468,244415800,-0.1359773,0.011537404,0.34892273
1747033134484,244432467,-0.08089448,0.036109075,0.21848297
1747033134501,244449134,-0.10686434,0.113293126,0.18297863
1747033134518,244465801,-0.15938877,0.20401056,0.09744263
1747033134534,244482468,-0.093243904,0.30389526,0.15377426
1747033134551,244499135,-0.0056560514,0.32554048,0.15958595
1747033134568,244515802,0.063089214,0.33907866,0.17178059
1747033134584,244532469,0.13961408,0.2668376,0.16386604
1747033134601,244549136,0.19125523,0.13844304,0.090901375
1747033134618,244565803,0.24362074,0.018716304,0.13677692
1747033134634,244582470,0.31295374,-0.08460099,0.14809418
1747033134651,244599137,0.32438475,-0.13444662,0.24887562
1747033134668,244615804,0.33895433,-0.11964056,0.3821211
1747033134684,244632471,0.2833397,-0.084871,0.33562374
1747033134701,244649138,0.2829308,-0.06092527,0.24040794
1747033134718,244665805,0.25338754,-0.10566139,0.10942173
1747033134734,244682472,0.24199927,-0.07782967,0.10451412
1747033134751,244699139,0.21209352,-0.044448458,0.11138058
1747033134768,244715806,0.17060873,-0.011810872,0.16086197
1747033134784,244732473,0.1486806,-0.038446464,0.21755886
1747033134801,244749140,0.16604447,-0.057488985,0.29151344
1747033134818,244765807,0.19093259,-0.124954246,0.40899563
1747033134834,244782474,0.24252363,-0.1707905,0.42516422
1747033134851,244799141,0.20735894,-0.18815365,0.37180614
1747033134868,244815808,0.18299012,-0.16477531,0.318388
1747033134884,244832475,0.17632395,-0.18372418,0.2219162
1747033134901,244849142,0.15651841,-0.119427554,0.14315033
1747033134918,244865809,0.016001347,-0.062552445,0.14789486
1747033134934,244882476,-0.09624624,-0.016367184,0.14122868
1747033134951,244899143,-0.23638637,0.066705935,0.10965824
1747033134968,244915810,-0.26197645,0.1389052,0.12930584
1747033134984,244932477,-0.17882718,0.1153628,0.21220589
1747033135001,244949144,-0.051780045,0.07118016,0.34545612
1747033135018,244965811,0.031428296,-0.012808354,0.41269016
1747033135034,244982478,0.13935246,-0.117672645,0.38473606
1747033135051,244999145,0.25097036,-0.28517494,0.4163208
1747033135068,245015812,0.37895894,-0.40639713,0.6319847
1747033135084,245032479,0.4019528,-0.29432327,0.68156624
1747033135101,245049146,0.44158202,-0.14589998,0.52309036
1747033135118,245065813,0.535709,-0.06980634,0.35696983
1747033135134,245082480,0.6951805,-0.18034272,0.20050335
1747033135151,245099147,0.81398803,-0.3636951,0.33002853
1747033135168,245115814,0.77777416,-0.4309573,0.9207001
1747033135184,245132481,0.63244456,-0.29021174,1.4466839
1747033135201,245149148,0.5261237,-0.1455959,1.8703108
1747033135218,245165815,0.35914788,-0.10088161,2.1455402
1747033135234,245182482,0.44944763,-0.15338632,2.222477
1747033135251,245199149,0.61487514,-0.29386085,2.1332893
1747033135268,245215816,0.46917146,-0.36062962,1.9306774
1747033135284,245232483,0.3095484,-0.34205097,1.9028444
1747033135301,245249150,0.39913222,-0.28359303,2.1035624
1747033135318,245265817,0.633472,-0.23652683,2.4606962
1747033135334,245282484,0.813163,-0.119635254,2.6262932
1747033135351,245299151,0.8545544,-0.085328475,2.5882978
1747033135368,245315818,0.98276234,-0.17882377,2.6270227
1747033135384,245332485,0.97968704,-0.3583424,2.844306
1747033135401,245349152,0.92895293,-0.3652533,2.8091803
1747033135418,245365819,1.0737753,-0.25823173,2.5065088
1747033135434,245382486,1.2939411,-0.14795719,2.1506033
1747033135451,245399153,1.4025562,-0.21655104,1.8723469
1747033135468,245415820,1.240037,-0.41561988,1.6020145
1747033135484,245432487,0.8851078,-0.47216228,1.4452295
1747033135501,245449154,0.61710757,-0.4842911,1.256835
1747033135518,245465821,0.48845544,-0.57763094,1.2954845
1747033135534,245482488,0.74868476,-0.5867045,1.3914242
1747033135551,245499155,1.1225916,-0.6245172,1.3236341
1747033135568,245515822,1.1268064,-0.704911,0.8695965
1747033135584,245532489,1.0325619,-0.40170407,0.19082451
1747033135601,245549156,0.6335523,-0.09876624,-0.6200285
1747033135618,245565823,0.4628732,-0.20225789,-1.0507231
1747033135634,245582490,0.2355159,-0.54201126,-1.3819895
1747033135651,245599157,-0.38822728,-0.7171308,-1.6628809
1747033135668,245615824,-0.48898196,-1.0668377,-1.5273457
1747033135684,245632491,0.18620683,-1.2657546,-1.2893677
1747033135701,245649158,0.3236223,-0.6602994,-1.4966269
1747033135718,245665825,0.48480535,-0.36730766,-1.454668
1747033135734,245682492,0.8169938,-0.35976622,-1.3971996
1747033135751,245699159,1.1005589,-0.12436521,-1.2315607
1747033135768,245715826,1.3294722,-0.22822897,-0.8089514
1747033135784,245732493,1.4722167,-0.1240121,-0.36382675
1747033135801,245749160,1.2163076,0.13226485,-0.013307571
1747033135818,245765827,0.7295706,0.47955075,-0.13567829
1747033135834,245782494,0.012730739,0.5391888,-0.578907
1747033135851,245799161,-0.34904107,0.42776263,-0.9641037
1747033135868,245815828,-0.86890876,0.18342558,-1.4638414
1747033135884,245832495,-1.3113997,-0.011467779,-1.7050648
1747033135901,245849162,-1.1915606,-0.1693997,-1.702178
1747033135918,245865829,-0.86255324,-0.010571045,-1.873632
1747033135934,245882496,-0.78063333,0.36611426,-1.8179421
1747033135951,245899163,-0.9337693,0.4908282,-1.49508
1747033135968,245915830,-1.1068151,0.6553059,-0.95385456
1747033135984,245932497,-1.0785823,0.50323886,-0.40713024
1747033136001,245949164,-1.1161616,0.6052884,0.07399368
1747033136018,245965831,-1.1240536,0.5110827,0.15961361
1747033136034,245982498,-1.0316031,0.38558438,0.2892809
1747033136051,245999165,-1.0110587,0.52834284,0.15636635
1747033136068,246015832,-1.2470725,0.5915511,-0.23499966
1747033136084,246032499,-1.48435,1.0853739,-0.97563744
1747033136101,246049166,-1.5747054,1.2278458,-1.2203932
1747033136118,246065833,-1.3950014,0.81794786,-1.1191921
1747033136134,246082500,-1.2256465,0.8825374,-0.23640919
1747033136151,246099167,-0.9169689,0.6199502,0.2497034
1747033136168,246115834,-0.85477567,0.53551304,0.5177107
1747033136184,246132501,-0.97368705,0.4823045,0.5745268
1747033136201,246149168,-1.311909,0.49518624,0.31763458
1747033136218,246165835,-1.4014479,0.38226572,0.20439625
1747033136234,246182502,-1.3439358,0.17347549,0.19709206
1747033136251,246199169,-1.1692226,-0.038574304,0.28458214
1747033136268,246215836,-0.92181873,-0.15529665,0.35975456
1747033136284,246232503,-0.69162214,-0.10343853,0.55210495
1747033136301,246249170,-0.6329667,-0.10670626,0.5372906
1747033136318,246265837,-0.73589504,0.5298195,0.4097948
1747033136334,246282504,-0.72052234,0.5453235,0.13521671
1747033136351,246299171,-0.5246131,0.52493685,0.028313637
1747033136368,246315838,-0.37082952,0.46924064,0.0557909
1747033136384,246332505,-0.27471137,0.31154743,0.18128872
1747033136401,246349172,-0.16913594,0.24608642,0.20842838
1747033136418,246365839,-0.27800617,0.353374,0.094534874
1747033136434,246382506,-0.57323986,0.49063262,-0.020640373
1747033136451,246399173,-0.6591393,0.55053747,-0.044519424
1747033136468,246415840,-0.5919317,0.4429358,0.12213421
1747033136484,246432507,-0.50418586,0.3613976,0.33502388
1747033136501,246449174,-0.47892463,0.3016948,0.44576454
1747033136518,246465841,-0.5461946,0.19194183,0.3242321
1747033136534,246482508,-0.70070946,0.17346877,0.18531513
1747033136551,246499175,-0.69076824,0.17467102,0.12815762
1747033136568,246515842,-0.6576327,0.13726912,0.15208435
1747033136584,246532509,-0.6579981,0.100980066,0.23451233
1747033136601,246549176,-0.7592951,0.12951252,0.27516842
1747033136618,246565843,-0.48567176,0.024512213,0.34426975
1747033136634,246582510,-0.49986207,0.035973012,0.24777508
1747033136651,246599177,-0.6049416,0.512362,-0.013607025
1747033136668,246615844,-0.56899303,0.7116202,-0.080872536
1747033136684,246632511,-0.41711742,0.78024024,0.091495514
1747033136701,246649178,-0.2446042,0.56176114,0.31692028
1747033136718,246665845,-0.32385793,0.35093802,0.23215961
1747033136734,246682512,-0.576771,0.29617217,0.0024528503
1747033136751,246699179,-0.68430984,0.35394987,-0.24604988
1747033136768,246715846,-0.6677775,0.33326077,-0.44978523
1747033136784,246732513,-0.7709823,0.41291085,-0.08976555
1747033136801,246749180,-0.81237125,0.10520565,0.32965946
1747033136818,246765847,-0.85634863,-0.08363518,0.40266132
1747033136834,246782514,-1.0459749,0.13334607,-0.024248123
1747033136851,246799181,-1.3819599,0.61460066,-0.58782196
1747033136868,246815848,-1.3521901,0.90099585,-0.78038406
1747033136884,246832515,-0.9887363,0.6980925,-0.62705326
1747033136901,246849182,-0.6649345,0.36095896,-0.8860054
1747033136918,246865849,-1.1748898,0.062886685,-1.4027901
1747033136934,246882516,-1.9161258,-0.14945462,-2.2211695
1747033136951,246899183,-1.2406954,-0.17113616,-2.5138354
1747033136968,246915850,-0.0753844,-0.23701622,-1.9209065
1747033136984,246932517,0.46276268,0.16609113,-1.3896561
1747033137001,246949184,0.21565773,0.8644786,-1.1679277
1747033137018,246965851,-0.81518525,0.6373043,-0.96066666
1747033137034,246982518,-1.2116394,-0.52527803,-0.6210909
1747033137051,246999185,-0.8152428,-1.7123038,-0.05019951
1747033137068,247015852,0.01175639,-1.7281392,0.3831911
1747033137084,247032519,0.94652236,-0.6301265,0.9343777
1747033137101,247049186,1.8293574,0.65660346,1.27421
1747033137118,247065853,1.5442919,0.92199486,0.82486343
1747033137134,247082520,0.78304744,0.3146731,0.26599693
1747033137151,247099187,0.5845653,-0.5222835,0.3477373
1747033137168,247115854,1.185342,-0.77563107,0.811141
1747033137184,247132521,1.2698901,0.10796352,1.0924988
1747033137201,247149188,1.0825868,0.21300259,0.76687336
1747033137218,247165855,0.4785333,0.43334252,0.52931595
1747033137234,247182522,0.6169813,-0.053075835,-0.03690529
1747033137251,247199189,0.8588828,-0.6844278,-0.5148897
1747033137268,247215856,0.76570624,-0.84258765,-0.62408924
1747033137284,247232523,0.6884586,-0.8103443,-0.5455818
1747033137301,247249190,0.63306755,-0.8384448,-0.3219099
1747033137318,247265857,0.4777361,-0.74690163,-0.14400196
1747033137334,247282524,0.37095,-0.88330793,-0.045701027
1747033137351,247299191,0.5702102,-1.0128149,-0.095853806
1747033137368,247315858,0.8422068,-0.9139252,0.10983276
1747033137384,247332525,1.1157956,-0.42290565,0.32042503
1747033137401,247349192,1.2015764,0.16786577,0.14808655
1747033137418,247365859,1.0693158,0.7010115,-0.20666885
1747033137434,247382526,1.0540867,0.76893574,-0.3717413
1747033137451,247399193,1.1604167,0.41641697,-0.3959856
1747033137468,247415860,1.2362648,0.095683575,-0.4105444
1747033137484,247432527,1.2777094,-0.13806121,-0.2323513
1747033137501,247449194,1.1346709,-0.27926093,0.20378876
1747033137518,247465861,0.9342417,-0.39589503,0.77960014
1747033137534,247482528,0.5722865,-0.48608017,1.1045179
1747033137551,247499195,0.27586758,-0.65059495,1.3621912
1747033137568,247515862,0.15836991,-0.67871296,1.5529165
1747033137584,247532529,0.1925029,-0.5203172,1.6556215
1747033137601,247549196,0.24210186,-0.22981256,1.6897745
1747033137618,247565863,0.49947223,-0.061813373,1.9388514
1747033137634,247582530,0.6430733,0.13480088,2.1698513
1747033137651,247599197,0.6352857,0.28344765,2.3517437
1747033137668,247615864,0.51691425,0.35452154,2.2255926
1747033137684,247632531,0.5058293,0.26530552,1.8436537
1747033137701,247649198,0.30819783,0.16981448,1.8498831
1747033137718,247665865,-0.07265349,0.027807051,2.2906456
1747033137734,247682532,-0.34165552,-0.11191361,2.6479874
1747033137751,247699199,-0.6331559,-0.22914188,3.0867128
1747033137768,247715866,-0.9619119,-0.26178852,3.160717
1747033137784,247732533,-0.9607215,-0.16431725,2.624095
1747033137801,247749200,-0.7184307,-0.10924464,1.8982372
1747033137818,247765867,-0.37572375,-0.26935503,1.3817644
1747033137834,247782534,0.07721255,-0.41872203,1.2689066
1747033137851,247799201,0.25779513,-0.38562328,1.1495323
1747033137868,247815868,0.19333999,-0.35833982,0.5784931
1747033137884,247832535,0.01645033,-0.28642285,0.027770996
1747033137901,247849202,-0.059491213,-0.40499738,-0.48428535
1747033137918,247865869,-0.008224439,-0.30989546,-0.91106796
1747033137934,247882536,0.060788315,-0.3879596,-1.1222439
1747033137951,247899203,0.23355299,-0.24671784,-1.0602303
1747033137968,247915870,0.38050622,-0.2582548,-1.0086536
