timestamp_ms,timestamp_μs,freeAcceleration_m/s²_x,freeAcceleration_m/s²_y,freeAcceleration_m/s²_z
1747033013617,123566622,0.092350274,0.3112706,-0.020087242
1747033013634,123583289,0.30891144,0.2408138,-0.048131943
1747033013650,123599956,0.47820613,0.17610379,0.5214577
1747033013667,123616623,0.23082379,0.10721626,0.9449091
1747033013684,123633290,-0.022895802,-0.29247653,1.1177807
1747033013700,123649957,-0.027988404,-0.8768742,0.9673147
1747033013717,123666624,0.070978664,-1.1878324,0.57309055
1747033013734,123683291,0.24153687,-1.2393956,0.1463728
1747033013750,123699958,0.4755476,-1.2454597,-0.120256424
1747033013767,123716625,0.47678164,-1.1922894,-0.25547314
1747033013784,123733292,0.24667728,-1.0949252,-0.47382927
1747033013800,123749959,-0.010935148,-0.8501673,-0.82027626
1747033013817,123766626,-0.26761296,-0.62043905,-0.98668003
1747033013834,123783293,-0.36808506,-0.37850657,-0.87688446
1747033013850,123799960,-0.31798533,-0.057666343,-0.5957184
1747033013867,123816627,-0.2822982,0.3787542,-0.18854141
1747033013884,123833294,-0.34876856,0.6380995,0.33436394
1747033013900,123849961,-0.57511324,0.8494596,0.4712639
1747033013917,123866628,-0.80274665,0.8093511,0.25760174
1747033013934,123883295,-0.8967485,0.6716767,0.018210411
1747033013950,123899962,-0.6442678,0.4343078,-0.1325264
1747033013967,123916629,-0.10207141,0.15963915,0.025606155
1747033013984,123933296,0.14057136,0.016194295,0.47433758
1747033014000,123949963,0.032954164,-0.0797559,0.58660126
1747033014017,123966630,-0.16259322,-0.018159086,0.50554466
1747033014034,123983297,-0.061736736,0.06263738,0.321393
1747033014050,123999964,0.12147197,0.1888105,0.08989525
1747033014067,124016631,0.5287966,0.21063067,-0.089071274
1747033014084,124033298,0.9089911,0.04590688,-0.09938431
1747033014100,124049965,0.9901819,-0.2186814,-0.21610928
1747033014117,124066632,0.93900126,-0.3829211,-0.4335518
1747033014134,124083299,0.9100066,-0.39763424,-0.49036598
1747033014150,124099966,0.89775026,-0.29814205,-0.40914154
1747033014167,124116633,0.63802505,0.017151937,-0.42655945
1747033014184,124133300,0.4163488,0.38430405,-0.55727863
1747033014200,124149967,0.053148586,0.57079834,-0.44164562
1747033014217,124166634,-0.43962294,0.6654403,-0.23141193
1747033014234,124183301,-0.6647748,0.71129215,0.13454247
1747033014250,124199968,-0.47553208,0.7736555,0.58697796
1747033014267,124216635,0.06167006,0.8231233,0.9069958
1747033014284,124233302,0.3948124,0.8560162,1.8161755
1747033014300,124249969,0.6559193,0.7366318,3.519868
1747033014317,124266636,1.1151863,0.54566586,5.834504
1747033014334,124283303,1.4772365,0.115441315,7.1060123
1747033014350,124299970,1.5045145,0.17961557,7.063778
1747033014367,124316637,1.0550748,-0.25965577,5.820449
1747033014384,124333304,0.27120277,-0.3553563,4.198127
1747033014400,124349971,-0.31376794,0.17279862,2.848772
1747033014417,124366638,-0.47796965,0.74162024,1.8684006
1747033014434,124383305,-0.29056543,0.82903236,1.5940619
1747033014450,124399972,-0.11283825,0.6630723,1.5767632
1747033014467,124416639,-0.12153103,0.46874315,1.7438765
1747033014484,124433306,-0.22899397,0.53315544,1.555686
1747033014500,124449973,-0.1945016,0.6558024,1.4240475
1747033014517,124466640,-0.21566944,0.7904479,1.1579475
1747033014534,124483307,-0.1406987,0.7494931,0.90660095
1747033014550,124499974,-0.12886788,0.54893166,0.6058092
1747033014567,124516641,-0.111432604,0.29628605,0.44342327
1747033014584,124533308,-0.019729685,0.028315935,0.21891594
1747033014600,124549975,0.12252751,-0.21111974,0.14100361
1747033014617,124566642,0.50786537,-0.26116818,0.1861105
1747033014634,124583309,0.86898774,-0.32874802,0.18143368
1747033014650,124599976,0.9581645,-0.31119567,0.034531593
1747033014667,124616643,1.1033914,-0.41422862,-0.35483646
1747033014684,124633310,1.0625242,-0.22720313,-0.67372227
1747033014700,124649977,0.74840534,-0.30171013,-1.4046783
1747033014717,124666644,0.8823677,-0.40266073,-2.2505274
1747033014734,124683311,1.0032614,-0.40456954,-2.2925978
1747033014750,124699978,1.1606638,-0.31524503,-2.283297
1747033014767,124716645,0.95570284,-0.28620175,-2.445724
1747033014784,124733312,0.26994866,-0.12397202,-2.696509
1747033014800,124749979,-0.14502949,-0.17529549,-3.220665
1747033014817,124766646,-0.008176893,-0.4749093,-3.6464248
1747033014834,124783313,-0.19549362,-0.52869093,-3.370338
1747033014850,124799980,-0.9251628,-0.43677098,-3.237946
1747033014867,124816647,-1.0781114,0.18813993,-3.3576813
1747033014884,124833314,-1.6223965,0.833896,-3.4302082
1747033014900,124849981,-1.6884259,1.2425052,-3.359283
1747033014917,124866648,-1.7187289,2.7888298,-2.0253425
1747033014934,124883315,0.03132534,2.5276053,-1.2468557
1747033014950,124899982,0.83649397,2.4447432,-0.16752434
1747033014967,124916649,0.5783038,1.6996441,0.5333872
1747033014984,124933316,-0.16753912,0.31161183,0.6517172
1747033015000,124949983,-0.35247758,-0.41001275,0.4945202
1747033015017,124966650,-0.1270282,-0.6766404,1.1217728
1747033015034,124983317,-0.039683606,-1.6447852,1.2692986
1747033015050,124999984,0.19864099,-1.3999046,1.4956932
1747033015067,125016651,-0.049115743,-0.022179972,1.6401768
1747033015084,125033318,-0.32266256,1.6860667,1.1284304
1747033015100,125049985,-0.43340212,2.4850087,0.8690939
1747033015117,125066652,-0.18476224,2.3018646,0.52505016
1747033015134,125083319,0.07523669,1.0098543,0.12208176
1747033015150,125099986,0.055284224,-1.04515,-0.37120914
1747033015167,125116653,-0.18086159,-2.8422086,-0.89415836
1747033015184,125133320,-0.8187577,-3.7922888,-1.1385202
1747033015200,125149987,-1.6819758,-2.8642082,-0.8264637
1747033015217,125166654,-1.7804754,-0.9592405,-0.6764412
1747033015234,125183321,-0.8083487,0.5009683,-0.2675562
1747033015250,125199988,-0.3772957,0.89929867,0.051074028
1747033015267,125216655,-0.6677748,0.81732976,0.39420128
1747033015284,125233322,-1.867155,0.39175156,0.07494545
1747033015300,125249989,-2.7184618,0.025625201,0.059706688
1747033015317,125266656,-2.0609767,-0.35299373,0.577405
1747033015334,125283323,-0.7493697,-0.5012762,0.8057051
1747033015350,125299990,-0.078815535,-0.24745253,0.24847698
1747033015367,125316657,-0.88300216,0.8872236,-0.39558887
1747033015384,125333324,-1.9869832,1.8306912,-0.7751608
1747033015400,125349991,-1.9618678,1.9852225,-0.70769787
1747033015417,125366658,-1.0982746,1.7330151,-0.12352371
1747033015434,125383325,-0.6275303,1.5374857,0.16872692
1747033015450,125399992,-0.7056797,1.288181,0.04920578
1747033015467,125416659,-1.1295626,0.8549641,-0.29328823
1747033015484,125433326,-1.6963944,0.50255,-0.6660814
1747033015500,125449993,-1.9826708,0.111285426,-1.095828
1747033015517,125466660,-1.8521339,-0.15437023,-1.5074034
1747033015534,125483327,-1.746746,-0.3275893,-1.5709534
1747033015550,125499994,-0.9225628,-0.62322795,-1.2863569
1747033015567,125516661,0.21691383,-1.0588999,-1.1479292
1747033015584,125533328,0.02029682,-0.61160594,-1.1281624
1747033015600,125549995,-0.84356904,-0.31275252,-1.5899229
1747033015617,125566662,-1.5682738,0.20305604,-1.4244719
1747033015634,125583329,-0.7038255,0.37840062,-1.0619898
1747033015650,125599996,0.8199423,0.05073677,-0.67641544
1747033015667,125616663,1.3717458,-0.19657767,-0.5945635
1747033015684,125633330,0.6318709,0.12837087,-1.341815
1747033015700,125649997,0.35347864,0.68536985,-1.2822094
1747033015717,125666664,0.53020656,0.6125937,-1.316988
1747033015734,125683331,1.2238302,0.28113577,0.14204407
1747033015750,125699998,1.649847,-0.11975942,-0.2803831
1747033015767,125716665,1.361269,-0.29632124,-0.7575283
1747033015784,125733332,1.2735298,0.22144954,-0.7621517
1747033015800,125749999,1.7713478,0.35382888,-0.01490593
1747033015817,125766666,2.6065128,0.8729264,0.13114834
1747033015834,125783333,2.412007,0.4234976,-0.23680496
1747033015850,125800000,2.0996597,-0.100980334,-0.23658085
1747033015867,125816667,1.8371732,-0.765905,-0.11661911
1747033015884,125833334,0.82197297,-0.92924005,-0.15882397
1747033015900,125850001,0.5691332,-0.5980742,-0.43312263
1747033015917,125866668,0.9065148,-0.36791545,-0.019451141
1747033015934,125883335,1.4731735,-0.22081524,0.2352562
1747033015950,125900002,1.862311,-0.088341035,0.6101885
1747033015967,125916669,1.2663912,-0.04546005,1.2319841
1747033015984,125933336,0.42567533,-0.3295957,1.4562416
1747033016000,125950003,0.224088,-0.3886414,1.6129208
1747033016017,125966670,0.24371995,-0.28878218,1.4499655
1747033016034,125983337,0.7011319,-0.18829419,1.3932095
1747033016050,126000004,0.36690322,0.06068701,1.1605291
1747033016067,126016671,0.40252346,0.4791645,1.0726404
1747033016084,126033338,0.6600602,0.7541078,1.2687197
1747033016100,126050005,0.6189689,0.7451808,1.6621304
1747033016117,126066672,0.321726,0.69438124,1.9931479
1747033016134,126083339,0.13598385,0.4157763,1.9306803
1747033016150,126100006,0.2766454,0.16224931,1.72542
1747033016167,126116673,0.5839985,-0.03944451,1.9224529
1747033016184,126133340,0.8161909,-0.21182853,2.2785044
1747033016200,126150007,0.7029454,-0.42704898,2.6637344
1747033016217,126166674,0.30794173,-0.33572957,2.578992
1747033016234,126183341,-0.07955956,-0.20822872,1.9651947
1747033016250,126200008,-0.07102421,-0.17756149,1.4639502
1747033016267,126216675,0.23100832,-0.08009362,1.1910601
1747033016284,126233342,0.46437383,0.005894791,1.1765938
1747033016300,126250009,0.7888464,0.05662606,1.2086143
1747033016317,126266676,0.60305977,0.15963714,1.3229074
1747033016334,126283343,0.066578574,0.14026564,1.3719969
1747033016350,126300010,-0.20823567,-0.14673142,1.0301924
1747033016367,126316677,-0.12875251,-0.25089884,0.8552885
1747033016384,126333344,0.09026724,-0.12204313,0.9977236
1747033016400,126350011,0.290925,-0.058121137,0.9621086
1747033016417,126366678,0.19930829,-0.1336178,0.68938446
1747033016434,126383345,0.17070712,-0.19603238,0.49780846
1747033016450,126400012,0.17349087,-0.29421777,0.5052757
1747033016467,126416679,0.30937427,-0.24749349,0.6824827
1747033016484,126433346,0.28146043,-0.38927284,0.73537445
1747033016500,126450013,0.1934726,-0.38637495,0.49120617
1747033016517,126466680,0.14371492,-0.315758,0.2146101
1747033016534,126483347,0.12024975,-0.35854277,-0.0027532578
1747033016550,126500014,0.16151226,-0.35861906,-0.22227478
1747033016567,126516681,0.3009767,-0.1838542,-0.40982246
1747033016584,126533348,0.31113362,-0.028796794,-0.7693367
1747033016600,126550015,0.2291661,0.041065365,-0.98901653
1747033016617,126566682,0.14057443,0.055005196,-1.0241718
1747033016634,126583349,0.1455703,-0.08698934,-0.81632805
1747033016650,126600016,0.05484354,-0.13733692,-0.3972206
1747033016667,126616683,-0.048920393,-0.07481085,0.11593914
1747033016684,126633350,-0.0346758,0.015868414,0.36984348
1747033016700,126650017,0.2213328,0.023393033,0.61557865
1747033016717,126666684,0.5316001,-0.04096361,0.7617645
1747033016734,126683351,0.6577873,-0.19454947,0.7644787
1747033016750,126700018,0.64796233,-0.2233969,0.5991583
1747033016767,126716685,0.6649133,-0.17238079,0.15795898
1747033016784,126733352,0.8550086,-0.22633564,-0.32864666
1747033016800,126750019,1.0634952,-0.26664424,-0.46226978
1747033016817,126766686,1.2740006,-0.019588228,-0.34771538
1747033016834,126783353,1.4602712,0.09126503,-0.03798771
1747033016850,126800020,1.326353,0.24470891,-0.27125168
1747033016867,126816687,0.92834187,-0.02415214,-0.5808754
1747033016884,126833354,0.9440081,0.03868216,-0.7751112
1747033016900,126850021,0.96808046,-0.11380777,-0.63906956
1747033016917,126866688,1.1199191,-0.04630149,-0.3298092
1747033016934,126883355,1.1831895,0.08370013,-0.07442188
1747033016950,126900022,1.0489534,0.15674919,0.15456963
1747033016967,126916689,0.67104197,0.17157301,0.2523451
1747033016984,126933356,0.27594787,0.21282808,0.060046196
1747033017000,126950023,0.025370173,0.18229985,-0.20390606
1747033017017,126966690,0.08307904,0.0911074,-0.22212887
1747033017034,126983357,0.41199222,0.06826483,-0.21400928
1747033017050,127000024,0.7531481,0.16148722,-0.13822174
1747033017067,127016691,0.9394866,0.22235125,-0.030438423
1747033017084,127033358,0.94280064,0.18899652,0.0062799454
1747033017100,127050025,0.8675519,0.20030929,0.035168648
1747033017117,127066692,0.7522498,0.17285933,0.031809807
1747033017134,127083359,0.6349153,0.22782977,0.009000778
1747033017150,127100026,0.652245,0.19767877,0.011049271
1747033017167,127116693,0.6910261,0.16514288,0.015619278
1747033017184,127133360,0.7379581,0.18633795,-0.03578663
1747033017200,127150027,0.7048127,0.18595707,-0.17673111
1747033017217,127166694,0.56445855,0.21124724,-0.22902775
1747033017234,127183361,0.484995,0.24009438,-0.20217705
1747033017250,127200028,0.43859842,0.25178024,-0.116438866
1747033017267,127216695,0.43664646,0.27706504,-0.07182789
1747033017284,127233362,0.35916308,0.21252505,-0.034959793
1747033017300,127250029,0.3800094,0.0578779,-0.04707241
1747033017317,127266696,0.41588223,-0.023742441,0.04805374
1747033017334,127283363,0.43032786,-0.05846451,0.16753483
1747033017350,127300030,0.40825948,-0.10036375,0.25633717
1747033017367,127316697,0.38181868,-0.064105526,0.31967545
1747033017384,127333364,0.4564268,0.031718165,0.22707653
1747033017400,127350031,0.48926327,0.06243365,0.1127758
1747033017417,127366698,0.48933446,0.06766464,0.021309853
1747033017434,127383365,0.5169723,0.10656997,-0.05279255
1747033017450,127400032,0.5517923,0.21678478,-0.07267189
1747033017467,127416699,0.5434775,0.20870455,-0.08647728
1747033017484,127433366,0.5354699,0.27025366,0.047587395
1747033017500,127450033,0.5617478,0.25906214,0.15368748
1747033017517,127466700,0.57667214,0.2683943,0.16668129
1747033017534,127483367,0.4878312,0.35125816,0.16715336
1747033017550,127500034,0.44918945,0.33023784,0.079981804
1747033017567,127516701,0.38163245,0.31201828,-0.07102299
1747033017584,127533368,0.2561248,0.30328456,-0.19797039
1747033017600,127550035,0.1944855,0.20978467,-0.24389744
1747033017617,127566702,0.2633166,0.17756814,-0.24590969
1747033017634,127583369,0.29542178,0.15190779,-0.13426685
1747033017650,127600036,0.45457494,0.1585259,-0.07205391
1747033017667,127616703,0.477386,0.15268466,-0.019904137
1747033017684,127633370,0.6212436,0.077771,-0.0021810532
1747033017700,127650037,0.5531217,0.1127686,-0.019892693
1747033017717,127666704,0.84165597,0.10587412,0.5168543
1747033017734,127683371,0.82212114,0.2173545,1.0754061
1747033017750,127700038,0.7865625,0.3169301,1.4699659
1747033017767,127716705,1.2292957,0.62114483,1.9062996
1747033017784,127733372,1.5727152,0.8854317,2.3630495
1747033017800,127750039,1.3976833,0.83158416,2.7352934
1747033017817,127766706,0.7936722,0.20385532,3.1001844
1747033017834,127783373,0.60632175,-0.24040125,3.7073984
1747033017850,127800040,0.56732273,-0.10131244,3.8600874
1747033017867,127816707,0.4283865,0.20768075,3.2059507
1747033017884,127833374,0.4376738,0.44509065,2.5755262
1747033017900,127850041,0.2531562,0.5271372,2.2892332
1747033017917,127866708,0.06643952,0.41935423,2.1996126
1747033017934,127883375,-0.053452134,0.23627225,2.3802528
1747033017950,127900042,-0.24915078,-0.06878342,2.4192686
1747033017967,127916709,-0.32167363,-0.19154851,2.4251585
1747033017984,127933376,-0.23703082,-0.18204744,2.2437515
1747033018000,127950043,0.021572668,-0.08944161,2.079955
1747033018017,127966710,0.48899516,0.09774806,1.8803082
1747033018034,127983377,0.7493246,0.25994822,1.4862823
1747033018050,128000044,0.9121171,0.35473356,1.0244284
1747033018067,128016711,0.9277217,0.28319964,0.5584221
1747033018084,128033378,0.9998613,0.18947636,0.04387474
1747033018100,128050045,1.0870523,0.2812188,-0.22261429
1747033018117,128066712,1.2060653,0.28911853,-0.17915916
1747033018134,128083379,1.4014012,0.20348382,-0.11081219
1747033018150,128100046,1.3822612,0.1470872,-0.0067329407
1747033018167,128116713,1.5252855,0.22259407,-0.19383812
1747033018184,128133380,1.542138,0.14488783,-0.23025894
1747033018200,128150047,1.4349166,-0.014940109,-0.45120144
1747033018217,128166714,1.4835513,-0.17799634,-0.41756058
1747033018234,128183381,1.0373042,-0.033467427,-0.3668995
1747033018250,128200048,0.8856222,-0.23699486,-0.7745142
1747033018267,128216715,0.60474586,-0.20718186,-1.0449648
1747033018284,128233382,0.80966425,-0.15465495,-1.0191393
1747033018300,128250049,1.2070651,0.0133446455,-0.073698044
1747033018317,128266716,0.94593173,0.046733096,-0.9146185
1747033018334,128283383,0.025949491,-0.022346392,-1.794405
1747033018350,128300050,-0.3264953,-0.22117074,-2.6216278
1747033018367,128316717,-0.9979048,0.20674826,-2.7072716
1747033018384,128333384,-0.86945546,0.3527419,-3.094551
1747033018400,128350051,-0.5757467,0.49825144,-2.7858024
1747033018417,128366718,-1.6670524,0.8585343,-1.4298382
1747033018434,128383385,0.2085466,-0.37400082,-2.1438527
1747033018450,128400052,-0.97141606,-0.8069836,-1.6353226
1747033018467,128416719,-1.1184101,0.1321189,-1.3667841
1747033018484,128433386,-1.3567593,0.17012689,-1.398221
1747033018500,128450053,-1.4837085,0.11639426,-1.1637306
1747033018517,128466720,-1.0933157,0.24779668,-0.79174995
1747033018534,128483387,-0.83231753,0.33603948,0.29134083
1747033018550,128500054,-0.6161003,0.029134383,0.9680748
1747033018567,128516721,-0.61397475,-0.21303861,0.95682716
1747033018584,128533388,-0.6242435,0.09830717,0.20874977
1747033018600,128550055,-1.2485213,0.5023201,-0.4327898
1747033018617,128566722,-1.5367725,0.5338778,-0.84394836
1747033018634,128583389,-0.96655875,0.30342296,-0.9934597
1747033018650,128600056,-0.7696649,-0.08975353,-0.3517561
1747033018667,128616723,-0.58218646,-0.34421203,-0.16306496
1747033018684,128633390,-0.7470503,0.09148122,-0.4468422
1747033018700,128650057,-0.7311191,0.67078954,-0.5263767
1747033018717,128666724,-0.44648662,0.8106927,-0.1664257
1747033018734,128683391,-0.46012527,0.6597564,0.51818085
1747033018750,128700058,-0.2630796,0.6863256,1.0825386
1747033018767,128716725,-0.35624516,0.5700869,0.95992565
1747033018784,128733392,-1.1278893,0.36599296,0.5990648
1747033018800,128750059,-1.2855617,0.53462297,-0.11519432
1747033018817,128766726,-1.2129725,-0.02188907,-0.72458744
1747033018834,128783393,-1.0681467,0.18515858,-0.65599346
1747033018850,128800060,0.18046895,-0.98303324,-0.25399303
1747033018867,128816727,0.0016184014,-1.285605,1.0804071
1747033018884,128833394,1.0306484,-2.522218,3.2432241
1747033018900,128850061,3.60075,-1.4181253,5.0310984
1747033018917,128866728,3.2035997,3.5117078,1.4918394
1747033018934,128883395,-2.6362996,6.3322706,-7.811758
1747033018950,128900062,-13.08894,0.14863746,-8.092044
1747033018967,128916729,-7.886575,-1.3611728,-6.7489405
1747033018984,128933396,-7.740251,-1.2543161,-4.809559
1747033019000,128950063,-10.484265,-5.1276093,-4.962746
1747033019017,128966730,5.4915624,2.06225,0.77689743
1747033019034,128983397,13.525627,5.5750914,14.218803
1747033019050,129000064,8.110838,-1.6448547,3.4297829
1747033019067,129016731,1.4725784,-0.74051857,0.5288029
1747033019084,129033398,-3.8474233,-1.0289419,-3.57168
1747033019100,129050065,-6.2291746,1.838658,-3.6960964
1747033019117,129066732,-4.2143393,1.7213985,-3.6177459
1747033019134,129083399,-0.6379502,1.0878315,-1.8181067
1747033019150,129100066,2.4520557,-0.41135213,-0.46703053
1747033019167,129116733,2.7962563,-0.9478829,-0.21377468
1747033019184,129133400,0.823101,-0.85288656,-0.95073605
1747033019200,129150067,-0.8292587,-0.6743996,-1.4689398
1747033019217,129166734,-1.3328582,-0.8011892,-1.4560947
1747033019234,129183401,-0.45742652,-0.769573,-0.7391195
1747033019250,129200068,1.1699629,-0.5281828,0.15079021
1747033019267,129216735,2.045797,-0.3616034,0.3421154
1747033019284,129233402,1.8522178,-0.16522676,0.79402065
1747033019300,129250069,1.4342583,0.41782776,1.2396126
1747033019317,129266736,1.2434037,0.87062144,1.4579802
1747033019334,129283403,1.2440213,0.75193,0.653368
1747033019350,129300070,0.29510483,0.52005136,-0.64808464
1747033019367,129316737,-0.18860392,0.6691536,-0.78824806
1747033019384,129333404,0.89408123,0.5663178,0.18372726
1747033019400,129350071,1.7717957,0.26057407,0.50478745
1747033019417,129366738,1.5644629,0.2477264,-0.019467354
1747033019434,129383405,1.3549092,-0.29210496,-0.46571732
1747033019450,129400072,1.1837549,-0.13713467,-0.04963398
1747033019467,129416739,1.0461451,-0.13902031,0.3622074
1747033019484,129433406,0.8915373,-0.2130063,0.34423923
1747033019500,129450073,0.88930875,-0.14196421,0.21356678
1747033019517,129466740,0.7398272,-0.53993285,0.21812439
1747033019534,129483407,0.5829878,-0.87055385,0.14428043
1747033019550,129500074,0.93763906,-0.53306675,0.47278118
1747033019567,129516741,1.1371113,0.036411326,0.7905245
1747033019584,129533408,0.81716317,0.38438824,0.9469919
1747033019600,129550075,0.337008,0.5788633,1.2736034
1747033019617,129566742,0.22589499,0.6681467,1.5478535
1747033019634,129583409,0.2599578,0.46477112,2.0537786
1747033019650,129600076,0.53869146,0.3545566,2.70049
1747033019667,129616743,0.5576288,0.31423518,3.125575
1747033019684,129633410,0.29031304,0.18946235,3.3335056
1747033019700,129650077,0.01907346,0.07644084,3.0436716
1747033019717,129666744,0.2290011,-0.02042921,2.3857622
1747033019734,129683411,0.7029858,0.22963698,2.4458466
1747033019750,129700078,1.0900884,0.105002195,2.6111135
1747033019767,129716745,1.1356874,-0.07839035,2.643794
1747033019784,129733412,0.95717835,-0.042304184,2.4589434
1747033019800,129750079,0.34731492,0.14853506,2.0465498
1747033019817,129766746,-0.014353443,-0.0051924293,1.7504597
1747033019834,129783413,-0.11902202,-0.25716254,1.222023
1747033019850,129800080,0.058430728,-0.19397166,0.91092587
1747033019867,129816747,0.05227535,-0.08832855,0.5266485
1747033019884,129833414,-0.02384207,-0.22445416,-0.20278072
1747033019900,129850081,-0.17167728,-0.38477534,-0.5289297
1747033019917,129866748,-0.1266927,-0.39543635,-0.5070114
1747033019934,129883415,-0.02041816,-0.3474998,-0.42174244
1747033019950,129900082,-0.07604732,-0.2644516,-0.28006363
1747033019967,129916749,0.049006276,-0.18255982,-0.46837044
1747033019984,129933416,0.240826,-0.015163119,-0.5677614
1747033020000,129950083,0.45210916,-0.013854227,-0.37921047
1747033020017,129966750,0.6352522,-0.16101198,-0.011600494
1747033020034,129983417,0.85882694,-0.29187813,0.30973816
1747033020050,130000084,0.9849656,-0.27336842,0.3958435
1747033020067,130016751,1.0418389,-0.20567997,0.41148186
1747033020084,130033418,1.0191991,-0.20070525,0.39630985
1747033020100,130050085,0.9213591,-0.15772627,0.32493496
1747033020117,130066752,0.7264952,-0.04919671,0.31390667
1747033020134,130083419,0.49494782,0.039319728,0.30791283
1747033020150,130100086,0.34015352,0.027229242,0.23890495
1747033020167,130116753,0.3646326,0.03179673,0.25862408
1747033020184,130133420,0.53714126,0.07602698,0.23589611
1747033020200,130150087,0.63392967,0.110844545,0.09095669
1747033020217,130166754,0.6886135,0.10976626,-0.022623062
1747033020234,130183421,0.40337825,0.00014897139,-0.13944912
1747033020250,130200088,-0.16636823,-0.00524814,-0.11470318
1747033020267,130216755,-0.30295998,-0.042071342,0.12337494
1747033020284,130233422,-0.1529707,-0.14425576,0.24944592
1747033020300,130250089,0.107929096,-0.32370263,0.37256145
1747033020317,130266756,0.43415883,-0.3230472,0.38897324
1747033020334,130283423,0.7223465,-0.1883076,0.26332092
1747033020350,130300090,0.6985333,-0.03448939,0.122582436
1747033020367,130316757,0.5345876,0.1418254,-0.034410477
1747033020384,130333424,0.38293916,0.15847677,-0.08186531
1747033020400,130350091,0.02770348,0.102582335,-0.015927315
1747033020417,130366758,-0.25223494,0.1242641,0.03147602
1747033020434,130383425,-0.13108963,0.14883885,0.06859684
1747033020450,130400092,0.075588055,0.20587839,0.22771549
1747033020467,130416759,0.22615471,0.20628446,0.357625
1747033020484,130433426,0.3606823,0.15278406,0.29479027
1747033020500,130450093,0.4471987,0.043002497,0.09668255
1747033020517,130466760,0.41178814,-0.082719184,-0.10156155
1747033020534,130483427,0.3180371,-0.09327944,-0.23505974
1747033020550,130500094,0.38872975,-0.029647037,-0.2686243
1747033020567,130516761,0.47421044,0.040537987,-0.18280506
1747033020584,130533428,0.42388618,0.06762474,-0.13460064
1747033020600,130550095,0.5594029,0.115044855,-0.09178066
1747033020617,130566762,0.6145532,0.110847004,-0.043032646
1747033020634,130583429,0.6140337,0.16229326,0.037350655
1747033020650,130600096,0.7053737,0.14909163,0.10512829
1747033020667,130616763,0.7113061,0.14679582,0.15402031
1747033020684,130633430,0.5957611,0.12647542,0.11227131
1747033020700,130650097,0.437404,0.13786441,-0.0051002502
1747033020717,130666764,0.40718272,0.17291185,-0.06483269
1747033020734,130683431,0.44402057,0.19889703,-0.053445816
1747033020750,130700098,0.5035627,0.17648019,0.070342064
1747033020767,130716765,0.6205529,0.19308983,0.21299362
1747033020784,130733432,0.5761656,0.282669,0.26399994
1747033020800,130750099,0.5091178,0.3487499,0.29337883
1747033020817,130766766,0.43771163,0.4074866,0.23916054
1747033020834,130783433,0.34913874,0.29063463,0.19457531
1747033020850,130800100,0.43079233,0.43949816,-0.047086716
1747033020867,130816767,0.36839122,0.2978494,-0.22217655
1747033020884,130833434,0.41567627,0.1230759,-0.42109776
1747033020900,130850101,0.39791912,0.035448708,-0.45409107
1747033020917,130866768,0.3786568,0.004160694,-0.19976997
1747033020934,130883435,0.45282015,0.017574433,0.16705513
1747033020950,130900102,0.4949938,0.041818157,0.39145184
1747033020967,130916769,0.5462109,0.023717351,0.23914242
1747033020984,130933436,0.52362543,0.024184829,0.030917168
1747033021000,130950103,0.5372481,0.048237223,-0.053099632
1747033021017,130966770,0.5294681,0.101447895,0.015070915
1747033021034,130983437,0.5199099,0.18425865,0.014720917
1747033021050,131000104,0.47825152,0.18576905,-0.082429886
1747033021067,131016771,0.47191307,0.18566272,-0.09794426
1747033021084,131033438,0.34288642,0.25322375,-0.093167305
1747033021100,131050105,0.30485687,0.3126877,0.049905777
1747033021117,131066772,0.31197307,0.310556,0.251729
1747033021134,131083439,0.31873137,0.33118552,0.40104103
1747033021150,131100106,0.36112016,0.32883132,0.31580257
1747033021167,131116773,0.3778417,0.29977882,0.21109772
1747033021184,131133440,0.3501996,0.25987315,0.01117897
1747033021200,131150107,0.37779742,0.25701386,-0.08720684
1747033021217,131166774,0.39552578,0.24972923,-0.148036
1747033021234,131183441,0.39534205,0.24132565,-0.15062523
1747033021250,131200108,0.34986383,0.2073727,-0.10454273
1747033021267,131216775,0.29666707,0.22313802,-0.05867195
1747033021284,131233442,0.27160278,0.12555304,-0.059848785
1747033021300,131250109,0.36521965,0.0717039,0.13634682
1747033021317,131266776,0.5743709,0.026882239,0.18676472
1747033021334,131283443,0.83611465,0.06377596,0.14658737
1747033021350,131300110,0.8102757,0.1614376,0.14926529
1747033021367,131316777,0.73333126,0.2708472,0.46092892
1747033021384,131333444,0.81869346,0.2972419,0.790493
1747033021400,131350111,0.77032346,0.32767603,0.87822914
1747033021417,131366778,0.8814062,0.39878348,0.9424982
1747033021434,131383445,1.1595526,0.58980656,1.5880041
1747033021450,131400112,1.2935042,0.83003366,2.3683043
1747033021467,131416779,0.8133591,0.6930446,2.481454
1747033021484,131433446,0.45548686,0.052162167,2.5792274
1747033021500,131450113,0.5742752,-0.42430314,2.9885502
1747033021517,131466780,0.7407223,-0.07250336,3.2269526
1747033021534,131483447,0.4707558,0.2565447,2.99475
1747033021550,131500114,0.43491334,0.3665293,2.7807713
1747033021567,131516781,0.3221634,0.17874055,2.8243628
1747033021584,131533448,0.16395767,0.111905076,2.670476
1747033021600,131550115,-0.09470037,0.12676845,2.4445477
1747033021617,131566782,-0.1561558,0.16412003,2.4050255
1747033021634,131583449,0.120528944,0.13156915,2.5799456
1747033021650,131600116,0.40705335,0.21514075,2.594366
1747033021667,131616783,0.38600785,0.31279793,2.1020594
1747033021684,131633450,0.23107216,0.420508,1.4985638
1747033021700,131650117,0.32136822,0.42217088,1.1311426
1747033021717,131666784,0.70673525,0.41092318,1.0511675
1747033021734,131683451,0.7868363,0.33542696,0.96618557
1747033021750,131700118,0.80419916,0.23668773,0.77118874
1747033021767,131716785,0.8591212,0.19205418,0.7089176
1747033021784,131733452,1.0246928,0.30502847,0.56249905
1747033021800,131750119,1.2982992,0.34022278,0.4310112
1747033021817,131766786,1.5221082,0.36142588,0.3778
1747033021834,131783453,1.7084436,0.34376168,0.6275854
1747033021850,131800120,1.8468113,-0.11108313,0.22102547
1747033021867,131816787,1.3845959,0.060532954,-0.23740387
1747033021884,131833454,1.3139969,0.24567325,-0.26532173
1747033021900,131850121,1.3484577,0.22562191,-0.39700985
1747033021917,131866788,1.5430924,0.36446953,-0.44879913
1747033021934,131883455,1.6381521,0.47965634,-0.6911354
1747033021951,131900122,1.1390023,0.44502297,-0.8936701
1747033021967,131916789,0.7496373,0.47578198,-1.3183517
1747033021984,131933456,0.5467872,0.19124587,-1.6350937
1747033022001,131950123,0.114529856,-0.031837407,-1.5423841
1747033022017,131966790,0.2233034,-0.56129324,-2.4012322
1747033022034,131983457,-0.0087678265,-0.9883812,-2.3738308
1747033022051,132000124,0.43436667,-0.7428877,-2.582581
1747033022067,132016791,-0.1410952,-0.8023654,-2.0392003
1747033022084,132033458,-0.46796918,-0.65129125,-2.3255486
1747033022101,132050125,-0.76200634,-0.6728274,-2.7406354
1747033022117,132066792,-1.2865484,-0.5870948,-2.5923772
1747033022134,132083459,-1.1029937,-0.5462004,-2.5218983
1747033022151,132100126,-0.70123774,-0.39816105,-1.9947643
1747033022167,132116793,-0.46469164,-0.10888283,-1.00774
1747033022184,132133460,-0.110866815,0.19932067,-0.2615986
1747033022201,132150127,-0.2719452,0.28649724,0.35473633
1747033022217,132166794,-0.56315804,0.17932394,0.53852177
1747033022234,132183461,-0.62945384,0.34536612,0.5934353
1747033022251,132200128,-0.52110213,0.5201464,0.77153873
1747033022267,132216795,-0.49010363,0.46341294,0.8694525
1747033022284,132233462,-0.47598186,0.23801754,0.62230873
1747033022301,132250129,-0.6696841,0.12174874,0.26535892
1747033022317,132266796,-0.9986452,0.12047315,-0.30802155
1747033022334,132283463,-1.089395,-0.05816198,-0.9448309
1747033022351,132300130,-1.1341208,-0.18372475,-1.4235039
1747033022367,132316797,-1.0808858,0.018358069,-1.5506525
1747033022384,132333464,-0.9409844,-0.0010313446,-1.0852585
1747033022401,132350131,-0.8635844,0.040790834,-0.3815546
1747033022417,132366798,-0.6582389,0.06578098,0.3461733
1747033022434,132383465,-0.40529072,0.05259651,0.89251137
1747033022451,132400132,-0.27625784,-0.018367345,1.0224066
1747033022467,132416799,-0.42941403,0.19824353,0.79898834
1747033022484,132433466,-0.68362856,0.36854318,0.5619631
1747033022501,132450133,-0.7611365,0.48748568,0.21579361
1747033022517,132466800,-0.56665844,0.48106202,-0.07213116
1747033022534,132483467,-0.4442719,0.4641855,-0.35480976
1747033022551,132500134,-0.6537591,0.3433749,-0.6311121
1747033022567,132516801,-0.76178473,0.31207025,-0.6468096
1747033022584,132533468,-0.6792399,0.4264758,-0.2114296
1747033022601,132550135,-0.38909465,0.48978326,0.31827736
1747033022617,132566802,-0.24449618,0.50488776,0.61102486
1747033022634,132583469,-0.52972126,0.44201538,0.4282503
1747033022651,132600136,-1.0202454,0.27486566,0.053082466
1747033022667,132616803,-1.34141,0.080833234,-0.31638622
1747033022684,132633470,-1.2772362,-0.12302276,-0.6128664
1747033022701,132650137,-1.2599607,-0.35993123,-0.6583338
1747033022717,132666804,-1.0622983,-0.611124,-0.8792858
1747033022734,132683471,-0.8647418,-0.6527693,-1.0880527
1747033022751,132700138,-0.94870967,-0.68280303,-1.1469717
1747033022767,132716805,-1.1697644,-0.8126527,-1.1403131
1747033022784,132733472,-0.8451198,-0.958462,-1.1443357
1747033022801,132750139,0.03747597,-0.99947506,-1.1273928
1747033022817,132766806,0.5147998,-0.7162347,-0.6789007
1747033022834,132783473,0.6825467,-0.46555164,-0.14739227
1747033022851,132800140,0.57160455,-0.31950065,0.24237347
1747033022867,132816807,0.36399078,-0.37762898,0.2688198
1747033022884,132833474,0.14765595,-0.66244316,0.14683723
1747033022901,132850141,0.50892544,-0.929599,-0.032535553
1747033022917,132866808,1.1122545,-1.1281704,-0.19305134
1747033022934,132883475,1.0595239,-1.0348705,-0.5179491
1747033022951,132900142,0.3405447,-0.90239507,-0.34949303
1747033022967,132916809,0.26596513,-0.80783653,-0.20005608
1747033022984,132933476,0.66609967,-0.82252645,-0.18934059
1747033023001,132950143,0.734552,-1.0072848,-0.6852951
1747033023017,132966810,0.32128713,-0.91995496,-1.0597343
1747033023034,132983477,0.33781952,-0.62205374,-1.2961531
1747033023051,133000144,0.8217749,-0.22793256,-0.97187424
1747033023067,133016811,1.2074604,-0.26258838,-0.75850296
1747033023084,133033478,0.8422999,-0.02768789,-0.898551
1747033023101,133050145,0.20972747,-0.22802848,-0.7804146
1747033023117,133066812,0.14003086,-0.24384984,-0.7116165
1747033023134,133083479,0.24529809,-0.35754445,-0.50766754
1747033023151,133100146,0.79410833,0.26743785,-0.16459274
1747033023167,133116813,0.73986477,0.62493336,-0.59117794
1747033023184,133133480,0.33376497,0.9569828,-0.4130125
1747033023201,133150147,0.3627794,1.0182502,-0.14508152
1747033023217,133166814,0.71471465,0.81971085,0.23129559
1747033023234,133183481,0.90899,0.26103753,0.10982609
1747033023251,133200148,1.3034511,-0.124267116,0.34388065
1747033023267,133216815,1.3021998,-0.45104948,0.73367405
1747033023284,133233482,1.1437563,-0.3577462,0.870286
1747033023301,133250149,0.850589,-0.1878829,0.7946005
1747033023317,133266816,0.5126731,0.15972605,0.37050343
1747033023334,133283483,0.8633012,0.3908429,0.43700027
1747033023351,133300150,1.0919435,0.4323464,0.7427139
1747033023367,133316817,1.4346818,0.56600267,1.0242109
1747033023384,133333484,1.3782321,0.52265066,1.3130865
1747033023401,133350151,0.99691504,0.44630694,1.533845
1747033023417,133366818,0.62841994,0.5685339,1.8744583
1747033023434,133383485,0.23440838,0.7277627,2.1930218
1747033023451,133400152,0.14850664,0.6954391,2.3815584
1747033023467,133416819,0.026729021,0.55019164,2.5297298
1747033023484,133433486,0.13156207,0.27877343,2.663988
1747033023501,133450153,0.10933511,-0.024504423,2.6046228
1747033023517,133466820,-0.052820846,0.058988605,2.2099314
1747033023534,133483487,-0.09683668,0.06632487,2.6311493
1747033023551,133500154,0.52268004,-0.4755784,3.0683079
1747033023567,133516821,0.49536976,-0.42847788,3.2993183
1747033023584,133533488,0.12635607,-0.44275272,2.9161968
1747033023601,133550155,-0.41210577,-0.6702439,1.6358538
1747033023617,133566822,-0.43105498,-0.78109187,1.5168333
1747033023634,133583489,0.31091574,-0.5470191,1.6917934
1747033023651,133600156,0.78896713,-0.37000555,1.5389757
1747033023667,133616823,0.90864694,-0.54623723,1.2352781
1747033023684,133633490,0.5814604,-0.75656205,0.88274
1747033023701,133650157,0.28032526,-0.60624045,0.44531155
1747033023717,133666824,0.04965955,-0.34842843,-0.11382103
1747033023734,133683491,0.053696807,-0.14225708,-0.57842636
1747033023751,133700158,0.05392669,0.02123225,-0.7087116
1747033023767,133716825,0.30308858,-0.013285079,-0.6152687
1747033023784,133733492,0.50669795,-0.12000729,-0.6501608
1747033023801,133750159,0.65137947,-0.2252159,-0.73973656
1747033023817,133766826,0.8532978,-0.2490211,-0.75945663
1747033023834,133783493,1.0007155,-0.22588594,-0.6002178
1747033023851,133800160,1.1657318,-0.086635016,-0.3670683
1747033023867,133816827,1.2183592,-0.002798941,-0.09366989
1747033023884,133833494,0.9339248,0.032759845,0.08647251
1747033023901,133850161,0.42371854,0.018223068,0.2410469
1747033023917,133866828,0.26865152,0.0742424,0.37313366
1747033023934,133883495,0.38091406,0.16520916,0.44338608
1747033023951,133900162,0.69825757,0.2739866,0.54732704
1747033023967,133916829,1.0920156,0.29823455,0.73334694
1747033023984,133933496,1.13319,0.21764529,0.5747585
1747033024001,133950163,1.011522,0.010230859,0.28186798
1747033024017,133966830,0.6053892,-0.16172017,0.058540344
1747033024034,133983497,0.18639684,-0.33393937,0.061086655
1747033024051,134000164,0.039451715,-0.591644,0.25048923
1747033024067,134016831,0.23206714,-0.34526628,0.22151089
1747033024084,134033498,0.5307454,-0.29840556,0.16545677
1747033024101,134050165,0.7624721,-0.13029504,-0.037604332
1747033024117,134066832,0.7293178,0.03167536,-0.61790943
1747033024134,134083499,0.6187981,-0.08375914,-0.90627766
1747033024151,134100166,0.56235766,0.010384188,-0.68858147
1747033024167,134116833,0.7569576,0.1306164,-0.21467686
1747033024184,134133500,0.85598207,0.126008,0.2942257
1747033024201,134150167,0.9300906,0.0930737,0.41963005
1747033024217,134166834,1.0838361,0.06670677,0.2751217
1747033024234,134183501,1.0666881,-0.06017416,0.03495407
1747033024251,134200168,0.9752383,-0.13127397,-0.14840126
1747033024267,134216835,0.88974977,-0.13040808,-0.18768501
1747033024284,134233502,0.7898554,-0.13269757,-0.13073063
1747033024301,134250169,0.6482182,-0.02303614,0.042593956
1747033024317,134266836,0.47121957,0.14420217,0.15640259
1747033024334,134283503,0.31837493,0.31772608,0.083379745
1747033024351,134300170,0.29382998,0.38633224,0.050678253
1747033024367,134316837,0.31816778,0.34751856,-0.009065628
1747033024384,134333504,0.38801727,0.26272768,-0.10164356
1747033024401,134350171,0.49136072,0.12460031,-0.115353584
1747033024417,134366838,0.50732756,7.102124E-05,-0.034438133
1747033024434,134383505,0.5542671,0.002467974,-0.007898331
1747033024451,134400172,0.5539712,0.10284496,-0.09489727
1747033024467,134416839,0.58548224,0.25305662,-0.20509052
1747033024484,134433506,0.647152,0.3572757,-0.3051777
1747033024501,134450173,0.7167199,0.3666961,-0.3125658
1747033024517,134466840,0.71246874,0.3376224,-0.18925095
1747033024534,134483507,0.6801328,0.3112652,-0.07519436
1747033024551,134500174,0.601739,0.2506652,-0.028882027
1747033024567,134516841,0.56198674,0.23766227,-0.06426525
1747033024584,134533508,0.5485737,0.1774248,0.03627968
1747033024601,134550175,0.5209909,0.17436017,0.03715229
1747033024617,134566842,0.5262556,0.11121725,-0.017507553
1747033024634,134583509,0.43555745,0.02827411,-0.0128211975
1747033024651,134600176,0.3816196,-0.08172992,0.032909393
1747033024667,134616843,0.35316566,-0.09642477,0.1999197
1747033024684,134633510,0.3844321,-0.019254692,0.37199497
1747033024701,134650177,0.2659644,0.017655345,0.38148022
1747033024717,134666844,0.39258933,-0.0016907637,0.37592125
1747033024734,134683511,0.5022486,0.045126148,0.46738434
1747033024751,134700178,0.60883176,0.189128,0.45653152
1747033024767,134716845,0.76620674,0.29452348,0.3901825
1747033024784,134733512,0.66817695,0.42932135,0.4018879
1747033024801,134750179,0.6684488,0.45240146,0.31164646
1747033024817,134766846,0.5124952,0.36272582,0.08087349
1747033024834,134783513,0.37493393,0.23085865,-0.097185135
1747033024851,134800180,0.34115654,0.059908234,-0.09231186
1747033024867,134816847,0.28201964,-0.112875104,0.026210785
1747033024884,134833514,0.27038038,-0.20013383,-0.07665253
1747033024901,134850181,0.28827828,-0.36025015,-0.3416376
1747033024917,134866848,0.51485604,-0.35503468,-0.22929859
1747033024934,134883515,0.50763375,-0.3919802,0.26002502
1747033024951,134900182,0.42228505,-0.39574268,0.48821926
1747033024967,134916849,0.32447526,-0.252655,0.3383255
1747033024984,134933516,0.30900928,0.020036455,0.51271725
1747033025001,134950183,0.57113606,0.21731634,0.90867805
1747033025017,134966850,0.8853611,0.3550092,1.0320597
1747033025034,134983517,1.5394931,0.58501816,1.7040997
1747033025051,135000184,1.5381054,0.70532835,2.8776608
1747033025067,135016851,1.1398497,0.5125237,3.709488
1747033025084,135033518,0.7862471,0.25448945,3.8789139
1747033025101,135050185,0.88744926,0.09949688,3.6597357
1747033025117,135066852,0.702321,-0.20450476,2.95146
1747033025134,135083519,0.62036425,-0.1295039,2.1797228
1747033025151,135100186,0.4756625,0.04478752,1.6135025
1747033025167,135116853,0.5145914,0.010853196,1.9242821
1747033025184,135133520,0.33639482,0.03321126,2.5364113
1747033025201,135150187,0.10880714,-0.08681872,2.9992723
1747033025217,135166854,0.13815294,0.011286482,3.1533384
1747033025234,135183521,0.28650635,0.07262844,3.2289467
1747033025251,135200188,0.42207778,0.11061558,2.8207378
1747033025267,135216855,0.6570415,0.15710197,2.3325224
1747033025284,135233522,0.96589726,0.16978356,1.7967358
1747033025301,135250189,1.2574646,0.24817437,1.4693089
1747033025317,135266856,1.2929094,0.13332543,1.0265598
1747033025334,135283523,1.3038763,-0.008175021,0.9215765
1747033025351,135300190,1.2209146,-0.17737572,0.8578329
1747033025367,135316857,1.2984239,-0.113911085,0.8227463
1747033025384,135333524,1.5630926,0.04104869,1.025959
1747033025401,135350191,1.7773134,0.14267492,1.0426311
1747033025417,135366858,1.6268237,0.020974621,0.7942047
1747033025434,135383525,1.7332845,-0.16138901,0.269022
1747033025451,135400192,1.5491612,0.012398508,0.03292942
1747033025467,135416859,1.1089473,0.10894404,-0.8996496
1747033025484,135433526,0.90985405,0.4131214,-1.2167177
1747033025501,135450193,1.4713032,0.4031681,-1.507451
1747033025517,135466860,0.6329823,0.9794836,-1.4206495
1747033025534,135483527,0.3910144,0.7886961,-2.078627
1747033025551,135500194,-0.039375048,-0.014756214,-2.5131478
1747033025567,135516861,0.20407973,-0.7070603,-3.455917
1747033025584,135533528,-0.13115798,-0.99209064,-3.293614
1747033025601,135550195,0.21586809,-0.98170424,-3.5712028
1747033025617,135566862,-0.07541364,-0.7689687,-3.1210427
1747033025634,135583529,-0.19866697,-0.29954267,-2.8650088
1747033025651,135600196,-0.44246098,-0.00601736,-2.4118757
1747033025667,135616863,-0.40841094,-0.12124013,-2.478022
1747033025684,135633530,-0.9922224,-0.23817535,-1.8853183
1747033025701,135650197,-0.8039056,-0.1733571,-1.6229563
1747033025717,135666864,-0.97476256,0.11347199,-0.8736429
1747033025734,135683531,-0.775877,0.20077537,-0.15703297
1747033025751,135700198,-0.5225367,0.16149974,0.5030565
1747033025767,135716865,-0.5783102,0.15292571,0.83712864
1747033025784,135733532,-0.7557027,0.18527621,0.8533735
1747033025801,135750199,-0.7424193,0.06587429,0.64316463
1747033025817,135766866,-0.7544779,-0.16322201,0.42331696
1747033025834,135783533,-0.80111235,-0.57846034,0.077041626
1747033025851,135800200,-0.7707205,-0.701266,-0.5065365
1747033025867,135816867,-0.8549223,-0.417024,-0.9671898
1747033025884,135833534,-0.8924762,-0.2793113,-1.0115938
1747033025901,135850201,-0.785429,-0.26059264,-0.75376797
1747033025917,135866868,-0.48131213,-0.17167018,-0.27042675
1747033025934,135883535,-0.1233043,-0.14959711,0.14377594
1747033025951,135900202,0.059226785,-0.21315129,0.4142847
1747033025967,135916869,-0.022377642,-0.18774304,0.66630745
1747033025984,135933536,-0.20676228,-0.20869164,0.741622
1747033026001,135950203,-0.42233476,-0.21383815,0.5832615
1747033026017,135966870,-0.60493004,-0.13387035,0.29508495
1747033026034,135983537,-0.6823278,-0.0840354,-0.15310192
1747033026051,136000204,-0.60914946,-0.19002563,-0.51058006
1747033026067,136016871,-0.58151567,-0.26525792,-0.613286
1747033026084,136033538,-0.6286842,-0.22932775,-0.43724442
1747033026101,136050205,-0.5742498,-0.19179279,-0.16383934
1747033026117,136066872,-0.4737833,-0.09645517,0.15286064
1747033026134,136083539,-0.49709433,-0.11945063,0.27855778
1747033026151,136100206,-0.57594305,-0.26095557,0.17502403
1747033026167,136116873,-0.61168414,-0.35407826,-0.07172489
1747033026184,136133540,-0.58025384,-0.3299044,-0.18362904
1747033026201,136150207,-0.6372515,-0.4045812,-0.16811562
1747033026217,136166874,-0.72789836,-0.5471882,-0.1830101
1747033026234,136183541,-0.71483,-0.64291507,-0.28936195
1747033026251,136200208,-0.8386398,-0.6483811,-0.5723343
1747033026267,136216875,-1.0274459,-0.65312314,-0.9192295
1747033026284,136233542,-0.96075344,-0.5832052,-1.179059
1747033026301,136250209,-0.7716895,-0.43203136,-1.1652536
1747033026317,136266876,-0.4809006,-0.19709864,-0.7709875
1747033026334,136283543,-0.20561415,-0.09019709,-0.25613594
1747033026351,136300210,-0.101022996,-0.19200836,0.16016483
1747033026367,136316877,0.050749008,-0.3409433,0.06340599
1747033026384,136333544,0.050121047,-0.3691374,-0.43097973
1747033026401,136350211,-0.36878246,-0.3453844,-0.9070196
1747033026417,136366878,-0.74279946,-0.3202791,-1.1307173
1747033026434,136383545,-0.597102,0.014195643,-1.0846844
1747033026451,136400212,-0.10851431,0.39736,-0.91145706
1747033026467,136416879,0.20068803,0.40285328,-0.9376402
1747033026484,136433546,0.26053452,0.07583515,-1.0523367
1747033026501,136450213,0.4233581,-0.450823,-1.1004267
1747033026517,136466880,0.86997336,-0.91266155,-1.0923033
1747033026534,136483547,1.2829187,-0.8034235,-1.1166887
1747033026551,136500214,1.3171802,-0.5010068,-0.9582386
1747033026567,136516881,0.86941075,0.011580206,-0.6753502
1747033026584,136533548,0.50314754,0.14991036,-0.31447983
1747033026601,136550215,0.8820144,0.104190506,-0.26703262
1747033026617,136566882,1.0998424,-0.16108811,-0.26064968
1747033026634,136583549,1.2418095,-0.72262865,-0.39842796
1747033026651,136600216,0.95543706,-0.85179895,-0.7524185
1747033026667,136616883,0.86736673,-0.36423638,-0.38550568
1747033026684,136633550,1.1480112,-0.055893548,-0.15614986
1747033026701,136650217,1.1209588,0.3461771,-0.19641972
1747033026717,136666884,0.5957729,0.25266877,-0.21279621
1747033026734,136683551,0.7891185,0.46587136,0.10346031
1747033026751,136700218,1.5798187,0.8869748,0.8483515
1747033026767,136716885,1.6438719,0.9108781,1.1125193
1747033026784,136733552,1.2828714,0.2115236,0.81907463
1747033026801,136750219,0.7082096,-0.09630564,0.10695553
1747033026817,136766886,0.634953,-0.19835691,-0.5648413
1747033026834,136783553,0.8418647,0.08865091,-0.4878769
1747033026851,136800220,1.1947684,0.29054573,0.1996975
1747033026867,136816887,1.4136869,0.37292123,0.89575577
1747033026884,136833554,1.3231359,0.44297662,1.1921587
1747033026901,136850221,1.2113148,0.53413,1.3060608
1747033026917,136866888,1.2861819,0.5975107,1.7359505
1747033026934,136883555,1.0066041,0.4570263,2.201027
1747033026951,136900222,0.75787425,0.5052932,2.283558
1747033026967,136916889,0.43818244,0.6036905,2.3109016
1747033026984,136933556,0.42297223,0.46910423,2.3745346
1747033027001,136950223,0.78896224,0.30982462,2.6806927
1747033027017,136966890,0.419102,-0.15266924,3.0233345
1747033027034,136983557,0.3353622,-0.49160707,2.884286
1747033027051,137000224,-0.010976554,-0.8236247,2.7524881
1747033027067,137016891,-0.48853904,-1.5052047,2.5756788
1747033027084,137033558,0.1336731,-1.2737327,2.4672136
1747033027101,137050225,0.94426936,-1.2207514,2.6737566
1747033027117,137066892,1.1324294,-0.9934374,2.9692354
1747033027134,137083559,0.5106588,-0.76813644,2.7356243
1747033027151,137100226,0.10444757,-0.71749276,2.4570017
1747033027167,137116893,0.026193092,-0.7162502,1.9093304
1747033027184,137133560,0.29244006,-0.63230497,1.1682234
1747033027201,137150227,0.55622977,-0.57539815,0.43248367
1747033027217,137166894,0.5592693,-0.5217789,-0.13425732
1747033027234,137183561,0.33464828,-0.6667043,-0.46372414
1747033027251,137200228,0.0038018995,-0.79532593,-0.6151037
1747033027267,137216895,-0.04221087,-0.83930343,-0.7000475
1747033027284,137233562,-0.107235484,-0.8696833,-0.8706808
1747033027301,137250229,0.04555183,-0.8365811,-1.0669508
1747033027317,137266896,0.43115544,-0.8110915,-0.9932184
1747033027334,137283563,0.8363197,-0.68995684,-0.5885229
1747033027351,137300230,0.9850597,-0.53910947,-0.1643629
1747033027367,137316897,1.0215541,-0.38865897,-0.0051841736
1747033027384,137333564,1.1458724,-0.34156993,0.051257133
1747033027401,137350231,1.2758657,-0.22157767,0.23162079
1747033027417,137366898,1.4906421,0.035933953,0.46926403
1747033027434,137383565,1.4671694,0.13157001,0.56085205
1747033027451,137400232,1.2848281,0.15764308,0.41377735
1747033027467,137416899,0.9030141,0.14246169,0.36787796
1747033027484,137433566,0.64956504,0.17961809,0.45524025
1747033027501,137450233,0.4744689,0.30532807,0.54332733
1747033027517,137466900,0.17833076,0.4090075,0.5543232
1747033027534,137483567,0.02199482,0.5549078,0.6534338
1747033027551,137500234,0.4059305,0.57990557,0.5999117
1747033027567,137516901,0.6681913,0.42081153,0.24674225
1747033027584,137533568,0.8443457,0.33517286,0.043707848
1747033027601,137550235,0.9583722,0.214602,0.036955833
1747033027617,137566902,0.74245775,-0.10525655,0.044139862
1747033027634,137583569,0.68403745,0.033538118,-0.07784939
1747033027651,137600236,0.5725557,0.02004006,-0.30356503
1747033027667,137616903,0.5132963,0.065871224,-0.42774963
1747033027684,137633570,0.4218569,-0.036424454,-0.55066204
1747033027701,137650237,0.37957183,-0.057901256,-0.5078211
1747033027717,137666904,0.5096729,-0.053907692,-0.5044174
1747033027734,137683571,0.6665496,-0.3043125,-0.2742319
1747033027751,137700238,0.7630075,-0.45802623,0.049146652
1747033027767,137716905,0.6391819,-0.40229297,0.30622005
1747033027784,137733572,0.5214695,-0.24707921,0.48108673
1747033027801,137750239,0.4952358,-0.066622786,0.5618801
1747033027817,137766906,0.49435478,0.040710203,0.3196001
1747033027834,137783573,0.5007825,0.092962444,0.08322525
1747033027851,137800240,0.53281075,0.119671576,0.092906
1747033027867,137816907,0.5206387,0.11501776,0.21266174
1747033027884,137833574,0.561622,0.08209771,0.20979881
1747033027901,137850241,0.60430056,0.0073269783,0.20476341
1747033027917,137866908,0.64031637,0.028310934,0.0828619
1747033027934,137883575,0.6258501,0.084609546,-0.025923729
1747033027951,137900242,0.630206,0.13379468,-0.06359959
1747033027967,137916909,0.6378569,0.12004104,-0.072155
1747033027984,137933576,0.5755686,0.061657,-0.12379551
1747033028001,137950243,0.55340725,0.038870636,-0.1774416
1747033028017,137966910,0.67457855,0.039648686,-0.07871628
1747033028034,137983577,0.7035264,0.065135024,0.113007545
1747033028051,138000244,0.7171112,0.19487323,0.21559429
1747033028067,138016911,0.6251623,0.33704144,0.13866997
1747033028084,138033578,0.5166994,0.41151115,0.006099701
1747033028101,138050245,0.47176364,0.38641083,-0.13800907
1747033028117,138066912,0.52776915,0.2638615,-0.17832088
1747033028134,138083579,0.6815539,0.037251394,-0.1897707
1747033028151,138100246,0.76954716,-0.22522205,-0.17829323
1747033028167,138116913,0.8740617,-0.33922806,-0.18220425
1747033028184,138133580,0.8449069,-0.23647738,-0.18529701
1747033028201,138150247,0.7373934,-0.04757585,-0.19620991
1747033028217,138166914,0.5756527,0.11437538,-0.15295029
1747033028234,138183581,0.5623147,0.20738403,0.029896736
1747033028251,138200248,0.55730987,0.21804053,0.16012764
1747033028267,138216915,0.42764002,0.23309311,0.11991882
1747033028284,138233582,0.38218194,0.17878829,0.0063695908
1747033028301,138250249,0.42542452,0.054003526,-0.0117406845
1747033028317,138266916,0.5219279,-0.047779135,0.0068035126
1747033028334,138283583,0.5520867,-0.15677138,-0.037119865
1747033028351,138300250,0.59721357,-0.21511848,0.042817116
1747033028367,138316917,0.59791803,-0.2516101,0.13333702
1747033028384,138333584,0.5214707,-0.2543241,0.14264584
1747033028401,138350251,0.504128,-0.17827617,0.1932621
1747033028417,138366918,0.50625235,-0.10912875,0.22510242
1747033028434,138383585,0.4349282,0.0028735944,0.05476284
1747033028451,138400252,0.41434798,0.16790104,0.1344328
1747033028467,138416919,0.45749485,0.22430459,0.24804974
1747033028484,138433586,0.45674515,0.2720584,0.37064838
1747033028501,138450253,0.54919535,0.28310314,0.5679188
1747033028517,138466920,0.7313419,0.22336683,0.6715183
1747033028534,138483587,0.7672639,0.10891384,0.5808115
1747033028551,138500254,0.5777832,0.022410806,0.3095026
1747033028567,138516921,0.63114476,-0.013705926,0.27176952
1747033028584,138533588,0.6723718,-0.13020602,0.3181219
1747033028601,138550255,0.5729346,-0.23939763,0.39131927
1747033028617,138566922,0.57935387,-0.35150427,0.21243954
1747033028634,138583589,0.5566789,-0.4215858,-0.016093254
1747033028651,138600256,0.7379581,-0.48599842,-0.17005062
1747033028667,138616923,0.9954845,-0.4215412,0.07801151
1747033028684,138633590,1.214765,-0.08219672,0.63655853
1747033028701,138650257,1.3537691,0.3691431,1.5279036
1747033028717,138666924,1.5160414,0.75439125,2.5501633
1747033028734,138683591,1.4926814,0.82253414,3.3173666
1747033028751,138700258,1.2056444,0.69549084,3.7822227
1747033028767,138716925,0.6989469,0.37853086,3.725956
1747033028784,138733592,0.6195115,0.18533242,3.2856607
1747033028801,138750259,0.5924048,0.074438825,2.5792446
1747033028817,138766926,0.6491693,-0.09823489,2.236146
1747033028834,138783593,0.52876693,-0.39029482,2.0531387
1747033028851,138800260,0.3333458,-0.67118734,2.3661375
1747033028867,138816927,0.30112994,-0.7081957,2.7718678
1747033028884,138833594,0.17438436,-0.6619683,2.741519
1747033028901,138850261,0.140049,-0.48270875,2.5130224
1747033028917,138866928,0.17678657,-0.1789595,2.2494593
1747033028934,138883595,0.29787064,0.05334419,1.8450022
1747033028951,138900262,0.50101906,0.16358052,1.4744701
1747033028967,138916929,0.71808434,0.2803149,1.2649765
1747033028984,138933596,1.014523,0.11553537,1.040595
1747033029001,138950263,0.9790728,0.11758611,0.85246944
1747033029017,138966930,0.82066894,0.09389581,0.51336956
1747033029034,138983597,0.8168215,0.18672778,0.55556583
1747033029051,139000264,0.9518418,0.19232935,0.6265793
1747033029067,139016931,1.1806227,0.25621426,0.68365
1747033029084,139033598,1.1440278,0.19490005,0.46455097
1747033029101,139050265,0.91641366,0.2639264,0.13998604
1747033029117,139066932,0.6519332,0.10022416,-0.18188667
1747033029134,139083599,0.4950095,0.078133814,-0.6075382
1747033029151,139100266,0.79346895,-0.018775927,-0.59466076
1747033029167,139116933,1.9174747,-0.3644251,-0.53037167
1747033029184,139133600,1.2816572,-0.05739339,-0.36675358
1747033029201,139150267,0.9679993,-0.02222367,-0.8090849
1747033029217,139166934,0.7924141,-0.25780907,-0.6145983
1747033029234,139183601,0.7635772,-0.50061893,-0.7627535
1747033029251,139200268,0.75804526,-0.52008986,-1.0389004
1747033029267,139216935,0.8346421,-0.47680253,-1.3326159
1747033029284,139233602,0.7526016,-0.50567156,-1.3815241
1747033029301,139250269,0.7085287,-0.40404475,-1.8922105
1747033029317,139266936,0.36719933,-0.22737364,-1.911376
1747033029334,139283603,0.071871705,-0.21220452,-2.3644962
1747033029351,139300270,-0.23395358,0.021506583,-2.8362246
1747033029367,139316937,-0.6931514,-0.10647682,-3.0235014
1747033029384,139333604,-1.1226915,-0.124126576,-3.0174823
1747033029401,139350271,-0.9091182,-0.20626809,-2.6738167
1747033029417,139366938,-0.50103974,-0.14627297,-1.7336712
1747033029434,139383605,-0.5655507,0.5162526,-0.7444477
1747033029451,139400272,0.9423246,-0.43060967,-0.13762665
1747033029467,139416939,-0.1770512,-0.1297197,0.064720154
1747033029484,139433606,-0.57218605,0.061576255,0.32952118
1747033029501,139450273,-0.45506617,-0.26834458,0.52440834
1747033029517,139466940,-0.09143239,-0.31759536,0.73036575
1747033029534,139483607,-0.027624693,-0.2520079,0.5561285
1747033029551,139500274,-0.6115672,-0.08271002,0.2651968
1747033029567,139516941,-0.9617616,-0.041462436,-0.2307291
1747033029584,139533608,-0.9677816,-0.1615037,-0.45920277
1747033029601,139550275,-0.56342345,-0.55024314,-0.4100809
1747033029617,139566942,-0.19340548,-0.5494199,-0.20045757
1747033029634,139583609,-0.14829534,-0.42115012,-0.0048685074
1747033029651,139600276,-0.3767151,-0.26861066,0.0709734
1747033029667,139616943,-0.62751514,-0.18201962,-0.03062725
1747033029684,139633610,-0.9607575,0.04710994,-0.15626907
1747033029701,139650277,-1.1627511,0.16763192,-0.30258656
1747033029717,139666944,-1.130775,-0.004362861,-0.29688835
1747033029734,139683611,-0.8542623,-0.22595613,-0.21311474
1747033029751,139700278,-0.5014973,-0.44576624,-0.048815727
1747033029767,139716945,-0.30988586,-0.5244228,0.09963226
1747033029784,139733612,-0.35896835,-0.4811266,0.2980795
1747033029801,139750279,-0.3874183,-0.46846807,0.40693855
1747033029817,139766946,-0.49842915,-0.512305,0.31846333
1747033029834,139783613,-0.6062565,-0.4227828,0.04002285
1747033029851,139800280,-0.6647005,-0.3703784,-0.19172668
1747033029867,139816947,-0.65429145,-0.4575651,-0.34370422
1747033029884,139833614,-0.6603115,-0.43060362,-0.3922329
1747033029901,139850281,-0.6368422,-0.42049056,-0.35936642
1747033029917,139866948,-0.6173264,-0.45689446,-0.46527767
1747033029934,139883615,-0.8774951,-0.47014782,-0.48421764
1747033029951,139900282,-0.93700284,-0.35434437,-0.51568604
1747033029967,139916949,-0.80758977,-0.28293052,-0.5334511
1747033029984,139933616,-0.6371106,-0.24819191,-0.44577312
1747033030001,139950283,-0.38692075,-0.22723986,-0.3660593
1747033030017,139966950,-0.38544095,-0.15949985,-0.35813618
1747033030034,139983617,-0.4994007,-0.17148753,-0.3632946
1747033030051,140000284,-0.46005717,-0.29004034,-0.3521242
1747033030067,140016951,-0.22098815,-0.23494637,-0.4944458
1747033030084,140033618,0.0007859833,-0.21905683,-0.6961508
1747033030101,140050285,0.39758232,-0.36087966,-1.1181622
1747033030117,140066952,0.5188511,-0.54712343,-1.3262587
1747033030134,140083619,0.98524827,-0.5145685,-1.2294159
1747033030151,140100286,1.4273707,-0.3142846,-0.7932453
1747033030167,140116953,1.3523222,-0.37637582,-0.25593853
1747033030184,140133620,1.3829442,-0.7238925,-0.19263744
1747033030201,140150287,1.7246,-0.9842619,-0.32430363
1747033030217,140166954,1.7886226,-1.1672206,-0.30641842
1747033030234,140183621,1.7382002,-1.1379089,-0.19752312
1747033030251,140200288,1.8613651,-0.9863663,-0.08554077
1747033030267,140216955,2.105058,-0.8521162,0.09911537
1747033030284,140233622,2.3370986,-0.20928602,0.6512375
1747033030301,140250289,2.0699065,-0.060251046,1.0346956
1747033030317,140266956,1.6315567,-0.48496175,1.2221422
1747033030334,140283623,1.0344062,-0.88454825,1.3623066
1747033030351,140300290,1.2649668,-1.0828693,1.5579185
1747033030367,140316957,1.5000111,-0.5010791,1.7573423
1747033030384,140333624,1.1693084,0.009862286,1.33078
1747033030401,140350291,0.47940725,0.381091,0.5485525
1747033030417,140366958,0.07764114,0.34604976,0.04345703
1747033030434,140383625,0.18710348,0.08994474,-0.15410995
1747033030451,140400292,0.8114078,-0.19827488,-0.024986267
1747033030467,140416959,1.2765825,0.035467986,-0.08812523
1747033030484,140433626,1.4661891,0.079889596,-0.16370869
1747033030501,140450293,0.9899106,-0.1974445,-0.4254732
1747033030517,140466960,0.3556,-0.01683293,-0.58653736
1747033030534,140483627,-0.07734867,0.16003053,-0.96158695
1747033030551,140500294,0.05176493,-0.036895003,-1.4378719
1747033030567,140516961,0.3728491,-0.23626767,-1.450943
1747033030584,140533628,0.5070123,-0.1158162,-1.3170528
1747033030601,140550295,0.35725814,0.0973856,-0.9225054
1747033030617,140566962,0.24509956,0.06860077,-0.54734516
1747033030634,140583629,0.28636485,-0.29133186,-0.35544014
1747033030651,140600296,0.44422618,-0.4024293,-0.3834057
1747033030667,140616963,0.64170986,-0.17908643,-0.046207428
1747033030684,140633630,0.87195796,-0.03993819,0.20955944
1747033030701,140650297,1.1168373,-0.10254844,0.15782166
1747033030717,140666964,1.2496126,-0.375171,0.24609566
1747033030734,140683631,1.3364723,-0.07136711,0.26191425
1747033030751,140700298,1.5044874,0.09658284,0.30223274
1747033030767,140716965,1.4199731,-0.21039043,0.5202551
1747033030784,140733632,1.448613,-0.3299943,0.9670172
1747033030801,140750299,1.2690699,-0.3993843,1.2661219
1747033030817,140766966,0.99351287,-0.13133359,1.6488943
1747033030834,140783633,0.09798769,0.010026735,1.8588972
1747033030851,140800300,-0.97065365,0.08239045,1.9516945
1747033030867,140816967,-0.8319746,-0.15214807,2.3302202
1747033030884,140833634,0.0581215,-0.24962701,2.7144365
1747033030901,140850301,0.76968956,-0.4089347,3.0693388
1747033030917,140866968,0.87899566,-0.6704332,3.4004974
1747033030934,140883635,0.42771417,-0.706762,2.4457026
1747033030951,140900302,0.58356285,-0.7003411,2.2938347
1747033030967,140916969,0.59659415,-0.76495725,2.6278048
1747033030984,140933636,0.36312774,-0.66176015,2.8847275
1747033031001,140950303,0.22886784,-0.5164779,2.9605885
1747033031017,140966970,-0.026024954,-0.4691804,2.3787594
1747033031034,140983637,0.04056232,-0.20094006,1.8349543
1747033031051,141000304,0.21402729,0.032617204,1.2973108
1747033031067,141016971,0.31409234,-0.11506975,0.9817276
1747033031084,141033638,0.36262283,-0.043233916,0.47066116
1747033031101,141050305,0.1889584,0.03600344,0.05288124
1747033031117,141066972,0.011571294,0.025676372,-0.1681118
1747033031134,141083639,-0.061440807,-0.23136917,-0.5163374
1747033031151,141100306,0.117899284,-0.3881724,-0.84543324
1747033031167,141116973,0.42278832,-0.4009534,-0.87094307
1747033031184,141133640,0.6358634,-0.5438339,-0.5837965
1747033031201,141150307,0.81373847,-0.50043,-0.5258064
1747033031217,141166974,1.0217284,-0.41900042,-0.41083717
1747033031234,141183641,1.0380149,-0.41757244,-0.28355122
1747033031251,141200308,1.0539749,-0.41346884,-0.100403786
1747033031267,141216975,1.0173756,-0.42105293,0.17846584
1747033031284,141233642,1.1965836,-0.29575235,0.45219517
1747033031301,141250309,1.3689312,0.113529384,0.7035303
1747033031317,141266976,1.3455045,0.37847817,0.71765804
1747033031334,141283643,1.008715,0.5659874,0.5678396
1747033031351,141300310,0.59194624,0.675524,0.25698948
1747033031367,141316977,0.3917288,0.73261946,0.0350008
1747033031384,141333644,0.47242722,0.64088583,0.03900814
1747033031401,141350311,0.5014155,0.3628991,0.20677853
1747033031417,141366978,0.70245767,0.21909276,0.3322096
1747033031434,141383645,0.88734674,0.04995509,0.31635284
1747033031451,141400312,0.9155618,-0.0022398233,0.10410404
1747033031467,141416979,0.85875297,-0.07660538,-0.20503235
1747033031484,141433646,0.75206363,-0.23961662,-0.37901592
1747033031501,141450313,0.58404696,-0.33336583,-0.13603497
1747033031517,141466980,0.5780606,-0.3186419,0.036377907
1747033031534,141483647,0.5344071,-0.38101596,-0.005927086
1747033031551,141500314,0.5671005,-0.3729572,-0.043501854
1747033031567,141516981,0.6463664,-0.30525723,-0.00095558167
1747033031584,141533648,0.84933627,-0.3415997,0.26370907
1747033031601,141550315,0.85831535,-0.4041674,0.44342422
1747033031617,141566982,0.63513976,-0.34231997,0.33598042
1747033031634,141583649,0.5593372,-0.19246969,0.0033311844
1747033031651,141600316,0.49482822,-0.16004467,-0.26481533
1747033031667,141616983,0.578248,-0.11369612,-0.26052666
1747033031684,141633650,0.63869756,0.0019137738,-0.08374119
1747033031701,141650317,0.68432325,0.05885454,0.16390514
1747033031717,141666984,0.70434475,0.15917408,0.24061203
1747033031734,141683651,0.6687306,0.12519816,0.24727249
1747033031751,141700318,0.59208715,0.12115425,0.13467407
1747033031767,141716985,0.645798,0.15595454,0.038949966
1747033031784,141733652,0.7598789,0.1638992,0.055892944
1747033031801,141750319,0.72385854,0.10421051,0.12549973
1747033031817,141766986,0.47659042,-0.04361576,0.17362499
1747033031834,141783653,0.20082583,-0.15013126,0.22694302
1747033031851,141800320,0.084772035,-0.17490771,0.26596165
1747033031867,141816987,0.1358499,-0.11648461,0.11919212
1747033031884,141833654,0.23573336,-0.054346003,-0.21755314
1747033031901,141850321,0.40028745,0.024465952,-0.3939371
1747033031917,141866988,0.57679474,0.06480959,-0.3278904
1747033031934,141883655,0.68296474,0.05607465,-0.17712307
1747033031951,141900322,0.70573354,-0.031028962,-0.090415955
1747033031967,141916989,0.729155,-0.08475164,-0.052820206
1747033031984,141933656,0.8408305,-0.0609569,-0.020492554
1747033032001,141950323,0.87617403,-0.057787374,0.07334328
1747033032017,141966990,0.923026,-0.07152347,0.11942196
1747033032034,141983657,0.79711235,-0.114199534,0.0774765
1747033032051,142000324,0.731175,-0.10143867,-0.114295006
1747033032067,142016991,0.7424732,-0.037752625,-0.21426392
1747033032084,142033658,0.8633949,0.063531995,-0.12490082
1747033032101,142050325,0.8830742,0.13412778,-0.04711628
1747033032117,142066992,0.7753052,0.16861986,-0.0045318604
1747033032134,142083659,0.66429836,0.061818656,0.11998272
1747033032151,142100326,0.62523246,-0.006922755,0.23410702
1747033032167,142116993,0.69895697,-0.08401461,0.24671459
1747033032184,142133660,0.7988323,-0.047071382,0.24120331
1747033032201,142150327,0.74576116,-0.022482162,0.26818275
1747033032217,142166994,0.81829333,-0.1380468,0.26927376
1747033032234,142183661,0.8729142,-0.15770555,0.14178371
1747033032251,142200328,0.7650984,-0.08272209,0.14215851
1747033032267,142216995,0.8731446,0.0025055243,0.27774715
1747033032284,142233662,0.9306581,0.098022945,0.5098381
1747033032301,142250329,0.90479964,0.1448241,0.6748657
1747033032317,142266996,0.8393106,-0.007120173,0.63326645
1747033032334,142283663,0.79368556,-0.18429923,0.53131866
1747033032351,142300330,0.91279596,-0.20787738,0.58309555
1747033032367,142316997,0.9279205,-0.25129238,0.5433817
1747033032384,142333664,0.98082054,-0.23782125,0.7542429
1747033032401,142350331,0.9231179,-0.035955634,1.1702976
1747033032417,142366998,0.9796001,0.32167414,1.6962833
1747033032434,142383665,1.2685353,0.5264126,2.299262
1747033032451,142400332,1.2573096,0.09946008,2.8789034
1747033032467,142416999,1.0245942,-0.26435918,3.3722162
1747033032484,142433666,0.9764575,-0.09805427,3.6222143
1747033032501,142450333,0.8814236,-0.19945689,3.21286
1747033032517,142467000,0.5017018,-0.5962388,2.8263054
1747033032534,142483667,0.28480256,-0.7087919,2.751195
1747033032551,142500334,0.020849641,-0.8402756,2.6833057
1747033032567,142517001,0.124497026,-0.7726614,2.8060017
1747033032584,142533668,0.22199017,-0.6279634,2.740384
1747033032601,142550335,0.38824666,-0.5297229,2.5841484
1747033032617,142567002,0.6497943,-0.37902078,2.43394
1747033032634,142583669,0.75388336,-0.0892201,2.0881004
1747033032651,142600336,0.8721845,0.034721367,1.5133829
1747033032667,142617003,1.1174321,0.39441225,1.3814878
1747033032684,142633670,0.83101076,0.36758336,0.98711395
1747033032701,142650337,1.184869,0.38622257,0.7523012
1747033032717,142667004,1.3777996,0.33250865,0.74143887
1747033032734,142683671,1.3421245,0.24539857,0.532835
1747033032751,142700338,1.4100624,0.17798625,0.31637192
1747033032767,142717005,1.3993577,0.29044566,0.050081253
1747033032784,142733672,1.3471732,0.41891116,-0.19155884
1747033032801,142750339,1.297039,0.33865634,-0.30323124
1747033032817,142767006,1.3169359,0.1147229,-0.24214935
1747033032834,142783673,1.3256425,-0.12988077,-0.2625122
1747033032851,142800340,1.100689,0.0035126458,-0.44097042
1747033032867,142817007,1.1588452,-0.0938727,-0.5932989
1747033032884,142833674,1.7771343,0.1846917,-0.5367298
1747033032901,142850341,0.79341555,0.38986564,-1.0869904
1747033032917,142867008,0.18457477,0.3488772,-1.5800991
1747033032934,142883675,0.10509791,0.13037997,-1.4630756
1747033032951,142900342,0.13590565,-0.014592378,-1.4898672
1747033032967,142917009,0.09140018,-0.07800943,-1.2439432
1747033032984,142933676,0.10348647,-0.0476999,-1.5883303
1747033033001,142950343,-0.17166287,-0.10662434,-1.8944635
1747033033017,142967010,-0.4344228,-0.18810649,-2.2547956
1747033033034,142983677,-0.727547,-0.21181808,-2.4044433
1747033033051,143000344,-0.93037313,-0.41599303,-2.1676283
1747033033067,143017011,-0.8830918,-0.6330982,-1.8552136
1747033033084,143033678,-0.7242227,-0.72041804,-1.6197891
1747033033101,143050345,-0.8378193,-0.7656799,-1.2766314
1747033033117,143067012,-0.9290825,-0.61254716,-1.1780195
1747033033134,143083679,-1.1510587,-0.55581236,-0.9356241
1747033033151,143100346,-1.3210411,-0.6400882,-0.49922943
1747033033167,143117013,-1.3228537,-0.66493154,-0.17556953
1747033033184,143133680,-1.2815732,-0.5154993,-0.03427887
1747033033201,143150347,-1.3443462,-0.25517613,-0.06319523
1747033033217,143167014,-1.3144962,-0.14402907,-0.2518921
1747033033234,143183681,-1.1030847,-0.3246763,-0.49870777
1747033033251,143200348,-0.9037027,-0.62822235,-0.48920345
1747033033267,143217015,-0.61752695,-0.8877433,-0.5653391
1747033033284,143233682,-0.5290491,-1.0488398,-0.41792202
1747033033301,143250349,-0.38250992,-0.89721507,-0.3040285
1747033033317,143267016,-0.047017265,-0.78309023,-0.010214806
1747033033334,143283683,0.27030995,-0.79938406,0.28986645
1747033033351,143300350,0.34820807,-0.8954753,0.4535904
1747033033367,143317017,0.27690762,-0.9343535,0.5304699
1747033033384,143333684,0.27027297,-0.8073917,0.65204525
1747033033401,143350351,0.43611562,-0.6703928,0.70774746
1747033033417,143367018,0.5179129,-0.5384195,0.5766163
1747033033434,143383685,0.39672878,-0.5416758,0.29768276
1747033033451,143400352,0.11003825,-0.6997597,-0.06701183
1747033033467,143417019,-0.23052046,-0.842325,-0.43891144
1747033033484,143433686,-0.50917566,-1.0201815,-0.54952717
1747033033501,143450353,-0.4140743,-0.9861392,-0.3700161
1747033033517,143467020,-0.10652954,-0.67123264,-0.016944885
1747033033534,143483687,0.10730326,-0.48202246,0.13856125
1747033033551,143500354,-0.01686897,-0.53272444,0.050829887
1747033033567,143517021,-0.35499895,-0.7570214,-0.15024757
1747033033584,143533688,-0.64688677,-0.9284503,-0.30636692
1747033033601,143550355,-0.7638695,-0.984535,-0.36280918
1747033033617,143567022,-0.66212815,-0.8161887,-0.4259491
1747033033634,143583689,-0.45685607,-0.5017425,-0.3395338
1747033033651,143600356,-0.3442805,-0.30826828,-0.2988453
1747033033667,143617023,-0.42738143,-0.27713433,-0.25898457
1747033033684,143633690,-0.5076672,-0.38097745,-0.30254173
1747033033701,143650357,-0.48875102,-0.5368555,-0.5202799
1747033033717,143667024,-0.6712009,-0.60176086,-0.7264967
1747033033734,143683691,-0.7222156,-0.39068624,-1.0525866
1747033033751,143700358,-0.7536364,-0.12156512,-1.0140676
1747033033767,143717025,-0.7136616,-0.07456917,-0.8651829
1747033033784,143733692,-0.57960194,-0.010578086,-0.47814846
1747033033801,143750359,0.002995297,0.10500773,-0.48650455
1747033033817,143767026,0.6010196,0.18166608,-0.5264721
1747033033834,143783693,0.773978,0.15937926,-0.41353416
1747033033851,143800360,0.15878372,0.12319822,-0.43599987
1747033033867,143817027,-0.37513694,-0.17703444,-0.38785458
1747033033884,143833694,-0.26631936,-0.34321243,-0.58585835
1747033033901,143850361,-0.2855748,-0.30245504,-0.34734917
1747033033917,143867028,-0.047617648,-0.2970818,-0.09654522
1747033033934,143883695,0.6725328,-0.07656196,0.36466885
1747033033951,143900362,1.2706054,0.37340042,0.48192883
1747033033967,143917029,1.0332452,0.16083227,-0.2000475
1747033033984,143933696,0.28451657,-0.20174374,-0.5659704
1747033034001,143950363,-0.0009500418,-0.8057674,-0.864769
1747033034017,143967030,0.43328846,-1.04356,-0.6181116
1747033034034,143983697,1.2410312,-1.0744283,-0.2777996
1747033034051,144000364,1.5462565,-0.7613688,-0.11533356
1747033034067,144017031,1.4348984,-0.5351398,-0.4412012
1747033034084,144033698,1.1227143,-0.3208555,-0.6572733
1747033034101,144050365,0.89888453,-0.43306726,-0.65555954
1747033034117,144067032,1.003351,-0.46413827,-0.35673332
1747033034134,144083699,1.3808503,-0.74756885,-0.073373795
1747033034151,144100366,1.9070834,-1.2182242,0.11360264
1747033034167,144117033,1.907764,-1.1551178,-0.1618433
1747033034184,144133700,1.6265178,-0.76292944,0.01611805
1747033034201,144150367,1.4671049,-0.31393167,0.24427986
1747033034217,144167034,1.5116645,-0.108783185,0.3523121
1747033034234,144183701,1.1884692,0.21262918,0.37172985
1747033034251,144200368,0.86833465,0.4044882,0.3852539
1747033034267,144217035,0.86041254,0.16672155,0.4261837
1747033034284,144233702,0.8461582,0.06514517,0.62517166
1747033034301,144250369,0.91767293,0.21623856,1.1142397
1747033034317,144267036,0.8479176,0.0072778612,1.2534246
1747033034334,144283703,0.7124135,-0.27589136,1.06707
1747033034351,144300370,1.0834754,0.05906253,1.1150589
1747033034367,144317037,1.2908264,0.7076742,1.707161
1747033034384,144333704,0.7957661,0.6416888,1.9918156
1747033034401,144350371,0.15186992,-0.049815368,1.8301058
1747033034417,144367038,0.5457179,-0.6202291,2.0119324
1747033034434,144383705,1.0695035,-0.79050285,2.3507805
1747033034451,144400372,0.9329453,-0.96085423,2.813819
1747033034467,144417039,0.3407318,-1.2596096,2.4001532
1747033034484,144433706,0.3196882,-0.9535872,2.020708
1747033034501,144450373,0.13831611,-0.7246615,1.9465828
1747033034517,144467040,0.2969892,-0.70762837,2.3243847
1747033034534,144483707,0.17190471,-0.8007673,2.660615
1747033034551,144500374,0.27126193,-0.63628024,3.0925617
1747033034567,144517041,0.33975032,-0.9342004,2.8841305
1747033034584,144533708,-0.09143256,-0.5834826,3.0116262
1747033034601,144550375,-0.38079804,0.0009389919,2.127119
1747033034617,144567042,-0.17234063,0.4747357,1.3511705
1747033034634,144583709,0.06111463,0.46215105,0.6826925
1747033034651,144600376,0.16488212,0.06517406,0.2631693
1747033034667,144617043,0.16926205,-0.29113832,-0.18821049
1747033034684,144633710,0.21466984,-0.48262402,-0.79966164
1747033034701,144650377,0.33512533,-0.53282475,-1.1803551
1747033034717,144667044,0.57250226,-0.49684483,-1.3309889
1747033034734,144683711,0.88582194,-0.42791277,-1.238903
1747033034751,144700378,1.0677526,-0.50138664,-0.97554874
1747033034767,144717045,1.3726377,-0.5592347,-0.586648
1747033034784,144733712,1.5500783,-0.5449653,-0.26423264
1747033034801,144750379,1.6327556,-0.44682017,-0.0025949478
1747033034817,144767046,1.643773,-0.38601056,0.20321941
1747033034834,144783713,1.4923239,-0.30094343,0.29209328
1747033034851,144800380,1.3376393,-0.10176209,0.30439854
1747033034867,144817047,1.1403289,0.29167882,0.283453
1747033034884,144833714,0.7577364,0.48943862,0.27180195
1747033034901,144850381,0.4245802,0.5861006,0.4434862
1747033034917,144867048,0.5792313,0.65399665,0.7749672
1747033034934,144883715,0.73568755,0.46022937,0.924428
1747033034951,144900382,0.6707275,-0.062427558,0.83589935
1747033034967,144917049,0.5444772,-0.48064366,0.5305977
1747033034984,144933716,0.5173763,-0.706728,0.3099804
1747033035001,144950383,0.30314022,-0.54321533,0.22351646
1747033035017,144967050,0.11561666,-0.23195235,0.012468338
1747033035034,144983717,-0.029052662,0.02793845,-0.2950487
1747033035051,145000384,-0.013241075,0.04632038,-0.43140888
1747033035067,145017051,0.10174908,0.009326246,-0.26262856
1747033035084,145033718,0.24579322,-0.14789103,-0.046836853
1747033035101,145050385,0.45860913,-0.20394602,0.060412407
1747033035117,145067052,0.6248619,-0.33606893,-0.052491188
1747033035134,145083719,0.8014286,-0.27349052,-0.30988216
1747033035151,145100386,0.8681868,-0.25360027,-0.57818604
1747033035167,145117053,0.7637528,-0.087161556,-0.5954714
1747033035184,145133720,0.779374,0.12201176,-0.3088503
1747033035201,145150387,0.84031975,0.10593693,0.045630455
1747033035217,145167054,0.87560296,0.011298804,0.34706306
1747033035234,145183721,0.7510791,0.01533243,0.35954
1747033035251,145200388,0.5851126,-0.104683295,0.32777405
1747033035267,145217055,0.61950964,-0.09421524,0.25926208
1747033035284,145233722,0.693555,0.081486285,0.3221283
1747033035301,145250389,0.64896035,0.194718,0.35919476
1747033035317,145267056,0.53022414,0.15071048,0.30435944
1747033035334,145283723,0.39357033,-0.019805707,0.080304146
1747033035351,145300390,0.23666903,-0.18207337,-0.10576534
1747033035367,145317057,0.21921268,-0.2184173,-0.035614967
1747033035384,145333724,0.22414237,-0.2809848,0.07283497
1747033035401,145350391,0.21033351,-0.3574853,0.1297245
1747033035417,145367058,0.13761324,-0.3778542,0.017474174
1747033035434,145383725,0.090177976,-0.36285847,-0.11852646
1747033035451,145400392,0.069399096,-0.33186355,-0.10497856
1747033035467,145417059,0.117666386,-0.34101015,-0.019480705
1747033035484,145433726,0.21794537,-0.29543877,0.057652473
1747033035501,145450393,0.21054943,-0.3580367,0.04865265
1747033035517,145467060,0.2852136,-0.454282,-0.025538445
1747033035534,145483727,0.35626367,-0.53842974,-0.024777412
1747033035551,145500394,0.48656324,-0.5410402,0.12936115
1747033035567,145517061,0.6135841,-0.43938,0.36443043
1747033035584,145533728,0.5514126,-0.26908126,0.3616209
1747033035601,145550395,0.5283284,-0.013056062,0.35419655
1747033035617,145567062,0.45706043,0.1722915,0.35046577
1747033035634,145583729,0.49862242,0.2998519,0.44097614
1747033035651,145600396,0.54867715,0.32731724,0.4383955
1747033035667,145617063,0.6263756,0.3008414,0.24948788
1747033035684,145633730,0.7003986,0.17608944,0.18248844
1747033035701,145650397,0.8010101,0.085520916,0.25840187
1747033035717,145667064,0.7856696,-0.07064445,0.21520233
1747033035734,145683731,0.77504593,-0.21898335,0.030264854
1747033035751,145700398,0.8798251,-0.32659858,-0.03985977
1747033035767,145717065,0.9442033,-0.33086646,-0.012353897
1747033035784,145733732,1.0757203,-0.22279626,-0.12701988
1747033035801,145750399,1.3335618,-0.009867873,0.03127861
1747033035817,145767066,1.4558234,0.12088296,0.3249216
1747033035834,145783733,1.3207175,0.091279894,0.46928787
1747033035851,145800400,0.84722936,-0.09800093,0.57711315
1747033035867,145817067,0.68308866,-0.29494455,0.5997381
1747033035884,145833734,0.6656677,-0.45895398,0.3238182
1747033035901,145850401,0.9456271,-0.33689696,0.25655842
1747033035917,145867068,1.3016566,0.18840958,0.7430973
1747033035934,145883735,1.5321332,0.72315514,2.0801563
1747033035951,145900402,1.8265777,1.0133129,3.164032
1747033035967,145917069,1.7545533,0.67002505,3.6299343
1747033035984,145933736,1.4966961,0.07645814,4.090475
1747033036001,145950403,0.8852,-0.2977385,4.3681507
1747033036017,145967070,-0.0833263,-0.6096923,3.5593472
1747033036034,145983737,0.08511344,-0.5178912,3.1261816
1747033036051,146000404,-0.17695415,-0.38143376,2.9324894
1747033036067,146017071,-0.044708036,-0.7397142,2.9066944
1747033036084,146033738,-0.021995323,-1.0525162,2.798565
1747033036101,146050405,0.013818493,-1.0193219,2.8410072
1747033036117,146067072,0.3075468,-0.93218684,2.815754
1747033036134,146083739,0.6569055,-0.60680926,2.5930882
1747033036151,146100406,1.0129979,-0.12701401,2.1424284
1747033036167,146117073,1.0370789,0.1722916,1.6915197
1747033036184,146133740,1.1640575,0.42046988,1.2654171
1747033036201,146150407,1.1962795,0.31032577,1.0350046
1747033036217,146167074,1.1788743,0.27118167,0.9664335
1747033036234,146183741,0.9170711,0.22006021,0.5926161
1747033036251,146200408,1.0795206,0.14021643,0.4249649
1747033036267,146217075,1.035718,-0.09145337,-0.13904572
1747033036284,146233742,1.3792301,0.044632368,-0.5808811
1747033036301,146250409,1.8135636,0.100230515,-0.6004648
1747033036317,146267076,2.2349923,0.010877454,-0.2931223
1747033036334,146283743,1.8936892,-0.057589285,-0.17064953
1747033036351,146300410,1.5843264,0.07504738,-0.21255112
1747033036367,146317077,0.6205897,0.24622816,-0.638155
1747033036384,146333744,0.11053763,-0.06951745,-1.2024603
1747033036401,146350411,0.19420043,-0.36920482,-1.4116287
1747033036417,146367078,0.36630362,-0.48043963,-1.4366474
1747033036434,146383745,0.42055553,-0.32441908,-1.6325808
1747033036451,146400412,-0.025767963,-0.6056542,-1.663887
1747033036467,146417079,-0.18842228,-0.5992174,-1.96247
1747033036484,146433746,-0.2635749,-0.6872655,-2.122941
1747033036501,146450413,-0.30716613,-0.7760206,-1.9193287
1747033036517,146467080,-0.2784149,-0.8116722,-2.0081735
1747033036534,146483747,-0.49608085,-0.79240173,-1.8802924
1747033036551,146500414,-0.6611556,-0.4408856,-1.9427724
1747033036567,146517081,-0.828306,-0.39536217,-2.0383992
1747033036584,146533748,-0.93751705,-0.44041696,-2.081069
1747033036601,146550415,-0.9259885,-0.43184367,-1.9105225
1747033036617,146567082,-1.0229683,-0.57863873,-1.464778
1747033036634,146583749,-1.3372056,-0.8521298,-1.3387337
1747033036651,146600416,-1.5436478,-0.6493689,-1.0977821
1747033036667,146617083,-1.3794088,-0.23984656,-0.82308006
1747033036684,146633750,-1.0532849,-0.10861366,-0.17910671
1747033036701,146650417,-0.58224875,-0.08298366,0.3293543
1747033036717,146667084,-0.3441357,-0.15956143,0.72147083
1747033036734,146683751,-0.4360287,-0.34253758,0.7102165
1747033036751,146700418,-0.69037485,-0.59852415,0.4772339
1747033036767,146717085,-0.8458733,-0.75707036,0.17626667
1747033036784,146733752,-0.8306325,-0.6782798,0.02212143
1747033036801,146750419,-0.6788853,-0.49242732,-0.0015897751
1747033036817,146767086,-0.37970084,-0.4480995,-0.049180984
1747033036834,146783753,-0.32826203,-0.5279116,-0.2018385
1747033036851,146800420,-0.47080976,-0.5606922,-0.29769993
1747033036867,146817087,-0.5030479,-0.7012182,-0.36354923
1747033036884,146833754,-0.50153995,-0.81563395,-0.322505
1747033036901,146850421,-0.5290004,-0.65859425,-0.12872696
1747033036917,146867088,-0.49201974,-0.5070368,0.06964016
1747033036934,146883755,-0.3388517,-0.38159847,0.18751907
1747033036951,146900422,-0.31948265,-0.21179327,0.48160744
1747033036967,146917089,-0.2802724,-0.35826978,0.5629101
1747033036984,146933756,-0.32196155,-0.48117897,0.5105934
1747033037001,146950423,-0.3275754,-0.51221836,0.41744995
1747033037017,146967090,-0.3162817,-0.47060552,0.27987385
1747033037034,146983757,-0.28058043,-0.3030102,0.27556515
1747033037051,147000424,-0.17192857,-0.21860819,0.29390717
1747033037067,147017091,-0.2660418,-0.27708372,0.23971081
1747033037084,147033758,-0.4132769,-0.3377736,0.20625782
1747033037101,147050425,-0.4758005,-0.37361863,0.15647793
1747033037117,147067092,-0.51160884,-0.41792747,0.1463356
1747033037134,147083759,-0.49343267,-0.48517248,-0.01341629
1747033037151,147100426,-0.5396393,-0.4195087,-0.1256752
1747033037167,147117093,-0.67784584,-0.4675544,-0.15369225
1747033037184,147133760,-0.7059572,-0.6053083,-0.097929
1747033037201,147150427,-0.7243763,-0.7356586,-0.09154034
1747033037217,147167094,-0.69269884,-0.8182463,-0.2473259
1747033037234,147183761,-0.94545513,-0.80717736,-0.41632938
1747033037251,147200428,-1.05625,-0.7337881,-0.59333515
1747033037267,147217095,-0.84196836,-0.6061536,-0.44776344
1747033037284,147233762,-0.4690132,-0.6006515,-0.22503376
1747033037301,147250429,-0.17179315,-0.62856936,0.0032377243
1747033037317,147267096,-0.11334297,-0.58938855,-0.06996822
1747033037334,147283763,-0.47421783,-0.6134931,-0.17508793
1747033037351,147300430,-0.35183135,-0.69129425,0.01037693
1747033037367,147317097,0.33817992,-0.5166414,0.30423737
1747033037384,147333764,0.81687444,-0.12155806,0.5632458
1747033037401,147350431,0.7972302,0.27493912,0.2771864
1747033037417,147367098,0.53111094,0.62566906,-0.009708405
1747033037434,147383765,0.4280381,0.45528466,-0.2554798
1747033037451,147400432,0.35709822,0.17656054,-0.18392563
1747033037467,147417099,0.3276395,0.13038595,-0.08121681
1747033037484,147433766,0.6907915,0.11651711,-0.19370365
1747033037501,147450433,1.3776635,0.100997545,-0.37301064
1747033037517,147467100,1.3423033,-0.14315815,-0.5715189
1747033037534,147483767,0.38436484,-0.59980565,-0.68365
1747033037551,147500434,-0.0024233274,-0.8512609,-0.8646364
1747033037567,147517101,0.5329713,-0.65781736,-0.45443058
1747033037584,147533768,1.1684113,-0.11079224,-0.14836407
1747033037601,147550435,1.2028551,0.49213183,0.31026077
1747033037617,147567102,0.800712,0.87003034,0.37252045
1747033037634,147583769,0.28816062,0.8731723,0.58862495
1747033037651,147600436,-0.24193634,0.4059801,0.2613201
1747033037667,147617103,-0.87949926,-0.22064081,0.098137856
1747033037684,147633770,-0.82903177,-0.565373,-0.22563076
1747033037701,147650437,-0.0067993198,-0.63744533,-0.13976192
1747033037717,147667104,0.49414992,-0.5549554,-0.29967785
1747033037734,147683771,0.35112566,-0.7245156,-0.51192474
1747033037751,147700438,0.13884619,-0.84298927,-0.7135916
1747033037767,147717105,-0.28070417,-0.76830554,-0.49771786
1747033037784,147733772,-0.31853274,-0.84874916,-0.19635391
1747033037801,147750439,0.13640794,-0.89368623,0.19462204
1747033037817,147767106,0.47998178,-0.94265515,-0.1044054
1747033037834,147783773,0.5066042,-0.8987862,-0.5985594
1747033037851,147800440,0.7266432,-0.73122114,-0.5622425
1747033037867,147817107,1.2026043,-0.56468433,-0.1425209
1747033037884,147833774,1.5346274,-0.4814574,0.028570175
1747033037901,147850441,1.3943805,-0.4037083,-0.350132
1747033037917,147867108,1.3385834,-0.4832104,-0.9211912
1747033037934,147883775,1.4703162,-0.59416145,-0.96563053
1747033037951,147900442,1.3513725,-0.8744955,-1.0009356
1747033037967,147917109,0.98840326,-0.8591361,-1.0017052
1747033037984,147933776,0.60855865,-0.40234688,-0.70168304
1747033038001,147950443,0.54560614,-0.1561072,-0.6965742
1747033038017,147967110,0.5264083,-0.31225055,-0.81691265
1747033038034,147983777,0.8176689,-0.27853268,-0.78352547
1747033038051,148000444,1.270558,0.07088434,-0.29530048
1747033038067,148017111,1.3448491,0.04933328,0.19789314
1747033038084,148033778,0.9160654,-0.33604676,0.47907734
1747033038101,148050445,0.3399118,-0.1939814,0.6770277
1747033038117,148067112,0.17664106,0.22132683,1.3157148
1747033038134,148083779,0.17562547,0.37878397,1.8346672
1747033038151,148100446,0.11981004,0.29097116,1.7526054
1747033038167,148117113,0.10073371,0.42238688,1.8915224
1747033038184,148133780,-0.15396835,0.43700567,2.0186062
1747033038201,148150447,-0.22390461,0.37084076,2.4791546
1747033038217,148167114,0.022424078,0.2331206,3.0988302
1747033038234,148183781,0.43334922,-0.116211414,3.1991549
1747033038251,148200448,0.51090986,-0.6311521,3.619955
1747033038267,148217115,0.4238888,-1.0086902,3.3294153
1747033038284,148233782,0.39011806,-1.2845637,2.850154
1747033038301,148250449,0.14162648,-1.1719848,2.6347017
1747033038317,148267116,0.0073306104,-1.0593365,2.6857224
1747033038334,148283783,-0.025025908,-0.9288045,2.5523233
1747033038351,148300450,0.11302721,-0.56778663,2.715229
1747033038367,148317117,0.07883274,-0.32250667,2.347886
1747033038384,148333784,0.012782091,-0.37002212,1.7927408
1747033038401,148350451,0.011109153,-0.13352561,1.2401924
1747033038417,148367118,0.27666986,0.032894794,0.7037916
1747033038434,148383785,0.7011134,0.069392,0.3094082
1747033038451,148400452,0.8085137,-0.16833884,0.03784561
1747033038467,148417119,0.8120899,-0.45332518,-0.18367767
1747033038484,148433786,0.7329286,-0.56963074,-0.49560356
1747033038501,148450453,0.77404094,-0.5114731,-0.7936163
1747033038517,148467120,0.8192913,-0.31711262,-0.720006
1747033038534,148483787,0.8430177,-0.20243546,-0.59436417
1747033038551,148500454,0.9824894,-0.1850427,-0.5870161
1747033038567,148517121,0.85840464,-0.23568441,-0.2943592
1747033038584,148533788,0.7716525,-0.19019008,0.054145813
1747033038601,148550455,0.72126734,-0.3689055,0.19879436
1747033038618,148567122,0.7521513,-0.35585636,0.1578064
1747033038634,148583789,0.6877334,-0.5658507,0.13223934
1747033038651,148600456,0.56578904,-0.49860606,0.2520361
1747033038668,148617123,0.4122385,-0.4507545,0.38321495
1747033038684,148633790,0.2802635,-0.10485792,0.3560171
1747033038701,148650457,0.389744,0.16735756,0.18619919
1747033038718,148667124,0.36610898,0.1802114,0.12050915
1747033038734,148683791,0.39868295,0.037122037,0.32646942
1747033038751,148700458,0.3719487,-0.22220764,0.44940472
1747033038768,148717125,0.47027707,-0.28053218,0.36504555
1747033038784,148733792,0.45788497,-0.31795645,0.09128857
1747033038801,148750459,0.27222678,0.016143838,-0.25321198
1747033038818,148767126,0.12806828,0.16716635,-0.42676067
1747033038834,148783793,0.16633275,0.13211036,-0.12754822
1747033038851,148800460,0.3561811,0.026909843,0.30853844
1747033038868,148817127,0.5664698,-0.14402539,0.5511179
1747033038884,148833794,0.6681839,-0.34908444,0.45273495
1747033038901,148850461,0.5306716,-0.2607134,0.08558464
1747033038918,148867128,0.3120776,-0.2215779,-0.23925304
1747033038934,148883795,0.18995383,-0.062604584,-0.33681488
1747033038951,148900462,0.17977141,0.038363148,-0.12605095
1747033038968,148917129,0.27174366,0.014356796,0.0157547
1747033038984,148933796,0.37915844,-0.08675354,0.19466972
1747033039001,148950463,0.43912238,-0.23097986,0.12706375
1747033039018,148967130,0.36698893,-0.23612356,-0.0334301
1747033039034,148983797,0.35349134,-0.23862775,-0.022250175
1747033039051,149000464,0.3968448,-0.17677477,0.07723141
1747033039068,149017131,0.43529114,-0.13182978,0.21068001
1747033039084,149033798,0.43528634,-0.07198771,0.12838173
1747033039101,149050465,0.36574697,-0.057862755,0.023798943
1747033039118,149067132,0.3584132,-0.018180264,0.0417614
1747033039134,149083799,0.4350938,0.094454505,0.14578629
1747033039151,149100466,0.4543502,0.15425411,0.24958515
1747033039168,149117133,0.4373602,0.16313446,0.20492935
1747033039184,149133800,0.26302648,0.0861144,0.053668976
1747033039201,149150467,0.15467152,-0.032427035,-0.20273495
1747033039218,149167134,0.18044329,-0.17600751,-0.24515343
1747033039234,149183801,0.33055544,-0.25223193,-0.049545288
1747033039251,149200468,0.42662242,-0.25976753,0.117424965
1747033039268,149217135,0.5295887,-0.20960118,0.03596115
1747033039284,149233802,0.48579156,-0.14101265,-0.14310932
1747033039301,149250469,0.4329475,-0.0779336,-0.2967453
1747033039318,149267136,0.47317156,-0.05063485,-0.11763954
1747033039334,149283803,0.57635343,-0.03362328,0.23560047
1747033039351,149300470,0.6437638,-0.057812966,0.46395302
1747033039368,149317137,0.6466793,-0.10287675,0.45135403
1747033039384,149333804,0.50194126,-0.082846195,0.31816196
1747033039401,149350471,0.4265167,0.018791517,0.24622059
1747033039418,149367138,0.37763798,-0.04054838,0.26247025
1747033039434,149383805,0.5166381,-0.058298774,0.32568932
1747033039451,149400472,0.6311929,-0.065758966,0.3141241
1747033039468,149417139,0.7816062,-0.00795829,0.29129887
1747033039484,149433806,0.8005976,0.024599053,0.14941978
1747033039501,149450473,0.9400946,0.042857714,0.1157465
1747033039518,149467140,0.9956151,0.04187292,0.3475752
1747033039534,149483807,1.0104083,-0.05063999,0.61220455
1747033039551,149500474,0.9139298,-0.11744192,0.70047
1747033039568,149517141,0.9170534,-0.11846393,0.607934
1747033039584,149533808,0.6007254,0.09571132,0.6462574
1747033039601,149550475,0.49687454,0.2697846,0.96092224
1747033039618,149567142,0.6742822,0.46831408,1.8740358
1747033039634,149583809,0.87880725,0.52530146,2.638876
1747033039651,149600476,1.0092821,0.056873877,3.3825293
1747033039668,149617143,1.014897,-0.3748824,4.1074753
1747033039684,149633810,0.6302483,-0.6486335,4.251648
1747033039701,149650477,0.41944602,-0.8673508,3.7467918
1747033039718,149667144,0.32365155,-0.81414914,3.3741512
1747033039734,149683811,-0.03298002,-0.76047224,3.0248356
1747033039751,149700478,0.07356285,-0.7885572,2.9786167
1747033039768,149717145,0.22758523,-0.7220232,3.0568113
1747033039784,149733812,0.22465077,-0.65248185,3.0578918
1747033039801,149750479,0.3921698,-0.5695429,3.019147
1747033039818,149767146,0.6241468,-0.512847,2.899766
1747033039834,149783813,0.7997496,-0.23279402,2.5921764
1747033039851,149800480,1.0276554,-0.02670918,2.1631794
1747033039868,149817147,1.1726058,0.29127648,1.5158606
1747033039884,149833814,1.2415994,0.1947477,1.0330362
1747033039901,149850481,1.1356373,0.2117316,0.7675209
1747033039918,149867148,1.4274504,-0.014509629,0.5037937
1747033039934,149883815,1.5423584,-0.101036906,0.045386314
1747033039951,149900482,1.7424831,-0.0806234,-0.031158447
1747033039968,149917149,1.8849831,-0.015416876,0.06905556
1747033039984,149933816,1.7459823,-0.15647505,-0.13519573
1747033040001,149950483,1.1205002,-0.006661915,-0.5645199
1747033040018,149967150,1.3515502,-0.45092368,-0.86623955
1747033040034,149983817,1.5845999,-0.7363656,-0.8649988
1747033040051,150000484,1.1063197,-0.45919162,-1.1739769
1747033040068,150017151,1.0249728,-0.07676522,-1.4178333
1747033040084,150033818,0.9254111,-0.16130202,-1.3309641
1747033040101,150050485,0.24225116,-0.2279067,-1.785038
1747033040118,150067152,-0.18836616,-0.22562855,-1.8036699
1747033040134,150083819,-0.40260303,-0.34915048,-2.1234212
1747033040151,150100486,-0.40463036,-0.41306657,-2.3382592
1747033040168,150117153,-0.66475433,-0.31564113,-2.2534509
1747033040184,150133820,-0.84789807,-0.18933733,-2.029954
1747033040201,150150487,-0.6249552,-0.039542682,-2.0813837
1747033040218,150167154,-0.79032004,-0.1572108,-1.7878876
1747033040234,150183821,-1.044011,-0.18719953,-1.7997122
1747033040251,150200488,-1.1930132,-0.2739266,-1.892365
1747033040268,150217155,-1.2955095,-0.4156053,-1.7899504
1747033040284,150233822,-1.4694589,-0.518058,-1.5785599
1747033040301,150250489,-1.5959874,-0.66304237,-1.2236423
1747033040318,150267156,-1.2496238,-0.7175985,-0.8205948
1747033040334,150283823,-1.0582981,-0.471565,-0.18448067
1747033040351,150300490,-0.9334793,-0.31151515,0.04805851
1747033040368,150317157,-1.078284,-0.14690405,0.094184875
1747033040384,150333824,-1.3215245,-0.3228948,-0.068499565
1747033040401,150350491,-1.3830369,-0.35571155,-0.093037605
1747033040418,150367158,-1.0232358,-0.36913598,-0.028365135
1747033040434,150383825,-0.7514089,-0.92580044,0.3865986
1747033040451,150400492,-1.1430862,-0.6057133,0.058350563
1747033040468,150417159,-1.2055438,-0.5181804,-0.22348213
1747033040484,150433826,-0.9989108,-0.23439753,-0.18227863
1747033040501,150450493,-0.9809881,-0.19276406,-0.25542545
1747033040518,150467160,-1.0346643,-0.2437739,-0.27495956
1747033040534,150483827,-0.8085051,-0.41939607,-0.24977112
1747033040551,150500494,-0.69923645,-0.5452697,-0.20883274
1747033040568,150517161,-0.81907606,-0.3258957,-0.185565
1747033040584,150533828,-0.83612484,-0.042982854,-0.11083317
1747033040601,150550495,-0.6314147,0.057701603,0.0066337585
1747033040618,150567162,-0.44863012,0.016812589,0.24131203
1747033040634,150583829,-0.25231016,-0.28093302,0.48247433
1747033040651,150600496,-0.2461049,-0.31764168,0.6141491
1747033040668,150617163,-0.2881188,-0.14640285,0.62962246
1747033040684,150633830,-0.30126992,-0.01963525,0.42443657
1747033040701,150650497,-0.3112538,0.04003025,0.18814945
1747033040718,150667164,-0.39188614,-0.054881956,0.06282616
1747033040734,150683831,-0.542271,-0.21673073,0.031710625
1747033040751,150700498,-0.5968,-0.3451806,0.026625633
1747033040768,150717165,-0.60073745,-0.43849447,-0.03055954
1747033040784,150733832,-0.65993434,-0.40102157,-0.10050106
1747033040801,150750499,-0.73786026,-0.3004044,-0.25201416
1747033040818,150767166,-0.8123368,-0.20940593,-0.45442677
1747033040834,150783833,-1.1541342,-0.14251645,-0.6043539
1747033040851,150800500,-1.452587,0.015860423,-0.6634455
1747033040868,150817167,-1.530473,0.015826616,-0.7338371
1747033040884,150833834,-1.6181582,-0.09616991,-0.8382263
1747033040901,150850501,-1.9039222,-0.26801294,-1.0765705
1747033040918,150867168,-2.151944,-0.4221782,-1.5776033
1747033040934,150883835,-2.1447842,-0.5825302,-2.0189352
1747033040951,150900502,-1.8372927,-0.7581609,-2.511136
1747033040968,150917169,-1.5573562,-0.78563946,-2.603715
1747033040984,150933836,-0.9828028,-0.50389755,-2.308453
1747033041001,150950503,-0.33931133,-0.1788202,-1.69238
1747033041018,150967170,0.13739984,0.24435191,-0.8147001
1747033041034,150983837,0.41844776,0.47912633,-0.009441376
1747033041051,151000504,0.25244424,0.61699766,0.34287548
1747033041068,151017171,-0.07417015,0.091166966,0.17444897
1747033041084,151033838,-0.06072361,-0.28245538,-0.17950249
1747033041101,151050505,0.24915895,0.27603588,0.03259468
1747033041118,151067172,1.325167,0.045811746,-0.20630169
1747033041134,151083839,1.7725676,0.3687117,0.40188122
1747033041151,151100506,1.4055619,-0.021590583,0.2609892
1747033041168,151117173,0.6620377,-0.5854307,-0.09770298
1747033041184,151133840,0.9808431,-1.1341983,-0.32485104
1747033041201,151150507,1.5321101,-1.3527735,-0.26010227
1747033041218,151167174,2.1180232,-1.3705512,-0.055091858
1747033041234,151183841,1.3695555,-1.6120671,-0.6882591
1747033041251,151200508,0.2604854,-2.537841,-1.5938816
1747033041268,151217175,0.80611354,-2.2428403,-1.7751045
1747033041284,151233842,1.923966,-0.7068753,-0.92758465
1747033041301,151250509,1.4204097,0.375356,-0.34308243
1747033041318,151267176,0.48324642,1.3498145,0.52064896
1747033041334,151283843,0.010303277,1.7448369,0.89140224
1747033041351,151300510,0.031573553,1.6794956,1.2203321
1747033041368,151317177,0.64938766,0.45294628,1.1655312
1747033041384,151333844,1.7166426,-0.33159906,1.9217215
1747033041401,151350511,1.4138849,-0.6129511,2.104908
1747033041418,151367178,0.94748473,-0.723044,2.0204697
1747033041434,151383845,0.47374108,-0.8703597,1.6821976
1747033041451,151400512,-0.01385927,-0.5532511,1.4929867
1747033041468,151417179,-0.0036746648,0.15708128,1.580574
1747033041484,151433846,-0.1616473,0.33447796,1.0770483
1747033041501,151450513,0.07337148,0.21647799,0.9876137
1747033041518,151467180,0.6016338,-0.14120811,1.7591352
1747033041534,151483847,1.0862056,-0.4996328,3.4185228
1747033041551,151500514,-0.0008133916,-0.7316124,3.746356
1747033041568,151517181,-1.1184667,-0.94223106,2.8824902
1747033041584,151533848,-1.0321107,-0.84242946,2.7998915
1747033041601,151550515,-0.55285394,-0.82598835,2.860528
1747033041618,151567182,-0.34689692,-0.76465684,3.5033426
1747033041634,151583849,-0.8283811,-0.9337467,3.4356089
1747033041651,151600516,-1.2696924,-0.6507333,2.8560553
1747033041668,151617183,-1.0542749,-0.052600227,2.2592154
1747033041684,151633850,-0.4880858,0.21186078,1.9746275
1747033041701,151650517,0.23218644,0.11369752,1.5364227
1747033041718,151667184,0.8744524,0.0681491,0.9614725
1747033041734,151683851,0.9254499,-0.086398594,0.24080181
1747033041751,151700518,0.8240872,-0.3670247,-0.52939415
1747033041768,151717185,0.855023,-0.6283792,-1.0685482
1747033041784,151733852,0.8879748,-0.98091185,-1.2176046
1747033041801,151750519,0.9250154,-1.2089965,-1.1614056
1747033041818,151767186,0.9216644,-1.2502416,-0.954154
1747033041834,151783853,0.95196426,-1.1457595,-0.74135303
1747033041851,151800520,1.0793389,-0.8955617,-0.47106743
1747033041868,151817187,1.1758786,-0.63447994,-0.16818333
1747033041884,151833854,1.18249,-0.3795077,0.14843369
1747033041901,151850521,1.0676236,-0.15717599,0.4814148
1747033041918,151867188,0.96091294,0.041744173,0.6365957
1747033041934,151883855,0.995864,0.15849148,0.63974094
1747033041951,151900522,1.051013,0.14249946,0.519784
1747033041968,151917189,1.0803701,0.02426546,0.45533562
1747033041984,151933856,0.98342234,0.08826504,0.32514
1747033042001,151950523,0.39516488,0.032923684,0.3160429
1747033042018,151967190,-0.7003899,0.23011397,0.29636955
1747033042034,151983857,-1.0819625,0.55562425,0.6001158
1747033042051,152000524,-0.62186307,0.2649161,0.93289757
1747033042068,152017191,-0.061807033,-0.18884163,0.6959152
1747033042084,152033858,0.37679413,-0.36230087,0.20042229
1747033042101,152050525,0.77599216,-0.2556855,-0.2590027
1747033042118,152067192,0.7698686,0.04415979,-0.49607944
1747033042134,152083859,0.5557038,0.3825536,-0.61313343
1747033042151,152100526,0.47585148,0.29104146,-0.3528242
1747033042168,152117193,0.35605893,0.07794366,-0.13760853
1747033042184,152133860,0.20302866,-0.16426235,-0.15246677
1747033042201,152150527,0.3272355,-0.34312022,-0.3389845
1747033042218,152167194,0.5109077,-0.56159574,-0.45213795
1747033042234,152183861,0.51319057,-0.6169961,-0.29733372
1747033042251,152200528,0.5527299,-0.47846782,0.028438568
1747033042268,152217195,0.52152514,-0.3356296,0.33025932
1747033042284,152233862,0.4008403,-0.13712072,0.44550323
1747033042301,152250529,0.23608299,-0.10159044,0.35533428
1747033042318,152267196,0.08266325,-0.05844484,0.1538086
1747033042334,152283863,-0.04249216,-0.06340604,0.004179001
1747033042351,152300530,-0.07427347,-0.0456894,-0.03322506
1747033042368,152317197,-0.06665346,-0.11770561,0.08610439
1747033042384,152333864,-0.02748561,-0.12405942,0.20097065
1747033042401,152350531,0.09719629,-0.13985519,0.16775799
1747033042418,152367198,0.12493625,-0.07341674,-0.0038661957
1747033042434,152383865,0.20034796,0.0056725354,-0.19154549
1747033042451,152400532,0.3062046,0.08915574,-0.22992897
1747033042468,152417199,0.3870088,0.0651519,-0.14530277
1747033042484,152433866,0.46080706,-0.008685378,-0.0026187897
1747033042501,152450533,0.51041204,-0.12362837,0.0834198
1747033042518,152467200,0.522864,-0.23440038,0.1281004
1747033042534,152483867,0.41843078,-0.25037777,0.21411991
1747033042551,152500534,0.22173636,-0.2588728,0.21128368
1747033042568,152517201,0.081553616,-0.3012245,0.15849686
1747033042584,152533868,0.057719875,-0.3569571,0.102176666
1747033042601,152550535,-0.032878086,-0.41597638,0.090706825
1747033042618,152567202,0.080759145,-0.41018897,0.2771778
1747033042634,152583869,0.14657722,-0.44648066,0.40520954
1747033042651,152600536,0.16992527,-0.4243856,0.37981606
1747033042668,152617203,0.15561755,-0.3940861,0.15905285
1747033042684,152633870,0.10441922,-0.2741507,-0.025385857
1747033042701,152650537,0.22386588,-0.10483283,0.002158165
1747033042718,152667204,0.25227728,0.04625254,0.018022537
1747033042734,152683871,0.22963475,0.2660924,0.23727036
1747033042751,152700538,0.21485607,0.22956479,0.1743927
1747033042768,152717205,0.34726873,0.24866632,0.21252537
1747033042784,152733872,0.4436835,0.22410236,0.3399973
1747033042801,152750539,0.6313474,0.28998682,0.49075317
1747033042818,152767206,0.4333709,0.110734016,0.38418293
1747033042834,152783873,0.45153457,-0.18141356,0.20405483
1747033042851,152800540,0.55868626,-0.30438358,0.37957096
1747033042868,152817207,0.56693673,-0.32731622,0.6037874
1747033042884,152833874,0.45309702,-0.36088407,0.60431385
1747033042901,152850541,0.4179007,-0.37438974,0.5408306
1747033042918,152867208,0.44323418,-0.25311077,0.58814526
1747033042934,152883875,0.53889596,-0.049348254,0.48192024
1747033042951,152900542,0.60984266,0.07677815,0.5897865
1747033042968,152917209,0.7138536,0.07532487,0.7083607
1747033042984,152933876,0.83205336,-0.003992109,0.3749056
1747033043001,152950543,0.794056,0.12686557,0.16220951
1747033043018,152967210,0.6673187,0.38893038,0.56688786
1747033043034,152983877,0.47596642,0.5587979,1.3843498
1747033043051,153000544,0.46316868,0.6982228,2.3220263
1747033043068,153017211,0.54652107,0.5069856,3.2088919
1747033043084,153033878,0.6447812,0.29151255,3.9798117
1747033043101,153050545,0.22616541,-0.11473269,4.015749
1747033043118,153067212,0.3136251,-0.47066107,3.639227
1747033043134,153083879,0.601572,-0.4442467,3.1955185
1747033043151,153100546,0.5048162,-0.31265405,2.8978615
1747033043168,153117213,0.39461353,-0.3275266,2.6679869
1747033043184,153133880,0.22974657,-0.61979324,2.6854696
1747033043201,153150547,-0.052656375,-0.93631446,2.47783
1747033043218,153167214,-0.16965787,-1.0968198,2.2436962
1747033043234,153183881,0.09534353,-0.93370664,2.2228642
1747033043251,153200548,0.24364097,-0.5663945,1.9893703
1747033043268,153217215,0.3640701,-0.3263381,1.4991827
1747033043284,153233882,0.6569914,-0.082477555,1.0887232
1747033043301,153250549,0.823908,0.08648331,0.81164837
1747033043318,153267216,0.69680285,0.0068085818,0.5914116
1747033043334,153283883,0.46796724,-0.12375928,0.2949505
1747033043351,153300550,0.47685605,-0.19213638,0.00019073486
1747033043368,153317217,0.80944586,-0.27973828,0.05579853
1747033043384,153333884,1.3585845,-0.08274644,0.19287491
1747033043401,153350551,1.4582251,0.042821884,-0.07833099
