timestamp_ms,timestamp_μs,freeAcceleration_m/s²_x,freeAcceleration_m/s²_y,freeAcceleration_m/s²_z
1751411882767,127988304,-0.09787604,0.05292038,0.0021562576
1751411882784,128004971,-0.1501426,0.089598075,0.008068085
1751411882800,128021638,-0.13921772,0.06864932,0.01516819
1751411882817,128038305,-0.08130524,0.02598718,-4.5776367E-05
1751411882834,128054972,-0.077195846,-0.019468872,0.0068044662
1751411882850,128071639,0.0064755613,-0.049031813,-0.043959618
1751411882867,128088306,0.009921069,-0.018728485,-0.0506258
1751411882884,128104973,-0.05107489,0.028076692,-0.028286934
1751411882900,128121640,0.0036437083,0.049916923,0.028983116
1751411882917,128138307,-0.050048854,0.06553243,0.0014734268
1751411882934,128154974,0.03127108,0.03372531,0.027169228
1751411882950,128171641,-0.027207617,0.04763944,0.01910305
1751411882967,128188308,-0.033416864,0.03544893,-0.0032835007
1751411882984,128204975,-0.01445665,0.014792646,-0.017210007
1751411883000,128221642,-0.024850171,-0.0073026153,0.01925087
1751411883017,128238309,-0.060428906,0.05959582,0.03808403
1751411883034,128254976,-0.11852657,0.0800087,0.017495155
1751411883050,128271643,-0.15784714,0.14306751,0.040000916
1751411883067,128288310,-0.08989557,0.10749498,0.03269005
1751411883084,128304977,-0.06756584,0.025026187,-0.027331352
1751411883100,128321644,-0.100926325,0.051596735,-0.07330608
1751411883117,128338311,-0.10990931,0.123520635,-0.092206955
1751411883134,128354978,0.25439417,0.035420097,-0.052926064
1751411883150,128371645,-0.37103194,0.19430327,0.045654297
1751411883167,128388312,-0.033616293,-0.023004623,0.23066616
1751411883184,128404979,0.27754605,-0.13293913,0.027885437
1751411883200,128421646,-0.025659567,-0.09087121,-0.0062093735
1751411883217,128438313,0.14654028,0.01136161,-0.10927868
1751411883234,128454980,0.4679226,-0.057579953,-0.09470749
1751411883250,128471647,0.6548243,-0.07646769,-0.10758209
1751411883267,128488314,0.5359814,-0.083736785,-0.0346241
1751411883284,128504981,0.8729907,-0.02971549,0.1898632
1751411883300,128521648,1.1245236,0.15788731,0.4994688
1751411883317,128538315,1.3752923,0.32622263,0.7014952
1751411883334,128554982,1.3144137,0.58295363,0.9261942
1751411883350,128571649,1.265806,0.9256949,1.5534172
1751411883367,128588316,1.3648719,0.7533234,2.2743998
1751411883384,128604983,2.1761074,0.44219178,2.410841
1751411883400,128621650,2.485886,0.31344026,2.2986927
1751411883417,128638317,2.6279535,-0.08238911,2.2567587
1751411883434,128654984,2.9946856,-0.4694768,1.9545946
1751411883450,128671651,1.4395096,-0.9446418,1.6072378
1751411883467,128688318,0.6203734,-1.6525118,1.2776241
1751411883484,128704985,0.74482477,-2.8737438,0.45862198
1751411883500,128721652,0.22456448,-1.550526,0.6198263
1751411883517,128738319,0.93666214,-1.10897,0.038503647
1751411883534,128754986,2.7064292,-1.1268013,-1.3069267
1751411883550,128771653,3.5760944,1.5625856,-2.8281493
1751411883567,128788320,4.3567123,1.165558,-4.417858
1751411883584,128804987,4.590458,1.2574322,-4.8261013
1751411883600,128821654,5.587491,0.59720236,-4.8286386
1751411883617,128838321,5.595985,0.28005844,-5.0095067
1751411883634,128854988,5.172362,0.6911905,-4.1039963
1751411883650,128871655,4.4208894,1.2542329,-3.2574148
1751411883667,128888322,3.6456788,1.47651,-2.2683368
1751411883684,128904989,3.08743,1.6045381,-1.2416201
1751411883700,128921656,2.1461105,1.848721,-0.17753029
1751411883717,128938323,0.90138394,2.2402208,0.81392
1751411883734,128954990,-0.30905247,2.1333516,1.5505419
1751411883750,128971657,-1.2144786,1.9737868,2.168171
1751411883767,128988324,-2.3690119,1.803379,2.5112028
1751411883784,129004991,-3.2262266,1.0494941,2.3080072
1751411883800,129021658,-3.8798738,0.07442624,1.7913799
1751411883817,129038325,-4.780466,-0.7884601,1.0979834
1751411883834,129054992,-5.4125533,-0.989801,0.9330511
1751411883850,129071659,-6.501716,-1.4718192,1.0586271
1751411883867,129088326,-8.114013,-1.2135679,0.9544611
1751411883884,129104993,-9.5006895,-1.4051425,-1.2987385
1751411883900,129121660,-10.586846,-1.9942837,-3.9107485
1751411883917,129138327,-11.706947,-2.2852156,-5.149201
1751411883934,129154994,-10.783118,-2.0874634,-4.5467653
1751411883950,129171661,-8.907285,-1.715386,-3.1950412
1751411883967,129188328,-1.4210453,0.45820916,2.0669184
1751411883984,129204995,15.2071085,3.8206773,10.561474
1751411884000,129221662,-3.1601224,1.3859423,-4.2597547
1751411884017,129238329,-5.47697,-0.967177,-0.0657177
1751411884034,129254996,-3.5406427,-3.3478713,1.6513662
1751411884050,129271663,1.6488842,-1.8074754,2.645154
1751411884067,129288330,-3.0546281,-0.78691536,-1.4319506
1751411884084,129304997,0.013568689,-0.08094231,0.45082855
1751411884100,129321664,-1.0120918,0.8574233,-0.13221836
1751411884117,129338331,-1.7864627,0.52872425,-0.12950897
1751411884134,129354998,0.012752476,-0.43643284,0.5462923
1751411884150,129371665,0.08016147,-0.12977274,0.32604885
1751411884167,129388332,-0.11995326,-0.000814593,-0.00059604645
1751411884184,129404999,-0.028143018,-0.0811513,0.43357944
1751411884200,129421666,-0.34472382,0.23292519,0.32374
1751411884217,129438333,-0.22731356,0.08432786,-0.13878822
1751411884234,129455000,0.83557415,-0.3758565,-0.3529253
1751411884250,129471667,1.6878679,-0.89166474,-0.10675526
1751411884267,129488334,1.848664,-0.80401343,0.15672874
1751411884284,129505001,1.3287271,-0.51721877,-0.11398983
1751411884300,129521668,0.91173995,-0.0754896,-0.07564831
1751411884317,129538335,1.0195197,-0.08807338,0.040647507
1751411884334,129555002,0.8186016,-0.061099615,0.094340324
1751411884350,129571669,0.986756,-0.15490788,0.19038391
1751411884367,129588336,1.2147838,-0.24334683,0.053800583
1751411884384,129605003,1.2489437,-0.37589502,-0.09847069
1751411884400,129621670,0.8586144,-0.14498548,-0.025783539
1751411884417,129638337,1.029115,-0.44173747,-0.11576748
1751411884434,129655004,2.43346,-1.4761786,-0.58795834
1751411884450,129671671,2.9789834,-2.0766664,-1.2246294
1751411884467,129688338,0.80502105,-0.79403764,-0.8110981
1751411884484,129705005,-1.3105661,1.2280389,0.38127136
1751411884500,129721672,-1.2745463,2.0948281,0.83639336
1751411884517,129738339,-0.73279876,1.6338125,0.3435278
1751411884534,129755006,0.082717,0.85243607,0.14261532
1751411884550,129771673,0.44902977,0.22899908,0.24198341
1751411884567,129788340,0.21166967,0.44433057,0.29717922
1751411884584,129805007,0.14297219,0.6906099,0.43622875
1751411884600,129821674,0.36562988,0.7213768,0.5743265
1751411884617,129838341,0.3479472,0.72783196,0.7613878
1751411884634,129855008,0.4364565,0.7642779,1.0519476
1751411884650,129871675,0.5916977,0.8737319,1.176013
1751411884667,129888342,0.6074964,0.80419695,1.3089962
1751411884684,129905009,1.7904352,1.2129464,1.3533049
1751411884700,129921676,1.2547512,1.6520872,1.7314892
1751411884717,129938343,1.594465,1.4011117,1.4663715
1751411884734,129955010,1.7102917,1.6808074,1.6502161
1751411884750,129971677,2.4338408,1.7197688,1.9473372
1751411884767,129988344,3.8504725,2.0797026,3.4386663
1751411884784,130005011,4.1593175,1.8645169,2.8488712
1751411884800,130021678,4.5572405,2.9075346,2.8429642
1751411884817,130038345,7.111547,3.491548,3.3055782
1751411884834,130055012,7.9541736,4.889813,3.6192274
1751411884850,130071679,9.998264,6.5663958,2.4470892
1751411884867,130088346,12.962135,8.540109,1.6759167
1751411884884,130105013,16.56869,0.31201738,-5.893754
1751411884900,130121680,7.860655,-5.8255444,-4.87043
1751411884917,130138347,0.9239918,-5.3359423,4.9143677
1751411884934,130155014,14.790135,0.1868821,-0.2713976
1751411884950,130171681,9.34984,1.2221711,0.2453394
1751411884967,130188348,10.044491,0.43487763,-8.10809
1751411884984,130205015,7.0606246,2.0623891,-8.6073885
1751411885000,130221682,5.31285,2.8055217,-7.6351576
1751411885017,130238349,6.1781197,2.5094397,-8.923179
1751411885034,130255016,6.7836094,2.3458576,-8.320724
1751411885050,130271683,6.433774,1.9950396,-7.396778
1751411885067,130288350,5.9795227,1.456541,-6.4725313
1751411885084,130305017,5.3751893,1.5781895,-4.9165444
1751411885100,130321684,3.7114315,1.6229123,-2.8918056
1751411885117,130338351,2.3626626,2.3379624,-0.7606535
1751411885134,130355018,0.5921638,1.9091419,1.5232172
1751411885150,130371685,0.26332217,1.0389781,2.8206062
1751411885167,130388352,-0.77982575,0.5601295,4.240959
1751411885184,130405019,-2.4299839,-0.1872073,4.3030186
1751411885200,130421686,-2.6779096,-0.6644097,5.015218
1751411885217,130438353,-3.4362595,-1.8250381,5.9227285
1751411885234,130455020,-5.411502,-2.531665,7.0039463
1751411885250,130471687,-8.1793,-3.9139938,7.8665733
1751411885267,130488354,-10.126785,-6.1072736,6.122569
1751411885284,130505021,-15.469882,-5.931887,2.9881067
1751411885300,130521688,-20.292198,-7.6691165,-4.1707644
1751411885317,130538355,-28.979063,-13.553387,-18.22118
1751411885334,130555022,-19.235235,-11.063704,-12.647296
1751411885350,130571689,-9.050251,-9.059218,-5.7740517
1751411885367,130588356,-8.586494,-7.2049246,-3.4027967
1751411885384,130605023,-9.263555,-7.188351,-3.2447424
1751411885400,130621690,9.506614,-1.9967844,10.106226
1751411885417,130638357,23.739304,7.739947,16.387981
1751411885434,130655024,-32.11909,-2.7287214,-1.6022301
1751411885450,130671691,-1.9620398,6.3480864,-1.0106678
1751411885467,130688358,-13.078723,7.69215,-4.995711
1751411885484,130705025,-10.603009,4.15655,2.7387915
1751411885500,130721692,-2.9107978,-0.5346743,1.7451763
1751411885517,130738359,4.098654,-2.9402127,-0.5058069
1751411885534,130755026,-1.6612258,-1.8304555,-0.53876305
1751411885550,130771693,-1.3777213,-0.8471035,-0.16674328
1751411885567,130788360,-2.6293838,0.49022347,1.0351553
1751411885584,130805027,-1.5550154,0.3281396,1.2919083
1751411885600,130821694,-1.5322206,0.41648847,-0.24174976
1751411885617,130838361,0.11473211,-0.86096555,-0.014375687
1751411885634,130855028,-0.24212493,-0.77340925,0.46741772
1751411885650,130871695,-0.6678843,-0.22801909,0.27026463
1751411885667,130888362,-0.75768244,-0.00018518048,0.061044693
1751411885684,130905029,-0.22606045,-0.36381182,0.24634361
1751411885700,130921696,-0.4335393,-0.47895327,0.27399635
1751411885717,130938363,-0.6265095,-0.46544906,0.18172932
1751411885734,130955030,-0.7487848,-0.17883807,0.34508133
1751411885750,130971697,-0.86077666,0.15404424,0.57959366
1751411885767,130988364,-0.61998546,-0.31543645,0.52200603
1751411885784,131005031,-0.102774054,-0.58659744,0.144557
1751411885800,131021698,-0.59565115,-0.4787973,0.05533886
1751411885817,131038365,-0.5955092,-0.45966065,-0.082743645
1751411885834,131055032,-0.6137638,-0.4383039,-0.33465672
1751411885850,131071699,-0.38186774,-0.33196267,-0.012719154
1751411885867,131088366,-0.25289956,0.087603666,0.36103058
1751411885884,131105033,-0.18289696,0.48778337,0.7947817
1751411885900,131121700,-0.096434556,1.2150882,1.2534876
1751411885917,131138367,0.062284008,1.6706371,1.5736895
1751411885934,131155034,-0.18917824,2.0803697,1.6704388
1751411885950,131171701,-0.45329097,2.6056957,1.8862104
1751411885967,131188368,0.60222155,1.7251378,2.4127054
1751411885984,131205035,1.3806324,1.199195,2.6831636
1751411886000,131221702,2.3939707,1.9998021,3.4662256
1751411886017,131238369,3.582069,2.1116915,4.578952
1751411886034,131255036,3.6799302,4.300318,3.187029
1751411886050,131271703,5.7244306,4.76021,3.0525637
1751411886067,131288370,5.84263,3.177357,3.4459076
1751411886084,131305037,7.109487,-0.18821423,3.9118128
1751411886100,131321704,12.497846,-3.5384498,0.065216064
1751411886117,131338371,8.11089,-3.8933203,0.7040405
1751411886134,131355038,11.850684,1.3852419,0.9473524
1751411886150,131371705,8.062645,2.9439776,-0.78792953
1751411886167,131388372,1.0060636,5.5744596,1.7981663
1751411886184,131405039,8.376277,2.403216,-3.3782992
1751411886200,131421706,14.426787,2.9231887,-11.061884
1751411886217,131438373,8.393089,1.7215503,-9.152594
1751411886234,131455040,7.8730025,0.29173762,-10.152837
1751411886250,131471707,8.200892,0.60830885,-9.924061
1751411886267,131488374,6.6284494,1.1370836,-8.079786
1751411886284,131505041,5.6314893,1.8968736,-6.602947
1751411886300,131521708,4.2538824,2.775438,-5.002123
1751411886317,131538375,2.586721,3.8110948,-3.0505815
1751411886334,131555042,1.6842781,4.7478848,-0.6079054
1751411886350,131571709,-0.15914704,4.980203,1.451375
1751411886367,131588376,-1.5916893,3.8822715,2.4163752
1751411886384,131605043,-1.2431862,2.5990937,3.3298788
1751411886400,131621710,-1.4259201,2.0697076,4.5164757
1751411886417,131638377,-2.219151,1.0829883,5.6325836
1751411886434,131655044,-1.266052,-0.6397455,7.0685806
1751411886450,131671711,-2.8395784,-2.6089966,9.732885
1751411886467,131688378,-5.8121047,-4.631493,10.345425
1751411886484,131705045,-9.166502,-5.399246,7.1128063
1751411886500,131721712,-14.26167,-6.7188525,5.7607555
1751411886517,131738379,-18.118563,-11.696199,-1.9299536
1751411886534,131755046,-25.17398,-16.620125,-14.827145
1751411886550,131771713,-23.559765,-13.005252,-16.455162
1751411886567,131788380,-11.925404,-9.937858,-8.309098
1751411886584,131805047,-10.048635,-7.2968245,-3.370287
1751411886600,131821714,-8.115344,-4.175887,-2.1305943
1751411886617,131838381,3.0633385,10.122665,7.912485
1751411886634,131855048,13.620722,-0.09753006,11.9188385
1751411886650,131871715,-22.762466,-4.9094815,-7.475508
1751411886667,131888382,-10.250815,-1.3043783,6.2722645
1751411886684,131905049,6.082224,3.4678278,-0.75306416
1751411886700,131921716,-10.911874,-0.50391084,-3.544629
1751411886717,131938383,-3.1777034,-0.66621566,1.2071457
1751411886734,131955050,-3.9227493,-0.85236686,-0.38260555
1751411886750,131971717,-1.2132012,-0.061578713,0.68653774
1751411886767,131988384,-1.5495034,-0.5771723,0.45230675
1751411886784,132005051,-0.78919226,-0.5362601,1.5053282
1751411886800,132021718,-1.4920079,-0.09309952,0.1071682
1751411886817,132038385,-1.4729701,-0.27184248,0.6001711
1751411886834,132055052,-1.0044354,-0.28774956,-0.16757488
1751411886850,132071719,-0.7053225,-0.5226506,-0.25351238
1751411886867,132088386,-0.24218836,-0.621804,0.11729431
1751411886884,132105053,-1.2334856,-0.032883786,0.41023064
1751411886900,132121720,-1.2577995,-0.069785886,0.43532753
1751411886917,132138387,-0.38680404,-0.535082,-0.16150856
1751411886934,132155054,-0.2377742,-0.6417316,0.034830093
1751411886950,132171721,-0.62465745,-0.45984873,0.19372559
1751411886967,132188388,-0.9367844,-0.21295409,0.3632412
1751411886984,132205055,-1.0779313,-0.092958145,0.34819126
1751411887000,132221722,-1.0506086,-0.12297157,0.011118889
1751411887017,132238389,-0.45108938,-0.29596668,-0.14652538
1751411887034,132255056,-0.36139965,-0.33391473,-0.018797874
1751411887050,132271723,-0.11721232,-0.3186899,-0.034853935
1751411887067,132288390,-0.27364656,-0.18690936,0.019396782
1751411887084,132305057,-0.5163876,0.03586623,0.08901787
1751411887100,132321724,-0.633284,0.27874836,0.17598248
1751411887117,132338391,-0.54108375,0.27035993,0.4231434
1751411887134,132355058,0.040278934,0.23783611,0.94056034
1751411887150,132371725,0.0864604,0.7630741,1.3499308
1751411887167,132388392,-0.36007893,1.0496446,1.6766701
1751411887184,132405059,-0.59650266,1.2730064,1.6549549
1751411887200,132421726,-0.4299835,1.1321347,2.0123806
1751411887217,132438393,0.8364063,1.0611995,2.9243546
1751411887234,132455060,1.6091954,0.9153182,4.7621813
1751411887250,132471727,1.7704133,1.8873528,4.257142
1751411887267,132488394,2.6080558,2.6665761,4.243168
1751411887284,132505061,3.4018998,4.2470517,4.1284456
1751411887300,132521728,3.4447744,5.737664,3.437149
1751411887317,132538395,3.7466085,5.4710803,3.4115114
1751411887334,132555062,9.007078,2.4658315,0.5021477
1751411887350,132571729,13.390212,1.6692117,-3.3845234
1751411887367,132588396,10.434614,-0.78146267,-3.5890136
1751411887384,132605063,4.188319,-2.353124,0.08752346
1751411887400,132621730,4.536633,0.48544377,3.1999884
1751411887417,132638397,7.761594,2.6552908,0.18313503
1751411887434,132655064,7.0678177,3.495775,-3.6411314
1751411887450,132671731,7.290879,4.2230177,-7.0093393
1751411887467,132688398,5.5836487,3.809582,-6.2369447
1751411887484,132705065,6.2545137,3.292483,-7.791521
1751411887500,132721732,6.953265,3.3974166,-8.079275
1751411887517,132738399,5.876253,3.5703819,-6.829606
1751411887534,132755066,5.371617,3.9015129,-5.8636665
1751411887550,132771733,4.5494924,4.0014024,-4.14861
1751411887567,132788400,3.2385705,3.6145077,-2.0866523
1751411887584,132805067,2.9595609,3.7053983,-0.23958874
1751411887600,132821734,1.849187,3.5576787,1.95115
1751411887617,132838401,-0.9764798,1.3628513,4.338979
1751411887634,132855068,-1.1264572,-0.98576677,5.362788
1751411887650,132871735,0.15585938,-2.5156612,6.22204
1751411887667,132888402,0.35894147,-5.301518,6.855875
1751411887684,132905069,-2.1361127,-8.206564,7.9018383
1751411887700,132921736,-3.839266,-8.872087,8.142721
1751411887717,132938403,-5.014725,-7.829986,5.475333
1751411887734,132955070,-7.295721,-6.5949535,4.108308
1751411887750,132971737,-10.902776,-4.0482993,3.6745043
1751411887767,132988404,-12.228042,-6.5584216,-1.6645527
1751411887784,133005071,-15.099516,-9.6569805,-8.982699
1751411887800,133021738,-18.834263,-7.1765356,-11.788935
1751411887817,133038405,-9.802855,-5.6357427,-6.357668
1751411887834,133055072,-5.785096,-4.8173184,-3.6276932
1751411887850,133071739,-6.3187456,-3.5411167,-3.0982537
1751411887867,133088406,-7.281539,-2.5670385,-3.3850293
1751411887884,133105073,-7.2074847,-2.278744,-4.2092032
1751411887900,133121740,-7.202609,-1.8003296,-4.663109
1751411887917,133138407,-5.695569,-2.2213235,-3.0256429
1751411887934,133155074,-5.3247633,-1.5695828,-3.0326896
1751411887950,133171741,-6.309522,-0.26397327,-3.897449
1751411887967,133188408,-8.731698,-4.5597205,-4.9948163
1751411887984,133205075,-0.19763574,0.8255264,3.5705051
1751411888000,133221742,-0.69934756,0.16367944,0.42886925
1751411888017,133238409,-1.6033769,-3.9273756,4.203369
1751411888034,133255076,-1.3401896,1.4024636,9.009237
1751411888050,133271743,-1.3797013,4.9701414,5.0083694
1751411888067,133288410,-10.452194,9.458324,3.797659
1751411888084,133305077,-5.2212324,4.937849,1.5189476
1751411888100,133321744,0.551754,-1.5277603,-1.080451
1751411888117,133338411,1.9739319,-2.6263626,-0.25948906
1751411888134,133355078,0.66229326,-2.1203744,-1.4588318
1751411888150,133371745,1.7506735,-2.6098444,-0.43157864
1751411888167,133388412,0.5046418,-1.6516544,-0.42570686
1751411888184,133405079,-0.46500742,-0.109330356,0.32509995
1751411888200,133421746,-1.3908739,0.54307324,0.71291447
1751411888217,133438413,-1.1009802,-0.23965405,-0.20936584
1751411888234,133455080,-0.4875562,-0.41949007,-0.41529655
1751411888250,133471747,-0.52754724,-0.23769407,0.066078186
1751411888267,133488414,-1.0614445,0.13555916,0.560092
1751411888284,133505081,-1.2676274,0.10978118,0.40289593
1751411888300,133521748,-1.1281031,-0.32085744,-0.09132671
1751411888317,133538415,-0.78095394,-0.69335026,-0.09417343
1751411888334,133555082,-0.7398522,-0.5563497,0.13265514
1751411888350,133571749,-0.92227226,-0.109489724,0.2229166
1751411888367,133588416,-0.7228564,-0.046046462,0.14829445
1751411888384,133605083,-0.29854256,-0.2705317,1.7166138E-05
1751411888400,133621750,-0.7136486,0.04283067,-0.06095028
1751411888417,133638417,-0.7147228,0.08650275,-0.018227577
1751411888434,133655084,-1.1503552,0.27196598,0.16946888
1751411888450,133671751,-0.6299058,-0.27248034,0.016155243
1751411888467,133688418,-1.0037477,0.010063112,-0.054849625
1751411888484,133705085,-0.69780374,-0.24088846,0.023877144
1751411888500,133721752,-1.1347992,0.039483562,0.09016323
1751411888517,133738419,-1.2840229,0.21836545,0.13589
1751411888534,133755086,-1.053095,0.010490469,0.1411562
1751411888550,133771753,-1.0877391,0.09267697,0.11311531
1751411888567,133788420,-0.88774455,-0.049374793,0.09748554
1751411888584,133805087,-0.9785024,0.06728936,0.15560246
1751411888600,133821754,-0.8402756,0.0132120745,0.14764214
1751411888617,133838421,-0.7476339,-0.015104111,0.07390404
1751411888634,133855088,-0.7539389,0.044800043,0.052945137
1751411888650,133871755,-0.78380966,0.1278917,0.023114204
1751411888667,133888422,-0.89514583,0.43879673,0.107105255
1751411888684,133905089,-0.63504875,0.28457552,0.10446739
1751411888700,133921756,-0.6680305,0.46068698,0.20039845
1751411888717,133938423,-0.3560236,0.40380287,0.31261063
1751411888734,133955090,-0.14954595,0.8009528,0.3279543
1751411888750,133971757,-0.40795192,0.8052153,0.3619728
1751411888767,133988424,-0.72469413,0.3428591,0.27223969
1751411888784,134005091,-0.78761387,0.12618452,0.46475792
1751411888800,134021758,-1.1770092,-0.54108894,0.121323586
1751411888817,134038425,-1.3721942,-0.43024954,-0.1879034
1751411888834,134055092,-0.5478631,-0.028309649,-0.4432125
1751411888850,134071759,-2.9687152,0.81093806,-0.44332504
1751411888867,134088426,-0.55361634,0.29283467,1.1732073
1751411888884,134105093,-1.3033015,-0.75753176,-0.34739304
1751411888900,134121760,-1.395968,-0.2124137,0.076952934
1751411888917,134138427,-0.9360384,-0.07068826,0.3750038
1751411888934,134155094,-1.0994606,0.39623997,0.33788586
1751411888950,134171761,-0.73281944,0.61028653,0.30222797
1751411888967,134188428,-0.61697215,0.46149752,0.15759277
1751411888984,134205095,-0.21821785,0.43893555,0.10826874
1751411889000,134221762,-0.6109019,0.08458868,0.11956501
1751411889017,134238429,-1.2303555,0.16772178,0.84474087
1751411889034,134255096,-0.74911994,-0.2039948,0.6447058
1751411889050,134271763,-0.25287423,0.02801721,0.64845276
1751411889067,134288430,-0.42144892,-0.048740353,0.74428463
1751411889084,134305097,0.1039745,-0.044088572,0.5858002
1751411889100,134321764,0.45757136,-0.057796624,0.39016914
1751411889117,134338431,0.58518374,0.14284517,0.53024197
1751411889134,134355098,0.2712825,0.3042967,0.42183018
1751411889150,134371765,0.002594776,0.70327747,0.551301
1751411889167,134388432,0.18123205,0.328189,0.37987232
1751411889184,134405099,0.27062654,0.18697406,0.1354971
1751411889200,134421766,0.31667945,0.15143187,-0.073049545
1751411889217,134438433,0.3190996,-0.08139403,-0.14862537
1751411889234,134455100,0.3191733,-0.8836352,-0.34868622
1751411889250,134471767,-0.06878153,-1.9335918,-0.83726215
1751411889267,134488434,-0.7359965,-3.2233598,-1.3015041
1751411889284,134505101,-1.4373068,-4.137483,-1.4978247
1751411889300,134521768,-2.0457308,-2.8200233,-1.1079321
1751411889317,134538435,-2.5583482,-1.6089858,-0.7291584
1751411889334,134555102,-2.9647996,-1.8148063,-1.0233603
1751411889350,134571769,-2.5871763,-2.07867,-0.9272833
1751411889367,134588436,-2.6717343,-1.5535578,-0.98019123
1751411889384,134605103,-2.7296727,-1.1540658,-1.1768942
1751411889400,134621770,-2.093217,0.1821387,-1.3329172
1751411889417,134638437,-1.5030944,0.32751387,-1.506216
1751411889434,134655104,-1.2395588,1.0013667,-1.5860329
1751411889450,134671771,-0.5255008,3.0933862,-0.8176527
1751411889467,134688438,1.751167,5.798292,1.3394098
1751411889484,134705105,3.323269,8.434687,2.8229074
1751411889500,134721772,0.10777501,7.4861684,1.3838758
1751411889517,134738439,-1.9343761,3.088637,-1.4218569
1751411889534,134755106,-2.4862254,1.3508184,-3.5467253
1751411889550,134771773,-2.8667831,2.5384715,-2.735673
1751411889567,134788440,-1.9259592,3.8923833,-0.4205532
1751411889584,134805107,-1.0172107,1.94875,0.65208244
1751411889600,134821774,-0.5174421,0.78778595,0.07344723
1751411889617,134838441,-0.63464224,0.37605497,0.62624264
1751411889634,134855108,-0.9064206,-0.5333017,1.1767359
1751411889650,134871775,-1.0160879,-0.73286164,1.2479782
1751411889667,134888442,-0.18512103,-0.34343034,1.2895002
1751411889684,134905109,0.7608428,-0.21184468,1.3513231
1751411889700,134921776,1.0541987,-0.20785007,1.2562141
1751411889717,134938443,0.82714903,-0.0328307,0.97103214
1751411889734,134955110,1.1396645,0.40616328,0.24366474
1751411889750,134971777,0.73501587,0.6775961,-0.32254314
1751411889767,134988444,-0.98720306,0.30824962,-0.9854803
1751411889784,135005111,-2.217116,0.30588934,-0.8526554
1751411889800,135021778,-3.1137962,-0.2547536,-0.18423843
1751411889817,135038445,-3.0012498,-0.4608989,0.41152382
1751411889834,135055112,-1.9356081,-0.6597179,0.6547756
1751411889850,135071779,-1.3356562,-0.87081945,0.39088345
1751411889867,135088446,-0.7301737,-0.5917729,0.33539486
1751411889884,135105113,-0.46826255,-0.30293694,0.93193245
1751411889900,135121780,0.010384859,0.13950114,1.1529531
1751411889917,135138447,0.08325567,0.3850699,0.9597235
1751411889934,135155114,-0.061093915,0.3530984,0.8803873
1751411889950,135171781,-0.34757605,0.4670017,0.6626873
1751411889967,135188448,-0.5146294,0.6003779,0.48954487
1751411889984,135205115,-0.81412965,0.72442293,0.1607256
1751411890000,135221782,-1.2512219,0.6649412,-0.09469223
1751411890017,135238449,-1.247283,0.7816056,-0.30403614
1751411890034,135255116,-1.0955544,0.7803137,-0.40075397
1751411890050,135271783,-1.0808946,0.74162203,-0.33689785
1751411890067,135288450,-1.0606059,0.69353545,-0.21891022
1751411890084,135305117,-0.82086474,0.7478227,-0.08219433
1751411890100,135321784,-0.9398856,0.43973088,0.13579178
1751411890117,135338451,-0.8082832,0.2693197,0.36775112
1751411890134,135355118,-0.74463207,0.15489179,0.63242435
1751411890150,135371785,-0.4684293,0.091031685,0.8537922
1751411890167,135388452,-0.5502214,-0.11541382,0.9865494
1751411890184,135405119,-0.43878746,-0.09226503,1.0873032
1751411890200,135421786,-0.8086142,-0.27409303,1.0353479
1751411890217,135438453,-0.8506807,-0.5714404,1.1454697
1751411890234,135455120,-1.4618204,-1.305782,2.4665155
1751411890250,135471787,-1.6952177,-1.3785857,2.313694
1751411890267,135488454,-1.3987738,-1.7050947,2.257946
1751411890284,135505121,-2.1031559,-2.1402829,1.6773529
1751411890300,135521788,-2.5667713,-2.749417,1.6021404
1751411890317,135538455,-3.0899463,-3.2132754,1.4803905
1751411890334,135555122,-4.179484,-3.4646766,0.9387312
1751411890350,135571789,-5.9662914,-4.298555,0.15480614
1751411890367,135588456,-7.917672,-4.49822,-0.5247164
1751411890384,135605123,-8.542667,-4.937561,-1.4051895
1751411890400,135621790,-7.860838,-1.7952462,-2.3012066
1751411890417,135638457,-6.987637,2.916746,-1.3791265
1751411890434,135655124,-4.7019587,2.4557643,1.764287
1751411890450,135671791,-4.362112,-0.9886065,1.8879738
1751411890467,135688458,-4.553378,-1.6046385,0.58483315
1751411890484,135705125,-7.6182227,-3.16234,-4.740727
1751411890500,135721792,-8.919336,-3.3940828,-7.940071
1751411890517,135738459,-5.525471,-1.7173431,-6.6292477
1751411890534,135755126,-5.9118495,-0.853066,-6.3191786
1751411890550,135771793,-6.3058214,-0.6438065,-5.7432895
1751411890567,135788460,-5.6172423,-0.1634282,-4.672881
1751411890584,135805127,-5.8876743,0.023464391,-4.618162
1751411890600,135821794,-5.625023,0.08138062,-3.9580126
1751411890617,135838461,-4.625547,0.58972126,-2.930172
1751411890634,135855128,-4.492132,0.6333899,-1.6387587
1751411890650,135871795,-4.054803,0.46863604,0.5701046
1751411890667,135888462,-3.1646154,1.4070232,2.0887003
1751411890684,135905129,-1.8081983,1.796485,2.67597
1751411890700,135921796,-0.47987807,1.1291928,3.026866
1751411890717,135938463,0.31384012,0.11657989,3.8233423
1751411890734,135955130,1.7754761,-0.7467143,4.385477
1751411890750,135971797,3.2668443,-0.72963995,4.5391026
1751411890767,135988464,4.0949006,0.2975436,4.5398045
1751411890784,136005131,4.7240186,1.4777784,4.4292974
1751411890800,136021798,6.3097754,3.439786,3.7508173
1751411890817,136038465,7.3431473,5.021123,2.584014
1751411890834,136055132,9.49354,6.8960447,0.40676022
1751411890850,136071799,11.895875,7.5551724,-1.5175018
1751411890867,136088466,13.374488,8.100777,-4.818627
1751411890884,136105133,13.763949,8.714965,-6.5441117
1751411890900,136121800,12.921457,8.527008,-6.6670594
1751411890917,136138467,9.95227,7.5550528,-4.930011
1751411890934,136155134,3.518613,-0.2607216,2.1592703
1751411890950,136171801,4.8959117,-2.4010968,6.9695435
1751411890967,136188468,2.587256,3.4220483,0.96423054
1751411890984,136205135,12.827398,6.579398,0.37146187
1751411891000,136221802,-1.8882406,2.528503,3.438549
1751411891017,136238469,-1.1872234,-0.10501108,0.102095604
1751411891034,136255136,5.721217,-0.17569873,-2.4903188
1751411891050,136271803,0.67585826,1.2956944,0.5570431
1751411891067,136288470,-1.5596352,1.6470947,-0.37934208
1751411891084,136305137,-0.82577735,1.0190964,-0.19648552
1751411891101,136321804,-0.14761823,1.0010087,-0.009802818
1751411891117,136338471,-0.15173937,0.6406885,0.8548775
1751411891134,136355138,1.3306779,0.7537892,0.6040821
1751411891151,136371805,0.06271863,0.76615256,-0.117170334
1751411891167,136388472,-0.70947015,1.0980213,-0.4710083
1751411891184,136405139,-0.14446647,0.69454056,0.2603035
1751411891201,136421806,0.77596253,0.4810817,0.45147514
1751411891217,136438473,0.76905376,0.38915193,0.1686678
1751411891234,136455140,-0.02880836,0.5158625,0.3154049
1751411891251,136471807,-0.32773748,0.64185655,0.59042835
1751411891267,136488474,0.17834635,0.60256165,0.42508984
1751411891284,136505141,0.18635839,0.57750297,0.32621288
1751411891301,136521808,0.222751,0.6112425,0.23664951
1751411891317,136538475,0.23758377,0.5440437,0.30869293
1751411891334,136555142,0.28320923,0.3436098,0.49008942
1751411891351,136571809,0.2622379,0.32125494,0.49698734
1751411891367,136588476,-0.6579891,0.62235147,0.17303085
1751411891384,136605143,0.75475204,0.7714545,-0.17871666
1751411891401,136621810,0.13079621,0.43612674,-0.10527229
1751411891417,136638477,0.07964013,0.42262545,-0.17871857
1751411891434,136655144,-0.07897562,0.36048415,0.006337166
1751411891451,136671811,-0.27082574,0.29510304,0.32369518
1751411891467,136688478,-0.34194174,0.093745805,0.6158514
1751411891484,136705145,-0.2911122,-0.15087281,0.84361553
1751411891501,136721812,-0.42651054,-0.3255216,1.0176258
1751411891517,136738479,-0.49347502,-0.6529509,1.1612177
1751411891534,136755146,-0.27321553,-0.9631817,1.1803064
1751411891551,136771813,-0.8706464,-0.8407659,1.4443607
1751411891567,136788480,-1.3766387,-0.37988463,1.8878441
1751411891584,136805147,-1.382707,-0.41401908,2.152132
1751411891601,136821814,-1.5200893,-0.89245504,2.0924911
1751411891617,136838481,-2.0770562,-2.5787878,2.7133102
1751411891634,136855148,-4.1084633,-3.1923609,3.9395876
1751411891651,136871815,-4.5233636,-3.9948301,3.2378492
1751411891667,136888482,-6.0565615,-4.451539,2.6914873
1751411891684,136905149,-8.402986,-5.039145,1.7231722
1751411891701,136921816,-12.224134,-3.6946783,-0.47346497
1751411891717,136938483,-13.435264,-3.3224013,-3.0674267
1751411891734,136955150,-9.027132,-0.5694194,-3.059968
1751411891751,136971817,0.5753785,3.6400623,3.3068314
1751411891767,136988484,-2.9951408,-0.07476352,5.1748514
1751411891784,137005151,-11.68953,-2.4508624,-1.0582371
1751411891801,137021818,-6.2036276,-1.4530005,-2.4378223
1751411891817,137038485,-6.324709,-0.8088322,-5.8950195
1751411891834,137055152,-7.0686035,-1.9480414,-9.050893
1751411891851,137071819,-5.4366665,-1.8783057,-9.193246
1751411891867,137088486,-5.5947094,-2.255379,-8.953216
1751411891884,137105153,-5.0767336,-1.988592,-6.9952984
1751411891901,137121820,-4.8488345,-1.4836601,-6.29418
1751411891917,137138487,-5.563233,-1.602481,-5.640097
1751411891934,137155154,-5.2139893,-1.9017779,-3.959536
1751411891951,137171821,-3.884901,-2.5105731,-1.4195681
1751411891967,137188488,-1.2756343,-2.351472,1.5939102
1751411891984,137205155,-0.37050915,-1.1074606,3.1625624
1751411892001,137221822,-0.84697866,-0.89157015,4.387265
1751411892017,137238489,1.1837418,-0.03356248,4.7666664
1751411892034,137255156,1.9311589,0.7374229,4.6636896
1751411892051,137271823,2.148497,1.5908478,5.599599
1751411892067,137288490,3.2118194,3.0016687,6.1760387
1751411892084,137305157,5.1683455,5.1855345,6.4237556
1751411892101,137321824,9.130295,5.550599,6.1598797
1751411892117,137338491,15.539114,8.126831,1.3888788
1751411892134,137355158,19.61299,12.374517,-3.6193452
1751411892151,137371825,19.214844,10.911958,-6.136111
1751411892167,137388492,20.543339,15.771281,-14.078457
1751411892184,137405159,11.558439,18.717667,-7.6118326
1751411892201,137421826,2.731646,6.3199673,1.5298386
1751411892217,137438493,-14.990769,-9.359915,12.976206
1751411892234,137455160,8.508801,1.4542807,1.8679752
1751411892251,137471827,22.488474,-4.8984985,1.0633125
1751411892267,137488494,5.660514,-2.3844624,1.9385958
1751411892284,137505161,-0.99126834,1.7705941,-1.1610622
1751411892301,137521828,0.11327256,2.4733634,-1.1652021
1751411892317,137538495,-1.6987057,2.5039568,-0.6772213
1751411892334,137555162,0.6871432,1.4123448,-0.40617847
1751411892351,137571829,0.69506603,0.5384438,0.91985226
1751411892367,137588496,1.4999847,0.05723295,1.045742
1751411892384,137605163,0.8116869,0.17752002,0.613574
1751411892401,137621830,1.3418667,0.2889256,0.6756315
1751411892417,137638497,0.25563288,1.0315422,-0.39533043
1751411892434,137655164,-0.84371626,1.3305281,-0.33263493
1751411892451,137671831,-0.5309597,0.7920045,0.31992245
1751411892467,137688498,-0.06838625,0.24076837,0.6696186
1751411892484,137705165,0.028027184,0.29650402,0.24347019
1751411892501,137721832,-0.2886965,0.5771335,0.17444229
1751411892517,137738499,-0.37463835,0.8433229,0.26248837
1751411892534,137755166,0.14692199,0.603525,0.36044312
1751411892551,137771833,0.56770927,0.2705678,0.5415659
1751411892567,137788500,0.44321257,0.2053912,0.72532177
1751411892584,137805167,0.26925132,0.23146108,0.7185478
1751411892601,137821834,-0.47124332,0.70469815,0.44445896
1751411892617,137838501,0.9234194,0.72743344,0.08664322
1751411892634,137855168,0.069217496,0.33464202,0.0051145554
1751411892651,137871835,0.2610969,0.3461418,-0.16440678
1751411892667,137888502,-0.22260796,0.4212361,-0.0059604645
1751411892684,137905169,-0.28945532,0.30258358,0.24030304
1751411892701,137921836,-0.1538547,0.084909886,0.5189104
1751411892717,137938503,-0.20628883,-0.16894294,0.7126131
1751411892734,137955170,-0.11136824,-0.49711627,0.86578274
1751411892751,137971837,-0.1627903,-0.6905267,1.11901
1751411892767,137988504,-0.32206696,-0.7070372,1.0630865
1751411892784,138005171,-0.26428977,-0.61309403,1.1092634
1751411892801,138021838,-0.7309287,-0.45272213,1.2349987
1751411892817,138038505,-1.1762327,-0.19173299,1.3516703
1751411892834,138055172,-1.3517833,-0.31436872,1.5759954
1751411892851,138071839,-1.7595992,-0.7806673,1.9775019
1751411892867,138088506,-1.8779038,-2.1141517,2.5534697
1751411892884,138105173,-3.918495,-2.9573824,3.7970438
1751411892901,138121840,-4.376679,-3.2814515,3.0499363
1751411892917,138138507,-4.203764,-4.2009993,2.9144716
1751411892934,138155174,-8.246481,-4.220342,1.329155
1751411892951,138171841,-11.009504,-3.581244,-1.0049162
1751411892967,138188508,-7.1812334,-2.644118,0.19483662
1751411892984,138205175,-5.409654,1.8244692,2.2944355
1751411893001,138221842,-7.536638,-0.05661628,2.4330692
1751411893017,138238509,-4.2363787,-2.20785,2.833519
1751411893034,138255176,-4.2892094,-3.1879358,-0.06493473
1751411893051,138271843,-6.459855,-3.3151188,-3.4438615
1751411893067,138288510,-7.6028852,-3.5885787,-8.053502
1751411893084,138305177,-6.8186364,-3.1216488,-10.804898
1751411893101,138321844,-5.365627,-2.8909662,-7.8552375
1751411893117,138338511,-5.230184,-2.71406,-7.4378242
1751411893134,138355178,-5.2243533,-2.5743237,-7.0232854
1751411893151,138371845,-4.789463,-2.2901585,-6.3493137
1751411893167,138388512,-4.643365,-1.7350748,-5.322076
1751411893184,138405179,-4.0516953,-1.497371,-3.972962
1751411893201,138421846,-2.4645438,-2.0395062,-1.8907523
1751411893217,138438513,-0.33748043,-1.4302915,0.45099354
1751411893234,138455180,-0.74324495,-1.4926754,1.4315786
1751411893251,138471847,0.92675155,-2.120476,3.0457268
1751411893267,138488514,3.6583018,-2.05611,3.715416
1751411893284,138505181,3.7258708,-2.7284758,3.9998121
1751411893301,138521848,3.8990235,-2.821335,4.734605
1751411893317,138538515,4.2227488,-1.6439599,5.300934
1751411893334,138555182,5.2099867,0.5806654,6.359518
1751411893351,138571849,5.4902096,3.3515313,6.387331
1751411893367,138588516,6.3749166,6.1504693,4.307378
1751411893384,138605183,9.620405,9.007071,3.416545
1751411893401,138621850,12.02056,10.450593,-0.07896805
1751411893417,138638517,14.10987,10.5493965,-3.9051776
1751411893434,138655184,14.907837,12.582195,-7.5661798
1751411893451,138671851,13.732024,13.112464,-9.0520735
1751411893467,138688518,11.261686,12.308702,-7.0871754
1751411893484,138705185,7.0781784,10.150412,-4.5506253
1751411893501,138721852,-4.402947,-3.9622786,8.079407
1751411893517,138738519,-12.300454,-10.3430805,11.218767
1751411893534,138755186,5.2152033,5.07487,-9.054361
1751411893551,138771853,-0.15602484,11.836586,2.615983
1751411893567,138788520,-9.89109,2.8522832,4.9874706
1751411893584,138805187,0.32237297,0.5265583,-1.229516
1751411893601,138821854,8.494688,1.6423153,-1.4252901
1751411893617,138838521,6.7708025,1.1677414,1.7315712
1751411893634,138855188,-0.70466703,0.2633776,1.139863
1751411893651,138871855,0.50666004,1.0034292,-1.2108593
1751411893667,138888522,0.30914187,0.7424698,-0.030220032
1751411893684,138905189,0.60822433,0.9111349,0.7964039
1751411893701,138921856,1.6924931,0.78315455,0.73343754
1751411893717,138938523,0.6029888,0.7795372,0.25421047
1751411893734,138955190,-0.27664042,0.75003237,-0.021896362
1751411893751,138971857,-0.29838577,0.6473092,0.22944069
1751411893767,138988524,0.21645866,0.48569545,0.25675774
1751411893784,139005191,0.20582816,0.59270406,-0.30714417
1751411893801,139021858,-0.9233148,0.5850105,-0.14710045
1751411893817,139038525,-1.0974394,0.48031706,0.15640259
1751411893834,139055192,-0.54591835,0.43331698,0.12762833
1751411893851,139071859,0.09345144,0.5135076,-0.022727966
1751411893867,139088526,0.04000301,0.5000367,0.054224968
1751411893884,139105193,-0.11433515,0.545286,0.16070843
1751411893901,139121860,0.13056576,0.5209984,0.08879757
1751411893917,139138527,0.2028997,0.42680782,0.05313015
1751411893934,139155194,0.08880617,0.3646891,0.0035772324
1751411893951,139171861,0.23174137,0.42982504,-0.0051698685
1751411893967,139188528,0.09856139,0.4789127,-0.053365707
1751411893984,139205195,0.09853479,0.40316707,-0.02812481
1751411894001,139221862,-0.10844245,0.27466926,0.03921795
1751411894017,139238529,-0.25133988,0.24651714,0.02306366
1751411894034,139255196,-0.29217434,0.15984708,0.08539486
1751411894051,139271863,-0.16964969,0.24892013,0.042149544
1751411894067,139288530,-0.20662096,0.25303254,0.1634016
1751411894084,139305197,-0.26777032,0.33139977,0.328434
1751411894101,139321864,0.27347437,0.14489116,0.34248638
1751411894117,139338531,-0.01928425,0.34988898,0.53563404
1751411894134,139355198,-0.4731481,0.55236197,0.91157913
1751411894151,139371865,-0.6440206,0.42443725,1.0805683
1751411894167,139388532,-0.6289686,0.98877704,1.358737
1751411894184,139405199,-0.26641226,-0.5455446,1.2978544
1751411894201,139421866,-0.16929072,-0.36366877,1.1699686
1751411894217,139438533,0.012826514,-0.5442748,1.3755283
1751411894234,139455200,-0.43307668,-0.8550989,1.3419323
1751411894251,139471867,-0.07005946,-1.3238416,1.4194565
1751411894267,139488534,-0.5666098,-2.63135,3.0748234
1751411894284,139505201,-1.1519352,-1.4648697,2.017746
1751411894301,139521868,-0.74686295,-1.7241676,1.7700529
1751411894317,139538535,-2.3510394,-2.0599577,1.6532688
1751411894334,139555202,-1.569063,-2.9225194,2.0182295
1751411894351,139571869,-1.5642852,-3.4676502,2.3031664
1751411894367,139588536,-4.217935,-4.309172,1.7319679
1751411894384,139605203,-6.488666,-4.177153,0.8086777
1751411894401,139621870,-7.6536665,-5.6212854,0.640213
1751411894417,139638537,-8.862129,-4.8937244,-1.3066158
1751411894434,139655204,-8.250629,-2.8953261,-3.134439
1751411894451,139671871,-3.626399,2.5506294,-1.0473795
1751411894467,139688538,-2.477855,0.2824303,2.146617
1751411894484,139705205,-6.7352467,-4.172608,-0.7370739
1751411894501,139721872,-5.714992,-4.7630224,-4.7371626
1751411894517,139738539,-4.502155,-3.9169269,-6.8073664
1751411894534,139755206,-4.6003394,-3.2580853,-5.996599
1751411894551,139771873,-6.3074255,-3.3918428,-7.2397175
1751411894567,139788540,-6.3906074,-3.3987615,-6.1680665
1751411894584,139805207,-5.783885,-2.2648509,-4.9272437
1751411894601,139821874,-6.4441543,-2.505653,-4.8244705
1751411894617,139838541,-5.294447,-2.2088394,-3.3926015
1751411894634,139855208,-2.5883842,-1.1985079,-0.9996395
1751411894651,139871875,-0.67630416,-0.18742813,1.1444492
1751411894667,139888542,-0.67192197,0.19030675,2.5752974
1751411894684,139905209,-0.43554473,0.9148781,3.76832
1751411894701,139921876,0.5762059,1.9228148,3.5728893
1751411894717,139938543,-0.19594598,2.205971,3.47721
1751411894734,139955210,-0.5033516,3.023115,4.312393
1751411894751,139971877,0.41136643,4.1711435,4.7057724
1751411894767,139988544,-0.0053859917,4.652949,5.0279922
1751411894784,140005211,-0.11819253,5.3044763,4.7171946
1751411894801,140021878,0.16141324,6.5480733,3.892192
1751411894817,140038545,0.7613017,8.302976,3.3951273
1751411894834,140055212,2.891082,10.760789,1.7349463
1751411894851,140071879,6.8141494,10.999092,-1.2040081
1751411894867,140088546,11.867264,5.302041,-1.887402
1751411894884,140105213,12.884807,0.72842026,-4.091621
1751411894901,140121880,6.943582,1.6478789,-4.173413
1751411894917,140138547,7.659113,1.2903955,-2.588129
1751411894934,140155214,7.584564,1.0853114,-2.44761
1751411894951,140171881,6.4803314,1.8090254,-2.6877136
1751411894967,140188548,5.9946637,1.5243443,-2.235767
1751411894984,140205215,4.901648,1.0419177,-1.6517706
1751411895001,140221882,3.6820292,1.7003341,-1.9813652
1751411895017,140238549,4.4201937,1.2038138,-2.1862345
1751411895034,140255216,5.960651,0.055204235,-2.325541
1751411895051,140271883,5.4290724,0.20648158,-1.5345087
1751411895067,140288550,3.2304633,1.5668452,-1.226901
1751411895084,140305217,2.1920614,4.1752853,-1.3621006
1751411895101,140321884,3.850032,6.4216776,-0.44456387
1751411895117,140338551,2.8306482,7.437203,1.8437033
1751411895134,140355218,-2.127268,9.1790905,3.0564766
1751411895151,140371885,-2.836353,4.7253494,4.92857
1751411895167,140388552,-0.6451442,-3.3451803,3.737403
1751411895184,140405219,0.89290386,-11.03424,1.0210304
1751411895201,140421886,0.010906985,-6.563412,0.6995239
1751411895217,140438553,-0.32110676,-1.5081404,-1.058815
1751411895234,140455220,0.30849972,1.6189419,-0.9771385
1751411895251,140471887,0.35898462,2.6387606,-0.15919018
1751411895267,140488554,0.6750395,1.0943055,0.26378155
1751411895284,140505221,0.62178624,0.953339,0.19024563
1751411895301,140521888,0.1479705,1.2844712,0.1704855
1751411895317,140538555,-0.054593038,1.3496348,-0.113090515
1751411895334,140555222,-0.026957897,-0.6946557,0.111870766
1751411895351,140571889,0.04835524,-1.735894,0.5280466
1751411895367,140588556,-0.11445249,-0.51867044,0.4686222
1751411895384,140605223,-0.08973867,0.091045514,0.16349125
1751411895401,140621890,0.06778701,0.2342659,-0.14596272
1751411895417,140638557,0.23211597,0.062172215,-0.15319824
1751411895434,140655224,0.36994657,0.3303491,-0.08210087
1751411895451,140671891,0.39627418,0.5668152,0.027739525
1751411895467,140688558,0.36357376,-0.176341,0.18301487
1751411895484,140705225,0.2780528,-0.48705065,0.2192688
1751411895501,140721892,0.36659163,-0.37351754,0.28061485
1751411895517,140738559,0.5131017,-0.25413617,0.39998436
1751411895534,140755226,0.58326423,-0.24435942,0.016077042
1751411895551,140771893,0.35792872,0.13988899,0.11384964
1751411895567,140788560,0.14375816,0.19657066,0.2574997
1751411895584,140805227,0.14319044,-0.114952065,0.32780075
1751411895601,140821894,0.22093183,-0.0030469513,0.29885674
1751411895617,140838561,0.24611056,-0.075158104,0.26979637
1751411895634,140855228,0.2885834,-0.051212747,0.17412758
1751411895651,140871895,0.32060653,0.019453723,0.095983505
1751411895667,140888562,0.15849751,0.21991648,-0.41483784
1751411895684,140905229,0.45641166,0.4674288,0.3663025
1751411895701,140921896,0.23921788,0.39337587,-0.12953854
1751411895717,140938563,-0.003398738,-0.6118545,-0.16175842
1751411895734,140955230,0.2072117,-1.5031054,-0.2825222
1751411895751,140971897,0.2154714,0.90343577,0.043592453
1751411895767,140988564,0.092888854,0.8758758,0.2502451
1751411895784,141005231,0.032421,-0.033321876,0.04399681
1751411895801,141021898,-0.0004966458,-0.0026526728,0.11535168
1751411895817,141038565,0.087386414,0.05788985,0.21586037
1751411895834,141055232,0.13793118,0.1906543,0.106451035
1751411895851,141071899,0.24241053,0.1121264,0.0024766922
1751411895867,141088566,0.21216565,0.23025659,0.1561737
1751411895884,141105233,0.15854579,0.1555321,0.19408226
1751411895901,141121900,0.1571086,-0.18078554,0.23391151
1751411895917,141138567,0.24374981,-0.03133839,0.06253624
1751411895934,141155234,0.29718372,-0.014243168,0.06912327
1751411895951,141171901,0.22013031,0.026233828,0.071660995
1751411895967,141188568,0.22958803,0.14138228,0.16364956
1751411895984,141205235,0.24640605,0.01588406,0.26136112
1751411896001,141221902,-0.11012573,-0.3818756,0.33783245
1751411896017,141238569,-0.026325803,-0.0021593308,0.31737995
1751411896034,141255236,-0.28480467,-0.4396322,0.9384775
1751411896051,141271903,-0.500716,-0.08219242,1.9213734
1751411896067,141288570,-0.81347317,-0.74590784,1.866106
1751411896084,141305237,-0.51626396,-0.39407906,2.0951157
1751411896101,141321904,-0.38558623,1.2481272,2.2104082
1751411896117,141338571,0.2684927,2.5397148,2.0613708
1751411896134,141355238,0.445097,2.937329,1.7615566
1751411896151,141371905,0.48904946,3.4278326,1.4485159
1751411896167,141388572,0.36714283,4.6305923,0.96720886
1751411896184,141405239,0.5018764,4.7392573,0.5235567
1751411896201,141421906,0.68550485,3.3595784,0.8266821
1751411896217,141438573,2.1162019,5.410266,-0.8663292
1751411896234,141455240,3.8730366,7.1612096,-2.0408993
1751411896251,141471907,6.3315396,5.7155843,-1.7583838
1751411896267,141488574,6.961948,3.995336,-0.3839035
1751411896284,141505241,9.10344,7.2300096,-1.650547
1751411896301,141521908,6.7837825,8.879569,-1.9525714
1751411896317,141538575,5.99609,3.8393893,-1.8493729
1751411896334,141555242,5.121459,2.5459375,-1.8761744
1751411896351,141571909,4.0378704,2.1137807,-1.3723745
1751411896367,141588576,3.2231314,2.637481,-1.2235718
1751411896384,141605243,2.384901,2.9663656,-1.4517698
1751411896401,141621910,1.9646758,3.0521572,-1.9523602
1751411896417,141638577,2.4148166,3.6216714,-2.6945004
1751411896434,141655244,3.000195,4.1462693,-2.7284818
1751411896451,141671911,3.1294303,4.045053,-2.6047106
1751411896467,141688578,3.0229588,3.5216613,-2.3246584
1751411896484,141705245,3.4151556,3.3655655,-2.158114
1751411896501,141721912,3.6747205,3.3310068,-2.0401626
1751411896517,141738579,3.5252237,2.7566493,-1.5334988
1751411896534,141755246,2.976641,2.0769145,-0.84327316
1751411896551,141771913,2.2341914,1.3127457,-0.15028572
1751411896567,141788580,1.3848608,0.7654438,0.46570873
1751411896584,141805247,0.054406628,0.120427884,1.2023182
1751411896601,141821914,-0.47879335,-0.09578424,1.6945553
1751411896617,141838581,-0.28729215,-0.25107032,2.253787
1751411896634,141855248,-0.36517078,-1.6485623,2.846406
1751411896651,141871915,0.13224413,-2.9677837,3.2938147
1751411896667,141888582,-0.09094809,-4.048307,3.6389523
1751411896684,141905249,-2.26996,-5.3379498,3.670249
1751411896701,141921916,-4.0415945,-6.9334664,2.9014692
1751411896717,141938583,-5.4099646,-7.746852,2.194419
1751411896734,141955250,-7.6552634,-9.435832,0.7730856
1751411896751,141971917,-9.105205,-10.908444,-1.4476147
1751411896767,141988584,-11.1381235,-12.6936035,-4.780463
1751411896784,142005251,-10.867584,-13.046286,-7.022604
1751411896801,142021918,-10.764604,-12.156199,-6.954857
1751411896817,142038585,-8.820451,-10.35435,-5.210446
1751411896834,142055252,-1.8080589,-2.2356217,1.9925127
1751411896851,142071919,-1.817446,4.2485385,9.823334
1751411896867,142088586,7.4707723,-9.434181,-1.7925911
1751411896884,142105253,-4.6996765,-11.061058,0.8431721
1751411896901,142121920,2.9907985,-1.1821418,4.0114546
1751411896917,142138587,-3.8058097,0.6474197,-1.9512482
1751411896934,142155254,-9.41134,0.085392006,-0.5468683
1751411896951,142171921,0.17966485,-1.2353758,0.8051491
1751411896967,142188588,-0.006448237,-0.19940664,-0.2131958
1751411896984,142205255,-0.25636837,-0.8626039,-0.65382576
1751411897001,142221922,-1.8941301,-0.6430622,1.2843962
1751411897017,142238589,-0.56574535,-0.69251734,1.0990648
1751411897034,142255256,-0.84121704,-0.80226076,-0.05134487
1751411897051,142271923,-0.7881191,-0.6633737,-0.41884995
1751411897067,142288590,-0.40100068,-0.44957486,0.5484667
1751411897084,142305257,-0.46054342,-0.39152452,0.6517153
1751411897101,142321924,-0.465071,-0.45143336,0.14224052
1751411897117,142338591,-0.5885048,-0.3550433,0.144063
1751411897134,142355258,-0.20241982,-0.3386685,0.36885738
1751411897151,142371925,0.06119807,-0.37683794,0.23166752
1751411897167,142388592,-0.4174718,-0.3272109,0.18739986
1751411897184,142405259,-0.6731963,-0.37904936,0.20195866
1751411897201,142421926,-0.6746667,-0.31590158,0.30318356
1751411897217,142438593,-0.61365473,-0.40340266,0.3798046
1751411897234,142455260,-0.74239707,-0.27110893,0.41400528
1751411897251,142471927,-0.5637528,-0.40930453,0.14295387
1751411897267,142488594,-0.17195019,-0.6549289,-0.091682434
1751411897284,142505261,-0.4068955,-0.6163437,-0.24093437
1751411897301,142521928,-0.019576717,-0.37104928,0.036058426
1751411897317,142538595,0.025624977,-0.17146036,0.33131886
1751411897334,142555262,0.06454406,0.11373926,0.53594303
1751411897351,142571929,-0.17147511,0.50049895,0.77556705
1751411897367,142588596,-0.23864165,0.7950175,1.0164185
1751411897384,142605263,-0.14097945,0.974379,1.2817526
1751411897401,142621930,-0.5135324,1.223967,1.5147295
1751411897417,142638597,0.05427744,1.1168953,1.8523331
1751411897434,142655264,0.7969093,0.6742765,2.0889683
1751411897451,142671931,0.800798,0.59712493,2.0582457
1751411897467,142688598,1.0322249,1.2020804,2.0598316
1751411897484,142705265,1.2511697,2.155101,2.943264
1751411897501,142721932,1.5057129,2.9003234,3.003501
1751411897517,142738599,1.6584002,3.6952217,2.6785727
1751411897534,142755266,2.019337,4.5574946,2.3708963
1751411897551,142771933,3.7777007,5.9617195,2.6887026
1751411897567,142788600,7.591673,6.4037175,1.0803099
1751411897584,142805267,10.647064,5.4161186,-0.8879318
1751411897601,142821934,10.29925,4.8548017,-1.9104562
1751411897617,142838601,7.361687,0.47833633,-1.7727947
1751411897634,142855268,2.2671864,-3.8206718,1.9813633
1751411897651,142871935,6.3418717,0.65323687,1.5319147
1751411897667,142888602,7.693361,5.224587,-0.9687691
1751411897684,142905269,4.9507513,2.4948745,-2.5327353
1751411897701,142921936,7.089545,4.169543,-7.2325077
1751411897717,142938603,5.542968,3.0244033,-7.2677965
1751411897734,142955270,5.466781,2.2528155,-8.382773
1751411897751,142971937,5.853394,2.2672393,-7.851214
1751411897767,142988604,5.5133033,2.289396,-6.820688
1751411897784,143005271,5.0018945,1.7838882,-5.7482147
1751411897801,143021938,4.7209673,1.6933008,-4.919025
1751411897817,143038605,3.9753008,1.9490024,-3.362307
1751411897834,143055272,2.2521157,2.5865254,-0.9465809
1751411897851,143071939,-0.14132456,1.9745744,1.5099354
1751411897867,143088606,-0.15074742,1.3054259,2.866784
1751411897884,143105273,-0.25911096,1.0536644,4.448941
1751411897901,143121940,-2.070235,-0.3344165,4.4860935
1751411897917,143138607,-2.2425919,-1.1716603,4.1752024
1751411897934,143155274,-2.1085386,-1.8986437,5.4232206
1751411897951,143171941,-2.6992452,-2.8683882,6.3275795
1751411897967,143188608,-3.4080827,-4.961564,6.669981
1751411897984,143205275,-5.163986,-6.859844,5.7613363
1751411898001,143221942,-10.311056,-7.146165,3.758585
1751411898017,143238609,-13.147553,-8.684173,-0.39457703
1751411898034,143255276,-17.168009,-14.70591,-9.160144
1751411898051,143271943,-16.824268,-14.901802,-10.9602375
1751411898067,143288610,-8.194232,-10.726075,-5.8064327
1751411898084,143305277,-6.020461,-8.835212,-3.044077
1751411898101,143321944,-6.105193,-6.166585,-2.130165
1751411898117,143338611,-4.392339,-0.40067604,-0.05152893
1751411898134,143355278,7.7190485,17.180773,13.637457
1751411898151,143371945,-4.2092066,-7.7006974,-1.5267086
1751411898167,143388612,-13.098678,-6.8847423,-0.78843117
1751411898184,143405279,4.3230762,-1.5840021,3.52386
1751411898201,143421946,0.84670264,0.4394712,-1.6755247
1751411898217,143438613,-11.336694,-1.0062631,-1.0512066
1751411898234,143455280,-0.9753037,-1.0031832,1.0262909
1751411898251,143471947,-0.8802175,-0.71052074,0.6935539
1751411898267,143488614,0.26327145,-0.5184812,-0.7073517
1751411898284,143505281,-2.3515158,-0.41000366,0.19236946
1751411898301,143521948,-1.5388185,-0.07318686,1.3899164
1751411898317,143538615,-2.089381,-0.08695526,0.9301386
1751411898334,143555282,-0.27596518,-0.69493294,-0.28085232
1751411898351,143571949,-0.033174463,-0.91611356,-0.057341576
1751411898367,143588616,-0.16928414,-0.5902471,0.5997162
1751411898384,143605283,-0.88157624,-0.2184705,0.66883755
1751411898401,143621950,-1.33632,-0.15352814,0.5131855
1751411898417,143638617,-0.6494276,-0.22507553,0.540081
1751411898434,143655284,-0.29145285,-0.38429555,0.68755245
1751411898451,143671951,-0.40319413,-0.40761733,0.65057755
1751411898467,143688618,-0.71165353,-0.29352704,0.7209358
1751411898484,143705285,-0.8318311,-0.069650434,0.62757015
1751411898501,143721952,-0.26343483,-0.18852334,0.5847044
1751411898517,143738619,-0.49897712,-0.063211255,0.44216633
1751411898534,143755286,-0.14818417,-0.012906867,0.10119438
1751411898551,143771953,-0.09429855,-0.1704103,-0.32740402
1751411898567,143788620,0.13828512,-0.35974768,-0.534091
1751411898584,143805287,0.1692183,-0.4931763,-0.36101627
1751411898601,143821954,0.3789775,-0.59575534,-0.2245493
1751411898617,143838621,0.32077295,-0.44695875,-0.015501976
1751411898634,143855288,0.07361545,-0.10050685,0.21017933
1751411898651,143871955,-0.24693242,0.3841723,0.45848846
1751411898667,143888622,-0.35445288,0.8616858,0.7910147
1751411898684,143905289,-0.29810637,1.073096,1.0452719
1751411898701,143921956,-0.42434025,1.2513286,1.0631294
1751411898717,143938623,-0.16793624,1.1534276,1.2692089
1751411898734,143955290,0.60363317,0.9350555,1.5611258
1751411898751,143971957,1.0440145,0.8168265,1.7657194
1751411898767,143988624,1.3480252,1.4039472,2.188199
1751411898784,144005291,1.512394,2.5231884,2.8475103
1751411898801,144021958,2.0207093,3.854199,4.0354376
1751411898817,144038625,2.3750842,4.6125503,3.448061
1751411898834,144055292,2.5869899,6.470417,2.7900877
1751411898851,144071959,3.2803168,8.949355,2.7428675
1751411898867,144088626,7.004779,8.114037,1.5994911
1751411898884,144105293,10.951668,6.7433767,-2.3976717
1751411898901,144121960,7.9614697,2.2536001,-2.6069107
1751411898917,144138627,1.7042235,-3.5303957,2.7730598
1751411898934,144155294,6.130129,1.6324389,1.9531784
1751411898951,144171961,8.418632,5.691314,-1.0199051
1751411898967,144188628,4.2443705,3.4904506,-1.9511318
1751411898984,144205295,7.4411654,3.736571,-7.3045425
1751411899001,144221962,5.94527,4.2513943,-9.325368
1751411899017,144238629,3.702992,3.9010656,-8.219018
1751411899034,144255296,4.7785397,4.842553,-8.641189
1751411899051,144271963,4.429499,4.4444714,-7.1415005
1751411899067,144288630,4.1470003,3.282673,-6.10766
1751411899084,144305297,4.844735,2.7138937,-5.106934
1751411899101,144321964,4.935428,2.752371,-3.57334
1751411899117,144338631,3.312857,2.0408058,-1.2146311
1751411899134,144355298,0.85235995,0.72566766,2.110139
1751411899151,144371965,0.5827014,-0.2093914,3.5949402
1751411899167,144388632,0.8918167,0.7223677,4.7533703
1751411899184,144405299,-1.9015096,-1.1636746,5.5362215
1751411899201,144421966,-2.213979,-2.8535306,5.2314835
1751411899217,144438633,-1.0767285,-2.6871421,6.625166
1751411899234,144455300,-2.0816588,-5.090469,6.732933
1751411899251,144471967,-4.1119704,-6.986576,5.8079147
1751411899267,144488634,-5.724878,-6.6914225,3.9214458
1751411899284,144505301,-7.2341995,-7.464902,2.671565
1751411899301,144521968,-8.31802,-9.663638,0.21616077
1751411899317,144538635,-11.163996,-13.466497,-5.5815034
1751411899334,144555302,-12.086265,-14.020279,-8.811673
1751411899351,144571969,-8.445834,-10.827676,-6.028637
1751411899367,144588636,-4.050491,-8.632312,-2.7031145
1751411899384,144605303,-3.59422,-7.6072955,-1.8207078
1751411899401,144621970,-3.9956753,-6.08791,-1.542306
1751411899417,144638637,-4.2874875,-5.2667365,-2.3947058
1751411899434,144655304,0.45517385,-1.1075602,1.3393774
1751411899451,144671971,5.382425,10.555179,8.394445
1751411899467,144688638,-5.385502,-2.5950413,4.1175547
1751411899484,144705305,-6.76602,-3.7665482,-4.6914372
1751411899501,144721972,-3.506631,1.1183268,1.5076618
1751411899517,144738639,-8.517401,0.94892937,0.32198715
1751411899534,144755306,-11.045123,-0.50148755,2.3252811
1751411899551,144771973,-1.3015126,0.3862619,1.1013689
1751411899567,144788640,2.0564253,-1.4306234,-3.3333712
1751411899584,144805307,1.9997226,-1.1694771,-0.42903042
1751411899601,144821974,-1.8416077,-0.9704766,0.20871925
1751411899617,144838641,-1.4325855,-0.5215409,1.1916828
1751411899634,144855308,-0.66184443,-0.35368243,0.6506252
1751411899651,144871975,-0.23025824,-0.16040106,0.1654005
1751411899667,144888642,0.6614371,-0.5783211,0.16640663
1751411899684,144905309,-0.30905214,-0.74340284,0.35263634
1751411899701,144921976,-0.8439371,-0.5391052,0.053328514
1751411899717,144938643,-1.0765271,-0.3689079,-0.10748768
1751411899734,144955310,0.11172161,-0.18607074,0.18256187
1751411899751,144971977,0.5126472,-0.2947394,0.17457962
1751411899767,144988644,0.012754991,-0.37049764,0.086359024
1751411899784,145005311,-0.35282806,-0.3742122,0.040195465
1751411899801,145021978,-0.38134137,-0.2378398,0.09710121
1751411899817,145038645,-0.23792015,-0.12756376,0.003238678
1751411899834,145055312,-0.41109854,-0.18037842,-0.11361885
1751411899851,145071979,-0.19781813,-0.23481657,-0.062107086
1751411899867,145088646,-0.1309787,-0.30723655,0.022587776
1751411899884,145105313,-0.1259776,-0.3160337,0.03230095
1751411899901,145121980,-0.1872511,-0.23664713,-0.015789986
1751411899917,145138647,-0.12548397,-0.09503055,0.064888
1751411899934,145155314,-0.14276242,0.09556632,0.07029152
1751411899951,145171981,-0.004008146,0.13196294,0.07352829
1751411899967,145188648,0.24635173,0.13495734,0.10150528
1751411899984,145205315,0.27645713,0.25170442,0.32587528
1751411900001,145221982,-0.29348838,0.5071902,0.49352074
1751411900017,145238649,-0.57793945,0.3077778,0.8789177
1751411900034,145255316,0.71857584,0.9301554,2.5385027
1751411900051,145271983,1.4977692,0.6584627,4.1146727
1751411900067,145288650,-0.077339955,1.5697143,3.8319788
1751411900084,145305317,1.1066002,1.9706933,4.04027
1751411900101,145321984,1.1253694,2.8387687,4.7107706
1751411900117,145338651,0.84205085,3.6714091,3.9164906
1751411900134,145355318,0.27159372,4.6729584,2.8476553
1751411900151,145371985,0.20462164,5.5858607,1.8277149
1751411900167,145388652,0.501032,6.3206778,1.6930571
1751411900184,145405319,3.6963263,4.5942016,0.13369656
1751411900201,145421986,6.3082714,3.234706,-1.7622166
1751411900217,145438653,7.2926226,2.6240547,-2.7246146
1751411900234,145455320,6.504237,0.3974896,-3.2476683
1751411900251,145471987,3.5140483,-1.3331202,-1.5181761
1751411900267,145488654,3.4686058,1.7163556,0.38706875
1751411900284,145505321,5.713248,4.2548184,-1.8218155
1751411900301,145521988,5.582487,4.6754274,-5.0130177
1751411900317,145538655,3.757782,4.475425,-5.7432523
1751411900334,145555322,3.9627345,4.2316957,-5.877281
1751411900351,145571989,5.2089424,5.136052,-6.865232
1751411900367,145588656,5.012923,5.040261,-5.846904
1751411900384,145605323,4.7514296,4.4318643,-4.763985
1751411900401,145621990,4.6850405,4.0821137,-4.03267
1751411900417,145638657,4.157257,3.7322552,-3.0704355
1751411900434,145655324,2.5773237,3.7601986,-1.1161852
1751411900451,145671991,0.69862103,2.8981829,1.3106747
1751411900467,145688658,0.059183102,2.0956218,2.5770044
1751411900484,145705325,-0.32942545,1.3427291,3.5500374
1751411900501,145721992,-0.7474689,0.12052489,3.9033127
1751411900517,145738659,-0.93896276,-0.7940633,4.0963984
1751411900534,145755326,-1.4977705,-2.2210438,4.5783644
1751411900551,145771993,-1.0415472,-2.9694545,4.5043745
1751411900567,145788660,-1.0714203,-4.1037526,4.221143
1751411900584,145805327,-1.6519405,-4.8474846,4.2124577
1751411900601,145821994,-2.294714,-4.9247475,3.5775833
1751411900617,145838661,-3.4847095,-5.125428,2.4538603
1751411900634,145855328,-5.421912,-6.6588273,0.81298065
1751411900651,145871995,-4.730941,-8.00395,-0.93530655
1751411900667,145888662,-7.0470977,-8.410644,-3.1206646
1751411900684,145905329,-8.679,-7.787302,-4.6351886
1751411900701,145921996,-8.138134,-6.767239,-4.4509573
1751411900717,145938663,-8.059814,-5.385957,-3.857957
1751411900734,145955330,-8.3251915,-4.6317077,-3.7420902
1751411900751,145971997,-7.311776,-4.42799,-3.2073407
1751411900767,145988664,-7.3061953,-3.7649117,-3.218966
1751411900784,146005331,-8.062954,-3.7669032,-3.713883
1751411900801,146021998,-4.423291,-4.793979,-0.91594124
1751411900817,146038665,5.0350475,-0.5931437,1.0724897
1751411900834,146055332,-0.49260047,-4.0958595,-2.3811703
1751411900851,146071999,-3.7601097,-8.713613,0.93934345
1751411900867,146088666,4.952226,-6.6952567,5.794055
1751411900884,146105333,9.458632,-4.0025005,4.85744
1751411900901,146122000,-2.167294,1.3986468,1.9243793
1751411900917,146138667,-6.2488713,5.4211755,0.6328249
1751411900934,146155334,-6.1519485,5.6598997,1.003892
1751411900951,146172001,-2.237454,2.3187833,0.57501316
1751411900967,146188668,-0.77919424,-0.19842888,-0.8739023
1751411900984,146205335,-0.19354294,-0.9680649,0.017189026
1751411901001,146222002,-0.39854354,-0.6931795,0.5584698
1751411901017,146238669,-0.8320542,-0.110158585,0.13821316
1751411901034,146255336,-0.13782904,-0.2504752,-0.27682972
1751411901051,146272003,-0.00845611,-0.3559646,-0.006669998
1751411901067,146288670,0.30722377,-0.507092,0.27727985
1751411901084,146305337,0.34638226,-0.61129117,0.042939186
1751411901101,146322004,0.42602432,-0.65728945,-0.02311802
1751411901117,146338671,0.49510846,-0.78712076,-0.03059864
1751411901134,146355338,0.21844871,-0.66537,-0.14747238
1751411901151,146372005,0.13652854,-0.59194475,0.08848953
1751411901167,146388672,-0.17405172,-0.44441706,0.1114254
1751411901184,146405339,-0.230851,-0.49742293,-0.035248756
1751411901201,146422006,-0.33295715,-0.3736246,0.073384285
1751411901217,146438673,-0.70249,0.08731735,0.1106987
1751411901234,146455340,-0.8178728,0.3731427,0.16884613
1751411901251,146472007,-0.97398853,0.5453813,0.13688278
1751411901267,146488674,-1.0061891,0.57674444,0.14625454
1751411901284,146505341,-0.7257361,0.26864737,0.16649723
1751411901301,146522008,-0.64915293,0.15916167,0.047958374
1751411901317,146538675,-0.45369956,0.05383254,0.043254852
1751411901334,146555342,-0.25094014,-0.009850663,0.056591034
1751411901351,146572009,-0.31014082,0.039857555,-0.0144786835
1751411901367,146588676,-0.1408665,-0.16004829,-0.050587654
1751411901384,146605343,-0.1519796,-0.19330423,-0.02182579
1751411901401,146622010,-0.04918302,-0.25526693,0.06667709
1751411901417,146638677,-0.1457949,-0.18536818,0.08560753
1751411901434,146655344,-0.34395534,-0.055871144,0.102080345
1751411901451,146672011,-0.35361305,-0.18191022,0.11490536
1751411901467,146688678,-0.4493901,-0.13536464,0.16893864
1751411901484,146705345,-0.52117187,-0.04616744,0.27202606
1751411901501,146722012,-0.4873273,-0.08189046,0.18736362
1751411901517,146738679,-0.7877374,0.20678496,0.18644428
1751411901534,146755346,-0.68059385,0.118589826,0.19058704
1751411901551,146772013,-0.6751283,0.14623325,0.2614231
1751411901567,146788680,-0.5567485,-0.039264467,0.11268711
1751411901584,146805347,-0.40543923,0.15238555,0.14166737
1751411901601,146822014,-0.49865007,0.049470402,0.07291412
1751411901617,146838681,-0.32812887,-0.059256356,0.08016777
1751411901634,146855348,-0.38146642,-0.024316309,0.107601166
1751411901651,146872015,-0.26753566,-0.07940192,0.074269295
1751411901667,146888682,-0.2535586,-0.034194242,0.08633804
1751411901684,146905349,-0.2592523,-0.1017013,0.078619
1751411901701,146922016,-0.3339934,-0.0360475,0.08892918
1751411901717,146938683,-0.22403087,-0.10229126,0.039894104
1751411901734,146955350,-0.27257982,-0.07445105,0.015542984
1751411901751,146972017,-0.28181145,-0.03611807,0.026195526
1751411901767,146988684,-0.2140331,-0.09295261,0.04014969
1751411901784,147005351,-0.15141968,-0.151599,0.027432442
1751411901801,147022018,-0.25623646,-0.033085562,0.0101623535
1751411901817,147038685,-0.3142352,0.072015315,0.0256567
1751411901834,147055352,-0.26483938,0.019986417,0.009878159
1751411901851,147072019,-0.11506374,-0.15328468,0.026867867
1751411901867,147088686,-0.19844045,-0.073971555,0.032331467
1751411901884,147105353,-0.20096634,-0.07467378,0.009005547
1751411901901,147122020,-0.1230645,-0.12985896,0.0126132965
1751411901917,147138687,-0.19377995,-0.10057116,0.027887344
1751411901934,147155354,-0.17729963,-0.05886404,0.061507225
1751411901951,147172021,-0.3409941,0.03945624,0.11599064
1751411901967,147188688,-0.32255495,0.013560307,0.17021751
1751411901984,147205355,-0.40337563,0.122597136,0.21712208
1751411902001,147222022,-0.4783079,0.05927664,0.07896519
1751411902017,147238689,-0.27164683,-0.1712041,0.18217754
1751411902034,147255356,-0.3419408,-0.072030455,0.19246292
1751411902051,147272023,-0.3137308,-0.18011568,0.1183939
1751411902067,147288690,-0.28018865,-0.16155298,0.11358261
1751411902084,147305357,-0.32165736,-0.22822566,0.07017326
1751411902101,147322024,-0.29901192,-0.024314186,0.16302395
1751411902117,147338691,-0.2698605,-0.050466992,0.16262817
1751411902134,147355358,-0.24490806,-0.1328566,0.19815063
1751411902151,147372025,-0.059281867,-0.2584031,0.25495815
1751411902167,147388692,-0.34170672,0.10791686,0.49968433
1751411902184,147405359,-0.3503548,0.31410432,0.40630436
1751411902201,147422026,-0.36679298,0.9639582,0.4652338
1751411902217,147438693,-0.2540393,2.484,0.7521982
1751411902234,147455360,0.6709839,2.545881,1.3732195
1751411902251,147472027,0.7531296,1.786758,2.2131395
1751411902267,147488694,0.9069481,0.18243474,2.5007076
1751411902284,147505361,1.2824391,-1.054454,2.109026
1751411902301,147522028,0.98430616,-1.6273293,1.5642357
1751411902317,147538695,1.0765169,-1.7677343,1.1528902
1751411902334,147555362,1.2192225,-1.6979251,0.75787544
1751411902351,147572029,1.085863,-2.0752184,0.6868105
1751411902367,147588696,0.6478401,-1.7066448,0.5981436
1751411902384,147605363,0.6962684,-2.80306,0.04633999
1751411902401,147622030,-0.029922009,-3.4331307,-0.42546272
1751411902417,147638697,-1.3122991,-3.3839083,-0.4947071
1751411902434,147655364,-2.3686635,-3.4621155,-0.53525734
1751411902451,147672031,-2.0721037,-4.7972274,-0.8891516
1751411902467,147688698,0.29016557,-7.3987317,-1.6808977
1751411902484,147705365,-0.64073646,-6.1829314,-1.7602673
1751411902501,147722032,-1.2721503,-4.3773723,-1.587719
1751411902517,147738699,-1.753913,-4.1824646,-1.991982
1751411902534,147755366,-1.9601952,-3.7144341,-1.7402182
1751411902551,147772033,-2.0944605,-3.459451,-1.3487091
1751411902567,147788700,-1.904697,-3.4619386,-1.1783037
1751411902584,147805367,-2.058772,-2.9583206,-1.2428522
1751411902601,147822034,-2.281976,-3.0244799,-1.4098606
1751411902617,147838701,-2.6044638,-3.6633174,-1.5949068
1751411902634,147855368,-3.0806665,-3.7273736,-1.7248068
1751411902651,147872035,-3.7737565,-3.4684856,-1.8121672
1751411902667,147888702,-4.280849,-3.160111,-1.6569481
1751411902684,147905369,-4.7115355,-2.8327236,-1.371788
1751411902701,147922036,-4.987449,-2.6835923,-1.216919
1751411902717,147938703,-5.038974,-2.1992161,-0.97714996
1751411902734,147955370,-4.905813,-1.3431233,-0.4907875
1751411902751,147972037,-4.7371154,-0.41117758,0.11585903
1751411902767,147988704,-4.611065,-0.034359977,0.45887375
1751411902784,148005371,-4.3446035,0.42693523,0.44423294
1751411902801,148022038,-4.2322426,0.8334141,0.4006605
1751411902817,148038705,-4.3489227,1.0326809,0.5147743
1751411902834,148055372,-4.2794156,1.3448622,0.7947712
1751411902851,148072039,-4.057567,1.5686452,1.1372023
1751411902867,148088706,-3.7942884,1.8598254,1.3473444
1751411902884,148105373,-3.6071842,2.0373886,1.3947153
1751411902901,148122040,-3.1937857,2.3937066,1.4739714
1751411902917,148138707,-2.6608508,3.0993373,1.4550247
1751411902934,148155374,-2.0712533,3.648126,1.4632473
1751411902951,148172041,-1.3736324,3.6026635,1.6909361
1751411902967,148188708,-0.45872557,3.753875,1.7212543
1751411902984,148205375,0.30913517,4.0453134,1.556509
1751411903001,148222042,2.3246832,4.378286,1.2208252
1751411903017,148238709,3.0092242,4.5136137,0.517436
1751411903034,148255376,3.692775,5.1221566,0.14400959
1751411903051,148272043,4.0796766,6.910978,-1.6578054
1751411903067,148288710,5.0921392,8.89563,-3.3657408
1751411903084,148305377,6.8571277,9.492564,-4.7911663
1751411903101,148322044,7.409385,8.843895,-5.218197
1751411903117,148338711,6.3983417,7.664789,-4.269422
1751411903134,148355378,6.427271,6.701058,-3.5669131
1751411903151,148372045,6.6680493,6.3177967,-3.5365
1751411903167,148388712,5.806562,8.246671,-3.7531781
1751411903184,148405379,-2.1721985,3.480735,1.7152281
1751411903201,148422046,-3.0838585,0.17828645,1.7728157
1751411903217,148438713,-10.064788,-5.7824283,8.305693
1751411903234,148455380,7.694505,0.5739232,5.927617
1751411903251,148472047,19.764544,2.6765924,-1.1743326
1751411903267,148488714,5.922532,-2.0022588,3.8224459
1751411903284,148505381,1.8596811,0.75921875,-2.6719265
1751411903301,148522048,-1.9597476,1.3937962,-0.0014324188
1751411903317,148538715,-2.628499,2.0177538,0.21671295
1751411903334,148555382,-1.3503366,1.4893178,-0.7418251
1751411903351,148572049,-0.9025053,1.1644185,-1.3623514
1751411903367,148588716,1.5917017,0.75406474,0.36791992
1751411903384,148605383,1.6629514,0.36644435,1.7784033
1751411903401,148622050,1.7223802,0.4894185,0.3114853
1751411903417,148638717,-0.6232377,0.7205731,-0.47205544
1751411903434,148655384,-0.6558686,0.90163386,0.3873844
1751411903451,148672051,0.24686626,0.76405984,0.36452007
1751411903467,148688718,0.6857261,0.63252515,0.47905445
1751411903484,148705385,0.5079636,0.60482675,0.19108772
1751411903501,148722052,-0.061059494,0.6793336,-0.010586739
1751411903517,148738719,-0.3984181,0.70478106,0.07178879
1751411903534,148755386,-0.098375425,0.610065,0.055257797
1751411903551,148772053,0.18339103,0.5470406,0.091882706
1751411903567,148788720,0.23563138,0.457508,0.06231594
1751411903584,148805387,0.31489468,0.5350824,0.02661419
1751411903601,148822054,0.24609089,0.61502856,0.042188644
1751411903617,148838721,0.27709705,0.6680018,0.03762722
1751411903634,148855388,0.2530437,0.7292043,-0.1004982
1751411903651,148872055,0.28213662,0.58772486,-0.07671547
1751411903667,148888722,0.11918985,0.49849984,0.010953903
1751411903684,148905389,0.023881465,0.37343895,0.11450958
1751411903701,148922056,-0.052771855,0.17552294,0.2196703
1751411903717,148938723,0.061226457,0.063615814,0.4031496
1751411903734,148955390,0.060448185,-0.04653674,0.6327925
1751411903751,148972057,0.10285261,0.8042579,0.91492176
1751411903767,148988724,-0.3806705,-0.7316486,1.1624708
1751411903784,149005391,-0.25231817,-0.026526742,0.8393011
1751411903801,149022058,0.16567518,-0.23529857,1.0676966
1751411903817,149038725,-0.0722481,-0.45833275,1.1181726
1751411903834,149055392,-0.2191873,-0.40685326,1.4673195
1751411903851,149072059,-0.3838929,-0.6885151,1.9950314
1751411903867,149088726,-0.39047936,-1.0577364,2.2162333
1751411903884,149105393,-0.2708928,-1.9135646,2.6424713
1751411903901,149122060,-0.9410649,-2.1576817,2.883193
1751411903917,149138727,-1.1615088,-2.7256577,2.601118
1751411903934,149155394,-1.6592274,-3.178819,2.372776
1751411903951,149172061,-1.4312134,-4.499463,2.575901
1751411903967,149188728,-2.042599,-6.2142878,2.928279
1751411903984,149205395,-5.6542144,-6.906947,1.2534914
1751411904001,149222062,-6.5445924,-6.5506005,0.39968777
1751411904017,149238729,-7.8923926,-6.590488,-1.3745594
1751411904034,149255396,-7.285412,-2.4036515,-2.9390588
1751411904051,149272063,-4.529265,3.1143293,-0.818594
1751411904067,149288730,-4.0744753,-1.4786786,1.4174595
1751411904084,149305397,-5.4673467,-5.0438523,-0.7336483
1751411904101,149322064,-4.472935,-4.363283,-3.1613202
1751411904117,149338731,-5.0584826,-4.5808644,-7.4478664
1751411904134,149355398,-4.0708404,-3.8974946,-7.6814013
1751411904151,149372065,-4.195116,-3.5557327,-7.948551
1751411904167,149388732,-4.574931,-3.494023,-7.120062
1751411904184,149405399,-4.7206116,-3.252767,-5.992197
1751411904201,149422066,-5.106825,-2.580386,-5.4774456
1751411904217,149438733,-5.33226,-2.514819,-4.5361137
1751411904234,149455400,-4.169237,-2.5336342,-2.078426
1751411904251,149472067,-1.6875194,-1.5415351,0.86863613
1751411904267,149488734,-1.1902224,-0.51536924,2.451394
1751411904284,149505401,-1.5763477,-0.29714438,3.5083427
1751411904301,149522068,-0.26515052,0.70975804,4.4147015
1751411904317,149538735,0.7701591,1.3894821,4.2240896
1751411904334,149555402,0.7546437,1.7949476,4.6621304
1751411904351,149572069,1.3642659,2.7260416,5.2208195
1751411904367,149588736,2.1224568,3.7163024,5.4413557
1751411904384,149605403,2.714181,4.870771,5.3248224
1751411904401,149622070,5.074032,6.6042404,3.7679424
1751411904417,149638737,6.423612,7.757943,1.9277391
1751411904434,149655404,8.03615,9.001956,-0.33619213
1751411904451,149672071,10.197212,11.98878,-5.199371
1751411904467,149688738,11.008978,12.858101,-7.6413803
1751411904484,149705405,8.6324,10.801448,-5.822418
1751411904501,149722072,6.685657,8.486529,-3.8143663
1751411904517,149738739,6.1378274,6.7159247,-2.9483027
1751411904534,149755406,5.160276,3.5592132,-1.6390944
1751411904551,149772073,3.1429074,-6.884563,6.8274765
1751411904567,149788740,1.2766501,4.67075,3.5303555
1751411904584,149805407,3.2077303,6.7571406,0.20345497
1751411904601,149822074,2.064713,3.8068614,0.80165195
1751411904617,149838741,-4.04158,-1.2618308,0.36999798
1751411904634,149855408,4.7233114,3.0225532,-1.5096817
1751411904651,149872075,5.000181,1.5684673,0.9075737
1751411904667,149888742,1.827708,1.121126,-0.35432148
1751411904684,149905409,-1.0581955,0.5163811,-0.3928995
1751411904701,149922076,1.2229744,0.66070074,0.23771572
1751411904717,149938743,1.3574793,0.41170862,1.1338882
1751411904734,149955410,0.618385,0.87685966,0.97277546
1751411904751,149972077,0.44583368,0.8257836,-0.15813732
1751411904767,149988744,-0.3476259,0.9299064,-0.5735922
1751411904784,150005411,-0.3942545,0.75662756,0.31739616
1751411904801,150022078,0.38559115,0.5507355,0.5597706
1751411904817,150038745,0.7192569,0.55518764,-0.065340996
1751411904834,150055412,-0.04800008,0.45627218,0.028766632
1751411904851,150072079,-0.57227343,0.4145915,0.3024273
1751411904867,150088746,-0.34332106,0.49919787,0.13982296
1751411904884,150105413,0.17994805,0.50912094,0.06785202
1751411904901,150122080,0.3002103,0.43745106,0.06143284
1751411904917,150138747,0.3286045,0.41987535,0.06906223
1751411904934,150155414,0.29371166,0.46542394,0.044286728
1751411904951,150172081,0.3093207,0.5098149,0.055438995
1751411904967,150188748,0.31949478,0.48485145,0.07975483
1751411904984,150205415,0.41627568,0.5077591,0.075808525
1751411905001,150222082,0.3567097,0.43767747,0.012723923
1751411905017,150238749,0.2201464,0.27785924,0.10477829
1751411905034,150255416,-0.10186156,0.046023328,0.07076073
1751411905051,150272083,-0.291884,-0.067085624,0.12549973
1751411905067,150288750,-0.48138678,-0.17024826,0.19027138
1751411905084,150305417,-0.42650115,-0.07746199,0.48143864
1751411905101,150322084,-0.12487333,-0.20136237,0.90845394
1751411905117,150338751,0.30251205,0.24169953,1.4139528
1751411905134,150355418,0.062233157,-1.046244,1.784627
1751411905151,150372085,0.05008501,-0.42762455,1.792922
1751411905167,150388752,-0.103219174,-1.134083,2.8421707
1751411905184,150405419,-0.88872147,-1.3368589,3.5277452
1751411905201,150422086,-0.07396133,-1.8789854,2.9843674
1751411905217,150438753,-0.5955793,-2.3717902,3.0356216
1751411905234,150455420,-0.5990545,-3.1149614,2.9376411
1751411905251,150472087,-0.8009341,-4.0559325,3.1342106
1751411905267,150488754,-2.0711117,-5.6234994,3.1869144
1751411905284,150505421,-4.424535,-6.833841,2.590807
1751411905301,150522088,-5.555472,-7.678332,1.7658167
1751411905317,150538755,-6.102933,-6.1635027,0.5905819
1751411905334,150555422,-7.5288196,-2.9758806,0.22520447
1751411905351,150572089,-3.6248865,0.40437427,4.1367264
1751411905367,150588756,-7.9853077,-6.384637,0.19452477
1751411905384,150605423,-3.3680253,-2.621524,-1.9767346
1751411905401,150622090,-4.512913,-3.4418466,-3.8949857
1751411905417,150638757,-5.3520293,-4.917546,-3.0703382
1751411905434,150655424,-6.5841208,-6.9651976,-9.325442
1751411905451,150672091,-4.1527624,-5.4698305,-8.712236
1751411905467,150688758,-3.3929138,-4.5893755,-8.554131
1751411905484,150705425,-3.8881352,-4.636379,-8.488915
1751411905501,150722092,-3.3015625,-4.6483603,-7.344322
1751411905517,150738759,-2.773958,-4.381576,-6.109053
1751411905534,150755426,-2.50314,-4.1816654,-4.8517065
1751411905551,150772093,-1.2994487,-3.7818205,-2.7208343
1751411905567,150788760,0.07584242,-3.6479406,-0.33946037
1751411905584,150805427,1.198337,-2.8140304,1.8422728
1751411905601,150822094,0.66245174,-2.331052,3.095502
1751411905617,150838761,0.62574685,-1.582989,4.592943
1751411905634,150855428,1.1829369,0.1867368,4.8988543
1751411905651,150872095,-0.11832776,1.1845723,5.035817
1751411905667,150888762,-0.04858479,2.6955092,6.2059937
1751411905684,150905429,2.5967758,5.214349,7.169441
1751411905701,150922096,5.04542,8.825167,5.755457
1751411905717,150938763,5.2331886,10.378562,2.9059277
1751411905734,150955430,8.170814,13.86384,1.9906158
1751411905751,150972097,9.022252,15.486465,-3.284761
1751411905767,150988764,10.92726,16.33199,-7.954641
1751411905784,151005431,9.761715,15.660453,-9.55432
1751411905801,151022098,8.119487,13.535102,-7.5703783
1751411905817,151038765,6.7337275,11.236358,-5.3981047
1751411905834,151055432,4.756169,4.296202,-0.63684654
1751411905851,151072099,-11.785738,-26.65767,23.440075
1751411905867,151088766,17.270466,10.055378,-9.912478
1751411905884,151105433,1.6942232,10.89581,-1.815558
1751411905901,151122100,-19.406403,0.6261921,7.1802273
1751411905917,151138767,0.32710758,5.83082,1.2267275
1751411905934,151155434,10.933715,3.8276277,0.703125
1751411905951,151172101,8.771306,3.8514822,-0.9087944
1751411905967,151188768,-2.369239,0.1396348,-0.77098846
1751411905984,151205435,-2.3657222,-0.45245996,-1.5971212
1751411906001,151222102,0.0002534637,0.5926046,0.5580387
1751411906017,151238769,0.32580164,1.0684499,2.02357
1751411906034,151255436,0.13503602,0.94918644,0.6929741
1751411906051,151272103,0.14971076,0.66830796,-0.597908
1751411906067,151288770,0.016792752,0.69281816,0.06159973
1751411906084,151305437,-0.6362488,0.32186714,0.3219738
1751411906101,151322104,0.87742054,0.601331,-0.37232304
1751411906117,151338771,0.80710405,0.6600836,-0.5089855
1751411906134,151355438,-0.98297334,-0.0022552458,0.43580627
1751411906151,151372105,-1.1213282,0.0165413,0.38137054
1751411906167,151388772,-0.93357205,0.10807857,-0.20361996
1751411906184,151405439,-0.2851415,0.3200862,-0.11583614
1751411906201,151422106,0.25773793,0.3542667,-0.012012482
1751411906217,151438773,0.16708554,0.33974573,-0.08279419
1751411906234,151455440,-0.20695646,0.23751917,-0.0737648
1751411906251,151472107,-0.106263645,0.20474078,0.04431629
1751411906267,151488774,0.070539795,0.19539592,0.07820797
1751411906284,151505441,0.1345709,0.3384954,0.021386147
1751411906301,151522108,0.12397593,0.3757825,0.016534805
1751411906317,151538775,0.2952995,0.42818445,0.035975456
1751411906334,151555442,0.3148826,0.31267026,0.13036251
1751411906351,151572109,0.18742679,0.09972411,0.17546272
1751411906367,151588776,0.05551637,0.022942934,0.12735653
1751411906384,151605443,-0.09921338,0.03354259,0.13183117
1751411906401,151622110,-0.36931628,-0.120842725,0.24074745
1751411906417,151638777,-0.37485245,0.0038553749,0.20368099
1751411906434,151655444,-0.3171658,0.16447112,0.29306412
1751411906451,151672111,-0.32973012,0.31013316,0.5266161
1751411906467,151688778,-0.24460118,0.21115805,0.8108988
1751411906484,151705445,0.18050995,0.10241923,1.0716963
1751411906501,151722112,0.21056888,-0.015687034,1.6068258
1751411906517,151738779,0.33920997,-0.967192,1.8517933
1751411906534,151755446,0.5844511,-0.7937079,2.8895006
1751411906551,151772113,0.5821576,-1.8054956,2.8510885
1751411906567,151788780,0.31345814,-2.0785239,3.1224022
1751411906584,151805447,-0.2543155,-2.7758827,2.8306122
1751411906601,151822114,0.07929771,-3.3522153,3.0431814
1751411906617,151838781,-0.4029259,-4.6049294,2.862156
1751411906634,151855448,-0.9291581,-6.3636127,3.2454214
1751411906651,151872115,-2.0020068,-7.222537,3.244131
1751411906667,151888782,-3.3341691,-7.244224,2.296692
1751411906684,151905449,-4.2082133,-8.786723,1.9125576
1751411906701,151922116,-6.5222993,-9.749063,-1.7133341
1751411906717,151938783,-7.6521654,-3.0323079,-3.1076074
1751411906734,151955450,-6.3529887,0.5322867,-2.4596047
1751411906751,151972117,-4.5262856,-6.062947,-0.45724392
1751411906767,151988784,-2.6805778,-6.4516516,-1.3245211
1751411906784,152005451,-3.4181032,-6.0125527,-6.7319565
1751411906801,152022118,-3.2775726,-5.202604,-8.431902
1751411906817,152038785,-3.0720603,-4.907491,-8.384059
1751411906834,152055452,-3.5925167,-5.609037,-8.332452
1751411906851,152072119,-3.1993408,-4.9305267,-6.8296566
1751411906867,152088786,-3.0738413,-4.763112,-5.6822686
1751411906884,152105453,-3.1954298,-4.1835723,-4.3306966
1751411906901,152122120,-2.8139303,-3.8795002,-2.6667705
1751411906917,152138787,-1.21625,-3.1641853,-0.08372402
1751411906934,152155454,0.64993656,-1.5413196,2.9658537
1751411906951,152172121,0.38211763,-0.120087475,4.8856792
1751411906967,152188788,-0.50949043,0.82744986,6.530014
1751411906984,152205455,-0.6853333,2.7004998,7.0924225
1751411907001,152222122,-0.45388553,4.5868425,7.6807995
1751411907017,152238789,-0.09670109,6.465628,8.8052025
1751411907034,152255456,1.4851846,8.797517,7.1623497
1751411907051,152272123,5.495864,8.773746,3.8195257
1751411907067,152288790,6.595039,12.755697,0.16852951
1751411907084,152305457,6.051918,17.101023,-4.6725664
1751411907101,152322124,8.610902,19.293026,-10.142998
1751411907117,152338791,4.328675,12.763384,-7.3870945
1751411907134,152355458,2.0464516,8.406671,-3.3744955
1751411907151,152372125,1.8713512,7.2290382,-2.2063665
1751411907167,152388792,1.9844294,6.9589834,-1.9289103
1751411907184,152405459,2.0750303,6.370422,-1.8266869
1751411907201,152422126,1.5348684,4.2195663,-1.67663
1751411907217,152438793,1.5728383,2.5472002,-0.9458542
1751411907234,152455460,0.7199601,2.3857393,-1.063529
1751411907251,152472127,0.021787707,-2.5092547,0.9604292
1751411907267,152488794,2.6061895,-3.700328,0.8595753
1751411907284,152505461,-7.187132,-11.312148,4.9796085
1751411907301,152522128,-2.6404629,-2.948886,8.341673
1751411907317,152538795,15.459145,16.961473,-1.5219812
1751411907334,152555462,2.724887,-4.1846795,5.773878
1751411907351,152572129,1.9626061,2.0094063,-5.35969
1751411907367,152588796,1.5513204,0.08215241,0.6116667
1751411907384,152605463,-1.3886085,0.193254,-1.1126137
1751411907401,152622130,-3.028708,-0.51834285,1.4833126
1751411907417,152638797,0.8977797,1.2634542,-0.31995773
1751411907434,152655464,-0.9531792,0.38593534,-1.3385639
1751411907451,152672131,0.04733032,0.5651362,-0.5362482
1751411907467,152688798,2.23005,0.89341414,0.5275469
1751411907484,152705465,-0.09756039,-0.016244251,0.31035137
1751411907501,152722132,-2.095857,-0.52064437,0.50623035
1751411907517,152738799,-0.8777241,0.0075078,-0.14842415
1751411907534,152755466,-0.5998463,0.38628247,-0.4041338
1751411907551,152772133,-0.07351911,0.47267446,0.7423668
1751411907567,152788800,0.77213264,0.79425085,0.7017851
1751411907584,152805467,0.5279148,0.7350096,-0.1119051
1751411907601,152822134,-0.2805947,0.36303845,0.5053797
1751411907617,152838801,-0.3117335,0.37835133,0.6792774
1751411907634,152855468,-0.061719973,0.49508253,0.33613396
1751411907651,152872135,0.20482314,0.5696842,-0.011030197
1751411907667,152888802,0.30766234,0.50810283,-0.019711494
1751411907684,152905469,0.2362561,0.49904743,-0.24255466
1751411907701,152922136,-0.16293357,0.09990269,-0.32291317
1751411907717,152938803,-0.24830602,-0.12696452,-0.18973541
1751411907734,152955470,-0.42077443,-0.056574482,-0.046962738
1751411907751,152972137,-0.3270065,0.003530387,-0.033662796
1751411907768,152988804,-0.5620743,-0.19449136,0.015872002
1751411907784,153005471,-0.3052343,0.064880446,-0.09457207
1751411907801,153022138,0.121330544,0.04632865,0.051501274
1751411907818,153038805,0.31727833,0.15616895,0.06065941
1751411907834,153055472,0.2674263,0.5631563,0.20325947
1751411907851,153072139,0.2693081,0.38818902,0.45669842
1751411907868,153088806,0.4184215,0.42983934,0.33384895
1751411907884,153105473,0.13955054,0.47402337,0.16957855
1751411907901,153122140,-0.031552654,0.2701373,0.13052464
1751411907918,153138807,-0.11366885,0.30237278,0.1886301
1751411907934,153155474,-0.40335616,0.07463768,0.08609009
1751411907951,153172141,-0.531188,0.008056748,-0.16929054
1751411907968,153188808,-0.32878196,0.020682547,-0.17765522
1751411907984,153205475,-0.42449212,-0.14008741,0.041464806
1751411908001,153222142,-0.74178463,-0.3880679,0.047145844
1751411908018,153238809,-0.61637455,-0.31125474,0.37835693
1751411908034,153255476,-1.543749,-0.25358126,0.34974003
1751411908051,153272143,-0.8576126,0.1362973,-0.36730194
1751411908068,153288810,0.32144472,0.5093306,0.017746925
1751411908084,153305477,0.17321226,0.4209824,0.45445442
1751411908101,153322144,-0.027771149,0.3412625,0.4176426
1751411908118,153338811,-0.15833949,0.2065282,0.39376354
1751411908134,153355478,-0.094438024,0.2743445,0.24949837
1751411908151,153372145,-0.13734971,0.30889693,0.09672451
1751411908168,153388812,-0.29602313,0.054347847,-0.013832092
1751411908184,153405479,-0.22832464,-0.034044154,0.046388626
1751411908201,153422146,-0.42353424,-0.20067507,0.27476025
1751411908218,153438813,-0.9519114,-0.12657315,0.43460178
1751411908234,153455480,-2.865685,-0.6988497,0.1149807
1751411908251,153472147,-2.4173267,1.043738,0.27989292
1751411908268,153488814,-3.0839102,0.37046915,0.5601864
1751411908284,153505481,-3.2382276,0.52845526,0.003004074
1751411908301,153522148,-3.118504,1.1048366,-0.33491516
1751411908318,153538815,-2.9653363,0.45984012,-0.35693264
1751411908334,153555482,-2.370721,-0.35594594,-0.5317106
1751411908351,153572149,-1.211459,-0.17820252,-0.49991894
1751411908368,153588816,-0.44675592,0.5281497,-0.65285015
1751411908384,153605483,0.075675175,0.7268391,-0.4558344
1751411908401,153622150,0.21291047,0.88899326,-0.5507822
1751411908418,153638817,0.46992654,0.8253459,-0.49566555
1751411908434,153655484,0.7594552,0.95071405,-0.42786217
1751411908451,153672151,1.2565453,1.0223105,-0.42047596
1751411908468,153688818,1.5613114,1.288078,-0.31553745
1751411908484,153705485,1.5503736,1.5183986,-0.19051361
1751411908501,153722152,1.4486204,1.5524513,0.024952888
1751411908518,153738819,1.0204746,1.9656968,0.34059238
1751411908534,153755486,1.0649202,0.9398608,0.43110275
1751411908551,153772153,0.76035863,1.006862,0.51921177
1751411908568,153788820,0.37780628,0.71271676,0.6704588
1751411908584,153805487,-0.17998244,0.42904815,0.5721979
1751411908601,153822154,-0.6800237,0.18798244,0.402483
1751411908618,153838821,-1.0585341,0.15779898,0.23461342
1751411908634,153855488,-1.2915696,-0.04569693,0.014226913
1751411908651,153872155,-1.3344833,-0.33575282,-0.116137505
1751411908668,153888822,-1.4460393,-0.32584265,-0.25749874
1751411908684,153905489,-1.2329068,-0.40670285,-0.25956726
1751411908701,153922156,-0.86959594,-0.22538957,-0.09662247
1751411908718,153938823,-0.30055082,-0.15735994,-0.12577915
1751411908734,153955490,0.23564021,-0.22819142,-0.10590744
1751411908751,153972157,0.6500678,-0.15620588,-0.05215645
1751411908768,153988824,1.1375667,-0.24396406,-0.06702232
1751411908784,154005491,1.4886503,-0.3304608,-0.07585049
1751411908801,154022158,1.764656,-0.37865883,-0.16296673
1751411908818,154038825,1.7748775,-0.4380883,-0.101181984
1751411908834,154055492,1.7242981,-0.49558294,0.03573513
1751411908851,154072159,1.7652212,-0.36107177,0.20979595
1751411908868,154088826,1.6805252,-0.2303724,0.30510902
1751411908884,154105493,1.5952542,-0.08476282,0.47787476
1751411908901,154122160,1.3834981,0.21007134,0.60853386
1751411908918,154138827,1.2747436,0.44302133,0.5843735
1751411908934,154155494,0.77097124,0.40368026,0.32503033
1751411908951,154172161,0.34851855,0.1853062,0.18016148
1751411908968,154188828,0.38309908,-0.05003181,0.21958065
1751411908984,154205495,0.5796587,-0.1835874,-0.19330311
1751411909001,154222162,0.27121398,-0.43294695,-0.29442883
1751411909018,154238829,0.33488137,-1.4148797,-0.048360825
1751411909034,154255496,0.29153544,-1.6408979,0.09765911
1751411909051,154272163,-0.07543339,-1.6254992,-0.030452728
1751411909068,154288830,-0.3144944,-1.8393526,-0.20100117
1751411909084,154305497,-0.45433888,-1.8709617,-0.21891975
1751411909101,154322164,-0.17626841,-1.6559901,-0.13378906
1751411909118,154338831,0.032107692,-1.7016003,-0.31660366
1751411909134,154355498,0.30493242,-1.6387571,-0.21938229
1751411909151,154372165,0.2805756,-1.4377272,-0.32349396
1751411909168,154388832,0.7005445,-1.3178145,-0.4504118
1751411909184,154405499,0.9378655,-1.0627369,-0.52478313
1751411909201,154422166,0.64504594,-0.9095692,-0.6372423
1751411909218,154438833,0.39481452,-0.8412187,-0.6301346
1751411909234,154455500,-0.12834516,-0.90281177,-0.7938404
1751411909251,154472167,-0.46574703,-1.063196,-0.9710617
1751411909268,154488834,-1.0786885,-1.2796005,-1.1230755
1751411909284,154505501,-1.4044942,-1.5184262,-1.1151981
1751411909301,154522168,-1.8972783,-1.9094701,-1.2426348
1751411909318,154538835,-1.9401242,-2.3201332,-1.3717203
1751411909334,154555502,-1.8123839,-2.4986055,-1.3517942
1751411909351,154572169,-1.288908,-2.3096755,-1.1967316
1751411909368,154588836,-1.064109,-2.6044507,-1.2061567
1751411909384,154605503,0.047704816,-3.08051,-1.0676088
1751411909401,154622170,1.8060961,-1.6299669,-0.016812325
1751411909418,154638837,7.036096,2.7141075,3.5240164
1751411909434,154655504,0.5929926,1.0346591,3.3540173
1751411909451,154672171,-7.6245284,-3.3157964,0.035256386
1751411909468,154688838,1.6060236,-1.0858668,2.3897076
1751411909484,154705505,1.185577,0.6541786,-0.9901905
1751411909501,154722172,-1.3242182,-1.3915299,-1.6315212
1751411909518,154738839,-1.0942421,-1.1589583,0.59214306
1751411909534,154755506,-1.5598999,-0.5643617,0.4758196
1751411909551,154772173,-1.712466,-0.37197563,0.043138504
1751411909568,154788840,-0.9914012,-0.46250463,-0.13093758
1751411909584,154805507,-0.33133572,-0.5661277,0.12193966
1751411909601,154822174,0.23949614,-0.72538054,0.35627556
1751411909618,154838841,0.19106759,-0.69208485,0.38579273
1751411909634,154855508,-0.06472533,-0.45295772,0.104016304
1751411909651,154872175,-0.20523083,-0.4437424,-0.13489628
1751411909668,154888842,-0.25198302,-0.40653777,0.16758633
1751411909684,154905509,-0.5039922,-0.51927066,0.22686863
1751411909701,154922176,-0.13196093,-0.7052446,-0.0036916733
1751411909718,154938843,0.54575706,-0.85029393,0.049542427
1751411909734,154955510,0.24395445,-0.6931109,0.22906399
1751411909751,154972177,0.11178017,-0.66990286,0.26640224
1751411909768,154988844,-0.40729392,-0.4270615,0.20015621
1751411909784,155005511,-0.29332903,-0.50013673,0.24421215
1751411909801,155022178,-0.58052486,-0.5400245,0.18435574
1751411909818,155038845,-0.7166135,-0.47078556,0.26112938
1751411909834,155055512,-0.23227678,-0.52753586,0.17101288
1751411909851,155072179,-0.33406895,-0.329922,0.149786
1751411909868,155088846,-0.407154,-0.26432285,0.19082737
1751411909884,155105513,-0.04932484,-0.4340721,0.15122795
1751411909901,155122180,0.10859969,-0.48868582,0.06597519
1751411909918,155138847,0.015463744,-0.5195296,0.06131172
1751411909934,155155514,-0.08649694,-0.4027282,0.015871048
1751411909951,155172181,-0.05292049,-0.34733912,-0.00701046
1751411909968,155188848,0.007960749,-0.34122112,-0.00922966
1751411909984,155205515,0.030926595,-0.3950919,0.020450592
1751411910001,155222182,0.034797393,-0.42155805,0.06493664
1751411910018,155238849,0.03572553,-0.50639164,0.007980347
1751411910034,155255516,0.00968571,-0.4692916,0.08882046
1751411910051,155272183,0.26204592,-0.5204138,0.13276005
1751411910068,155288850,0.23567206,-0.5168861,0.15798569
1751411910084,155305517,0.036799174,-0.49382696,0.19023609
1751411910101,155322184,0.18829983,-0.503092,0.14344692
1751411910118,155338851,0.05036015,-0.5008565,0.19327068
1751411910134,155355518,0.016309517,-0.46059114,0.25202847
1751411910151,155372185,0.15964994,-0.52249384,0.20319271
1751411910168,155388852,-0.06495935,-0.5108175,0.20014477
1751411910184,155405519,0.3409689,-0.961465,0.28783035
1751411910201,155422186,0.5119413,-0.56385523,0.24778366
1751411910218,155438853,0.21242648,-0.5436682,0.17994118
1751411910234,155455520,0.01739512,-0.25755396,0.22987843
1751411910251,155472187,-0.083414026,-0.0093392655,0.26272202
1751411910268,155488854,-0.24175866,0.061630346,0.32414818
1751411910284,155505521,-0.27116245,0.1479316,0.30330563
1751411910301,155522188,-0.03884756,-0.06545957,0.34643173
1751411910318,155538855,0.015012359,0.020954339,0.46839428
1751411910334,155555522,0.10975749,-0.04377121,0.5616379
1751411910351,155572189,0.09300251,0.0016285154,0.59524345
1751411910368,155588856,0.31862408,-0.031798296,0.62153816
1751411910384,155605523,0.16912365,-0.07059009,0.7074537
1751411910401,155622190,0.04457541,0.27671754,0.81840515
1751411910418,155638857,0.0066260416,0.16150555,0.7874298
1751411910434,155655524,0.09743712,0.6199203,0.83708096
1751411910451,155672191,0.05971037,0.30006793,0.99188995
1751411910468,155688858,0.390533,0.5928205,0.9715605
1751411910484,155705525,0.16340205,0.9511462,1.098566
1751411910501,155722192,0.67553616,1.5297363,1.3399439
1751411910518,155738859,0.7025571,2.0605593,1.7734938
1751411910534,155755526,1.096964,2.810711,2.2944984
1751411910551,155772193,1.202896,2.3376641,1.8171921
1751411910568,155788860,1.1528964,3.494497,1.6693563
1751411910584,155805527,1.1734207,4.5657315,1.6914959
1751411910601,155822194,0.2886956,6.314808,2.3216753
1751411910618,155838861,2.5060441,8.3952465,2.0637865
1751411910634,155855528,9.10369,9.07229,-2.3141026
1751411910651,155872195,7.807631,4.053249,-2.9958758
1751411910668,155888862,2.590088,-3.1615803,3.935089
1751411910684,155905529,8.079382,-0.84186065,3.5495567
1751411910701,155922196,8.97281,6.606695,2.1515198
1751411910718,155938863,3.9579039,3.872045,-0.40212822
1751411910734,155955530,5.699155,6.610521,-5.2904463
1751411910751,155972197,5.723929,8.028937,-10.50794
1751411910768,155988864,0.48956826,5.895793,-7.8519673
1751411910784,156005531,-0.036807444,5.033858,-6.7658286
1751411910801,156022198,2.2127159,7.055077,-8.259556
1751411910818,156038865,2.2232947,6.2964425,-6.699566
1751411910834,156055532,2.2172,5.560371,-5.8334484
1751411910851,156072199,2.1169934,6.0370083,-4.8566804
1751411910868,156088866,0.79194975,5.0233626,-2.2103586
1751411910884,156105533,-0.8741189,3.7863913,0.6383667
1751411910901,156122200,-1.5813899,2.9708395,2.210968
1751411910918,156138867,-1.4262295,2.6422427,3.257063
1751411910934,156155534,-1.7172925,1.5809227,4.4239473
1751411910951,156172201,-1.72182,0.14100404,4.473131
1751411910968,156188868,-0.9383664,-0.5672258,4.981847
1751411910984,156205535,-0.22275749,-1.6903261,5.6172132
1751411911001,156222202,0.25926608,-3.3689246,6.2303715
1751411911018,156238869,0.3836573,-5.440979,6.989687
1751411911034,156255536,-0.21069762,-6.630131,6.2733
1751411911051,156272203,-3.205176,-7.7074375,4.495968
1751411911068,156288870,-4.7318335,-8.779751,2.9970512
1751411911084,156305537,-5.4922075,-11.635823,0.09700775
1751411911101,156322204,-7.6777244,-18.255354,-8.109902
1751411911118,156338871,-10.31256,-20.681002,-12.42457
1751411911134,156355538,-2.4805422,-12.638753,-6.687853
1751411911151,156372205,0.9707767,-8.159801,-3.3219905
1751411911168,156388872,-0.14249745,-7.7618175,-3.2250361
1751411911184,156405539,-1.442377,-7.814796,-3.1379862
1751411911201,156422206,-2.1134262,-7.6031365,-3.6469183
1751411911218,156438873,-2.7428236,-7.5441146,-3.9246325
1751411911234,156455540,2.1088142,-6.2444077,-1.1204386
1751411911251,156472207,9.455288,4.61693,4.367571
1751411911268,156488874,18.676497,21.748816,17.61356
1751411911284,156505541,-13.980794,-20.27557,-2.7027955
1751411911301,156522208,-19.269888,-3.0484283,1.1396885
1751411911318,156538875,-5.7474675,0.8544887,0.32256317
1751411911334,156555542,-2.6994565,-0.865937,0.42485523
1751411911351,156572209,3.4960787,-0.9919941,-0.72922516
1751411911368,156588876,5.2530165,0.1876887,-0.29872894
1751411911384,156605543,-0.56056446,-1.488413,-0.11111736
1751411911401,156622210,-1.2389488,-1.6851681,-0.028250694
1751411911418,156638877,-0.10812037,-1.1499398,1.4694481
1751411911434,156655544,-1.7341214,-0.36582163,0.22825813
1751411911451,156672211,-0.5528052,-0.7883016,-0.5191097
1751411911468,156688878,1.8019274,-0.27379835,0.9305773
1751411911484,156705545,1.3324484,-0.63546765,0.3264141
1751411911501,156722212,-0.014556058,-0.6309973,-0.23657131
1751411911518,156738879,-0.64865804,-0.5549252,0.60195065
1751411911534,156755546,-0.29936096,-0.51058626,0.35321712
1751411911551,156772213,-0.04636687,-0.7523018,-0.15184212
1751411911568,156788880,0.6833466,-0.5999591,0.12580395
1751411911584,156805547,0.38955203,-0.32996458,0.22246742
1751411911601,156822214,0.035629082,-0.22476575,0.10270023
1751411911618,156838881,-0.04837357,-0.26480743,0.10543728
1751411911634,156855548,0.107413396,-0.33288768,0.007858276
1751411911651,156872215,-0.07120184,-0.58109033,-0.0036725998
1751411911668,156888882,-0.015068126,-0.601232,0.042650223
1751411911684,156905549,0.15220897,-0.48492724,-0.01958847
1751411911701,156922216,0.23289536,-0.49027792,0.084890366
1751411911718,156938883,0.4426131,-0.31905982,0.28526497
1751411911734,156955550,0.5261189,0.060514793,0.41728306
1751411911751,156972217,0.2550482,0.19396186,0.735301
1751411911768,156988884,0.35033777,0.5658731,0.9126892
1751411911784,157005551,0.072756596,0.8822928,1.2782669
1751411911801,157022218,-0.24634548,1.077494,1.5504217
1751411911818,157038885,-0.63955575,1.129649,1.7788239
1751411911834,157055552,0.27802822,1.256097,2.2293386
1751411911851,157072219,0.7483453,1.2962666,2.425087
1751411911868,157088886,0.90062714,1.3368764,2.3730621
1751411911884,157105553,0.87129015,1.6828983,2.1146631
1751411911901,157122220,0.42208365,3.0059056,2.4171257
1751411911918,157138887,1.0298816,4.176837,3.553793
1751411911934,157155554,0.80437577,5.016727,3.1816359
1751411911951,157172221,1.440292,6.4375443,2.9035711
1751411911968,157188888,3.3431919,7.7339168,2.4697104
1751411911984,157205555,6.903149,11.423878,0.6956167
1751411912001,157222222,8.682744,12.22884,-3.1306615
1751411912018,157238889,6.674042,6.3241005,-2.5583897
1751411912034,157255556,2.703498,-3.9470203,5.880192
1751411912051,157272223,7.0926976,4.3279276,2.673874
1751411912068,157288890,6.7193065,8.410864,-2.9233508
1751411912084,157305557,1.6795268,6.088915,-2.4377446
1751411912101,157322224,2.4169703,7.9396095,-7.143484
1751411912118,157338891,2.4620645,7.2949653,-7.9112935
1751411912134,157355558,3.4560926,5.557551,-10.121088
1751411912151,157372225,5.122412,6.380186,-11.384998
1751411912168,157388892,4.3175087,6.7264147,-8.899975
1751411912184,157405559,3.1880202,6.414864,-6.8539977
1751411912201,157422226,1.7290136,5.849872,-5.210639
1751411912218,157438893,-0.09871539,4.540506,-2.7883782
1751411912234,157455560,-1.2820256,3.787737,-0.71654415
1751411912251,157472227,-2.0107691,3.226746,1.9499483
1751411912268,157488894,-2.497734,1.7866347,3.2855844
1751411912284,157505561,-1.587706,1.4444069,4.2281847
1751411912301,157522228,-1.3397331,-0.3205605,5.856701
1751411912318,157538895,-0.82685935,-1.3078535,6.879383
1751411912334,157555562,0.77371734,-1.9616252,8.310303
1751411912351,157572229,1.5764999,-4.706507,10.390835
1751411912368,157588896,1.0234976,-8.165338,11.604935
1751411912384,157605563,-4.0159955,-10.521514,7.93169
1751411912401,157622230,-7.298294,-18.920267,-0.5392332
1751411912418,157638897,-7.8839054,-30.279219,-14.714054
1751411912434,157655564,-7.228758,-24.018942,-14.680306
1751411912451,157672231,0.78695565,-10.929566,-6.3626914
1751411912468,157688898,1.1463277,-9.795113,-2.298133
1751411912484,157705565,-0.08839423,-8.667775,-1.9200339
1751411912501,157722232,-0.9530861,-8.273518,-1.6010151
1751411912518,157738899,-2.06589,-6.281424,-2.2244005
1751411912534,157755566,-3.3091445,-5.766976,-2.09413
