timestamp_ms,timestamp_μs,freeAcceleration_m/s²_x,freeAcceleration_m/s²_y,freeAcceleration_m/s²_z
1747033826586,936523898,0.4971011,0.13966207,-0.11181927
1747033826603,936540565,0.74264973,0.37484732,0.17203999
1747033826619,936557232,0.9188537,0.5749663,0.53561974
1747033826636,936573899,0.8311917,0.6816792,0.55258274
1747033826653,936590566,0.9812825,0.5975076,0.27682495
1747033826669,936607233,0.85254365,0.37694833,0.049243927
1747033826686,936623900,0.6200106,0.09390785,-0.018964767
1747033826703,936640567,0.38281557,-0.11666504,-0.066316605
1747033826719,936657234,0.21002641,-0.4419963,-0.27299213
1747033826736,936673901,0.15769398,-0.50275487,-0.5402441
1747033826753,936690568,-0.022954892,-0.46323955,-0.6321373
1747033826769,936707235,-0.032522477,-0.4422862,-0.6830816
1747033826786,936723902,-0.11711006,-0.49041715,-0.5068636
1747033826803,936740569,-0.28291488,-0.5539478,-0.16578197
1747033826819,936757236,-0.48591036,-0.50525236,0.11336994
1747033826836,936773903,-0.6295936,-0.38470772,0.15379524
1747033826853,936790570,-0.560139,-0.44720292,0.0022354126
1747033826869,936807237,-0.45934618,-0.54426944,-0.055103302
1747033826886,936823904,-0.3249115,-0.6136098,-0.034510612
1747033826903,936840571,-0.5155409,-0.5650206,0.08296299
1747033826919,936857238,-0.70052034,-0.45099705,0.12976646
1747033826936,936873905,-0.6242387,-0.45324203,0.011043549
1747033826953,936890572,-0.5192703,-0.44270295,-0.009191513
1747033826969,936907239,-0.521177,-0.26985466,0.3747654
1747033826986,936923906,-0.41772246,-0.5166788,0.6482401
1747033827003,936940573,0.046601556,-0.843206,0.47426128
1747033827019,936957240,0.56204736,-0.88425684,-0.09451866
1747033827036,936973907,0.91017306,-0.46932647,-0.46858597
1747033827053,936990574,1.2644333,0.018026544,-0.22321987
1747033827069,937007241,1.3488595,0.51867276,0.45608616
1747033827086,937023908,1.3363113,0.5811017,0.71336746
1747033827103,937040575,1.240551,0.46998316,0.431036
1747033827119,937057242,1.207582,0.18472028,-0.3002472
1747033827136,937073909,0.76626843,-0.080719024,-0.84350586
1747033827153,937090576,0.3236357,-0.11308336,-0.9122896
1747033827169,937107243,-0.0997117,-0.066152684,-0.9165344
1747033827186,937123910,-0.54501575,-0.110667184,-0.8205433
1747033827203,937140577,-0.8641307,-0.24521059,-0.69452095
1747033827219,937157244,-1.0540164,-0.41763228,-0.43708897
1747033827236,937173911,-0.92090344,-0.48041573,-0.4422369
1747033827253,937190578,-0.859264,-0.3848911,-0.45586205
1747033827269,937207245,-0.6789558,-0.41432416,-0.2535467
1747033827286,937223912,-0.27946898,-0.4026045,0.033431053
1747033827303,937240579,0.010299924,-0.42202476,-0.020967484
1747033827319,937257246,0.215668,-0.33019456,-0.066168785
1747033827336,937273913,0.09141423,-0.15288532,-0.08160114
1747033827353,937290580,-0.027288474,0.1856626,0.48816586
1747033827369,937307247,-0.14414418,0.41795158,1.0531511
1747033827386,937323914,-0.2138735,0.2015993,1.8650894
1747033827403,937340581,-0.62495387,0.03289988,2.6782017
1747033827419,937357248,-1.0508215,0.21756372,3.2697945
1747033827436,937373915,-1.4244921,-1.1911718,4.040435
1747033827453,937390582,-0.09484348,-1.4606916,4.2287903
1747033827469,937407249,0.2169743,-0.5539675,3.2497292
1747033827486,937423916,0.26438868,-0.71006286,3.1034832
1747033827503,937440583,0.42082417,0.059089225,3.36965
1747033827519,937457250,0.9659547,0.34603316,3.3602304
1747033827536,937473917,0.88240767,0.09940884,2.8104448
1747033827553,937490584,0.49116448,-0.17598605,2.2985916
1747033827569,937507251,0.16950853,-0.2652978,1.9318237
1747033827586,937523918,-0.09939219,-0.2529343,1.7450199
1747033827603,937540585,0.0040762057,-0.30373633,1.5942383
1747033827619,937557252,0.30733892,-0.22258973,1.4858761
1747033827636,937573919,0.76980424,-0.1373048,1.4360647
1747033827653,937590586,1.1251264,-0.19859003,1.3729906
1747033827669,937607253,1.2594987,-0.3244787,1.4520645
1747033827686,937623920,1.3213739,-0.3811858,1.5592384
1747033827703,937640587,1.1945362,-0.21479774,1.6462154
1747033827719,937657254,1.0379984,-0.13616867,1.5964718
1747033827736,937673921,0.83567125,-0.12558366,1.616005
1747033827753,937690588,0.62310785,0.046496283,1.2347002
1747033827769,937707255,0.35422444,0.104163855,0.64113426
1747033827786,937723922,0.14636976,0.05525894,0.44317436
1747033827803,937740589,-0.32291138,-0.051772363,0.4844637
1747033827819,937757256,-0.79303336,-0.18834612,0.49779606
1747033827836,937773923,-1.082067,-0.36441022,0.4827652
1747033827853,937790590,-0.98255694,-0.65863574,0.3171358
1747033827869,937807257,-0.6640097,-0.755207,0.122302055
1747033827886,937823924,-0.13992715,-0.7651733,-0.19376183
1747033827903,937840591,0.5680482,-0.5369859,-0.6557512
1747033827919,937857258,1.054809,-0.1406281,-0.84743595
1747033827936,937873925,1.25106,0.22395048,-1.0196009
1747033827953,937890592,1.1890453,0.8320288,-0.89782333
1747033827969,937907259,1.2496091,0.5937065,-0.9416027
1747033827986,937923926,0.79252577,2.008874,-0.45569324
1747033828003,937940593,0.40369043,1.3514867,-0.91179943
1747033828019,937957260,0.12311954,0.9520254,-1.0987377
1747033828036,937973927,-0.27580866,0.5129347,-1.3606853
1747033828053,937990594,-0.6536472,-0.028690401,-1.8354039
1747033828069,938007261,-0.6563186,-0.4299649,-1.7685118
1747033828086,938023928,-0.66036934,-0.524116,-1.4737759
1747033828103,938040595,-0.679156,-0.5150247,-1.3627892
1747033828119,938057262,-0.92691165,-0.6107386,-1.2425299
1747033828136,938073929,-1.2271354,-0.3674951,-1.8574896
1747033828153,938090596,-1.723151,-0.07056059,-2.4980645
1747033828169,938107263,-1.7368995,0.3792104,-2.7580733
1747033828186,938123930,-1.652604,0.3684784,-2.0338154
1747033828203,938140597,-1.1437821,0.28983495,-1.6445217
1747033828219,938157264,-1.0602815,0.4095928,-0.7938547
1747033828236,938173931,-1.3880448,0.5470944,0.16136551
1747033828253,938190598,-1.7135679,0.557417,0.77686405
1747033828269,938207265,-1.8969196,0.3297856,0.37367725
1747033828286,938223932,-2.260307,0.37144813,0.29279327
1747033828303,938240599,-2.7147107,0.5893508,-0.096253395
1747033828319,938257266,-3.017387,1.0567856,-0.9486542
1747033828336,938273933,-3.1453066,1.4839691,-1.4683247
1747033828353,938290600,-3.2241836,1.5457128,-2.320342
1747033828369,938307267,-3.1116576,1.3368353,-3.1246138
1747033828386,938323934,-3.3153644,-0.04415135,-3.3492937
1747033828403,938340601,-2.594896,-1.3846971,-2.974069
1747033828419,938357268,-2.1191177,-1.4952424,-1.6313934
1747033828436,938373935,-2.2507722,-0.21052638,0.69220924
1747033828453,938390602,-2.1028337,0.8176782,2.7150993
1747033828469,938407269,-1.8398544,0.73281026,3.9499235
1747033828486,938423936,-1.7009974,0.038748764,3.6018457
1747033828503,938440603,-1.6336555,0.03769233,2.2093496
1747033828519,938457270,-1.8639369,0.15975867,1.1053019
1747033828536,938473937,-1.9955692,0.40867132,0.12237167
1747033828553,938490604,-2.2683342,0.6607622,-1.2569752
1747033828569,938507271,-2.6023712,0.566933,-2.9585156
1747033828586,938523938,-2.4113185,0.18082924,-3.235633
1747033828603,938540605,-2.1151388,0.09920646,-2.1440234
1747033828619,938557272,-1.9599323,0.16046314,-0.866271
1747033828636,938573939,-1.7664937,0.07985543,-0.022025108
1747033828653,938590606,-1.7531952,0.027271654,0.4321394
1747033828669,938607273,-1.6528882,0.04890581,0.37595463
1747033828686,938623940,-1.6203002,0.08361692,0.36161327
1747033828703,938640607,-1.6992602,-0.21682587,0.039482117
1747033828719,938657274,-1.6976335,-0.6498781,-0.09966946
1747033828736,938673941,-1.6235259,-0.93588,-0.27576637
1747033828753,938690608,-1.7388314,-0.4955094,-0.6102371
1747033828769,938707275,-2.123241,0.21229306,-0.75179577
1747033828786,938723942,-1.495835,0.6586352,-1.5551004
1747033828803,938740609,-0.29875568,0.53083163,-2.4588137
1747033828819,938757276,0.19025367,0.6728201,-2.6799598
1747033828836,938773943,0.40505198,0.8440534,-2.330206
1747033828853,938790610,0.22225256,0.80755717,-1.8538761
1747033828869,938807277,-0.7276038,0.23287614,-1.041852
1747033828886,938823944,-0.85354626,-0.9435302,-1.1612425
1747033828903,938840611,-0.31818765,-1.3528008,-2.4639955
1747033828919,938857278,0.2732246,-2.4359806,-1.2953691
1747033828936,938873945,0.808327,-2.0177603,0.60708237
1747033828953,938890612,0.70399976,-1.6442138,1.0579844
1747033828969,938907279,-0.012888987,-0.6116311,0.5793781
1747033828986,938923946,0.37813386,-0.55995756,-0.5898266
1747033829003,938940613,0.94256765,-0.29719982,-0.8126488
1747033829019,938957280,1.2068716,0.049405526,-0.3102789
1747033829036,938973947,1.253299,0.34800297,-0.44952583
1747033829053,938990614,1.2168392,0.07231683,-0.8841562
1747033829069,939007281,1.0150576,-0.07494479,-1.3080997
1747033829086,939023948,0.73550504,-0.35902348,-1.6723738
1747033829103,939040615,0.6927147,0.00030520695,-1.3004255
1747033829119,939057282,0.8683545,0.18847506,-0.33848095
1747033829136,939073949,0.84302735,0.40485013,0.061368942
1747033829153,939090616,0.379004,0.5915072,-0.4880228
1747033829169,939107283,0.065487735,0.5387138,-0.7577219
1747033829186,939123950,0.37677357,0.018765142,-0.33351994
1747033829203,939140617,0.9000907,-0.4172579,0.62897205
1747033829219,939157284,1.2258428,-0.8610606,1.4977045
1747033829236,939173951,0.93793255,-0.75195605,1.3700743
1747033829253,939190618,0.44255403,-0.12404047,0.61106586
1747033829269,939207285,0.14835806,0.29449385,0.24114227
1747033829286,939223952,0.29797634,0.38460606,0.34219456
1747033829303,939240619,0.39528048,0.4403658,0.7745428
1747033829319,939257286,0.0013358252,0.293652,0.75857735
1747033829336,939273953,-0.3899735,0.25873825,0.91981125
1747033829353,939290620,-0.529448,0.61021423,0.9078369
1747033829369,939307287,-0.2410508,0.8775684,0.7273865
1747033829386,939323954,0.16179109,0.71478504,0.47268867
1747033829403,939340621,0.79696137,0.342187,0.63957214
1747033829419,939357288,0.9865409,0.13336627,1.1187382
1747033829436,939373955,0.9815445,-0.07464059,1.2531576
1747033829453,939390622,1.0191242,-0.4007196,1.3197823
1747033829469,939407289,0.9936581,-0.60612243,1.2434502
1747033829486,939423956,0.9740433,-0.44649863,1.1809225
1747033829503,939440623,1.0822377,-0.25194347,1.2922173
1747033829519,939457290,1.2673739,-0.04376294,1.3003902
1747033829536,939473957,1.458206,0.00949226,1.4284143
1747033829553,939490624,1.5321946,-0.07822495,1.535161
1747033829569,939507291,1.3030939,-0.35500416,1.3290644
1747033829586,939523958,0.87084997,-0.5029115,1.032506
1747033829603,939540625,0.9726098,-0.5823113,1.2998657
1747033829619,939557292,1.1251231,-0.49360478,1.3031998
1747033829636,939573959,0.65851355,-0.39666632,0.93950653
1747033829653,939590626,0.12721787,-0.1835912,1.0009584
1747033829669,939607293,0.12790328,0.008578204,1.5187969
1747033829686,939623960,0.102516,0.22841035,2.1138992
1747033829703,939640627,-0.022194836,0.39684424,2.09171
1747033829719,939657294,-0.079571284,0.34207016,1.8906507
1747033829736,939673961,0.007678564,0.25029597,1.8537741
1747033829753,939690628,0.038658354,0.21591519,1.9251804
1747033829769,939707295,-0.031598475,0.18060261,1.7481031
1747033829786,939723962,-0.18031214,0.18414529,1.6397791
1747033829803,939740629,-0.24981841,0.2926387,1.5396128
1747033829819,939757296,-0.008169399,0.36565456,1.410181
1747033829836,939773963,0.3547439,0.39996335,1.3262138
1747033829853,939790630,0.66905195,0.22011355,1.1705303
1747033829869,939807297,0.9211852,0.0194083,0.9736824
1747033829886,939823964,1.1668533,-0.160814,0.83203316
1747033829903,939840631,1.5733587,-0.32348964,0.46544933
1747033829919,939857298,2.0703487,-0.35466588,-0.009727478
1747033829936,939873965,2.419385,-0.31790784,-0.16411304
1747033829953,939890632,2.736994,-0.31273285,-0.03197956
1747033829969,939907299,1.4024695,-0.1646307,0.23141861
1747033829986,939923966,-0.50479174,-0.008102791,0.38032818
1747033830003,939940633,-1.2925963,-0.017561078,0.18904018
1747033830019,939957300,-1.2616597,-0.3031448,-0.9175415
1747033830036,939973967,-0.8901383,-0.3453683,-1.8144512
1747033830053,939990634,-0.29150972,-0.39111438,-2.0207024
1747033830069,940007301,0.053423844,-0.35764888,-1.2480917
1747033830086,940023968,0.34090957,-0.28757277,-0.39545345
1747033830103,940040635,0.3691627,-0.091894895,-0.012347221
1747033830119,940057302,0.39567,0.15036947,0.31855488
1747033830136,940073969,0.17472321,0.25928822,0.57380295
1747033830153,940090636,0.22034131,0.33203408,0.6880684
1747033830169,940107303,0.40707162,0.24189511,0.6449661
1747033830186,940123970,0.6610575,0.23569284,0.51597595
1747033830203,940140637,0.8512122,0.19263107,0.38305855
1747033830219,940157304,0.9661951,0.19776314,0.31639385
1747033830236,940173971,0.8487808,0.106781974,0.2727108
1747033830253,940190638,0.75804263,-0.099670686,0.19335747
1747033830269,940207305,0.62017584,-0.40976363,0.046860695
1747033830286,940223972,0.54983515,-0.52522016,-0.29144764
1747033830303,940240639,0.5405578,-0.46302786,-0.46100998
1747033830319,940257306,0.54495406,-0.49889275,-0.4014759
1747033830336,940273973,0.4824355,-0.28673628,-0.2673807
1747033830353,940290640,0.42098686,-0.060747243,0.0045576096
1747033830369,940307307,0.2871985,0.22593248,0.26701546
1747033830386,940323974,0.19956645,0.46105248,0.32708073
1747033830403,940340641,0.27347884,0.66517365,0.20152569
1747033830419,940357308,0.38476816,0.5988674,0.20690823
1747033830436,940373975,0.45231268,0.5421619,0.17708874
1747033830453,940390642,0.45421723,0.46000934,0.03833103
1747033830469,940407309,0.4370295,0.27795357,-0.2487278
1747033830486,940423976,0.45894608,0.0634817,-0.3168316
1747033830503,940440643,0.40078825,0.015408089,-0.17815399
1747033830519,940457310,0.36515826,0.06769761,-0.12458229
1747033830536,940473977,0.44129458,0.10793575,-0.17110729
1747033830553,940490644,0.5081918,0.072962,-0.06946087
1747033830569,940507311,0.4893604,-0.030302098,0.20841312
1747033830586,940523978,0.37643382,-0.09722523,0.17717361
1747033830603,940540645,0.30730438,-0.14530152,-0.0328331
1747033830619,940557312,0.33112663,-0.16718434,-0.19454193
1747033830636,940573979,0.3516355,-0.12915115,-0.18745708
1747033830653,940590646,0.36045912,-0.036690544,-0.1775217
1747033830669,940607313,0.33813977,0.0519272,-0.18894291
1747033830686,940623980,0.34608477,0.13815291,-0.14231491
1747033830703,940640647,0.44829592,0.12451348,-0.18551445
1747033830719,940657314,0.5071887,0.0681862,-0.19583988
1747033830736,940673981,0.44819108,0.038370468,-0.16978073
1747033830753,940690648,0.36134,0.016808622,-0.19065666
1747033830769,940707315,0.3764823,-0.056077387,-0.24228287
1747033830786,940723982,0.38235354,-0.10335731,-0.19748211
1747033830803,940740649,0.20218512,-0.16905873,-0.046013832
1747033830819,940757316,0.23336272,-0.23552878,0.06825924
1747033830836,940773983,0.39151534,-0.26461497,0.109983444
1747033830853,940790650,0.6303644,-0.25671202,0.28693008
1747033830869,940807317,0.8545649,-0.27576828,0.321105
1747033830886,940823984,0.98983335,-0.37387794,0.18292427
1747033830903,940840651,0.9755368,-0.3636864,0.033877373
1747033830919,940857318,0.94717306,-0.32575136,-0.24277687
1747033830936,940873985,0.9327766,-0.1861398,-0.2863636
1747033830953,940890652,0.97184193,-0.20858386,-0.15079212
1747033830969,940907319,0.9355783,-0.22847986,-0.103918076
1747033830986,940923986,0.8308939,-0.26252937,-0.10353184
1747033831003,940940653,0.74770457,-0.3081088,-0.0057048798
1747033831019,940957320,0.50309056,-0.30086833,0.18585014
1747033831036,940973987,0.30672595,-0.34538418,0.09955692
1747033831053,940990654,0.38037133,-0.27719954,0.08390617
1747033831069,941007321,0.45979667,-0.05560399,-0.016439438
1747033831086,941023988,0.61244005,0.11211522,0.058013916
1747033831103,941040655,1.0214101,0.17922856,0.28689957
1747033831119,941057322,1.2464752,0.19157921,0.58724594
1747033831136,941073989,1.323972,0.21829863,0.78100777
1747033831153,941090656,1.2436378,0.03282869,2.027728
1747033831169,941107323,1.1125686,-0.13188292,3.4473162
1747033831186,941123990,0.82446396,-0.118680686,3.759986
1747033831203,941140657,0.75688636,0.5807604,3.0781898
1747033831219,941157324,0.84622866,0.7445295,2.7472105
1747033831236,941173991,0.681724,-0.10062039,2.8588638
1747033831253,941190658,0.77110875,-0.49935967,3.276394
1747033831269,941207325,1.0174837,-0.24874288,3.638566
1747033831286,941223992,1.2195703,-0.21803968,3.2240915
1747033831303,941240659,1.4032435,-0.35851154,2.3795948
1747033831319,941257326,1.5690656,-0.26218113,1.8349199
1747033831336,941273993,1.3367168,-0.18317379,1.6103115
1747033831353,941290660,0.91290534,-0.04594309,1.3928881
1747033831369,941307327,0.72107255,0.15559329,1.2708387
1747033831386,941323994,0.6714093,0.29899785,1.3040667
1747033831403,941340661,0.716253,0.18312958,1.3206987
1747033831419,941357328,0.9016303,0.1526722,1.3464794
1747033831436,941373995,1.1636652,0.17973717,1.4794607
1747033831453,941390662,1.3117645,0.041535076,1.5684319
1747033831469,941407329,1.410228,-0.098934546,1.6865377
1747033831486,941423996,1.4223096,-0.083934814,2.006712
1747033831503,941440663,1.2234315,-0.011404749,2.135089
1747033831519,941457330,0.67623657,0.24172339,1.7246332
1747033831536,941473997,0.10707126,0.37183553,1.0808764
1747033831553,941490664,0.16484801,0.43269438,0.35306835
1747033831569,941507331,0.62323964,0.40355304,-0.022706985
1747033831586,941523998,1.3291487,0.42000246,-0.18725967
1747033831603,941540665,1.8541554,0.1501874,-0.35412693
1747033831619,941557332,2.0842957,0.06073942,-0.40162373
1747033831636,941573999,1.9426452,0.12955403,-0.85017776
1747033831653,941590666,1.7042121,0.07813544,-1.1002035
1747033831669,941607333,1.4467971,-0.013188046,-1.182744
1747033831686,941624000,1.7877625,0.11864615,-0.06030941
1747033831703,941640667,0.61700875,-0.3971635,-1.3424568
1747033831719,941657334,0.41038918,-0.026366537,-1.1795082
1747033831736,941674001,0.4106732,-0.3071415,-1.0622702
1747033831753,941690668,0.7160494,-0.2512993,-0.82699776
1747033831769,941707335,1.0172559,-0.123672344,-0.73717403
1747033831786,941724002,1.2672223,-0.124371886,-0.65680885
1747033831803,941740669,1.2084638,0.05773865,-0.59503365
1747033831819,941757336,0.7814669,0.19394375,-0.4986477
1747033831836,941774003,0.30887082,-0.15460062,-0.69641113
1747033831853,941790670,-0.17991127,-0.05540506,-0.9989567
1747033831869,941807337,-0.35868177,-0.19397153,-1.7026243
1747033831886,941824004,-0.50738144,0.08069611,-2.254457
1747033831903,941840671,-0.66064787,-0.16166799,-2.7225857
1747033831919,941857338,-0.9639286,-0.43781364,-3.4842863
1747033831936,941874005,-1.1504998,-1.1499048,-1.9197183
1747033831953,941890672,-0.91734344,-1.3400507,-1.9637423
1747033831969,941907339,-0.8999032,-1.477713,-1.5919037
1747033831986,941924006,-0.6140292,-0.6519775,-0.21032238
1747033832003,941940673,-0.75760555,0.48838177,0.5740471
1747033832019,941957340,-0.7194351,1.2248007,1.0725222
1747033832036,941974007,-0.72389644,1.4566457,1.8084631
1747033832053,941990674,-0.93546146,0.94674635,1.540061
1747033832069,942007341,-0.94258386,0.3777094,1.2503023
1747033832086,942024008,-1.3375933,0.42934757,0.5184221
1747033832103,942040675,-2.1217122,1.0256419,-0.5188408
1747033832119,942057342,-2.3889325,1.8621966,-2.0774407
1747033832136,942074009,-2.2855246,1.6899132,-3.4183755
1747033832153,942090676,-2.489764,0.09670226,-4.9134026
1747033832169,942107343,-1.6181916,-1.137519,-5.0195274
1747033832186,942124010,-1.186811,-0.9261861,-3.2867231
1747033832203,942140677,-1.2858164,0.4244586,-0.30338
1747033832219,942157344,-0.41160503,1.164927,2.9923096
1747033832236,942174011,0.32281932,0.9142063,4.4885616
1747033832253,942190678,0.45185715,0.24940503,3.627307
1747033832269,942207345,-0.2601979,0.034227658,1.5743256
1747033832286,942224012,-1.0722489,0.34916958,0.073765755
1747033832303,942240679,-1.3773187,0.5133184,-0.71406174
1747033832319,942257346,-1.2398956,0.42501983,-1.1391001
1747033832336,942274013,-1.0389105,0.18596017,-1.1473923
1747033832353,942290680,-0.8561386,0.013724534,-0.7905903
1747033832369,942307347,-0.7023777,0.12513882,-0.21292973
1747033832386,942324014,-0.35061264,0.22921711,0.2761593
1747033832403,942340681,-0.094497256,0.4304127,0.42811108
1747033832419,942357348,0.028668778,0.47073835,0.38750362
1747033832436,942374015,0.20173039,0.3105671,0.27574158
1747033832453,942390682,0.3686263,0.30125338,0.4945631
1747033832469,942407349,0.39767492,0.1967142,0.77214813
1747033832486,942424016,0.37856635,0.23595938,0.6499262
1747033832503,942440683,0.18831079,0.39064425,0.16653728
1747033832519,942457350,-0.039840512,0.5074178,-0.25144005
1747033832536,942474017,-0.010114185,0.45508635,-0.16463089
1747033832553,942490684,0.22691068,0.40673497,0.3094902
1747033832569,942507351,0.44772887,0.2888544,0.6564541
1747033832586,942524018,0.49698898,0.25531772,0.68924236
1747033832603,942540685,0.39663625,0.27279344,0.52962685
1747033832619,942557352,0.32478487,0.21744095,0.23348713
1747033832636,942574019,0.18564998,0.13141824,-0.066101074
1747033832653,942590686,0.091750614,0.082133465,-0.24557018
1747033832669,942607353,0.10872475,0.09243719,-0.12631321
1747033832686,942624020,0.27343547,0.12205316,0.27342415
1747033832703,942640687,0.38724434,0.009013048,0.5868788
1747033832719,942657354,0.43409032,-0.12987857,0.5937309
1747033832736,942674021,0.36662182,-0.23050779,0.28213692
1747033832753,942690688,0.26988238,-0.2298747,0.27129555
1747033832769,942707355,0.24648121,-0.3069226,0.07704735
1747033832786,942724022,0.25159395,-0.27570614,0.0036439896
1747033832803,942740689,0.2892114,-0.25020695,0.03213024
1747033832819,942757356,0.17419443,-0.095580064,0.20786095
1747033832836,942774023,0.3013652,-0.021334758,0.21300983
1747033832853,942790690,0.3543932,-0.0034324885,0.32437706
1747033832869,942807357,0.31217238,0.014764596,0.36892033
1747033832886,942824024,0.24454765,-0.012970457,0.25850868
1747033832903,942840691,0.29564294,-0.020774635,0.17555714
1747033832919,942857358,0.27163115,-0.02145132,0.13174343
1747033832936,942874025,0.15077932,0.01819362,0.13812828
1747033832953,942890692,0.107558794,0.05010322,0.22619343
1747033832969,942907359,0.1295722,0.020593142,0.3109522
1747033832986,942924026,0.13361627,-0.06801164,0.22623253
1747033833003,942940693,0.11291366,-0.18131153,0.14126301
1747033833019,942957360,0.09226017,-0.25864568,0.20176125
1747033833036,942974027,0.068445146,-0.17948163,0.383996
1747033833053,942990694,-0.028648214,-0.10241297,0.3815813
1747033833069,943007361,-0.09059165,-0.11324206,0.2518444
1747033833086,943024028,-0.09776876,-0.12434853,0.095746994
1747033833103,943040695,-0.13041511,-0.16312523,0.12492752
1747033833119,943057362,-0.1572569,-0.1922226,0.20289516
1747033833136,943074029,-0.18030623,-0.16317473,0.3760109
1747033833153,943090696,-0.10815054,-0.16060194,0.3877983
1747033833169,943107363,-0.11767817,-0.27841142,0.18785858
1747033833186,943124030,-0.21747968,-0.4134998,0.117292404
1747033833203,943140697,-0.20894164,-0.44938597,0.16133976
1747033833219,943157364,-0.140863,-0.36527282,0.32675552
1747033833236,943174031,-0.14574888,-0.3138894,0.31565857
1747033833253,943190698,-0.2982578,-0.2657147,0.15079212
1747033833269,943207365,-0.37043378,-0.22035612,0.030006409
1747033833286,943224032,-0.28907546,-0.2077198,0.118540764
1747033833303,943240699,-0.2582212,-0.20041725,0.38579655
1747033833319,943257366,-0.26708412,-0.17651851,0.55546
1747033833336,943274033,-0.40777934,-0.17456552,0.48798656
1747033833353,943290700,-0.6363245,-0.17417538,0.24588203
1747033833369,943307367,-0.91452885,0.010518073,0.0066690445
1747033833386,943324034,-0.96788216,0.19954254,-0.12922478
1747033833403,943340701,-1.1313391,0.24800175,-0.16873646
1747033833419,943357368,-1.3860812,0.27063107,0.0049648285
1747033833436,943374035,-1.491901,0.38972592,0.3150463
1747033833453,943390702,-1.6637573,0.6572814,0.12456703
1747033833469,943407369,-1.8617755,0.97227186,-0.8615732
1747033833486,943424036,-2.0502574,1.0327488,-2.020783
1747033833503,943440703,-1.8194104,1.0260532,-2.6612868
1747033833519,943457370,-0.9811577,0.9935544,-2.5022311
1747033833536,943474037,-0.4774517,1.2561431,-1.8011322
1747033833553,943490704,-0.58005244,1.1821198,-1.511261
1747033833569,943507371,-0.89353997,0.81511253,-1.3930387
1747033833586,943524038,-1.0050403,0.09935531,-1.4983158
1747033833603,943540705,-0.868056,-0.52362955,-1.2201672
1747033833619,943557372,0.004069298,-1.2714186,-0.13134575
1747033833636,943574039,0.74634314,-1.3721433,0.46455574
1747033833653,943590706,0.48313612,-0.93517834,0.5929022
1747033833669,943607373,-0.056434117,-0.14559081,0.194767
1747033833686,943624040,-0.045193315,-0.6090324,-2.0238042
1747033833703,943640707,0.43215072,-0.13114104,-1.5461941
1747033833719,943657374,0.84070903,0.17951438,-0.6984396
1747033833736,943674041,1.0343497,-0.17316315,0.3650074
1747033833753,943690708,1.1795932,-0.33263007,0.61185074
1747033833769,943707375,1.2907087,-0.4174623,-0.6547394
1747033833786,943724042,1.1571181,-0.21117778,-0.69947433
1747033833803,943740709,1.5188591,-0.15772672,-0.008968353
1747033833819,943757376,2.0771034,-0.067715265,1.0029573
1747033833836,943774043,2.1814418,0.5037832,2.179429
1747033833853,943790710,2.3185885,0.36206004,1.6023779
1747033833869,943807377,1.7876213,0.55407363,0.7319565
1747033833886,943824044,1.9637482,0.5277267,0.37389278
1747033833903,943840711,2.182189,0.22258705,0.70784855
1747033833919,943857378,1.7869966,-0.030549305,0.956892
1747033833936,943874045,1.1226903,-0.26049978,0.7388582
1747033833953,943890712,0.2960265,-0.3239504,0.13383675
1747033833969,943907379,-0.28950334,-0.07156741,-0.40326786
1747033833986,943924046,-0.5190092,0.20356102,-0.953105
1747033834003,943940713,-0.4515842,0.19526307,-1.2681112
1747033834019,943957380,-0.054430656,0.010479656,-0.96718884
1747033834036,943974047,-0.010935092,0.08463963,-0.6035147
1747033834053,943990714,-0.31087336,-0.01130333,-0.59007263
1747033834069,944007381,-0.47853705,-0.39825562,-0.8882742
1747033834086,944024048,-0.08939868,-0.5855119,-1.1695175
1747033834103,944040715,0.560058,-0.5018364,-0.89647484
1747033834119,944057382,1.0044657,0.06982925,-0.48164463
1747033834136,944074049,0.96363544,0.57051647,-0.4516201
1747033834153,944090716,1.2343042,1.0974087,0.034988403
1747033834169,944107383,0.87259185,0.93466187,0.16218567
1747033834186,944124050,0.5539439,0.7008407,0.21668148
1747033834203,944140717,0.352029,0.581075,0.30488777
1747033834219,944157384,0.4774736,0.5246563,0.5570116
1747033834236,944174051,0.29123235,0.3018401,0.18251896
1747033834253,944190718,0.14012809,-0.051724028,-0.32598114
1747033834269,944207385,0.38100427,-0.46172553,-0.42943382
1747033834286,944224052,1.0532775,-0.66707295,-0.14059067
1747033834303,944240719,1.5293111,-0.67954564,0.6453676
1747033834319,944257386,1.5177481,-0.41366348,1.8594713
1747033834336,944274053,1.1400647,-0.0497494,3.3114948
1747033834353,944290720,0.26965743,0.2027971,3.5795069
1747033834369,944307387,0.71667325,-0.007329772,3.385786
1747033834386,944324054,1.5146289,-0.065072,2.73098
1747033834403,944340721,0.35813728,0.07258829,1.4764891
1747033834419,944357388,-0.30376428,0.041226294,0.98686504
1747033834436,944374055,0.16875698,-0.011825958,2.3128748
1747033834453,944390722,0.7015142,-0.046810765,3.2159348
1747033834469,944407389,0.7753752,0.052588798,3.3274822
1747033834486,944424056,0.49065664,-0.04173948,3.1506176
1747033834503,944440723,0.65026355,-0.3719372,2.8853874
1747033834519,944457390,0.9942538,-0.077316485,2.798585
1747033834536,944474057,1.1291239,-0.02161929,2.4937992
1747033834553,944490724,1.2394809,-0.19747481,2.4126682
1747033834569,944507391,1.2230996,-0.27169162,1.9852905
1747033834586,944524058,1.4030297,-0.3948059,1.5783062
1747033834603,944540725,1.3003731,-0.26758188,0.73713017
1747033834619,944557392,1.1056308,-0.13023743,0.045822144
1747033834636,944574059,0.92738813,0.03034412,-0.38285542
1747033834653,944590726,0.77719545,0.15948577,-0.69681454
1747033834669,944607393,0.54040045,0.2579801,-0.8328438
1747033834686,944624060,0.27434093,0.22704367,-0.9994221
1747033834703,944640727,-0.018052025,0.2852899,-1.2465544
1747033834719,944657394,-0.108220056,0.35808754,-1.21525
1747033834736,944674061,-0.24064612,0.36517546,-0.79726124
1747033834753,944690728,0.014815109,0.308873,-0.18814182
1747033834769,944707395,0.27726424,0.16760476,0.27405453
1747033834786,944724062,0.42207852,0.067399435,0.56328106
1747033834803,944740729,0.6825929,-0.047899943,0.820426
1747033834819,944757396,0.8197351,-0.23026572,1.1737013
1747033834836,944774063,0.66727424,-0.23010771,1.0298128
1747033834853,944790730,0.36582118,-0.3620854,0.937973
1747033834869,944807397,0.2667759,-0.30470493,0.67012405
1747033834886,944824064,0.1696336,-0.22591035,-0.20439911
1747033834903,944840731,-0.13707714,-0.3969989,-0.287385
1747033834920,944857398,-0.15593828,-0.3783994,-0.4370985
1747033834936,944874065,0.29501697,-0.4052404,-0.5077753
1747033834953,944890732,0.63853765,-0.37974605,-0.37213802
1747033834970,944907399,0.8147369,-0.30682427,-0.3078785
1747033834986,944924066,1.0259218,-0.16996327,-0.23501015
1747033835003,944940733,0.9838182,-0.088139206,-0.024892807
1747033835020,944957400,0.88078344,0.0095714955,0.053504944
1747033835036,944974067,0.80796826,0.11501239,0.15763283
1747033835053,944990734,0.7737992,0.09654642,0.2756548
1747033835070,945007401,0.64669716,0.19180831,0.4049921
1747033835086,945024068,0.58239007,0.2241008,0.34014797
1747033835103,945040735,0.565389,0.19147103,0.1198616
1747033835120,945057402,0.61530614,0.11543796,-0.09084225
1747033835136,945074069,0.58165246,0.04950052,-0.18085098
1747033835153,945090736,0.4505572,0.027937109,-0.1395874
1747033835170,945107403,0.33801708,-0.09293959,-0.093605995
1747033835186,945124070,0.23693603,-0.08173958,-0.13010788
1747033835203,945140737,0.16452856,-0.074704066,-0.2581339
1747033835220,945157404,0.12039212,-0.052575164,-0.20276165
1747033835236,945174071,0.034549963,-0.0121789975,-0.056975365
1747033835253,945190738,0.08236743,0.0063741426,0.07760811
1747033835270,945207405,0.08793089,0.035439543,0.15593147
1747033835286,945224072,0.10963534,0.087252304,0.060557365
1747033835303,945240739,0.14407556,0.11959955,-0.07669926
1747033835320,945257406,0.17602941,0.13413325,-0.11050606
1747033835336,945274073,0.19639637,0.13637307,-0.05419731
1747033835353,945290740,0.19765675,0.068776056,0.06448746
1747033835370,945307407,0.1796644,0.03457969,0.13801956
1747033835386,945324074,0.22621076,0.015219891,0.10233021
1747033835403,945340741,0.22919756,-0.012291201,0.057404518
1747033835420,945357408,0.25698537,-0.046508577,-0.020583153
1747033835436,945374075,0.28742647,-0.08379344,-0.052642822
1747033835453,945390742,0.33527613,-0.078497306,-0.008639336
1747033835470,945407409,0.26256672,-0.079932705,0.103796005
1747033835486,945424076,0.26043016,-0.1474316,0.18941021
1747033835503,945440743,0.28476846,-0.15788127,0.19487476
1747033835520,945457410,0.2994108,-0.13104273,0.124507904
1747033835536,945474077,0.34685522,-0.16713203,0.12331581
1747033835553,945490744,0.21900895,-0.16291524,0.12425423
1747033835570,945507411,0.12367017,-0.12623319,0.05650139
1747033835586,945524078,0.14426734,-0.1064856,0.028557777
1747033835603,945540745,0.2775396,-0.112264074,0.15128231
1747033835620,945557412,0.38376728,-0.11104213,0.38786697
1747033835636,945574079,0.39712685,-0.07928899,0.47981548
1747033835653,945590746,0.3478416,-0.035503022,0.4118595
1747033835670,945607413,0.15340364,0.008550265,0.19704628
1747033835686,945624080,-0.0037380306,0.06638312,-0.019561768
1747033835703,945640747,-0.047229182,0.12278975,-0.08971977
1747033835720,945657414,0.0108376965,0.1966876,-0.06508541
1747033835736,945674081,0.07027784,0.31079677,-0.13069057
1747033835753,945690748,-0.04715609,0.4291413,-0.20516872
1747033835770,945707415,-0.08965194,0.4791541,-0.22529697
1747033835786,945724082,-0.1419513,0.43367493,-0.07535076
1747033835803,945740749,-0.18490958,0.3653185,0.06005764
1747033835820,945757416,-0.19412145,0.3751286,0.025753021
1747033835836,945774083,-0.1571133,0.29562148,-0.008426666
1747033835853,945790750,-0.10947799,0.25597575,0.037506104
1747033835870,945807417,-0.08832248,0.21329595,0.16245079
1747033835886,945824084,-0.047195654,0.2237919,0.26501846
1747033835903,945840751,0.069493085,0.16215552,0.17987537
1747033835920,945857418,0.21649443,0.15048926,-0.10015869
1747033835936,945874085,0.21577807,0.17487095,-0.24594784
1747033835953,945890752,0.20338227,0.07541238,-0.100605965
1747033835970,945907419,0.19409284,-0.008939177,0.18618488
1747033835986,945924086,0.19016393,-0.067197606,0.30000496
1747033836003,945940753,0.23767139,-0.11841672,0.09152794
1747033836020,945957420,0.28801298,-0.15822214,-0.07871342
1747033836036,945974087,0.40375358,-0.19076942,-0.00025463104
1747033836053,945990754,0.45118594,-0.18644713,0.17486095
1747033836070,946007421,0.53500086,-0.17948829,0.2153511
1747033836086,946024088,0.59125614,-0.19041806,0.24777603
1747033836103,946040755,0.57509506,-0.15317477,0.19634819
1747033836120,946057422,0.44257668,-0.14580958,0.14361191
1747033836136,946074089,0.31155515,-0.18370731,0.042396545
1747033836153,946090756,0.15134442,-0.19937433,-0.1009779
1747033836170,946107423,0.07811666,-0.2226587,-0.19574547
1747033836186,946124090,0.043560218,-0.2864001,0.0151844025
1747033836203,946140757,-0.10443352,-0.2717712,0.33796215
1747033836220,946157424,-0.13831027,-0.14298347,0.37071133
1747033836236,946174091,-0.062210362,0.010871894,0.38402557
1747033836253,946190758,0.30875477,0.08606634,0.34985828
1747033836270,946207425,0.6874081,0.055586778,0.18614769
1747033836286,946224092,0.746848,0.016603436,0.11858082
1747033836303,946240759,0.7936766,-0.054088794,0.08570194
1747033836320,946257426,0.73941284,-0.006365649,0.09882069
1747033836336,946274093,0.70315653,0.041862413,0.22136688
1747033836353,946290760,0.5754706,0.09568646,0.2740841
1747033836370,946307427,0.46821684,0.15145652,0.2026596
1747033836386,946324094,0.32133183,0.057258096,0.21506596
1747033836403,946340761,0.16884694,-0.037200604,0.3020773
1747033836420,946357428,0.2885512,-0.16942987,0.57045937
1747033836436,946374095,0.48592162,-0.0066650445,0.6424885
1747033836453,946390762,0.6551578,0.08875822,0.5360031
1747033836470,946407429,0.4554083,0.22233616,0.5005102
1747033836486,946424096,0.48002893,0.17716028,0.84220695
1747033836503,946440763,0.65702593,-0.22064205,1.373004
1747033836520,946457430,0.5796773,-0.8132499,1.6881924
1747033836536,946474097,0.39813682,-0.94654775,1.611558
1747033836553,946490764,-0.09464846,-0.9495751,2.3390446
1747033836570,946507431,-0.022066763,-0.100251816,2.9495869
1747033836586,946524098,0.41386196,0.85472244,3.3300905
1747033836603,946540765,0.87332994,0.77542615,2.9937315
1747033836620,946557432,1.26097,0.19540866,2.7735395
1747033836636,946574099,1.429347,-0.37981245,3.3936815
1747033836653,946590766,1.4100473,-0.66645396,3.2955437
1747033836670,946607433,1.1485486,-0.40152213,2.4672728
1747033836686,946624100,0.8931754,-0.12052422,2.121523
1747033836703,946640767,0.8212175,0.01750397,2.0762262
1747033836720,946657434,0.9362223,0.19760177,1.9718933
1747033836736,946674101,1.0665823,0.18179683,1.9619589
1747033836753,946690768,1.0219413,0.020835152,1.913167
1747033836770,946707435,0.8647965,-0.039681148,1.8690205
1747033836786,946724102,0.62719434,0.34584486,1.7503309
1747033836803,946740769,0.5132396,0.7017079,1.6606874
1747033836820,946757436,0.3824639,0.67144436,1.715107
1747033836836,946774103,0.24057722,0.2537408,1.7358217
1747033836853,946790770,0.09452465,-0.14801316,1.6153803
1747033836870,946807437,0.21589041,-0.31514752,1.2980261
1747033836886,946824104,0.5727814,-0.36283198,0.9423456
1747033836903,946840771,0.97212076,-0.39068586,0.61399555
1747033836920,946857438,1.3599685,-0.4183102,0.26729202
1747033836936,946874105,1.6572095,-0.22400306,-0.23401356
1747033836953,946890772,1.7480935,-0.056208257,-0.54779434
1747033836970,946907439,1.7435361,0.15357699,-0.8535013
1747033836986,946924106,1.9240785,0.23135675,-0.8323517
1747033837003,946940773,1.9254217,0.21243241,-0.8311739
1747033837020,946957440,1.7541368,0.33950996,-1.135417
1747033837036,946974107,1.5398283,0.40069827,-1.3787317
1747033837053,946990774,1.3359635,0.55040056,-1.5945606
1747033837070,947007441,1.1099274,0.4681626,-1.3713017
1747033837086,947024108,0.60755765,0.6906755,-1.2206411
1747033837103,947040775,0.25546628,0.2018987,-1.7047892
1747033837120,947057442,0.13180341,0.025424542,-1.9166126
1747033837136,947074109,0.2415466,-0.43888927,-1.9882369
1747033837153,947090776,0.5537152,-0.9655155,-1.583991
1747033837170,947107443,0.6078824,-1.3853422,-1.2920074
1747033837186,947124110,0.6623244,-1.3924108,-1.0428562
1747033837203,947140777,0.8009769,-0.8154766,-0.7091093
1747033837220,947157444,1.0434339,-0.19879824,-0.25042725
1747033837236,947174111,1.0746144,-0.03135082,0.3059988
1747033837253,947190778,0.96010214,-0.10706751,0.29439926
1747033837270,947207445,0.7264182,0.25031328,0.28736115
1747033837286,947224112,0.4547429,0.4839174,0.37427616
1747033837303,947240779,0.17291565,0.18356119,0.4483528
1747033837320,947257446,-0.2674334,0.122484595,-0.31106758
1747033837336,947274113,-0.9156038,0.07870456,-1.310956
1747033837353,947290780,-1.302882,0.019591162,-1.9391088
1747033837370,947307447,-1.1372591,0.15466462,-1.8828878
1747033837386,947324114,-0.7844577,0.25029328,-1.7268629
1747033837403,947340781,-0.5673496,0.08708059,-0.60035133
1747033837420,947357448,-0.322224,0.1071092,0.05621338
1747033837436,947374115,-0.49365816,0.18062446,0.027204514
1747033837453,947390782,-0.8753173,0.24400976,-0.48936558
1747033837470,947407449,-1.0557796,0.280827,-0.78108406
1747033837486,947424116,-1.0195876,0.3365873,-0.9313221
1747033837503,947440783,-0.98810494,0.32555076,-0.7483244
1747033837520,947457450,-0.8937507,0.57383186,-0.23556328
1747033837536,947474117,-0.8547054,0.48604256,-0.077739716
1747033837553,947490784,-0.9353706,0.30611593,-0.123215675
1747033837570,947507451,-0.9833781,0.18903485,-0.2667427
1747033837586,947524118,-0.8422225,0.07214512,-0.4386015
1747033837603,947540785,-0.561505,0.0038650979,-0.35482693
1747033837620,947557452,-0.75704306,0.36159322,-0.31157875
1747033837636,947574119,-0.6962185,0.5450491,-0.4520054
1747033837653,947590786,-0.80919546,0.40768686,-0.6513386
1747033837670,947607453,-0.7263279,0.17998637,-1.0468769
1747033837686,947624120,-0.7367015,0.017658027,-0.5368986
1747033837703,947640787,-0.6469106,-0.16193704,-0.65094185
1747033837720,947657454,-0.5518407,-0.10870005,-0.076618195
1747033837736,947674121,-0.3851733,0.10155669,0.6378746
1747033837753,947690788,-0.3343957,0.10894167,0.98138523
1747033837770,947707455,-0.31910464,-0.08746364,1.1404572
1747033837786,947724122,-0.22445965,-0.24104643,0.9517212
1747033837803,947740789,-0.36171544,-0.29350856,0.66973877
1747033837820,947757456,-0.502475,-0.24942309,0.35105133
1747033837836,947774123,-0.4986003,-0.21410944,0.024422646
1747033837853,947790790,-0.479327,-0.25512373,-0.23766136
1747033837870,947807457,-0.30429327,-0.25495055,-0.34454632
1747033837886,947824124,-0.19317521,-0.16690752,-0.21775532
1747033837903,947840791,-0.2557304,0.008193091,0.17469215
1747033837920,947857458,-0.16167228,0.09985575,0.5023432
1747033837936,947874125,-0.09623127,0.09803546,0.66876125
1747033837953,947890792,-0.11902691,0.13075463,0.65077305
1747033837970,947907459,-0.19062984,0.126584,0.55189705
1747033837986,947924126,-0.16919205,0.14358304,0.4135065
1747033838003,947940793,-0.12245258,0.14813757,0.38321114
1747033838020,947957460,-0.16521743,0.12571844,0.24122715
1747033838036,947974127,-0.16225007,0.09303582,0.18842888
1747033838053,947990794,-0.14702123,0.10309222,0.2782755
1747033838070,948007461,-0.09085545,0.038454063,0.36011028
1747033838086,948024128,-0.091609694,-0.017851086,0.40999508
1747033838103,948040795,-0.11207588,-0.025055243,0.41104317
1747033838120,948057462,-0.10379774,-0.067023486,0.39399052
1747033838136,948074129,-0.10023243,-0.096790165,0.30535603
1747033838153,948090796,-0.12551683,-0.10186078,0.2873249
1747033838170,948107463,-0.2554987,-0.08119901,0.42843723
1747033838186,948124130,-0.0637122,-0.10364139,0.35723305
1747033838203,948140797,-0.06729361,-0.10799319,0.30194283
1747033838220,948157464,-0.10279858,-0.08131446,0.23196507
1747033838236,948174131,-0.073868856,-0.12618993,0.17625237
1747033838253,948190798,-0.12681231,-0.13648406,0.36762524
1747033838270,948207465,-0.07523882,-0.2080311,0.37331963
1747033838286,948224132,-0.17139773,-0.17124222,0.14788532
1747033838303,948240799,-0.2021345,-0.15340666,-0.006562233
1747033838320,948257466,-0.05908224,-0.18976775,0.04947853
1747033838336,948274133,-0.025120733,-0.14255589,0.22076988
1747033838353,948290800,-0.009222703,-0.11925176,0.30573654
1747033838370,948307467,-0.023745457,-0.11501206,0.2615137
1747033838386,948324134,-0.090051584,-0.09648249,0.24713993
1747033838403,948340801,-0.07136098,-0.08067767,0.23238182
1747033838420,948357468,0.0048647593,-0.054870084,0.20638657
1747033838436,948374135,-0.0025389954,-0.061602406,0.16047573
1747033838453,948390802,-0.0067085177,-0.08591268,0.10147095
1747033838470,948407469,0.0072500897,-0.05907302,0.13917732
1747033838486,948424136,0.0345294,-0.051186144,0.28224945
1747033838503,948440803,0.09482649,-0.054769725,0.35853767
1747033838520,948457470,0.09554944,-0.05418379,0.36072826
1747033838536,948474137,0.075764745,-0.0031552205,0.29253006
1747033838553,948490804,0.07537103,0.013215427,0.2533474
1747033838570,948507471,0.05237769,0.013670499,0.23819923
1747033838586,948524138,0.06833685,-0.06787641,0.26248932
1747033838603,948540805,0.09855435,-0.07716919,0.29592514
1747033838620,948557472,0.06075965,-0.05716288,0.37980843
1747033838636,948574139,0.054916017,-0.115748756,0.38357544
1747033838653,948590806,-0.022471992,-0.08633982,0.30648708
1747033838670,948607473,-0.08985674,-0.08662211,0.14134026
1747033838686,948624140,-0.10910746,-0.08082664,0.0898304
1747033838703,948640807,-0.036704067,-0.04996062,0.12086773
1747033838720,948657474,0.017085219,-0.0020319563,0.16835213
1747033838736,948674141,-0.032055445,0.06434022,0.100590706
1747033838753,948690808,-0.08461183,0.04189147,0.017494202
1747033838770,948707475,-0.1233083,0.019604322,0.01741314
1747033838786,948724142,-0.085876025,0.046593733,0.04192543
1747033838803,948740809,-0.11708223,0.048165143,0.10924816
1747033838820,948757476,-0.09451424,0.11136321,0.14894009
1747033838836,948774143,-0.23850347,0.021142425,0.29438782
1747033838853,948790810,-0.23163587,0.17779115,0.28659153
1747033838870,948807477,-0.19143382,0.06679875,0.25574684
1747033838886,948824144,-0.21533534,0.0077081798,0.19357777
1747033838903,948840811,-0.2980637,0.0019702667,0.22023392
1747033838920,948857478,-0.3698822,0.0024767471,0.2568655
1747033838936,948874145,-0.43642274,0.009751535,0.30123234
1747033838953,948890812,-0.53647524,0.03654297,0.29795647
1747033838970,948907479,-0.54689115,0.07183215,0.17496395
1747033838986,948924146,-0.52751327,0.07637616,0.12656689
1747033839003,948940813,-0.50675553,0.07607699,0.16673565
1747033839020,948957480,-0.5236766,0.07058254,0.17259407
1747033839036,948974147,-0.5291076,0.07163317,0.27969456
1747033839053,948990814,-0.6620257,0.13627379,0.46669674
1747033839070,949007481,-0.77304953,0.17006491,0.42691326
1747033839086,949024148,-0.91071546,0.20538846,0.39536
1747033839103,949040815,-1.0250703,0.13947895,0.18597412
1747033839120,949057482,-1.0734646,0.01442385,0.039884567
1747033839136,949074149,-1.1313541,-0.05383332,0.029803276
1747033839153,949090816,-1.2488323,-0.14056791,0.10532093
1747033839170,949107483,-1.3914701,-0.12631343,0.2883625
1747033839186,949124150,-1.4915543,-0.2159393,0.5126171
1747033839203,949140817,-1.632792,-0.2860511,0.73123646
1747033839220,949157484,-1.8567339,-0.29242367,0.8268671
1747033839236,949174151,-1.8824755,-0.096546285,0.76806927
1747033839253,949190818,-1.6720303,0.34057355,0.49814034
1747033839270,949207485,-2.0363166,0.6773524,-0.29657555
1747033839286,949224152,-2.1178176,0.9921946,-1.6685829
1747033839303,949240819,-1.1134359,0.35793683,-3.8036957
1747033839320,949257486,-0.06033084,-0.45065713,-4.091798
1747033839336,949274153,0.20767221,-0.4161465,-2.0417085
1747033839353,949290820,0.35700965,0.011678329,-0.6048479
1747033839370,949307487,0.20416819,0.25345403,-0.36247826
1747033839386,949324154,-0.34250942,0.36829007,-1.3216629
1747033839403,949340821,0.051396806,0.10319246,-1.8745794
1747033839420,949357488,1.0446548,-0.1648931,-1.5764322
1747033839436,949374155,1.4937342,-0.13489912,-0.22943878
1747033839453,949390822,1.6813698,-0.08531109,1.6695299
1747033839470,949407489,1.1898075,0.33264348,2.1629858
1747033839486,949424156,0.24722104,-0.25891384,0.16942215
1747033839503,949440823,-0.12563658,-0.8511955,-2.0082216
1747033839520,949457490,0.17626615,-0.5836994,-1.4930878
1747033839536,949474157,1.0011505,0.39123765,-0.2546606
1747033839553,949490824,1.1033928,0.53163666,0.689579
1747033839570,949507491,0.68990004,0.7124068,0.8289709
1747033839586,949524158,0.11762783,0.66835004,-0.68718624
1747033839603,949540825,0.07621764,0.7851666,-0.5294695
1747033839620,949557492,0.33439964,0.4684547,-0.59958935
1747033839636,949574159,0.18020603,0.41670772,-2.2858925
1747033839653,949590826,1.4613122,0.38470078,0.18890381
1747033839670,949607493,1.8027474,0.3693737,1.216012
1747033839686,949624160,1.4773844,0.27672535,1.4459982
1747033839703,949640827,1.251909,0.057215795,1.2916784
1747033839720,949657494,0.99015903,-0.099465,0.8012552
1747033839736,949674161,1.0565511,-0.40367925,0.41690922
1747033839753,949690828,1.2440966,-0.57338107,0.059048653
1747033839770,949707495,1.2871426,-0.658246,-0.38627338
1747033839786,949724162,1.2945982,-0.5778814,-0.39203835
1747033839803,949740829,1.0994103,-0.67429185,-0.010479927
1747033839820,949757496,0.73674387,-0.3652309,-0.13968658
1747033839836,949774163,0.52460706,-0.19999003,-0.35945225
1747033839853,949790830,0.52089775,-0.2688606,-0.4020548
1747033839870,949807497,0.4965352,-0.44317287,-0.54911995
1747033839886,949824164,0.720539,-0.20526072,-0.47161865
1747033839903,949840831,0.7078873,0.069256105,-0.33437443
1747033839920,949857498,0.97537726,0.3801641,-0.03297901
1747033839936,949874165,1.2627192,0.5727119,0.24290943
1747033839953,949890832,1.0614492,0.20046882,0.39855862
1747033839970,949907499,0.58095354,-0.33771348,0.59464645
1747033839986,949924166,0.23743676,-0.443903,0.61566925
1747033840003,949940833,-0.025600534,-0.2792666,0.07312679
1747033840020,949957500,0.105214395,-0.2417037,-0.33269882
1747033840036,949974167,0.32668307,-0.3791466,-0.13754654
1747033840053,949990834,0.28877294,-0.49571705,0.1498537
1747033840070,950007501,0.10741428,-0.4597518,0.48247814
1747033840086,950024168,0.05402754,-0.1829209,0.24711704
1747033840103,950040835,0.43590623,0.15012658,0.20568943
1747033840120,950057502,0.6589044,0.26943,0.4326582
1747033840136,950074169,0.4812905,0.12667614,0.832077
1747033840153,950090836,0.20698795,-0.079365425,1.4236488
1747033840170,950107503,0.16239026,-0.035310745,1.8949556
1747033840186,950124170,0.08313553,0.11522808,2.2131224
1747033840203,950140837,-0.09905156,0.16757627,2.1455727
1747033840220,950157504,0.13442399,0.03866115,2.0745373
1747033840236,950174171,0.86917,-0.09023654,2.4284134
1747033840253,950190838,0.48665443,-0.34055507,2.0340986
1747033840270,950207505,-0.2976892,-0.50530857,0.91129875
1747033840286,950224172,-0.33240417,-0.2827625,0.8182936
1747033840303,950240839,0.2609251,0.100585856,1.4417677
1747033840320,950257506,0.9530285,0.25114274,2.0800533
1747033840336,950274173,1.0659252,0.3607481,2.5203772
1747033840353,950290840,0.7989066,0.5319615,2.3317356
1747033840370,950307507,0.6173508,0.5452661,2.523077
1747033840386,950324174,0.29349396,0.519059,2.437912
1747033840403,950340841,0.2691706,0.38565248,2.043188
1747033840420,950357508,0.592924,0.17268711,1.6252842
1747033840436,950374175,0.83330053,-0.009443423,1.727685
1747033840453,950390842,0.6099284,-0.16069129,1.6617022
1747033840470,950407509,0.13539633,-0.58305275,1.6745806
1747033840486,950424176,-0.02426792,-0.62375414,0.8474741
1747033840503,950440843,0.10383261,-0.57075465,0.30265427
1747033840520,950457510,0.28442973,-0.6052397,-0.10423565
1747033840536,950474177,0.34550992,-0.57661223,-0.122618675
1747033840553,950490844,0.036005814,-0.34769842,-0.378191
1747033840570,950507511,-0.082639895,-0.12160345,-0.7832117
1747033840586,950524178,0.03169749,-0.13932692,-1.1416006
1747033840603,950540845,0.24567214,-0.11535794,-0.5933008
1747033840620,950557512,0.40946636,-0.20364913,-0.11536217
1747033840636,950574179,0.2964269,-0.27563238,0.24466515
1747033840653,950590846,0.17204842,-0.27670547,0.49138927
1747033840670,950607513,0.10515368,-0.3208884,0.4708748
1747033840686,950624180,0.08265688,-0.22891235,0.4416771
1747033840703,950640847,0.071967594,-0.13025016,0.52130985
1747033840720,950657514,0.22989291,-0.16211104,0.34235096
1747033840736,950674181,0.31920624,-0.08636854,0.14957142
1747033840753,950690848,0.4897247,-0.060669016,0.053539276
1747033840770,950707515,0.62290555,-0.017448315,0.02362442
1747033840786,950724182,0.5151115,-0.05859258,-0.00021648407
1747033840803,950740849,0.5491729,-0.012898932,-0.13984203
1747033840820,950757516,0.5556894,0.03615836,-0.19238758
1747033840836,950774183,0.49847525,0.025716953,-0.11975956
1747033840853,950790850,0.36923826,0.041930806,0.25483608
1747033840870,950807517,0.5007019,-0.16916153,0.54599476
1747033840886,950824184,0.26025805,-0.120579205,0.50129414
1747033840903,950840851,0.16299683,-0.07814125,0.29092216
1747033840920,950857518,0.28510374,-0.05657694,0.08842945
1747033840936,950874185,0.3405727,-0.07594032,0.063866615
1747033840953,950890852,0.34082597,-0.08254758,0.18996811
1747033840970,950907519,0.32913134,-0.13099045,-0.059109688
1747033840986,950924186,0.34611204,-0.29390502,-0.43802166
1747033841003,950940853,0.35518512,-0.18595652,-0.7425995
1747033841020,950957520,0.27553314,-0.04179491,-0.54601383
1747033841036,950974187,0.27557626,-0.076378174,-0.086031914
1747033841053,950990854,0.10634143,0.08205429,0.16920853
1747033841070,951007521,0.033041697,0.270602,0.103634834
1747033841086,951024188,0.24439086,0.29084042,-0.048784256
1747033841103,951040855,0.3162373,0.2724949,0.050704002
1747033841120,951057522,0.24071161,0.24419439,0.29000568
1747033841136,951074189,0.16482963,0.22307688,0.30514145
1747033841153,951090856,0.1982495,0.19688943,0.22235489
1747033841170,951107523,0.20534426,0.07800066,0.12606621
1747033841186,951124190,0.26150277,-0.036037218,-0.068063736
1747033841203,951140857,0.2951406,-0.13384962,-0.25296497
1747033841220,951157524,0.2201055,-0.19805148,-0.36329556
1747033841236,951174191,0.08943714,-0.2058628,-0.31182575
1747033841253,951190858,0.026986508,-0.20300676,-0.2015171
1747033841270,951207525,-0.05749379,-0.1658037,-0.06212139
1747033841286,951224192,-0.111489825,-0.16457438,-0.07807827
1747033841303,951240859,-0.14305298,-0.1665471,-0.04619503
1747033841320,951257526,-0.13784066,-0.15405296,-0.0353899
1747033841336,951274193,-0.12528102,-0.071331926,-0.03280735
1747033841353,951290860,-0.037741058,-0.029821992,-0.0824337
1747033841370,951307527,-0.07798412,-0.006302395,-0.15189552
1747033841386,951324194,-0.35080606,-0.028819313,-0.30618954
1747033841403,951340861,-0.40017715,-0.11471624,-0.425416
1747033841420,951357528,-0.083175875,-0.16891433,-0.60420895
1747033841436,951374195,0.36774027,-0.18134478,-0.34597683
1747033841453,951390862,0.61886424,-0.23180796,0.4218912
1747033841470,951407529,0.7221129,-0.20082483,0.960516
1747033841486,951424196,0.7950568,-0.13922308,1.0514879
1747033841503,951440863,0.7443918,-0.113104485,0.8374243
1747033841520,951457530,0.7347088,-0.08412,0.2398367
1747033841536,951474197,0.65832275,0.005145268,-0.29697227
1747033841553,951490864,0.5023411,0.026908055,-0.286479
1747033841570,951507531,0.49410737,0.059493337,-0.1824789
1747033841586,951524198,0.46124113,0.10557947,-0.12704945
1747033841603,951540865,0.49645266,0.13453469,-0.09314728
1747033841620,951557532,0.28548884,0.17778064,-0.1022253
1747033841636,951574199,0.14347655,0.15940876,-0.13077259
1747033841653,951590866,0.03265122,0.022872752,-0.08713722
1747033841670,951607533,-0.02619326,-0.05508052,0.0068101883
1747033841686,951624200,0.1210316,-0.02995476,0.11991978
1747033841703,951640867,0.27881968,0.03222431,0.083833694
1747033841720,951657534,0.45225948,-0.014631158,-0.038591385
1747033841736,951674201,0.62767345,0.029010193,0.018174171
1747033841753,951690868,0.6823371,0.00433861,0.20828438
1747033841770,951707535,0.691939,-0.002672321,0.35365582
1747033841786,951724202,0.5298089,0.030716715,0.3218069
1747033841803,951740869,0.38316467,0.05021174,0.29722023
1747033841820,951757536,0.26103967,0.07673445,0.36987495
1747033841836,951774203,0.16657437,0.10408328,0.5338402
1747033841853,951790870,0.14769927,0.1173776,0.45899487
1747033841870,951807537,0.23548141,0.38261798,0.46507072
1747033841886,951824204,0.42303762,0.27690887,1.394186
1747033841903,951840871,0.64408255,-0.4167539,2.7572622
1747033841920,951857538,-0.20029432,-0.72275394,4.5372324
1747033841936,951874205,0.16874334,-1.6334507,5.3429775
1747033841953,951890872,0.41458848,-1.6027217,3.3184166
1747033841970,951907539,-0.37634307,-0.84346503,2.7468462
1747033841986,951924206,-0.5330699,0.060843356,2.405283
1747033842003,951940873,0.1486065,0.5568248,2.8328228
1747033842020,951957540,1.1618358,0.73567724,3.175806
1747033842036,951974207,1.6459966,0.7123852,3.0192528
1747033842053,951990874,1.6076442,0.3327397,2.876195
1747033842070,952007541,1.3505716,0.07476598,2.8494692
1747033842086,952024208,1.0784177,0.013759625,2.7608624
1747033842103,952040875,0.8743672,-0.1079239,2.407401
1747033842120,952057542,1.0564487,-0.32167092,2.000884
1747033842136,952074209,1.421487,-0.29706308,1.6246223
1747033842153,952090876,1.6903049,-0.1259662,1.3904848
1747033842170,952107543,1.8052502,0.015176251,1.3529902
1747033842186,952124210,1.8707107,0.111356504,1.4976654
1747033842203,952140877,2.010836,0.12699486,1.5930252
1747033842220,952157544,2.0924373,0.1853798,1.5743418
1747033842236,952174211,1.827994,0.23194951,1.2943983
1747033842253,952190878,1.4997755,0.23360395,1.1427402
1747033842270,952207545,1.1170491,0.26260772,1.0753422
1747033842286,952224212,0.2727067,0.1870294,0.69817924
1747033842303,952240879,-0.88584614,0.17574735,-0.045742035
1747033842320,952257546,-0.9140275,0.1581583,-0.581337
1747033842336,952274213,-0.008079451,-0.08798735,-0.8885746
1747033842353,952290880,1.0606166,-0.3793231,-0.87213516
1747033842370,952307547,1.7185826,-0.35072517,-1.1650295
1747033842386,952324214,2.0207896,0.0016583544,-1.1478758
1747033842403,952340881,1.5197278,0.34064493,-1.186285
1747033842420,952357548,0.58713746,0.4190198,-1.4713717
1747033842436,952374215,-0.119443566,0.2293065,-1.9103141
1747033842453,952390882,-0.17079991,-0.2909698,-1.971478
1747033842470,952407549,0.2953562,-0.76477045,-1.9552679
1747033842486,952424216,0.9272983,-0.7691848,-1.7904301
1747033842503,952440883,1.4845978,-0.57871115,-1.5298004
1747033842520,952457550,1.77457,-0.4754029,-1.0629349
1747033842536,952474217,1.760559,-0.30638352,-0.51723003
1747033842553,952490884,1.4327315,-0.1031357,-0.52898407
1747033842570,952507551,0.70789737,0.20728743,-0.65736675
1747033842586,952524218,0.010897094,0.5983376,-0.38344765
1747033842603,952540885,-0.5568966,0.7223818,-0.38908672
1747033842620,952557552,-0.9192008,0.57324487,-0.78013897
1747033842636,952574219,-1.394374,0.42804894,-1.6841917
1747033842653,952590886,-1.4184923,0.14075075,-1.8071241
1747033842670,952607553,-1.6304123,-0.061083253,-2.033772
1747033842686,952624220,-1.4790685,0.00148641,-2.0641713
1747033842703,952640887,-1.3519751,-0.14808436,-1.7700148
1747033842720,952657554,-1.2732837,-0.17126372,-0.9916668
1747033842736,952674221,-1.1692611,0.55135006,-0.73871803
1747033842753,952690888,-1.3029221,0.36000708,-0.040611267
1747033842770,952707555,-1.420342,0.056685623,-0.06825352
1747033842786,952724222,-1.8155336,-0.14319153,-0.38019753
1747033842803,952740889,-2.2447474,-0.14759588,-0.808815
1747033842820,952757556,-2.2401135,-0.22523227,-1.1882257
1747033842836,952774223,-2.2347388,-0.38717455,-1.399457
1747033842853,952790890,-1.9116517,-0.34969458,-2.0339437
1747033842870,952807557,-1.4501396,-0.4357361,-1.4234686
1747033842886,952824224,-1.3018045,-0.47833645,-0.8822031
1747033842903,952840891,-1.2375115,-0.30994982,0.2817793
1747033842920,952857558,-1.0254155,-0.06292616,1.2280931
1747033842936,952874225,-0.6430975,0.0536782,1.2754374
1747033842953,952890892,-0.3880688,-0.105340205,0.8781233
1747033842970,952907559,-0.56038725,-0.3373129,0.6821432
1747033842986,952924226,-1.0481392,-0.28709176,0.39579964
1747033843003,952940893,-1.2496196,-0.11090238,0.013829231
1747033843020,952957560,-1.4299916,-0.10169063,-0.49073696
1747033843036,952974227,-1.3936021,-0.22996296,-0.4744463
1747033843053,952990894,-1.0580717,-0.09199162,0.27516556
1747033843070,953007561,-0.7640068,0.11699082,0.88124084
1747033843086,953024228,-0.6087462,-0.13840112,0.70654964
1747033843103,953040895,-0.37174284,-0.27117553,0.5070057
1747033843120,953057562,-0.16082796,-0.30460826,0.3794136
1747033843136,953074229,0.017877907,-0.26870704,0.6145477
1747033843153,953090896,0.108337626,-0.33799306,0.7664356
1747033843170,953107563,-0.100089714,-0.33596066,0.32405376
1747033843186,953124230,-0.48036543,-0.34504423,-0.36140823
1747033843203,953140897,-0.55081993,-0.343967,-0.7322788
1747033843220,953157564,-0.73604155,-0.14310417,-0.4418583
1747033843236,953174231,-0.5420554,0.0053868857,0.05391121
1747033843253,953190898,-0.3250605,0.0077518765,0.5445576
1747033843270,953207565,-0.42517585,0.034446698,0.7231989
1747033843286,953224232,-0.44023955,-0.12514725,0.49837208
1747033843303,953240899,-0.45886874,-0.17251411,0.19641876
1747033843320,953257566,-0.60715604,-0.047171682,0.025878906
1747033843336,953274233,-0.7446952,-0.042145826,-0.035554886
1747033843353,953290900,-0.6674636,-0.081711754,0.06059265
1747033843370,953307567,-0.6067746,-0.106848806,0.25445747
1747033843386,953324234,-0.6072402,-0.12694792,0.44127464
1747033843403,953340901,-0.59664917,-0.113101915,0.467247
1747033843420,953357568,-0.5290413,-0.07749719,0.41512966
1747033843436,953374235,-0.35279256,-0.19958131,0.36377144
1747033843453,953390902,-0.37053666,-0.2785235,0.5077419
1747033843470,953407569,-0.44106638,-0.16750407,0.84294033
1747033843486,953424236,-0.42551976,-0.091112375,1.0045595
1747033843503,953440903,-0.38858157,-0.2823295,0.8259506
1747033843520,953457570,-0.49546877,-0.37923136,0.25316334
1747033843536,953474237,-0.52161276,-0.36775017,-0.06382561
1747033843553,953490904,-0.5170481,-0.3335214,-0.11429882
1747033843570,953507571,-0.53400314,-0.17972107,-0.033161163
1747033843586,953524238,-0.6487202,-0.18055281,-0.028605461
1747033843603,953540905,-0.85153115,-0.038111307,-0.1723795
1747033843620,953557572,-0.9277482,-0.08012526,-0.10392475
1747033843636,953574239,-1.0287337,-0.14076433,0.10420513
1747033843653,953590906,-1.155011,-0.040508036,0.33285904
1747033843670,953607573,-1.278484,-0.023796475,0.34188557
1747033843686,953624240,-1.5178196,-0.045482457,-0.11567879
1747033843703,953640907,-1.9161292,0.16390842,-0.46320915
1747033843720,953657574,-1.8598129,0.08457121,0.029849052
1747033843736,953674241,-1.7775971,0.15148202,-0.057130814
1747033843753,953690908,-2.1546566,0.35922986,0.09111595
1747033843770,953707575,-2.4763103,0.5597905,-0.39383602
1747033843786,953724242,-2.0571108,0.45067012,-1.2698269
1747033843803,953740909,-1.0657756,-0.15663049,-2.3438945
1747033843820,953757576,-0.31785,-0.3405542,-2.740994
1747033843836,953774243,0.25072762,0.31321004,-1.252697
1747033843853,953790910,0.90285414,0.030242756,-0.29352474
1747033843870,953807577,1.0265393,-0.37878785,-0.44101334
1747033843886,953824244,0.37282553,-0.56362844,-0.17500591
1747033843903,953840911,0.38757184,-0.59295297,0.6050205
1747033843920,953857578,0.5757765,-0.642375,1.4599352
1747033843936,953874245,0.8495839,-0.51584226,1.44697
1747033843953,953890912,0.68482584,-0.19991423,0.8627701
1747033843970,953907579,0.6305944,0.18328342,-0.1194706
1747033843986,953924246,0.20826411,-0.030864066,-0.8120413
1747033844003,953940913,-0.635388,-0.05704072,-1.1144266
1747033844020,953957580,-1.0213846,0.035116967,-1.1594839
1747033844036,953974247,-0.80874795,0.10849101,-1.3780165
1747033844053,953990914,-0.30890816,0.26733643,-1.9455853
1747033844070,954007581,0.15556753,0.5513202,-1.9827313
1747033844086,954024248,0.31469166,0.61146414,-1.5195599
1747033844103,954040915,0.17616458,0.42698446,-1.0030212
1747033844120,954057582,0.123648874,0.08895318,-0.4389391
1747033844136,954074249,-0.026921842,-0.16509679,-0.89302444
1747033844153,954090916,-0.14063285,-0.403318,-1.3732176
1747033844170,954107583,0.10842803,-0.7885623,-1.1470823
1747033844186,954124250,1.1084938,-0.53972197,0.35864258
1747033844203,954140917,1.542499,-0.2996972,1.0519848
1747033844220,954157584,1.0471258,-0.121722974,0.87731934
1747033844236,954174251,0.67542577,0.10747895,0.60863876
1747033844253,954190918,0.5658631,0.023048405,0.4177704
1747033844270,954207585,0.96900064,0.09895396,0.5996847
1747033844286,954224252,1.1791978,0.37182543,0.73115253
1747033844303,954240919,0.9789731,0.35930747,0.4543543
1747033844320,954257586,0.598676,-0.238648,0.29697704
1747033844336,954274253,0.17866781,-0.5048166,0.46771145
1747033844353,954290920,0.08603589,-0.39240885,0.5989342
1747033844370,954307587,0.30752677,-0.36857012,0.57982063
1747033844386,954324254,0.68686,-0.64767545,0.37233067
1747033844403,954340921,0.8881458,-1.0887082,0.07382202
1747033844420,954357588,0.99134904,-1.4005897,0.21741676
1747033844436,954374255,1.0647053,-1.1914045,0.41553593
1747033844453,954390922,1.0433131,-0.24263667,0.46967316
1747033844470,954407589,0.6753157,0.71484655,0.3382826
1747033844486,954424256,0.21427642,1.1550518,0.15922737
1747033844503,954440923,-0.0977625,0.94907254,-0.0044031143
1747033844520,954457590,-0.103774965,0.5790299,-0.09578705
1747033844536,954474257,-0.09706722,0.24298316,-0.2985258
1747033844553,954490924,0.093752876,0.09779123,-0.18507957
1747033844570,954507591,0.2779155,0.31561777,0.09620094
1747033844586,954524258,0.48766258,0.6514008,-0.05189705
1747033844603,954540925,0.63221955,0.68342805,-0.098656654
1747033844620,954557592,0.6198757,0.421495,-0.042167664
1747033844636,954574259,0.58228594,0.09204183,0.057266235
1747033844653,954590926,0.63344544,-0.18337591,0.29033184
1747033844670,954607593,0.6508388,-0.21587983,0.69539833
1747033844686,954624260,0.4669457,-0.12869899,0.9317732
1747033844703,954640927,0.4613656,-0.37138444,1.2368116
1747033844720,954657594,0.41435507,-0.73849976,2.196494
1747033844736,954674261,-0.5999329,-0.69955766,2.1272316
1747033844753,954690928,-0.5434786,-0.40964097,1.5192747
1747033844770,954707595,0.6110878,-0.19353339,1.8130503
1747033844786,954724262,0.29439345,-0.14855269,1.1043968
1747033844803,954740929,-0.2803392,-0.2432964,0.04967308
1747033844820,954757596,-0.28334564,-0.044644255,0.38406277
1747033844836,954774263,-0.0024294741,0.12741384,1.2478981
1747033844853,954790930,0.37678507,0.11129884,2.486641
1747033844870,954807597,0.5660765,0.085991025,2.842208
1747033844886,954824264,0.88256204,0.15882418,2.6761656
1747033844903,954840931,0.9339311,0.01292676,2.7138596
1747033844920,954857598,0.7322566,-0.23592955,2.7213144
1747033844936,954874265,0.8319286,-0.22511387,2.4349813
1747033844953,954890932,0.8888252,-0.10252494,2.3964586
1747033844970,954907599,0.9278807,-0.08088576,2.3182163
1747033844986,954924266,0.9980627,-0.20097034,2.090849
1747033845003,954940933,1.123213,-0.18274307,1.8653135
1747033845020,954957600,0.806465,-0.14818797,1.582284
1747033845036,954974267,0.54426265,-0.16784146,0.86839294
1747033845053,954990934,0.54624665,-0.06021193,0.18467236
1747033845070,955007601,0.4440723,-0.049196206,-0.39241886
1747033845086,955024268,0.5018926,0.0052127694,-0.7238817
1747033845103,955040935,0.5280317,-0.049683467,-0.615468
1747033845120,955057602,0.5239769,0.025126433,-0.4810009
1747033845136,955074269,0.73603976,0.057028435,-0.24143887
1747033845153,955090936,0.7557816,-0.09949992,-0.032966614
1747033845170,955107603,0.97831845,-0.1874867,0.02802658
1747033845186,955124270,1.1278411,-0.28908473,0.3011589
1747033845203,955140937,1.089039,-0.3322661,0.34268475
1747033845220,955157604,0.9673777,-0.24954797,0.356822
1747033845236,955174271,0.6162309,-0.14786097,0.41854095
1747033845253,955190938,0.2728625,-0.27295268,0.2997656
1747033845270,955207605,-0.1607617,-0.17633417,0.044631004
1747033845286,955224272,-0.3600728,-0.1101939,-0.23113441
1747033845303,955240939,-0.3691475,-0.28093588,-0.37449646
1747033845320,955257606,-0.37711966,-0.23723061,-0.2901163
1747033845336,955274273,-0.37135896,-0.15619811,-0.22063828
1747033845353,955290940,-0.1628777,-0.106761634,-0.31033993
1747033845370,955307607,-0.07467523,-0.10875314,-0.22522163
1747033845386,955324274,-0.036655456,-0.09345524,0.054709435
1747033845403,955340941,-0.03205131,-0.07503084,0.37623215
1747033845420,955357608,-0.016617741,0.008194432,0.6233263
1747033845436,955374275,-0.07843964,0.11981077,0.68367386
1747033845453,955390942,-0.04538386,0.12783243,0.5442934
1747033845470,955407609,0.025822228,0.072263524,0.37449932
1747033845486,955424276,0.07714885,-0.027407829,0.18575001
1747033845503,955440943,0.11352715,-0.21848525,0.16073704
1747033845520,955457610,0.163451,-0.28866094,0.08685589
1747033845536,955474277,0.17258486,-0.3145234,0.0057439804
1747033845553,955490944,0.21505769,-0.35391957,-0.0826149
1747033845570,955507611,0.23148566,-0.31981105,-0.014460564
1747033845586,955524278,0.1456216,-0.29691306,0.11941719
1747033845603,955540945,0.11040467,-0.21775302,0.20330524
1747033845620,955557612,0.071798176,-0.15545014,0.16222382
1747033845636,955574279,-0.049033377,-0.1310481,0.18792152
1747033845653,955590946,-0.08339559,-0.12022561,0.2189331
1747033845670,955607613,-0.07977982,-0.1643169,0.21191025
1747033845686,955624280,-0.059635267,-0.1598558,0.15171814
1747033845703,955640947,-0.04553719,-0.12644687,0.04291916
1747033845720,955657614,-0.012966881,-0.126142,-0.14354992
1747033845736,955674281,-0.08274494,-0.13106732,-0.10384846
1747033845753,955690948,-0.15341169,-0.13948952,-0.07987404
1747033845770,955707615,-0.15826908,-0.13198999,0.102573395
1747033845786,955724282,-0.21078949,-0.11184655,0.27377605
1747033845803,955740949,-0.2642399,-0.11115299,0.2740202
1747033845820,955757616,-0.20544954,-0.07241686,0.23747444
1747033845836,955774283,-0.15363252,-0.04450478,0.16888809
1747033845853,955790950,-0.11184074,-0.031110993,0.17547417
1747033845870,955807617,-0.12090017,-0.026318427,0.1775837
1747033845886,955824284,-0.1115504,-0.10423527,0.123067856
1747033845903,955840951,-0.09673395,-0.1862321,0.10706425
1747033845920,955857618,-0.09224246,-0.23506768,0.09876633
1747033845936,955874285,-0.059411086,-0.21215247,0.15475082
1747033845953,955890952,-0.06980019,-0.17427753,0.2037468
1747033845970,955907619,-0.018465076,-0.11385482,0.22293377
1747033845986,955924286,-0.024515795,-0.087334335,0.28546524
1747033846003,955940953,-0.03489976,-0.06680422,0.2229147
1747033846020,955957620,-0.04907607,-0.07317546,0.13511467
1747033846036,955974287,-0.09715751,-0.06478813,0.101263046
1747033846053,955990954,-0.14492647,-0.08104267,0.17210579
1747033846070,956007621,-0.22213186,-0.081628494,0.2064476
1747033846086,956024288,-0.23405762,-0.07740656,0.1566124
1747033846103,956040955,-0.17129207,-0.08235536,0.057182312
1747033846120,956057622,-0.17904773,-0.10476097,0.018274307
1747033846136,956074289,-0.15866603,-0.14389049,0.10352421
1747033846153,956090956,-0.192024,-0.1749389,0.201828
1747033846170,956107623,-0.20558767,-0.16451694,0.16339588
1747033846186,956124290,-0.22234666,-0.139072,0.050686836
1747033846203,956140957,-0.21079038,-0.09840135,0.04703617
1747033846220,956157624,-0.14376129,-0.050197657,0.15407848
1747033846236,956174291,-0.18843976,-0.024635822,0.20830059
1747033846253,956190958,-0.122144245,0.020218087,0.14417648
1747033846270,956207625,-0.018028108,-0.00069110206,0.13184166
1747033846286,956224292,0.12969697,0.010656204,0.124222755
1747033846303,956240959,0.25380096,0.05665919,0.28885746
1747033846320,956257626,0.25507188,0.10678466,0.26904583
1747033846336,956274293,0.23853101,0.1372421,0.13884926
1747033846353,956290960,0.21436189,0.16866757,-0.08574486
1747033846370,956307627,0.21965311,0.10050126,-0.17099953
1747033846386,956324294,0.12582393,-0.015523422,-0.12343025
1747033846403,956340961,0.025575023,-0.11994421,-0.04276848
1747033846420,956357628,-0.05935029,-0.17584747,0.22853279
1747033846436,956374295,-0.119084574,-0.2619355,0.54258156
1747033846453,956390962,-0.03916975,-0.29955497,0.67267513
1747033846470,956407629,0.073868796,-0.32100594,0.4198265
1747033846486,956424296,0.21764183,-0.33951014,0.20598698
1747033846503,956440963,0.3127971,-0.4099737,0.03668785
1747033846520,956457630,0.37761563,-0.4443279,-0.052404404
1747033846536,956474297,0.37612447,-0.37009925,-0.15981007
1747033846553,956490964,0.40247306,-0.300599,-0.1601572
1747033846570,956507631,0.36196637,-0.25201398,-0.107151985
1747033846586,956524298,0.34386316,-0.18044916,-0.044506073
1747033846603,956540965,0.24877998,-0.12871844,0.074124336
1747033846620,956557632,0.26048055,-0.13049994,0.16115093
1747033846636,956574299,0.3136032,-0.10246515,0.20495987
1747033846653,956590966,0.42534718,-0.09991498,0.25130367
1747033846670,956607633,0.4018629,-0.08663295,0.28365707
1747033846686,956624300,0.39861032,-0.11488432,0.3106556
1747033846703,956640967,0.4290366,-0.15954868,0.3480301
1747033846720,956657634,0.32777515,-0.21558875,0.32064438
1747033846736,956674301,0.18794389,-0.29272822,0.2571783
1747033846753,956690968,-0.02551177,-0.282225,0.18581963
1747033846770,956707635,-0.27885598,-0.34437937,0.10884762
1747033846786,956724302,-0.38295928,-0.5521014,0.26935196
1747033846803,956740969,-0.28748494,-0.55686194,0.5018139
1747033846820,956757636,0.08479925,-0.26170138,0.71512413
1747033846836,956774303,0.6410262,0.29448324,0.68073845
1747033846853,956790970,1.4178874,0.5985952,1.0230207
1747033846870,956807637,2.0378473,0.80838144,1.4020243
1747033846886,956824304,2.4786594,0.75180954,2.1993341
1747033846903,956840971,2.2865071,0.129201,2.6896162
1747033846920,956857638,0.77189034,-1.0746031,4.16807
1747033846936,956874305,-0.16659759,-1.0215958,5.019764
1747033846953,956890972,-0.4089346,-0.41512388,4.557458
1747033846970,956907639,-0.2838808,-0.19056872,3.9336119
1747033846986,956924306,-0.17667104,0.052054074,2.8005075
1747033847003,956940973,0.47765926,0.2770312,2.330185
1747033847020,956957640,1.055086,0.33621103,2.5170183
1747033847036,956974307,1.3451278,0.26930997,2.5122805
1747033847053,956990974,1.2765205,0.18063618,2.218586
1747033847070,957007641,1.0500531,0.14935257,1.9083776
1747033847086,957024308,0.89375204,0.17276269,1.5072756
1747033847103,957040975,0.8365505,0.19102448,1.0318975
1747033847120,957057642,0.90921587,0.13729407,0.6447029
1747033847136,957074309,1.1760248,0.061669376,0.35021877
1747033847153,957090976,1.7406151,0.079772614,0.3696308
1747033847170,957107643,1.8871078,0.039974567,0.8395872
1747033847186,957124310,1.6773031,0.29696503,1.3964558
1747033847203,957140977,0.83004767,0.55874825,1.9139624
1747033847220,957157644,0.10577873,0.59571344,2.1767864
1747033847236,957174311,-0.21564597,0.11095787,1.7381649
1747033847253,957190978,-0.47314447,-0.0116006015,1.0100479
1747033847270,957207645,-0.2937511,-0.5179494,0.20171356
1747033847286,957224312,0.53307813,-0.82208234,0.090473175
1747033847303,957240979,0.877213,-0.7529332,-0.09159565
1747033847320,957257646,0.92324436,-0.57538056,-0.3126955
1747033847336,957274313,0.7234019,-0.6637069,-0.59890556
1747033847353,957290980,0.54794806,-0.56223816,-0.91882706
1747033847370,957307647,0.24797681,-0.42098337,-1.1329088
1747033847386,957324314,-0.03232665,-0.5659306,-1.5254221
1747033847403,957340981,-0.058109626,-0.8007648,-1.8279905
1747033847420,957357648,0.2642075,-0.7199936,-1.8232555
1747033847436,957374315,0.69520724,-0.3534947,-1.4642954
1747033847453,957390982,1.0206158,0.39140663,-1.0446997
1747033847470,957407649,1.198412,0.8203857,-0.43271065
1747033847486,957424316,1.209643,0.8583216,-0.21710014
1747033847503,957440983,1.1445676,0.74725276,0.0011167526
1747033847520,957457650,0.9652359,0.4885172,0.2301178
1747033847536,957474317,0.81021285,0.25991982,0.4530182
1747033847553,957490984,0.37934944,0.14652574,0.043619156
1747033847570,957507651,-0.21650667,-0.14281121,-0.008882523
1747033847586,957524318,-0.6980656,-0.14870797,-0.356802
1747033847603,957540985,-1.324635,-0.21036905,-1.2553816
1747033847620,957557652,-1.8030231,-0.33201823,-2.638883
1747033847636,957574319,-1.9206473,-0.16380192,-3.3526735
1747033847653,957590986,-1.6458193,-0.43547446,-3.3614097
1747033847670,957607653,-1.1697528,-0.5300639,-2.85858
1747033847686,957624320,-0.9327358,-0.6355924,-1.862122
1747033847703,957640987,-0.9757426,-0.39284796,-0.7497225
1747033847720,957657654,-0.8919744,-0.42136335,-0.12231445
1747033847736,957674321,-1.0130227,-0.44227496,0.1581726
1747033847753,957690988,-1.0867375,-0.3002869,0.23775005
1747033847770,957707655,-1.3177924,0.13641487,-0.054107666
1747033847786,957724322,-0.9749208,-0.13934815,-0.19764137
1747033847803,957740989,-1.0431222,0.038672436,-0.8296051
1747033847820,957757656,-1.0341523,-0.21961701,-1.0056496
1747033847836,957774323,-1.1462685,-0.26995105,-1.1600571
1747033847853,957790990,-1.1843451,-0.3173376,-0.87297726
1747033847870,957807657,-0.9064503,-0.4262135,-0.41434193
1747033847886,957824324,-0.6891431,-0.28575054,0.0769968
1747033847903,957840991,-0.5471871,0.019196074,0.46448517
1747033847920,957857658,-0.39367506,0.14015995,0.4390936
1747033847936,957874325,-0.58509755,0.4478941,0.0049381256
1747033847953,957890992,-0.6913527,0.3567487,-0.5349531
1747033847970,957907659,-0.47040287,-0.012723028,-0.8207607
1747033847986,957924326,-0.4611449,-0.13299334,-1.0346718
1747033848003,957940993,-0.7048698,0.014601822,-0.77604675
1747033848020,957957660,-0.9662094,0.26105353,-0.5338278
1747033848036,957974327,-0.70416373,0.032361604,0.16358948
1747033848053,957990994,-0.4647963,0.04157218,0.66699886
1747033848070,958007661,-0.598783,0.03659667,1.3135242
1747033848086,958024328,-0.4661347,0.082970135,1.4041367
1747033848103,958040995,-0.5197314,-0.136369,1.0748978
1747033848120,958057662,-0.6324579,-0.2984674,0.6624985
1747033848136,958074329,-0.7291963,-0.36387193,0.3300562
1747033848153,958090996,-0.70001656,-0.39577368,0.15934181
1747033848170,958107663,-0.570356,-0.4051898,0.25217438
1747033848186,958124330,-0.38265026,-0.38066012,0.46220875
1747033848203,958140997,-0.27447134,-0.37177375,0.62689304
1747033848220,958157664,-0.28891686,-0.3221026,0.68217087
1747033848236,958174331,-0.3339277,-0.34461272,0.46242046
1747033848253,958190998,-0.52212965,-0.3279216,0.14304352
1747033848270,958207665,-0.65326095,-0.2051783,-0.13088512
1747033848286,958224332,-0.65864044,-0.20234181,-0.19660473
1747033848303,958240999,-0.53903824,-0.21631628,-0.06534767
1747033848320,958257666,-0.41809848,-0.27269295,0.11777687
1747033848336,958274333,-0.4282505,-0.30158624,0.23144627
1747033848353,958291000,-0.45971295,-0.21515737,0.19718456
1747033848370,958307667,-0.5863275,-0.16102041,0.12899494
1747033848386,958324334,-0.72839266,-0.005974781,0.070578575
1747033848403,958341001,-0.78048414,-0.2843425,0.27658844
1747033848420,958357668,-0.5369897,-0.42065826,0.3396368
1747033848436,958374335,-0.6915155,-0.35110727,0.57833004
1747033848453,958391002,-0.6994159,-0.35497126,0.66016483
1747033848470,958407669,-0.6080216,-0.27173516,0.5740299
1747033848486,958424336,-0.73618203,-0.13236795,0.4128456
1747033848503,958441003,-0.6303966,-0.21343185,0.23173237
1747033848520,958457670,-0.54219085,-0.1714213,0.08258438
1747033848536,958474337,-0.6590084,-0.049738057,-0.07638359
1747033848553,958491004,-0.7181237,-0.14550325,-0.16036129
1747033848570,958507671,-0.62968653,-0.3003347,-0.034963608
1747033848586,958524338,-0.5799227,-0.35285962,0.1191206
1747033848603,958541005,-0.6145384,-0.3042701,0.08088875
1747033848620,958557672,-0.5662372,-0.3545661,-0.03361988
1747033848636,958574339,-0.58440304,-0.2993793,0.17477036
1747033848653,958591006,-0.58406436,-0.24416332,0.5937185
1747033848670,958607673,-0.5978298,-0.22353983,0.92418194
1747033848686,958624340,-0.7096848,-0.27391523,0.8686838
1747033848703,958641007,-0.8739245,-0.40785465,0.664196
1747033848720,958657674,-0.8015013,-0.3396709,0.2923031
1747033848736,958674341,-0.76917166,-0.30728188,0.17951298
1747033848753,958691008,-0.9172669,-0.16340753,0.1384573
1747033848770,958707675,-1.1233828,0.005192206,-0.105680466
1747033848786,958724342,-1.1823449,-0.03658544,-0.28342342
1747033848803,958741009,-1.1098384,-0.20688203,-0.54242134
1747033848820,958757676,-0.99753207,-0.20734201,-0.4442339
1747033848836,958774343,-0.97080195,-0.08336916,-0.29158783
1747033848853,958791010,-0.94184226,0.073894106,-0.6452999
1747033848870,958807677,-0.7662711,-0.022031337,-1.4606886
1747033848886,958824344,-0.5376409,-0.034609362,-1.4932737
1747033848903,958841011,-0.3348418,-0.09617941,-0.77607536
1747033848920,958857678,-0.018188255,-0.05386964,0.20367622
1747033848936,958874345,0.18876597,-0.10825358,0.96847916
1747033848953,958891012,-0.121887535,-0.34624973,0.9197655
1747033848970,958907679,-0.6784922,0.14829464,0.84451103
1747033848986,958924346,-1.0316052,0.57749885,0.2774353
1747033849003,958941013,-1.1069629,0.5802308,-0.30388927
1747033849020,958957680,-0.5413355,0.3162406,-0.37843704
1747033849036,958974347,-0.20041892,0.49133506,-0.1483717
1747033849053,958991014,-0.22786592,0.72759223,0.053339005
1747033849070,959007681,-0.66446215,1.1040018,-0.08912945
1747033849086,959024348,-1.1544594,0.75282145,-1.0729675
1747033849103,959041015,-1.1545594,0.261109,-1.4036436
1747033849120,959057682,-0.5489908,-0.40551284,-0.3964882
1747033849136,959074349,-0.38461497,-0.95929337,0.0059041977
1747033849153,959091016,-0.77532494,-0.8321796,-0.96736336
1747033849170,959107683,-1.3543807,-1.1528846,-1.641798
1747033849186,959124350,-1.4237431,-1.1672957,-2.9744883
1747033849203,959141017,-0.80900383,-1.2036823,-2.900321
1747033849220,959157684,-0.24682564,-0.7598289,-1.9022336
1747033849236,959174351,0.21035288,-0.25234473,-0.65077114
1747033849253,959191018,0.7326129,0.1919165,0.3703432
1747033849270,959207685,0.9302266,0.7500096,0.75237656
1747033849286,959224352,1.102853,1.1189677,1.1469231
1747033849303,959241019,1.1603156,0.8356083,1.3783836
1747033849320,959257686,1.0870026,0.9665639,1.8016253
1747033849336,959274353,1.0114721,0.6698197,1.4404736
1747033849353,959291020,1.4280205,0.2412552,1.2732897
1747033849370,959307687,1.8396367,0.17014627,1.2907009
1747033849386,959324354,1.7800514,0.4436056,1.0757008
1747033849403,959341021,0.9973109,0.1275639,0.21997643
1747033849420,959357688,0.47465077,0.045983948,-0.45834064
1747033849436,959374355,0.41957316,-0.48053816,-0.95436096
1747033849453,959391022,0.0810199,-0.45395824,-0.98520565
1747033849470,959407689,-0.15090622,-0.55276316,-0.8467951
1747033849486,959424356,-0.25544062,-0.38487193,-0.7745609
1747033849503,959441023,0.17260526,-0.23235728,-0.53484344
1747033849520,959457690,0.64284873,-0.20774904,0.003153801
1747033849536,959474357,1.0333105,0.07138259,0.66735744
1747033849553,959491024,1.0887735,0.23142563,0.9144106
1747033849570,959507691,1.0069286,-0.027079133,0.71372795
1747033849586,959524358,0.99802214,-0.49201316,0.61919403
1747033849603,959541025,0.8505905,-0.7161448,0.45656872
1747033849620,959557692,0.32857224,-0.19887373,0.15903187
1747033849636,959574359,0.38564667,0.4417207,-0.20799923
1747033849653,959591026,0.296503,0.9592728,-0.5733938
1747033849670,959607693,0.2554428,0.9393722,-0.72992706
1747033849686,959624360,0.05295307,0.6556702,-0.7879095
1747033849703,959641027,-0.09367663,0.037713956,-0.7339525
1747033849720,959657694,-0.12809516,-0.87262505,-0.4502573
1747033849736,959674361,-0.0041772337,-1.4017302,-0.052559853
1747033849753,959691028,0.063867375,-1.192737,0.106523514
1747033849770,959707695,0.08915619,-0.8899314,0.24158192
1747033849786,959724362,0.035663728,-0.5908338,0.24473095
1747033849803,959741029,0.03152449,-0.68009084,0.31769848
1747033849820,959757696,-0.018212954,-1.1734204,0.09618378
1747033849836,959774363,0.3854477,-0.8140586,0.20336342
1747033849853,959791030,0.068095624,-0.54316574,0.44081783
1747033849870,959807697,0.09219915,-0.05649966,0.46370888
1747033849886,959824364,0.3873951,-0.0062370175,0.31149864
1747033849903,959841031,0.45124486,0.25493017,0.007610321
1747033849920,959857698,0.33992726,0.50172275,0.122712135
1747033849936,959874365,0.45527896,0.43226188,0.74043274
1747033849953,959891032,0.48362774,0.179249,1.2693291
1747033849970,959907699,0.8286349,0.18758702,2.0456724
1747033849986,959924366,0.53581613,0.09005976,2.5803642
1747033850003,959941033,-0.03708685,-0.1663222,2.2285528
1747033850020,959957700,0.6141115,-0.12420967,2.1278877
1747033850036,959974367,1.510451,-0.008967787,2.2163897
1747033850053,959991034,0.73418856,-0.12598346,1.7039766
1747033850070,960007701,0.0994926,-0.16329426,0.72366333
1747033850086,960024368,0.4416805,0.08705606,0.8389759
1747033850103,960041035,0.9762365,0.27687472,1.2178802
1747033850120,960057702,1.1437522,0.18062876,1.553112
1747033850136,960074369,1.0442108,-0.01517463,1.9731731
1747033850153,960091036,0.7338846,-0.13559368,2.2094498
1747033850170,960107703,0.33414075,-0.30612993,2.2018566
1747033850186,960124370,0.18442696,-0.3638757,2.0319319
1747033850203,960141037,0.2055395,-0.26875287,1.8504715
1747033850220,960157704,0.11096346,-0.29912204,1.8578329
1747033850236,960174371,-0.0796979,-0.39431944,2.0578737
1747033850253,960191038,0.051220007,-0.28650907,2.0199099
1747033850270,960207705,0.5646649,-0.021590011,1.8651686
1747033850286,960224372,0.98065907,-0.02366801,2.0254202
1747033850303,960241039,0.5557429,-0.098439574,1.553649
1747033850320,960257706,0.2137003,-0.07770987,0.9316149
1747033850336,960274373,0.01479164,0.10189598,-0.2841425
1747033850353,960291040,0.13238516,0.010708952,-0.61543274
1747033850370,960307707,-0.0311662,-0.08768994,-0.85149956
1747033850386,960324374,-0.27466702,-0.176171,-1.2753563
1747033850403,960341041,-0.4116361,-0.21661043,-1.531312
1747033850420,960357708,-0.6844371,-0.49802017,-1.7517395
1747033850436,960374375,-0.72068906,-0.7410847,-1.5482435
1747033850453,960391042,-0.858236,-1.041181,-0.6898155
1747033850470,960407709,-0.91916907,-1.0080249,0.042111397
1747033850486,960424376,-0.85441345,-0.87888545,0.35717487
1747033850503,960441043,-0.6935569,-0.7828967,0.6320915
1747033850520,960457710,-0.67169267,-0.5941434,0.77032566
1747033850536,960474377,-0.4689362,-0.41201818,0.77458
1747033850553,960491044,-0.21677136,-0.33375725,0.7472477
1747033850570,960507711,0.18116842,-0.21066856,0.69199085
1747033850586,960524378,0.57123363,-0.05637198,0.77218056
1747033850603,960541045,0.98977494,0.18630408,0.855113
1747033850620,960557712,1.2849607,0.3869615,0.7621527
1747033850636,960574379,1.541262,0.42201504,0.5418978
1747033850653,960591046,1.3802365,0.4584796,0.045199394
1747033850670,960607713,1.3338897,0.29231852,-0.26364136
1747033850686,960624380,1.1479516,0.2645421,-0.24832153
1747033850703,960641047,1.0485686,0.22934039,0.087350845
1747033850720,960657714,1.027945,0.19490084,0.3675375
1747033850736,960674381,0.9786872,0.13031721,0.5162382
1747033850753,960691048,0.90351534,0.09640427,0.5477724
1747033850770,960707715,0.7125904,0.019430876,0.39684105
1747033850786,960724382,0.4090381,-0.0046879607,0.15294933
1747033850803,960741049,0.09002253,-0.0909244,-0.20552254
1747033850820,960757716,-0.15783994,-0.057129465,-0.5094433
1747033850836,960774383,-0.31619662,-0.05543937,-0.75081253
1747033850853,960791050,-0.35353157,-0.14998367,-0.5757723
1747033850870,960807717,-0.39752585,-0.04494555,-0.26391125
1747033850886,960824384,-0.43914798,0.05547234,-0.16871548
1747033850903,960841051,-0.4154652,0.06188649,-0.05208969
1747033850920,960857718,-0.40515992,0.05003293,0.058835983
1747033850936,960874385,-0.34172294,0.028684983,0.1051054
1747033850953,960891052,-0.2371848,-0.036837395,0.21443081
1747033850970,960907719,-0.14845552,-0.12145627,0.2220087
1747033850986,960924386,-0.0060015465,-0.1837129,0.18427944
1747033851003,960941053,0.19768134,-0.25398046,0.15969753
1747033851020,960957720,0.33479133,-0.27931944,0.20876217
1747033851036,960974387,0.45448232,-0.26320797,0.31280518
1747033851053,960991054,0.38953257,-0.22340389,0.2947178
1747033851070,961007721,0.3473653,-0.19617553,0.028354645
1747033851086,961024388,0.23294006,-0.10099902,-0.15141582
1747033851103,961041055,0.23444743,-0.08372393,-0.11103058
1747033851120,961057722,0.045449123,-0.055143774,0.07799435
1747033851136,961074389,-0.0912657,-0.07579257,0.23392582
1747033851153,961091056,-0.086006895,-0.071051866,0.17937756
1747033851170,961107723,-0.022343026,-0.047840044,0.096203804
1747033851186,961124390,0.107337624,-0.10455556,0.12575817
1747033851203,961141057,0.18689014,-0.13334201,0.14777946
1747033851220,961157724,0.13587062,-0.18815957,0.14919949
1747033851236,961174391,-0.008421632,-0.22808704,0.10998535
1747033851253,961191058,-0.025022835,-0.2298747,0.1379795
1747033851270,961207725,-0.044820383,-0.24389008,0.17577267
1747033851286,961224392,0.040896278,-0.22216663,0.17119026
1747033851303,961241059,0.11899204,-0.2476291,0.04529476
1747033851320,961257726,0.2886965,-0.2833959,-0.012430191
1747033851336,961274393,0.44731513,-0.3725087,0.07014656
1747033851353,961291060,0.55417734,-0.39627618,0.2763214
1747033851370,961307727,0.6410709,-0.42773315,0.35868263
1747033851386,961324394,0.61965054,-0.37388945,0.35960007
1747033851403,961341061,0.6731713,-0.23853235,0.4171114
1747033851420,961357728,0.53587085,-0.20065172,0.60205555
1747033851436,961374395,0.40107635,-0.105027065,0.58028793
1747033851453,961391062,0.10414687,0.0952477,0.20002174
1747033851470,961407729,-0.2967377,0.14467546,0.24765491
1747033851486,961424396,-0.69128793,-0.050663624,0.37962818
1747033851503,961441063,-0.90086055,-0.4725137,1.0462828
1747033851520,961457730,-0.37581947,-0.9961607,1.369381
1747033851536,961474397,0.4258288,-1.4935328,1.0454016
1747033851553,961491064,1.0139296,-1.4466335,1.0183764
1747033851570,961507731,1.1796417,-0.3688043,1.7192316
1747033851587,961524398,0.48005822,0.6676417,2.4368029
1747033851603,961541065,1.3274122,1.4124206,4.4046144
1747033851620,961557732,1.7683196,1.6979818,5.028529
1747033851637,961574399,1.0926039,1.0563855,3.881528
1747033851653,961591066,0.51625,0.43116707,3.4722338
1747033851670,961607733,0.10103168,-0.33645675,3.2334986
1747033851687,961624400,-0.33731464,-0.84884,2.418024
1747033851703,961641067,-0.37339565,-0.67885685,1.9910212
1747033851720,961657734,-0.40478486,-0.29716033,2.0585613
1747033851737,961674401,-0.49397403,0.05653606,2.014452
1747033851753,961691068,-0.32929134,0.2167413,1.7830667
1747033851770,961707735,0.109124005,0.07644749,1.6653194
1747033851787,961724402,0.6569162,-0.005885236,1.5266829
1747033851803,961741069,1.1627302,0.09715957,1.3201485
1747033851820,961757736,1.4383922,0.09812691,1.3603306
1747033851837,961774403,1.605408,-0.011179671,1.4034433
1747033851853,961791070,1.8020778,-0.022066595,1.4349937
1747033851870,961807737,1.989696,0.11278927,1.4686928
1747033851887,961824404,2.115161,0.3841961,1.2460251
1747033851903,961841071,2.0652897,0.73482233,1.006465
1747033851920,961857738,1.968619,0.82965696,0.9009781
1747033851937,961874405,1.8579756,0.3661167,0.61376286
1747033851953,961891072,1.5512081,-0.10385521,0.2201767
1747033851970,961907739,1.0272883,-0.56489116,0.13715649
1747033851987,961924406,0.10923743,-0.8375039,-0.33201885
1747033852003,961941073,-0.11462627,-0.8586303,-0.7624054
1747033852020,961957740,0.32545036,-0.6649921,-0.70863247
1747033852037,961974407,0.9210353,-0.8888528,-0.8622532
1747033852053,961991074,0.9318338,-0.30036426,-0.74263763
1747033852070,962007741,0.6603289,-0.66672456,-1.6178226
1747033852087,962024408,0.8765783,-0.4815709,-1.1888418
1747033852103,962041075,0.7436879,-0.4983171,-1.0438948
1747033852120,962057742,0.6109208,-0.40728354,-0.85677624
1747033852137,962074409,0.63860655,-0.20433202,-0.5647621
1747033852153,962091076,0.7424377,-0.16608141,-0.25416183
1747033852170,962107743,0.92907673,-0.22359571,0.11926937
1747033852187,962124410,1.1558793,-0.10465586,0.4125862
1747033852203,962141077,0.81545687,-0.10705215,0.32498264
1747033852220,962157744,0.04120622,-0.42092797,-0.1574831
1747033852237,962174411,-0.69518214,-0.12025695,-0.9377918
1747033852253,962191078,0.8049461,1.2375778,2.5122318
1747033852270,962207745,-0.5100124,-0.56681067,2.2016115
1747033852287,962224412,-2.441243,-0.55759495,-3.0237803
1747033852303,962241079,-2.8801963,-0.15350512,-4.5746684
1747033852320,962257746,-2.7160285,0.07229895,-4.605574
1747033852337,962274413,-2.0674727,0.09481747,-4.0231686
1747033852353,962291080,-1.3313358,-0.15057936,-2.9649534
1747033852370,962307747,-1.171589,0.15267242,-1.4715977
1747033852387,962324414,-1.2615539,0.34915245,-0.25053406
1747033852403,962341081,-1.3952391,0.050955255,-0.100227356
1747033852420,962357748,-1.5614444,-0.34908968,-0.3906746
1747033852437,962374415,-1.7003855,-0.47651878,-0.5438442
1747033852453,962391082,-1.6303945,-0.70683205,-0.6715784
1747033852470,962407749,-1.6709865,-0.70443827,-0.6723776
1747033852487,962424416,-1.8075457,-0.52876097,-0.78798294
1747033852503,962441083,-1.7511545,-0.35414627,-1.1712418
1747033852520,962457750,-1.5085099,-0.36660486,-1.3580179
1747033852537,962474417,-1.3014538,-0.3964521,-1.2582483
1747033852553,962491084,-1.180852,-0.43025288,-0.7257881
1747033852570,962507751,-0.9809123,-0.3367718,0.030661583
1747033852587,962524418,-0.59889746,-0.35728836,0.6100359
1747033852603,962541085,-0.64391893,-0.085319474,0.76734066
1747033852620,962557752,-0.59622645,-0.3418186,0.50311375
1747033852637,962574419,-0.58157814,-0.5961818,0.085292816
1747033852653,962591086,-0.53726774,-0.5105574,-0.2965212
1747033852670,962607753,-0.49998987,-0.27442887,-0.48364067
1747033852687,962624420,-0.52131706,-0.16089614,-0.42935085
1747033852703,962641087,-0.51567817,-0.15247808,0.019369125
1747033852720,962657754,-0.47454596,-0.2957005,0.42129898
1747033852737,962674421,-0.33695284,-0.3382054,0.9118004
1747033852753,962691088,-0.32185966,-0.32312518,1.0432587
1747033852770,962707755,-0.28578413,-0.19753774,0.8219938
1747033852787,962724422,-0.14401555,-0.0881838,0.44260693
1747033852803,962741089,-0.29567534,0.11540499,0.26491547
1747033852820,962757756,-0.1866113,0.1124981,0.1697731
1747033852837,962774423,0.14499073,0.044809766,-0.053934097
1747033852853,962791090,-0.0711701,0.19870536,-0.27145672
1747033852870,962807757,-0.2782628,0.20222536,-0.20447159
1747033852887,962824424,-0.15268114,0.030870939,-0.037611008
1747033852903,962841091,0.010948335,0.12338228,0.34781456
1747033852920,962857758,-0.19773208,0.18610817,0.67216396
1747033852937,962874425,-0.23079613,0.1786415,0.60592365
1747033852953,962891092,-0.15586095,0.013379932,0.5443859
1747033852970,962907759,-0.22702266,0.013213192,0.44355488
1747033852987,962924426,-0.35745332,0.08275589,0.19882488
1747033853003,962941093,-0.34838775,0.08357507,-0.032954216
1747033853020,962957760,-0.32130635,0.041460536,-0.031721115
1747033853037,962974427,-0.36855364,0.038068056,0.18856525
1747033853053,962991094,-0.42602733,-0.002519438,0.2843418
1747033853070,963007761,-0.48948243,-0.08221455,0.20011139
1747033853087,963024428,-0.5511425,-0.18578212,0.1342783
1747033853103,963041095,-0.5754264,-0.16171487,0.17891216
1747033853120,963057762,-0.551974,-0.11336756,0.36058617
1747033853137,963074429,-0.6466859,-0.08835769,0.3852749
1747033853153,963091096,-0.6922787,-0.10120795,0.20329666
1747033853170,963107763,-0.7487097,-0.118576586,0.10463619
1747033853187,963124430,-0.68990815,-0.15366621,0.07913685
1747033853203,963141097,-0.65379745,-0.09719271,0.12028217
1747033853220,963157764,-0.6865986,-0.0680806,0.18737793
1747033853237,963174431,-0.647814,-0.11190545,0.19624805
1747033853253,963191098,-0.66883695,-0.16189966,0.20187569
1747033853270,963207765,-0.70364374,-0.23910277,0.21018124
1747033853287,963224432,-0.71320546,-0.25266698,0.26440907
1747033853303,963241099,-0.6925585,-0.25886425,0.3810873
1747033853320,963257766,-0.6825369,-0.26766044,0.4554987
1747033853337,963274433,-0.6713413,-0.2968425,0.28652287
1747033853353,963291100,-0.77725446,-0.22295026,0.13953972
1747033853370,963307767,-0.80123574,-0.20206448,0.16653633
1747033853387,963324434,-0.8384559,-0.09869796,0.21867847
1747033853403,963341101,-0.8870669,-0.029155925,0.2667551
1747033853420,963357768,-0.82700765,0.03287395,0.11096001
1747033853437,963374435,-0.79872197,0.11477692,-0.02674961
1747033853453,963391102,-0.7813923,0.21307568,-0.22749805
1747033853470,963407769,-0.7918414,0.27808437,-0.2833748
1747033853487,963424436,-0.77158016,0.35513985,-0.32448673
1747033853503,963441103,-0.7868493,0.17005564,-0.07370663
1747033853520,963457770,-0.6972633,0.25637484,0.11215401
1747033853537,963474437,-0.55462474,0.1619206,0.4377041
1747033853553,963491104,-0.5665714,0.16099845,0.70640564
1747033853570,963507771,-0.70778275,0.06667509,0.9486151
1747033853587,963524438,-0.9357526,0.12662886,1.0023556
1747033853603,963541105,-1.1477703,0.15163723,0.75745964
1747033853620,963557772,-1.3816464,0.15421405,0.09018326
1747033853637,963574439,-1.4302013,-0.027403792,-0.7794609
1747033853653,963591106,-1.1789296,-0.26549384,-1.2869501
1747033853670,963607773,-1.1229898,-0.39680338,-0.9911051
1747033853687,963624440,-1.1217476,-0.121144384,-0.58028126
1747033853703,963641107,-1.1446098,-0.11666413,-0.5985489
1747033853720,963657774,-1.108727,-0.16722378,-1.1995726
1747033853737,963674441,-0.47605392,-0.6789672,-1.5536861
1747033853753,963691108,0.09958977,-0.6655463,-0.65233517
1747033853770,963707775,0.2031288,-0.30792317,0.8304434
1747033853787,963724442,-0.07825094,-0.07554028,0.52616215
1747033853803,963741109,-0.58161926,-0.5610745,-0.3374319
1747033853820,963757776,-0.56952757,-1.1058347,-1.4904099
1747033853837,963774443,0.029411776,-1.5746003,-0.9490757
1747033853853,963791110,0.41451657,-1.6384257,-0.64342785
1747033853870,963807777,-0.15742126,-1.4031004,-0.3611126
1747033853887,963824444,-0.47795272,-1.2158502,-0.3935175
1747033853903,963841111,-0.839115,-1.0060921,-0.6669798
1747033853920,963857778,-1.1413859,-0.4652422,-1.573761
1747033853937,963874445,-1.3902876,-0.27329004,-2.3216486
1747033853953,963891112,-1.3686463,0.46905684,-2.4433522
1747033853970,963907779,-0.730132,0.72774816,-1.8768282
1747033853987,963924446,0.42376485,0.88344145,-0.76241875
1747033854003,963941113,0.6228352,1.1083652,-0.5267
1747033854020,963957780,0.93262297,1.5581098,-0.22140217
1747033854037,963974447,1.0559186,1.5898498,-0.062247276
1747033854053,963991114,1.5559669,1.4209008,0.26671982
1747033854070,964007781,1.1831406,0.90034425,0.092725754
1747033854087,964024448,1.5657704,0.36940825,0.80276585
1747033854103,964041115,1.4200258,-0.49339402,0.7556038
1747033854120,964057782,0.8059096,-0.65635085,0.25539017
1747033854137,964074449,0.35174993,-0.5682405,-0.41175747
1747033854153,964091116,-0.10133764,-0.18010803,-0.84117794
1747033854170,964107783,0.011761172,0.3518046,-0.5489454
1747033854187,964124450,0.48847723,0.40051416,0.04106617
1747033854203,964141117,0.577767,0.47021493,0.014917374
1747033854220,964157784,0.4872512,0.2727785,-0.26297855
1747033854237,964174451,0.38603917,0.01032993,-0.35132694
1747033854253,964191118,0.26513308,-0.3384991,-0.074297905
1747033854270,964207785,0.4457342,-0.07867124,0.3278675
1747033854287,964224452,0.23563977,0.56104314,0.26693535
1747033854303,964241119,0.067160174,0.7548861,0.058862686
1747033854320,964257786,0.19596328,0.20729539,-0.08539295
1747033854337,964274453,0.6027287,-0.3070519,-0.16911507
1747033854353,964291120,0.9576274,-0.47156483,-0.13170338
1747033854370,964307787,0.82631284,-0.6157963,0.06816673
1747033854387,964324454,0.80529094,-0.58209014,0.47426224
1747033854403,964341121,1.022034,-0.5682633,0.8213625
1747033854420,964357788,1.0745922,-0.41507497,0.9737301
1747033854437,964374455,1.1743802,-0.17429468,1.0278034
1747033854453,964391122,1.0816274,0.06766408,1.2455158
1747033854470,964407789,0.71099067,-0.07949152,1.515665
1747033854487,964424456,0.19672498,-0.42163426,1.9377203
1747033854503,964441123,-0.6409867,-0.45516068,2.7217007
1747033854520,964457790,-1.273519,-0.26757202,2.4467115
1747033854537,964474457,-0.6136434,-0.51212895,2.3300438
1747033854553,964491124,-0.20156594,-0.5179981,2.1127682
1747033854570,964507791,-0.7967022,-0.6112437,1.1900272
1747033854587,964524458,-0.8031184,-0.65055513,0.7364588
1747033854603,964541125,0.023620458,-0.435519,1.7029066
1747033854620,964557792,0.8840249,-0.3557343,2.8361378
1747033854637,964574459,1.1957713,-0.3698556,3.208619
1747033854653,964591126,1.3653579,-0.17138705,2.9878283
1747033854670,964607793,1.361087,-0.06357726,2.2251997
1747033854687,964624460,0.7399456,0.32863736,2.3524046
1747033854703,964641127,0.23911762,0.24289154,2.2753868
1747033854720,964657794,0.40080276,0.17206518,1.9028711
1747033854737,964674461,0.58629256,0.1589556,2.0351534
1747033854753,964691128,0.5789827,-0.044612516,1.8973589
1747033854770,964707795,0.5198689,-0.21156965,1.2237616
1747033854787,964724462,0.5277165,-0.31753412,0.6520319
1747033854803,964741129,0.53810465,-0.43299767,0.40715218
1747033854820,964757796,0.46534637,-0.41967118,0.14484596
1747033854837,964774463,0.39328915,-0.40475368,-7.6293945E-06
1747033854853,964791130,0.17199422,-0.21897922,-0.044956207
1747033854870,964807797,0.2415034,-0.30413017,0.021232605
1747033854887,964824464,0.22956903,-0.14094113,0.041897774
1747033854903,964841131,0.16421083,-0.08225635,-0.10397625
1747033854920,964857798,0.18183662,0.05038373,-0.054008484
1747033854937,964874465,0.4965785,-0.19441292,0.0905962
1747033854953,964891132,0.54981303,-0.2004643,0.1483984
1747033854970,964907799,0.78708357,-0.25057122,0.013946533
1747033854987,964924466,1.0420245,-0.22367075,-0.11879158
1747033855003,964941133,1.1981007,-0.13176334,-0.094278336
1747033855020,964957800,1.2068633,-0.07144592,0.0702467
1747033855037,964974467,1.0562198,-0.055171937,0.08966446
1747033855053,964991134,0.74963975,-0.096031226,0.0055036545
1747033855070,965007801,0.46931306,-0.05184763,-0.059981346
1747033855087,965024468,0.21855655,0.010417269,0.048137665
1747033855103,965041135,0.18306673,0.047108486,0.25345612
1747033855120,965057802,0.09767695,0.13664152,0.330513
1747033855137,965074469,0.10174667,0.16161796,0.18010807
1747033855153,965091136,0.12873028,0.19204547,0.020616531
1747033855170,965107803,0.047545675,0.1917445,-0.02402687
1747033855187,965124470,-0.045011934,0.12058915,-0.10258007
1747033855203,965141137,-0.07853128,-0.034473408,-0.03507328
1747033855220,965157804,0.00055118295,-0.2031516,0.08519554
1747033855237,965174471,-0.03993506,-0.19435938,0.17634869
1747033855253,965191138,-0.030051764,-0.072037,0.34291077
1747033855270,965207805,0.10171918,-0.12455349,0.20322132
1747033855287,965224472,0.02341924,-0.14879537,0.105983734
1747033855303,965241139,0.09471406,-0.211265,-0.029996872
1747033855320,965257806,0.26923612,-0.23433009,0.0007724762
1747033855337,965274473,0.25526074,-0.21657467,0.057266235
1747033855353,965291140,0.19767284,-0.125392,0.037475586
1747033855370,965307807,0.19776069,-0.050786726,0.10122013
1747033855387,965324474,0.22848903,-0.0049721575,0.10642147
1747033855403,965341141,0.3195529,0.020240886,0.14223194
1747033855420,965357808,0.44042054,0.018494803,0.040919304
1747033855437,965374475,0.44064954,-0.038816378,-0.0054359436
1747033855453,965391142,0.4681081,-0.12561183,0.11364746
1747033855470,965407809,0.4157133,-0.12765451,0.16779995
1747033855487,965424476,0.42883173,-0.0858986,0.05278492
1747033855503,965441143,0.36053443,-0.121907204,0.040267944
1747033855520,965457810,0.25009993,-0.29027674,0.25128746
1747033855537,965474477,0.22738285,-0.42678034,0.2370491
1747033855553,965491144,0.20818466,-0.56131256,0.23106575
1747033855570,965507811,-0.12530841,-0.6953976,0.36511517
1747033855587,965524478,-0.16962734,-0.8184624,0.22396755
1747033855603,965541145,0.032929495,-0.7025951,-0.04244423
1747033855620,965557812,-0.3119463,-0.3059412,0.3018303
1747033855637,965574479,-0.74605113,0.019630473,0.75165653
1747033855653,965591146,-0.54949075,-0.005331678,1.0421534
1747033855670,965607813,0.30614904,-0.22077526,1.5496197
1747033855687,965624480,0.8660212,-0.41299137,1.7151508
1747033855703,965641147,0.45733824,-0.2992766,2.8136578
1747033855720,965657814,-0.04933635,0.578479,3.7341337
1747033855737,965674481,0.37827647,0.6571253,3.9240494
1747033855753,965691148,0.5302294,0.32001245,3.9021778
1747033855770,965707815,0.49610007,-0.45774972,3.504161
1747033855787,965724482,0.2967573,-0.9187437,3.1951046
1747033855803,965741149,0.04194349,-0.92875373,3.265215
1747033855820,965757816,0.17603873,-0.74158746,3.331194
1747033855837,965774483,0.17660809,-0.4607457,3.1097422
1747033855853,965791150,-0.03488258,-0.27278838,2.5298166
1747033855870,965807817,-0.26747036,-0.24984095,2.057746
1747033855887,965824484,-0.39269271,-0.25021282,1.8616238
1747033855903,965841151,-0.25584814,-0.27977693,1.6823654
1747033855920,965857818,0.04350592,-0.18878362,1.4844522
1747033855937,965874485,0.37454888,-0.013977843,1.2830029
1747033855953,965891152,0.5723798,0.052695706,1.3233423
1747033855970,965907819,0.53314,-0.049940057,1.3581114
1747033855987,965924486,0.4625428,-0.22031602,1.27808
1747033856003,965941153,0.63365376,-0.36583936,0.95412445
1747033856020,965957820,0.70165575,-0.4094676,0.6198902
1747033856037,965974487,1.0282627,-0.4836724,0.28149414
1747033856053,965991154,1.2721249,-0.43434379,0.34046268
1747033856070,966007821,1.5951581,-0.4479791,0.57359314
1747033856087,966024488,2.1088605,-0.44932464,0.15223122
1747033856103,966041155,2.39489,-0.48290506,-0.50443554
1747033856120,966057822,2.292898,-0.28061542,-0.994853
1747033856137,966074489,2.4042592,0.045938954,-1.0652008
1747033856153,966091156,2.3140564,0.25082752,-0.7735777
1747033856170,966107823,2.1435292,0.6069569,-0.6046009
1747033856187,966124490,1.9296604,0.50506234,-0.7576752
1747033856203,966141157,1.4717691,0.5535084,-0.789793
1747033856220,966157824,1.0297744,-0.006220924,-0.7865133
1747033856237,966174491,0.88693535,-0.6888,-0.556571
1747033856253,966191158,1.0863711,-1.1204997,-0.18686485
1747033856270,966207825,1.3594617,-1.0325773,0.08747578
1747033856287,966224492,1.5489175,-0.666169,0.090883255
1747033856303,966241159,1.1802924,0.047381114,-0.2531109
1747033856320,966257826,-1.0365543,0.2099031,-0.7972851
1747033856337,966274493,-0.3980496,-0.58306164,-0.9123535
1747033856353,966291160,0.10893889,-0.50607044,-0.52706146
