timestamp_ms,timestamp_μs,freeAcceleration_m/s²_x,freeAcceleration_m/s²_y,freeAcceleration_m/s²_z
1747033772226,882164663,-0.32389963,0.25812668,-0.17717838
1747033772243,882181330,-0.36276323,0.43072724,-0.24432468
1747033772259,882197997,-0.2918645,0.62743056,-0.26600075
1747033772276,882214664,-0.15185691,0.7437337,-0.22869682
1747033772293,882231331,0.109760895,0.6315572,-0.22069359
1747033772309,882247998,0.3940691,0.47683364,-0.22308922
1747033772326,882264665,0.5050931,0.43231645,-0.2058897
1747033772343,882281332,0.5295489,0.39337525,-0.14312649
1747033772359,882297999,0.5636761,0.32304642,-0.25317574
1747033772376,882314666,0.66474545,0.27492955,-0.51763916
1747033772393,882331333,0.6616831,0.15631421,-0.90608215
1747033772409,882348000,0.589794,-0.04629652,-0.9475241
1747033772426,882364667,0.65012175,-0.09631383,-0.6798439
1747033772443,882381334,0.69820553,-0.13647631,-0.5529938
1747033772459,882398001,0.5892545,-0.30473372,-0.50725555
1747033772476,882414668,0.42159152,-0.48683295,-0.46606636
1747033772493,882431335,0.21841718,-0.60770446,-0.2793064
1747033772509,882448002,0.09993471,-0.5874047,-0.045476913
1747033772526,882464669,-0.005740078,-0.38982666,-0.14635086
1747033772543,882481336,0.015817676,-0.19074304,-0.3474455
1747033772559,882498003,0.111396514,-0.07530269,-0.33153915
1747033772576,882514670,0.23334137,-0.034142386,-0.3020382
1747033772593,882531337,0.3964565,-0.22091925,-0.21731853
1747033772609,882548004,0.50930834,-0.3598639,-0.10022068
1747033772626,882564671,0.75499445,-0.38723475,0.042046547
1747033772643,882581338,1.0003113,-0.21688317,-0.047174454
1747033772659,882598005,1.1797733,-0.112516366,-0.23645115
1747033772676,882614672,1.3229433,0.003959923,-0.18195534
1747033772693,882631339,1.1557771,-0.13460766,-0.32115078
1747033772709,882648006,0.7590878,-0.35280144,-0.5309372
1747033772726,882664673,0.25714663,-0.79334855,-0.30620575
1747033772743,882681340,-0.30627885,-1.0635891,0.36721325
1747033772759,882698007,-0.64227176,-1.0054194,0.8477793
1747033772776,882714674,-0.54357386,-0.760019,1.0074301
1747033772793,882731341,-0.27729407,-0.4264791,1.0186682
1747033772809,882748008,-0.25413325,-0.22845761,1.287077
1747033772826,882764675,-0.051690876,-0.0737329,1.8715477
1747033772843,882781342,0.14751503,0.254131,2.270567
1747033772859,882798009,0.2279022,0.43669325,2.3336182
1747033772876,882814676,0.33948255,0.364206,2.0269165
1747033772893,882831343,0.60042024,-0.026470974,2.0077953
1747033772909,882848010,1.0841867,-0.47452393,2.7455492
1747033772926,882864677,1.5394456,-0.41387415,3.5563354
1747033772943,882881344,1.7803751,-0.25340647,3.9920883
1747033772959,882898011,2.0288906,-0.27802843,4.225458
1747033772976,882914678,1.9789743,-0.30998912,3.8995104
1747033772993,882931345,1.5148219,-0.35093254,3.1956644
1747033773009,882948012,1.0999972,-0.42631996,2.3112278
1747033773026,882964679,0.65332544,-0.28890157,1.7037592
1747033773043,882981346,0.07095579,-0.12689881,1.5093775
1747033773059,882998013,-0.54735017,-0.069063716,1.6399479
1747033773076,883014680,-0.9266562,0.052661106,1.8369179
1747033773093,883031347,-1.0271934,0.105956204,2.0162067
1747033773109,883048014,-1.0803678,0.061545745,2.0393648
1747033773126,883064681,-0.8993021,-0.01004769,1.6023169
1747033773143,883081348,-0.49975592,-0.09618198,0.84320736
1747033773159,883098015,-0.014258506,-0.45548874,-0.06297016
1747033773176,883114682,0.017566834,-0.57847434,-0.8697195
1747033773193,883131349,-0.40201178,-0.3926251,-1.2924595
1747033773209,883148016,-0.92462707,-0.41704172,-1.5118027
1747033773226,883164683,-0.73329496,-0.8125056,-1.3719425
1747033773243,883181350,1.0671959,-0.20986034,-1.1771746
1747033773259,883198017,0.6563791,-1.4900696,-0.025314331
1747033773276,883214684,1.0880065,-1.3639739,-2.2479882
1747033773293,883231351,1.1525996,0.20644914,-1.2427788
1747033773309,883248018,0.94560015,-0.019874996,-1.3497839
1747033773326,883264685,0.17043945,0.16882056,-1.4774628
1747033773343,883281352,-0.48819047,0.7168197,-1.9617138
1747033773359,883298019,-0.7484877,1.037744,-2.4484859
1747033773376,883314686,-0.8074827,0.77873147,-2.770618
1747033773393,883331353,-0.7376014,0.63117665,-3.222075
1747033773409,883348020,-1.0130689,0.44787428,-3.7757268
1747033773426,883364687,-1.1236022,0.7180372,-4.137267
1747033773443,883381354,-1.285792,1.1580931,-4.2145452
1747033773459,883398021,-1.8325834,1.2595423,-3.4656677
1747033773476,883414688,-2.1071696,1.2403342,-3.4188976
1747033773493,883431355,-1.5687704,0.645043,-2.3147016
1747033773509,883448022,-0.4486075,-0.37958103,-1.4926538
1747033773526,883464689,-0.2630786,-0.25368,-0.10355854
1747033773543,883481356,-0.3931981,0.2963341,0.63161945
1747033773559,883498023,-0.9391716,0.70466125,1.010376
1747033773576,883514690,-0.8527784,0.62954384,1.0517883
1747033773593,883531357,-0.30205458,1.0743362,1.3692112
1747033773609,883548024,-0.07849349,1.5242788,1.3971395
1747033773626,883564691,-0.4293333,1.8992379,1.2478609
1747033773643,883581358,-1.3582742,2.0096564,0.61169624
1747033773659,883598025,-1.6933689,1.5375028,0.017160416
1747033773676,883614692,-1.5701596,1.0726751,-0.1085825
1747033773693,883631359,-1.5979836,-0.14242513,-0.32683945
1747033773709,883648026,-1.7584368,-0.35549673,-0.67343616
1747033773726,883664693,-1.8158067,-0.35546517,-1.4926891
1747033773743,883681360,-2.2730742,0.024291277,-2.1925607
1747033773759,883698027,-2.2688823,0.23892456,-2.433813
1747033773776,883714694,-1.8562982,0.190754,-2.0265632
1747033773793,883731361,-1.4963309,0.05183377,-0.9705334
1747033773809,883748028,-1.4770519,0.5329757,-0.13894176
1747033773826,883764695,-1.5243284,0.69243664,-0.01223278
1747033773843,883781362,-1.3216356,0.41286105,0.0058221817
1747033773859,883798029,-1.2133452,0.5684033,-0.010430336
1747033773876,883814696,-1.2627914,0.7678043,-0.08392906
1747033773893,883831363,-1.2422549,0.8788513,-0.047890663
1747033773909,883848030,-1.426557,0.96971786,-0.030442238
1747033773926,883864697,-1.8718297,0.8500598,-0.15375137
1747033773943,883881364,-2.2760892,0.7345752,-0.24231339
1747033773959,883898031,-2.461015,0.6395336,-0.5236759
1747033773976,883914698,-2.442861,0.71434224,-0.9794855
1747033773993,883931365,-2.4799476,0.70085794,-1.5722857
1747033774009,883948032,-2.4686403,0.5677693,-2.3489308
1747033774026,883964699,-2.621861,0.113753565,-3.2781463
1747033774043,883981366,-2.7577374,-0.084294446,-4.101073
1747033774059,883998033,-2.3080943,0.059532788,-4.5109096
1747033774076,884014700,-1.4157526,-0.08814748,-4.5329924
1747033774093,884031367,-0.30691522,-0.33883688,-3.975307
1747033774109,884048034,0.34412155,0.13175978,-2.7094946
1747033774126,884064701,0.8523628,-0.01962578,-1.4995203
1747033774143,884081368,0.86073303,-0.32391256,-0.96647453
1747033774159,884098035,0.41036996,-0.9884117,-0.37708664
1747033774176,884114702,0.35529944,-1.8659463,1.182189
1747033774193,884131369,1.6228476,-2.2989287,2.1974602
1747033774209,884148036,2.6500478,-2.600126,2.3249712
1747033774226,884164703,1.1801857,-1.918834,1.305665
1747033774243,884181370,-0.09862216,-0.040389743,1.538702
1747033774259,884198037,0.55736667,1.0192724,1.5937672
1747033774276,884214704,1.020673,1.2680814,1.0598545
1747033774293,884231371,1.03967,0.39547727,0.51913834
1747033774309,884248038,1.2593389,-0.0766833,0.30497074
1747033774326,884264705,0.9447732,-0.667952,-0.17506504
1747033774343,884281372,0.7735768,-0.37815458,0.098098755
1747033774359,884298039,0.23184259,0.14287764,0.0012388229
1747033774376,884314706,-0.0066594156,0.7779932,0.053442
1747033774393,884331373,0.42891765,0.5626542,-0.46644402
1747033774409,884348040,0.33246687,0.8798899,-0.5072479
1747033774426,884364707,0.26139024,0.8086338,-0.25511265
1747033774443,884381374,0.5220632,0.17562158,-0.3627081
1747033774459,884398041,0.9233865,-0.46551827,0.40924263
1747033774476,884414708,1.3847318,-1.335809,0.6840143
1747033774493,884431375,1.1815243,-1.618867,0.7950134
1747033774509,884448042,0.89467925,-1.3638587,0.8605261
1747033774526,884464709,0.4779303,-0.55098826,0.392807
1747033774543,884481376,0.08468235,-0.31474563,-0.42992687
1747033774559,884498043,-0.14895962,-0.2168124,-1.0714474
1747033774576,884514710,-0.011668892,-0.19460875,-1.2531204
1747033774593,884531377,-0.13917582,-0.05774393,-1.0159969
1747033774609,884548044,-0.21616179,0.1574485,-0.66793156
1747033774626,884564711,0.14105989,0.23426898,-0.38074493
1747033774643,884581378,0.8254141,-0.017780922,0.11606026
1747033774659,884598045,1.3642534,-0.077375725,1.0699024
1747033774676,884614712,1.119234,0.013080334,2.364563
1747033774693,884631379,0.89350396,0.10109084,3.77028
1747033774709,884648046,0.33186886,0.33513376,4.153222
1747033774726,884664713,-0.164861,0.16489074,3.6786814
1747033774743,884681380,-0.076330304,0.105796896,3.188795
1747033774759,884698047,0.18045543,0.048396066,2.2581139
1747033774776,884714714,-0.546156,0.19761677,1.0071812
1747033774793,884731381,-1.2963996,0.16465479,0.18528366
1747033774809,884748048,-0.6130557,0.06410639,0.99795246
1747033774826,884764715,0.52389854,-0.07869577,1.9978447
1747033774843,884781382,0.95768124,-0.26307228,1.7115078
1747033774859,884798049,0.4974429,0.050020803,0.926527
1747033774876,884814716,0.25726792,-0.6967806,0.78587914
1747033774893,884831383,0.19533062,-0.4118725,0.86286926
1747033774909,884848050,0.18208256,-0.17694888,0.37093163
1747033774926,884864717,0.19350252,-0.05845505,0.11807251
1747033774943,884881384,0.3110123,-0.3640479,0.20606041
1747033774959,884898051,0.3290591,-0.272991,0.22415447
1747033774976,884914718,0.29040053,-0.26894096,0.12971401
1747033774993,884931385,0.36345607,-0.43128628,0.1843462
1747033775009,884948052,0.6133109,-0.440923,0.4385214
1747033775026,884964719,0.8630266,-0.2673219,0.6128912
1747033775043,884981386,1.0950985,-0.13576442,0.56314754
1747033775059,884998053,1.0801452,-0.10907404,0.44312286
1747033775076,885014720,1.1472213,0.032521136,0.3085184
1747033775093,885031387,1.0616994,0.2217712,0.08616924
1747033775109,885048054,0.93800545,0.25764558,-0.016869545
1747033775126,885064721,0.90273,0.2251987,-0.1784668
1747033775143,885081388,1.0496054,0.037375025,-0.2509079
1747033775159,885098055,1.0522107,-0.0793595,-0.107543945
1747033775176,885114722,1.0531428,-0.28381667,0.13573551
1747033775193,885131389,1.098104,-0.62883395,-0.0044813156
1747033775209,885148056,1.0849606,-0.7012662,-0.26277256
1747033775226,885164723,1.068582,-0.653998,-0.7321701
1747033775243,885181390,0.9657334,-0.5675467,-0.9623833
1747033775259,885198057,0.95268965,-0.43286347,-0.85505867
1747033775276,885214724,0.7723657,-0.33982122,-0.34182453
1747033775293,885231391,0.70460963,-0.49377984,0.16339874
1747033775309,885248058,0.5249175,-0.37620303,0.17134666
1747033775326,885264725,0.47937685,-0.23392515,-0.20366478
1747033775343,885281392,0.56537277,-0.026322981,-0.51558876
1747033775359,885298059,0.587282,0.1658996,-0.42868042
1747033775376,885314726,0.40951532,0.13949154,0.019310951
1747033775393,885331393,0.18225068,0.05958724,0.22200203
1747033775409,885348060,0.04946577,-0.029442327,0.09137821
1747033775426,885364727,0.055629224,-0.11645863,-0.34224033
1747033775443,885381394,0.2146461,-0.031246608,-0.78197384
1747033775459,885398061,0.15447973,0.031535737,-0.89522266
1747033775476,885414728,-0.16160135,-0.076331295,-0.44809055
1747033775493,885431395,-0.54760695,-0.1952284,-0.2650652
1747033775509,885448062,-0.2753443,-0.23631755,-0.65839005
1747033775526,885464729,0.26704738,-0.075517006,-1.23806
1747033775543,885481396,0.70877117,0.077604525,-1.0869246
1747033775559,885498063,0.7244195,0.13096957,-0.25510025
1747033775576,885514730,0.7755479,0.038589064,0.36406708
1747033775593,885531397,0.8963214,-0.0010211469,0.32176113
1747033775609,885548064,0.90921,-0.061039962,0.0045928955
1747033775626,885564731,0.7633801,-0.15171729,-0.18204689
1747033775643,885581398,0.48833078,-0.30285597,-0.16342545
1747033775659,885598065,0.34280825,-0.3970115,-0.15091324
1747033775676,885614732,0.47518307,-0.46121424,-0.41825676
1747033775693,885631399,0.5592935,-0.47544843,-0.8627882
1747033775709,885648066,0.5120789,-0.33706266,-1.1032724
1747033775726,885664733,0.3253572,-0.26032385,-0.97031116
1747033775743,885681400,0.21902566,-0.25488758,-0.92622566
1747033775759,885698067,0.15735371,-0.28064477,-0.8525562
1747033775776,885714734,0.15603825,-0.23215543,-0.6533623
1747033775793,885731401,0.14077756,-0.20637296,-0.32719898
1747033775809,885748068,0.16443945,-0.14107247,-0.023656845
1747033775826,885764735,0.28857902,-0.072189346,0.17106915
1747033775843,885781402,0.45219857,-0.053233158,0.20067787
1747033775859,885798069,0.58570856,-0.10611792,0.15571213
1747033775876,885814736,0.6763061,-0.21444143,0.065294266
1747033775893,885831403,0.68381417,-0.23282814,-0.07234955
1747033775909,885848070,0.6013603,-0.2693871,-0.18633652
1747033775926,885864737,0.47899228,-0.34583014,-0.30973434
1747033775943,885881404,0.32662547,-0.3150893,-0.48212433
1747033775959,885898071,0.15008676,-0.3049113,-0.5987301
1747033775976,885914738,0.15913686,-0.2934664,-0.6619482
1747033775993,885931405,0.15076144,-0.2937996,-0.685936
1747033776009,885948072,0.29754245,-0.22954747,-0.64101505
1747033776026,885964739,0.4845952,-0.060189914,-0.553319
1747033776043,885981406,0.597614,0.0833571,-0.37116718
1747033776059,885998073,0.8019375,0.1171961,-0.39402676
1747033776076,886014740,0.95807284,0.060612943,-0.7078552
1747033776093,886031407,1.006729,-0.18162979,-1.0054588
1747033776109,886048074,0.9388192,-0.37686124,-0.9977217
1747033776126,886064741,0.85150737,-0.5471644,-0.5828495
1747033776143,886081408,0.9589764,-0.8527155,-0.07278538
1747033776159,886098075,1.3870175,-0.96810335,0.6141367
1747033776176,886114742,2.093619,-0.838382,1.3071108
1747033776193,886131409,2.409336,-0.2597232,1.9746284
1747033776209,886148076,2.5752475,0.25310457,2.221653
1747033776226,886164743,2.2189748,0.10920413,2.378172
1747033776243,886181410,1.5982797,-0.78106403,2.8627357
1747033776259,886198077,0.770414,-1.4561436,3.289463
1747033776276,886214744,0.24659827,-0.6537018,3.5352402
1747033776293,886231411,0.20588809,0.40186328,3.6378574
1747033776309,886248078,0.5286028,0.56078035,3.6052198
1747033776326,886264745,0.73158896,0.1582724,3.2302237
1747033776343,886281412,0.93220013,-0.021252422,3.1562824
1747033776359,886298079,1.0705218,0.070807256,2.8935852
1747033776376,886314746,0.9838635,0.16199887,2.442708
1747033776393,886331413,0.9924894,0.04866961,2.0502253
1747033776409,886348080,0.5782707,0.16240932,1.6206284
1747033776426,886364747,0.17754543,0.10133871,1.3064928
1747033776443,886381414,-0.27948943,0.007424451,1.232357
1747033776459,886398081,-0.14780958,-0.037197586,1.5728588
1747033776476,886414748,0.18186055,0.033117313,1.5419683
1747033776493,886431415,0.3843747,0.06822744,1.4454517
1747033776509,886448082,0.17691258,0.06810682,1.3481045
1747033776526,886464749,0.009470264,0.019783959,1.4289494
1747033776543,886481416,0.29712477,-0.11966725,1.3706169
1747033776559,886498083,0.6815169,-0.21587025,1.0106516
1747033776576,886514750,0.74550915,-0.2124876,0.7673464
1747033776593,886531417,0.7886343,-0.35276827,0.47826767
1747033776609,886548084,0.67461526,-0.4260926,0.025741577
1747033776626,886564751,0.55423766,-0.3943756,-0.402977
1747033776643,886581418,0.3805731,-0.36523336,-1.1160135
1747033776659,886598085,1.4347808,-0.5138621,-0.89255524
1747033776676,886614752,1.7587143,-0.71803576,-0.68623734
1747033776693,886631419,1.6282699,-0.5916065,-0.6006403
1747033776709,886648086,1.3601165,-0.4439398,-0.7226877
1747033776726,886664753,1.1662776,-0.02038373,-0.66999054
1747033776743,886681420,0.9114379,0.26969376,-1.1492224
1747033776759,886698087,0.96014273,0.116796985,-1.3456354
1747033776776,886714754,0.63190675,0.33603603,-1.8393207
1747033776793,886731421,0.35299373,0.55854493,-2.195953
1747033776809,886748088,0.27363613,0.35152864,-2.8840337
1747033776826,886764755,-0.18183579,0.34824374,-2.6318579
1747033776843,886781422,-0.7426316,0.44664308,-3.231738
1747033776859,886798089,-1.2553675,-0.05217625,-3.3478794
1747033776876,886814756,-1.8924648,0.24493454,-2.8991394
1747033776893,886831423,-1.4606953,-0.028041096,-3.1359563
1747033776909,886848090,-1.1285762,0.18519935,-2.8337922
1747033776926,886864757,-1.1470201,0.0749734,-2.495624
1747033776943,886881424,-1.084997,0.07239752,-1.8773279
1747033776959,886898091,-1.316751,0.5172892,-1.0693007
1747033776976,886914758,-1.3949208,0.7438056,-0.76462936
1747033776993,886931425,-1.5850481,0.82269454,-0.095041275
1747033777009,886948092,-1.3915662,0.90919006,0.49416733
1747033777026,886964759,-1.3734367,0.71279293,0.6275768
1747033777043,886981426,-1.388805,0.5082396,0.43901634
1747033777059,886998093,-1.5451521,0.5125752,0.20912647
1747033777076,887014760,-1.7255281,0.6317092,-0.19001198
1747033777093,887031427,-2.1839254,0.7749351,-0.65304565
1747033777109,887048094,-2.3469698,0.6444832,-1.2058849
1747033777126,887064761,-2.2899208,-0.026147552,-1.5222092
1747033777143,887081428,-1.813767,-0.43218315,-1.8720369
1747033777159,887098095,-2.0092943,-0.47638005,-1.6952991
1747033777176,887114762,-1.7608033,-0.09113053,-1.0040464
1747033777193,887131429,-1.2617152,0.33136222,-0.3571539
1747033777209,887148096,-1.0314178,0.38862512,0.31749916
1747033777226,887164763,-0.9349349,-0.02513448,0.6196556
1747033777243,887181430,-0.70241505,-0.37137538,0.7460222
1747033777259,887198097,-0.62538433,-0.47069883,0.6649933
1747033777276,887214764,-0.5250346,-0.35641515,0.24820709
1747033777293,887231431,-0.40578666,-0.15157221,-0.09703922
1747033777309,887248098,-0.19127274,0.10194029,-0.10597134
1747033777326,887264765,0.11375787,-0.07071031,0.090120316
1747033777343,887281432,0.21823905,-0.24293014,0.10926247
1747033777359,887298099,0.27631688,-0.31385568,0.11130905
1747033777376,887314766,0.47677436,-0.07196135,0.10201454
1747033777393,887331433,0.648378,-0.023423264,0.29879856
1747033777409,887348100,0.65085065,-0.011780285,0.69382
1747033777426,887364767,0.5307867,0.3050058,0.7065077
1747033777443,887381434,0.4014951,0.30775756,0.32606506
1747033777459,887398101,0.077857934,0.42655563,-0.24145508
1747033777476,887414768,0.010436583,0.41018236,-0.54830074
1747033777493,887431435,0.13375002,0.21326283,-0.28504848
1747033777509,887448102,0.38087854,0.023957083,0.31609535
1747033777526,887464769,0.59073293,-0.2197576,0.7041187
1747033777543,887481436,0.34393078,-0.16519473,0.69758034
1747033777559,887498103,0.02446165,0.18289177,0.40173435
1747033777576,887514770,-0.038316157,0.22750181,0.1701212
1747033777593,887531437,-0.19426793,0.21739534,0.21329117
1747033777609,887548104,-0.32601288,0.14889435,0.41243935
1747033777626,887564771,-0.3086835,0.10472166,0.48108864
1747033777643,887581438,-0.583649,0.19292548,0.11276245
1747033777659,887598105,-0.99860704,0.24795058,-0.6319933
1747033777676,887614772,-1.4687341,0.30384004,-1.2464943
1747033777693,887631439,-1.7960869,0.31533983,-1.4238214
1747033777709,887648106,-1.5623662,0.29015636,-0.98201656
1747033777726,887664773,-1.0312232,0.38387737,-0.7383499
1747033777743,887681440,-0.9819324,0.7268859,-0.9602299
1747033777759,887698107,-1.6517888,0.7757438,-1.9126186
1747033777776,887714774,-2.4940565,0.71065855,-2.7561827
1747033777793,887731441,-2.5730588,0.5525566,-2.9979234
1747033777809,887748108,-1.8291991,0.47440568,-2.4402142
1747033777826,887764775,-0.79308665,0.5333821,-2.1299067
1747033777843,887781442,0.16479401,0.65995806,-2.2009888
1747033777859,887798109,-0.55519617,0.7340602,-2.2756414
1747033777876,887814776,-1.6615406,0.3926976,-2.521885
1747033777893,887831443,-1.7972515,-0.28279206,-2.4046412
1747033777909,887848110,-0.6963965,-1.0642842,-2.2964182
1747033777926,887864777,0.26854527,-1.1277189,-1.8083878
1747033777943,887881444,0.91229796,-0.7713748,-0.9855337
1747033777959,887898111,0.8698497,-0.3972129,0.30610085
1747033777976,887914778,0.15704031,-0.43253502,1.2504101
1747033777993,887931445,0.12680231,-0.735128,1.2350025
1747033778009,887948112,0.5674962,-0.51663214,0.9322367
1747033778026,887964779,1.0655861,0.3694838,0.015154839
1747033778043,887981446,1.676573,-0.06402515,0.07504082
1747033778059,887998113,2.091706,0.18315141,1.4736357
1747033778076,888014780,2.3384955,-0.09061646,1.9432459
1747033778093,888031447,2.0895345,-1.0621074,0.4918127
1747033778109,888048114,0.82548445,0.09841485,-0.07628727
1747033778126,888064781,0.5202728,0.51156807,-0.46083736
1747033778143,888081448,0.6992783,0.6923101,-0.42099
1747033778159,888098115,0.8166292,0.62578696,-0.019156456
1747033778176,888114782,0.7384332,0.078089476,0.04264164
1747033778193,888131449,0.4120357,-0.5276307,-0.2220335
1747033778209,888148116,0.36362714,-0.6868839,-0.07516575
1747033778226,888164783,0.39996484,-0.42180747,0.27776337
1747033778243,888181450,0.38834247,-0.19428906,0.54975414
1747033778259,888198117,0.24142006,-0.19306234,0.65303516
1747033778276,888214784,0.11215197,-0.3472916,0.81117153
1747033778293,888231451,-0.08556428,-0.2784542,0.62020206
1747033778309,888248118,-0.04977342,-0.15906096,0.16089344
1747033778326,888264785,0.4126191,-0.015039852,0.19867897
1747033778343,888281452,0.77302605,-0.11215509,0.4027424
1747033778359,888298119,0.67315865,-0.15806781,0.65709114
1747033778376,888314786,0.7609855,0.020606497,1.1211233
1747033778393,888331453,0.75349414,0.17685692,1.9920216
1747033778409,888348120,0.19023998,0.2923366,2.4095688
1747033778426,888364787,-0.38006744,0.29667142,2.662219
1747033778443,888381454,0.29139253,-0.06769319,2.3450727
1747033778459,888398121,0.3954039,-0.3170177,1.7957144
1747033778476,888414788,-0.5792708,-0.41984153,0.5151739
1747033778493,888431455,-0.86981755,-0.2783221,-0.5505724
1747033778509,888448122,0.33667925,-0.48905814,0.34125137
1747033778526,888464789,1.2760656,-0.29911956,2.2781038
1747033778543,888481456,0.46679732,-0.48744163,2.2975187
1747033778559,888498123,-0.57296854,-0.3442194,2.0798159
1747033778576,888514790,-1.069528,-0.0027487623,1.4435911
1747033778593,888531457,-0.35430968,0.121162236,1.8119631
1747033778609,888548124,0.27191564,0.32922876,1.9489794
1747033778626,888564791,0.45916724,0.3140077,1.8238611
1747033778643,888581458,0.46492517,0.12186457,1.4353256
1747033778659,888598125,0.6064744,-0.10652784,1.0609541
1747033778676,888614792,0.882765,-0.22870623,0.84978867
1747033778693,888631459,1.1222306,-0.33439264,0.63019466
1747033778709,888648126,1.3914499,-0.5314437,0.44848347
1747033778726,888664793,1.5462961,-0.6353898,0.18533516
1747033778743,888681460,1.5047283,-0.6047599,-0.21055031
1747033778759,888698127,1.4162494,-0.5852728,-0.52431583
1747033778776,888714794,1.218208,-0.32187748,-0.7298107
1747033778793,888731461,1.3132005,-0.22661185,-0.7629852
1747033778809,888748128,1.4863591,-0.24045132,-0.6069908
1747033778826,888764795,1.5755473,-0.05899507,-0.3258686
1747033778843,888781462,1.6121347,-0.30751213,-0.2771988
1747033778859,888798129,1.4553293,-0.0075417184,-0.4035473
1747033778876,888814796,1.3866612,0.14584304,-0.5423269
1747033778893,888831463,1.2626741,0.38320547,-0.6031885
1747033778909,888848130,1.1220206,0.2573699,-0.4666853
1747033778926,888864797,0.7436759,0.32913065,-0.3767872
1747033778943,888881464,0.5224484,0.16809973,-0.40143776
1747033778959,888898131,0.31165898,0.02417058,-0.5555229
1747033778976,888914798,0.13050254,-0.010450348,-0.55312634
1747033778993,888931465,0.033044994,0.04641861,-0.45056725
1747033779009,888948132,-0.073573254,0.070550464,-0.34705925
1747033779026,888964799,-0.17920308,0.087707765,-0.12002754
1747033779043,888981466,-0.2985479,0.08499929,0.18287182
1747033779059,888998133,-0.42506188,0.13620064,0.4253769
1747033779076,889014800,-0.5415418,0.19092432,0.51518345
1747033779093,889031467,-0.46054268,0.1395397,0.6453886
1747033779109,889048134,-0.31615686,0.0072363997,0.36380863
1747033779126,889064801,-0.027122794,-0.022858279,-0.45009327
1747033779143,889081468,0.34423527,-0.1458203,-1.5472765
1747033779159,889098135,0.45737252,-0.29696345,-2.3480787
1747033779176,889114802,0.338407,-0.2506029,-2.2575173
1747033779193,889131469,0.3865172,-0.45439318,-1.3378439
1747033779209,889148136,0.22218339,-0.33164635,-0.24860477
1747033779226,889164803,0.24069951,-0.1669639,0.5831299
1747033779243,889181470,0.44642892,-0.05489875,0.83823013
1747033779259,889198137,0.79405665,-0.031950787,0.5153036
1747033779276,889214804,0.95542276,-0.060215954,0.20562267
1747033779293,889231471,0.9505152,-0.15740459,0.103710175
1747033779309,889248138,0.8129355,-0.31490555,0.20387363
1747033779326,889264805,0.5916636,-0.41728845,0.05404663
1747033779343,889281472,0.32572612,-0.40423715,-0.32599163
1747033779359,889298139,0.08435429,-0.39193934,-0.7040615
1747033779376,889314806,-0.0009630335,-0.35333776,-1.0016222
1747033779393,889331473,-0.09187537,-0.22525294,-1.2031822
1747033779409,889348140,-0.2702011,-0.076663435,-1.1281147
1747033779426,889364807,-0.19181482,0.01231562,-0.8677349
1747033779443,889381474,0.015549797,0.07490422,-0.6606779
1747033779459,889398141,0.10576946,0.1553425,-0.44915867
1747033779476,889414808,0.15737559,0.22590868,-0.21493816
1747033779493,889431475,0.18383639,0.20334862,-0.008550644
1747033779509,889448142,0.38561907,0.14253561,-0.2069788
1747033779526,889464809,0.53650206,0.09791013,-0.51850414
1747033779543,889481476,0.6505835,0.030740464,-0.36551952
1747033779559,889498143,0.74655026,-0.018236088,-0.05628681
1747033779576,889514810,0.89957595,0.04044562,-0.13950348
1747033779593,889531477,0.79386336,0.2329756,-0.27401352
1747033779609,889548144,0.82176226,0.2171434,-0.22493649
1747033779626,889564811,0.7511876,0.18827228,-0.0044460297
1747033779643,889581478,0.71304655,-0.034348074,0.14277077
1747033779659,889598145,0.8320186,-0.26503244,0.119745255
1747033779676,889614812,0.87240314,-0.42682084,-0.12918091
1747033779693,889631479,0.855037,-0.46315917,-0.22287369
1747033779709,889648146,0.96434283,-0.41809362,-0.23752403
1747033779726,889664813,1.1406206,-0.4467466,-0.18415451
1747033779743,889681480,1.1358708,-0.5710097,-0.24723339
1747033779759,889698147,0.8689838,-0.6627371,-0.50691795
1747033779776,889714814,0.79298174,-0.64682037,-0.85761833
1747033779793,889731481,0.51918393,-0.56531686,-0.6992216
1747033779809,889748148,0.2813509,-0.4010916,-0.38798904
1747033779826,889764815,0.6047719,-0.32578814,-0.5882549
1747033779843,889781482,1.352148,0.06417169,-0.97776604
1747033779859,889798149,2.023456,0.5040247,-0.026597977
1747033779876,889814816,1.3494362,0.71173954,1.9035501
1747033779893,889831483,-0.56255794,0.6940539,3.505021
1747033779909,889848150,-2.1656039,-0.28861699,5.2893934
1747033779926,889864817,-2.2765017,-1.0999331,5.663368
1747033779943,889881484,-0.57141936,-0.5179777,4.8262625
1747033779959,889898151,0.54961914,-0.30788073,3.8588152
1747033779976,889914818,1.3646152,-0.17898001,3.5122128
1747033779993,889931485,1.9317769,-0.17131977,4.1672525
1747033780009,889948152,2.0927851,-0.34603482,4.3554153
1747033780026,889964819,2.2022965,-0.3077191,3.8128042
1747033780043,889981486,2.0963776,0.33250314,3.2180128
1747033780059,889998153,1.9750749,0.18604045,2.7767305
1747033780076,890014820,1.2825596,0.40283093,2.244648
1747033780093,890031487,0.66252625,0.36386025,1.7589035
1747033780109,890048154,-0.02922974,0.36913478,1.649086
1747033780126,890064821,-0.41358408,0.6314712,1.975975
1747033780143,890081488,-0.64196783,0.43878204,1.9233332
1747033780159,890098155,-0.55636925,0.27418393,1.5641928
1747033780176,890114822,-0.27843812,0.0064403024,1.0600367
1747033780193,890131489,-0.07605657,-0.36038032,0.5107012
1747033780209,890148156,0.40041766,-1.0451065,-0.37444305
1747033780226,890164823,0.6501711,-0.6500598,-0.894145
1747033780243,890181490,0.76287585,-0.57603705,-1.4537115
1747033780259,890198157,0.66493213,-0.66659397,-1.7640543
1747033780276,890214824,0.595027,-0.7756087,-1.5924988
1747033780293,890231491,0.7379429,-0.92722136,-1.1638498
1747033780309,890248158,0.688992,-0.4569596,-0.99406433
1747033780326,890264825,1.132127,-0.08688228,-1.2937984
1747033780343,890281492,1.6125046,0.20242065,-1.0465317
1747033780359,890298159,1.8396527,0.113722384,-0.90483
1747033780376,890314826,1.3813968,0.83431375,-0.54250145
1747033780393,890331493,0.6422821,1.5881177,-0.37724113
1747033780409,890348160,0.28550518,1.321347,-1.5332651
1747033780426,890364827,-0.30519915,1.2588836,-1.5598917
1747033780443,890381494,-0.7184881,1.2108225,-1.8540144
1747033780459,890398161,-0.507463,0.86286235,-2.9820395
1747033780476,890414828,-0.53550154,0.66153497,-3.089736
1747033780493,890431495,-0.5544499,0.21042556,-3.0003734
1747033780509,890448162,-0.9248994,-0.23065077,-3.120841
1747033780526,890464829,-1.1659294,-0.27851933,-2.8518982
1747033780543,890481496,-0.9804929,-0.35107654,-2.5876093
1747033780560,890498163,-1.0177603,-0.42336616,-2.196135
1747033780576,890514830,-1.2509396,-0.31798697,-1.7842531
1747033780593,890531497,-1.1466463,-0.25484625,-1.4271603
1747033780610,890548164,-1.2716457,-0.09436305,-1.2695236
1747033780626,890564831,-1.3910245,0.29142216,-1.1574392
1747033780643,890581498,-1.1354975,0.3337384,-0.7275553
1747033780660,890598165,-1.0300183,0.30727524,-0.42205715
1747033780676,890614832,-0.77407026,0.06962813,0.21893787
1747033780693,890631499,-0.5950847,0.032053042,0.7945528
1747033780710,890648166,-1.0022969,0.01975646,0.55219936
1747033780726,890664833,-1.688969,0.1130727,-0.090343475
1747033780743,890681500,-1.6340634,-0.15949471,-1.0275221
1747033780760,890698167,-1.5129019,-0.40862796,-1.5852146
1747033780776,890714834,-1.4711767,-0.33353147,-1.8761363
1747033780793,890731501,-1.4585125,-0.15760407,-1.7722187
1747033780810,890748168,-1.3270876,-0.16052425,-1.4491501
1747033780826,890764835,-0.61055684,-0.38057965,-0.84662914
1747033780843,890781502,-0.18496585,-0.33208415,0.14619255
1747033780860,890798169,-0.5029748,-0.14833729,0.94734955
1747033780876,890814836,-0.82188344,-0.24717988,0.9617586
1747033780893,890831503,-0.7558975,-0.36748978,0.6262083
1747033780910,890848170,-0.65681046,-0.00035041943,0.46074104
1747033780926,890864837,-0.5167158,0.15668613,0.43949795
1747033780943,890881504,-0.541643,0.2102632,0.45244503
1747033780960,890898171,-0.69991,0.33708832,0.4694996
1747033780976,890914838,-0.68100876,0.18483697,0.41759586
1747033780993,890931505,-0.69510645,0.1711311,0.24620533
1747033781010,890948172,-0.69385415,0.25556597,-0.03764057
1747033781026,890964839,-0.66134065,0.18953593,-0.2307539
1747033781043,890981506,-0.71231276,0.14263915,-0.15460873
1747033781060,890998173,-0.7660608,-0.016133187,0.0036258698
1747033781076,891014840,-0.8854413,-0.11119568,0.10070133
1747033781093,891031507,-1.1036566,-0.14597023,0.17881393
1747033781110,891048174,-1.2402574,-0.25451353,0.20131779
1747033781126,891064841,-1.1848413,-0.1295645,0.22523308
1747033781143,891081508,-1.2697107,-0.02383457,0.4136715
1747033781160,891098175,-1.3856713,-0.05560529,0.4280672
1747033781176,891114842,-1.4988362,0.14742413,0.17597198
1747033781193,891131509,-1.7462668,0.4166411,-0.22925472
1747033781210,891148176,-1.8736879,0.4630028,-0.79103374
1747033781226,891164843,-1.8664361,0.4482272,-1.2582655
1747033781243,891181510,-1.7049114,0.4484676,-1.3258333
1747033781260,891198177,-1.5730804,0.41764796,-1.219552
1747033781276,891214844,-1.6391948,0.46158335,-1.2128067
1747033781293,891231511,-1.9136665,0.29387167,-1.679225
1747033781310,891248178,-1.818926,0.20248762,-1.7306852
1747033781326,891264845,-1.7190775,0.15115573,-1.6979294
1747033781343,891281512,-1.453719,0.14990263,-1.3702078
1747033781360,891298179,-0.8016131,-0.010351011,-1.2529306
1747033781376,891314846,-0.48678127,-0.12978718,-1.2168083
1747033781393,891331513,-0.7180171,-0.08169167,-1.4293394
1747033781410,891348180,-1.0309454,-0.1459663,-1.6330013
1747033781426,891364847,-1.2376844,-0.2129729,-1.6562557
1747033781443,891381514,-1.0293957,-0.21020211,-1.3766212
1747033781460,891398181,-0.42224348,-0.39161432,-1.4664297
1747033781476,891414848,0.14481594,-0.49141234,-1.3338127
1747033781493,891431515,0.784065,0.012236049,-1.4625034
1747033781510,891448182,0.7486677,0.5184126,-1.2893248
1747033781526,891464849,0.51852757,0.29555586,-1.1412897
1747033781543,891481516,0.6419907,0.096787475,-1.1236868
1747033781560,891498183,0.6556968,-0.1956074,-0.6475382
1747033781576,891514850,1.0875974,0.77583456,-0.13392448
1747033781593,891531517,1.1773998,1.0111525,1.0584593
1747033781610,891548184,1.0275795,1.5956162,1.4316626
1747033781626,891564851,0.44529,0.52131206,0.32166862
1747033781643,891581518,0.23956694,0.13072746,-0.8971901
1747033781660,891598185,0.6822191,-0.5421619,-1.8874216
1747033781676,891614852,0.47947106,0.19636217,-0.43636227
1747033781693,891631519,0.45451736,0.3767949,-0.50509644
1747033781710,891648186,0.35766134,0.28223792,-0.12784386
1747033781726,891664853,0.42367613,-0.09935464,0.05825138
1747033781743,891681520,0.90857214,-0.10126825,0.6637726
1747033781760,891698187,0.96562964,-0.4915971,0.6723528
1747033781776,891714854,0.8434586,-0.7911431,0.799283
1747033781793,891731521,0.8547276,-0.5861182,1.2606764
1747033781810,891748188,0.663846,-0.3693309,1.3939676
1747033781826,891764855,0.27772644,0.050196175,0.8678894
1747033781843,891781522,0.2639044,0.314359,0.20726013
1747033781860,891798189,0.5026524,0.27450946,-0.0026683807
1747033781876,891814856,0.62765145,-0.028417157,0.1881876
1747033781893,891831523,0.4420891,-0.5944724,0.51004124
1747033781910,891848190,0.29456288,-0.6078092,1.0061655
1747033781926,891864857,0.6200073,-0.24739437,1.4268408
1747033781943,891881524,0.6452565,0.07226582,1.4531202
1747033781960,891898191,0.7928762,0.043224834,2.0347528
1747033781976,891914858,0.20649406,0.21338408,2.7158747
1747033781993,891931525,-0.9550913,0.29280794,2.2691088
1747033782010,891948192,-0.39558977,-0.103175595,1.9677658
1747033782026,891964859,0.39162523,-0.4120154,1.4729872
1747033782043,891981526,0.115849696,-0.26376513,-0.5749874
1747033782060,891998193,0.029955793,0.053858854,-0.8803587
1747033782076,892014860,0.6812671,-0.34095046,1.4298868
1747033782093,892031527,1.2793328,-0.083430454,2.6662807
1747033782110,892048194,1.3170774,0.14731963,2.8201866
1747033782126,892064861,0.59564275,0.564719,3.1686544
1747033782143,892081528,-0.21636204,0.99615467,3.4675436
1747033782160,892098195,-0.63931525,1.596404,3.1002884
1747033782176,892114862,-0.45016178,1.411514,2.0606937
1747033782193,892131529,0.06386329,0.89727646,1.5767717
1747033782210,892148196,0.2934387,0.62775624,1.4748917
1747033782226,892164863,0.5231441,0.2862327,1.3112125
1747033782243,892181530,0.83690053,-0.17933361,0.99836445
1747033782260,892198197,1.1543068,-0.63194454,0.76936626
1747033782276,892214864,1.2305124,-0.7093693,0.3672228
1747033782293,892231531,1.2699841,-0.8203878,-0.1666584
1747033782310,892248198,1.0774708,-0.8314549,-0.6512842
1747033782326,892264865,0.92203116,-0.67157924,-0.7034855
1747033782343,892281532,0.9525295,-0.6593295,-0.6867914
1747033782360,892298199,1.103267,-0.54824716,-0.6768875
1747033782376,892314866,1.3558877,-0.6014041,-0.72322273
1747033782393,892331533,1.5580738,-0.5728675,-0.82685184
1747033782410,892348200,1.7237216,-0.44620898,-0.7465048
1747033782426,892364867,1.5083961,-0.31386572,-0.66146564
1747033782443,892381534,1.2228638,-0.30116025,-0.61785984
1747033782460,892398201,0.7910615,-0.23685606,-0.5483446
1747033782476,892414868,0.49252293,-0.41184732,-0.35613346
1747033782493,892431535,0.16472587,-0.4933621,-0.18322563
1747033782510,892448202,-0.056425873,-0.5175482,-0.4402628
1747033782526,892464869,-0.15234652,-0.43704444,-0.60983944
1747033782543,892481536,-0.31825525,-0.4064801,-0.52446747
1747033782560,892498203,-0.5611197,-0.18673787,-0.027751923
1747033782576,892514870,-0.80806047,-0.090712674,0.72367764
1747033782593,892531537,-0.8886244,-0.080830164,0.88465595
1747033782610,892548204,-0.8213838,-0.13690051,0.28150368
1747033782626,892564871,-0.88288957,0.14343731,-0.39656353
1747033782643,892581538,-0.4127729,0.14438267,-0.9553089
1747033782660,892598205,0.07689807,0.18561482,-1.156909
1747033782676,892614872,0.23959264,0.14728521,-1.2522907
1747033782693,892631539,0.3440753,0.2364229,-1.1831465
1747033782710,892648206,0.44641545,0.31593886,-1.0435839
1747033782726,892664873,0.5078596,0.40746763,-0.73143864
1747033782743,892681540,0.4513465,0.36338407,-0.2710495
1747033782760,892698207,0.44933525,0.36126214,0.09644985
1747033782776,892714874,0.5368507,0.33586198,0.23403645
1747033782793,892731541,0.7908352,0.112570845,0.13016224
1747033782810,892748208,0.8562385,-0.20138395,0.1537466
1747033782826,892764875,0.70405656,-0.39172035,0.0991869
1747033782843,892781542,0.42770183,-0.45912132,-0.079779625
1747033782860,892798209,0.2512752,-0.5040083,-0.29988384
1747033782876,892814876,0.10263402,-0.49462327,-0.48312187
1747033782893,892831543,0.052534875,-0.4172908,-0.64972305
1747033782910,892848210,0.06202412,-0.32230243,-0.6753645
1747033782926,892864877,0.13444589,-0.22697428,-0.6842928
1747033782943,892881544,0.10953783,-0.103122845,-0.7223129
1747033782960,892898211,0.093635276,-0.016327119,-0.6599865
1747033782976,892914878,0.07620339,0.013698047,-0.5640955
1747033782993,892931545,0.058557097,0.036478322,-0.4991026
1747033783010,892948212,0.10926118,0.08786708,-0.46230888
1747033783026,892964879,0.16475989,0.18243486,-0.38529015
1747033783043,892981546,0.18450257,0.23831157,-0.30559826
1747033783060,892998213,0.24842526,0.25840226,-0.22507381
1747033783076,893014880,0.37106225,0.10713272,-0.17563629
1747033783093,893031547,0.44221926,-0.021930533,-0.115202904
1747033783110,893048214,0.55684066,-0.16860633,-0.1002779
1747033783126,893064881,0.5631301,-0.24957071,-0.23619175
1747033783143,893081548,0.47077668,-0.29073644,-0.45219135
1747033783160,893098215,0.20197536,-0.25444156,-0.57198334
1747033783176,893114882,0.1571955,-0.16482416,-0.56148434
1747033783193,893131549,0.31307974,-0.21797481,-0.19555569
1747033783210,893148216,0.3198387,-0.22862972,0.117298126
1747033783226,893164883,0.4584885,-0.1247931,0.1386919
1747033783243,893181550,0.7117911,-0.04463688,-0.0020713806
1747033783260,893198217,0.97068703,-0.15139952,-0.019089699
1747033783276,893214884,1.2143005,-0.20062523,0.12198639
1747033783293,893231551,1.3081018,-0.4185518,0.14157295
1747033783310,893248218,1.3476573,-0.6448336,0.22834873
1747033783326,893264885,1.4814032,-0.6911578,0.19686699
1747033783343,893281552,1.4233955,-0.49497324,0.13352776
1747033783360,893298219,1.0004045,0.010519526,-0.17711926
1747033783376,893314886,0.6266239,0.3239789,0.07545757
1747033783393,893331553,0.3670238,0.27448398,0.92275524
1747033783410,893348220,-0.090801135,0.18312998,0.88969135
1747033783426,893364887,-0.96691036,0.072341196,1.6939545
1747033783443,893381554,-1.3745453,0.13752942,4.068734
1747033783460,893398221,-1.9635193,0.7138976,5.9247675
1747033783476,893414888,-1.5744715,0.66081595,5.515647
1747033783493,893431555,-0.094113536,-0.2668585,4.2819824
1747033783510,893448222,1.2217414,-0.28166065,3.5302067
1747033783526,893464889,1.8136446,0.086349316,3.6045065
1747033783543,893481556,1.7035466,0.113047265,3.8073053
1747033783560,893498223,1.7054354,-0.04388308,3.9406052
1747033783576,893514890,1.8078973,-0.3360516,3.47894
1747033783593,893531557,1.7894046,-0.1991382,2.8096924
1747033783610,893548224,1.3736631,0.11387661,1.9884901
1747033783626,893564891,0.43075144,0.31218776,1.4095516
1747033783643,893581558,-0.28549471,0.6820399,0.90539455
1747033783660,893598225,-0.28737152,0.5607424,0.75478077
1747033783676,893614892,-0.10753415,0.49444988,0.70014954
1747033783693,893631559,0.26642367,0.008140453,0.8206749
1747033783710,893648226,0.23752144,-0.248706,0.780509
1747033783726,893664893,0.32584152,-0.24786179,0.5321617
1747033783743,893681560,0.09076962,-0.124005325,0.03137684
1747033783760,893698227,0.01703557,0.027416937,-0.5290308
1747033783776,893714894,0.21578145,-0.0025404482,-1.2003298
1747033783793,893731561,0.42062017,-0.071751684,-1.9275727
1747033783810,893748228,0.6842459,-0.17418739,-2.4102597
1747033783826,893764895,1.2138159,0.09161835,-1.4284859
1747033783843,893781562,0.9212889,0.0074710883,-1.5615377
1747033783860,893798229,0.65648013,0.35867304,-0.6945381
1747033783876,893814896,0.5859226,0.074890085,-0.5497103
1747033783893,893831563,0.53784937,-0.06132972,-1.038125
1747033783910,893848230,0.6532811,-0.40521687,-1.2006903
1747033783926,893864897,0.6857607,-0.363712,-1.0727711
1747033783943,893881564,0.81883454,-0.4375871,-1.2019882
1747033783960,893898231,0.67613465,-0.49317116,-0.7600155
1747033783976,893914898,0.21651374,-0.21420182,-1.006958
1747033783993,893931565,-0.33370623,-0.08294151,-1.4994822
1747033784010,893948232,-0.9225233,0.10421484,-1.970954
1747033784026,893964899,-1.1949711,0.32917243,-2.7560644
1747033784043,893981566,-1.4675527,0.23032543,-2.9794917
1747033784060,893998233,-0.68084526,-0.02437163,-3.1705399
1747033784076,894014900,-0.7967644,-0.05682632,-1.8610983
1747033784093,894031567,-0.7599956,0.5738555,-1.3294668
1747033784110,894048234,-1.018305,0.9685042,-1.4974422
1747033784126,894064901,-1.4188651,1.0443203,-1.734354
1747033784143,894081568,-1.8974162,0.5578763,-2.0312319
1747033784160,894098235,-1.9999541,0.11337872,-2.4385586
1747033784176,894114902,-1.8540194,-0.27858976,-2.2654548
1747033784193,894131569,-1.4702053,-0.4746148,-1.4930029
1747033784210,894148236,-1.2776021,-0.4773741,-0.52264786
1747033784226,894164903,-1.2290406,-0.57371473,0.14514923
1747033784243,894181570,-1.0575268,-0.6821082,0.52703285
1747033784260,894198237,-0.99835706,-0.82489043,0.6448946
1747033784276,894214904,-1.0008318,-0.711721,0.8561411
1747033784293,894231571,-0.7867919,-0.3989431,0.8714342
1747033784310,894248238,-0.31313404,-0.004129262,0.54783535
1747033784326,894264905,-0.59817094,0.29486454,0.20456886
1747033784343,894281572,-0.88480824,0.49646917,-0.69522095
1747033784360,894298239,-1.3526533,0.50345194,-1.5622082
1747033784376,894314906,-1.5137511,0.47468385,-2.122004
1747033784393,894331573,-1.0996795,0.4030365,-1.9447598
1747033784410,894348240,-0.60103035,0.29197705,-0.524066
1747033784426,894364907,-0.2960763,0.47027996,0.8280573
1747033784443,894381574,-0.3922631,0.36084995,1.1757994
1747033784460,894398241,-0.5137693,0.040104065,0.8229408
1747033784476,894414908,-0.4630981,0.08352246,0.4448986
1747033784493,894431575,-0.38099197,0.16055277,0.4463415
1747033784510,894448242,-0.3929683,0.22774394,0.37532997
1747033784526,894464909,-0.44311532,0.13696665,0.016903877
1747033784543,894481576,-0.5441533,0.055547133,-0.31544304
1747033784560,894498243,-0.80153733,0.13354841,-0.44194603
1747033784576,894514910,-0.6906603,0.16302666,-0.24301147
1747033784593,894531577,-0.49073544,0.12602353,0.08310127
1747033784610,894548244,-0.5798009,0.28163072,0.21361732
1747033784626,894564911,-0.7189355,0.22950174,0.21691799
1747033784643,894581578,-0.7891151,0.20797998,0.15294266
1747033784660,894598245,-0.88407487,0.23686,0.058522224
1747033784676,894614912,-0.93775487,0.23225172,-0.1335516
1747033784693,894631579,-0.96468806,0.2289476,-0.16218281
1747033784710,894648246,-0.9512423,0.22741334,0.13997555
1747033784726,894664913,-0.9660333,0.2332261,0.43074417
1747033784743,894681580,-1.159099,0.26440617,0.46666813
1747033784760,894698247,-1.339724,0.12517025,0.24524784
1747033784776,894714914,-1.3764927,-0.05026355,-0.0827589
1747033784793,894731581,-1.3770512,-0.118091114,-0.2437439
1747033784810,894748248,-1.4127412,-0.1495149,-0.37298012
1747033784826,894764915,-1.5214701,-0.12902361,-0.49294186
1747033784843,894781582,-1.7033577,-0.13845506,-0.5678301
1747033784860,894798249,-1.7490044,-0.3110474,-0.738863
1747033784876,894814916,-1.75943,-0.34698623,-0.8088541
1747033784893,894831583,-1.5158219,-0.22384009,-0.8835068
1747033784910,894848250,-1.1405326,-0.061552465,-0.7417784
1747033784926,894864917,-1.2115176,0.054975826,-0.8050928
1747033784943,894881584,-1.5109235,0.04618645,-1.0034676
1747033784960,894898251,-1.5207155,-0.0016677699,-1.3550816
1747033784976,894914918,-1.5697829,0.053959932,-1.859015
1747033784993,894931585,-1.3228538,-0.07385241,-2.066774
1747033785010,894948252,-1.0452102,0.07891178,-1.716568
1747033785026,894964919,-0.99226844,0.16681954,-1.6071138
1747033785043,894981586,-0.86166,0.26783141,-1.5143652
1747033785060,894998253,-0.69080365,0.31536666,-1.6531696
1747033785076,895014920,-0.52051586,0.20997205,-1.7372189
1747033785093,895031587,-0.14745712,0.29288512,-1.794178
1747033785110,895048254,-0.108752154,0.16136241,-1.793745
1747033785126,895064921,-0.16742839,-0.11260382,-1.6129799
1747033785143,895081588,0.059189808,-0.008555909,-1.0500021
1747033785160,895098255,0.62981045,-0.009813756,-0.3750534
1747033785176,895114922,1.4134731,0.21704483,0.024238586
1747033785193,895131589,1.4987243,0.1624387,0.81984234
1747033785210,895148256,1.3519361,0.135389,1.126543
1747033785226,895164923,0.8890612,-0.062494166,1.031414
1747033785243,895181590,0.3824483,-0.32625306,0.98394966
1747033785260,895198257,0.65081537,-0.43357936,-0.4190092
1747033785276,895214924,1.3253793,-0.76291454,-1.1180296
1747033785293,895231591,0.9058489,0.18091948,-0.097519875
1747033785310,895248258,0.73593926,0.35968086,-0.07187557
1747033785326,895264925,0.4720526,0.6132357,0.12899113
1747033785343,895281592,0.48624444,0.17132704,0.45902634
1747033785360,895298259,0.52075195,-0.87052405,0.560565
1747033785376,895314926,0.57367027,-0.9944136,0.4199047
1747033785393,895331593,0.31670013,-0.43332043,0.41564274
1747033785410,895348260,0.16198705,0.101342954,0.34698772
1747033785426,895364927,0.264863,0.45675868,0.37151718
1747033785443,895381594,0.16481376,0.40499005,0.43570518
1747033785460,895398261,-0.24298574,0.26821098,0.3774643
1747033785476,895414928,-0.43518478,0.2434103,0.039292336
1747033785493,895431595,-0.32316366,0.0737505,-0.04353714
1747033785510,895448262,-0.29197672,0.02285705,0.114834785
1747033785526,895464929,-0.17558712,-0.016992964,0.32615376
1747033785543,895481596,-0.07877069,-0.07378526,0.4044218
1747033785560,895498263,0.12694965,-0.04135582,0.3879938
1747033785576,895514930,0.32715535,-0.10803007,0.61750793
1747033785593,895531597,0.38670328,-0.0061377776,1.316577
1747033785610,895548264,0.116219364,0.099884026,1.9690361
1747033785626,895564931,-0.041076653,0.18884364,2.5896854
1747033785643,895581598,-0.34596324,0.3867858,2.8389826
1747033785660,895598265,-0.80569863,0.424032,2.1683493
1747033785676,895614932,-0.010498292,0.28510967,1.8397121
1747033785693,895631599,0.87176514,0.19391236,1.3845844
1747033785710,895648266,0.5949246,0.26488665,0.08827782
1747033785726,895664933,0.15232794,0.32265323,-0.30099773
1747033785743,895681600,0.96128935,0.2069132,0.9271412
1747033785760,895698267,1.6803164,-0.17556027,2.0329037
1747033785776,895714934,1.5271505,-0.26808345,2.015192
1747033785793,895731601,0.3165795,-0.41806042,2.24996
1747033785810,895748268,-0.8007891,-0.26846957,2.0659227
1747033785826,895764935,-0.9002308,-0.13578703,1.274765
1747033785843,895781602,-0.6772721,0.1931353,1.2439003
1747033785860,895798269,-0.53174716,0.19480105,1.3542681
1747033785876,895814936,-0.5927912,0.08120449,1.1469412
1747033785893,895831603,-0.58098274,-0.16579878,0.9295387
1747033785910,895848270,-0.39506802,-0.32121193,0.6617756
1747033785926,895864937,-0.121150166,-0.42338842,0.3998766
1747033785943,895881604,0.13649926,-0.2807981,0.2300539
1747033785960,895898271,0.36643553,-0.19465844,0.21504116
1747033785976,895914938,0.44610527,-0.055639528,0.14327526
1747033785993,895931605,0.64477074,-0.1731871,-0.15499783
1747033786010,895948272,0.9576567,-0.11581872,-0.5077572
1747033786026,895964939,1.0156167,-0.12150633,-0.6921911
1747033786043,895981606,1.1780413,-0.18090144,-0.6131458
1747033786060,895998273,1.2350831,-0.24310073,-0.3893118
1747033786076,896014940,1.2161174,-0.19716346,-0.24908543
1747033786093,896031607,1.090246,-0.113507815,-0.3453102
1747033786110,896048274,1.0388709,-0.16747603,-0.37665272
1747033786126,896064941,1.0322013,-0.122689836,-0.24105072
1747033786143,896081608,1.0766366,-0.330824,-0.065099716
1747033786160,896098275,0.9467442,-0.2446413,0.14222622
1747033786176,896114942,0.85453564,-0.23568201,0.079009056
1747033786193,896131609,0.65222245,-0.20217027,-0.06576252
1747033786210,896148276,0.52935,-0.27265507,-0.26889038
1747033786226,896164943,0.42716023,-0.16841991,-0.51655006
1747033786243,896181610,0.33121374,-0.18439159,-0.5887642
1747033786260,896198277,0.23307127,-0.13738224,-0.52943707
1747033786276,896214944,-0.0010333563,-0.11081705,-0.46791744
1747033786293,896231611,-0.13179798,-0.0703849,-0.49656773
1747033786310,896248278,-0.18862516,0.013768286,-0.4871912
1747033786326,896264945,-0.20181695,0.1598302,-0.46234417
1747033786343,896281612,-0.1859758,0.18954648,-0.40281296
1747033786360,896298279,-0.14142027,0.16410333,-0.30424595
1747033786376,896314946,-0.036308784,0.17457412,-0.34187126
1747033786393,896331613,0.029920114,0.17734982,-0.4276743
1747033786410,896348280,0.102458395,0.10143588,-0.4232502
1747033786426,896364947,0.24705793,0.04442711,-0.2691164
1747033786443,896381614,0.31969237,0.05900787,-0.24944401
1747033786460,896398281,0.39406687,0.1079961,-0.31549644
1747033786476,896414948,0.40458807,0.110254474,-0.4144354
1747033786493,896431615,0.37276575,0.0573085,-0.431077
1747033786510,896448282,0.27982393,0.05220212,-0.351758
1747033786526,896464949,0.18004918,0.041095987,-0.27210045
1747033786543,896481616,0.115265965,0.018705241,-0.3444376
1747033786560,896498283,0.0682294,-0.033196926,-0.43137932
1747033786576,896514950,0.05332086,-0.10862808,-0.47874165
1747033786593,896531617,0.0986019,0.064426154,-0.5031147
1747033786610,896548284,0.1276497,0.1335006,-0.52058506
1747033786626,896564951,0.31705144,0.13708027,-0.303545
1747033786643,896581618,0.45827946,0.14275917,0.039053917
1747033786660,896598285,0.39870465,-0.0023558266,0.366292
1747033786676,896614952,0.4749218,-0.16050744,0.35041904
1747033786693,896631619,0.61809903,-0.18738052,-0.018039703
1747033786710,896648286,0.73025674,-0.17437743,-0.52351093
1747033786726,896664953,0.7603438,-0.19264224,-0.7396736
1747033786743,896681620,0.830569,-0.18452749,-0.562335
1747033786760,896698287,0.5816796,-0.22772439,-0.46311092
1747033786776,896714954,0.33019367,-0.1946799,-0.40819454
1747033786793,896731621,0.45249337,-0.26631212,-0.38265228
1747033786810,896748288,0.55818117,-0.3767788,-0.3890524
1747033786826,896764955,0.6438616,-0.5525805,-0.49195957
1747033786843,896781622,1.0391603,-0.547752,-0.93372726
1747033786860,896798289,1.5038955,-0.20420311,-0.84968567
1747033786876,896814956,1.4963522,0.3650636,-0.12037182
1747033786893,896831623,1.0269076,0.6027457,1.155119
1747033786910,896848290,0.45735365,0.29584935,2.313261
1747033786926,896864957,0.27333108,0.010184592,2.9705362
1747033786943,896881624,0.09311293,-0.24691667,3.2803526
1747033786960,896898291,-0.531196,0.09314455,3.036662
1747033786976,896914958,-1.0765828,0.78309137,3.0171576
1747033786993,896931625,-1.24715,-0.044907887,2.6662445
1747033787010,896948292,-1.7270869,-0.9885378,3.1091824
1747033787026,896964959,-0.8077441,0.44936553,2.7830067
1747033787043,896981626,0.06934925,0.32611647,2.5447302
1747033787060,896998293,0.50037676,0.17842714,3.007142
1747033787076,897014960,0.8567139,0.1589765,2.8340597
1747033787093,897031627,1.0098133,0.22512336,2.5804176
1747033787110,897048294,0.9856665,0.42845064,2.5627003
1747033787126,897064961,1.0308422,0.54244167,2.4740953
1747033787143,897081628,0.79084784,0.5042498,1.7917404
1747033787160,897098295,0.3470014,0.4849174,1.4393044
1747033787176,897114962,-0.06946911,0.38015798,1.1645279
1747033787193,897131629,-0.42197347,0.33066317,1.3200674
1747033787210,897148296,-0.53957874,0.20051694,1.0660324
1747033787226,897164963,-0.3128331,0.17328982,0.9187336
1747033787243,897181630,-0.04563246,0.12275477,0.9668293
1747033787260,897198297,0.084262595,-0.090012915,0.8914747
1747033787276,897214964,0.14875938,-0.24383073,0.88554287
1747033787293,897231631,0.34436256,-0.0102986945,0.72358036
1747033787310,897248298,0.39083117,0.046220355,0.14152527
1747033787326,897264965,0.39113012,0.08777253,-0.44852638
1747033787343,897281632,0.4079953,-0.10823721,-1.3281736
1747033787360,897298299,0.9287022,-0.023289938,-1.128232
1747033787376,897314966,1.1172217,-0.1251098,-1.2068214
1747033787393,897331633,1.099554,-0.19746979,-1.2426367
1747033787410,897348300,0.8138549,0.06726153,-0.5285845
1747033787426,897364967,0.3524964,0.032271136,-0.627759
1747033787443,897381634,0.28943983,-0.16240211,-0.82872105
1747033787460,897398301,0.26807538,-0.27691424,-1.1132298
1747033787476,897414968,0.46716315,-0.40798134,-1.5302916
1747033787493,897431635,0.7680435,-0.37317097,-1.3683128
1747033787510,897448302,0.90327936,-0.3784191,-1.4686108
1747033787526,897464969,1.0672038,-0.5267206,-1.8675361
1747033787543,897481636,0.9036143,-0.62084705,-1.6358013
1747033787560,897498303,0.19086964,-0.51706815,-1.5397005
1747033787576,897514970,-0.28304484,-0.24811031,-1.5564547
1747033787593,897531637,-0.72459054,-0.675535,-2.1937113
1747033787610,897548304,-1.0166807,-0.6712413,-3.1711702
1747033787626,897564971,-1.4894139,0.22292551,-2.0326872
1747033787643,897581638,-1.1382635,0.57924396,-1.6374025
1747033787660,897598305,-0.83469886,0.21879116,-1.3202782
1747033787676,897614972,-0.8445745,-0.32791042,-1.2541857
1747033787693,897631639,-1.2159115,-0.53259087,-1.4465342
1747033787710,897648306,-1.6444975,-0.42153436,-1.5203266
1747033787726,897664973,-1.7079251,-0.15235789,-1.4269848
1747033787743,897681640,-1.5759165,0.10468532,-0.89492035
1747033787760,897698307,-1.1838375,0.29085648,-0.54474926
1747033787776,897714974,-0.79855174,0.5030252,-0.2739973
1747033787793,897731641,-0.70421636,0.5778429,0.14698792
1747033787810,897748308,-0.8237705,0.53023785,0.510252
1747033787826,897764975,-0.949652,0.20377776,0.5851135
1747033787843,897781642,-0.92934173,-0.03901332,0.3500862
1747033787860,897798309,-1.0290995,-0.37288103,-0.3322525
1747033787876,897814976,-1.0870203,-0.50217754,-0.9439297
1747033787893,897831643,-1.286965,-0.17554206,-1.0985537
1747033787910,897848310,-1.2809387,0.26378027,-0.93721104
1747033787926,897864977,-0.955056,0.08965471,-0.67658806
1747033787943,897881644,-0.84943247,-0.0014101432,-0.29350853
1747033787960,897898311,-0.9115595,-0.03753059,-0.15561771
1747033787976,897914978,-0.9268259,0.10516511,-0.22516537
1747033787993,897931645,-0.87305367,0.14502487,-0.07930088
1747033788010,897948312,-0.8101668,0.09681838,0.0897131
1747033788026,897964979,-0.7828548,0.12069655,0.23709583
1747033788043,897981646,-0.76696974,0.066595465,0.25793457
1747033788060,897998313,-0.74676406,0.09079694,0.24946404
1747033788076,898014980,-0.73766285,0.16885689,0.37002563
1747033788093,898031647,-0.7014764,0.06276523,0.5360136
1747033788110,898048314,-0.81263137,0.03784253,0.43522072
1747033788126,898064981,-0.9347424,-0.09773565,0.0055570602
1747033788143,898081648,-1.0362242,-0.17025055,-0.49322414
1747033788160,898098315,-1.132555,-0.12248804,-0.43533802
1747033788176,898114982,-1.0323505,-0.12641647,-0.11571312
1747033788193,898131649,-0.983034,-0.16689491,0.13470268
1747033788210,898148316,-0.96640766,-0.093364045,0.17443943
1747033788226,898164983,-1.0210918,-0.064834654,0.04111767
1747033788243,898181650,-1.0674983,-0.07381009,-0.18862534
1747033788260,898198317,-1.1285348,-0.1260198,-0.23545933
1747033788276,898214984,-1.1323476,-0.20014013,-0.21611023
1747033788293,898231651,-1.1534964,-0.26363447,-0.19718647
1747033788310,898248318,-1.1713923,-0.28096575,-0.2379551
1747033788326,898264985,-1.2043766,-0.23629673,-0.096487045
1747033788343,898281652,-1.1164362,-0.014949106,0.2627554
1747033788360,898298319,-1.172728,0.1407986,0.4475584
1747033788376,898314986,-1.395679,0.13019012,0.2464819
1747033788393,898331653,-1.5985394,0.040477164,-0.16106129
1747033788410,898348320,-1.7156804,-0.06407235,-0.41522884
1747033788426,898364987,-1.8529733,-0.03981481,-0.6817236
1747033788443,898381654,-1.9696009,0.029906536,-1.0994205
1747033788460,898398321,-1.7839044,-0.04506633,-1.446662
1747033788476,898414988,-1.6042792,-0.032479476,-1.4985704
1747033788493,898431655,-1.6317222,0.06712839,-1.2448072
1747033788510,898448322,-1.7159219,0.269171,-1.0898323
1747033788526,898464989,-1.8456275,0.49240038,-1.2769833
1747033788543,898481656,-1.8111022,0.46743193,-1.9916592
1747033788560,898498323,-1.7773856,0.2832727,-2.8420806
1747033788576,898514990,-1.2163167,0.05211794,-2.722577
1747033788593,898531657,-0.80125564,-0.41895056,-2.219006
1747033788610,898548324,-0.35765782,-0.4200235,-1.5126657
1747033788626,898564991,0.0709561,-0.19885933,-0.860425
1747033788643,898581658,-0.006277501,0.399113,-0.7891216
1747033788660,898598325,-0.1647359,0.5145104,-1.0651512
1747033788676,898614992,-0.26595107,0.59696084,-1.3647404
1747033788693,898631659,-0.024344807,0.6499091,-0.86157894
1747033788710,898648326,0.5627764,0.6206987,-0.0362463
1747033788726,898664993,0.885543,0.68113405,0.29640007
1747033788743,898681660,1.0034648,0.016322033,0.5418873
1747033788760,898698327,1.1482623,0.20349468,1.0653505
1747033788776,898714994,1.1853604,0.3851587,1.5505924
1747033788793,898731661,1.2295388,-0.3039304,0.14241791
1747033788810,898748328,0.89828795,0.26122618,0.0052347183
1747033788826,898764995,0.7383355,0.32645515,-0.26949978
1747033788843,898781662,0.7295023,-0.026504558,-1.5407581
1747033788860,898798329,-0.07717852,0.12739183,-0.9842138
1747033788876,898814996,-0.22424887,0.12997831,-1.3364248
1747033788893,898831663,0.54238284,0.09866292,-1.23598
1747033788910,898848330,1.4340812,-0.26524472,-0.8259144
1747033788926,898864997,1.4313018,-0.24070536,-0.41688156
1747033788943,898881664,0.8308006,-0.1014133,-0.29414654
1747033788960,898898331,-0.06332161,-0.11461644,-0.16791344
1747033788976,898914998,-0.63477314,-0.6717441,-0.39603996
1747033788993,898931665,-0.44761133,-0.6149411,-0.091337204
1747033789010,898948332,0.23825246,-0.10649342,-0.15842438
1747033789026,898964999,0.6685002,0.8719239,0.31219292
1747033789043,898981666,0.6405643,0.83956987,0.8611908
1747033789060,898998333,1.0145504,0.22035383,1.5811644
1747033789076,899015000,1.2694,-0.60652375,2.5262833
1747033789093,899031667,1.1282494,-0.62786967,2.645071
1747033789110,899048334,1.0570523,-0.32311144,2.7211218
1747033789126,899065001,1.1529963,0.07462036,3.088873
1747033789143,899081668,0.3610367,0.16067083,3.264761
1747033789160,899098335,-1.0938303,0.12094018,2.935873
1747033789176,899115002,-0.59235615,-0.55647105,3.4221878
1747033789193,899131669,-0.8197535,-0.7337654,2.2863693
1747033789210,899148336,-1.7053192,-0.57931477,0.31324673
1747033789226,899165003,-1.8761358,-0.3054441,0.42662334
1747033789243,899181670,-1.2363628,-0.12513238,1.9806776
1747033789260,899198337,-0.41154546,0.11569288,2.4768744
1747033789276,899215004,-0.17045288,-0.0043758247,2.7079687
1747033789293,899231671,-0.3728926,0.005642808,2.5787811
1747033789310,899248338,-0.10827392,-0.2674316,2.2015543
1747033789326,899265005,0.49223253,-0.16766645,1.9649105
1747033789343,899281672,1.0047188,0.16115865,1.9122934
1747033789360,899298339,1.1118313,0.25444627,1.5950613
1747033789376,899315006,0.8430401,0.46493915,1.54107
1747033789393,899331673,0.5367601,0.69869894,0.7101383
1747033789410,899348340,0.35307214,0.7172831,-0.29003906
1747033789426,899365007,0.31902966,0.6843217,-1.0083914
1747033789443,899381674,0.49170503,0.42718813,-1.2148218
1747033789460,899398341,0.6382167,0.28495333,-1.2020416
1747033789476,899415008,0.8343812,0.20641913,-1.1415834
1747033789493,899431675,0.8496547,0.031070871,-0.97088337
1747033789510,899448342,0.6379126,-0.06549634,-0.7837515
1747033789526,899465009,0.29659554,-0.10728935,-0.69853973
1747033789543,899481676,0.26004145,-0.15902522,-0.50325394
1747033789560,899498343,0.33743495,-0.21223259,-0.07126236
1747033789576,899515010,0.3966301,-0.14376755,0.391037
1747033789593,899531677,0.46787956,-0.19860277,0.71728325
1747033789610,899548344,0.61553055,-0.17713425,0.71349525
1747033789626,899565011,0.78561985,-0.17600684,0.46573067
1747033789643,899581678,0.8780156,-0.17015952,0.10935879
1747033789660,899598345,0.80894035,-0.15355799,-0.07101154
1747033789676,899615012,0.5831825,-0.18284176,-0.15537453
1747033789693,899631679,0.4784781,-0.22401877,-0.16493988
1747033789710,899648346,0.5449057,-0.29552594,-0.19861317
1747033789726,899665013,0.50945634,-0.21619715,-0.29213333
1747033789743,899681680,0.6351012,-0.2706562,-0.5876541
1747033789760,899698347,0.5387676,-0.14177461,-0.6824112
1747033789776,899715014,0.49758768,-0.10184178,-0.5787325
1747033789793,899731681,0.37560615,-0.038135894,-0.33670998
1747033789810,899748348,0.2625887,0.07944209,-0.28533173
1747033789826,899765015,0.26431647,0.09566355,-0.4051962
1747033789843,899781682,0.2717636,0.012558858,-0.5036745
1747033789860,899798349,0.2635277,0.025420912,-0.38669205
1747033789876,899815016,0.18127605,0.058313187,-0.35082245
1747033789893,899831683,0.029075235,0.01961315,-0.40902233
1747033789910,899848350,-0.08805192,0.00020842583,-0.4322176
1747033789926,899865017,-0.08485927,-0.03447475,-0.29718876
1747033789943,899881684,0.026399786,-0.06073082,-0.16523075
1747033789960,899898351,0.029837303,-0.024238192,-0.16071987
1747033789976,899915018,0.071882546,0.038361862,-0.22986794
1747033789993,899931685,0.047109716,0.052687258,-0.23084259
1747033790010,899948352,0.014036837,0.017285934,-0.15505028
1747033790026,899965019,0.022203442,-0.05180952,-0.019640923
1747033790043,899981686,0.14569312,-0.071711674,-0.13304329
1747033790060,899998353,0.2655003,0.038026705,-0.33596802
1747033790076,900015020,0.5486152,0.15108918,-0.43423843
1747033790093,900031687,0.79579574,0.21019907,-0.48857117
1747033790110,900048354,0.7235983,0.14885941,-0.46433544
1747033790126,900065021,0.46142384,0.0032691006,-0.5698128
1747033790143,900081688,0.28119048,-0.17351691,-0.7157221
1747033790160,900098355,0.3384147,-0.4094271,-0.7556
1747033790176,900115022,0.23347738,-0.62543005,-0.53675747
1747033790193,900131689,0.1951191,-0.71224993,-0.3118906
1747033790210,900148356,0.3888226,-0.6883221,-0.19246483
1747033790226,900165023,0.20865448,-0.50335115,-0.22389412
1747033790243,900181690,0.068542145,-0.35150072,-0.15685749
1747033790260,900198357,0.14889371,-0.2672702,0.18160439
1747033790276,900215024,0.2368987,-0.2799824,0.5022745
1747033790293,900231691,0.57336897,-0.2843637,0.6159067
1747033790310,900248358,0.8243586,-0.03818853,0.6503687
1747033790326,900265025,1.2460294,-0.0035985585,0.74522495
1747033790343,900281692,1.572107,-0.31104288,0.864172
1747033790360,900298359,1.3439626,-0.604795,0.92956734
1747033790376,900315026,0.41538543,-0.10930521,1.5651684
1747033790393,900331693,0.17150697,0.19817373,2.8473845
1747033790410,900348360,0.15390487,-0.5559637,3.6847239
1747033790426,900365027,-0.122814335,-0.7324627,3.9385118
1747033790443,900381694,-0.28334022,0.08731757,3.7637978
1747033790460,900398361,-0.1302781,0.60629654,3.5223417
1747033790476,900415028,-0.08001049,0.16999255,3.5440302
1747033790493,900431695,0.15307541,-0.049124572,3.3937864
1747033790510,900448362,0.43691206,-0.002761726,2.9173632
1747033790526,900465029,0.799822,-0.14004181,2.4977884
1747033790543,900481696,0.81120104,-0.11981937,2.2149124
1747033790560,900498363,0.4546012,-0.041958746,1.9395618
1747033790576,900515030,0.15753126,0.052107576,1.7388744
1747033790593,900531697,-0.08223388,-0.0070225536,1.656333
1747033790610,900548364,-0.50786376,0.026487738,1.5277109
1747033790626,900565031,-0.6124759,0.22853976,1.3428679
1747033790643,900581698,-0.67902446,0.32385764,1.0137529
1747033790660,900598365,-0.3950173,0.3330389,0.86778355
1747033790676,900615032,-0.033643004,0.32825637,0.87824726
1747033790693,900631699,0.44137764,0.40123805,0.8099632
1747033790710,900648366,0.40559265,0.3460326,0.887743
1747033790726,900665033,-0.04251384,0.07226263,0.75792694
1747033790743,900681700,-0.40899485,0.095197186,0.12836456
1747033790760,900698367,-0.21734959,-0.01668446,-0.3488264
1747033790776,900715034,-0.075557046,-0.07520814,-0.7001419
1747033790793,900731701,0.073234074,-0.054689374,-0.94166946
1747033790810,900748368,0.31363454,-0.26338023,-1.0736961
1747033790826,900765035,0.5052974,-0.48797292,-0.9524298
1747033790843,900781702,0.8151079,-0.6491149,-0.51078796
1747033790860,900798369,0.868915,-0.5861669,-0.45352936
1747033790876,900815036,1.0709473,-0.5146357,-0.52203083
1747033790893,900831703,1.0534801,-0.29891706,-0.7195225
1747033790910,900848370,0.8191366,0.071622044,-0.91847134
1747033790926,900865037,0.89339834,0.06961836,-1.0287361
1747033790943,900881704,0.5407885,0.3704587,-1.2445841
1747033790960,900898371,0.35082638,0.33830726,-1.5291767
1747033790976,900915038,-0.1595302,0.61980826,-1.7265596
1747033790993,900931705,-0.6656746,0.8023183,-1.8247209
1747033791010,900948372,-1.1820015,0.80496734,-2.0113068
1747033791026,900965039,-1.2924241,0.68663865,-2.2775893
1747033791043,900981706,-0.8879905,0.4953287,-2.1793852
1747033791060,900998373,-0.4656577,0.39039388,-2.2069445
1747033791076,901015040,-0.079743415,0.19701003,-2.1613593
1747033791093,901031707,0.285121,0.10085927,-1.8657823
1747033791110,901048374,0.40499893,0.09669204,-1.3799782
1747033791126,901065041,-0.06283212,0.0019603763,-0.6611471
1747033791143,901081708,-0.2978234,-0.017940715,-0.42310905
1747033791160,901098375,-0.69638824,-0.13401121,-0.52913
1747033791176,901115042,-0.43846306,-0.36985517,-0.7615719
1747033791193,901131709,-0.16741861,-0.55012727,-0.6334734
1747033791210,901148376,-0.016509645,-0.4949915,-0.09698582
1747033791226,901165043,-0.42932135,-0.53180367,-0.021341324
1747033791243,901181710,-1.0893468,-0.19649158,0.098454475
1747033791260,901198377,-1.1675771,-0.053329967,0.05868721
1747033791276,901215044,-0.8847882,-0.09306588,-0.6049299
1747033791293,901231711,-1.368862,-0.12464893,-1.0375109
1747033791310,901248378,-1.8898823,0.11173896,-1.6324444
1747033791326,901265045,-2.3386285,0.22042584,-2.2510118
1747033791343,901281712,-2.789062,0.4746477,-2.1792135
1747033791360,901298379,-2.5437083,0.6703436,-1.846745
1747033791376,901315046,-2.0949695,0.41638914,-1.052681
1747033791393,901331713,-1.7313032,-0.03243936,-0.11311817
1747033791410,901348380,-1.4399205,-0.2553815,0.7115364
1747033791426,901365047,-1.2532134,-0.1379518,1.5995245
1747033791443,901381714,-1.2029141,-0.28188175,1.4153337
1747033791460,901398381,-1.2374208,-0.43149635,0.8620863
1747033791476,901415048,-1.0847572,-0.47783947,0.5307026
1747033791493,901431715,-1.169654,-0.21776956,0.20299244
1747033791510,901448382,-1.2588923,-0.00074524805,-0.26048756
1747033791526,901465049,-1.2143368,0.0617326,-0.6637049
1747033791543,901481716,-1.1571224,0.18341245,-0.6554308
1747033791560,901498383,-0.9855408,0.32201657,-0.22581291
1747033791576,901515050,-1.0841165,0.47055474,0.10227871
1747033791593,901531717,-1.3374745,0.42546138,0.03427601
1747033791610,901548384,-1.5903009,0.34036687,-0.22459126
1747033791626,901565051,-1.5728161,0.19376333,-0.42286015
1747033791643,901581718,-1.263919,0.107175805,-0.36122322
1747033791660,901598385,-1.1177833,-0.014589389,-0.2669258
1747033791676,901615052,-1.1734488,-0.08951202,-0.23453712
1747033791693,901631719,-1.4170715,-0.29379755,-0.521678
1747033791710,901648386,-1.7648093,-0.23908524,-0.8160925
1747033791726,901665053,-1.8138438,-0.19884308,-0.9556694
1747033791743,901681720,-1.6712886,-0.19140716,-1.0018873
1747033791760,901698387,-1.6324842,-0.13824685,-1.0594482
1747033791776,901715054,-1.5295749,-0.12346223,-1.2200842
1747033791793,901731721,-1.4336798,-0.058424037,-1.2216511
1747033791810,901748388,-1.4996899,-0.028687347,-1.3238754
1747033791826,901765055,-1.5274204,-0.03749481,-1.4636965
1747033791843,901781722,-1.3684167,-0.0018702935,-1.444128
1747033791860,901798389,-0.95632756,-0.012298241,-1.3946142
1747033791876,901815056,-0.68224764,-0.11639587,-1.3275013
1747033791893,901831723,-0.5514732,-0.10322326,-1.0858707
1747033791910,901848390,-0.37969515,0.08967728,-0.73358345
1747033791926,901865057,-0.07834204,0.06520236,-0.49828625
1747033791943,901881724,0.22790194,0.069207884,-0.7574549
1747033791960,901898391,0.42226213,-0.07024604,-0.78562164
1747033791976,901915058,0.41468447,0.015267556,-0.89719486
1747033791993,901931725,0.4268609,-0.2519622,-1.1861124
1747033792010,901948392,0.56226224,-0.061760373,-1.160675
1747033792026,901965059,0.5044476,0.3364874,-0.84227943
1747033792043,901981726,0.5295723,-0.01886198,-0.46270084
1747033792060,901998393,0.5513089,-0.025605422,0.114622116
1747033792076,902015060,0.5627603,-0.16374743,0.15737343
1747033792093,902031727,0.03056752,0.15223585,-0.58098507
1747033792110,902048394,-0.124031365,0.81705886,-0.3223734
1747033792126,902065061,0.042137053,1.1996714,0.37373066
1747033792143,902081728,0.39870816,0.78684783,0.45178032
1747033792160,902098395,0.41304758,-0.019814648,-0.83449364
1747033792176,902115062,-0.2066945,0.1817067,-0.027410507
1747033792193,902131729,-0.3715151,-0.046310376,-0.44263554
1747033792210,902148396,0.13788737,0.19708511,-0.07775688
1747033792226,902165063,0.34509534,0.12984885,-0.52238655
1747033792243,902181730,0.36180484,0.11310241,-0.60680103
1747033792260,902198397,0.5478603,-0.16043536,0.17122173
1747033792276,902215064,0.5568768,-0.29193062,0.8072586
1747033792293,902231731,0.14648446,-0.15230675,1.1355066
1747033792310,902248398,0.17373008,-0.29444775,0.9716816
1747033792326,902265065,0.5005545,-0.7567836,0.7534685
1747033792343,902281732,0.75437015,-0.837982,0.5327215
1747033792360,902298399,0.7539552,-0.54987967,0.44936466
1747033792376,902315066,0.9232618,-0.25881952,0.73288536
1747033792393,902331733,0.9314744,-0.048383404,1.2936764
1747033792410,902348400,0.89738196,0.25120687,1.6123495
1747033792426,902365067,0.9801819,0.3498245,1.7795334
1747033792443,902381734,0.9733214,0.4032985,1.9070129
1747033792460,902398401,0.9386528,0.16304399,2.5772095
1747033792476,902415068,-0.09624345,0.08959416,2.6938772
1747033792493,902431735,-0.7033096,0.16152152,2.351344
1747033792510,902448402,-0.118552834,0.27234852,2.5285816
1747033792526,902465069,-0.3331073,0.31671563,1.6447525
1747033792543,902481736,-1.1550392,-0.020520724,0.13529396
1747033792560,902498403,-1.2707534,-0.15184408,0.6754112
1747033792576,902515070,-0.88601196,-0.15660748,1.8249359
1747033792593,902531737,-0.4911848,-0.274393,2.4450712
1747033792610,902548404,-0.4717166,-0.34070414,2.3678236
1747033792626,902565071,-0.18872038,-0.37271467,1.6173868
1747033792643,902581738,0.28471482,-0.08299539,1.3377628
1747033792660,902598405,0.12881577,-0.16453996,1.3740273
1747033792676,902615072,0.59874225,-0.1126873,0.8264942
1747033792693,902631739,0.7396626,-0.09769885,0.53398705
1747033792710,902648406,0.6683949,0.113561794,1.0930719
1747033792726,902665073,0.3963896,0.12137558,1.026
1747033792743,902681740,0.41326585,0.21202628,0.7300272
1747033792760,902698407,0.5758022,0.20747602,0.17882824
1747033792776,902715074,0.7751111,0.02699869,-0.37494564
1747033792793,902731741,0.89083594,-0.20256108,-0.5629616
1747033792810,902748408,0.87402475,-0.30986717,-0.48335266
1747033792826,902765075,0.5938413,-0.43053535,-0.48372078
1747033792843,902781742,0.23835567,-0.55894554,-0.42827702
1747033792860,902798409,-0.08666268,-0.4813023,-0.19150066
1747033792876,902815076,-0.33687237,-0.4773935,0.11976719
1747033792893,902831743,-0.12894507,-0.5091064,0.38178444
1747033792910,902848410,0.07005611,-0.4862634,0.4170189
1747033792926,902865077,0.31539333,-0.43535507,0.4292345
1747033792943,902881744,0.5610857,-0.45453572,0.42262268
1747033792960,902898411,0.6774016,-0.33678073,0.4427004
1747033792976,902915078,0.4852884,-0.1156646,0.24256897
1747033792993,902931745,0.24195378,0.070350364,-0.10064888
1747033793010,902948412,0.06793296,0.06577595,-0.38148117
1747033793026,902965079,0.20118222,0.12542497,-0.5596161
1747033793043,902981746,0.28592402,0.23494151,-0.54577637
1747033793060,902998413,0.53395724,0.081493944,-0.6943798
1747033793076,903015080,0.5692337,0.1664073,-0.67490864
1747033793093,903031747,0.26054323,0.13257156,-0.6113901
1747033793110,903048414,0.06702483,-0.1736299,-0.37723827
1747033793126,903065081,-0.24243054,-0.20643187,-0.15386009
1747033793143,903081748,-0.2029549,-0.20707749,-0.002863884
1747033793160,903098415,-0.018504303,-0.2571539,-0.06761551
1747033793176,903115082,0.093565874,-0.095331185,-0.09363651
1747033793193,903131749,0.13232715,-0.14152785,-0.09483051
1747033793210,903148416,0.09760352,-0.10581885,-0.10865402
1747033793226,903165083,0.19675174,0.032759063,-0.11860466
1747033793243,903181750,0.30015755,0.13226,-0.14799404
1747033793260,903198417,0.28476623,0.11152011,-0.10993099
1747033793276,903215084,0.19529456,0.09697735,-0.0146484375
1747033793293,903231751,0.14774072,0.16327934,-0.009119034
1747033793310,903248418,0.13208275,0.269142,-0.21233654
1747033793326,903265085,0.1339093,0.26799348,-0.35277748
1747033793343,903281752,0.111300625,0.24501222,-0.2954483
1747033793360,903298419,0.022566874,0.18708113,-0.10553646
1747033793376,903315086,-0.05320994,0.096437685,-0.028943062
1747033793393,903331753,-0.020946963,0.07278018,-0.1446991
1747033793410,903348420,-0.040545028,0.09334002,-0.19346333
1747033793426,903365087,-0.06272556,0.115943655,-0.19874
1747033793443,903381754,-0.11470439,0.048948444,-0.19574928
1747033793460,903398421,-0.19229065,-0.024227798,-0.34235096
1747033793476,903415088,-0.21334893,-0.08461943,-0.43461132
1747033793493,903431755,-0.23896575,-0.17255814,-0.39051056
1747033793510,903448422,-0.2187585,-0.21985818,-0.26930046
1747033793526,903465089,-0.21283619,-0.15122461,-0.27385998
1747033793543,903481756,-0.13816833,-0.05725195,-0.29044533
1747033793560,903498423,-0.009636761,-0.0030936429,-0.30478
1747033793576,903515090,0.109813035,-0.067299865,-0.29062653
1747033793593,903531757,0.10904907,-0.15798253,-0.29037762
1747033793610,903548424,0.06739217,-0.1880477,-0.29166508
1747033793626,903565091,0.006496404,-0.109014645,-0.22631168
1747033793643,903581758,0.19114806,-0.10751286,-0.06384945
1747033793660,903598425,0.20042127,-0.10315615,0.013910294
1747033793676,903615092,0.2014899,-0.04936641,-0.052476883
1747033793693,903631759,0.31406432,-0.017256988,-0.10183239
1747033793710,903648426,0.31153694,0.0063584964,-0.09418106
1747033793726,903665093,0.2568194,0.036604606,-0.14804935
1747033793743,903681760,0.31409863,0.025321113,-0.2904606
1747033793760,903698427,0.22166082,0.00073558115,-0.48029232
1747033793776,903715094,0.17101322,-0.03260741,-0.5625572
1747033793793,903731761,0.09670042,0.03758963,-0.4398718
1747033793810,903748428,0.18564181,-0.02748807,-0.238307
1747033793826,903765095,0.2869872,-0.13438672,0.027132988
1747033793843,903781762,0.26735055,-0.21997675,0.24792767
1747033793860,903798429,0.39850628,-0.37969488,0.0029582977
1747033793876,903815096,0.37977767,-0.44698143,-0.35048962
1747033793893,903831763,0.35963905,-0.36499396,-0.34507465
1747033793910,903848430,0.49281433,-0.23485188,-0.07970333
1747033793926,903865097,0.625005,-0.1591486,0.18041229
1747033793943,903881764,0.6715193,-0.15593001,0.13272
1747033793960,903898431,0.655114,-0.25544602,0.054919243
1747033793976,903915098,0.8286948,-0.35066602,0.016614914
1747033793993,903931765,0.77652884,-0.35260835,0.11697674
1747033794010,903948432,1.005058,-0.47154462,0.9017153
1747033794026,903965099,1.1448431,-0.54380834,1.6758718
1747033794043,903981766,0.969697,-0.47290424,2.2076511
1747033794060,903998433,0.5578824,-0.006021886,3.0307102
1747033794076,904015100,-0.5783746,-0.47936934,3.7497377
1747033794093,904031767,-1.7882206,-0.8490827,3.4343386
1747033794110,904048434,-1.2330565,0.19445147,3.2857552
1747033794126,904065101,-0.47977147,0.7372179,3.6467276
1747033794143,904081768,-0.41246533,0.46797535,3.7453518
1747033794160,904098435,-0.15601684,0.086643346,3.2744236
1747033794176,904115102,0.5858063,-0.19957852,3.202694
1747033794193,904131769,1.1580036,-0.503491,2.7008715
1747033794210,904148436,1.2721106,-0.2950192,2.1025105
1747033794226,904165103,1.203201,0.030239515,1.8523502
1747033794243,904181770,1.0578595,0.39775965,1.7717075
1747033794260,904198437,0.68867975,0.5787532,1.8137655
1747033794276,904215104,0.4090163,0.57805544,1.7313776
1747033794293,904231771,0.23065005,0.40224645,1.6476278
1747033794310,904248438,0.24902003,0.3197573,1.5008554
1747033794326,904265105,0.08180099,0.1728134,1.166336
1747033794343,904281772,-0.018939426,0.09023911,0.8862181
1747033794360,904298439,-0.049365517,0.10901833,0.9201174
1747033794376,904315106,-0.11095619,0.027812053,0.58171463
1747033794393,904331773,0.022371579,-0.026644308,0.059365273
1747033794410,904348440,0.39581603,-0.068281084,-0.5187025
1747033794426,904365107,0.8326562,0.097207464,-0.8831167
1747033794443,904381774,0.9892651,0.15182352,-1.3046408
1747033794460,904398441,0.87498885,0.3380914,-1.4331465
1747033794476,904415108,0.7006262,0.25133982,-1.3110313
1747033794493,904431775,0.4585993,0.058104653,-1.0751696
1747033794510,904448442,0.29381013,-0.16030186,-0.76609707
1747033794526,904465109,0.4421089,-0.3487114,-0.6539335
1747033794543,904481776,0.39604333,-0.04606004,-0.67993546
1747033794560,904498443,0.5853354,0.0814783,-0.8324232
1747033794576,904515110,0.88831633,0.15041438,-0.6254654
1747033794593,904531777,0.92993504,0.41912803,-0.26245022
1747033794610,904548444,0.80940616,0.44498754,-0.077729225
1747033794626,904565111,0.60783887,0.15811475,-0.3557806
1747033794643,904581778,0.18060149,0.26105183,-0.5965061
1747033794660,904598445,-0.45875642,0.021571906,-0.86402607
1747033794676,904615112,-0.94007045,0.0076123765,-1.7699766
1747033794693,904631779,-0.8005168,-0.26718688,-2.2653651
1747033794710,904648446,-0.6723889,-0.5525735,-2.4782362
1747033794726,904665113,-0.7684148,-0.3015891,-2.2104712
1747033794743,904681780,-0.75945556,0.12787937,-1.860507
1747033794760,904698447,-0.87230223,0.33473742,-1.7142162
1747033794776,904715114,-1.095242,0.31260273,-1.8290992
1747033794793,904731781,-1.4220469,-0.008573021,-2.1227155
1747033794810,904748448,-1.3564359,-0.46136805,-2.4077778
1747033794826,904765115,-1.36962,-0.6777992,-2.024733
1747033794843,904781782,-1.3619645,-0.3901886,-1.3716068
1747033794860,904798449,-1.141568,0.11273714,-0.5804615
1747033794876,904815116,-0.881563,0.504547,0.1672144
1747033794893,904831783,-0.84744847,0.6658514,0.6654024
1747033794910,904848450,-0.9047504,0.54609925,0.5573931
1747033794926,904865117,-1.1572108,0.5226955,0.101849556
1747033794943,904881784,-1.2957876,0.43084675,-0.42512608
1747033794960,904898451,-1.430535,0.116426334,-0.71687984
1747033794976,904915118,-1.2592208,-0.122872084,-0.8100424
1747033794993,904931785,-1.237852,-0.20177886,-0.56711483
1747033795010,904948452,-1.1311302,0.067180395,-0.48743725
1747033795026,904965119,-1.119135,0.18455894,-0.38365364
1747033795043,904981786,-1.1191034,0.2051817,-0.17977905
1747033795060,904998453,-1.0183998,0.33011305,-0.06884956
1747033795076,905015120,-1.2113003,0.2315321,-0.2620697
1747033795093,905031787,-1.3324076,0.18671143,-0.39765835
1747033795110,905048454,-1.2500728,-0.2119741,-0.61225414
1747033795126,905065121,-0.9686839,-0.53748876,-0.5076208
1747033795143,905081788,-0.84381604,-0.5494157,-0.07138729
1747033795160,905098455,-0.76154655,-0.24165651,0.5167866
1747033795176,905115122,-0.72422504,-0.13614565,0.83183575
1747033795193,905131789,-0.9282082,-0.13401586,0.4902172
1747033795210,905148456,-1.176985,-0.11235353,0.00592041
1747033795226,905165123,-1.112753,-0.07872747,-0.2801695
1747033795243,905181790,-1.0778904,-0.07978334,-0.3008194
1747033795260,905198457,-1.0788382,-0.06998255,-0.18477345
1747033795276,905215124,-1.0885847,0.053822424,-0.08824921
1747033795293,905231791,-1.2479957,0.17060085,-0.116223335
1747033795310,905248458,-1.4744684,0.161083,-0.3479309
1747033795326,905265125,-1.5920148,-0.009866811,-0.74331284
1747033795343,905281792,-1.7611967,-0.11945879,-1.0072756
1747033795360,905298459,-1.7905376,-0.06644823,-0.8185673
1747033795376,905315126,-1.4118489,-0.022259682,-0.3778181
1747033795393,905331793,-1.3359344,0.02025223,0.23972988
1747033795410,905348460,-1.7095083,0.11527376,0.6121912
1747033795426,905365127,-2.214229,0.31155667,0.31548214
1747033795443,905381794,-2.6632824,0.39514235,-0.5295086
1747033795460,905398461,-2.7294114,0.14207266,-1.5718021
1747033795476,905415128,-2.3935513,-0.18141901,-2.371152
1747033795493,905431795,-1.9599491,0.06413921,-2.192152
1747033795510,905448462,-1.5479976,0.27077213,-1.7611427
1747033795526,905465129,-1.5201784,0.16439182,-1.7665043
1747033795543,905481796,-1.7991157,0.15586136,-2.2352347
1747033795560,905498463,-1.9062227,0.083962,-2.878111
1747033795576,905515130,-1.6273388,-0.033495706,-3.0132341
1747033795593,905531797,-0.72740513,0.14512789,-2.356111
1747033795610,905548464,-0.038113486,0.38950518,-0.90950775
1747033795626,905565131,0.2457692,0.36660233,0.24994183
1747033795643,905581798,0.4206385,-0.063445546,0.13608551
1747033795660,905598465,0.41676456,-0.5051766,-0.7470722
1747033795676,905615132,0.91122174,-0.023026584,-0.9393482
1747033795693,905631799,1.3966676,-0.078233555,-0.255188
1747033795710,905648466,1.8622646,0.6204487,1.095686
1747033795726,905665133,1.9473665,0.61707634,0.7905941
1747033795743,905681800,1.8024987,0.39561716,0.6231041
1747033795760,905698467,1.4410635,0.7923305,0.4074955
1747033795776,905715134,1.0560138,0.23660545,-0.53074646
1747033795793,905731801,0.8228898,-1.0863224,-1.9370856
1747033795810,905748468,0.75057113,-1.4982467,-1.8546066
1747033795826,905765135,0.9415966,-1.3545685,-0.8699856
1747033795843,905781802,0.7876807,-0.6146728,-0.25964642
1747033795860,905798469,0.9696735,0.15164572,0.37663174
1747033795876,905815136,0.5735289,0.8604524,0.5231552
1747033795893,905831803,-0.23200667,0.55313754,0.167202
1747033795910,905848470,-0.04332972,-0.21673459,-0.14805508
1747033795926,905865137,0.48469982,-0.22077732,0.25467014
1747033795943,905881804,0.85904384,-0.3652138,0.42460918
1747033795960,905898471,0.56735563,-0.22590958,0.4802208
1747033795976,905915138,0.66960186,-0.29882756,0.66417694
1747033795993,905931805,0.8523957,-0.023112804,0.94444084
1747033796010,905948472,0.7895482,0.24870712,1.4462719
1747033796026,905965139,0.5233245,0.33277917,1.9297571
1747033796043,905981806,0.4580472,0.10488703,1.7719421
1747033796060,905998473,0.032631494,-0.2667931,1.4495716
1747033796076,906015140,-0.15316443,-0.45938602,1.4995937
1747033796093,906031807,-0.1341441,-0.48747236,1.7734928
1747033796110,906048474,0.053589467,-0.45536238,2.5425491
1747033796126,906065141,-0.14905654,-0.37720037,3.3679094
1747033796143,906081808,-1.4294838,0.15617566,2.7653818
1747033796160,906098475,-0.5554518,0.327385,2.4265814
1747033796176,906115142,-0.08914434,0.268235,1.5467157
1747033796193,906131809,-0.7709152,0.20096117,-0.30646133
1747033796210,906148476,-0.67464983,0.18715209,-0.5268612
1747033796226,906165143,-0.0061308485,0.16176996,0.78229046
1747033796243,906181810,0.2629355,0.24424468,1.9645767
1747033796260,906198477,0.30793837,0.2673996,2.3309689
1747033796276,906215144,0.677542,-0.030655472,2.4990492
1747033796293,906231811,1.2008739,0.2256198,1.5817585
1747033796310,906248478,0.29977703,-0.09392439,1.9024353
1747033796326,906265145,-0.5968406,-0.12678494,1.7235565
1747033796343,906281812,-0.5173772,0.07451497,1.5338907
1747033796360,906298479,-0.43738994,0.13295065,1.5099831
1747033796376,906315146,-0.18927993,0.09129565,1.5064421
1747033796393,906331813,-0.03712103,-0.015984641,1.0267916
1747033796410,906348480,-0.16466077,-0.06556048,0.51828575
1747033796426,906365147,-0.07701173,-0.115123145,-0.0094976425
1747033796443,906381814,0.07146815,0.026926605,-0.2675581
1747033796460,906398481,0.12525834,0.011277681,-0.43533993
1747033796476,906415148,0.32859635,-0.03918942,-0.39577103
1747033796493,906431815,0.5592587,-0.06578914,-0.13528061
1747033796510,906448482,0.41662726,-0.04040209,0.030293465
1747033796526,906465149,0.41393402,-0.030167433,0.03373623
1747033796543,906481816,0.54143524,0.06779159,0.039087296
1747033796560,906498483,0.824567,0.03655666,0.2121296
1747033796576,906515150,1.1068746,0.014239564,0.4845686
1747033796593,906531817,1.3397012,-0.03579046,0.6042013
1747033796610,906548484,1.4974165,-0.18955642,0.40403843
1747033796626,906565151,1.3592008,-0.2453951,-0.13090038
1747033796643,906581818,1.1915655,-0.16098654,-0.7023983
1747033796660,906598485,1.0894343,-0.2525342,-0.99130726
1747033796676,906615152,0.7808985,-0.34398532,-0.76726437
1747033796693,906631819,0.4739164,-0.30597806,-0.41378975
1747033796710,906648486,0.34040073,-0.29798827,-0.23411179
1747033796726,906665153,0.32195768,-0.37510368,-0.27018547
1747033796743,906681820,0.36273113,-0.2861947,-0.28027725
1747033796760,906698487,0.32220834,-0.117866874,-0.27224064
1747033796776,906715154,0.2715402,-0.1657295,-0.28566647
1747033796793,906731821,0.09784526,0.005082573,-0.31485653
1747033796810,906748488,-0.143076,0.09599133,-0.25525188
1747033796826,906765155,-0.22928049,0.11321747,-0.15716553
1747033796843,906781822,-0.2630554,0.18240558,0.062478065
1747033796860,906798489,-0.18302123,0.13120379,0.1321497
1747033796876,906815156,0.0028027408,0.09550239,0.12782001
1747033796893,906831823,0.13239232,0.029260416,-0.053351402
1747033796910,906848490,0.14778453,0.005288093,-0.29775143
1747033796926,906865157,0.13769974,-0.020789945,-0.4594059
1747033796943,906881824,0.046244495,-0.08835936,-0.49493504
1747033796960,906898491,0.095324256,-0.16176057,-0.471529
1747033796976,906915158,0.13579708,-0.10899162,-0.43554783
1747033796993,906931825,0.084594175,-0.02973784,-0.4749546
1747033797010,906948492,0.04524774,0.04807663,-0.4701395
1747033797026,906965159,0.04617666,0.12592764,-0.44517994
1747033797043,906981826,0.06446829,0.22848131,-0.34471703
1747033797060,906998493,0.06636826,0.32717973,-0.3127842
1747033797076,907015160,0.004447684,0.294175,-0.35020065
1747033797093,907031827,-0.06273953,0.19548666,-0.28205776
1747033797110,907048494,-0.079366654,0.051624674,-0.15925217
1747033797126,907065161,-0.1696783,-0.060452767,-0.023983955
1747033797143,907081828,-0.043472152,-0.23076864,-0.07299614
1747033797160,907098495,0.063801885,-0.35047826,-0.07460117
1747033797176,907115162,0.14609432,-0.36657208,-0.014315605
1747033797193,907131829,0.22124252,-0.38885632,-0.07333088
1747033797210,907148496,0.16614299,-0.32805163,-0.15542126
1747033797227,907165163,0.1204442,-0.26453272,-0.108320236
1747033797243,907181830,0.23372146,-0.19490553,0.03796196
1747033797260,907198497,0.39169338,-0.07031416,0.1722889
1747033797277,907215164,0.47187698,0.0013775104,0.36673832
1747033797293,907231831,0.004924102,0.12148186,0.27750015
1747033797310,907248498,0.09330336,0.021649018,-0.288064
1747033797327,907265165,0.4077472,-0.14851777,-0.79899025
1747033797343,907281832,0.3381485,-0.21947095,-0.5399513
1747033797360,907298499,0.40801442,-0.33490825,-0.019370079
1747033797377,907315166,0.67313015,-0.44876865,-0.010389328
1747033797393,907331833,0.8625177,-0.49125487,-0.34555435
1747033797410,907348500,0.6929637,-0.5217807,-0.6018286
1747033797427,907365167,0.6322641,-0.5573653,-0.570076
1747033797443,907381834,0.3870348,-0.54988366,-0.37098598
1747033797460,907398501,0.15546958,-0.4512037,-0.20304108
1747033797477,907415168,-0.12653415,-0.4304161,-0.17777538
1747033797493,907431835,-0.1712649,-0.22606023,-0.22115421
1747033797510,907448502,0.10307658,-0.049012143,-0.45481396
1747033797527,907465169,0.589562,0.103749685,-0.64918995
1747033797543,907481836,0.9084471,0.30487716,-0.32973003
1747033797560,907498503,0.9682797,0.26664716,0.38681984
1747033797577,907515170,1.1244154,-0.13003336,1.1753168
1747033797593,907531837,0.6729761,-0.4457937,2.1054478
1747033797610,907548504,0.19957674,0.012988562,3.6011095
1747033797627,907565171,-0.32545632,1.7385104,4.9440403
1747033797643,907581838,-0.47552916,0.45768502,4.3918962
1747033797660,907598505,0.50974375,-0.7231174,3.3149338
1747033797677,907615172,0.07497317,-0.30745214,3.0437374
1747033797693,907631839,0.0060225567,-0.5464127,3.120757
1747033797710,907648506,0.6689974,-0.4969462,3.259097
1747033797727,907665173,1.3883398,-0.35603246,3.215455
1747033797743,907681840,1.510244,-0.14167927,2.2637653
1747033797760,907698507,1.4988269,0.0063314517,1.7525616
1747033797777,907715174,1.3903168,0.10100997,2.0236492
1747033797793,907731841,0.92747104,0.36480856,2.2553082
1747033797810,907748508,0.28271037,0.48528215,2.1606436
1747033797827,907765175,-0.035518333,0.36127394,2.1691875
1747033797843,907781842,-0.09244853,0.22682151,2.1615953
1747033797860,907798509,-0.16755906,0.18230812,1.9961824
1747033797877,907815176,-0.1814515,0.25544155,1.6511717
1747033797893,907831843,0.13420701,0.38269532,1.6238651
1747033797910,907848510,0.31069663,0.34115666,1.5533419
1747033797927,907865177,0.47016072,0.2738788,1.3605528
1747033797943,907881844,0.36585662,0.0920214,0.91953754
1747033797960,907898511,0.10708791,-0.018941158,0.4037199
1747033797977,907915178,0.22181918,-0.24793203,-0.069916725
1747033797993,907931845,0.65928155,-0.29849732,-0.53783417
1747033798010,907948512,0.9174244,-0.1743106,-0.7626848
1747033798027,907965179,1.0133257,0.048522204,-0.8585129
1747033798043,907981846,1.1479758,0.1530001,-0.8438244
1747033798060,907998513,1.1493224,0.16024671,-1.033968
1747033798077,908015180,0.9881702,0.049684025,-1.1854734
1747033798093,908031847,0.9992817,-0.017363716,-1.1233492
1747033798110,908048514,1.1410346,-0.22445796,-0.9365864
1747033798127,908065181,1.0989604,-0.18559778,-0.99346733
1747033798143,908081848,1.0341766,-0.27619562,-1.042881
1747033798160,908098515,0.97038686,-0.22412114,-1.2591076
1747033798177,908115182,0.8191074,0.04310615,-1.5061588
1747033798193,908131849,0.6541915,0.09783777,-1.3367949
1747033798210,908148516,0.43464983,-0.018174117,-1.4677792
1747033798227,908165183,-0.06604964,-0.06412676,-1.7779474
1747033798243,908181850,-0.57547987,-0.16107458,-2.2186537
1747033798260,908198517,-1.0366964,-0.2646453,-2.516027
1747033798277,908215184,-0.88729954,-0.08071571,-2.8550954
1747033798293,908231851,-1.0989829,-0.42063534,-2.7562966
1747033798310,908248518,-1.1279979,-0.7251079,-2.8351808
1747033798327,908265185,-1.4753658,-0.5326327,-1.8324876
1747033798343,908281852,-1.3098773,-0.2533917,-1.0997
1747033798360,908298519,-1.4816263,0.29789877,-0.28633785
1747033798377,908315186,-1.562374,0.6809602,-0.18765545
1747033798393,908331853,-2.0683057,0.7377095,0.37448025
1747033798410,908348520,-1.9466085,0.6683984,-0.05477333
1747033798427,908365187,-1.7262182,0.5801486,-0.37725163
1747033798443,908381854,-1.2356875,0.0029343339,-0.69368553
1747033798460,908398521,-1.232834,-0.4403558,-0.8038416
1747033798477,908415188,-1.7312791,-0.12548907,-1.0348787
1747033798493,908431855,-2.121371,0.093199134,-1.2424469
1747033798510,908448522,-2.1837168,0.16228747,-1.3137951
1747033798527,908465189,-2.0815067,0.18515554,-1.1622963
1747033798543,908481856,-1.8369712,0.33536637,-0.6194544
1747033798560,908498523,-1.4931957,0.311297,0.19059753
1747033798577,908515190,-1.1494619,0.18993813,0.7667923
1747033798593,908531857,-0.9547496,-0.04048915,0.83777905
1747033798610,908548524,-1.1022841,-0.055282522,0.5160799
1747033798627,908565191,-1.2759333,-0.09706237,0.21900177
1747033798643,908581858,-1.3082739,-0.12790376,-0.1465311
1747033798660,908598525,-1.084633,-0.3748201,-0.12038612
1747033798677,908615192,-0.7412593,-0.46236825,0.1443224
1747033798693,908631859,-0.63380176,-0.19773716,0.29766655
1747033798710,908648526,-0.7623739,0.10516709,0.20861244
1747033798727,908665193,-0.8826299,0.21209876,-0.12232113
1747033798743,908681860,-0.9487319,0.22230811,-0.21215248
1747033798760,908698527,-0.76604676,0.19742866,-0.01674366
1747033798777,908715194,-0.5266914,0.18518774,0.15909004
1747033798793,908731861,-0.4376074,0.11488912,0.11551094
1747033798810,908748528,-0.71542037,0.11082907,0.11077881
1747033798827,908765195,-0.7941867,0.115829274,0.20534706
1747033798843,908781862,-0.68926615,-0.06753975,0.3787861
1747033798860,908798529,-0.5668539,-0.10303355,0.5384617
1747033798877,908815196,-0.57303345,-0.03319877,0.56327915
1747033798893,908831863,-0.61969584,0.045655314,0.5359354
1747033798910,908848530,-0.7389499,0.12960371,0.44873142
1747033798927,908865197,-1.0784875,0.28830183,0.3242197
1747033798943,908881864,-1.5006464,0.36567283,0.22391415
1747033798960,908898531,-1.6206023,0.38203925,0.1812067
1747033798977,908915198,-1.5289524,0.31821483,0.05732155
1747033798993,908931865,-1.314616,0.048137736,0.057515144
1747033799010,908948532,-1.2510133,-0.2131694,0.1803093
1747033799027,908965199,-1.5489038,-0.34031892,0.11434364
1747033799043,908981866,-1.705926,-0.22051314,0.13306332
1747033799060,908998533,-1.8697144,-0.17383617,0.12198162
1747033799077,909015200,-1.9420558,-0.34460023,-0.10334587
1747033799093,909031867,-2.123723,-0.49136955,-0.52130413
1747033799110,909048534,-2.2335682,-0.46179354,-0.8041067
1747033799127,909065201,-2.200302,-0.33846483,-1.014081
1747033799143,909081868,-2.1887968,-0.19095321,-1.4020996
1747033799160,909098535,-2.0152903,0.014597205,-1.6500874
1747033799177,909115202,-1.6815287,0.0493135,-2.2149596
1747033799193,909131869,-1.2787509,0.17187247,-2.3701138
1747033799210,909148536,-1.046235,0.023805834,-2.5579524
1747033799227,909165203,-0.99064374,0.1780595,-2.483354
1747033799243,909181870,-0.92246556,0.065713115,-2.3378878
1747033799260,909198537,-0.87250566,0.11820583,-2.0747085
1747033799277,909215204,-0.4447257,-0.55278856,-2.6057143
1747033799293,909231871,-0.17896786,-0.100992374,-1.6026611
1747033799310,909248538,0.17649679,0.10497828,-0.7576151
1747033799327,909265205,0.21414872,0.3742583,-0.23962784
1747033799343,909281872,0.09355789,0.5847633,0.017626762
1747033799360,909298539,0.21347538,0.48741844,-0.059684753
1747033799377,909315206,0.26210788,0.0036397409,-0.33656502
1747033799393,909331873,0.78736037,-0.58439726,0.25150204
1747033799410,909348540,1.0398375,-0.1499572,0.38117886
1747033799427,909365207,1.5322633,0.31178325,0.06347656
1747033799443,909381874,2.2948322,0.31979072,-2.4223971
1747033799460,909398541,2.7089028,1.3893079,0.7312889
1747033799477,909415208,2.3983455,1.0974336,0.5415993
1747033799493,909431875,1.5680842,0.71024865,0.23745728
1747033799510,909448542,0.47933358,-0.4588306,-0.5380449
1747033799527,909465209,0.023150774,-0.9520685,-0.6004486
1747033799543,909481876,0.039758332,-1.221022,-0.7515726
1747033799560,909498543,0.27140626,-1.1201106,-0.70139885
1747033799577,909515210,0.68389195,-1.0078413,-0.5623417
1747033799593,909531877,0.7516831,-0.85534906,-0.3106928
1747033799610,909548544,0.6138993,-0.6968661,-0.1677475
1747033799627,909565211,0.4597965,-0.595109,0.10702801
1747033799643,909581878,0.17005262,-0.18701217,0.17583752
1747033799660,909598545,0.60127187,0.28049177,0.47668362
1747033799677,909615212,0.91739506,0.47973502,1.2619352
1747033799693,909631879,0.9257493,0.6363367,1.8617115
1747033799710,909648546,0.9696702,0.8800803,1.7218409
1747033799727,909665213,1.3431354,0.858277,1.2919397
1747033799743,909681880,1.4269606,0.5725688,1.0004148
1747033799760,909698547,1.0168492,0.25652593,0.7588463
1747033799777,909715214,0.3577373,-0.095360346,0.7475157
1747033799793,909731881,-0.1366124,-0.1855362,0.67488956
1747033799810,909748548,-0.0840278,-0.22358498,0.8947811
1747033799827,909765215,-0.090785265,0.0048960513,1.3370218
1747033799843,909781882,-0.0451181,0.10183675,2.219287
1747033799860,909798549,-0.5278984,0.35559806,2.6279755
1747033799877,909815216,-0.73146987,0.34170303,2.582304
1747033799893,909831883,-0.0122931,-0.08625544,2.703271
1747033799910,909848550,0.43246996,-0.1170392,2.0526056
1747033799927,909865217,-0.012732751,0.0142187765,0.6632252
1747033799943,909881884,0.011576071,0.13243568,0.5107174
1747033799960,909898551,0.51341105,0.09874411,1.4346695
1747033799977,909915218,1.1234592,-0.29899776,2.2265406
1747033799993,909931885,0.96162003,-0.92047125,3.1080074
1747033800010,909948552,0.56091624,-0.48122117,2.9193773
1747033800027,909965219,-0.24142306,0.15308805,2.9935274
1747033800043,909981886,-0.9238262,0.5212738,2.6426105
1747033800060,909998553,-0.81265825,0.6420108,1.8170786
1747033800077,910015220,-0.4999795,0.45923844,1.1188173
1747033800093,910031887,-0.39654037,0.19574203,0.86948013
1747033800110,910048554,-0.5730158,0.060886607,0.49800873
1747033800127,910065221,-0.5669778,-0.1777318,0.17680359
1747033800143,910081888,-0.41986248,-0.3114662,0.14459515
1747033800160,910098555,-0.08775331,-0.41335392,0.010702133
1747033800177,910115222,0.38099816,-0.50113875,-0.11955452
1747033800193,910131889,0.6104272,-0.5278208,-0.23079681
1747033800210,910148556,0.7906446,-0.5563138,-0.2853775
1747033800227,910165223,0.84452915,-0.540672,-0.180727
1747033800243,910181890,0.90008134,-0.40883538,-0.07689381
1747033800260,910198557,1.0504327,-0.3567593,0.043567657
1747033800277,910215224,1.3725256,-0.35401568,0.14739323
1747033800293,910231891,1.5909429,-0.30795392,0.0580616
1747033800310,910248558,1.7585187,-0.17671403,-0.13190746
1747033800327,910265225,1.5780984,-0.1205991,-0.40988064
1747033800343,910281892,1.474393,-0.24267249,-0.4102602
1747033800360,910298559,1.0907291,-0.08936026,-0.21868134
1747033800377,910315226,0.6225392,0.04125088,0.032824516
1747033800393,910331893,0.46826634,-0.040560897,0.16682243
1747033800410,910348560,0.3196812,0.040154103,0.20584202
1747033800427,910365227,0.16155942,0.038145393,0.044495583
1747033800443,910381894,0.090421274,0.17570466,-0.18302917
1747033800460,910398561,0.008921073,0.30459338,-0.2684002
1747033800477,910415228,-0.053103324,0.20737611,-0.20353031
1747033800493,910431895,-0.054542527,0.08596297,-0.04891014
1747033800510,910448562,-0.0845963,0.0714543,0.043431282
1747033800527,910465229,-0.19488207,-0.012768289,-0.06803131
1747033800543,910481896,-0.26300043,-0.13936692,-0.33305836
1747033800560,910498563,-0.098291725,-0.14908358,-0.4942894
1747033800577,910515230,0.09854463,-0.1309064,-0.46948814
1747033800593,910531897,0.17109145,-0.16449526,-0.43091297
1747033800610,910548564,0.19247751,-0.14938869,-0.3727064
1747033800627,910565231,0.26260382,-0.055517152,-0.39930153
1747033800643,910581898,0.30201897,-0.033487495,-0.38260174
1747033800660,910598565,0.23443313,-0.07250794,-0.35898018
1747033800677,910615232,0.2825264,-0.080644034,-0.3329382
1747033800693,910631899,0.40891495,-0.06066991,-0.2574644
1747033800710,910648566,0.4093861,0.016854217,-0.24640751
1747033800727,910665233,0.37030932,0.038675565,-0.32657623
1747033800743,910681900,0.30598208,0.058936454,-0.35464382
1747033800760,910698567,0.3113435,-0.05767517,-0.18349648
1747033800777,910715234,0.25704572,-0.124870315,-0.08160877
1747033800793,910731901,0.048120104,-0.19841547,-0.091794014
1747033800810,910748568,0.02861167,-0.24536268,-0.26958752
1747033800827,910765235,0.07853374,-0.30434406,-0.3049221
1747033800843,910781902,0.12502934,-0.29248312,-0.13133907
1747033800860,910798569,0.31974354,-0.2180124,0.020490646
1747033800877,910815236,0.49105975,-0.090455696,0.25055504
1747033800893,910831903,0.5037039,-0.06109034,0.052080154
1747033800910,910848570,0.33089796,-0.011708279,-0.14107132
1747033800927,910865237,0.10922877,-0.04247316,-0.1677103
1747033800943,910881904,0.23996842,-0.08262358,0.042456627
1747033800960,910898571,0.50896204,-0.12990841,0.27240562
1747033800977,910915238,0.5414326,-0.11744175,0.29733372
1747033800993,910931905,0.6394227,-0.14658628,0.17079449
1747033801010,910948572,0.5858405,-0.15152279,-0.20228195
1747033801027,910965239,0.09813079,-0.10795028,-0.26791763
1747033801043,910981906,-0.17799746,-0.1508271,-0.26857758
1747033801060,910998573,-0.14423726,-0.284572,-0.2759676
1747033801077,911015240,-0.27499738,-0.39255726,0.12985611
1747033801093,911031907,-0.49590942,-0.382258,0.4413414
1747033801110,911048574,-0.59541965,-0.16697513,0.25014973
1747033801127,911065241,-0.20251916,0.05120693,0.5831108
1747033801143,911081908,0.42525664,-0.010377483,1.3331442
1747033801160,911098575,0.94519067,0.20572668,1.4941988
1747033801177,911115242,0.76311344,0.44262862,2.2437963
1747033801193,911131909,-0.0370504,1.1211166,3.9917707
1747033801210,911148576,-0.64375126,1.3167229,5.142456
1747033801227,911165243,0.23408489,0.50674856,4.99384
1747033801243,911181910,0.9745315,-0.29255277,4.4104986
1747033801260,911198577,1.4327242,-0.23045862,3.5477428
1747033801277,911215244,1.4137653,-0.021429751,3.828619
1747033801293,911231911,1.0429746,-0.22030108,3.757285
1747033801310,911248578,0.75068456,-0.26062593,3.2174168
1747033801327,911265245,0.5771367,-0.39228737,2.8992958
1747033801343,911281912,0.4065031,-0.26170918,2.4295282
1747033801360,911298579,0.29109222,-0.14643484,1.9778814
1747033801377,911315246,0.31886917,-0.032997776,1.8133001
1747033801393,911331913,0.56320775,-0.08993681,1.731617
1747033801410,911348580,0.849353,-0.10042873,1.6231947
1747033801427,911365247,1.2050993,-0.22948769,1.7681284
1747033801443,911381914,1.3620577,-0.2811205,1.9423018
1747033801460,911398581,1.461745,-0.20049705,1.9187298
1747033801477,911415248,1.3766592,-0.09334516,1.6073484
1747033801493,911431915,1.0945593,-0.16518591,1.2668409
1747033801510,911448582,0.57777953,-0.17515297,0.7311287
1747033801527,911465249,0.37805116,-0.34651336,-0.25653934
1747033801543,911481916,0.46159515,-0.4879913,-0.9754381
1747033801560,911498583,0.79124945,-0.616833,-1.733201
1747033801577,911515250,0.9700746,-0.24005252,-2.0393767
1747033801593,911531917,0.89659595,-0.017779449,-2.5351496
1747033801610,911548584,0.56405216,0.11949841,-2.6895947
1747033801627,911565251,0.1356261,0.097145215,-2.4350152
1747033801643,911581918,-0.21687862,-0.038467586,-2.1674342
1747033801660,911598585,-0.45179605,-0.42013717,-1.8851223
1747033801677,911615252,-0.39250803,-0.8234327,-1.4870167
1747033801693,911631919,-0.37438565,-1.0423417,-0.9622536
1747033801710,911648586,-0.28866202,-1.1399201,-0.77441406
1747033801727,911665253,0.028875206,-1.0421585,-0.96493053
1747033801743,911681920,0.23049732,-0.5699846,-1.2427368
1747033801760,911698587,0.45053583,-0.38048437,-1.1083946
1747033801777,911715254,0.28075072,-0.040844142,-0.5720434
1747033801793,911731921,-0.331044,0.21362698,0.31426907
1747033801810,911748588,-1.2164317,0.24105422,0.94036674
1747033801827,911765255,-1.5832341,0.22232156,-0.02927494
1747033801843,911781922,-1.6738276,0.08778675,-1.3322477
1747033801860,911798589,-1.4589138,0.7135957,-2.3180547
1747033801877,911815256,-1.2856592,0.64441836,-2.8407545
1747033801893,911831923,-1.4881382,0.7715706,-2.8309178
1747033801910,911848590,-1.4267181,0.97990686,-2.7999415
1747033801927,911865257,-1.6960183,0.62716824,-2.4710693
1747033801943,911881924,-1.953311,0.224583,-1.7836161
1747033801960,911898591,-1.8487419,0.12788968,-1.2607193
