timestamp_ms,timestamp_μs,freeAcceleration_m/s²_x,freeAcceleration_m/s²_y,freeAcceleration_m/s²_z
1751412003249,248466753,0.0393665,-0.04240432,-0.046164513
1751412003266,248483420,0.023796922,0.0014343944,-0.01665306
1751412003282,248500087,0.0413832,0.030686876,0.06221199
1751412003299,248516754,-0.030309362,0.07159913,0.080163
1751412003316,248533421,-0.038555034,0.064462475,0.06270504
1751412003332,248550088,-0.048628706,0.08064459,0.036616325
1751412003349,248566755,-0.013283989,0.032273035,0.010974884
1751412003366,248583422,0.017596057,0.0043658786,0.019680977
1751412003382,248600089,0.008814848,0.035781294,0.028103828
1751412003399,248616756,-0.012146924,0.06778734,0.023021698
1751412003416,248633423,-0.025296973,0.060731266,0.04805374
1751412003432,248650090,-0.05580666,0.081041776,0.07134533
1751412003449,248666757,-0.02669147,0.056708477,0.04460621
1751412003466,248683424,-0.003065536,0.06997409,-0.01571846
1751412003482,248700091,-0.14745373,0.17154922,-0.070160866
1751412003499,248716758,-0.39895648,0.36369884,-0.06139183
1751412003516,248733425,-0.24278955,0.28293297,-0.0681324
1751412003532,248750092,0.088937536,-0.0034787557,-0.096488
1751412003549,248766759,0.31695864,-0.2512715,0.059793472
1751412003566,248783426,0.3142735,-0.30773464,0.19745064
1751412003582,248800093,0.089838125,-0.123124234,0.124251366
1751412003599,248816760,0.11192858,-0.07506437,0.06896782
1751412003616,248833427,0.035028894,0.013567236,0.10322571
1751412003632,248850094,0.15876673,0.00897371,0.14115715
1751412003649,248866761,0.20181343,-0.059012562,0.18826199
1751412003666,248883428,0.12136385,0.022695394,0.16484833
1751412003682,248900095,0.024439745,0.0679913,0.13886547
1751412003699,248916762,-0.027535064,0.08984338,0.07997131
1751412003716,248933429,0.0438918,-0.014708829,0.029610634
1751412003732,248950096,0.0021120298,-0.0052376906,0.04789543
1751412003749,248966763,0.17298707,-0.039536647,0.07619953
1751412003766,248983430,0.1243982,-0.0077612638,0.1138401
1751412003782,249000097,0.15881327,0.0025343017,0.15091991
1751412003799,249016764,0.12474806,0.013215204,0.15829849
1751412003816,249033431,0.113472775,0.04651193,0.17172813
1751412003832,249050098,0.14907151,0.040380858,0.11585426
1751412003849,249066765,0.21158575,-0.026381793,0.095479965
1751412003866,249083432,0.2425514,-0.06141622,0.05658722
1751412003882,249100099,0.24220428,-0.096351855,-0.018981934
1751412003899,249116766,0.27751368,-0.069956094,-0.21743107
1751412003916,249133433,0.7987426,-0.060653146,-0.120957375
1751412003932,249150100,0.5749667,0.0865678,0.19992638
1751412003949,249166767,0.38732627,0.39050305,0.6206322
1751412003966,249183434,0.26612133,0.67704713,0.70861816
1751412003982,249200101,0.26479134,0.68889445,0.6301651
1751412003999,249216768,0.51472557,0.61344475,0.5742426
1751412004016,249233435,0.86500216,0.22409889,0.51025486
1751412004032,249250102,1.0850846,-0.1040559,0.42934322
1751412004049,249266769,1.0133541,-0.142249,0.49100685
1751412004066,249283436,0.8454304,-0.019794531,0.6344242
1751412004082,249300103,1.1344419,-0.13006498,0.83335686
1751412004099,249316770,1.7504498,-0.34992775,0.89686775
1751412004116,249333437,1.9266313,-0.28238514,1.2157879
1751412004132,249350104,2.1278877,-0.11741068,1.5255518
1751412004149,249366771,2.2179382,-0.05012993,1.5958023
1751412004166,249383438,2.207564,0.04616258,1.6826859
1751412004182,249400105,2.4620447,0.053504307,1.5631142
1751412004199,249416772,2.402484,-0.17394449,1.1122532
1751412004216,249433439,1.7014378,-0.28612676,0.6586752
1751412004232,249450106,-0.033250738,-1.0327525,0.5367174
1751412004249,249466773,-0.61010605,-1.2090178,0.6861372
1751412004266,249483440,-0.1260759,-1.6493518,0.2519846
1751412004282,249500107,0.7191067,-0.86305606,-0.90491295
1751412004299,249516774,2.5932336,0.085786395,-2.7212906
1751412004316,249533441,4.015338,-0.2264294,-4.4369006
1751412004332,249550108,4.4169064,-0.80698067,-5.245629
1751412004349,249566775,2.9560838,-1.1110967,-3.589017
1751412004366,249583442,6.3645244,0.05395135,-6.0298643
1751412004382,249600109,5.1597037,0.66498095,-4.447734
1751412004399,249616776,4.3713408,0.50287604,-3.6906843
1751412004416,249633443,4.2233915,0.286331,-2.7438679
1751412004432,249650110,4.2785764,1.0728595,-2.109508
1751412004449,249666777,4.0013213,1.6416738,-1.2841625
1751412004466,249683444,3.0799637,1.8159101,-0.31243038
1751412004482,249700111,2.5726843,2.018976,0.70634747
1751412004499,249716778,1.8736767,1.9998971,1.5293093
1751412004516,249733445,1.066557,1.9247863,2.194806
1751412004532,249750112,0.12995066,1.5360427,2.9838963
1751412004549,249766779,-1.0492029,0.8355956,3.560792
1751412004566,249783446,-2.3204873,0.099105194,3.867628
1751412004582,249800113,-3.6867447,-0.42143747,3.7350092
1751412004599,249816780,-5.242126,-1.098895,2.8608503
1751412004616,249833447,-6.6281776,-0.9027811,1.7698975
1751412004632,249850114,-7.599225,-0.9396469,0.17088223
1751412004649,249866781,-8.568483,0.0874718,-1.2936554
1751412004666,249883448,-8.91846,-0.510563,-3.1033864
1751412004682,249900115,-9.588505,-1.347845,-4.6480436
1751412004699,249916782,-10.6325445,-1.6913637,-5.752022
1751412004716,249933449,-9.838168,-2.2753224,-5.3559036
1751412004732,249950116,-8.464103,-2.4087741,-4.305227
1751412004749,249966783,-4.2359033,-0.84289753,-1.430687
1751412004766,249983450,18.115658,0.032920666,10.400349
1751412004782,250000117,4.4152255,-3.9454334,1.0837431
1751412004799,250016784,-11.592151,-2.6172519,-0.78861237
1751412004816,250033451,4.4332395,0.7030833,7.0172443
1751412004832,250050118,-1.7110003,2.1060014,-3.0515566
1751412004849,250066785,-9.074727,5.8241577,0.51783085
1751412004866,250083452,-3.1366158,3.3331985,3.2258024
1751412004882,250100119,-1.5069143,0.6464647,-2.1530519
1751412004899,250116786,0.6009859,-1.7210997,-1.1573715
1751412004916,250133453,1.4983708,-2.5706403,-0.16096973
1751412004932,250150120,-0.33902407,-0.33237174,-0.17986679
1751412004949,250166787,-1.1128991,0.9520543,0.76294136
1751412004966,250183454,-0.25053382,0.695787,1.2159786
1751412004982,250200121,0.3208022,0.18372855,0.68823624
1751412004999,250216788,0.0052324384,-0.098470084,0.16758251
1751412005016,250233455,-0.30207917,-0.059568997,-0.0020303726
1751412005032,250250122,0.21168093,-0.2897995,0.28667927
1751412005049,250266789,0.17112043,-0.08298947,0.49098492
1751412005066,250283456,0.05389607,0.21567649,0.6209173
1751412005082,250300123,0.1238126,0.16952966,0.576066
1751412005099,250316790,0.31159046,-0.018933782,0.20177937
1751412005116,250333457,0.28285608,-0.031479787,0.02381134
1751412005132,250350124,0.61299187,-0.09397155,-0.040628433
1751412005149,250366791,0.66909134,-0.06749443,-0.1283865
1751412005166,250383458,0.8057834,-0.21659511,-0.16327763
1751412005182,250400125,0.733612,-0.24814649,-0.19802856
1751412005199,250416792,0.5832295,-0.098726735,-0.15740108
1751412005216,250433459,0.17198014,0.3149452,-0.07918167
1751412005232,250450126,0.3097889,0.3405384,-0.12571621
1751412005249,250466793,0.4320505,0.20723909,-0.093465805
1751412005266,250483460,0.4846101,0.17044885,-0.023592949
1751412005282,250500127,0.6368395,0.08949045,0.038002968
1751412005299,250516794,0.7090825,0.14272107,0.11654949
1751412005316,250533461,0.8946835,0.092939705,0.19469547
1751412005332,250550128,1.0479398,0.032794714,0.29558372
1751412005349,250566795,0.886251,0.20737231,0.46625423
1751412005366,250583462,1.0435281,-0.02131565,0.4163208
1751412005382,250600129,1.1498443,-0.16537656,0.36017132
1751412005399,250616796,1.2255207,-0.24414644,0.46062183
1751412005416,250633463,1.1982145,-0.18523346,0.6279316
1751412005432,250650130,1.0055182,-0.15897147,0.84273434
1751412005449,250666797,1.6368582,-0.057967972,0.9926081
1751412005466,250683464,1.3554963,0.627038,1.3153458
1751412005482,250700131,1.2586596,1.01033,1.6206837
1751412005499,250716798,1.9842839,1.3313771,2.057518
1751412005516,250733465,3.1649082,1.2822455,3.0643806
1751412005532,250750132,3.201787,1.5245382,3.0302334
1751412005549,250766799,3.6043193,1.9473428,2.8800592
1751412005566,250783466,4.51216,2.2357466,3.0920506
1751412005582,250800133,5.393843,2.7919486,3.420929
1751412005599,250816800,6.8696966,3.6559894,3.4838161
1751412005616,250833467,8.894558,2.6377964,2.750226
1751412005632,250850134,10.942286,-0.12787704,-1.355197
1751412005649,250866801,8.586466,-1.5691534,-1.6629725
1751412005666,250883468,4.2582126,-2.6627035,1.0350409
1751412005682,250900135,4.2273736,-1.6927649,1.7361374
1751412005699,250916802,6.34467,-0.54243463,0.21609306
1751412005716,250933469,7.496403,-0.43513876,-3.0476775
1751412005732,250950136,7.4412045,-0.54213995,-4.4760337
1751412005749,250966803,6.2333903,-2.340516,-5.53334
1751412005766,250983470,5.7570586,-0.8298275,-7.4356446
1751412005782,251000137,5.72549,-0.19471678,-8.441981
1751412005799,251016804,6.1813636,1.2440279,-8.621729
1751412005816,251033471,5.010111,1.9394175,-8.156843
1751412005832,251050138,3.8002827,1.0191147,-6.565349
1751412005849,251066805,4.250983,1.212656,-5.9994116
1751412005866,251083472,4.211628,1.5600004,-4.804062
1751412005882,251100139,3.7610133,1.0712365,-3.5978441
1751412005899,251116806,3.7290263,1.6194198,-1.7353678
1751412005916,251133473,2.4039629,2.3495998,1.1919546
1751412005932,251150140,1.1984526,1.0700309,3.3001385
1751412005949,251166807,1.3048116,0.37879813,4.48678
1751412005966,251183474,-0.109825104,0.22335918,5.228079
1751412005982,251200141,-1.034206,-0.6414008,5.0092916
1751412005999,251216808,-2.11879,-1.6344761,5.439213
1751412006016,251233475,-3.3649197,-2.1270173,5.6589727
1751412006032,251250142,-4.3988156,-2.1683965,4.61837
1751412006049,251266809,-5.5758586,-2.0129242,3.8460073
1751412006066,251283476,-6.935136,-1.613644,3.3879147
1751412006082,251300143,-7.9585276,-2.0008519,1.619832
1751412006099,251316810,-8.113121,-2.3979445,-0.1664877
1751412006116,251333477,-10.0405035,-1.4902979,-1.5074692
1751412006132,251350144,-10.749686,-1.4126725,-3.4549918
1751412006149,251366811,-10.856621,-1.8610564,-5.1817303
1751412006166,251383478,-11.004369,-2.338343,-5.721125
1751412006182,251400145,-9.705102,-2.835113,-5.368746
1751412006199,251416812,-8.320448,-3.1566412,-4.9730773
1751412006216,251433479,-7.8757153,-3.0997438,-4.560902
1751412006232,251450146,-7.331771,-2.492943,-3.7114196
1751412006249,251466813,-6.5742946,-1.8223093,-3.229434
1751412006266,251483480,-5.953163,-0.55574113,-2.357348
1751412006282,251500147,2.536752,-3.408724,2.0617027
1751412006299,251516814,30.003717,-0.9844615,17.099327
1751412006316,251533481,-16.355793,-3.8222735,-0.25979996
1751412006332,251550148,-8.736012,5.3372965,3.4875174
1751412006349,251566815,-10.756849,8.545789,1.6791048
1751412006366,251583482,-10.302006,5.7845225,0.89621735
1751412006382,251600149,-2.8977091,1.8514746,0.97073936
1751412006399,251616816,3.0547516,-4.095167,-2.460278
1751412006416,251633483,1.5136484,-2.583527,0.11619949
1751412006432,251650150,-1.8483891,-1.144738,-0.88084126
1751412006449,251666817,-1.8449264,-0.04477635,0.94305515
1751412006466,251683484,-1.6987557,0.27507716,1.1749382
1751412006482,251700151,-0.9572357,0.8052884,0.5329256
1751412006499,251716818,-0.816291,0.34286788,0.47072887
1751412006516,251733485,0.33270717,-1.1065643,0.79792595
1751412006532,251750152,-0.25094554,-0.7917936,-0.20685959
1751412006549,251766819,-0.8033891,0.1593121,0.29724312
1751412006566,251783486,-0.55951834,0.24137801,0.36188984
1751412006582,251800153,-0.112869404,-0.43419427,0.10404301
1751412006599,251816820,0.061967403,-0.60224146,0.3719511
1751412006616,251833487,-0.07140473,-0.4186572,0.25805378
1751412006632,251850154,-0.25161132,-0.043735676,0.27987003
1751412006649,251866821,-0.5381207,0.17390102,0.42193222
1751412006666,251883488,-0.47670755,0.014545441,0.30365467
1751412006682,251900155,-0.40514764,-0.18405566,0.107925415
1751412006699,251916822,-0.48740402,-0.35386056,0.005897522
1751412006716,251933489,-0.57638156,-0.4616555,-0.22264004
1751412006732,251950156,-0.469984,-0.6175065,-0.39772797
1751412006749,251966823,-0.39131978,-0.44030935,-0.37320232
1751412006766,251983490,-0.19171388,-0.27602577,-0.14308453
1751412006782,252000157,-0.005149068,-0.0964711,0.07277489
1751412006799,252016824,0.075571634,0.13956976,0.22919941
1751412006816,252033491,0.09191546,0.37996575,0.43559742
1751412006832,252050158,0.28265226,0.48155418,0.6830816
1751412006849,252066825,0.27898037,0.5570788,1.0321312
1751412006866,252083492,0.2993072,0.50997674,1.0878229
1751412006882,252100159,0.14614752,0.5395728,0.8245697
1751412006899,252116826,0.28074524,0.44931403,0.8244839
1751412006916,252133493,0.71958286,0.17157838,1.2545519
1751412006932,252150160,0.83844304,0.170571,1.6173658
1751412006949,252166827,0.9640669,0.816291,2.0023718
1751412006966,252183494,1.4193475,1.5176055,3.0676994
1751412006982,252200161,1.6225722,1.9614742,3.1425295
1751412006999,252216828,2.2954302,2.2051282,2.8080692
1751412007016,252233495,2.7610564,2.2079313,2.57656
1751412007032,252250162,3.2169814,2.674466,2.5648594
1751412007049,252266829,3.4733217,3.2681947,2.5099726
1751412007066,252283496,5.7006264,1.8493729,1.5058413
1751412007082,252300163,9.086439,-0.11901827,-1.0237846
1751412007099,252316830,8.780364,-0.3427666,-1.4000816
1751412007116,252333497,4.4559345,-2.0273232,2.0660963
1751412007132,252350164,4.6293225,-0.40301532,4.664233
1751412007149,252366831,6.6500115,1.0130649,1.8592844
1751412007166,252383498,7.2810516,0.5946601,-1.2439756
1751412007182,252400165,7.280933,1.041807,-3.2140865
1751412007199,252416832,6.2883964,0.4419967,-5.212702
1751412007216,252433499,6.8552747,3.2216902,-7.931606
1751412007232,252450166,6.048296,3.388503,-8.486958
1751412007249,252466833,6.130473,4.4038005,-8.370222
1751412007266,252483500,4.0989423,2.670036,-7.924588
1751412007282,252500167,4.698522,2.6437774,-6.9412737
1751412007299,252516834,5.0188217,2.9262528,-6.3307104
1751412007316,252533501,4.9139915,2.7405515,-5.4715505
1751412007332,252550168,4.205465,2.178422,-3.7826562
1751412007349,252566835,3.9876053,2.1707747,-1.88028
1751412007366,252583502,2.870024,2.1314666,0.5746918
1751412007382,252600169,2.0056925,1.2241889,2.4065237
1751412007399,252616836,1.83577,0.8491731,3.6584435
1751412007416,252633503,0.36833996,0.31452408,4.7817526
1751412007432,252650170,-0.09371451,-0.6947766,4.7159395
1751412007449,252666837,0.22271077,-1.7455872,5.1341515
1751412007466,252683504,-0.7773224,-2.7686567,5.949898
1751412007482,252700171,-2.1076512,-4.1656547,6.2812347
1751412007499,252716838,-4.2778044,-5.0748696,6.1297626
1751412007516,252733505,-7.5003123,-5.3200374,4.986866
1751412007532,252750172,-12.768322,-3.797063,3.3968735
1751412007549,252766839,-11.661248,-3.4793653,1.0898027
1751412007566,252783506,-14.59558,-4.9763837,-2.564011
1751412007582,252800173,-19.148666,-7.6871624,-8.539842
1751412007599,252816840,-19.19541,-8.731751,-11.161935
1751412007616,252833507,-10.329049,-8.961763,-6.5231247
1751412007632,252850174,-7.9974384,-7.6167173,-4.6492567
1751412007649,252866841,-7.5973215,-4.9537706,-3.2318892
1751412007666,252883508,4.7169747,0.9032525,4.681489
1751412007682,252900175,19.60732,2.6602273,12.811695
1751412007699,252916842,-20.497278,-6.196771,-4.4289155
1751412007716,252933509,-4.2349267,2.758372,7.941227
1751412007732,252950176,-2.8317997,2.715285,-3.0678306
1751412007749,252966843,-12.448876,3.9293854,-0.5051155
1751412007766,252983510,-5.1451583,2.7912164,4.1610622
1751412007782,253000177,-0.5517656,-1.4104941,-2.493555
1751412007799,253016844,3.5720425,-2.9942298,-0.62329197
1751412007816,253033511,-1.2936586,-0.89799434,-0.04444599
1751412007832,253050178,-1.5717467,-0.018303253,0.84495926
1751412007849,253066845,-2.0024478,0.1514373,0.99405384
1751412007866,253083512,-1.0964543,0.14964037,0.7554674
1751412007882,253100179,-0.576893,-0.25458896,-0.14490795
1751412007899,253116846,-0.0957601,-0.7955157,0.38673592
1751412007916,253133513,-0.9648758,-0.4032707,0.52049255
1751412007932,253150180,-1.099393,0.035062253,0.4046259
1751412007949,253166847,-0.40163586,0.054223794,0.31851196
1751412007966,253183514,0.10245672,-0.26833355,0.39556885
1751412007982,253200181,0.15512319,-0.5267228,0.15067005
1751412007999,253216848,0.2505759,-0.5020445,-0.08540726
1751412008016,253233515,0.175169,-0.34605438,-0.12193966
1751412008032,253250182,0.033755206,-0.19701862,-0.06461716
1751412008049,253266849,-0.04581166,-0.22202235,0.026556969
1751412008066,253283516,-0.13564822,-0.3003624,0.0055704117
1751412008082,253300183,-0.28942627,-0.22185527,0.013597488
1751412008099,253316850,-0.47419336,-0.16214132,0.075009346
1751412008116,253333517,-0.48481274,-0.17651735,0.00954628
1751412008132,253350184,-0.302579,-0.18923679,-0.03271389
1751412008149,253366851,-0.10770279,-0.105387256,0.17225933
1751412008166,253383518,0.13875556,-0.008882405,0.31985474
1751412008182,253400185,0.15804757,0.17388526,0.47272778
1751412008199,253416852,0.11248368,0.2374671,0.6465702
1751412008216,253433519,0.13643432,-0.04636944,0.8551216
1751412008232,253450186,0.5945373,0.18080857,1.0255861
1751412008249,253466853,0.4071549,0.3405611,1.0395288
1751412008266,253483520,0.261479,0.5784538,1.0817213
1751412008282,253500187,0.30261767,0.5815048,1.0948772
1751412008299,253516854,0.62793326,0.5475258,1.4848852
1751412008316,253533521,1.2730933,1.024334,2.5196571
1751412008332,253550188,1.4542289,1.2619456,2.9466143
1751412008349,253566855,1.5951428,1.9290323,2.8507824
1751412008366,253583522,2.133378,2.0675604,2.5783195
1751412008382,253600189,2.4101565,2.0313625,2.2305088
1751412008399,253616856,3.079026,2.5519414,1.9190207
1751412008416,253633523,3.060402,2.9194229,1.787857
1751412008432,253650190,4.3096027,3.1331139,1.7554874
1751412008449,253666857,7.06818,1.5473086,0.70527935
1751412008466,253683524,7.159031,-0.54872763,-0.5015087
1751412008482,253700191,5.2181783,-1.4700398,0.900198
1751412008499,253716858,4.033383,-1.7029562,2.559866
1751412008516,253733525,4.7725906,0.7442512,2.1134167
1751412008532,253750192,4.2062435,1.6878471,0.19416714
1751412008549,253766859,5.380504,1.5256606,-1.6436148
1751412008566,253783526,6.673798,0.5174943,-3.7058544
1751412008582,253800193,5.852696,0.48992756,-4.935303
1751412008599,253816860,6.8444963,1.8884817,-8.289502
1751412008616,253833527,6.501622,3.1126018,-8.90268
1751412008632,253850194,4.468006,3.4520667,-7.516724
1751412008649,253866861,3.6918583,2.4651632,-7.346315
1751412008666,253883528,4.035138,2.0625982,-6.656113
1751412008682,253900195,4.4098554,2.0630653,-5.8345594
1751412008699,253916862,4.001136,2.0702446,-4.3833437
1751412008716,253933529,3.620344,1.9285816,-2.6162524
1751412008732,253950196,2.636115,2.2707708,-0.10412216
1751412008749,253966863,0.95560706,1.1429545,1.9927769
1751412008766,253983530,1.653347,0.9421842,2.7940788
1751412008782,254000197,0.6334773,0.3547716,3.7251654
1751412008799,254016864,-0.39339107,-0.6100033,3.8418188
1751412008816,254033531,0.6892143,-1.2266592,4.3873453
1751412008832,254050198,-0.027334964,-2.3115466,5.3322897
1751412008849,254066865,-1.5902855,-3.5879142,5.950906
1751412008866,254083532,-2.3214457,-4.223009,5.9812603
1751412008882,254100199,-3.5959988,-4.071162,5.771389
1751412008899,254116866,-6.5402155,-4.241803,4.7642727
1751412008916,254133533,-11.020903,-2.6454525,2.8640823
1751412008932,254150200,-13.230795,-4.541349,-0.9509516
1751412008949,254166867,-16.03763,-7.9690228,-6.721569
1751412008966,254183534,-16.84237,-8.008754,-8.368983
1751412008982,254200201,-7.528508,-6.952502,-4.3815656
1751412008999,254216868,-5.6192536,-5.7498627,-3.3059926
1751412009016,254233535,-6.744971,-4.0024977,-2.907763
1751412009032,254250202,-6.7464757,-2.564758,-2.3236704
1751412009049,254266869,-4.371022,-1.6359682,-1.9578819
1751412009066,254283536,1.4843433,-0.37597305,1.0214558
1751412009082,254300203,9.920709,1.1084788,3.4353676
1751412009099,254316870,1.3186022,-0.47462875,4.1462555
1751412009116,254333537,-14.0703,-0.72983104,1.4176121
1751412009132,254350204,-11.129838,5.555487,4.366952
1751412009149,254366871,-4.214968,2.425635,1.2068357
1751412009166,254383538,-1.8043268,0.46090618,0.3831148
1751412009182,254400205,0.8671417,-1.0446184,-1.0766335
1751412009199,254416872,1.4445739,-1.4343973,0.074323654
1751412009216,254433539,-0.29464987,-0.7015247,-0.22080421
1751412009232,254450206,0.23477554,-0.9404064,-0.23389244
1751412009249,254466873,-0.053885285,-0.9437818,-1.1907997
1751412009266,254483540,-0.69529694,-0.62423223,-0.5420742
1751412009282,254500207,-0.3923847,-0.37938216,-0.06279755
1751412009299,254516874,0.050676644,-0.4388012,-0.07644081
1751412009316,254533541,0.8848486,-0.8470531,0.54633904
1751412009332,254550208,0.42158666,-0.663423,0.33442307
1751412009349,254566875,-0.48624986,-0.35759515,-0.34927082
1751412009366,254583542,-0.7022412,-0.15296747,0.5051975
1751412009382,254600209,-1.0522087,0.19602947,0.9548731
1751412009399,254616876,-1.1094294,0.08373019,0.9456711
1751412009416,254633543,-0.35825193,-0.015975477,0.83645344
1751412009432,254650210,-0.47952023,0.15146814,0.951334
1751412009449,254666877,-0.56770974,0.2104779,0.79439545
1751412009466,254683544,-0.508517,0.0039381864,0.51463985
1751412009482,254700211,-0.06745956,0.04875287,0.25475883
1751412009499,254716878,-0.26937458,-0.07693137,0.072919846
1751412009516,254733545,0.1540543,-0.1792784,-0.08178711
1751412009532,254750212,0.21661602,-0.36677995,-0.2876768
1751412009549,254766879,0.28677115,-0.51920986,-0.39212036
1751412009566,254783546,0.3523895,-0.6741914,-0.45719624
1751412009582,254800213,0.45349985,-0.6470162,-0.29499722
1751412009599,254816880,0.044528697,-0.6188725,-0.21284866
1751412009616,254833547,0.3078122,-0.45313194,-0.14792728
1751412009632,254850214,0.4667004,-0.26108134,-0.030787468
1751412009649,254866881,0.44580564,-0.15033258,0.24257088
1751412009666,254883548,0.10259591,-0.030777287,0.28643894
1751412009682,254900215,0.14366765,0.048123345,0.3007679
1751412009699,254916882,0.08708691,0.016354332,0.31582546
1751412009716,254933549,0.21531741,-0.024331843,0.40085602
1751412009732,254950216,0.26338565,-0.060062513,0.4217453
1751412009749,254966883,0.29796243,-0.14109802,0.32576942
1751412009766,254983550,0.3769004,-0.15553764,0.2458067
1751412009782,255000217,0.38969573,-0.21217348,0.16618061
1751412009799,255016884,0.4239016,-0.28632545,0.07213497
1751412009816,255033551,0.2013655,-0.29613924,0.0029182434
1751412009832,255050218,0.18591706,-0.2923897,-0.05332184
1751412009849,255066885,-0.06448371,-0.25528935,-0.11989403
1751412009866,255083552,0.0016592484,-0.22106862,-0.15881348
1751412009882,255100219,-0.032702852,-0.16666567,-0.14182663
1751412009899,255116886,-0.05392563,-0.20652832,-0.19211483
1751412009916,255133553,0.14669837,-0.29487437,-0.16734695
1751412009932,255150220,0.0757795,-0.33050525,-0.121328354
1751412009949,255166887,-0.10048528,-0.37449116,-0.077153206
1751412009966,255183554,0.10909075,-0.38829285,-0.06505489
1751412009982,255200221,0.011861162,-0.34867027,-0.11161995
1751412009999,255216888,0.1412556,-0.27812657,-0.11113262
1751412010016,255233555,0.25029808,-0.2677864,-0.029945374
1751412010032,255250222,0.440191,-0.3037595,0.11219692
1751412010049,255266889,0.34221163,-0.45343894,0.17678261
1751412010066,255283556,0.6358737,-0.46008042,0.18218708
1751412010082,255300223,0.8206581,-0.44487762,0.028697014
1751412010099,255316890,0.92163926,-0.44279873,0.057647705
1751412010116,255333557,0.21807556,-0.2964079,0.013240814
1751412010132,255350224,-0.10327103,-0.094160646,0.05862999
1751412010149,255366891,-0.23507707,-0.05490171,0.13259411
1751412010166,255383558,-0.09618902,-0.016633835,0.11947346
1751412010182,255400225,-0.18122676,-0.12674704,0.17419338
1751412010199,255416892,0.14213681,-0.21875794,0.08097839
1751412010216,255433559,-0.037465464,-0.2985295,0.09086323
1751412010232,255450226,-0.03519435,-0.37385806,0.09223652
1751412010249,255466893,0.015933791,-0.5440851,0.0107831955
1751412010266,255483560,0.51642644,-0.60565305,-0.043917656
1751412010282,255500227,0.33639684,-0.8078278,0.041918755
1751412010299,255516894,0.6316342,-0.693404,-0.077409744
1751412010316,255533561,0.43707958,-0.7647755,-0.12208748
1751412010332,255550228,0.7311236,-0.65217245,0.046875
1751412010349,255566895,0.3860071,-0.6937084,0.043211937
1751412010366,255583562,0.041389458,-0.478923,-0.015672684
1751412010382,255600229,-0.13781607,-0.012043772,-0.02827549
1751412010399,255616896,0.40869075,0.5063775,0.36603832
1751412010416,255633563,0.87165785,1.1319436,1.0942469
1751412010432,255650230,-0.28003624,0.73820627,1.3716497
1751412010449,255666897,0.06508787,0.5159088,1.0294886
1751412010466,255683564,0.18987024,-0.6633688,0.48723125
1751412010482,255700231,1.1564093,-0.42568177,0.62550354
1751412010499,255716898,1.3944712,-0.30860814,0.19701576
1751412010516,255733565,1.6493244,-0.35534504,-0.15397263
1751412010532,255750232,2.0199275,-0.4404229,-0.35159206
1751412010549,255766899,2.2425067,-0.54741395,-0.5791359
1751412010566,255783566,2.0424001,-0.53317183,-0.6314573
1751412010582,255800233,1.724046,-0.44331783,-0.6900301
1751412010599,255816900,1.3500476,-0.23212938,-0.66052246
1751412010616,255833567,0.89777195,-0.3641091,-0.69479275
1751412010632,255850234,0.53051805,-0.13900025,-0.5766878
1751412010649,255866901,0.13324188,-0.011791649,-0.3978281
1751412010666,255883568,0.06720677,0.18893304,-0.40817165
1751412010682,255900235,-0.35938692,-0.17216969,-0.1235199
1751412010699,255916902,-0.72374344,-0.433475,-0.16710758
1751412010716,255933569,-0.7656946,-0.5534905,-0.10838413
1751412010732,255950236,-0.5384244,-0.8909947,-0.051056862
1751412010749,255966903,-0.32192883,-1.1414498,0.18915367
1751412010766,255983570,0.03948982,-1.396302,0.1286745
1751412010782,256000237,0.35580269,-1.6101114,-0.001332283
1751412010799,256016904,0.7252629,-1.5852314,-0.11536598
1751412010816,256033571,0.89520156,-2.0231574,0.04671955
1751412010832,256050238,1.033912,-3.1605186,-0.02814293
1751412010849,256066905,0.95294124,-3.5306835,-0.2909708
1751412010866,256083572,0.44523737,-3.4392698,-0.45129585
1751412010882,256100239,-0.12676045,-2.6670215,-0.117313385
1751412010899,256116906,-1.2325957,-1.3385566,0.25031567
1751412010916,256133573,-2.8082075,-0.47483182,0.2207632
1751412010932,256150240,-3.481149,-0.9234032,-0.09946251
1751412010949,256166907,-3.802207,-1.2666531,0.104976654
1751412010966,256183574,-4.426119,-1.1617017,0.34832096
1751412010982,256200241,-5.0398507,-1.4145973,0.2512102
1751412010999,256216908,-4.8473525,-1.5274416,0.36157608
1751412011016,256233575,-3.9377153,-1.1674123,0.35144615
1751412011032,256250242,-3.049994,-0.93738574,0.5586405
1751412011049,256266909,-2.1230032,-0.7126433,0.6106577
1751412011066,256283576,-0.76882154,-0.063748576,0.28817654
1751412011082,256300243,0.5328875,0.8516849,-0.027387619
1751412011099,256316910,1.484097,1.760563,-0.28790283
1751412011116,256333577,2.2284596,2.4085712,-0.6301613
1751412011132,256350244,3.484152,2.9266622,-1.3791227
1751412011149,256366911,4.6857405,3.6857936,-2.0548973
1751412011166,256383578,6.058143,5.542022,-2.6670556
1751412011182,256400245,7.7670536,8.170487,-3.237049
1751412011199,256416912,9.090077,8.486786,-2.874487
1751412011216,256433579,2.2257988,11.964607,-0.255538
1751412011232,256450246,-9.838204,10.364158,3.5886745
1751412011249,256466913,1.2484249,2.0317805,1.296978
1751412011266,256483580,2.421766,-3.1311727,1.6296186
1751412011282,256500247,5.6105328,-3.449059,-0.28634644
1751412011299,256516914,-0.07834442,-0.031465705,0.6845188
1751412011316,256533581,1.7306094,-0.9546451,0.5407448
1751412011332,256550248,0.811403,0.8447916,0.14536953
1751412011349,256566915,1.2271417,1.1214398,0.10227203
1751412011366,256583582,1.3593081,0.77592766,-0.69944286
1751412011382,256600249,0.6239952,1.1432936,-0.29337883
1751412011399,256616916,-0.2325907,1.4003824,0.4619112
1751412011416,256633583,-0.20247279,1.1669142,0.38674927
1751412011432,256650250,0.096584864,0.7757272,0.18025208
1751412011449,256666917,0.48562348,0.31863135,0.4031067
1751412011466,256683584,0.26960355,0.55981165,0.25554752
1751412011482,256700251,0.24039444,0.7372009,-0.013018608
1751412011499,256716918,0.68983024,0.38236517,0.37990284
1751412011516,256733585,1.0645238,0.06959501,0.3082962
1751412011532,256750252,0.9514705,0.23881085,-0.19635105
1751412011549,256766919,0.30736026,0.6553979,0.33011246
1751412011566,256783586,0.24047491,0.6413961,0.5226364
1751412011583,256800253,0.3105793,0.5119736,0.13225746
1751412011599,256816920,0.5717278,0.3631634,-0.10826206
1751412011616,256833587,0.7553232,0.2710052,0.15715313
1751412011633,256850254,0.7708233,0.29641795,0.03262043
1751412011649,256866921,0.8260878,0.30583033,-0.18181705
1751412011666,256883588,0.32818228,0.64807737,-0.08107281
1751412011683,256900255,0.3769184,0.6436529,0.06519699
1751412011699,256916922,0.2877479,0.66478115,-0.017107964
1751412011716,256933589,0.36533862,0.5055662,-0.035663605
1751412011733,256950256,0.33524975,0.35251257,-0.018195152
1751412011749,256966923,0.19555953,0.33366752,0.033600807
1751412011766,256983590,0.020924836,0.3790098,0.050038338
1751412011783,257000257,-0.010565011,0.43047926,0.065439224
1751412011799,257016924,-0.025984721,0.5650191,0.04073906
1751412011816,257033591,-0.13230224,0.6813605,0.051156044
1751412011833,257050258,-0.034805883,0.6709519,0.09698677
1751412011849,257066925,0.1210953,0.63049495,0.09806538
1751412011866,257083592,0.13414353,0.61404777,0.066869736
1751412011883,257100259,0.1346384,0.58869064,0.06865597
1751412011899,257116926,0.17691766,0.54830724,0.030744553
1751412011916,257133593,0.004743392,0.6162277,-0.015742302
1751412011933,257150260,-0.015332988,0.59865934,0.03609276
1751412011949,257166927,0.18154661,0.43129194,0.061715126
1751412011966,257183594,0.276625,0.29840478,0.09894848
1751412011983,257200261,0.3421952,0.26355374,0.15547562
1751412011999,257216928,0.30849794,0.377158,0.21200085
1751412012016,257233595,0.21934712,0.41927588,0.22204208
1751412012033,257250262,0.110689424,0.4603998,0.2823887
1751412012049,257266929,-0.086246945,0.49888226,0.3560028
1751412012066,257283596,-0.0747329,0.53787744,0.3915224
1751412012083,257300263,-0.1715976,0.5417947,0.46241856
1751412012099,257316930,-0.22598188,0.77839506,0.5704832
1751412012116,257333597,-0.58075774,0.48925802,0.6913748
1751412012133,257350264,-0.5256421,0.3220008,0.66326904
1751412012149,257366931,-0.24458441,-0.06953488,0.8629246
1751412012166,257383598,-0.13247524,-0.39433742,0.93406296
1751412012183,257400265,-0.38408154,-0.70447475,1.163476
1751412012199,257416932,-1.1422571,-0.9527213,2.389454
1751412012216,257433599,-1.0766883,-0.8961821,2.6077147
1751412012233,257450266,-1.1124504,-1.4039265,2.3156319
1751412012249,257466933,-1.6194206,-1.4632114,2.151867
1751412012266,257483600,-1.6458716,-1.5962726,2.0059004
1751412012283,257500267,-2.3577306,-1.5889844,1.5618839
1751412012299,257516934,-2.4437265,-0.9660334,0.8222637
1751412012316,257533601,-3.338216,-1.006555,0.19127178
1751412012333,257550268,-2.8907645,-0.80260104,0.3369999
1751412012349,257566935,-3.845354,-0.06344326,0.38355732
1751412012366,257583602,-5.4751277,0.60003597,-0.28652573
1751412012383,257600269,-5.046566,1.086876,-0.24660397
1751412012399,257616936,-2.8410246,1.6929529,1.0504684
1751412012416,257633603,-2.172087,1.6991451,2.5595856
1751412012433,257650270,-3.777486,0.5234841,2.6521769
1751412012449,257666937,-3.7233863,-0.18383896,1.6874332
1751412012466,257683604,-4.6041636,0.19071421,0.25551605
1751412012483,257700271,-5.9482512,0.3225149,-1.3670235
1751412012499,257716938,-6.727174,0.11932798,-3.591372
1751412012516,257733605,-6.2292895,-0.026757183,-6.0173864
1751412012533,257750272,-6.483551,-2.4977734,-8.539749
1751412012549,257766939,-5.8287477,-2.625274,-8.2304325
1751412012566,257783606,-5.0208216,-2.4543505,-7.7739096
1751412012583,257800273,-3.8740888,-2.4464743,-6.9404173
1751412012599,257816940,-3.9646504,-2.8871439,-5.7227216
1751412012616,257833607,-4.216198,-3.2211785,-4.8144135
1751412012633,257850274,-4.0628266,-2.8654718,-3.5958896
1751412012649,257866941,-4.023491,-2.87609,-2.221191
1751412012666,257883608,-2.841448,-2.606756,0.11723518
1751412012683,257900275,-2.2514575,-1.7886808,1.6066685
1751412012699,257916942,-2.187832,-1.3677341,2.6562376
1751412012716,257933609,-0.9430626,-1.0832938,3.9739075
1751412012733,257950276,-0.22725233,-0.3080648,4.34663
1751412012749,257966943,-0.4215052,0.6230596,4.6506004
1751412012766,257983610,0.21810395,1.2919645,5.476218
1751412012783,258000277,1.509049,2.5306442,5.919038
1751412012799,258016944,2.607965,3.5482597,5.930253
1751412012816,258033611,5.8566127,3.1875703,5.593814
1751412012833,258050278,8.699872,2.5666127,3.975541
1751412012849,258066945,9.580608,2.8061202,2.1701498
1751412012866,258083612,11.9436245,4.9091306,-0.97790337
1751412012883,258100279,16.487272,7.822997,-7.055994
1751412012899,258116946,16.917662,8.455239,-9.748824
1751412012916,258133613,9.512368,7.9812016,-6.4286165
1751412012933,258150280,7.803098,6.7713203,-4.502867
1751412012949,258166947,8.09183,4.919152,-3.9036503
1751412012966,258183614,4.877351,1.9071838,-1.5374937
1751412012983,258200281,-13.362442,-3.842327,9.228155
1751412012999,258216948,-3.5336847,4.8824353,3.2427588
1751412013016,258233615,17.075003,2.8711834,1.5556221
1751412013033,258250282,-2.4530382,-3.1363602,4.7043705
1751412013049,258266949,10.600497,-1.2476077,-4.647635
1751412013066,258283616,7.893771,-2.1775603,3.6416855
1751412013083,258300283,2.9622264,-0.08218773,0.61256695
1751412013099,258316950,-2.4883966,1.8807734,-1.8932753
1751412013116,258333617,-1.869985,1.7163397,-0.04520321
1751412013133,258350284,1.2334703,0.56355083,0.3186636
1751412013149,258366951,1.4183844,0.28824878,0.8233223
1751412013166,258383618,1.4837257,0.1234471,0.973464
1751412013183,258400285,1.0905814,-0.035897747,0.36624432
1751412013199,258416952,-0.07191015,0.80292267,0.01802349
1751412013216,258433619,-0.3856897,1.060995,0.33785915
1751412013233,258450286,0.22537705,0.6363566,0.26434612
1751412013249,258466953,0.29039764,0.2224696,0.38075924
1751412013266,258483620,0.30748364,0.27364936,0.380476
1751412013283,258500287,0.1182388,0.4170982,0.563056
1751412013299,258516954,0.3091687,0.52749974,0.3586092
1751412013316,258533621,0.15008783,0.59565395,0.15096283
1751412013333,258550288,0.26028195,0.41595715,0.28525066
1751412013349,258566955,0.40232936,0.27485096,0.39896584
1751412013366,258583622,0.18975244,0.3130196,0.26948357
1751412013383,258600289,0.24090785,0.3522361,0.096138
1751412013399,258616956,0.49281433,0.34810445,0.015536308
1751412013416,258633623,0.48622182,0.43957645,-0.089411736
1751412013433,258650290,0.4724619,0.58381873,-0.21688461
1751412013449,258666957,0.23541167,0.6049946,-0.31692696
1751412013466,258683624,0.11635436,0.53721744,-0.31368065
1751412013483,258700291,0.0016680772,0.4054261,-0.13391876
1751412013499,258716958,-0.19863954,0.22852814,0.1575613
1751412013516,258733625,-0.22066137,0.03278868,0.33717823
1751412013533,258750292,-0.22701876,-0.06435005,0.43688774
1751412013549,258766959,-0.1589984,-0.14962338,0.55315876
1751412013566,258783626,-0.23210792,-0.20259103,0.68617916
1751412013583,258800293,-0.29939985,-0.24923438,0.77733994
1751412013599,258816960,-0.12769608,-0.3702664,0.85947037
1751412013616,258833627,-0.5437015,-0.23821162,0.9700146
1751412013633,258850294,-1.0162401,0.0306139,1.157157
1751412013649,258866961,-1.088616,0.02117383,1.3682833
1751412013666,258883628,-1.0387096,-0.19933042,1.3573103
1751412013683,258900295,-1.0526508,-0.76114434,1.4367352
1751412013699,258916962,-1.3463191,-1.6292863,1.8920612
1751412013716,258933629,-2.2313647,-2.5868673,3.012658
1751412013733,258950296,-2.8458595,-2.769384,3.192439
1751412013749,258966963,-2.9847975,-2.8995903,2.4365654
1751412013766,258983630,-3.5816529,-3.5941076,1.7698898
1751412013783,259000297,-4.2675757,-4.784186,2.0289307
1751412013799,259016964,-7.5831347,-4.1706085,1.2670183
1751412013816,259033631,-9.971069,-2.6793654,-0.93330383
1751412013833,259050298,-7.0078096,-0.5341653,0.122122765
1751412013849,259066965,-3.6285105,2.1849296,3.2661428
1751412013866,259083632,-3.0423043,-0.3353622,5.563715
1751412013883,259100299,-4.337877,-1.8891656,2.8006067
1751412013899,259116966,-5.7556114,-1.1543268,-0.39760876
1751412013916,259133633,-6.869906,0.56340265,-2.0864053
1751412013933,259150300,-7.2537336,1.783196,-5.309168
1751412013949,259166967,-5.807295,-3.1350372,-7.112504
1751412013966,259183634,-4.0923157,-3.1421354,-7.3445063
1751412013983,259200301,-5.3818545,-3.6112452,-8.616266
1751412013999,259216968,-3.3981242,-2.1951969,-7.402788
1751412014016,259233635,-3.0342505,-2.0712073,-6.6688166
1751412014033,259250302,-4.1320634,-2.774428,-6.96793
1751412014049,259266969,-3.8713987,-2.747162,-6.2877903
1751412014066,259283636,-3.7954812,-2.5533283,-5.0432057
1751412014083,259300303,-3.5645776,-2.3277566,-3.395687
1751412014099,259316970,-3.0379593,-2.5914114,-1.3871355
1751412014116,259333637,-2.5970075,-2.025147,0.59867287
1751412014133,259350304,-2.449115,-1.5453576,2.1886082
1751412014149,259366971,-1.2779351,-1.0448884,3.6333055
1751412014166,259383638,-0.11186533,-0.2415149,4.28724
1751412014183,259400305,0.5060025,0.6559958,4.813958
1751412014199,259416972,1.877702,1.9508374,5.626419
1751412014216,259433639,2.4690287,3.1448705,5.962804
1751412014233,259450306,3.1719828,4.4978127,5.754277
1751412014249,259466973,4.5550566,5.030585,5.604246
1751412014266,259483640,8.292208,7.0416346,4.3652277
1751412014283,259500307,10.402439,6.885521,2.420147
1751412014299,259516974,12.230161,6.649308,0.14322186
1751412014316,259533641,15.188667,9.053479,-5.2927346
1751412014333,259550308,17.644306,11.14287,-10.004993
1751412014349,259566975,14.08433,10.70968,-9.308977
1751412014366,259583642,8.67058,8.9232,-5.952072
1751412014383,259600309,5.6998873,3.1750274,-1.1035337
1751412014399,259616976,-9.720905,-9.631844,12.460264
1751412014416,259633643,-1.9637207,2.4676075,1.334528
1751412014433,259650310,12.511323,8.665885,-1.6082602
1751412014449,259666977,0.23613876,0.48913842,7.1644096
1751412014466,259683644,2.2343996,-0.88914055,-1.7306976
1751412014483,259700311,7.253091,0.7172739,-0.5526705
1751412014499,259716978,4.337095,0.5104826,1.5156794
1751412014516,259733645,1.1434945,0.6314129,-1.0787315
1751412014533,259750312,-2.0304122,1.2086486,-0.8462677
1751412014549,259766979,-0.41326964,1.2380519,0.8692436
1751412014566,259783646,0.085400276,0.62678844,0.28217697
1751412014583,259800313,1.0492827,0.30616537,0.5617533
1751412014599,259816980,1.6885076,-0.020215405,0.94809055
1751412014616,259833647,-0.07851429,0.4414041,0.106705666
1751412014633,259850314,-1.129692,1.0423951,-0.21094799
1751412014649,259866981,-0.50241756,0.96764344,-0.1741724
1751412014666,259883648,0.060946394,0.62890154,0.166358
1751412014683,259900315,-0.18673971,0.4671975,0.1893673
1751412014699,259916982,-0.45977598,0.32890558,0.22871304
1751412014716,259933649,-0.4024639,0.4576077,0.3946991
1751412014733,259950316,-0.051265154,0.44817343,0.37522125
1751412014749,259966983,0.31767026,0.45444632,0.16799831
1751412014766,259983650,0.22045195,0.43485048,0.1825962
1751412014783,260000317,0.16215597,0.38538706,0.22793007
1751412014799,260016984,0.02219439,0.40238768,0.17372513
1751412014816,260033651,0.110129975,0.44454178,0.0895586
1751412014833,260050318,0.12397772,0.45183167,0.011821747
1751412014849,260066985,0.27170235,0.5113661,-0.10969734
1751412014866,260083652,0.16970088,0.45904866,-0.0767498
1751412014883,260100319,0.1879621,0.4422425,-0.06862736
1751412014899,260116986,0.020415226,0.39990917,-0.14776993
1751412014916,260133653,-0.26302668,0.4291393,-0.094973564
1751412014933,260150320,-0.41676137,0.3619426,0.009225845
1751412014949,260166987,-0.47188523,0.26849806,0.1512146
1751412014966,260183654,-0.28066587,0.1792746,0.3027029
1751412014983,260200321,-0.25758728,0.15265152,0.42324066
1751412014999,260216988,-0.15471433,0.13669315,0.47476006
1751412015016,260233655,-0.25968406,0.19261363,0.53146935
1751412015033,260250322,-0.16112423,0.21588066,0.6198158
1751412015049,260266989,-0.19126496,0.050044104,0.5918102
1751412015066,260283656,0.0472341,-0.1434685,0.70460224
1751412015083,260300323,-0.47614095,-0.026903808,0.95591927
1751412015099,260316990,-0.7444226,-0.0114045255,1.2615023
1751412015116,260333657,-0.8548698,-0.4286994,2.0064526
1751412015133,260350324,-1.2014999,-0.7816599,2.83644
1751412015149,260366991,-1.007541,-1.2427689,2.6225119
1751412015166,260383658,-1.3722622,-1.5717556,2.288
1751412015183,260400325,-1.7133191,-1.6944466,2.2309322
1751412015199,260416992,-1.9353082,-1.7911452,2.3675432
1751412015216,260433659,-2.3694065,-2.026253,1.8642826
1751412015233,260450326,-2.695046,-1.828338,1.253417
1751412015249,260466993,-2.949236,-1.6002902,0.65536976
1751412015266,260483660,-4.1869073,-1.1520381,0.12718678
1751412015283,260500327,-5.4049907,0.56564534,-0.5373316
1751412015299,260516994,-5.800974,-0.014683013,-0.01309967
1751412015316,260533661,-5.546102,-0.052330866,0.86268806
1751412015333,260550328,-5.0218678,-0.67519534,1.3984146
1751412015349,260566995,-3.6682804,-1.9127619,1.6493139
1751412015366,260583662,-4.777392,-1.8133754,0.3786049
1751412015383,260600329,-5.9864054,-1.7580432,-0.8869314
1751412015399,260616996,-6.4802275,-2.4267924,-2.9833674
1751412015416,260633663,-5.998352,-3.0404346,-4.757951
1751412015433,260650330,-4.8439717,-4.0993,-5.873057
1751412015449,260666997,-5.64207,-4.742048,-7.0515623
1751412015466,260683664,-5.373265,-4.274911,-7.3507776
1751412015483,260700331,-4.5843477,-3.920072,-6.923348
1751412015499,260716998,-3.8052647,-3.7618713,-5.8271713
1751412015516,260733665,-3.638969,-3.871036,-5.0997825
1751412015533,260750332,-3.0909934,-3.8649096,-4.210425
1751412015549,260766999,-2.3180819,-3.9842486,-2.670226
1751412015566,260783666,-1.7262404,-4.0065465,-1.0645237
1751412015583,260800333,-1.0937386,-3.5348067,0.47386646
1751412015599,260817000,-1.3982307,-2.9521143,1.5363235
1751412015616,260833667,-0.6207938,-2.0379286,2.9041815
1751412015633,260850334,-0.34207138,-0.96187794,3.3665657
1751412015649,260867001,-0.877876,-0.46494114,3.7579956
1751412015666,260883668,-0.6149968,0.32578847,4.4376297
1751412015683,260900335,0.10483495,1.6016729,5.2106028
1751412015699,260917002,1.0462856,2.908114,6.015623
1751412015716,260933669,2.0977848,4.2622457,6.184246
1751412015733,260950336,6.436652,5.8813415,5.447914
1751412015749,260967003,11.154335,7.7436495,2.208887
1751412015766,260983670,10.121264,8.715934,-0.88519573
1751412015783,261000337,14.490706,10.19065,-4.156462
1751412015799,261017004,18.032013,13.71497,-10.3455105
1751412015816,261033671,16.808968,14.193446,-12.097149
1751412015833,261050338,9.77581,11.115217,-5.833232
1751412015849,261067005,-7.8929987,-4.141909,13.675627
1751412015866,261083672,-18.008717,8.517088,2.6051493
1751412015883,261100339,12.037185,11.426679,-0.70081615
1751412015899,261117006,1.7575123,-3.443042,5.344796
1751412015916,261133673,15.73884,-0.15103509,-4.318395
1751412015933,261150340,5.7075224,0.110518664,6.0045843
1751412015949,261167007,5.339077,0.5135721,-0.9311342
1751412015966,261183674,-3.4319856,0.9803705,-2.499971
1751412015983,261200341,-1.7236767,1.3576038,1.5364399
1751412015999,261217008,-0.16193916,1.2034168,0.86481
1751412016016,261233675,-0.6888891,0.9492336,0.30225658
1751412016033,261250342,0.49238363,0.6205851,-1.0940132
1751412016049,261267009,-0.13637352,0.49361563,0.09328079
1751412016066,261283676,-0.05434226,0.31333366,0.88142776
1751412016083,261300343,0.29356572,0.19530159,-0.35440922
1751412016099,261317010,-1.1067835,0.70894957,-0.82500076
1751412016116,261333677,-1.9097716,0.79905164,-0.11827946
1751412016133,261350344,-1.0923353,0.66048616,-0.11446476
1751412016149,261367011,-0.7006986,0.49726155,0.058057785
1751412016166,261383678,0.1156161,0.3793017,0.3123703
1751412016183,261400345,0.33067647,0.20433733,0.31475353
1751412016199,261417012,0.3760563,0.29855633,0.4056301
1751412016216,261433679,0.14933057,0.33111277,0.5154495
1751412016233,261450346,0.21631762,0.37047428,0.41412735
1751412016249,261467013,0.12149024,0.44552547,0.20936584
1751412016266,261483680,0.11310605,0.52089536,0.02049923
1751412016283,261500347,0.08002837,0.6229436,-0.14728355
1751412016299,261517014,-0.14139631,0.6811135,-0.17164135
1751412016316,261533681,-0.21544905,0.76830184,-0.18478775
1751412016333,261550348,-0.37209296,0.679995,-0.21593666
1751412016349,261567015,-0.48150277,0.5453975,-0.15836143
1751412016366,261583682,-0.49896115,0.37078765,0.010196686
1751412016383,261600349,-0.37807932,0.28082436,0.12784767
1751412016399,261617016,-0.18586622,0.251881,0.28000832
1751412016416,261633683,-0.14978988,0.2770517,0.3577118
1751412016433,261650350,-0.13244417,0.2501242,0.433753
1751412016449,261667017,-0.078046255,0.24053705,0.46791363
1751412016466,261683684,0.02972834,0.21967614,0.54385376
1751412016483,261700351,0.07867745,0.25536108,0.5933275
1751412016499,261717018,0.11833044,0.2705622,0.5596428
1751412016516,261733685,-0.06774074,0.32116622,0.5130663
1751412016533,261750352,-0.14662316,0.35776645,0.38633633
1751412016549,261767019,-0.09741544,0.3511402,0.23962402
1751412016566,261783686,-0.3325571,0.311086,-0.016736984
1751412016583,261800353,-0.34241426,0.22680329,-0.3165083
1751412016599,261817020,-0.3931888,0.32730255,-0.28786278
1751412016616,261833687,-0.60563964,0.68035334,0.14301968
1751412016633,261850354,-0.8146587,0.9050862,0.38301945
1751412016649,261867021,-0.71432996,0.89236945,0.24771786
1751412016666,261883688,-0.4413297,0.85378844,0.29679108
1751412016683,261900355,-0.7106697,0.8458727,0.29216576
1751412016699,261917022,-0.5894106,0.6950189,0.18978691
1751412016716,261933689,-0.56673366,0.6876186,0.32859612
1751412016733,261950356,-0.79668736,0.681316,0.43747425
1751412016749,261967023,-0.9966541,0.55907047,0.5853939
1751412016766,261983690,-0.8770324,0.43978208,0.7306185
1751412016783,262000357,-0.8378689,0.16851982,0.98502636
1751412016799,262017024,-0.84921175,0.07187908,1.0355806
1751412016816,262033691,-1.0691049,-0.2143525,1.1965351
1751412016833,262050358,-1.2720252,-0.13035208,1.1942043
1751412016849,262067025,-1.2058772,0.104826905,1.0088348
1751412016866,262083692,-1.3437946,0.23355137,0.5843897
1751412016883,262100359,-1.2783477,0.44611913,0.22556019
1751412016899,262117026,-1.4846524,0.7980872,-0.043369293
1751412016916,262133693,-1.947687,0.87430894,-0.28948307
1751412016933,262150360,-2.172006,1.1953591,-0.6069126
1751412016949,262167027,-2.2206957,1.2911031,-0.85423374
1751412016966,262183694,-2.297238,1.264287,-0.756608
1751412016983,262200361,-2.1139894,1.7262468,-0.68560886
1751412016999,262217028,-1.9372089,1.0722806,-0.71813583
1751412017016,262233695,-1.9383893,0.7947674,-1.1239672
1751412017033,262250362,-1.7688677,0.7333584,-1.1901455
1751412017049,262267029,-1.8799253,0.31398496,-1.2812881
1751412017066,262283696,-1.4499253,0.0012915697,-1.2226267
1751412017083,262300363,-1.6286173,0.061245903,-1.0813293
1751412017099,262317030,-2.4790137,-0.65332514,-1.3467274
1751412017116,262333697,-2.2234313,-1.1090578,-1.2952118
1751412017133,262350364,-1.6863667,-1.4246591,-1.2368393
1751412017149,262367031,-1.0320867,-1.7879722,-1.0705423
1751412017166,262383698,0.0658448,-2.0511324,-0.9729519
1751412017183,262400365,1.5040418,-1.6132003,-0.16612434
1751412017199,262417032,2.6771257,-0.93922734,0.73058033
1751412017216,262433699,3.6377866,0.083667435,1.3858776
1751412017233,262450366,4.2263913,0.76091564,1.5612411
1751412017249,262467033,4.140955,1.8403684,1.5353079
1751412017266,262483700,3.4799032,2.1905658,1.2957554
1751412017283,262500367,2.7881675,2.1684332,0.96938896
1751412017299,262517034,1.9676605,2.4081035,0.6958103
1751412017316,262533701,1.2503185,2.3143013,0.51262
1751412017333,262550368,0.53240603,1.8737279,0.38125038
1751412017349,262567035,0.02564974,1.5678043,0.3622532
1751412017366,262583702,-0.4453095,0.74218726,0.035154343
1751412017383,262600369,-0.65749013,0.6238133,-0.18953228
1751412017399,262617036,-0.75022936,0.7558111,-0.47857285
1751412017416,262633703,-0.7231477,0.09889019,-0.2372837
1751412017433,262650370,-0.89559686,-0.8271256,-0.040774345
1751412017449,262667037,-1.4379059,-0.6180018,0.27765942
1751412017466,262683704,-0.9201592,-1.1311842,0.16850376
1751412017483,262700371,-0.9858153,-0.6270412,-0.015461922
1751412017499,262717038,-0.73269004,-0.76927537,-0.09810257
1751412017516,262733705,-0.6112717,-0.27571067,-0.1772213
1751412017533,262750372,-0.38580394,-0.058535542,-0.25333595
1751412017549,262767039,-0.31007728,-0.1272796,-0.18449688
1751412017566,262783706,-0.32094842,-0.4555499,-0.29583263
1751412017583,262800373,-0.5025329,-0.29143536,-0.47915077
1751412017599,262817040,-0.5858428,-0.745281,-0.7035217
1751412017616,262833707,-0.87057954,-0.7224283,-0.806797
1751412017633,262850374,-1.4081755,-0.38051727,-0.80988693
1751412017649,262867041,-1.6206377,-0.1691616,-0.67042637
1751412017666,262883708,-1.3981682,-0.050580617,-0.62514305
1751412017683,262900375,-1.0783112,-0.42248693,-0.45462227
1751412017699,262917042,-0.8253585,-0.31264293,-0.08975124
1751412017716,262933709,-0.68022424,0.06102528,0.32449245
1751412017733,262950376,-0.63259786,0.07653761,0.37348652
1751412017749,262967043,-0.6921446,0.24269181,0.3581257
1751412017766,262983710,-0.714741,0.23273303,0.30239105
1751412017783,263000377,-0.87996185,0.447297,0.3470297
1751412017799,263017044,-0.77153975,0.2324088,0.39334583
1751412017816,263033711,-0.98779553,0.70228076,0.32622814
1751412017833,263050378,-0.84246606,0.95357734,0.15006828
1751412017849,263067045,-0.69228435,1.2674627,0.12243271
1751412017866,263083712,-0.74213266,1.5498286,-0.0387125
1751412017883,263100379,-0.7641048,1.8817759,-0.02169323
1751412017899,263117046,-0.51218754,1.6775206,0.20482922
1751412017916,263133713,-0.42536148,1.6186491,0.29592705
1751412017933,263150380,-0.5390967,1.7113296,0.14776611
1751412017949,263167047,-1.0160097,1.7247802,-0.12776566
1751412017966,263183714,-0.4354738,1.8286705,0.023399353
1751412017983,263200381,-0.8496096,2.2884746,-0.29654598
1751412017999,263217048,-1.0452815,1.352364,-0.59493065
1751412018016,263233715,-1.2575319,0.67600787,-0.5719719
1751412018033,263250382,-0.86804545,0.15875958,-0.50321865
1751412018049,263267049,0.18469703,-0.15024407,-0.3438282
1751412018066,263283716,-0.34740648,0.9991473,-0.51169395
1751412018083,263300383,-1.1284505,1.8857803,-0.93694687
1751412018099,263317050,-0.66345507,1.1458037,-0.61499786
1751412018116,263333717,-0.27467316,0.97842675,-0.78402996
1751412018133,263350384,-0.038413517,-0.008103266,-1.0349808
1751412018149,263367051,-0.003982365,-0.36478692,-0.9110861
1751412018166,263383718,-0.29430446,-0.54411805,-1.0006886
1751412018183,263400385,-1.5269116,-0.7367209,-1.5653791
1751412018199,263417052,-2.0253835,-1.3840448,-1.5912714
1751412018216,263433719,-1.3671685,-1.8451478,-1.1626654
1751412018233,263450386,-1.3327357,-1.7672077,-1.3501825
1751412018249,263467053,-1.9364432,-1.886836,-1.5335445
1751412018266,263483720,-2.0330641,-2.8252258,-1.6040659
1751412018283,263500387,-1.9581783,-3.0122018,-1.4113226
1751412018299,263517054,-1.7650166,-3.4666677,-1.457427
1751412018316,263533721,3.9372294,-2.9041023,1.4291439
1751412018333,263550388,12.919117,0.15598309,6.865061
1751412018349,263567055,5.29979,-11.7298355,0.74635315
1751412018366,263583722,-6.103713,-4.4182744,4.0420866
1751412018383,263600389,-0.3162762,2.734227,4.4339876
1751412018399,263617056,-2.5644526,1.6124678,-3.955584
1751412018416,263633723,-3.5684612,1.4664043,-0.16701794
1751412018433,263650390,-1.4344064,-0.39256632,-0.6290693
1751412018449,263667057,-3.4942281,0.7495129,0.0055599213
1751412018466,263683724,-2.860749,0.94876724,0.54142284
1751412018483,263700391,-1.676889,-0.20244808,1.0804491
1751412018499,263717058,-1.6012487,-0.08116236,0.74608326
1751412018516,263733725,-0.6273176,-0.26241785,0.022129059
1751412018533,263750392,-0.41109642,-0.18746501,0.45069885
1751412018549,263767059,-0.36877358,-0.33405945,0.61497116
1751412018566,263783726,0.11447786,-0.77604985,0.11418152
1751412018583,263800393,-0.16417027,-0.8552826,-0.22236252
1751412018599,263817060,-0.20344819,-0.7426975,0.08618641
1751412018616,263833727,-0.33525395,-0.6760944,0.24904442
1751412018633,263850394,0.053150766,-0.6989752,-0.08237171
1751412018649,263867061,-0.18747574,-0.55089206,0.17222023
1751412018666,263883728,-0.2700242,-0.47232825,0.082118034
1751412018683,263900395,-0.6597632,-0.3413007,-0.09054756
1751412018699,263917062,-0.45094913,-0.33335102,-0.06670666
1751412018716,263933729,-0.66774374,-0.2853867,0.003323555
1751412018733,263950396,-0.3721153,-0.39020804,-0.011501312
1751412018749,263967063,-0.34418067,-0.46358788,-0.079146385
1751412018766,263983730,-0.22038992,-0.4170135,-0.11439705
1751412018783,264000397,-0.47400895,-0.30961597,-0.056900978
1751412018799,264017064,-0.38787365,-0.2919305,-0.10070801
1751412018816,264033731,-0.5227618,-0.17969726,-0.055854797
1751412018833,264050398,-0.67220044,0.049783487,0.0909338
1751412018849,264067065,-0.3304733,0.028294617,0.25537205
1751412018866,264083732,-0.44436175,-0.11695383,0.18853092
1751412018883,264100399,-0.5147454,-0.17974186,0.16748142
1751412018899,264117066,-0.5064513,-0.23933063,0.24013329
1751412018916,264133733,-0.34808075,-0.25458473,0.28355408
1751412018933,264150400,-0.49417016,-0.16658153,0.23874474
1751412018949,264167067,-0.44529915,-0.09076593,0.23616028
1751412018966,264183734,-0.37229055,-0.105387926,0.20832634
1751412018983,264200401,-0.3178361,-0.20020704,0.116752625
1751412018999,264217068,-0.30213118,-0.24309638,0.08300495
1751412019016,264233735,-0.21061368,-0.27834,0.093170166
1751412019033,264250402,-0.119070046,-0.34798208,0.09176636
1751412019049,264267069,-0.27451023,-0.28177863,0.072405815
1751412019066,264283736,-0.23765217,-0.25315145,0.11036682
1751412019083,264300403,-0.23976749,-0.27095827,0.0552454
1751412019099,264317070,-0.2196264,-0.22840029,0.04312992
1751412019116,264333737,-0.29894367,-0.23384306,0.024723053
1751412019133,264350404,-0.40203142,-0.22347921,0.039660454
1751412019149,264367071,-0.42111897,-0.15117042,0.1554327
1751412019166,264383738,-0.62618184,-0.14207199,0.23151493
1751412019183,264400405,-0.67029077,-0.09408856,0.25276947
1751412019199,264417072,-0.63589233,-0.062295184,0.24366283
1751412019216,264433739,-0.53781,-0.06569951,0.22963142
1751412019233,264450406,-0.3850461,-0.089418255,0.2600298
1751412019249,264467073,-0.43695822,-0.033822317,0.2861061
1751412019266,264483740,-0.46153,0.013903065,0.27697945
1751412019283,264500407,-0.44909307,0.09217674,0.20892048
1751412019299,264517074,-0.48779446,0.10504148,0.19013023
1751412019316,264533741,-0.24751534,-0.0059539382,0.16333771
1751412019333,264550408,0.014154741,-0.25269067,0.09230232
1751412019349,264567075,0.044335693,-0.3487923,0.094376564
1751412019366,264583742,-0.06867983,-0.1867795,0.25956726
1751412019383,264600409,0.12513618,0.029664863,0.6882496
1751412019399,264617076,0.29245576,0.37075368,1.224927
1751412019416,264633743,0.6544466,0.42708096,1.608386
1751412019433,264650410,0.7187461,0.50647634,1.6006937
1751412019449,264667077,0.9391006,0.5042309,1.5062342
1751412019466,264683744,0.9631248,0.7164294,1.4747362
1751412019483,264700411,0.9752798,1.0983114,1.3202457
1751412019499,264717078,0.9210724,1.3158058,0.9701719
1751412019516,264733745,0.72556174,1.5880008,0.7337532
1751412019533,264750412,0.5553841,1.8234093,0.80905247
1751412019549,264767079,0.80528253,2.22204,1.1439571
1751412019566,264783746,2.015485,1.8815426,1.1359482
1751412019583,264800413,3.6364589,1.2943491,0.8962631
1751412019599,264817080,4.2564645,1.1016475,0.9172697
1751412019616,264833747,4.225642,0.72578895,0.810215
1751412019633,264850414,3.017831,0.27634627,1.3869934
1751412019649,264867081,1.8448287,0.2552592,2.231556
1751412019666,264883748,1.3177598,0.81286186,2.7057352
1751412019683,264900415,2.0817592,0.87246674,2.0080624
1751412019699,264917082,3.9650636,0.87553936,-0.106619835
1751412019716,264933749,4.992832,0.9670482,-2.6860485
1751412019733,264950416,4.5503006,1.8453449,-4.8136406
1751412019749,264967083,3.4630237,3.0776498,-6.061802
1751412019766,264983750,2.612184,3.9534163,-6.8970428
1751412019783,265000417,2.0433536,4.1928654,-7.058275
1751412019799,265017084,1.4979304,3.831837,-6.2097473
1751412019816,265033751,2.0552306,4.2059503,-5.719266
1751412019833,265050418,2.1615984,3.999618,-4.8303285
1751412019849,265067085,2.1388595,4.147159,-3.6147704
1751412019866,265083752,2.0192277,3.947986,-2.1241326
1751412019883,265100419,1.3136702,2.8530583,-0.10433102
1751412019899,265117086,1.4679891,2.086623,1.0506163
1751412019916,265133753,1.3382597,1.6653067,1.9290943
1751412019933,265150420,0.89451784,0.8430424,2.3877678
1751412019949,265167087,0.6441114,0.47185507,2.8601503
1751412019966,265183754,0.4463576,-0.1200801,3.3266077
1751412019983,265200421,0.16972166,-0.7805133,3.4333143
1751412019999,265217088,-0.056830626,-1.4351004,3.3613205
1751412020016,265233755,-0.4486553,-1.9507293,3.4650793
1751412020033,265250422,-0.759837,-2.2183888,3.555912
1751412020049,265267089,-1.1378043,-2.3863437,3.4047632
1751412020066,265283756,-2.547649,-1.9069357,3.1795778
1751412020083,265300423,-4.480141,-3.4240081,2.1146564
1751412020099,265317090,-3.8328664,-3.7356427,1.4912691
1751412020116,265333757,-4.622377,-4.788942,0.53173923
1751412020133,265350424,-4.9336505,-4.7168245,-0.18050575
1751412020149,265367091,-5.0874124,-4.7879043,-1.6408205
1751412020166,265383758,-5.423908,-5.3493543,-2.8669662
1751412020183,265400425,-5.5913177,-5.7260942,-3.4121366
1751412020199,265417092,-5.2694306,-5.7138186,-3.5947294
1751412020216,265433759,-4.8948345,-5.3096895,-3.7219968
1751412020233,265450426,-4.886645,-5.037832,-3.6100397
1751412020249,265467093,-4.646056,-4.8189573,-3.2581086
1751412020266,265483760,-4.227432,-4.4247246,-2.8605113
1751412020283,265500427,-3.9644537,-3.9647846,-2.5136776
1751412020299,265517094,-3.9114428,-3.3221526,-2.1510215
1751412020316,265533761,-2.5328553,-2.3842082,-1.2949839
1751412020333,265550428,10.940644,2.1418579,6.3370075
1751412020349,265567095,16.353458,5.1889,9.4753895
1751412020366,265583762,-15.62166,-11.410346,-0.47223282
1751412020383,265600429,-3.1265082,3.968872,5.6574907
1751412020399,265617096,-4.3722496,1.5444825,-1.8681426
1751412020416,265633763,-7.4224386,-0.06809747,-1.5804586
1751412020433,265650430,-0.19344153,0.6120344,1.5446539
1751412020449,265667097,0.57809883,-0.7589787,-0.69336605
1751412020466,265683764,2.5418308,-0.80658954,-0.25623417
1751412020483,265700431,0.52883196,-1.5856627,-0.8783016
1751412020499,265717098,1.1916089,-1.6502192,-1.0895386
1751412020516,265733765,-0.5695134,-0.93635947,-0.48653984
1751412020533,265750432,-2.549943,0.17206831,0.8038101
1751412020549,265767099,-1.0768213,0.1496598,1.1990986
1751412020566,265783766,0.17318991,-0.18779369,0.92644596
1751412020583,265800433,0.8399017,-0.62362146,0.12165165
1751412020599,265817100,0.26191807,-0.6514306,-0.058041573
1751412020616,265833767,-0.2852507,-0.47288087,0.5313196
1751412020633,265850434,-0.68912506,-0.29107153,0.4821558
1751412020649,265867101,-0.902217,-0.19910355,0.26190376
1751412020666,265883768,-0.09967013,-0.26311365,0.519248
1751412020683,265900435,0.13487308,-0.24735464,0.42632198
1751412020699,265917102,0.03875938,-0.19880371,0.12370205
1751412020716,265933769,-0.16721183,-0.17742023,0.084402084
1751412020733,265950436,-0.29185483,-0.24149457,0.004734993
1751412020749,265967103,-0.27524793,-0.3833643,-0.24544716
1751412020766,265983770,-0.20461862,-0.48762625,-0.29539394
1751412020783,266000437,-0.21414721,-0.51333416,-0.17920685
1751412020799,266017104,-0.20137367,-0.42590237,-0.0922184
1751412020816,266033771,-0.40256515,-0.28510487,0.013949394
1751412020833,266050438,-0.41295382,-0.17400685,0.06497955
1751412020849,266067105,-0.23880705,-0.16203505,0.044444084
1751412020866,266083772,-0.1846407,-0.05749044,0.11053562
1751412020883,266100439,0.11350457,0.014651945,0.24572182
1751412020899,266117106,0.33767322,0.055191383,0.32848167
1751412020916,266133773,0.32908627,0.09274558,0.35397148
1751412020933,266150440,0.0553427,0.1606363,0.45815277
1751412020949,266167107,0.042894818,0.08050579,0.67857456
1751412020966,266183774,0.03108864,0.13765985,0.91646004
1751412020983,266200441,-0.12980358,0.426412,0.9066677
1751412020999,266217108,-0.025460137,0.58222663,0.937356
1751412021016,266233775,0.13637508,0.64754766,1.2366791
1751412021033,266250442,0.80407447,0.59268594,1.4175758
1751412021049,266267109,0.885116,0.6086729,1.5851297
1751412021066,266283776,0.9575693,0.95531094,1.7478733
1751412021083,266300443,0.93242675,1.6520381,2.2913208
1751412021099,266317110,1.1286707,2.3976784,2.7380896
1751412021116,266333777,1.172625,3.035577,2.6277704
1751412021133,266350444,1.8576977,3.4401162,2.3537512
1751412021149,266367111,2.1067982,3.7549086,2.0000868
1751412021166,266383778,2.7875717,4.210258,1.593401
1751412021183,266400445,4.139391,4.8305836,1.0740557
1751412021199,266417112,6.5209484,5.3267903,0.2249937
1751412021216,266433779,7.7534246,4.3693643,-0.77436924
1751412021233,266450446,7.094705,2.775318,-0.84897804
1751412021249,266467113,3.449851,0.17370443,2.440795
1751412021266,266483780,2.0851629,1.3691669,4.80457
1751412021283,266500447,3.7252705,2.8149245,2.9883566
1751412021299,266517114,5.8170996,2.9057708,-0.018372536
1751412021316,266533781,7.27679,3.1165323,-2.4177709
1751412021333,266550448,7.165972,2.2509604,-4.7426214
1751412021349,266567115,6.177716,1.8647735,-7.63336
1751412021366,266583782,6.0676746,3.7787302,-9.060125
1751412021383,266600449,5.3655324,4.0334682,-9.199312
1751412021399,266617116,3.8621376,4.0307665,-7.6284394
1751412021416,266633783,2.812341,2.8277,-6.6960754
1751412021433,266650450,3.677093,3.213904,-6.578785
1751412021449,266667117,3.8215663,3.4259198,-5.544825
1751412021466,266683784,3.0671556,3.6991265,-4.294105
1751412021483,266700451,2.4680336,3.6800992,-2.7940936
1751412021499,266717118,1.4835047,3.5404334,-0.4844904
1751412021516,266733785,0.6760529,2.8007288,1.9152594
1751412021533,266750452,0.49878883,2.4436119,3.1246672
1751412021549,266767119,-1.0154064,1.7456557,4.2149343
1751412021566,266783786,-1.9867371,1.2791655,4.757818
1751412021583,266800453,-1.9619302,0.7102701,5.370843
1751412021599,266817120,-2.403991,-0.89089,5.6431656
1751412021616,266833787,-3.5309424,-2.6608257,6.1472893
1751412021633,266850454,-3.7652984,-3.7239575,6.2365093
1751412021649,266867121,-5.4346037,-5.6840687,5.6567793
1751412021666,266883788,-6.3754864,-7.9810457,4.075122
1751412021683,266900455,-7.3985615,-9.826489,1.7555819
1751412021699,266917122,-9.348603,-11.423107,-1.42978
1751412021716,266933789,-13.811793,-14.9100275,-7.1868105
1751412021733,266950456,-14.425283,-16.519049,-11.795568
1751412021749,266967123,-10.702694,-13.6415205,-9.390934
1751412021766,266983790,-7.5741773,-10.582071,-5.8702974
1751412021783,267000457,-3.578913,-3.4718988,0.14825153
1751412021799,267017124,12.562274,17.427181,16.061588
1751412021816,267033791,-0.5325469,-5.3921885,-1.5892477
1751412021833,267050458,-9.10919,-15.51149,-0.04704857
1751412021849,267067125,2.9903781,2.5305383,10.976755
1751412021866,267083792,-3.905554,-1.3689148,-7.203832
1751412021883,267100459,-7.6724772,-2.8140078,0.28275394
1751412021899,267117126,-5.056762,-0.5504554,3.1072445
1751412021916,267133793,0.40908605,-0.61451733,-0.9925194
1751412021933,267150460,1.2730108,-0.65530425,-0.09125042
1751412021949,267167127,0.0065475884,-0.96728414,0.019468307
1751412021966,267183794,-0.29876038,-0.7367655,0.6447983
1751412021983,267200461,-1.7278649,-0.70640624,0.79735565
1751412021999,267217128,-0.9923788,-0.38815817,0.11054325
1751412022016,267233795,0.6438539,-0.4705769,-0.075678825
1751412022033,267250462,0.5373885,-0.43367693,0.15672207
1751412022049,267267129,-0.87976557,-0.5384302,0.20620537
1751412022066,267283796,-0.5459865,-0.34535122,0.2434845
1751412022083,267300463,0.38164055,-0.15333906,0.2590704
1751412022099,267317130,0.15720716,-0.11205375,0.4018116
1751412022116,267333797,-0.19448979,-0.31279162,0.35234642
1751412022133,267350464,-0.28005636,-0.395266,0.18480396
1751412022149,267367131,-0.18800971,-0.46969616,0.015634537
1751412022166,267383798,-0.0031644965,-0.44493428,0.011111259
1751412022183,267400465,0.03904168,-0.39569739,0.065989494
1751412022199,267417132,0.070563935,-0.37382016,0.016735077
1751412022216,267433799,0.015000848,-0.4635424,-0.10173607
1751412022233,267450466,0.10494928,-0.51798534,-0.21134186
1751412022249,267467133,0.08264213,-0.44164082,-0.17113209
1751412022266,267483800,0.02541767,-0.2853723,-0.052012444
1751412022283,267500467,-0.18928194,-0.08598119,0.041646957
1751412022299,267517134,-0.20320144,0.05300811,0.23188496
1751412022316,267533801,-0.10685484,0.12696587,0.44095516
1751412022333,267550468,-0.14761913,0.09633364,0.54343414
1751412022349,267567135,-0.12403159,0.09970891,0.607255
1751412022366,267583802,0.02027732,0.074216135,0.61141586
1751412022383,267600469,0.052080307,0.0023670022,0.644989
1751412022399,267617136,0.32611233,0.1042156,0.7682848
1751412022416,267633803,0.50637484,0.22671723,0.7736225
1751412022433,267650470,0.2530855,0.46777508,0.77530766
1751412022449,267667137,0.051183797,0.63232017,0.8208847
1751412022466,267683804,-0.009860274,0.70005107,0.8917084
1751412022483,267700471,0.19738296,0.7898387,1.1214027
1751412022499,267717138,0.66852593,0.7580641,1.3025637
1751412022516,267733805,0.8777794,0.87767214,1.3780975
1751412022533,267750472,0.99052113,1.4981823,1.8400621
1751412022549,267767139,1.305639,2.011724,2.5608444
1751412022566,267783806,1.24723,2.5166683,2.2581987
1751412022583,267800473,1.7405435,2.837549,1.8733654
1751412022599,267817140,1.6930546,3.1406531,1.6583576
1751412022616,267833807,1.5892671,3.6969125,1.7565508
1751412022633,267850474,2.848828,4.587135,1.3639269
1751412022649,267867141,5.8599377,5.6844316,0.449152
1751412022666,267883808,7.537319,5.4434347,-0.5522957
1751412022683,267900475,6.9843254,4.4502244,-0.36500835
1751412022699,267917142,5.174617,1.4632376,1.2153397
1751412022716,267933809,2.7972262,0.3061627,4.3992863
1751412022733,267950476,2.6774442,2.869473,4.292206
1751412022749,267967143,4.441632,3.7876282,1.177105
1751412022766,267983810,6.1856856,3.8471327,-1.0232248
1751412022783,268000477,7.7311845,3.2301621,-3.455587
1751412022799,268017144,6.455914,1.4571241,-5.774169
1751412022816,268033811,5.2245197,4.6558566,-8.739098
1751412022833,268050478,4.3099794,4.106773,-8.501907
1751412022849,268067145,4.0263734,5.120802,-8.528389
1751412022866,268083812,2.1638837,3.3216815,-7.417365
1751412022883,268100479,2.3722265,3.1672966,-6.622736
1751412022899,268117146,2.7834368,3.6398528,-6.0264096
1751412022916,268133813,2.308571,4.4658523,-5.008418
1751412022933,268150480,1.4479797,4.356443,-3.6108246
1751412022949,268167147,0.55392766,4.43101,-1.3083763
1751412022966,268183814,-0.03879291,3.3994834,1.1102657
1751412022983,268200481,0.16259584,2.4607968,2.5799265
1751412022999,268217148,-0.31220782,1.7712796,3.7453928
1751412023016,268233815,-1.2427343,0.38486496,4.2179956
1751412023033,268250482,-0.92902446,-0.18922941,5.01233
1751412023049,268267149,-0.1950772,-1.4516311,6.1468105
1751412023066,268283816,-0.32955152,-4.016349,7.353878
1751412023083,268300483,-1.09242,-6.3458786,8.261475
1751412023099,268317150,-6.354749,-8.974735,7.442465
1751412023116,268333817,-7.6960945,-12.275621,2.3114634
1751412023133,268350484,-11.170898,-14.877801,-2.1334686
1751412023149,268367151,-17.943811,-19.37438,-9.43771
1751412023166,268383818,-17.70106,-18.4724,-13.1942215
1751412023183,268400485,-9.697393,-14.403219,-8.126226
1751412023199,268417152,-1.8405932,-3.3430057,2.809741
1751412023216,268433819,7.8599825,10.697614,11.511072
1751412023233,268450486,0.9754225,-4.147735,-1.7636976
1751412023249,268467153,-4.68287,-12.499058,-1.1623354
1751412023266,268483820,3.5303078,-0.38884372,7.3401966
1751412023283,268500487,-7.5075407,-1.5372635,-1.6393452
1751412023299,268517154,-7.0996737,-1.835323,0.7897663
1751412023316,268533821,-2.8818333,-0.8748523,2.3141298
1751412023333,268550488,-0.8924982,-0.8799383,-1.9397836
1751412023349,268567155,2.6513371,-0.3227851,-0.23723602
1751412023366,268583822,0.7538734,-1.0090942,0.8253498
1751412023383,268600489,0.9226671,-0.365149,-0.37530327
1751412023399,268617156,-0.4840801,-0.31163406,-0.46420097
1751412023416,268633823,-1.2343223,-0.22203241,0.15635967
1751412023433,268650490,0.33269948,-0.0005926446,0.21057701
1751412023449,268667157,0.8819822,-0.36606607,-0.12314987
1751412023466,268683824,0.3941299,-0.6700108,-0.33113766
1751412023483,268700491,-0.031961013,-0.70010674,-0.102739334
1751412023499,268717158,0.23370157,-0.45676693,0.32548332
1751412023516,268733825,-0.014597408,-0.29822886,0.58001995
1751412023533,268750492,-0.3191195,-0.35083017,0.6382303
1751412023549,268767159,-0.36362854,-0.4033526,0.63816357
1751412023566,268783826,-0.1919156,-0.45644027,0.47622967
1751412023583,268800493,-0.25599855,-0.4328069,0.20060062
1751412023599,268817160,0.02940067,-0.4164965,0.08392143
1751412023616,268833827,0.020988313,-0.39135632,0.052965164
1751412023633,268850494,0.17185174,-0.39067194,-0.022918701
1751412023649,268867161,0.26593593,-0.3863151,-0.13301468
1751412023666,268883828,0.07067659,-0.35642302,-0.210742
1751412023683,268900495,-0.065932296,-0.32104304,-0.13423824
1751412023699,268917162,-0.124279015,-0.304084,-0.14412498
1751412023716,268933829,0.0646509,-0.2646988,-0.14012909
1751412023733,268950496,0.12595692,-0.24954037,-0.019539833
1751412023749,268967163,0.19960535,-0.18701082,0.122597694
1751412023766,268983830,0.1425208,-0.18676832,0.09843731
1751412023783,269000497,0.28717682,-0.18273145,0.011483192
1751412023799,269017164,0.48619232,-0.13329597,0.051120758
1751412023816,269033831,0.54995227,-0.090567,0.038638115
1751412023833,269050498,0.48516637,-0.046674646,0.15128803
1751412023849,269067165,0.33399743,0.052931443,0.20775318
1751412023866,269083832,0.3165319,0.019587334,0.21343613
1751412023883,269100499,0.49718377,0.032266106,0.29668236
1751412023899,269117166,0.55765563,0.01573397,0.635582
1751412023916,269133833,0.70298356,-0.05743076,1.0872965
1751412023933,269150500,0.81298906,-0.12733912,1.4504347
1751412023949,269167167,0.6674506,-0.31846818,1.2583714
1751412023966,269183834,0.56593794,0.3018053,2.0579472
1751412023983,269200501,0.6299447,0.49994528,3.0101366
1751412023999,269217168,0.34647033,2.1197417,3.4263935
1751412024016,269233835,-0.4959692,1.7667725,2.0449343
1751412024033,269250502,-0.124713525,1.8480796,1.7348022
1751412024049,269267169,0.74752903,0.82360166,1.2858849
1751412024066,269283836,1.9136125,1.3181891,0.6168337
1751412024083,269300503,2.672965,0.5987702,-0.06591606
1751412024099,269317170,3.8107953,0.8864459,-0.23444653
1751412024116,269333837,4.420364,0.8971163,0.07005119
1751412024133,269350504,4.1743155,1.7511463,0.78065205
1751412024149,269367171,4.0239067,2.1713061,0.76473045
1751412024166,269383838,5.9128637,1.1578232,-0.08734608
1751412024183,269400505,5.600148,1.8630823,0.51220894
1751412024199,269417172,3.959462,2.2875834,0.06419754
1751412024216,269433839,4.3957157,3.6639702,-2.1788173
1751412024233,269450506,4.895947,4.508825,-4.0616093
1751412024249,269467173,5.282144,5.161364,-5.9863863
1751412024266,269483840,4.982126,4.849631,-5.505849
1751412024283,269500507,4.029848,4.609635,-5.514252
1751412024299,269517174,3.4025557,4.263681,-4.7329073
1751412024316,269533841,3.4013126,3.8482828,-4.3016257
1751412024333,269550508,3.1695156,3.509449,-3.4991279
1751412024349,269567175,2.507587,2.8966458,-2.4544582
1751412024366,269583842,1.6609422,2.3153284,-1.2087793
1751412024383,269600509,0.9856638,1.0703236,0.24376488
1751412024399,269617176,0.80980486,-0.102972865,1.28125
1751412024416,269633843,0.10398426,-1.8561887,2.4526196
1751412024433,269650510,-0.31578693,-3.8149116,3.0903664
1751412024449,269667177,-1.278807,-5.1424365,3.4283056
1751412024466,269683844,-2.9839256,-5.5055175,3.2946339
1751412024483,269700511,-3.5967293,-5.906417,2.505208
1751412024499,269717178,-4.063895,-5.9287233,2.0400467
1751412024516,269733845,-4.7275286,-6.2737675,1.6558495
1751412024533,269750512,-6.1347423,-5.8464284,1.3311586
1751412024549,269767179,-7.025465,-4.766726,0.9964037
1751412024566,269783846,-7.2946353,-3.0651863,0.5969
1751412024583,269800513,-6.8441377,-1.6084836,-0.09730625
1751412024599,269817180,-5.906374,-1.6398827,-0.7518101
1751412024616,269833847,-6.0884805,-2.089234,-0.55655766
1751412024633,269850514,-7.292522,-1.0975941,-0.07668114
1751412024649,269867181,-6.2507405,-1.1109829,-0.5751896
1751412024666,269883848,-4.1146283,-0.80878866,-0.88825035
1751412024683,269900515,-1.3918154,-1.2482357,-1.5784998
1751412024699,269917182,-0.47781795,-2.1670191,-1.9099822
1751412024716,269933849,-1.2599036,-1.8414601,-1.3612967
1751412024733,269950516,-2.4230728,-1.9871835,-0.91816235
1751412024749,269967183,-2.8892853,-2.8264856,-0.82067776
1751412024766,269983850,-1.5891334,-4.2004566,-0.5081215
1751412024783,270000517,-1.0978673,-4.3608236,-0.11889267
1751412024799,270017184,-1.0241308,-3.8810503,0.37934494
1751412024816,270033851,-0.21524383,-4.1591744,0.48311138
1751412024833,270050518,0.50345653,-4.790638,0.10024929
1751412024849,270067185,0.49691916,-5.2883415,-0.6117363
1751412024866,270083852,-0.010756891,-0.64919955,-0.33460712
1751412024883,270100519,0.55474305,3.7845657,0.07477665
1751412024899,270117186,1.1921129,7.3822675,1.318882
1751412024916,270133853,1.9082283,6.2074833,2.662631
1751412024933,270150520,1.4754176,3.6605053,2.1762447
1751412024949,270167187,0.4195841,2.1340349,1.7891922
1751412024966,270183854,-0.46811166,1.199965,1.1227083
1751412024983,270200521,-0.6959663,-0.23961659,-0.020337105
1751412024999,270217188,-0.7933133,-0.53328425,-0.83405113
1751412025016,270233855,-0.3484435,-0.37393928,-0.6922226
1751412025033,270250522,0.14602536,-0.28893384,0.03347683
1751412025049,270267189,0.13357215,0.110096,0.38701248
1751412025066,270283856,0.17232159,-0.4182977,0.3054533
1751412025083,270300523,-0.0986852,-0.7054125,0.23049164
1751412025099,270317190,-0.2928472,-0.4379501,0.19852543
1751412025116,270333857,-0.23922274,-0.62566775,0.36455536
1751412025133,270350524,-0.18391149,-0.38160267,0.31895447
1751412025149,270367191,-0.04078854,-0.48580945,0.17818642
1751412025166,270383858,-0.0952482,-0.37921163,0.14367294
1751412025183,270400525,-0.19060881,-0.15449053,0.120321274
1751412025199,270417192,-0.21158825,-0.25267678,-0.007019043
1751412025216,270433859,-0.2028118,0.06272039,0.033187866
1751412025233,270450526,-0.17980011,0.025360968,-0.0352993
1751412025249,270467193,-0.06878682,-0.11872863,-0.03955555
1751412025266,270483860,-0.014728659,-0.30360016,0.014033318
1751412025283,270500527,0.059638105,-0.44886044,0.046631813
1751412025299,270517194,-0.11537908,-0.124276154,0.04764843
1751412025316,270533861,-0.09862864,-0.2414929,0.05427742
1751412025333,270550528,-0.18338303,0.010053752,-0.027247429
1751412025349,270567195,-0.091444865,-0.4638589,0.07476711
1751412025366,270583862,0.06360206,-0.50680894,0.12148094
1751412025383,270600529,-0.21859722,-0.37834013,0.28191853
1751412025399,270617196,-0.33071333,-0.4208309,0.34433174
1751412025416,270633863,-0.37675497,-0.2797388,0.36610126
1751412025433,270650530,-0.34030446,-0.15813424,0.4432087
1751412025449,270667197,-0.20675778,-0.33647335,0.80613136
1751412025466,270683864,-0.15171553,-0.57721037,1.158226
1751412025483,270700531,-0.09875791,-0.05527352,1.456706
1751412025499,270717198,0.2947327,0.31118262,1.5084009
1751412025516,270733865,0.9585192,1.4286003,2.1600218
1751412025533,270750532,1.4738648,-1.4644518,2.0844898
1751412025549,270767199,0.34310362,-0.9542478,1.7741508
1751412025566,270783866,0.5751314,-2.135755,1.0391836
1751412025583,270800533,0.319997,-2.134942,0.8914089
1751412025599,270817200,0.28549728,-2.3521557,0.7294998
1751412025616,270833867,0.38539737,-2.5070457,0.4829054
1751412025633,270850534,0.7187413,-2.10346,0.72229576
1751412025649,270867201,-0.6539573,-4.4293323,-0.16548443
1751412025666,270883868,-2.5701354,-5.039982,-0.6083832
1751412025683,270900535,-3.3499768,-4.4098587,0.72973156
1751412025699,270917202,-2.8011155,-5.3574195,1.0155506
1751412025716,270933869,-2.2518315,-6.7756467,-1.1514606
1751412025733,270950536,-1.5140356,-8.486626,-2.0562596
1751412025749,270967203,-1.5739462,-6.565655,-1.7009363
1751412025766,270983870,-2.03322,-3.6667242,-0.80464745
1751412025783,271000537,-1.8682747,-4.098129,-1.9612803
1751412025799,271017204,-1.3234968,-4.126499,-2.403017
1751412025816,271033871,-1.3299837,-3.965928,-2.754478
1751412025833,271050538,-1.4104573,-3.8408895,-2.8487911
1751412025849,271067205,-1.7747486,-3.9748087,-2.9626489
1751412025866,271083872,-2.0004065,-3.9365482,-2.7163577
1751412025883,271100539,-2.8705292,-3.703702,-2.7454953
1751412025899,271117206,-3.7750225,-3.8053036,-2.623694
1751412025916,271133873,-4.3124976,-3.4452324,-2.070302
1751412025933,271150540,-4.786662,-2.7369914,-1.3947678
1751412025949,271167207,-5.27968,-2.1788042,-0.8237562
1751412025966,271183874,-5.2700977,-1.5081892,-0.13863182
1751412025983,271200541,-4.847589,-0.49886504,0.6867542
1751412025999,271217208,-4.434937,0.4983655,1.3111992
1751412026016,271233875,-4.021456,1.4966785,1.703536
1751412026033,271250542,-3.624329,2.4530175,1.786417
1751412026049,271267209,-3.3596363,3.2093554,1.8174868
1751412026066,271283876,-2.9547908,3.5335763,1.9404116
1751412026083,271300543,-2.3803232,3.9194062,1.8939333
1751412026099,271317210,-2.012337,4.320694,1.7519913
1751412026116,271333877,-1.4709826,4.5218635,1.5889864
1751412026133,271350544,-0.9448449,4.918127,1.2044563
1751412026149,271367211,-0.21777649,5.1413584,1.0709639
1751412026166,271383878,0.42954016,5.221455,1.1596022
1751412026183,271400545,1.1057556,4.820666,1.09904
1751412026199,271417212,3.2756941,4.557283,1.0675716
1751412026216,271433879,3.4177568,4.4360394,0.8089018
1751412026233,271450546,4.2011833,5.101495,0.52465916
1751412026249,271467213,5.25353,5.9216585,-0.19712257
1751412026266,271483880,6.0629177,7.07669,-1.5147791
1751412026283,271500547,7.316007,8.359617,-3.514925
1751412026299,271517214,8.902026,9.661971,-5.7958183
1751412026316,271533881,9.204518,10.395182,-7.0796585
1751412026333,271550548,7.8723936,9.863902,-6.475032
1751412026349,271567215,6.617229,8.907984,-5.1450267
1751412026366,271583882,5.5631747,7.3986516,-3.506115
1751412026383,271600549,3.301829,1.8930919,0.24033833
1751412026399,271617216,-12.201791,-22.599249,18.056593
1751412026416,271633883,1.2890457,-4.0784583,-1.4094095
1751412026433,271650550,16.005985,10.756087,-4.497408
1751412026449,271667217,-9.003339,2.862083,8.030636
1751412026466,271683884,-5.280211,3.1084285,-0.30302238
1751412026483,271700551,3.3936303,3.9795918,-0.22680378
1751412026499,271717218,4.370644,1.0719831,1.5820274
1751412026516,271733885,4.211191,0.92872024,-1.512433
1751412026533,271750552,0.9246141,0.73579437,-0.958128
1751412026549,271767219,-0.6369641,0.6126843,-0.23110294
1751412026566,271783886,-0.8252436,0.56953067,0.32530117
1751412026583,271800553,0.79206395,0.7918894,0.52781296
1751412026599,271817220,1.197039,0.7188532,0.26656628
1751412026616,271833887,0.3889939,0.57338876,0.10022354
1751412026633,271850554,-0.16315238,0.8616912,-0.024122238
1751412026649,271867221,0.2341848,0.67404646,0.32248306
1751412026666,271883888,1.873269,0.75072837,0.1404581
1751412026683,271900555,1.1112103,0.72559524,0.08046532
1751412026699,271917222,-0.108677365,0.6099235,0.4777689
1751412026716,271933889,-0.07818193,0.5584558,0.53598976
1751412026733,271950556,0.2028427,0.63086176,0.47825813
1751412026749,271967223,0.38519105,0.6394753,0.39092064
1751412026766,271983890,0.38849056,0.64936996,0.13390064
1751412026783,272000557,0.05978793,0.5558305,-0.08277702
1751412026799,272017224,-0.055749495,0.48034498,-0.07536507
1751412026816,272033891,0.03675201,0.38934124,0.01424408
1751412026833,272050558,0.20458163,0.47322834,0.0061187744
1751412026849,272067225,0.36335942,0.48362258,-0.013494492
1751412026866,272083892,0.47872585,0.59389424,-0.060907364
1751412026883,272100559,0.49956152,0.5385831,-0.08126736
1751412026899,272117226,0.51262385,0.5359226,-0.04983902
1751412026916,272133893,0.43430066,0.45923775,0.035141945
1751412026933,272150560,0.32780275,0.425608,0.091023445
1751412026949,272167227,0.24013136,0.4174444,0.10174465
1751412026966,272183894,0.08349885,0.3483378,0.097958565
1751412026983,272200561,0.08298433,0.28473294,0.117043495
1751412026999,272217228,-0.041186508,0.18476653,0.18885899
1751412027016,272233895,-0.0019966413,0.12587132,0.26537323
1751412027033,272250562,0.03233562,0.17003547,0.29205418
1751412027049,272267229,0.07700826,0.17345008,0.32195473
1751412027066,272283896,0.046946213,0.21502125,0.41095448
1751412027083,272300563,-0.010515167,0.26610178,0.51912594
1751412027099,272317230,0.07834643,0.24654172,0.59859085
1751412027116,272333897,0.25055647,0.09099883,0.75760174
1751412027133,272350564,0.09497088,-0.050972354,0.8969221
1751412027149,272367231,-0.06768107,-0.31475183,1.1732445
1751412027166,272383898,-0.18260226,-0.33018318,1.3962641
1751412027183,272400565,-0.15508446,-0.60902923,1.5835695
1751412027199,272417232,-0.24951534,-1.3300481,2.3603792
1751412027216,272433899,-0.51631135,-2.0219371,3.3409367
1751412027233,272450566,-0.34517866,-2.578494,3.3874683
1751412027249,272467233,-1.4166461,-3.3208902,2.937295
1751412027266,272483900,-1.4249691,-3.902572,2.4487047
1751412027283,272500567,-1.546878,-4.4522796,2.6812868
1751412027299,272517234,-2.065358,-4.9172306,2.9525242
1751412027316,272533901,-5.0049577,-3.7096624,1.7931051
1751412027333,272550568,-8.218351,-3.9208598,-0.38502884
1751412027349,272567235,-5.901266,-2.9929225,-0.18694878
1751412027366,272583902,-4.146526,0.06522935,1.102642
1751412027383,272600569,-3.622992,-0.7936641,2.1912346
1751412027399,272617236,-2.8906572,-2.1094694,1.7536402
1751412027416,272633903,-4.5083895,-3.1054947,-0.7927761
1751412027433,272650570,-5.088494,-3.6850882,-3.08355
1751412027449,272667237,-4.936966,-3.4844763,-5.010913
1751412027466,272683904,-4.6294246,-3.2619278,-8.121424
1751412027483,272700571,-4.269532,-4.5321374,-8.333778
1751412027499,272717238,-4.0748506,-5.309116,-7.573027
1751412027516,272733905,-3.5789423,-4.1794777,-7.465084
1751412027533,272750572,-2.9329083,-4.0865855,-6.1867895
1751412027549,272767239,-2.9999275,-4.100994,-5.6351056
1751412027566,272783906,-2.65641,-4.2622495,-4.666846
1751412027583,272800573,-1.3740453,-3.7804387,-2.8802118
1751412027599,272817240,-0.6394131,-3.7049232,-1.2658844
1751412027616,272833907,0.6107239,-3.4016356,1.1314011
1751412027633,272850574,1.0074806,-2.630692,2.8661137
1751412027649,272867241,1.2563894,-2.069332,3.9705744
1751412027666,272883908,2.1150668,-1.060621,4.4298124
1751412027683,272900575,2.3509097,-0.22311532,4.6219044
1751412027699,272917242,1.6993876,0.493159,4.5925665
1751412027716,272933909,1.4171667,1.8112319,4.6083403
1751412027733,272950576,1.415578,3.7115965,4.6461277
1751412027749,272967243,1.1446486,4.661937,4.6051426
1751412027766,272983910,1.4163793,5.4864144,4.153096
1751412027783,273000577,2.7459211,7.3580956,3.6286936
1751412027799,273017244,4.6028404,8.659784,1.81851
1751412027816,273033911,6.6397924,9.645994,-0.23701668
1751412027833,273050578,6.332948,9.243557,-1.7573109
1751412027849,273067245,7.8450336,11.058266,-5.446761
1751412027866,273083912,8.597012,12.784722,-8.447554
1751412027883,273100579,8.394856,12.342794,-8.401176
1751412027899,273117246,6.160128,10.667414,-7.019107
1751412027916,273133913,5.7392273,9.131012,-5.4259944
1751412027933,273150580,1.3862427,1.7610434,1.3580656
1751412027949,273167247,-8.369424,-13.253681,12.634644
1751412027966,273183914,2.4790573,2.6299322,-0.591115
1751412027983,273200581,7.417758,11.092521,0.32544613
1751412027999,273217248,-2.2654433,-0.3635134,7.2783165
1751412028016,273233915,6.348733,2.0370398,-2.3282967
1751412028033,273250582,7.329726,2.910047,0.8735609
1751412028049,273267249,2.0701382,1.3104479,1.3930454
1751412028066,273283916,-1.074642,0.82326525,-1.7384195
1751412028083,273300583,-2.3792446,1.1614639,-0.71310806
1751412028099,273317250,-0.6831667,1.3192235,0.15733242
1751412028116,273333917,-0.20689209,0.7292886,-0.12320328
1751412028133,273350584,1.5541567,0.9838511,0.18553925
1751412028149,273367251,1.730124,0.3966112,0.7159977
1751412028166,273383918,-0.16547826,-0.0113289775,0.33581257
1751412028183,273400585,-0.80805385,0.40810382,-0.013120651
1751412028199,273417252,-0.5402563,0.72164714,-0.16841125
1751412028216,273433919,0.15427713,0.7253134,0.1589489
1751412028233,273450586,0.38612443,0.5807148,0.3044634
1751412028250,273467253,-0.09141881,0.2930865,0.4153576
1751412028266,273483920,-0.24856272,0.22181314,0.51625156
1751412028283,273500587,0.25457433,0.4451882,0.568861
1751412028300,273517254,0.46247825,0.50095534,0.39282417
1751412028316,273533921,0.36572778,0.49429062,0.20301056
1751412028333,273550588,0.17392035,0.4704418,0.065340996
1751412028350,273567255,0.13871571,0.49186015,-0.01779461
1751412028366,273583922,0.08820492,0.5775434,-0.04941082
1751412028383,273600589,0.030933522,0.5972284,-0.19140816
1751412028400,273617256,0.03615188,0.59149665,-0.24887466
1751412028416,273633923,0.17988546,0.53778064,-0.23731995
1751412028433,273650590,0.044105142,0.44834107,-0.12317562
1751412028450,273667257,-0.07526329,0.3790666,-0.11701298
1751412028466,273683924,-0.028203536,0.2748854,-0.09497738
1751412028483,273700591,-0.12645894,0.174917,-0.006099701
1751412028500,273717258,-0.2615638,0.07789471,-0.012844086
1751412028516,273733925,-0.16954039,0.08504221,0.053925514
1751412028533,273750592,0.09094496,0.14217973,0.111120224
1751412028550,273767259,0.33015546,0.18513288,0.29606247
1751412028566,273783926,0.054722454,0.19591023,0.4907198
1751412028583,273800593,0.071182616,0.20230962,0.4959669
1751412028600,273817260,0.09741812,0.14678833,0.4740963
1751412028616,273833927,0.14448056,0.16623195,0.5200491
1751412028633,273850594,-0.04697348,0.16640562,0.6129608
1751412028650,273867261,-0.17520353,0.1480541,0.7404766
1751412028666,273883928,0.018143889,0.1561124,0.85106087
1751412028683,273900595,-0.03892165,0.030647203,1.0809774
1751412028700,273917262,-0.30751696,-0.7041789,1.6500092
1751412028716,273933929,-0.046239913,-0.8784269,2.4924822
1751412028733,273950596,-0.13587777,-1.3066992,2.563157
1751412028750,273967263,-0.28095913,-1.6816509,2.4163618
1751412028766,273983930,-0.10891965,-2.0620222,2.3306646
1751412028783,274000597,-0.3790574,-2.4442613,2.3752718
1751412028800,274017264,-0.4000171,-3.064383,2.2846975
1751412028816,274033931,-0.9412687,-3.806894,2.0233574
1751412028833,274050598,-1.3094746,-2.803588,1.7461824
1751412028850,274067265,-2.899297,-3.3232198,1.2972593
1751412028866,274083932,-3.962224,-3.4943814,1.4257107
1751412028883,274100599,-5.5445337,-4.204857,0.6940632
1751412028900,274117266,-6.3133073,-2.8858714,0.44792366
1751412028916,274133933,-3.8754528,-0.7160895,2.6994295
1751412028933,274150600,-3.6966813,-2.6192918,3.0325413
1751412028950,274167267,-4.3609242,-3.6929169,0.59212494
1751412028966,274183934,-5.032659,-3.9624403,-1.4889193
1751412028983,274200601,-4.8763075,-4.338187,-3.2899046
1751412029000,274217268,-3.5200827,-3.699295,-4.883535
1751412029016,274233935,-4.359009,-6.0249395,-8.379025
1751412029033,274250602,-3.4904354,-5.514338,-8.665271
1751412029050,274267269,-3.0034628,-3.7882504,-8.105474
1751412029066,274283936,-2.894822,-4.018448,-7.5613723
1751412029083,274300603,-3.408596,-4.070695,-7.287446
1751412029100,274317270,-2.9308548,-3.6977715,-5.9713883
1751412029116,274333937,-2.3370435,-3.409402,-4.42396
1751412029133,274350604,-2.3170729,-3.3889372,-2.8498974
1751412029150,274367271,-1.345613,-3.484866,-0.8093939
1751412029166,274383938,-0.6437392,-2.7384934,1.4583216
1751412029183,274400605,-0.6847606,-2.3803716,2.7343063
1751412029200,274417272,0.14393228,-1.9679098,3.661316
1751412029216,274433939,1.0585381,-0.98261124,4.239582
1751412029233,274450606,1.2224814,-0.16920578,4.739805
1751412029250,274467273,1.3703271,0.37720314,5.2231474
1751412029266,274483940,1.6110961,1.1590137,5.5848503
1751412029283,274500607,1.6519811,3.117558,5.752553
1751412029300,274517274,4.3182836,5.710161,5.8105
1751412029316,274533941,5.2226534,8.276239,5.0225077
1751412029333,274550608,4.5606265,8.460035,3.8079453
1751412029350,274567275,5.146841,7.89719,2.0387697
1751412029366,274583942,7.5760546,10.754434,-1.8196168
1751412029383,274600609,8.708441,14.3402605,-6.888171
1751412029400,274617276,9.156949,15.437014,-9.896959
1751412029416,274633943,4.7563295,11.691855,-7.266287
1751412029433,274650610,3.4613924,9.804989,-5.5201783
1751412029450,274667277,3.527928,8.320269,-3.9521775
1751412029466,274683944,3.1046557,4.7503,-1.2454329
1751412029483,274700611,-1.5905921,-9.470521,7.5353336
1751412029500,274717278,-3.466212,-9.349178,5.841013
1751412029516,274733945,3.379206,9.2971525,-4.04168
1751412029533,274750612,-0.9629422,7.5084743,4.474023
1751412029550,274767279,-1.2103499,0.35344282,4.289316
1751412029566,274783946,4.8220177,2.668879,-2.237215
1751412029583,274800613,5.562119,3.1874726,1.1595144
1751412029600,274817280,1.3586215,1.3586112,0.586216
1751412029616,274833947,-1.1626143,0.10898961,-1.4473867
1751412029633,274850614,-1.7070287,0.10537228,-0.6906204
1751412029650,274867281,-1.6676219,0.17230435,0.25457954
1751412029666,274883948,-0.69432503,0.3376085,-0.0017499924
1751412029683,274900615,1.0282478,1.0415022,-0.17694569
1751412029700,274917282,1.7774532,0.92938584,0.44290257
1751412029716,274933949,0.7920349,0.4590585,0.85897255
1751412029733,274950616,-0.5129806,0.17302294,0.38639927
1751412029750,274967283,-0.32241654,0.5120914,-0.15181637
1751412029766,274983950,-0.06364777,0.68970954,0.29341698
1751412029783,275000617,-0.020292295,0.48767197,0.42972946
1751412029800,275017284,0.14312138,0.46635196,0.21579552
1751412029816,275033951,0.1509868,0.4260195,0.42233086
1751412029833,275050618,0.3206633,0.48475334,0.46877098
1751412029850,275067285,0.114677124,0.52277935,0.25313473
1751412029866,275083952,-0.14644837,0.40587673,0.08385658
1751412029883,275100619,-0.15790497,0.37826908,0.051002502
1751412029900,275117286,0.023489423,0.37106302,-0.016090393
1751412029916,275133953,-0.05711516,0.36579415,-0.046316147
1751412029933,275150620,-0.044641573,0.43706393,-0.12396622
1751412029950,275167287,-0.15675992,0.44862,-0.17063618
1751412029966,275183954,-0.09798629,0.4106087,-0.17315292
1751412029983,275200621,-0.012352667,0.37099215,-0.114845276
1751412030000,275217288,-0.07388601,0.2304832,-0.050048828
1751412030016,275233955,-0.022600513,0.2282664,0.008025169
1751412030033,275250622,-0.0920737,0.10508059,0.09488201
1751412030050,275267289,-0.18460763,0.08125791,0.08791733
1751412030066,275283956,-0.20039122,-0.005809996,0.12926865
1751412030083,275300623,-0.19723678,-0.050213303,0.16526508
1751412030100,275317290,-0.06209771,0.025629783,0.21397972
1751412030116,275333957,0.078816034,0.09159718,0.35488415
1751412030133,275350624,0.150135,0.08168661,0.2628765
1751412030150,275367291,0.05972959,0.16859359,0.26471806
1751412030166,275383958,-0.13299312,0.271256,0.30369568
1751412030183,275400625,-0.29463768,0.3101097,0.34487152
1751412030200,275417292,-0.31940562,0.3428264,0.37718296
1751412030216,275433959,-0.17251468,0.33693618,0.3850355
1751412030233,275450626,-0.037596446,0.33344087,0.51764584
1751412030250,275467293,0.19384831,0.08337548,0.6534481
1751412030266,275483960,-0.024192149,-0.082841724,0.7304802
1751412030283,275500627,-0.15781356,-0.15920582,0.7755165
1751412030300,275517294,-0.06395868,-0.024841454,0.752923
1751412030316,275533961,-0.1388002,-0.07335203,0.59662056
1751412030333,275550628,-0.06000518,-0.08613295,0.53693295
1751412030350,275567295,-0.1187017,-0.23604555,0.5675249
1751412030366,275583962,-0.25883025,-0.49442652,0.46286678
1751412030383,275600629,0.16473329,-1.1975504,0.95950603
1751412030400,275617296,-0.17786714,-2.0695949,2.4676046
1751412030416,275633963,0.07568171,-1.8863885,1.8755093
1751412030433,275650630,-0.1641544,-2.4317193,1.5686836
1751412030450,275667297,-0.81708825,-3.7217271,2.5365305
1751412030466,275683964,-0.37748143,-4.0541816,2.7379284
1751412030483,275700631,0.013540192,-4.6082435,2.3351507
1751412030500,275717298,-1.0534036,-5.5670576,2.0967827
1751412030516,275733965,-2.8081956,-5.480121,1.1155529
1751412030533,275750632,-4.9436975,-5.9855347,0.022322655
1751412030550,275767299,-4.2004166,-5.4948454,0.1054039
1751412030566,275783966,-2.8352466,-2.2802913,1.1254368
1751412030583,275800633,-2.101645,-0.56869227,2.7271404
1751412030600,275817300,-2.6783369,-2.729611,2.5876389
1751412030616,275833967,-2.2950394,-3.0923402,1.4631767
1751412030633,275850634,-3.3776546,-4.294267,-1.063056
1751412030650,275867301,-4.623715,-3.92853,-3.2744021
1751412030666,275883968,-4.6758246,-3.5895343,-5.5559564
1751412030683,275900635,-4.345722,-4.8018513,-8.119
1751412030700,275917302,-3.161129,-4.972793,-8.150822
1751412030716,275933969,-2.4319613,-4.875748,-7.446743
1751412030733,275950636,-1.8595906,-3.4464517,-6.930627
1751412030750,275967303,-2.133276,-3.5504475,-6.147038
1751412030766,275983970,-2.6327395,-3.7506838,-5.641731
1751412030783,276000637,-2.670281,-3.9063883,-4.689577
1751412030800,276017304,-2.4369726,-3.7259512,-3.1862717
1751412030816,276033971,-1.7633574,-3.1282847,-0.94863605
1751412030833,276050638,-2.0008035,-1.9312698,1.198638
1751412030850,276067305,-2.6389973,-1.9298656,2.2460928
1751412030866,276083972,-1.986685,-0.5769203,3.533884
1751412030883,276100639,-1.5951654,1.3231726,4.6953974
1751412030900,276117306,-2.104143,2.990263,5.7284746
1751412030916,276133973,-1.1478186,6.0206695,6.344
1751412030933,276150640,0.08041935,7.6304865,5.4262104
1751412030950,276167307,0.88671654,8.020699,3.7999306
1751412030966,276183974,1.5431503,7.8017592,2.8589802
1751412030983,276200641,1.824671,6.3405695,2.0086784
1751412031000,276217308,2.7631779,5.162658,1.4226599
1751412031016,276233975,3.4084365,3.8950768,1.0258265
1751412031033,276250642,2.8543363,2.5879824,0.41390324
1751412031050,276267309,2.0688229,1.752968,-0.021285057
1751412031066,276283976,1.4845942,1.7972802,-0.686615
1751412031083,276300643,0.7297392,1.6646999,-1.0900431
1751412031100,276317310,0.42450753,2.209833,-1.6389542
1751412031116,276333977,0.3596557,2.9619632,-1.9730387
1751412031133,276350644,1.4851407,3.6060572,-2.4762273
1751412031150,276367311,2.320096,4.2618775,-2.9710822
1751412031166,276383978,2.8331158,4.477782,-2.913857
1751412031183,276400645,4.903027,6.374954,-3.2346811
1751412031200,276417312,8.801752,9.3089,-2.9996471
1751412031216,276433979,14.976796,9.964622,-2.4483175
1751412031233,276450646,14.050298,11.450097,-1.6890497
1751412031250,276467313,2.716932,10.485997,-0.8420906
1751412031266,276483980,-10.076778,6.5308294,1.8419447
1751412031283,276500647,-5.445617,5.329903,1.9672976
1751412031300,276517314,-5.4726186,1.9881424,5.838318
1751412031316,276533981,6.2397237,-5.6105084,2.8430567
1751412031333,276550648,5.0533514,-6.441178,0.55454445
1751412031350,276567315,1.8457851,-4.003675,0.52538586
1751412031366,276583982,1.5161241,-1.9916283,0.32780266
1751412031383,276600649,-0.08895056,0.5911388,0.70690536
1751412031400,276617316,-0.16780235,1.3146287,0.3657055
1751412031416,276633983,-0.30577376,1.1886219,-0.18592167
1751412031433,276650650,-0.16859135,0.9371631,-0.3079853
1751412031450,276667317,0.41522807,0.49933118,0.21022987
1751412031466,276683984,0.20414957,0.20752741,0.22627926
1751412031483,276700651,0.73848456,-0.35269696,0.35579872
1751412031500,276717318,0.28023338,-0.20672904,0.52630806
1751412031516,276733985,0.48883268,-0.29669222,0.44709778
1751412031533,276750652,0.61013496,-0.27487892,0.37967587
1751412031550,276767319,0.55336624,-0.079614535,0.18916416
1751412031566,276783986,0.6034729,-0.08868033,0.1369276
1751412031583,276800653,0.42350608,0.016022079,0.2782116
1751412031600,276817320,0.31727394,0.16757973,0.2936697
1751412031616,276833987,0.028679395,0.19698688,0.0035057068
1751412031633,276850654,-0.55098176,0.42396674,-0.28898907
1751412031650,276867321,-1.0543439,0.66704226,-0.4512434
1751412031666,276883988,-1.2380534,1.0848331,-0.5812216
1751412031683,276900655,-1.1625506,1.345531,-0.40456963
1751412031700,276917322,-0.38718167,0.9504446,-0.2785616
1751412031716,276933989,0.33228642,0.32790446,0.0049762726
1751412031733,276950656,0.48452556,0.16383712,0.14797592
1751412031750,276967323,0.22377402,0.35549927,0.1432743
1751412031766,276983990,-0.060817875,0.6034407,0.1109581
1751412031783,277000657,0.31339198,0.2638023,0.31359577
1751412031800,277017324,0.45712915,0.16668735,0.3138752
1751412031816,277033991,0.52458715,0.16374873,0.19900513
1751412031833,277050658,0.26708725,0.5627855,0.012844086
1751412031850,277067325,0.12127366,0.6568647,-0.08300495
1751412031866,277083992,0.071115114,0.75845253,-0.06206703
1751412031883,277100659,-0.30906925,1.1708711,-0.22766304
1751412031900,277117326,0.1199156,0.46668288,-0.04718113
1751412031916,277133993,0.510593,-0.55904,0.33607197
1751412031933,277150660,0.77171427,-1.1264583,0.60776234
1751412031950,277167327,0.49104634,-0.755405,0.44089985
1751412031966,277183994,0.3263906,-0.19822101,0.19167233
1751412031983,277200661,0.26290712,0.05705604,0.08886719
1751412032000,277217328,0.25200102,0.036819067,0.08947563
1751412032016,277233995,0.26258168,-0.03717803,0.08364868
1751412032033,277250662,0.24096127,-0.02704842,0.1014967
1751412032050,277267329,0.2104531,-0.014462853,0.11894226
1751412032066,277283996,0.19348936,0.11327379,0.04873848
1751412032083,277300663,0.1673665,0.2509601,-0.014840126
1751412032100,277317330,0.0125502525,0.36091062,0.064061165
1751412032116,277333997,0.11361387,0.22095428,0.15986633
1751412032133,277350664,0.07807844,0.26907775,0.12205982
1751412032150,277367331,0.060329724,0.35056242,0.17720985
1751412032166,277383998,0.2390936,0.022400692,0.18720627
1751412032183,277400665,0.15976572,0.14115737,0.15488338
1751412032200,277417332,0.15911217,0.2308994,0.16121197
1751412032216,277433999,0.19600655,0.23778124,0.1427927
1751412032233,277450666,0.14585249,0.32453287,0.10860443
1751412032250,277467333,0.16925026,0.23102266,0.10881901
1751412032266,277484000,-0.056447748,0.30019286,0.21404839
1751412032283,277500667,-0.12296208,-0.019464737,0.36598492
1751412032300,277517334,-0.3148931,-1.1116799,1.0801601
1751412032316,277534001,-0.9656073,-1.0729865,2.1338062
1751412032333,277550668,-0.26659104,-1.4093881,2.756239
1751412032350,277567335,-2.002652,0.5422746,3.2000017
1751412032366,277584002,-1.7360265,2.2661495,2.4321756
1751412032383,277600669,-1.4393456,2.5576484,1.8289747
1751412032400,277617336,-1.579415,3.429708,1.366394
1751412032416,277634003,-1.4823285,3.4441514,1.1093988
1751412032433,277650670,-1.2757856,3.3345103,0.60889816
1751412032450,277667337,-1.4543376,3.6868975,0.19224072
1751412032466,277684004,-0.78801817,3.5668712,-0.2806797
1751412032483,277700671,1.2188864,3.3944967,-0.721797
1751412032500,277717338,3.3202705,3.9929578,-0.4853773
1751412032516,277734005,3.3934886,5.27111,-0.17284489
1751412032533,277750672,3.2761621,6.806611,-0.8310747
1751412032550,277767339,3.27257,8.848732,-1.2856483
1751412032566,277784006,3.2280164,9.457722,-3.0785384
1751412032583,277800673,4.3679414,7.6225286,-2.2731133
1751412032600,277817340,4.239998,5.668105,-2.6532617
1751412032616,277834007,3.9488575,4.5516863,-2.2393856
1751412032633,277850674,3.2558508,5.112714,-2.379497
1751412032650,277867341,1.8706179,5.3500443,-2.485405
1751412032666,277884008,0.84450126,4.293135,-1.9384522
1751412032683,277900675,1.1891996,4.4295664,-2.5770683
1751412032700,277917342,1.2419491,5.5768666,-2.9879742
1751412032716,277934009,1.1227335,5.5016637,-2.9137588
1751412032733,277950676,0.82803816,5.2575254,-2.7766795
1751412032750,277967343,0.6195904,5.428807,-2.6548982
1751412032766,277984010,0.31181666,5.627373,-2.3336325
1751412032783,278000677,-0.21450852,5.294577,-1.5566921
1751412032800,278017344,-0.52335423,4.9033475,-0.8064852
1751412032816,278034011,-0.50176245,4.3386965,-0.041975975
1751412032833,278050678,-0.6655595,3.4767962,1.0216188
1751412032850,278067345,-0.78105396,2.581695,1.9466925
1751412032866,278084012,-0.14618328,1.6316346,2.738268
1751412032883,278100679,0.9830672,0.37958288,3.9867544
1751412032900,278117346,1.6110872,-1.7819957,5.086172
1751412032916,278134013,1.4322621,-4.662052,5.832551
1751412032933,278150680,1.2078036,-8.934145,5.6748705
1751412032950,278167347,2.2715404,-13.040361,3.8522968
1751412032966,278184014,1.9262635,-17.050856,-0.32820892
1751412032983,278200681,-0.28855723,-20.168976,-4.0270257
1751412033000,278217348,-2.7919424,-20.399405,-7.4700813
1751412033016,278234015,-4.5360775,-20.235188,-9.685486
1751412033033,278250682,-4.7621126,-19.087523,-9.231964
1751412033050,278267349,-5.4436035,-15.496237,-5.6460896
