timestamp_ms,timestamp_μs,freeAcceleration_m/s²_x,freeAcceleration_m/s²_y,freeAcceleration_m/s²_z
1751443178679,150785548,-0.059846196,-0.025728688,-0.11512184
1751443178679,150785548,-0.059846196,-0.025728688,-0.11512184
1751443178696,150802215,-0.08020979,-0.032819077,-0.18011379
1751443178696,150802215,-0.08020979,-0.032819077,-0.18011379
1751443178712,150818882,-0.019780708,-0.02870521,-0.12630272
1751443178712,150818882,-0.019780708,-0.02870521,-0.12630272
1751443178729,150835549,0.06058339,0.023742776,0.0712738
1751443178729,150835549,0.06058339,0.023742776,0.0712738
1751443178746,150852216,0.08041048,0.033054102,0.15015984
1751443178746,150852216,0.08041048,0.033054102,0.15015984
1751443178762,150868883,0.0117322095,0.046543334,0.07573128
1751443178762,150868883,0.0117322095,0.046543334,0.07573128
1751443178779,150885550,-6.635541E-06,0.029951071,0.042583466
1751443178779,150885550,-6.635541E-06,0.029951071,0.042583466
1751443178796,150902217,0.07173551,0.007407666,0.08100891
1751443178796,150902217,0.07173551,0.007407666,0.08100891
1751443178812,150918884,0.037378058,0.020714846,0.012234688
1751443178812,150918884,0.037378058,0.020714846,0.012234688
1751443178829,150935551,-0.053798087,-0.11483436,-0.07838249
1751443178829,150935551,-0.053798087,-0.11483436,-0.07838249
1751443178846,150952218,-0.13484134,-0.07860939,-0.13864994
1751443178846,150952218,-0.13484134,-0.07860939,-0.13864994
1751443178862,150968885,-0.1740244,0.07473525,-0.07684612
1751443178862,150968885,-0.1740244,0.07473525,-0.07684612
1751443178879,150985552,-0.14216462,0.07359578,0.09290314
1751443178879,150985552,-0.14216462,0.07359578,0.09290314
1751443178896,151002219,-0.07330303,0.0920452,0.24384117
1751443178896,151002219,-0.07330303,0.0920452,0.24384117
1751443178912,151018886,-0.08755227,0.10472219,0.23719025
1751443178912,151018886,-0.08755227,0.10472219,0.23719025
1751443178929,151035553,-0.1210624,0.07929592,0.15780449
1751443178929,151035553,-0.1210624,0.07929592,0.15780449
1751443178946,151052220,-0.22893588,0.024780545,0.0022640228
1751443178946,151052220,-0.22893588,0.024780545,0.0022640228
1751443178962,151068887,-0.2947808,-0.05601,-0.1466074
1751443178962,151068887,-0.2947808,-0.05601,-0.1466074
1751443178979,151085554,-0.29980463,-0.07556459,-0.14292908
1751443178979,151085554,-0.29980463,-0.07556459,-0.14292908
1751443178996,151102221,-0.25070074,-0.063200526,0.012257576
1751443178996,151102221,-0.25070074,-0.063200526,0.012257576
1751443179012,151118888,-0.20063558,0.0019110357,0.13176346
1751443179012,151118888,-0.20063558,0.0019110357,0.13176346
1751443179029,151135555,-0.24263628,-0.0064154924,0.20584011
1751443179029,151135555,-0.24263628,-0.0064154924,0.20584011
1751443179046,151152222,-0.31451553,-0.052663565,0.2195406
1751443179046,151152222,-0.31451553,-0.052663565,0.2195406
1751443179062,151168889,-0.044115394,-0.07261723,0.10495663
1751443179062,151168889,-0.044115394,-0.07261723,0.10495663
1751443179079,151185556,-0.2447613,0.021765357,0.16970634
1751443179079,151185556,-0.2447613,0.021765357,0.16970634
1751443179096,151202223,-0.39447725,-0.17222969,-0.16996765
1751443179096,151202223,-0.39447725,-0.17222969,-0.16996765
1751443179112,151218890,-0.8567091,-0.2886615,-0.46375847
1751443179112,151218890,-0.8567091,-0.2886615,-0.46375847
1751443179129,151235557,-0.8814434,0.007549932,-0.47516537
1751443179129,151235557,-0.8814434,0.007549932,-0.47516537
1751443179146,151252224,-0.34038788,0.11237695,0.09883022
1751443179146,151252224,-0.34038788,0.11237695,0.09883022
1751443179162,151268891,-0.09911648,0.019808501,0.7225666
1751443179162,151268891,-0.09911648,0.019808501,0.7225666
1751443179179,151285558,0.024028983,-0.16924602,1.1449652
1751443179179,151285558,0.024028983,-0.16924602,1.1449652
1751443179196,151302225,-0.29247794,-0.35760653,1.3584414
1751443179196,151302225,-0.29247794,-0.35760653,1.3584414
1751443179212,151318892,-0.5615369,-0.58615077,1.4291973
1751443179212,151318892,-0.5615369,-0.58615077,1.4291973
1751443179229,151335559,-0.99728185,-0.8760694,1.235506
1751443179229,151335559,-0.99728185,-0.8760694,1.235506
1751443179246,151352226,-1.5457983,-1.0341468,0.6305504
1751443179246,151352226,-1.5457983,-1.0341468,0.6305504
1751443179262,151368893,-2.0053475,-0.9183646,-0.23701477
1751443179262,151368893,-2.0053475,-0.9183646,-0.23701477
1751443179279,151385560,-2.00306,-0.5643144,-1.4777975
1751443179279,151385560,-2.00306,-0.5643144,-1.4777975
1751443179296,151402227,-1.7815281,-0.6089867,-2.5698853
1751443179296,151402227,-1.7815281,-0.6089867,-2.5698853
1751443179312,151418894,-1.8998237,-0.7572067,-3.5948524
1751443179312,151418894,-1.8998237,-0.7572067,-3.5948524
1751443179329,151435561,-2.391775,-0.66910726,-3.8128142
1751443179329,151435561,-2.391775,-0.66910726,-3.8128142
1751443179346,151452228,-1.8694284,-0.3878288,-2.440381
1751443179346,151452228,-1.8694284,-0.3878288,-2.440381
1751443179362,151468895,-0.7921089,0.044158783,-1.3351154
1751443179362,151468895,-0.7921089,0.044158783,-1.3351154
1751443179379,151485562,-0.9414046,0.16564088,-1.3833427
1751443179379,151485562,-0.9414046,0.16564088,-1.3833427
1751443179396,151502229,-1.5900356,0.45621324,-2.7901454
1751443179396,151502229,-1.5900356,0.45621324,-2.7901454
1751443179412,151518896,-1.7275466,0.58331335,-3.2027898
1751443179412,151518896,-1.7275466,0.58331335,-3.2027898
1751443179429,151535563,-1.0728792,0.93236303,-1.7083015
1751443179429,151535563,-1.0728792,0.93236303,-1.7083015
1751443179446,151552230,0.17211297,1.3407956,0.40854073
1751443179446,151552230,0.17211297,1.3407956,0.40854073
1751443179462,151568897,0.7560621,1.208022,1.4401503
1751443179462,151568897,0.7560621,1.208022,1.4401503
1751443179479,151585564,-0.20428388,0.9381771,0.23437405
1751443179479,151585564,-0.20428388,0.9381771,0.23437405
1751443179496,151602231,-1.0841063,0.65719223,-1.191884
1751443179496,151602231,-1.0841063,0.65719223,-1.191884
1751443179512,151618898,-0.73414695,0.49320436,-1.4683704
1751443179512,151618898,-0.73414695,0.49320436,-1.4683704
1751443179529,151635565,0.31042475,0.53386116,-0.46723175
1751443179529,151635565,0.31042475,0.53386116,-0.46723175
1751443179546,151652232,1.104544,0.5989776,0.5266752
1751443179546,151652232,1.104544,0.5989776,0.5266752
1751443179562,151668899,1.5808264,0.45201987,0.9164133
1751443179562,151668899,1.5808264,0.45201987,0.9164133
1751443179579,151685566,1.3670985,0.063608885,0.14786816
1751443179579,151685566,1.3670985,0.063608885,0.14786816
1751443179596,151702233,0.29355735,-0.091755755,-1.179452
1751443179596,151702233,0.29355735,-0.091755755,-1.179452
1751443179612,151718900,0.007731439,-0.34599683,-1.621912
1751443179612,151718900,0.007731439,-0.34599683,-1.621912
1751443179629,151735567,0.6435336,-0.3285693,-1.1767426
1751443179629,151735567,0.6435336,-0.3285693,-1.1767426
1751443179646,151752234,0.912116,-0.1417603,-1.2178221
1751443179646,151752234,0.912116,-0.1417603,-1.2178221
1751443179662,151768901,1.1621104,-0.17048898,-0.834322
1751443179662,151768901,1.1621104,-0.17048898,-0.834322
1751443179679,151785568,1.3511107,0.26584777,-0.8881655
1751443179679,151785568,1.3511107,0.26584777,-0.8881655
1751443179696,151802235,1.3007513,0.18542345,-1.0488644
1751443179696,151802235,1.3007513,0.18542345,-1.0488644
1751443179712,151818902,0.924489,0.4005475,-0.7786131
1751443179712,151818902,0.924489,0.4005475,-0.7786131
1751443179729,151835569,0.97360075,0.39312363,-0.08368111
1751443179729,151835569,0.97360075,0.39312363,-0.08368111
1751443179746,151852236,0.82976466,0.43400806,-0.1829567
1751443179746,151852236,0.82976466,0.43400806,-0.1829567
1751443179762,151868903,0.3841613,0.5257509,-0.6494236
1751443179762,151868903,0.3841613,0.5257509,-0.6494236
1751443179779,151885570,1.6263093,0.7339334,-0.0015583038
1751443179779,151885570,1.6263093,0.7339334,-0.0015583038
1751443179796,151902237,1.0494152,0.86589646,-0.5677147
1751443179796,151902237,1.0494152,0.86589646,-0.5677147
1751443179812,151918904,1.2936344,0.44191796,-0.6459007
1751443179812,151918904,1.2936344,0.44191796,-0.6459007
1751443179829,151935571,1.3572104,0.57812005,0.008795738
1751443179829,151935571,1.3572104,0.57812005,0.008795738
1751443179846,151952238,0.82769066,0.3023234,-0.13523293
1751443179846,151952238,0.82769066,0.3023234,-0.13523293
1751443179862,151968905,0.25604764,-0.0011018071,-0.630517
1751443179862,151968905,0.25604764,-0.0011018071,-0.630517
1751443179879,151985572,0.18722259,-0.24628681,-0.61791515
1751443179879,151985572,0.18722259,-0.24628681,-0.61791515
1751443179896,152002239,0.59807485,-0.46564645,0.23630905
1751443179896,152002239,0.59807485,-0.46564645,0.23630905
1751443179912,152018906,0.69504166,-0.43640313,0.16814041
1751443179912,152018906,0.69504166,-0.43640313,0.16814041
1751443179929,152035573,0.8764886,-0.34296644,0.4881363
1751443179929,152035573,0.8764886,-0.34296644,0.4881363
1751443179946,152052240,0.94952637,-0.38195804,0.8023443
1751443179946,152052240,0.94952637,-0.38195804,0.8023443
1751443179962,152068907,0.89303404,-0.38826188,0.78868675
1751443179962,152068907,0.89303404,-0.38826188,0.78868675
1751443179979,152085574,1.0069796,-0.17588346,1.1278305
1751443179979,152085574,1.0069796,-0.17588346,1.1278305
1751443179996,152102241,0.9485583,0.20775351,1.419528
1751443179996,152102241,0.9485583,0.20775351,1.419528
1751443180012,152118908,0.8203136,0.4898708,1.8058395
1751443180012,152118908,0.8203136,0.4898708,1.8058395
1751443180029,152135575,0.34634453,0.57170147,1.7998123
1751443180029,152135575,0.34634453,0.57170147,1.7998123
1751443180046,152152242,-0.15572622,0.28954014,1.3202333
1751443180046,152152242,-0.15572622,0.28954014,1.3202333
1751443180062,152168909,-0.21056977,-0.0015611262,1.0848503
1751443180062,152168909,-0.21056977,-0.0015611262,1.0848503
1751443180079,152185576,-0.09163721,-0.04644912,1.1071749
1751443180079,152185576,-0.09163721,-0.04644912,1.1071749
1751443180096,152202243,0.19540256,0.04649036,1.2667437
1751443180096,152202243,0.19540256,0.04649036,1.2667437
1751443180112,152218910,0.5567493,0.13311851,1.6861467
1751443180112,152218910,0.5567493,0.13311851,1.6861467
1751443180129,152235577,0.8678803,0.094646335,1.7359467
1751443180129,152235577,0.8678803,0.094646335,1.7359467
1751443180146,152252244,1.2498803,0.081065804,1.2146177
1751443180146,152252244,1.2498803,0.081065804,1.2146177
1751443180162,152268911,1.4672443,0.045427445,0.5291357
1751443180162,152268911,1.4672443,0.045427445,0.5291357
1751443180179,152285578,1.2740897,-0.023402477,0.5989113
1751443180179,152285578,1.2740897,-0.023402477,0.5989113
1751443180196,152302245,0.98661166,0.22392265,1.413866
1751443180196,152302245,0.98661166,0.22392265,1.413866
1751443180212,152318912,1.1871723,0.2991419,1.9956083
1751443180212,152318912,1.1871723,0.2991419,1.9956083
1751443180229,152335579,1.2344544,0.3183666,2.5471258
1751443180229,152335579,1.2344544,0.3183666,2.5471258
1751443180246,152352246,0.4001449,0.45034856,1.8967628
1751443180246,152352246,0.4001449,0.45034856,1.8967628
1751443180262,152368913,0.60509056,0.23885243,0.993021
1751443180262,152368913,0.60509056,0.23885243,0.993021
1751443180279,152385580,0.50225997,-0.080819935,0.63417244
1751443180279,152385580,0.50225997,-0.080819935,0.63417244
1751443180296,152402247,0.5797585,-0.4778156,0.57079315
1751443180296,152402247,0.5797585,-0.4778156,0.57079315
1751443180312,152418914,0.6001469,-0.5163378,0.24598217
1751443180312,152418914,0.6001469,-0.5163378,0.24598217
1751443180329,152435581,0.71686435,-0.66468114,-0.18896961
1751443180329,152435581,0.71686435,-0.66468114,-0.18896961
1751443180346,152452248,0.7056076,-0.81321084,-0.58775425
1751443180346,152452248,0.7056076,-0.81321084,-0.58775425
1751443180362,152468915,0.5670373,-0.77426964,-0.8672142
1751443180362,152468915,0.5670373,-0.77426964,-0.8672142
1751443180379,152485582,0.6920075,-0.82877105,-1.1145124
1751443180379,152485582,0.6920075,-0.82877105,-1.1145124
1751443180396,152502249,0.61723953,-0.5721905,-1.1712446
1751443180396,152502249,0.61723953,-0.5721905,-1.1712446
1751443180412,152518916,0.51241094,-0.3881104,-1.1886358
1751443180412,152518916,0.51241094,-0.3881104,-1.1886358
1751443180429,152535583,0.5211286,-0.30672634,-1.1741123
1751443180429,152535583,0.5211286,-0.30672634,-1.1741123
1751443180446,152552250,0.4777843,-0.2365802,-1.0605526
1751443180446,152552250,0.4777843,-0.2365802,-1.0605526
1751443180462,152568917,0.33803013,-0.17079893,-0.9789133
1751443180462,152568917,0.33803013,-0.17079893,-0.9789133
1751443180479,152585584,0.34341702,-0.1412204,-0.85827065
1751443180479,152585584,0.34341702,-0.1412204,-0.85827065
1751443180496,152602251,0.50768876,-0.097164154,-0.57747173
1751443180496,152602251,0.50768876,-0.097164154,-0.57747173
1751443180512,152618918,0.52570647,0.04065248,-0.22885036
1751443180512,152618918,0.52570647,0.04065248,-0.22885036
1751443180529,152635585,0.5811179,0.19701718,0.048909187
1751443180529,152635585,0.5811179,0.19701718,0.048909187
1751443180546,152652252,0.69549084,0.32259363,0.16967392
1751443180546,152652252,0.69549084,0.32259363,0.16967392
1751443180562,152668919,0.810572,0.38223693,0.12672138
1751443180562,152668919,0.810572,0.38223693,0.12672138
1751443180579,152685586,1.0442009,0.35740307,0.12622929
1751443180579,152685586,1.0442009,0.35740307,0.12622929
1751443180596,152702253,1.1308025,0.3332929,0.21604443
1751443180596,152702253,1.1308025,0.3332929,0.21604443
1751443180612,152718920,0.41278622,0.059668515,0.29039955
1751443180612,152718920,0.41278622,0.059668515,0.29039955
1751443180629,152735587,-0.10854697,-0.26033399,0.327075
1751443180629,152735587,-0.10854697,-0.26033399,0.327075
1751443180646,152752254,-0.3222185,-0.3105719,-0.18537235
1751443180646,152752254,-0.3222185,-0.3105719,-0.18537235
1751443180662,152768921,-0.3236129,-0.28700823,-0.59043694
1751443180662,152768921,-0.3236129,-0.28700823,-0.59043694
1751443180679,152785588,-0.07652161,-0.3344816,-1.0044365
1751443180679,152785588,-0.07652161,-0.3344816,-1.0044365
1751443180696,152802255,0.28299144,-0.18262546,-1.4414988
1751443180696,152802255,0.28299144,-0.18262546,-1.4414988
1751443180712,152818922,0.3683815,0.037402716,-1.44063
1751443180712,152818922,0.3683815,0.037402716,-1.44063
1751443180729,152835589,0.6382789,-0.09276469,-1.2607841
1751443180729,152835589,0.6382789,-0.09276469,-1.2607841
1751443180746,152852256,0.67588145,-0.12251365,-0.84745884
1751443180746,152852256,0.67588145,-0.12251365,-0.84745884
1751443180762,152868923,0.66878873,0.09108913,-0.55688
1751443180762,152868923,0.66878873,0.09108913,-0.55688
1751443180779,152885590,0.7328297,0.3213209,-0.21609116
1751443180779,152885590,0.7328297,0.3213209,-0.21609116
1751443180796,152902257,0.74528897,0.45947576,-0.007180214
1751443180796,152902257,0.74528897,0.45947576,-0.007180214
1751443180812,152918924,0.8891462,0.44595206,-0.060442924
1751443180812,152918924,0.8891462,0.44595206,-0.060442924
1751443180829,152935591,0.93993914,0.39312527,-0.30879593
1751443180829,152935591,0.93993914,0.39312527,-0.30879593
1751443180846,152952258,0.85897255,0.32356083,-0.70920944
1751443180846,152952258,0.85897255,0.32356083,-0.70920944
1751443180862,152968925,0.75364614,0.124411054,-1.0041447
1751443180862,152968925,0.75364614,0.124411054,-1.0041447
1751443180879,152985592,0.749274,-0.1862472,-0.99980164
1751443180879,152985592,0.749274,-0.1862472,-0.99980164
1751443180896,153002259,0.84852767,-0.23600431,-0.85131264
1751443180896,153002259,0.84852767,-0.23600431,-0.85131264
1751443180912,153018926,0.9214703,-0.1731152,-0.60395527
1751443180912,153018926,0.9214703,-0.1731152,-0.60395527
1751443180929,153035593,0.97737825,0.08526421,-0.47417355
1751443180929,153035593,0.97737825,0.08526421,-0.47417355
1751443180946,153052260,0.8920905,0.3976148,-0.5543623
1751443180946,153052260,0.8920905,0.3976148,-0.5543623
1751443180962,153068927,0.7908518,0.5380473,-0.68373203
1751443180962,153068927,0.7908518,0.5380473,-0.68373203
1751443180979,153085594,0.6563472,0.5578746,-0.78865147
1751443180979,153085594,0.6563472,0.5578746,-0.78865147
1751443180996,153102261,0.5944387,0.48818845,-0.88062954
1751443180996,153102261,0.5944387,0.48818845,-0.88062954
1751443181012,153118928,0.5809096,0.4208764,-0.7553711
1751443181012,153118928,0.5809096,0.4208764,-0.7553711
1751443181029,153135595,0.70283556,0.30611357,-0.49245548
1751443181029,153135595,0.70283556,0.30611357,-0.49245548
1751443181046,153152262,0.62786615,0.26870656,-0.27654743
1751443181046,153152262,0.62786615,0.26870656,-0.27654743
1751443181062,153168929,0.5997385,0.25217307,-0.24107647
1751443181062,153168929,0.5997385,0.25217307,-0.24107647
1751443181079,153185596,0.51112837,0.28412232,-0.31302547
1751443181079,153185596,0.51112837,0.28412232,-0.31302547
1751443181096,153202263,0.42911348,0.31673747,-0.37823105
1751443181096,153202263,0.42911348,0.31673747,-0.37823105
1751443181112,153218930,0.31821567,0.328055,-0.3813753
1751443181112,153218930,0.31821567,0.328055,-0.3813753
1751443181129,153235597,0.32549462,0.34677562,-0.41544056
1751443181129,153235597,0.32549462,0.34677562,-0.41544056
1751443181146,153252264,0.27754503,0.32389638,-0.5251274
1751443181146,153252264,0.27754503,0.32389638,-0.5251274
1751443181162,153268931,0.2584082,0.2698228,-0.64085865
1751443181162,153268931,0.2584082,0.2698228,-0.64085865
1751443181179,153285598,0.20802097,0.22000545,-0.6746645
1751443181179,153285598,0.20802097,0.22000545,-0.6746645
1751443181196,153302265,0.19109814,0.11787484,-0.4802246
1751443181196,153302265,0.19109814,0.11787484,-0.4802246
1751443181212,153318932,0.14990793,0.09118183,-0.24613571
1751443181212,153318932,0.14990793,0.09118183,-0.24613571
1751443181229,153335599,0.111264415,0.10774822,-0.21595764
1751443181229,153335599,0.111264415,0.10774822,-0.21595764
1751443181246,153352266,0.12877728,0.14216432,-0.40173435
1751443181246,153352266,0.12877728,0.14216432,-0.40173435
1751443181262,153368933,0.11689313,0.1610026,-0.47538185
1751443181262,153368933,0.11689313,0.1610026,-0.47538185
1751443181279,153385600,0.17612089,0.20209041,-0.48442554
1751443181279,153385600,0.17612089,0.20209041,-0.48442554
1751443181296,153402267,0.24645114,0.19478643,-0.5683327
1751443181296,153402267,0.24645114,0.19478643,-0.5683327
1751443181312,153418934,0.18780012,0.16748753,-0.65806293
1751443181312,153418934,0.18780012,0.16748753,-0.65806293
1751443181329,153435601,0.19196662,0.035221953,-0.69143677
1751443181329,153435601,0.19196662,0.035221953,-0.69143677
1751443181346,153452268,0.33345824,-0.009473317,-0.7184305
1751443181346,153452268,0.33345824,-0.009473317,-0.7184305
1751443181362,153468935,0.46779144,-0.010319705,-0.63852787
1751443181362,153468935,0.46779144,-0.010319705,-0.63852787
1751443181379,153485602,0.47913757,-0.04562877,-0.62711525
1751443181379,153485602,0.47913757,-0.04562877,-0.62711525
1751443181396,153502269,0.6197951,-0.05704939,-0.6189003
1751443181396,153502269,0.6197951,-0.05704939,-0.6189003
1751443181412,153518936,0.661129,-0.09000811,-0.55530643
1751443181412,153518936,0.661129,-0.09000811,-0.55530643
1751443181429,153535603,0.55552804,-0.1391353,-0.4255228
1751443181429,153535603,0.55552804,-0.1391353,-0.4255228
1751443181446,153552270,0.47530812,-0.18008578,-0.37810898
1751443181446,153552270,0.47530812,-0.18008578,-0.37810898
1751443181462,153568937,0.47384796,-0.13749997,-0.29520702
1751443181462,153568937,0.47384796,-0.13749997,-0.29520702
1751443181479,153585604,0.41364342,-0.042484447,-0.29154396
1751443181479,153585604,0.41364342,-0.042484447,-0.29154396
1751443181496,153602271,0.3833889,0.048668325,-0.36008263
1751443181496,153602271,0.3833889,0.048668325,-0.36008263
1751443181512,153618938,0.3627625,0.09291238,-0.43442822
1751443181512,153618938,0.3627625,0.09291238,-0.43442822
1751443181529,153635605,0.3908239,0.044332284,-0.4791069
1751443181529,153635605,0.3908239,0.044332284,-0.4791069
1751443181546,153652272,0.5253405,0.060128562,-0.49613094
1751443181546,153652272,0.5253405,0.060128562,-0.49613094
1751443181562,153668939,0.794938,0.09568076,-0.4980526
1751443181562,153668939,0.794938,0.09568076,-0.4980526
1751443181579,153685606,1.10593,0.18087395,-0.3502617
1751443181579,153685606,1.10593,0.18087395,-0.3502617
1751443181596,153702273,1.2575235,0.14717132,-0.17501068
1751443181596,153702273,1.2575235,0.14717132,-0.17501068
1751443181612,153718940,1.385063,0.34282625,0.1089592
1751443181612,153718940,1.385063,0.34282625,0.1089592
1751443181629,153735607,1.108461,0.39419845,0.75569725
1751443181629,153735607,1.108461,0.39419845,0.75569725
1751443181646,153752274,0.6921275,-0.095028095,1.5321875
1751443181646,153752274,0.6921275,-0.095028095,1.5321875
1751443181662,153768941,0.0784075,-0.35938424,1.9141331
1751443181662,153768941,0.0784075,-0.35938424,1.9141331
1751443181679,153785608,-0.2836795,-0.2097154,2.4317322
1751443181679,153785608,-0.2836795,-0.2097154,2.4317322
1751443181696,153802275,-0.17574069,-0.48201978,2.66261
1751443181696,153802275,-0.17574069,-0.48201978,2.66261
1751443181712,153818942,-0.09723526,-0.78212905,2.4769163
1751443181712,153818942,-0.09723526,-0.78212905,2.4769163
1751443181729,153835609,0.08121651,-0.7473699,2.5652485
1751443181729,153835609,0.08121651,-0.7473699,2.5652485
1751443181746,153852276,0.32911858,-0.47659153,2.562789
1751443181746,153852276,0.32911858,-0.47659153,2.562789
1751443181762,153868943,0.32100016,-0.21222645,2.5736246
1751443181762,153868943,0.32100016,-0.21222645,2.5736246
1751443181779,153885610,0.3790173,0.14382052,2.8834715
1751443181779,153885610,0.3790173,0.14382052,2.8834715
1751443181796,153902277,0.47983444,0.5560913,2.9426632
1751443181796,153902277,0.47983444,0.5560913,2.9426632
1751443181812,153918944,0.4105025,0.7988374,2.6461086
1751443181812,153918944,0.4105025,0.7988374,2.6461086
1751443181829,153935611,0.41567186,0.8258562,2.3996096
1751443181829,153935611,0.41567186,0.8258562,2.3996096
1751443181846,153952278,0.27728063,0.79106945,1.9656363
1751443181846,153952278,0.27728063,0.79106945,1.9656363
1751443181862,153968945,0.30913055,0.41587144,1.8117161
1751443181862,153968945,0.30913055,0.41587144,1.8117161
1751443181879,153985612,0.21131583,0.43943194,1.8690891
1751443181879,153985612,0.21131583,0.43943194,1.8690891
1751443181896,154002279,0.25333947,0.31575397,1.6464539
1751443181896,154002279,0.25333947,0.31575397,1.6464539
1751443181912,154018946,0.2907709,0.24773405,1.073679
1751443181912,154018946,0.2907709,0.24773405,1.073679
1751443181929,154035613,0.2988492,-0.10764798,0.33551216
1751443181929,154035613,0.2988492,-0.10764798,0.33551216
1751443181946,154052280,-0.1289344,-0.3149654,-0.272851
1751443181946,154052280,-0.1289344,-0.3149654,-0.272851
1751443181962,154068947,-0.33722395,-0.30313912,-0.32791805
1751443181962,154068947,-0.33722395,-0.30313912,-0.32791805
1751443181979,154085614,-0.22076036,-0.18133919,0.15921974
1751443181979,154085614,-0.22076036,-0.18133919,0.15921974
1751443181996,154102281,0.07855282,-0.27401894,0.20448399
1751443181996,154102281,0.07855282,-0.27401894,0.20448399
1751443182012,154118948,0.68628156,-0.070208885,0.13915253
1751443182012,154118948,0.68628156,-0.070208885,0.13915253
1751443182029,154135615,0.94691473,0.04245975,-0.27668667
1751443182029,154135615,0.94691473,0.04245975,-0.27668667
1751443182046,154152282,0.9428845,0.2598764,-0.84214306
1751443182046,154152282,0.9428845,0.2598764,-0.84214306
1751443182062,154168949,0.7573082,0.14933828,-1.5272875
1751443182062,154168949,0.7573082,0.14933828,-1.5272875
1751443182079,154185616,0.537306,0.13954775,-1.830812
1751443182079,154185616,0.537306,0.13954775,-1.830812
1751443182096,154202283,0.50923425,0.09582481,-1.893681
1751443182096,154202283,0.50923425,0.09582481,-1.893681
1751443182112,154218950,0.35464907,0.1418192,-1.8356347
1751443182112,154218950,0.35464907,0.1418192,-1.8356347
1751443182129,154235617,0.37438655,0.020804474,-1.8272548
1751443182129,154235617,0.37438655,0.020804474,-1.8272548
1751443182146,154252284,0.4625881,-0.24353446,-1.5561142
1751443182146,154252284,0.4625881,-0.24353446,-1.5561142
1751443182162,154268951,0.47505456,-0.37020788,-1.5082664
1751443182162,154268951,0.47505456,-0.37020788,-1.5082664
1751443182179,154285618,0.34488323,-0.30687132,-1.1424112
1751443182179,154285618,0.34488323,-0.30687132,-1.1424112
1751443182196,154302285,0.37978512,-0.42908967,-0.9226122
1751443182196,154302285,0.37978512,-0.42908967,-0.9226122
1751443182212,154318952,-0.092973456,-0.18539037,-0.86821365
1751443182212,154318952,-0.092973456,-0.18539037,-0.86821365
1751443182229,154335619,-0.7537346,0.055858124,-1.1231747
1751443182229,154335619,-0.7537346,0.055858124,-1.1231747
1751443182246,154352286,-1.418828,0.072577566,-1.3294783
1751443182246,154352286,-1.418828,0.072577566,-1.3294783
1751443182262,154368953,-1.8347249,-0.19640195,-1.8395605
1751443182262,154368953,-1.8347249,-0.19640195,-1.8395605
1751443182279,154385620,-2.3920777,-0.43540815,-2.5355601
1751443182279,154385620,-2.3920777,-0.43540815,-2.5355601
1751443182296,154402287,-2.5867841,-0.6245467,-3.0255795
1751443182296,154402287,-2.5867841,-0.6245467,-3.0255795
1751443182312,154418954,-2.56998,-0.7579491,-3.3722353
1751443182312,154418954,-2.56998,-0.7579491,-3.3722353
1751443182329,154435621,-2.6956835,-0.7782229,-3.513679
1751443182329,154435621,-2.6956835,-0.7782229,-3.513679
1751443182346,154452288,-2.5795708,-0.6888119,-3.0249815
1751443182346,154452288,-2.5795708,-0.6888119,-3.0249815
1751443182362,154468955,-2.2613118,-0.60883695,-2.1022024
1751443182362,154468955,-2.2613118,-0.60883695,-2.1022024
1751443182379,154485622,-1.9497256,-0.50769114,-1.0714388
1751443182379,154485622,-1.9497256,-0.50769114,-1.0714388
1751443182396,154502289,-2.0697675,-0.30284888,-0.53054523
1751443182396,154502289,-2.0697675,-0.30284888,-0.53054523
1751443182412,154518956,-2.3164158,-0.3131345,-0.697176
1751443182412,154518956,-2.3164158,-0.3131345,-0.697176
1751443182429,154535623,-2.59006,-0.20685486,-0.92922306
1751443182429,154535623,-2.59006,-0.20685486,-0.92922306
1751443182446,154552290,-2.261854,-0.2264088,-0.7641649
1751443182446,154552290,-2.261854,-0.2264088,-0.7641649
1751443182462,154568957,-1.7924008,-0.12578325,-0.39944267
1751443182462,154568957,-1.7924008,-0.12578325,-0.39944267
1751443182479,154585624,-1.3445115,-0.2716534,-0.30336666
1751443182479,154585624,-1.3445115,-0.2716534,-0.30336666
1751443182496,154602291,-1.2629254,-0.40818116,-0.22353458
1751443182496,154602291,-1.2629254,-0.40818116,-0.22353458
1751443182512,154618958,-1.3450514,-0.5715541,-0.104123116
1751443182512,154618958,-1.3450514,-0.5715541,-0.104123116
1751443182529,154635625,-1.4388225,-0.66915107,-0.22112083
1751443182529,154635625,-1.4388225,-0.66915107,-0.22112083
1751443182546,154652292,-1.4864068,-0.5844782,-0.27732468
1751443182546,154652292,-1.4864068,-0.5844782,-0.27732468
1751443182562,154668959,-1.2661134,-0.37593895,-0.15093517
1751443182562,154668959,-1.2661134,-0.37593895,-0.15093517
1751443182579,154685626,-1.0279852,-0.21270354,0.085430145
1751443182579,154685626,-1.0279852,-0.21270354,0.085430145
1751443182596,154702293,-0.9223375,-0.21482366,0.12446499
1751443182596,154702293,-0.9223375,-0.21482366,0.12446499
1751443182612,154718960,-1.2538433,-0.27055988,-0.3075943
1751443182612,154718960,-1.2538433,-0.27055988,-0.3075943
1751443182629,154735627,-1.7752,-0.38172224,-0.885582
1751443182629,154735627,-1.7752,-0.38172224,-0.885582
1751443182646,154752294,-2.2646685,-0.41097865,-1.1243143
1751443182646,154752294,-2.2646685,-0.41097865,-1.1243143
1751443182662,154768961,-2.3962526,-0.38378873,-1.0707779
1751443182662,154768961,-2.3962526,-0.38378873,-1.0707779
1751443182679,154785628,-2.339893,-0.41141236,-0.85390854
1751443182679,154785628,-2.339893,-0.41141236,-0.85390854
1751443182696,154802295,-1.8553753,-0.41850543,-0.5516043
1751443182696,154802295,-1.8553753,-0.41850543,-0.5516043
1751443182712,154818962,-1.4512849,-0.3368469,-0.1835289
1751443182712,154818962,-1.4512849,-0.3368469,-0.1835289
1751443182729,154835629,-1.136019,-0.24305022,0.13581085
1751443182729,154835629,-1.136019,-0.24305022,0.13581085
1751443182746,154852296,-0.955118,-0.26719433,0.44126987
1751443182746,154852296,-0.955118,-0.26719433,0.44126987
1751443182762,154868963,-1.0797906,-0.28691298,0.56878185
1751443182762,154868963,-1.0797906,-0.28691298,0.56878185
1751443182779,154885630,-1.389353,-0.35338303,0.3075981
1751443182779,154885630,-1.389353,-0.35338303,0.3075981
1751443182796,154902297,-1.8180702,-0.29470193,-0.15275955
1751443182796,154902297,-1.8180702,-0.29470193,-0.15275955
1751443182812,154918964,-2.0002577,-0.19142711,-0.6451664
1751443182812,154918964,-2.0002577,-0.19142711,-0.6451664
1751443182829,154935631,-1.9822654,-0.0650112,-1.0475378
1751443182829,154935631,-1.9822654,-0.0650112,-1.0475378
1751443182846,154952298,-2.110595,-0.02189857,-1.0915375
1751443182846,154952298,-2.110595,-0.02189857,-1.0915375
1751443182862,154968965,-2.3686168,-0.037023246,-1.141571
1751443182862,154968965,-2.3686168,-0.037023246,-1.141571
1751443182879,154985632,-2.5588062,-0.16859403,-1.4015932
1751443182879,154985632,-2.5588062,-0.16859403,-1.4015932
1751443182896,155002299,-2.5776956,-0.3240883,-1.7948446
1751443182896,155002299,-2.5776956,-0.3240883,-1.7948446
1751443182912,155018966,-2.4912057,-0.3922039,-2.311678
1751443182912,155018966,-2.4912057,-0.3922039,-2.311678
1751443182929,155035633,-2.6574912,-0.43702593,-2.6433868
1751443182929,155035633,-2.6574912,-0.43702593,-2.6433868
1751443182946,155052300,-2.8181443,-0.44596013,-2.8846664
1751443182946,155052300,-2.8181443,-0.44596013,-2.8846664
1751443182962,155068967,-2.618571,-0.09487896,-2.981155
1751443182962,155068967,-2.618571,-0.09487896,-2.981155
1751443182979,155085634,-2.3166738,0.3586539,-2.4746218
1751443182979,155085634,-2.3166738,0.3586539,-2.4746218
1751443182996,155102301,-1.6395469,0.19694833,-2.086165
1751443182996,155102301,-1.6395469,0.19694833,-2.086165
1751443183012,155118968,-1.0637816,-0.20711884,-1.5211306
1751443183012,155118968,-1.0637816,-0.20711884,-1.5211306
1751443183029,155135635,-0.6401619,-0.3150101,-0.9286251
1751443183029,155135635,-0.6401619,-0.3150101,-0.9286251
1751443183046,155152302,-0.25972775,0.08451785,-0.3262558
1751443183046,155152302,-0.25972775,0.08451785,-0.3262558
1751443183062,155168969,-0.03558596,0.48003185,-0.028317451
1751443183062,155168969,-0.03558596,0.48003185,-0.028317451
1751443183079,155185636,0.5846579,0.24176078,-0.09370613
1751443183079,155185636,0.5846579,0.24176078,-0.09370613
1751443183096,155202303,0.3475921,0.52510434,0.22188854
1751443183096,155202303,0.3475921,0.52510434,0.22188854
1751443183112,155218970,0.53142464,0.9075285,0.46909618
1751443183112,155218970,0.53142464,0.9075285,0.46909618
1751443183129,155235637,1.6389798,0.7566164,1.5360689
1751443183129,155235637,1.6389798,0.7566164,1.5360689
1751443183146,155252304,1.4592694,0.47542414,1.0040131
1751443183146,155252304,1.4592694,0.47542414,1.0040131
1751443183162,155268971,0.5672144,0.519253,0.40014267
1751443183162,155268971,0.5672144,0.519253,0.40014267
1751443183179,155285638,-0.054071974,0.08807673,-0.5864744
1751443183179,155285638,-0.054071974,0.08807673,-0.5864744
1751443183196,155302305,-0.7640161,-0.450275,-2.6501436
1751443183196,155302305,-0.7640161,-0.450275,-2.6501436
1751443183212,155318972,-0.10112824,-0.97105986,-2.7703042
1751443183212,155318972,-0.10112824,-0.97105986,-2.7703042
1751443183229,155335639,0.44131705,-1.0009354,-2.2895718
1751443183229,155335639,0.44131705,-1.0009354,-2.2895718
1751443183246,155352306,1.6512399,-1.0799302,-0.4412737
1751443183246,155352306,1.6512399,-1.0799302,-0.4412737
1751443183262,155368973,1.7050768,-1.0548065,-0.30014133
1751443183262,155368973,1.7050768,-1.0548065,-0.30014133
1751443183279,155385640,1.277581,-1.4356382,-0.65452194
1751443183279,155385640,1.277581,-1.4356382,-0.65452194
1751443183296,155402307,0.56899345,-1.13892,-0.83917236
1751443183296,155402307,0.56899345,-1.13892,-0.83917236
1751443183312,155418974,0.34936467,-0.16516702,-0.19341946
1751443183312,155418974,0.34936467,-0.16516702,-0.19341946
1751443183329,155435641,0.6253319,1.3422118,1.0439634
1751443183329,155435641,0.6253319,1.3422118,1.0439634
1751443183346,155452308,0.7878683,1.1747444,1.5104179
1751443183346,155452308,0.7878683,1.1747444,1.5104179
1751443183362,155468975,0.7388555,0.8909224,1.0774813
1751443183362,155468975,0.7388555,0.8909224,1.0774813
1751443183379,155485642,0.5104811,0.553689,1.308239
1751443183379,155485642,0.5104811,0.553689,1.308239
1751443183396,155502309,0.08322711,0.14312048,0.6590786
1751443183396,155502309,0.08322711,0.14312048,0.6590786
1751443183412,155518976,0.22567785,0.24181174,0.34623146
1751443183412,155518976,0.22567785,0.24181174,0.34623146
1751443183429,155535643,0.19663577,0.4051884,-0.21540928
1751443183429,155535643,0.19663577,0.4051884,-0.21540928
1751443183446,155552310,-0.22468969,0.17882098,-0.14912128
1751443183446,155552310,-0.22468969,0.17882098,-0.14912128
1751443183462,155568977,-1.2761548,-0.27595815,0.6006355
1751443183462,155568977,-1.2761548,-0.27595815,0.6006355
1751443183479,155585644,-2.016464,-0.79844046,1.6621904
1751443183479,155585644,-2.016464,-0.79844046,1.6621904
1751443183496,155602311,-2.122433,-1.161735,2.1274738
1751443183496,155602311,-2.122433,-1.161735,2.1274738
1751443183512,155618978,-1.8910081,-1.2219381,2.5221367
1751443183512,155618978,-1.8910081,-1.2219381,2.5221367
1751443183529,155635645,-1.6076196,-0.708406,1.0473156
1751443183529,155635645,-1.6076196,-0.708406,1.0473156
1751443183546,155652312,-0.40751794,0.012635634,1.0056715
1751443183546,155652312,-0.40751794,0.012635634,1.0056715
1751443183562,155668979,0.5384775,0.05468915,1.8315067
1751443183562,155668979,0.5384775,0.05468915,1.8315067
1751443183579,155685646,0.61698675,-0.098272055,3.4984303
1751443183579,155685646,0.61698675,-0.098272055,3.4984303
1751443183596,155702313,0.27773425,-0.5813804,5.1888504
1751443183596,155702313,0.27773425,-0.5813804,5.1888504
1751443183612,155718980,-0.28899282,-0.7209348,5.7691183
1751443183612,155718980,-0.28899282,-0.7209348,5.7691183
1751443183629,155735647,-0.04067827,-0.7923684,4.646949
1751443183629,155735647,-0.04067827,-0.7923684,4.646949
1751443183646,155752314,-0.89798397,-0.958542,3.838581
1751443183646,155752314,-0.89798397,-0.958542,3.838581
1751443183662,155768981,-1.0581701,-0.74855906,2.261323
1751443183662,155768981,-1.0581701,-0.74855906,2.261323
1751443183679,155785648,-0.68286496,0.16000064,0.86274433
1751443183679,155785648,-0.68286496,0.16000064,0.86274433
1751443183696,155802315,0.098019734,0.67387706,-0.06665516
1751443183696,155802315,0.098019734,0.67387706,-0.06665516
1751443183712,155818982,1.0381938,0.38279387,-0.8565779
1751443183712,155818982,1.0381938,0.38279387,-0.8565779
1751443183729,155835649,1.2757727,-0.6165825,-1.4548903
1751443183729,155835649,1.2757727,-0.6165825,-1.4548903
1751443183746,155852316,0.7663319,-0.8337516,-2.1134238
1751443183746,155852316,0.7663319,-0.8337516,-2.1134238
1751443183762,155868983,0.49176225,-0.8770971,-2.4330301
1751443183762,155868983,0.49176225,-0.8770971,-2.4330301
1751443183779,155885650,0.12784821,-0.60158706,-2.4395785
1751443183779,155885650,0.12784821,-0.60158706,-2.4395785
1751443183796,155902317,0.19360699,-0.027058478,-2.4272242
1751443183796,155902317,0.19360699,-0.027058478,-2.4272242
1751443183812,155918984,0.26643857,0.5796515,-1.8699126
1751443183812,155918984,0.26643857,0.5796515,-1.8699126
1751443183829,155935651,0.26952493,0.8310249,-1.2496405
1751443183829,155935651,0.26952493,0.8310249,-1.2496405
1751443183846,155952318,0.21830519,0.9447275,-0.9777813
1751443183846,155952318,0.21830519,0.9447275,-0.9777813
1751443183862,155968985,0.2986243,0.8373763,-0.8560667
1751443183862,155968985,0.2986243,0.8373763,-0.8560667
1751443183879,155985652,0.6019109,0.5045481,-0.6397276
1751443183879,155985652,0.6019109,0.5045481,-0.6397276
1751443183896,156002319,0.8278445,0.23587954,-0.3863716
1751443183896,156002319,0.8278445,0.23587954,-0.3863716
1751443183912,156018986,1.0673454,-0.009339489,-0.15087128
1751443183912,156018986,1.0673454,-0.009339489,-0.15087128
1751443183929,156035653,1.0378841,-0.024568768,0.019460678
1751443183929,156035653,1.0378841,-0.024568768,0.019460678
1751443183946,156052320,0.96880174,0.06759546,0.07992172
1751443183946,156052320,0.96880174,0.06759546,0.07992172
1751443183962,156068987,0.6611919,0.08679092,0.012310982
1751443183962,156068987,0.6611919,0.08679092,0.012310982
1751443183979,156085654,0.5948803,0.09541511,-0.04071617
1751443183979,156085654,0.5948803,0.09541511,-0.04071617
1751443183996,156102321,0.45006767,-0.032001022,0.012886047
1751443183996,156102321,0.45006767,-0.032001022,0.012886047
1751443184012,156118988,0.28902295,-0.23100941,-0.27515697
1751443184012,156118988,0.28902295,-0.23100941,-0.27515697
1751443184029,156135655,0.18982646,-0.274462,-0.86598873
1751443184029,156135655,0.18982646,-0.274462,-0.86598873
1751443184046,156152322,0.24308169,-0.43515563,-1.16008
1751443184046,156152322,0.24308169,-0.43515563,-1.16008
1751443184062,156168989,0.26208398,-0.39266226,-0.8634672
1751443184062,156168989,0.26208398,-0.39266226,-0.8634672
1751443184079,156185656,0.2823918,-0.21551186,-0.3446455
1751443184079,156185656,0.2823918,-0.21551186,-0.3446455
1751443184096,156202323,0.3104668,0.04623237,-0.2364645
1751443184096,156202323,0.3104668,0.04623237,-0.2364645
1751443184112,156218990,0.37907913,0.29156068,-0.47498798
1751443184112,156218990,0.37907913,0.29156068,-0.47498798
1751443184129,156235657,0.46788797,0.3342127,-0.76955986
1751443184129,156235657,0.46788797,0.3342127,-0.76955986
1751443184146,156252324,0.43983084,0.40540728,-0.9450455
1751443184146,156252324,0.43983084,0.40540728,-0.9450455
1751443184162,156268991,0.37056687,0.3581507,-0.8998413
1751443184162,156268991,0.37056687,0.3581507,-0.8998413
1751443184179,156285658,0.34221205,0.22269095,-0.7541275
1751443184179,156285658,0.34221205,0.22269095,-0.7541275
1751443184196,156302325,0.23496218,0.20052482,-0.689826
1751443184196,156302325,0.23496218,0.20052482,-0.689826
1751443184212,156318992,0.093128294,0.167049,-0.71893024
1751443184212,156318992,0.093128294,0.167049,-0.71893024
1751443184229,156335659,0.04813761,0.15510802,-0.63261986
1751443184229,156335659,0.04813761,0.15510802,-0.63261986
1751443184246,156352326,0.13177232,0.1014399,-0.44873428
1751443184246,156352326,0.13177232,0.1014399,-0.44873428
1751443184262,156368993,0.07865804,0.08899314,-0.35557556
1751443184262,156368993,0.07865804,0.08899314,-0.35557556
1751443184279,156385660,-0.023701705,0.12876733,-0.4372692
1751443184279,156385660,-0.023701705,0.12876733,-0.4372692
1751443184296,156402327,-0.012733659,0.16632979,-0.5649147
1751443184296,156402327,-0.012733659,0.16632979,-0.5649147
1751443184312,156418994,-0.05983928,0.17635272,-0.6095009
1751443184312,156418994,-0.05983928,0.17635272,-0.6095009
1751443184329,156435661,-0.1369425,0.14906889,-0.48918724
1751443184329,156435661,-0.1369425,0.14906889,-0.48918724
1751443184346,156452328,-0.25966325,0.095792346,-0.2419424
1751443184346,156452328,-0.25966325,0.095792346,-0.2419424
1751443184362,156468995,-0.33469206,0.027756734,-0.34399414
1751443184362,156468995,-0.33469206,0.027756734,-0.34399414
1751443184379,156485662,-0.31147632,0.004304636,-0.6109772
1751443184379,156485662,-0.31147632,0.004304636,-0.6109772
1751443184396,156502329,-0.1640178,0.0671852,-0.58427525
1751443184396,156502329,-0.1640178,0.0671852,-0.58427525
1751443184412,156518996,-0.16366456,0.136127,-0.419919
1751443184412,156518996,-0.16366456,0.136127,-0.419919
1751443184429,156535663,-0.25018072,0.15031117,-0.37452984
1751443184429,156535663,-0.25018072,0.15031117,-0.37452984
1751443184446,156552330,-0.20584169,0.11520662,-0.35700035
1751443184446,156552330,-0.20584169,0.11520662,-0.35700035
1751443184462,156568997,-0.23157437,0.028576411,-0.29097557
1751443184462,156568997,-0.23157437,0.028576411,-0.29097557
1751443184479,156585664,-0.18768786,-0.034247268,-0.2755928
1751443184479,156585664,-0.18768786,-0.034247268,-0.2755928
1751443184496,156602331,-0.19711569,-0.037621643,-0.30270195
1751443184496,156602331,-0.19711569,-0.037621643,-0.30270195
1751443184512,156618998,-0.29510546,-0.1409913,-0.42692757
1751443184512,156618998,-0.29510546,-0.1409913,-0.42692757
1751443184529,156635665,-0.37127227,-0.14353895,-0.49644566
1751443184529,156635665,-0.37127227,-0.14353895,-0.49644566
1751443184546,156652332,-0.42245665,-0.13703099,-0.5617771
1751443184546,156652332,-0.42245665,-0.13703099,-0.5617771
1751443184562,156668999,-0.5068753,-0.15465577,-0.65404034
1751443184562,156668999,-0.5068753,-0.15465577,-0.65404034
1751443184579,156685666,-0.40697974,-0.14144,-0.7343941
1751443184579,156685666,-0.40697974,-0.14144,-0.7343941
1751443184596,156702333,-0.22058925,-0.07075308,-0.72206116
1751443184596,156702333,-0.22058925,-0.07075308,-0.72206116
1751443184612,156719000,-0.13048187,-0.028811267,-0.61460876
1751443184612,156719000,-0.13048187,-0.028811267,-0.61460876
1751443184629,156735667,0.06778536,-0.014827179,-0.5111418
1751443184629,156735667,0.06778536,-0.014827179,-0.5111418
1751443184646,156752334,0.18968779,0.008974157,-0.402853
1751443184646,156752334,0.18968779,0.008974157,-0.402853
1751443184662,156769001,0.18449481,-0.070993975,-0.27836418
1751443184662,156769001,0.18449481,-0.070993975,-0.27836418
1751443184679,156785668,0.16952015,-0.14038971,-0.32980633
1751443184679,156785668,0.16952015,-0.14038971,-0.32980633
1751443184696,156802335,0.20116909,-0.19094795,-0.4526472
1751443184696,156802335,0.20116909,-0.19094795,-0.4526472
1751443184712,156819002,0.28896755,-0.14447285,-0.5118084
1751443184712,156819002,0.28896755,-0.14447285,-0.5118084
1751443184729,156835669,0.37191793,-0.105956376,-0.5922651
1751443184729,156835669,0.37191793,-0.105956376,-0.5922651
1751443184746,156852336,0.18783551,-0.03243687,-0.49932003
1751443184746,156852336,0.18783551,-0.03243687,-0.49932003
1751443184762,156869003,0.094852224,-0.18155086,-0.31104946
1751443184762,156869003,0.094852224,-0.18155086,-0.31104946
1751443184779,156885670,0.1000501,-0.10413664,-0.31570148
1751443184779,156885670,0.1000501,-0.10413664,-0.31570148
1751443184796,156902337,0.21237268,0.0349995,-0.58763885
1751443184796,156902337,0.21237268,0.0349995,-0.58763885
1751443184812,156919004,0.49870858,0.1116654,-0.6182022
1751443184812,156919004,0.49870858,0.1116654,-0.6182022
1751443184829,156935671,1.0992993,0.1905781,-0.46849728
1751443184829,156935671,1.0992993,0.1905781,-0.46849728
1751443184846,156952338,1.4129497,0.2786165,-0.4137907
1751443184846,156952338,1.4129497,0.2786165,-0.4137907
1751443184862,156969005,1.6565708,0.41541314,-0.299613
1751443184862,156969005,1.6565708,0.41541314,-0.299613
1751443184879,156985672,1.47477,0.6454369,0.38909817
1751443184879,156985672,1.47477,0.6454369,0.38909817
1751443184896,157002339,0.9143499,0.8181705,2.0273104
1751443184896,157002339,0.9143499,0.8181705,2.0273104
1751443184912,157019006,-0.2653039,0.77046615,3.4613466
1751443184912,157019006,-0.2653039,0.77046615,3.4613466
1751443184929,157035673,-0.64915264,0.080390014,3.6590757
1751443184929,157035673,-0.64915264,0.080390014,3.6590757
1751443184946,157052340,-0.05875935,-0.111331135,2.9346046
1751443184946,157052340,-0.05875935,-0.111331135,2.9346046
1751443184962,157069007,0.1703675,-0.026760647,2.0878677
1751443184962,157069007,0.1703675,-0.026760647,2.0878677
1751443184979,157085674,-0.2870238,-0.2504591,1.7926855
1751443184979,157085674,-0.2870238,-0.2504591,1.7926855
1751443184996,157102341,-0.6662818,-0.24330582,1.8031836
1751443184996,157102341,-0.6662818,-0.24330582,1.8031836
1751443185012,157119008,-0.7535489,-0.20291926,2.0047512
1751443185012,157119008,-0.7535489,-0.20291926,2.0047512
1751443185029,157135675,-0.7138164,-0.22996265,1.9731798
1751443185029,157135675,-0.7138164,-0.22996265,1.9731798
1751443185046,157152342,-0.7074137,-0.14118922,1.799264
1751443185046,157152342,-0.7074137,-0.14118922,1.799264
1751443185062,157169009,-0.7089134,-0.10716005,1.9194727
1751443185062,157169009,-0.7089134,-0.10716005,1.9194727
1751443185079,157185676,-0.8825852,-0.2531471,2.142376
1751443185079,157185676,-0.8825852,-0.2531471,2.142376
1751443185096,157202343,-1.1645961,-0.33630195,2.0245056
1751443185096,157202343,-1.1645961,-0.33630195,2.0245056
1751443185112,157219010,-1.1390283,-0.1467861,1.6742916
1751443185112,157219010,-1.1390283,-0.1467861,1.6742916
1751443185129,157235677,-0.87792444,-0.09999869,1.1017485
1751443185129,157235677,-0.87792444,-0.09999869,1.1017485
1751443185146,157252344,-0.8215239,-0.03831627,0.60576534
1751443185146,157252344,-0.8215239,-0.03831627,0.60576534
1751443185162,157269011,-0.7058624,0.10169761,0.8487787
1751443185162,157269011,-0.7058624,0.10169761,0.8487787
1751443185179,157285678,-0.27233285,0.12422403,0.96056557
1751443185179,157285678,-0.27233285,0.12422403,0.96056557
1751443185196,157302345,0.042273115,0.12788104,0.88237286
1751443185196,157302345,0.042273115,0.12788104,0.88237286
1751443185212,157319012,0.3569637,-0.048934475,0.6189308
1751443185212,157319012,0.3569637,-0.048934475,0.6189308
1751443185229,157335679,0.49716607,-0.22297741,0.4819107
1751443185229,157335679,0.49716607,-0.22297741,0.4819107
1751443185246,157352346,0.5612777,-0.16265798,0.18456078
1751443185246,157352346,0.5612777,-0.16265798,0.18456078
1751443185262,157369013,0.9248731,-0.32674912,-0.15989399
1751443185262,157369013,0.9248731,-0.32674912,-0.15989399
1751443185279,157385680,0.82348937,-0.32761165,-0.80348206
1751443185279,157385680,0.82348937,-0.32761165,-0.80348206
1751443185296,157402347,0.92911416,-0.25455454,-0.9518509
1751443185296,157402347,0.92911416,-0.25455454,-0.9518509
1751443185312,157419014,1.0956985,-0.11512281,-0.79358006
1751443185312,157419014,1.0956985,-0.11512281,-0.79358006
1751443185329,157435681,1.0786208,-0.20140116,-0.9133396
1751443185329,157435681,1.0786208,-0.20140116,-0.9133396
1751443185346,157452348,0.9848742,-0.15480965,-0.7158518
1751443185346,157452348,0.9848742,-0.15480965,-0.7158518
1751443185362,157469015,1.0693644,-0.04312068,-0.5469341
1751443185362,157469015,1.0693644,-0.04312068,-0.5469341
1751443185379,157485682,1.0073923,-0.12535366,-0.67719364
1751443185379,157485682,1.0073923,-0.12535366,-0.67719364
1751443185396,157502349,0.89591634,0.09430984,-0.34669018
1751443185396,157502349,0.89591634,0.09430984,-0.34669018
1751443185412,157519016,0.8827652,0.12138609,-0.31349277
1751443185412,157519016,0.8827652,0.12138609,-0.31349277
1751443185429,157535683,0.62600064,0.0845355,-0.3886366
1751443185429,157535683,0.62600064,0.0845355,-0.3886366
1751443185446,157552350,0.42150763,0.040260382,-0.5803175
1751443185446,157552350,0.42150763,0.040260382,-0.5803175
1751443185462,157569017,0.15172671,-0.055031236,-0.95421314
1751443185462,157569017,0.15172671,-0.055031236,-0.95421314
1751443185479,157585684,-0.2222354,0.036148302,-1.5071468
1751443185479,157585684,-0.2222354,0.036148302,-1.5071468
1751443185496,157602351,-0.5245035,0.14028557,-1.958447
1751443185496,157602351,-0.5245035,0.14028557,-1.958447
1751443185512,157619018,-0.80650026,0.177092,-2.1565108
1751443185512,157619018,-0.80650026,0.177092,-2.1565108
1751443185529,157635685,-0.90977174,-0.13245702,-2.2792282
1751443185529,157635685,-0.90977174,-0.13245702,-2.2792282
1751443185546,157652352,-1.0557915,-0.37573278,-2.317192
1751443185546,157652352,-1.0557915,-0.37573278,-2.317192
1751443185562,157669019,-1.026428,-0.70411783,-2.17283
1751443185562,157669019,-1.026428,-0.70411783,-2.17283
1751443185579,157685686,-1.1034758,-0.9733931,-2.0551505
1751443185579,157685686,-1.1034758,-0.9733931,-2.0551505
1751443185596,157702353,-1.5647012,-0.86534536,-2.1828737
1751443185596,157702353,-1.5647012,-0.86534536,-2.1828737
1751443185612,157719020,-2.0602307,-0.5052516,-2.1807094
1751443185612,157719020,-2.0602307,-0.5052516,-2.1807094
1751443185629,157735687,-2.4508832,0.12784494,-2.1500459
1751443185629,157735687,-2.4508832,0.12784494,-2.1500459
1751443185646,157752354,-2.2714252,0.35846806,-1.8561234
1751443185646,157752354,-2.2714252,0.35846806,-1.8561234
1751443185662,157769021,-2.4297714,0.5128669,-1.5758467
1751443185662,157769021,-2.4297714,0.5128669,-1.5758467
1751443185679,157785688,-2.2637985,0.317631,-1.4244232
1751443185679,157785688,-2.2637985,0.317631,-1.4244232
1751443185696,157802355,-2.13729,-0.098576926,-1.1907053
1751443185696,157802355,-2.13729,-0.098576926,-1.1907053
1751443185712,157819022,-2.1542094,-0.39134067,-1.4689608
1751443185712,157819022,-2.1542094,-0.39134067,-1.4689608
1751443185729,157835689,-2.0862997,-0.68547314,-1.7975893
1751443185729,157835689,-2.0862997,-0.68547314,-1.7975893
1751443185746,157852356,-1.9448996,-0.7159428,-1.6673212
1751443185746,157852356,-1.9448996,-0.7159428,-1.6673212
1751443185762,157869023,-1.7627017,-0.44455028,-1.259656
1751443185762,157869023,-1.7627017,-0.44455028,-1.259656
1751443185779,157885690,-1.6067761,-0.05231086,-0.6416321
1751443185779,157885690,-1.6067761,-0.05231086,-0.6416321
1751443185796,157902357,-1.2647574,0.18842623,0.23721027
1751443185796,157902357,-1.2647574,0.18842623,0.23721027
1751443185812,157919024,-0.93944806,0.21438994,0.92103386
1751443185812,157919024,-0.93944806,0.21438994,0.92103386
1751443185829,157935691,-0.83457017,0.0701273,1.1399345
1751443185829,157935691,-0.83457017,0.0701273,1.1399345
1751443185846,157952358,-0.8784558,-0.074780285,0.7674265
1751443185846,157952358,-0.8784558,-0.074780285,0.7674265
1751443185862,157969025,-1.0180287,-0.09214243,0.11828613
1751443185862,157969025,-1.0180287,-0.09214243,0.11828613
1751443185879,157985692,-1.0307307,-0.17164767,-0.21101952
1751443185879,157985692,-1.0307307,-0.17164767,-0.21101952
1751443185896,158002359,-1.1981778,-0.3803283,-0.41043472
1751443185896,158002359,-1.1981778,-0.3803283,-0.41043472
1751443185912,158019026,-1.456868,-0.49356276,-0.55727005
1751443185912,158019026,-1.456868,-0.49356276,-0.55727005
1751443185929,158035693,-1.8182331,-0.5230593,-0.86090946
1751443185929,158035693,-1.8182331,-0.5230593,-0.86090946
1751443185946,158052360,-2.2066283,-0.46873617,-0.92420006
1751443185946,158052360,-2.2066283,-0.46873617,-0.92420006
1751443185962,158069027,-2.0626044,-0.40557656,-0.63860416
1751443185962,158069027,-2.0626044,-0.40557656,-0.63860416
1751443185979,158085694,-1.6481836,-0.19924538,-0.029467583
1751443185979,158085694,-1.6481836,-0.19924538,-0.029467583
1751443185996,158102361,-1.1546239,-0.16516066,0.5952244
1751443185996,158102361,-1.1546239,-0.16516066,0.5952244
1751443186012,158119028,-0.74477786,-0.19512726,0.9290829
1751443186012,158119028,-0.74477786,-0.19512726,0.9290829
1751443186029,158135695,-0.6840442,-0.33454412,0.9042425
1751443186029,158135695,-0.6840442,-0.33454412,0.9042425
1751443186046,158152362,-1.0138392,-0.6039358,0.27431965
1751443186046,158152362,-1.0138392,-0.6039358,0.27431965
1751443186062,158169029,-1.408661,-0.7565042,-0.5030441
1751443186062,158169029,-1.408661,-0.7565042,-0.5030441
1751443186079,158185696,-1.4950113,-0.69282705,-0.8871727
1751443186079,158185696,-1.4950113,-0.69282705,-0.8871727
1751443186096,158202363,-1.3426343,-0.44923893,-0.85609055
1751443186096,158202363,-1.3426343,-0.44923893,-0.85609055
1751443186112,158219030,-1.1859186,-0.24522579,-0.56181335
1751443186112,158219030,-1.1859186,-0.24522579,-0.56181335
1751443186129,158235697,-1.2303776,-0.14720283,-0.13808823
1751443186129,158235697,-1.2303776,-0.14720283,-0.13808823
1751443186146,158252364,-1.2440434,-0.14024499,0.15823364
1751443186146,158252364,-1.2440434,-0.14024499,0.15823364
1751443186162,158269031,-1.3488309,-0.20217663,0.2400999
1751443186162,158269031,-1.3488309,-0.20217663,0.2400999
1751443186179,158285698,-1.5483687,-0.26389515,0.076366425
1751443186179,158285698,-1.5483687,-0.26389515,0.076366425
1751443186196,158302365,-1.6963944,-0.30954006,-0.15225887
1751443186196,158302365,-1.6963944,-0.30954006,-0.15225887
1751443186212,158319032,-1.6844255,-0.3511337,-0.24702168
1751443186212,158319032,-1.6844255,-0.3511337,-0.24702168
1751443186229,158335699,-1.5440639,-0.4318125,-0.18604279
1751443186229,158335699,-1.5440639,-0.4318125,-0.18604279
1751443186246,158352366,-1.4655963,-0.52306443,-0.13784981
1751443186246,158352366,-1.4655963,-0.52306443,-0.13784981
1751443186262,158369033,-1.6492281,-0.66807944,-0.3885727
1751443186262,158369033,-1.6492281,-0.66807944,-0.3885727
1751443186279,158385700,-1.8767936,-0.7115944,-0.9006605
1751443186279,158385700,-1.8767936,-0.7115944,-0.9006605
1751443186296,158402367,-2.0702038,-0.7421247,-1.3355446
1751443186296,158402367,-2.0702038,-0.7421247,-1.3355446
1751443186312,158419034,-2.0778468,-0.69297016,-1.525795
1751443186312,158419034,-2.0778468,-0.69297016,-1.525795
1751443186329,158435701,-1.8732414,-0.5630425,-1.4247665
1751443186329,158435701,-1.8732414,-0.5630425,-1.4247665
1751443186346,158452368,-1.4905559,-0.73758763,-0.3841524
1751443186346,158452368,-1.4905559,-0.73758763,-0.3841524
1751443186362,158469035,-0.9635771,-0.8459838,0.6957607
1751443186362,158469035,-0.9635771,-0.8459838,0.6957607
1751443186379,158485702,-0.86544085,-0.6583162,1.0848694
1751443186379,158485702,-0.86544085,-0.6583162,1.0848694
1751443186396,158502369,-1.1307056,-0.46658856,0.1370039
1751443186396,158502369,-1.1307056,-0.46658856,0.1370039
1751443186412,158519036,-1.6555713,-0.40760314,-1.8071489
1751443186412,158519036,-1.6555713,-0.40760314,-1.8071489
1751443186429,158535703,-2.5323594,-0.35934848,-2.966454
1751443186429,158535703,-2.5323594,-0.35934848,-2.966454
1751443186446,158552370,-2.1952224,-0.70463866,-2.9033942
1751443186446,158552370,-2.1952224,-0.70463866,-2.9033942
1751443186462,158569037,-0.98138136,-0.4005122,-1.6125221
1751443186462,158569037,-0.98138136,-0.4005122,-1.6125221
1751443186479,158585704,-0.38020694,0.028859211,-1.0106401
1751443186479,158585704,-0.38020694,0.028859211,-1.0106401
1751443186496,158602371,-0.9263691,0.29915297,-2.3044405
1751443186496,158602371,-0.9263691,0.29915297,-2.3044405
1751443186512,158619038,-1.5088562,0.2885237,-3.3534822
1751443186512,158619038,-1.5088562,0.2885237,-3.3534822
1751443186529,158635705,-1.5991162,0.12305617,-2.3454847
1751443186529,158635705,-1.5991162,0.12305617,-2.3454847
1751443186546,158652372,-0.596253,-6.5489294E-05,-0.171484
1751443186546,158652372,-0.596253,-6.5489294E-05,-0.171484
1751443186562,158669039,0.81629974,0.08724493,1.7090759
1751443186562,158669039,0.81629974,0.08724493,1.7090759
1751443186579,158685706,1.0853628,0.05050722,1.9997311
1751443186579,158685706,1.0853628,0.05050722,1.9997311
1751443186596,158702373,0.11713222,0.15949516,0.416564
1751443186596,158702373,0.11713222,0.15949516,0.416564
1751443186612,158719040,-0.21511292,0.3777522,-0.7762451
1751443186612,158719040,-0.21511292,0.3777522,-0.7762451
1751443186629,158735707,-0.13777263,0.56336784,-0.94909286
1751443186629,158735707,-0.13777263,0.56336784,-0.94909286
1751443186646,158752374,0.36239937,0.8314201,-0.4061222
1751443186646,158752374,0.36239937,0.8314201,-0.4061222
1751443186662,158769041,0.979512,0.90353304,0.3566332
1751443186662,158769041,0.979512,0.90353304,0.3566332
1751443186679,158785708,1.0299082,0.9500356,0.42035484
1751443186679,158785708,1.0299082,0.9500356,0.42035484
1751443186696,158802375,0.8638204,0.6843828,0.06941891
1751443186696,158802375,0.8638204,0.6843828,0.06941891
1751443186712,158819042,0.41647738,0.34017107,-0.9032965
1751443186712,158819042,0.41647738,0.34017107,-0.9032965
1751443186729,158835709,0.7182454,-0.071522914,-0.8304539
1751443186729,158835709,0.7182454,-0.071522914,-0.8304539
1751443186746,158852376,0.9310681,-0.114627056,-0.74283314
1751443186746,158852376,0.9310681,-0.114627056,-0.74283314
1751443186762,158869043,0.85854524,-0.23772335,-1.1130381
1751443186762,158869043,0.85854524,-0.23772335,-1.1130381
1751443186779,158885710,0.33340177,-0.15319534,-1.1124859
1751443186779,158885710,0.33340177,-0.15319534,-1.1124859
1751443186796,158902377,0.16994257,-0.12949045,-0.9497833
1751443186796,158902377,0.16994257,-0.12949045,-0.9497833
1751443186812,158919044,0.46079823,-0.57531506,-0.5592375
1751443186812,158919044,0.46079823,-0.57531506,-0.5592375
1751443186829,158935711,0.21752854,-0.8206459,-0.5689211
1751443186829,158935711,0.21752854,-0.8206459,-0.5689211
1751443186846,158952378,-0.07096618,-0.99542767,-1.0636873
1751443186846,158952378,-0.07096618,-0.99542767,-1.0636873
1751443186862,158969045,0.12312404,-0.92918026,-1.0592966
1751443186862,158969045,0.12312404,-0.92918026,-1.0592966
1751443186879,158985712,0.4371027,-0.5077633,-0.45537758
1751443186879,158985712,0.4371027,-0.5077633,-0.45537758
1751443186896,159002379,0.34049785,0.11174005,-0.14878273
1751443186896,159002379,0.34049785,0.11174005,-0.14878273
1751443186912,159019046,0.10107136,0.43673134,-0.2805071
1751443186912,159019046,0.10107136,0.43673134,-0.2805071
1751443186929,159035713,-0.31639773,0.20435376,-0.49855042
1751443186929,159035713,-0.31639773,0.20435376,-0.49855042
1751443186946,159052380,-0.17172453,0.16995601,-0.09617424
1751443186946,159052380,-0.17172453,0.16995601,-0.09617424
1751443186962,159069047,0.06285377,0.15951203,0.23450375
1751443186962,159069047,0.06285377,0.15951203,0.23450375
1751443186979,159085714,-0.021821123,0.43272164,0.45104408
1751443186979,159085714,-0.021821123,0.43272164,0.45104408
1751443186996,159102381,-0.049637783,0.57256126,0.5188074
1751443186996,159102381,-0.049637783,0.57256126,0.5188074
1751443187013,159119048,-0.13304564,0.63623106,0.70278835
1751443187013,159119048,-0.13304564,0.63623106,0.70278835
1751443187029,159135715,-0.028988708,0.33220708,0.74250126
1751443187029,159135715,-0.028988708,0.33220708,0.74250126
1751443187046,159152382,-0.023010882,0.12847637,1.1384878
1751443187046,159152382,-0.023010882,0.12847637,1.1384878
1751443187063,159169049,-0.2184141,0.15740554,1.4674072
1751443187063,159169049,-0.2184141,0.15740554,1.4674072
1751443187079,159185716,-0.6504444,0.12819272,1.4189215
1751443187079,159185716,-0.6504444,0.12819272,1.4189215
1751443187096,159202383,-0.9457984,-0.00985748,1.0806999
1751443187096,159202383,-0.9457984,-0.00985748,1.0806999
1751443187113,159219050,-1.0790061,-0.2315707,0.9912691
1751443187113,159219050,-1.0790061,-0.2315707,0.9912691
1751443187129,159235717,-1.1141475,-0.41235077,0.9780359
1751443187129,159235717,-1.1141475,-0.41235077,0.9780359
1751443187146,159252384,-1.1817462,-0.54913634,1.176548
1751443187146,159252384,-1.1817462,-0.54913634,1.176548
1751443187163,159269051,-1.2606162,-0.4486989,1.5529652
1751443187163,159269051,-1.2606162,-0.4486989,1.5529652
1751443187179,159285718,-1.1038301,-0.1429591,1.2310019
1751443187179,159285718,-1.1038301,-0.1429591,1.2310019
1751443187196,159302385,-0.70696384,0.091295764,0.867959
1751443187196,159302385,-0.70696384,0.091295764,0.867959
1751443187213,159319052,-0.50494105,0.068945475,0.9574232
1751443187213,159319052,-0.50494105,0.068945475,0.9574232
1751443187229,159335719,-0.34223196,-0.05251951,1.5760803
1751443187229,159335719,-0.34223196,-0.05251951,1.5760803
1751443187246,159352386,0.3671806,-0.12399314,2.3276968
1751443187246,159352386,0.3671806,-0.12399314,2.3276968
1751443187263,159369053,0.8610526,-0.3138742,2.3984804
1751443187263,159369053,0.8610526,-0.3138742,2.3984804
1751443187279,159385720,0.6577109,-0.4776634,2.625368
1751443187279,159385720,0.6577109,-0.4776634,2.625368
1751443187296,159402387,-0.18230312,-0.57681674,1.9860678
1751443187296,159402387,-0.18230312,-0.57681674,1.9860678
1751443187313,159419054,0.09350787,-0.5959662,1.6608353
1751443187313,159419054,0.09350787,-0.5959662,1.6608353
1751443187329,159435721,0.083786845,-0.42335254,1.1792355
1751443187329,159435721,0.083786845,-0.42335254,1.1792355
1751443187346,159452388,0.21529548,-0.15300289,0.7255583
1751443187346,159452388,0.21529548,-0.15300289,0.7255583
1751443187363,159469055,0.008118312,-0.0441789,0.0036830902
1751443187363,159469055,0.008118312,-0.0441789,0.0036830902
1751443187379,159485722,0.089696854,-0.12273789,-0.7424183
1751443187379,159485722,0.089696854,-0.12273789,-0.7424183
1751443187396,159502389,0.21725309,-0.20332576,-1.1799088
1751443187396,159502389,0.21725309,-0.20332576,-1.1799088
1751443187413,159519056,0.4263711,-0.38737032,-1.304616
1751443187413,159519056,0.4263711,-0.38737032,-1.304616
1751443187429,159535723,0.53120106,-0.43227267,-1.4365559
1751443187429,159535723,0.53120106,-0.43227267,-1.4365559
1751443187446,159552390,0.5176263,-0.46558794,-1.4941673
1751443187446,159552390,0.5176263,-0.46558794,-1.4941673
1751443187463,159569057,0.3202107,-0.26015753,-1.3291931
1751443187463,159569057,0.3202107,-0.26015753,-1.3291931
1751443187479,159585724,0.26955137,-0.0957411,-1.1293592
1751443187479,159585724,0.26955137,-0.0957411,-1.1293592
1751443187496,159602391,0.4787157,0.121265225,-1.0807333
1751443187496,159602391,0.4787157,0.121265225,-1.0807333
1751443187513,159619058,0.8129615,0.30656695,-0.8290949
1751443187513,159619058,0.8129615,0.30656695,-0.8290949
1751443187529,159635725,0.7252023,0.2913696,-0.45223522
1751443187529,159635725,0.7252023,0.2913696,-0.45223522
1751443187546,159652392,0.7384146,0.3268514,-0.29244423
1751443187546,159652392,0.7384146,0.3268514,-0.29244423
1751443187563,159669059,0.7360444,0.2697241,-0.19554424
1751443187563,159669059,0.7360444,0.2697241,-0.19554424
1751443187579,159685726,0.7360401,0.34147868,-0.14674377
1751443187579,159685726,0.7360401,0.34147868,-0.14674377
1751443187596,159702393,0.5912225,0.35871625,-0.13729382
1751443187596,159702393,0.5912225,0.35871625,-0.13729382
1751443187613,159719060,0.7356167,0.25877947,-0.10487175
1751443187613,159719060,0.7356167,0.25877947,-0.10487175
1751443187629,159735727,0.7778091,0.07316098,-0.31153774
1751443187629,159735727,0.7778091,0.07316098,-0.31153774
1751443187646,159752394,0.64017475,-0.040863644,-0.35848904
1751443187646,159752394,0.64017475,-0.040863644,-0.35848904
1751443187663,159769061,0.33784437,-0.16898155,-0.18601513
1751443187663,159769061,0.33784437,-0.16898155,-0.18601513
1751443187679,159785728,0.009387586,-0.23609298,-0.40612602
1751443187679,159785728,0.009387586,-0.23609298,-0.40612602
1751443187696,159802395,-0.09498324,-0.29676145,-0.7933626
1751443187696,159802395,-0.09498324,-0.29676145,-0.7933626
1751443187713,159819062,-0.16503677,-0.29209316,-0.98006153
1751443187713,159819062,-0.16503677,-0.29209316,-0.98006153
1751443187729,159835729,-0.17488664,-0.2784077,-0.63088703
1751443187729,159835729,-0.17488664,-0.2784077,-0.63088703
1751443187746,159852396,-0.046651985,-0.24434699,-0.31441593
1751443187746,159852396,-0.046651985,-0.24434699,-0.31441593
1751443187763,159869063,-0.12617528,-0.13407536,-0.14625645
1751443187763,159869063,-0.12617528,-0.13407536,-0.14625645
1751443187779,159885730,-0.16216868,-0.08744201,-0.51563835
1751443187779,159885730,-0.16216868,-0.08744201,-0.51563835
1751443187796,159902397,-0.1474219,-0.12888522,-0.6358404
1751443187796,159902397,-0.1474219,-0.12888522,-0.6358404
1751443187813,159919064,0.07602697,-0.11217623,-0.61216927
1751443187813,159919064,0.07602697,-0.11217623,-0.61216927
1751443187829,159935731,0.2878419,-0.08232451,-0.7963476
1751443187829,159935731,0.2878419,-0.08232451,-0.7963476
1751443187846,159952398,0.38094223,0.13927244,-1.1646996
1751443187846,159952398,0.38094223,0.13927244,-1.1646996
1751443187863,159969065,0.35844746,0.3020373,-1.0906048
1751443187863,159969065,0.35844746,0.3020373,-1.0906048
1751443187879,159985732,0.3243402,0.34545082,-0.58021927
1751443187879,159985732,0.3243402,0.34545082,-0.58021927
1751443187896,160002399,0.27042302,0.25957245,-0.10224438
1751443187896,160002399,0.27042302,0.25957245,-0.10224438
1751443187913,160019066,0.13912167,0.22301829,-0.20827007
1751443187913,160019066,0.13912167,0.22301829,-0.20827007
1751443187929,160035733,0.23340532,0.26356986,-0.551281
1751443187929,160035733,0.23340532,0.26356986,-0.551281
1751443187946,160052400,0.22236009,0.18039899,-0.70899296
1751443187946,160052400,0.22236009,0.18039899,-0.70899296
1751443187963,160069067,0.0155521855,0.14388524,-0.53779316
1751443187963,160069067,0.0155521855,0.14388524,-0.53779316
1751443187979,160085734,-0.12813729,0.1167725,-0.18743801
1751443187979,160085734,-0.12813729,0.1167725,-0.18743801
1751443187996,160102401,-0.22140642,0.07437466,-0.054434776
1751443187996,160102401,-0.22140642,0.07437466,-0.054434776
1751443188013,160119068,-0.22477108,0.03890204,-0.19138241
1751443188013,160119068,-0.22477108,0.03890204,-0.19138241
1751443188029,160135735,-0.22863723,0.009071777,-0.35569668
1751443188029,160135735,-0.22863723,0.009071777,-0.35569668
1751443188046,160152402,-0.29101935,-0.05384427,-0.36322594
1751443188046,160152402,-0.29101935,-0.05384427,-0.36322594
1751443188063,160169069,-0.39459127,-0.17028967,-0.25043964
1751443188063,160169069,-0.39459127,-0.17028967,-0.25043964
1751443188079,160185736,-0.42396536,-0.24834134,-0.23175335
1751443188079,160185736,-0.42396536,-0.24834134,-0.23175335
1751443188096,160202403,-0.46132672,-0.2268067,-0.35324383
1751443188096,160202403,-0.46132672,-0.2268067,-0.35324383
1751443188113,160219070,-0.40261993,-0.23384786,-0.60156727
1751443188113,160219070,-0.40261993,-0.23384786,-0.60156727
1751443188129,160235737,-0.33041358,-0.23497772,-0.5780821
1751443188129,160235737,-0.33041358,-0.23497772,-0.5780821
1751443188146,160252404,-0.36692652,-0.3068369,-0.43310547
1751443188146,160252404,-0.36692652,-0.3068369,-0.43310547
1751443188163,160269071,-0.41490072,-0.2833471,-0.28659153
1751443188163,160269071,-0.41490072,-0.2833471,-0.28659153
1751443188179,160285738,-0.36460546,-0.28391466,-0.27850056
1751443188179,160285738,-0.36460546,-0.28391466,-0.27850056
1751443188196,160302405,-0.25140658,-0.2596626,-0.30856323
1751443188196,160302405,-0.25140658,-0.2596626,-0.30856323
1751443188213,160319072,-0.18114686,-0.23536803,-0.34179783
1751443188213,160319072,-0.18114686,-0.23536803,-0.34179783
1751443188229,160335739,-0.15787983,-0.16155231,-0.43570423
1751443188229,160335739,-0.15787983,-0.16155231,-0.43570423
1751443188246,160352406,-0.15577246,-0.10892278,-0.48168182
1751443188246,160352406,-0.15577246,-0.10892278,-0.48168182
1751443188263,160369073,-0.08752006,-0.040715735,-0.539052
1751443188263,160369073,-0.08752006,-0.040715735,-0.539052
1751443188279,160385740,-0.057174224,-0.052450333,-0.573225
1751443188279,160385740,-0.057174224,-0.052450333,-0.573225
1751443188296,160402407,-0.037312765,-0.07431543,-0.5092678
1751443188296,160402407,-0.037312765,-0.07431543,-0.5092678
1751443188313,160419074,-0.03694855,-0.12188385,-0.43720627
1751443188313,160419074,-0.03694855,-0.12188385,-0.43720627
1751443188329,160435741,-0.14066753,-0.16939561,-0.36630344
1751443188329,160435741,-0.14066753,-0.16939561,-0.36630344
1751443188346,160452408,-0.34012106,-0.18536253,-0.4242792
1751443188346,160452408,-0.34012106,-0.18536253,-0.4242792
1751443188363,160469075,-0.4230935,-0.15369427,-0.55341816
1751443188363,160469075,-0.4230935,-0.15369427,-0.55341816
1751443188379,160485742,-0.2606969,-0.11025783,-0.59440136
1751443188379,160485742,-0.2606969,-0.11025783,-0.59440136
1751443188396,160502409,-0.0683662,-0.06199227,-0.6425028
1751443188396,160502409,-0.0683662,-0.06199227,-0.6425028
1751443188413,160519076,0.25349808,0.034627073,-0.52259254
1751443188413,160519076,0.25349808,0.034627073,-0.52259254
1751443188429,160535743,0.5232607,0.16898865,-0.3837843
1751443188429,160535743,0.5232607,0.16898865,-0.3837843
1751443188446,160552410,0.53325903,0.20435214,-0.29662418
1751443188446,160552410,0.53325903,0.20435214,-0.29662418
1751443188463,160569077,0.5077276,0.18091054,-0.3120575
1751443188463,160569077,0.5077276,0.18091054,-0.3120575
1751443188479,160585744,0.4435969,0.18253906,-0.3382082
1751443188479,160585744,0.4435969,0.18253906,-0.3382082
1751443188496,160602411,0.4633459,0.113258265,-0.572237
1751443188496,160602411,0.4633459,0.113258265,-0.572237
1751443188513,160619078,0.52126414,0.08678684,-0.8646002
1751443188513,160619078,0.52126414,0.08678684,-0.8646002
1751443188529,160635745,0.5272445,-0.0003815366,-0.9971485
1751443188529,160635745,0.5272445,-0.0003815366,-0.9971485
1751443188546,160652412,0.64229876,-0.05881291,-0.9461508
1751443188546,160652412,0.64229876,-0.05881291,-0.9461508
1751443188563,160669079,0.9656202,0.0019856892,-0.6348953
1751443188563,160669079,0.9656202,0.0019856892,-0.6348953
1751443188579,160685746,1.1381357,0.14170912,-0.5398388
1751443188579,160685746,1.1381357,0.14170912,-0.5398388
1751443188596,160702413,1.3720721,0.25723177,-0.50329304
1751443188596,160702413,1.3720721,0.25723177,-0.50329304
1751443188613,160719080,1.6142287,0.37573013,-0.21644497
1751443188613,160719080,1.6142287,0.37573013,-0.21644497
1751443188629,160735747,1.1961797,0.48292294,0.46389675
1751443188629,160735747,1.1961797,0.48292294,0.46389675
1751443188646,160752414,0.90139264,0.5143324,1.7245159
1751443188646,160752414,0.90139264,0.5143324,1.7245159
1751443188663,160769081,0.6814836,0.67406833,2.8789272
1751443188663,160769081,0.6814836,0.67406833,2.8789272
1751443188679,160785748,0.2981846,0.9161634,2.616456
1751443188679,160785748,0.2981846,0.9161634,2.616456
1751443188696,160802415,-0.19857648,0.006971481,1.7417517
1751443188696,160802415,-0.19857648,0.006971481,1.7417517
1751443188713,160819082,-0.052836534,-0.80098593,1.4767704
1751443188713,160819082,-0.052836534,-0.80098593,1.4767704
1751443188729,160835749,-0.22998868,-0.57725453,1.1204557
1751443188729,160835749,-0.22998868,-0.57725453,1.1204557
1751443188746,160852416,-0.8240942,-0.3081505,1.8424721
1751443188746,160852416,-0.8240942,-0.3081505,1.8424721
1751443188763,160869083,-0.83010834,-0.22944187,2.1540499
1751443188763,160869083,-0.83010834,-0.22944187,2.1540499
1751443188779,160885750,-0.50652313,-0.08967195,2.1602163
1751443188779,160885750,-0.50652313,-0.08967195,2.1602163
1751443188796,160902417,-0.32424468,-0.058572687,2.0582438
1751443188796,160902417,-0.32424468,-0.058572687,2.0582438
1751443188813,160919084,-0.40144303,-0.11013534,1.6968222
1751443188813,160919084,-0.40144303,-0.11013534,1.6968222
1751443188829,160935751,-0.6901346,-0.10138771,1.2495651
1751443188829,160935751,-0.6901346,-0.10138771,1.2495651
1751443188846,160952418,-0.6688735,-0.004522673,1.2026606
1751443188846,160952418,-0.6688735,-0.004522673,1.2026606
1751443188863,160969085,-0.53665537,0.123387195,1.4322786
1751443188863,160969085,-0.53665537,0.123387195,1.4322786
1751443188879,160985752,-0.5474001,0.26863822,1.692852
1751443188879,160985752,-0.5474001,0.26863822,1.692852
1751443188896,161002419,-0.40107596,0.31311384,1.7513428
1751443188896,161002419,-0.40107596,0.31311384,1.7513428
1751443188913,161019086,-0.34261987,0.23168671,1.4152164
1751443188913,161019086,-0.34261987,0.23168671,1.4152164
1751443188929,161035753,-0.27301285,0.07339193,1.1936111
1751443188929,161035753,-0.27301285,0.07339193,1.1936111
1751443188946,161052420,-0.16146743,-0.017859356,1.0688381
1751443188946,161052420,-0.16146743,-0.017859356,1.0688381
1751443188963,161069087,-0.053742487,0.039474957,0.8833494
1751443188963,161069087,-0.053742487,0.039474957,0.8833494
1751443188979,161085754,0.12472967,-0.00044188512,0.8216152
1751443188979,161085754,0.12472967,-0.00044188512,0.8216152
1751443188996,161102421,0.3250502,-0.019241113,0.8232918
1751443188996,161102421,0.3250502,-0.019241113,0.8232918
1751443189013,161119088,0.41162634,-0.06378244,0.45152473
1751443189013,161119088,0.41162634,-0.06378244,0.45152473
1751443189029,161135755,0.42622578,-0.043745622,-0.07355499
1751443189029,161135755,0.42622578,-0.043745622,-0.07355499
1751443189046,161152422,0.5828559,-0.06536055,-0.5824909
1751443189046,161152422,0.5828559,-0.06536055,-0.5824909
1751443189063,161169089,0.7362699,0.046880502,-0.69598675
1751443189063,161169089,0.7362699,0.046880502,-0.69598675
1751443189079,161185756,0.8729533,0.11234331,-0.7711735
1751443189079,161185756,0.8729533,0.11234331,-0.7711735
1751443189096,161202423,0.8159501,-0.2378674,-1.5478678
1751443189096,161202423,0.8159501,-0.2378674,-1.5478678
1751443189113,161219090,0.7607003,-0.12184105,-1.2866411
1751443189113,161219090,0.7607003,-0.12184105,-1.2866411
1751443189129,161235757,0.75043464,-0.030513542,-0.9456434
1751443189129,161235757,0.75043464,-0.030513542,-0.9456434
1751443189146,161252424,0.99456066,-0.00815677,-0.74891376
1751443189146,161252424,0.99456066,-0.00815677,-0.74891376
1751443189163,161269091,1.1033219,0.17919123,-0.6208763
1751443189163,161269091,1.1033219,0.17919123,-0.6208763
1751443189179,161285758,1.1597189,0.15776953,-0.52111435
1751443189179,161285758,1.1597189,0.15776953,-0.52111435
1751443189196,161302425,1.4576144,-0.071153335,-0.3750887
1751443189196,161302425,1.4576144,-0.071153335,-0.3750887
1751443189213,161319092,1.1749372,0.02294271,-0.23142624
1751443189213,161319092,1.1749372,0.02294271,-0.23142624
1751443189229,161335759,0.80058503,0.029020252,-0.41388893
1751443189229,161335759,0.80058503,0.029020252,-0.41388893
1751443189246,161352426,0.43869767,-0.010551823,-0.7415514
1751443189246,161352426,0.43869767,-0.010551823,-0.7415514
1751443189263,161369093,-0.17485914,0.14682421,-1.259016
1751443189263,161369093,-0.17485914,0.14682421,-1.259016
1751443189279,161385760,-0.27018395,0.20440137,-1.4731445
1751443189279,161385760,-0.27018395,0.20440137,-1.4731445
1751443189296,161402427,-0.28955966,0.1129098,-1.5614061
1751443189296,161402427,-0.28955966,0.1129098,-1.5614061
1751443189313,161419094,-0.51289195,-0.09414869,-1.5178022
1751443189313,161419094,-0.51289195,-0.09414869,-1.5178022
1751443189329,161435761,-0.7059051,-0.25635684,-1.6389093
1751443189329,161435761,-0.7059051,-0.25635684,-1.6389093
1751443189346,161452428,-1.045929,-0.3070298,-1.9093914
1751443189346,161452428,-1.045929,-0.3070298,-1.9093914
1751443189363,161469095,-1.7070785,-0.35796627,-2.1063356
1751443189363,161469095,-1.7070785,-0.35796627,-2.1063356
1751443189379,161485762,-1.6902612,-0.5191305,-2.0156546
1751443189379,161485762,-1.6902612,-0.5191305,-2.0156546
1751443189396,161502429,-1.4469587,-0.4822967,-1.4371958
1751443189396,161502429,-1.4469587,-0.4822967,-1.4371958
1751443189413,161519096,-0.97271556,-0.6423501,-1.1569471
1751443189413,161519096,-0.97271556,-0.6423501,-1.1569471
1751443189429,161535763,-1.2705855,-0.634389,-0.98437595
1751443189429,161535763,-1.2705855,-0.634389,-0.98437595
1751443189446,161552430,-1.768139,-0.6952413,-1.2764759
1751443189446,161552430,-1.768139,-0.6952413,-1.2764759
1751443189463,161569097,-2.2983363,-0.8357535,-1.7440176
1751443189463,161569097,-2.2983363,-0.8357535,-1.7440176
1751443189479,161585764,-2.564004,-0.69418037,-2.0630717
1751443189479,161585764,-2.564004,-0.69418037,-2.0630717
1751443189496,161602431,-2.6029294,-0.48968178,-1.9068565
1751443189496,161602431,-2.6029294,-0.48968178,-1.9068565
1751443189513,161619098,-2.2306535,-0.2678264,-1.2930899
1751443189513,161619098,-2.2306535,-0.2678264,-1.2930899
1751443189529,161635765,-1.800172,-0.008062783,-0.7226496
1751443189529,161635765,-1.800172,-0.008062783,-0.7226496
1751443189546,161652432,-1.7180599,-0.012344173,-0.4938059
1751443189546,161652432,-1.7180599,-0.012344173,-0.4938059
1751443189563,161669099,-1.8544389,-0.19508915,-0.34621334
1751443189563,161669099,-1.8544389,-0.19508915,-0.34621334
1751443189579,161685766,-1.5934982,-0.31118467,-0.11516476
1751443189579,161685766,-1.5934982,-0.31118467,-0.11516476
1751443189596,161702433,-1.3883497,-0.45273542,0.1551094
1751443189596,161702433,-1.3883497,-0.45273542,0.1551094
1751443189613,161719100,-1.203322,-0.51398885,0.31868076
1751443189613,161719100,-1.203322,-0.51398885,0.31868076
1751443189629,161735767,-1.247559,-0.5587386,0.05801773
1751443189629,161735767,-1.247559,-0.5587386,0.05801773
1751443189646,161752434,-1.510548,-0.54852706,-0.60979843
1751443189646,161752434,-1.510548,-0.54852706,-0.60979843
1751443189663,161769101,-1.7076718,-0.38609394,-1.1601639
1751443189663,161769101,-1.7076718,-0.38609394,-1.1601639
1751443189679,161785768,-1.6748911,-0.29616037,-1.3691711
1751443189679,161785768,-1.6748911,-0.29616037,-1.3691711
1751443189696,161802435,-1.5319278,-0.25561634,-1.0814161
1751443189696,161802435,-1.5319278,-0.25561634,-1.0814161
1751443189713,161819102,-1.2392523,-0.27815697,-0.34970856
1751443189713,161819102,-1.2392523,-0.27815697,-0.34970856
1751443189729,161835769,-1.1074189,-0.21906908,0.13024426
1751443189729,161835769,-1.1074189,-0.21906908,0.13024426
1751443189746,161852436,-1.061042,-0.07766349,0.28624916
1751443189746,161852436,-1.061042,-0.07766349,0.28624916
1751443189763,161869103,-1.0039515,-0.13894258,0.23571491
1751443189763,161869103,-1.0039515,-0.13894258,0.23571491
1751443189779,161885770,-0.81473327,-0.08439648,0.18811417
1751443189779,161885770,-0.81473327,-0.08439648,0.18811417
1751443189796,161902437,-0.43407974,-0.048240017,0.5171919
1751443189796,161902437,-0.43407974,-0.048240017,0.5171919
1751443189813,161919104,-0.46136266,-0.03955844,0.6933079
1751443189813,161919104,-0.46136266,-0.03955844,0.6933079
1751443189829,161935771,-0.76971906,0.00476362,0.32833862
1751443189829,161935771,-0.76971906,0.00476362,0.32833862
1751443189846,161952438,-1.0293006,-0.04423042,-0.14443779
1751443189846,161952438,-1.0293006,-0.04423042,-0.14443779
1751443189863,161969105,-1.0309454,0.007601564,-0.18425846
1751443189863,161969105,-1.0309454,0.007601564,-0.18425846
1751443189879,161985772,-0.70179397,0.08894911,0.028324127
1751443189879,161985772,-0.70179397,0.08894911,0.028324127
1751443189896,162002439,-0.4126472,0.048143797,0.15420246
1751443189896,162002439,-0.4126472,0.048143797,0.15420246
1751443189913,162019106,-0.36660892,0.009099883,0.055835724
1751443189913,162019106,-0.36660892,0.009099883,0.055835724
1751443189929,162035773,-0.5599759,-0.075343534,-0.11780739
1751443189929,162035773,-0.5599759,-0.075343534,-0.11780739
1751443189946,162052440,-0.6908296,-0.102150895,-0.24418926
1751443189946,162052440,-0.6908296,-0.102150895,-0.24418926
1751443189963,162069107,-0.6481745,-0.057809837,-0.24105549
1751443189963,162069107,-0.6481745,-0.057809837,-0.24105549
1751443189979,162085774,-0.50722194,0.0042007025,-0.2004013
1751443189979,162085774,-0.50722194,0.0042007025,-0.2004013
1751443189996,162102441,-0.29433295,0.07783749,-0.02905941
1751443189996,162102441,-0.29433295,0.07783749,-0.02905941
1751443190013,162119108,-0.2731319,0.092081636,0.13601112
1751443190013,162119108,-0.2731319,0.092081636,0.13601112
1751443190029,162135775,-0.44570243,-0.02330726,0.10209274
1751443190029,162135775,-0.44570243,-0.02330726,0.10209274
1751443190046,162152442,-0.5342381,-0.08397672,-0.034894943
1751443190046,162152442,-0.5342381,-0.08397672,-0.034894943
1751443190063,162169109,-0.5348947,-0.06364397,-0.087516785
1751443190063,162169109,-0.5348947,-0.06364397,-0.087516785
1751443190079,162185776,-0.47714713,-0.07408113,-0.022277832
1751443190079,162185776,-0.47714713,-0.07408113,-0.022277832
1751443190096,162202443,-0.43167213,-0.10985226,-0.005990982
1751443190096,162202443,-0.43167213,-0.10985226,-0.005990982
1751443190113,162219110,-0.32828465,-0.1006167,-0.025195122
1751443190113,162219110,-0.32828465,-0.1006167,-0.025195122
1751443190129,162235777,-0.2403641,-0.078055866,0.014763832
1751443190129,162235777,-0.2403641,-0.078055866,0.014763832
1751443190146,162252444,-0.29370755,-0.12813841,0.060863495
1751443190146,162252444,-0.29370755,-0.12813841,0.060863495
1751443190163,162269111,-0.31132275,-0.18545966,0.065258026
1751443190163,162269111,-0.31132275,-0.18545966,0.065258026
1751443190179,162285778,-0.37875962,-0.21151993,0.025221825
1751443190179,162285778,-0.37875962,-0.21151993,0.025221825
1751443190196,162302445,-0.4156756,-0.23930995,-0.13300514
1751443190196,162302445,-0.4156756,-0.23930995,-0.13300514
1751443190213,162319112,-0.43861797,-0.23990707,-0.26695538
1751443190213,162319112,-0.43861797,-0.23990707,-0.26695538
1751443190229,162335779,-0.46167102,-0.21921358,-0.31418133
1751443190229,162335779,-0.46167102,-0.21921358,-0.31418133
1751443190246,162352446,-0.4141722,-0.17503656,-0.2212019
1751443190246,162352446,-0.4141722,-0.17503656,-0.2212019
1751443190263,162369113,-0.38120884,-0.17953812,-0.09380245
1751443190263,162369113,-0.38120884,-0.17953812,-0.09380245
1751443190279,162385780,-0.415198,-0.24172814,-0.037762642
1751443190279,162385780,-0.415198,-0.24172814,-0.037762642
1751443190296,162402447,-0.45728266,-0.2548126,0.020134926
1751443190296,162402447,-0.45728266,-0.2548126,0.020134926
1751443190313,162419114,-0.47193196,-0.21523616,0.062550545
1751443190313,162419114,-0.47193196,-0.21523616,0.062550545
1751443190329,162435781,-0.42331463,-0.2044055,0.07381344
1751443190329,162435781,-0.42331463,-0.2044055,0.07381344
1751443190346,162452448,-0.4638405,-0.15629959,0.114188194
1751443190346,162452448,-0.4638405,-0.15629959,0.114188194
1751443190363,162469115,-0.44940332,-0.14528655,0.06675625
1751443190363,162469115,-0.44940332,-0.14528655,0.06675625
1751443190379,162485782,-0.5385394,-0.1811226,-0.022533417
1751443190379,162485782,-0.5385394,-0.1811226,-0.022533417
1751443190396,162502449,-0.5743221,-0.20490862,-0.17177486
1751443190396,162502449,-0.5743221,-0.20490862,-0.17177486
1751443190413,162519116,-0.6389208,-0.15709105,-0.20576859
1751443190413,162519116,-0.6389208,-0.15709105,-0.20576859
1751443190429,162535783,-0.6785287,-0.17017931,-0.18972874
1751443190429,162535783,-0.6785287,-0.17017931,-0.18972874
1751443190446,162552450,-0.6669489,-0.16843444,-0.13213634
1751443190446,162552450,-0.6669489,-0.16843444,-0.13213634
1751443190463,162569117,-0.68143266,-0.13892493,-0.11457443
1751443190463,162569117,-0.68143266,-0.13892493,-0.11457443
1751443190479,162585784,-0.63705623,-0.1681185,-0.23900223
1751443190479,162585784,-0.63705623,-0.1681185,-0.23900223
1751443190496,162602451,-0.8061622,-0.1278987,-0.3495865
1751443190496,162602451,-0.8061622,-0.1278987,-0.3495865
1751443190513,162619118,-0.93649036,-0.056696184,-0.3479576
1751443190513,162619118,-0.93649036,-0.056696184,-0.3479576
1751443190529,162635785,-0.8924916,0.058068667,-0.23587799
1751443190529,162635785,-0.8924916,0.058068667,-0.23587799
1751443190546,162652452,-0.7979505,0.03503856,0.004831314
1751443190546,162652452,-0.7979505,0.03503856,0.004831314
1751443190563,162669119,-0.70034933,-0.07662371,0.07783985
1751443190563,162669119,-0.70034933,-0.07662371,0.07783985
1751443190579,162685786,-0.734422,-0.2060776,-0.0043497086
1751443190579,162685786,-0.734422,-0.2060776,-0.0043497086
1751443190596,162702453,-0.85131997,-0.2954783,-0.14722824
1751443190596,162702453,-0.85131997,-0.2954783,-0.14722824
1751443190613,162719120,-0.85571307,-0.355741,-0.19538975
1751443190613,162719120,-0.85571307,-0.355741,-0.19538975
1751443190629,162735787,-0.87155735,-0.40116766,-0.2664137
1751443190629,162735787,-0.87155735,-0.40116766,-0.2664137
1751443190646,162752454,-0.81506944,-0.3652621,-0.5042734
1751443190646,162752454,-0.81506944,-0.3652621,-0.5042734
1751443190663,162769121,-0.9052798,-0.27406096,-0.64178944
1751443190663,162769121,-0.9052798,-0.27406096,-0.64178944
1751443190679,162785788,-0.9921232,-0.3006893,-0.71642494
1751443190679,162785788,-0.9921232,-0.3006893,-0.71642494
1751443190696,162802455,-0.9443894,-0.41537848,-0.6051712
1751443190696,162802455,-0.9443894,-0.41537848,-0.6051712
1751443190713,162819122,-0.8590531,-0.268504,-0.27517223
1751443190713,162819122,-0.8590531,-0.268504,-0.27517223
1751443190729,162835789,-0.6652549,-0.25270262,0.24166489
1751443190729,162835789,-0.6652549,-0.25270262,0.24166489
1751443190746,162852456,-0.4459902,-0.2733149,0.4573908
1751443190746,162852456,-0.4459902,-0.2733149,0.4573908
1751443190763,162869123,-0.5142034,-0.30974114,0.23052597
1751443190763,162869123,-0.5142034,-0.30974114,0.23052597
1751443190779,162885790,-0.73865753,-0.37948668,-0.20710754
1751443190779,162885790,-0.73865753,-0.37948668,-0.20710754
1751443190796,162902457,-1.076664,-0.4795544,-0.7919245
1751443190796,162902457,-1.076664,-0.4795544,-0.7919245
1751443190813,162919124,-1.3133767,-0.5033663,-1.2536192
1751443190813,162919124,-1.3133767,-0.5033663,-1.2536192
1751443190829,162935791,-1.1756811,-0.5135753,-1.3536797
1751443190829,162935791,-1.1756811,-0.5135753,-1.3536797
1751443190846,162952458,-0.8993249,-0.14795138,-0.7059765
1751443190846,162952458,-0.8993249,-0.14795138,-0.7059765
1751443190863,162969125,-0.5723122,-0.16214065,-0.3956604
1751443190863,162969125,-0.5723122,-0.16214065,-0.3956604
1751443190879,162985792,-0.72208035,-0.42378974,-0.6161995
1751443190879,162985792,-0.72208035,-0.42378974,-0.6161995
1751443190896,163002459,-0.7327007,-0.6915957,-0.7406702
1751443190896,163002459,-0.7327007,-0.6915957,-0.7406702
1751443190913,163019126,-0.8326968,-0.8013157,-1.0926971
1751443190913,163019126,-0.8326968,-0.8013157,-1.0926971
1751443190929,163035793,-0.85242206,-0.6991128,-1.2601233
1751443190929,163035793,-0.85242206,-0.6991128,-1.2601233
1751443190946,163052460,-0.68816465,-0.47178322,-1.2859764
1751443190946,163052460,-0.68816465,-0.47178322,-1.2859764
1751443190963,163069127,-0.69556516,-0.1772708,-1.0254707
1751443190963,163069127,-0.69556516,-0.1772708,-1.0254707
1751443190979,163085794,-0.6530375,0.028633798,-0.7188091
1751443190979,163085794,-0.6530375,0.028633798,-0.7188091
1751443190996,163102461,-0.38479277,-0.16584337,-0.44227028
1751443190996,163102461,-0.38479277,-0.16584337,-0.44227028
1751443191013,163119128,-0.040316038,-0.26069254,-0.2193842
1751443191013,163119128,-0.040316038,-0.26069254,-0.2193842
1751443191029,163135795,-0.0034647302,-0.20511527,-0.24765396
1751443191029,163135795,-0.0034647302,-0.20511527,-0.24765396
1751443191046,163152462,-0.08864525,-0.00070943014,-0.6157675
1751443191046,163152462,-0.08864525,-0.00070943014,-0.6157675
1751443191063,163169129,-0.39233544,0.17661647,-1.015665
1751443191063,163169129,-0.39233544,0.17661647,-1.015665
1751443191079,163185796,-0.51781195,0.17474723,-1.2817154
1751443191079,163185796,-0.51781195,0.17474723,-1.2817154
1751443191096,163202463,-0.37261885,0.1846539,-0.84457874
1751443191096,163202463,-0.37261885,0.1846539,-0.84457874
1751443191113,163219130,0.3762734,0.341503,0.25894928
1751443191113,163219130,0.3762734,0.341503,0.25894928
1751443191129,163235797,0.5553843,0.25629738,0.5895252
1751443191129,163235797,0.5553843,0.25629738,0.5895252
1751443191146,163252464,-0.019478902,0.32679293,0.0051412582
1751443191146,163252464,-0.019478902,0.32679293,0.0051412582
1751443191163,163269131,-0.1257106,0.439154,-0.070939064
1751443191163,163269131,-0.1257106,0.439154,-0.070939064
1751443191179,163285798,0.43826032,0.25757164,0.35199356
1751443191179,163285798,0.43826032,0.25757164,0.35199356
1751443191196,163302465,0.40311328,-0.06425595,-0.21409416
1751443191196,163302465,0.40311328,-0.06425595,-0.21409416
1751443191213,163319132,0.2772895,-0.14857264,-0.5596552
1751443191213,163319132,0.2772895,-0.14857264,-0.5596552
1751443191229,163335799,0.15177779,-0.084141456,-0.5114317
1751443191229,163335799,0.15177779,-0.084141456,-0.5114317
1751443191246,163352466,0.42415777,-0.13172837,-0.4286604
1751443191246,163352466,0.42415777,-0.13172837,-0.4286604
1751443191263,163369133,0.38663387,-0.066381335,-0.54335976
1751443191263,163369133,0.38663387,-0.066381335,-0.54335976
1751443191279,163385800,0.477576,0.2978916,-0.88741875
1751443191279,163385800,0.477576,0.2978916,-0.88741875
1751443191296,163402467,0.44633415,0.56892955,-1.2032471
1751443191296,163402467,0.44633415,0.56892955,-1.2032471
1751443191313,163419134,0.59263074,0.37240946,-1.0185347
1751443191313,163419134,0.59263074,0.37240946,-1.0185347
1751443191329,163435801,0.4737024,0.07430588,-0.6072483
1751443191329,163435801,0.4737024,0.07430588,-0.6072483
1751443191346,163452468,0.095808215,-0.015504647,-0.4142189
1751443191346,163452468,0.095808215,-0.015504647,-0.4142189
1751443191363,163469135,-0.38247377,-0.18854424,-0.5282259
1751443191363,163469135,-0.38247377,-0.18854424,-0.5282259
1751443191379,163485802,-0.56942004,-0.38695613,-1.0090017
1751443191379,163485802,-0.56942004,-0.38695613,-1.0090017
1751443191396,163502469,-0.39918464,-0.46895152,-0.94726944
1751443191396,163502469,-0.39918464,-0.46895152,-0.94726944
1751443191413,163519136,0.07584135,-0.36732522,-0.7451849
1751443191413,163519136,0.07584135,-0.36732522,-0.7451849
1751443191429,163535803,0.27963644,0.023411864,-0.39365292
1751443191429,163535803,0.27963644,0.023411864,-0.39365292
1751443191446,163552470,-0.008191526,0.10879739,0.118058205
1751443191446,163552470,-0.008191526,0.10879739,0.118058205
1751443191463,163569137,-0.06830992,-0.0150752785,0.19309139
1751443191463,163569137,-0.06830992,-0.0150752785,0.19309139
1751443191479,163585804,-0.297897,-0.102233484,-0.010128975
1751443191479,163585804,-0.297897,-0.102233484,-0.010128975
1751443191496,163602471,-0.2603527,-0.10007502,0.020791054
1751443191496,163602471,-0.2603527,-0.10007502,0.020791054
1751443191513,163619138,-0.049200676,-0.018483851,0.1988678
1751443191513,163619138,-0.049200676,-0.018483851,0.1988678
1751443191529,163635805,-0.047538523,0.059293292,0.562376
1751443191529,163635805,-0.047538523,0.059293292,0.562376
1751443191546,163652472,-0.19556892,0.020219205,1.1927061
1751443191546,163652472,-0.19556892,0.020219205,1.1927061
1751443191563,163669139,-0.5317484,-0.2187186,1.7148781
1751443191563,163669139,-0.5317484,-0.2187186,1.7148781
1751443191579,163685806,-0.45452222,-0.41093707,1.5284643
1751443191579,163685806,-0.45452222,-0.41093707,1.5284643
1751443191596,163702473,-0.26183403,-0.4050788,1.0856953
1751443191596,163702473,-0.26183403,-0.4050788,1.0856953
1751443191613,163719140,-0.053657133,-0.3357853,0.95615673
1751443191613,163719140,-0.053657133,-0.3357853,0.95615673
1751443191629,163735807,-0.06602288,-0.20305894,1.0465631
1751443191629,163735807,-0.06602288,-0.20305894,1.0465631
1751443191646,163752474,-0.31872287,-0.14645933,1.0915785
1751443191646,163752474,-0.31872287,-0.14645933,1.0915785
1751443191663,163769141,-0.5224384,-0.17093566,1.1625414
1751443191663,163769141,-0.5224384,-0.17093566,1.1625414
1751443191679,163785808,-0.7457991,-0.09265786,0.94383144
1751443191679,163785808,-0.7457991,-0.09265786,0.94383144
1751443191696,163802475,-0.6428786,0.03696055,0.82251835
1751443191696,163802475,-0.6428786,0.03696055,0.82251835
1751443191713,163819142,-0.33182466,-0.10811545,0.65719223
1751443191713,163819142,-0.33182466,-0.10811545,0.65719223
1751443191729,163835809,-0.17831266,-0.35158274,0.6748295
1751443191729,163835809,-0.17831266,-0.35158274,0.6748295
1751443191746,163852476,-0.18563372,-0.277936,1.1940355
1751443191746,163852476,-0.18563372,-0.277936,1.1940355
1751443191763,163869143,-0.05194511,-0.17167851,1.761054
1751443191763,163869143,-0.05194511,-0.17167851,1.761054
1751443191779,163885810,0.28938147,-0.13562599,2.078185
1751443191779,163885810,0.28938147,-0.13562599,2.078185
1751443191796,163902477,0.55498266,0.02489342,2.0175514
1751443191796,163902477,0.55498266,0.02489342,2.0175514
1751443191813,163919144,0.54419047,0.11870851,1.8573818
1751443191813,163919144,0.54419047,0.11870851,1.8573818
1751443191829,163935811,0.40451717,0.0899776,1.5879078
1751443191829,163935811,0.40451717,0.0899776,1.5879078
1751443191846,163952478,0.117369026,-0.07391551,1.053731
1751443191846,163952478,0.117369026,-0.07391551,1.053731
1751443191863,163969145,0.4812427,-0.18815912,0.3987608
1751443191863,163969145,0.4812427,-0.18815912,0.3987608
1751443191879,163985812,1.1011139,-0.24212421,-0.020479202
1751443191879,163985812,1.1011139,-0.24212421,-0.020479202
1751443191896,164002479,0.6776937,-0.20104633,-0.35943127
1751443191896,164002479,0.6776937,-0.20104633,-0.35943127
1751443191913,164019146,-0.31026348,-0.48090768,-0.73555183
1751443191913,164019146,-0.31026348,-0.48090768,-0.73555183
1751443191929,164035813,-0.11669898,-0.30825108,-0.7522278
1751443191929,164035813,-0.11669898,-0.30825108,-0.7522278
1751443191946,164052480,0.15725814,0.14326829,-0.8666296
1751443191946,164052480,0.15725814,0.14326829,-0.8666296
1751443191963,164069147,0.65724194,0.30668873,-0.88583755
1751443191963,164069147,0.65724194,0.30668873,-0.88583755
1751443191979,164085814,0.6904417,0.25200504,-1.0214233
1751443191979,164085814,0.6904417,0.25200504,-1.0214233
1751443191996,164102481,0.64199746,0.28780472,-1.274745
1751443191996,164102481,0.64199746,0.28780472,-1.274745
1751443192013,164119148,0.63752496,0.2982533,-1.1997976
1751443192013,164119148,0.63752496,0.2982533,-1.1997976
1751443192029,164135815,0.59961957,0.280971,-1.087575
1751443192029,164135815,0.59961957,0.280971,-1.087575
1751443192046,164152482,0.5918381,0.088461064,-0.83679867
1751443192046,164152482,0.5918381,0.088461064,-0.83679867
1751443192063,164169149,0.70428663,0.062200304,-0.48806858
1751443192063,164169149,0.70428663,0.062200304,-0.48806858
1751443192079,164185816,0.6020225,-0.0136677055,-0.14699459
1751443192079,164185816,0.6020225,-0.0136677055,-0.14699459
1751443192096,164202483,0.52126735,-0.075705625,-0.006299019
1751443192096,164202483,0.52126735,-0.075705625,-0.006299019
1751443192113,164219150,0.4784401,-0.17717241,-0.03737068
1751443192113,164219150,0.4784401,-0.17717241,-0.03737068
1751443192129,164235817,0.5207749,-0.26924014,0.0021047592
1751443192129,164235817,0.5207749,-0.26924014,0.0021047592
1751443192146,164252484,0.38058883,-0.41387102,0.06327057
1751443192146,164252484,0.38058883,-0.41387102,0.06327057
1751443192163,164269151,0.25391272,-0.5154433,0.027092934
1751443192163,164269151,0.25391272,-0.5154433,0.027092934
1751443192179,164285818,0.10372918,-0.5076419,-0.089282036
1751443192179,164285818,0.10372918,-0.5076419,-0.089282036
1751443192196,164302485,0.008713834,-0.44466892,-0.25637913
1751443192196,164302485,0.008713834,-0.44466892,-0.25637913
1751443192213,164319152,0.051132638,-0.31591842,-0.35016632
1751443192213,164319152,0.051132638,-0.31591842,-0.35016632
1751443192229,164335819,0.059119176,-0.21230473,-0.42967033
1751443192229,164335819,0.059119176,-0.21230473,-0.42967033
1751443192246,164352486,-0.09252111,-0.12874386,-0.5910578
1751443192246,164352486,-0.09252111,-0.12874386,-0.5910578
1751443192263,164369153,-0.18254489,-0.08927571,-0.8052702
1751443192263,164369153,-0.18254489,-0.08927571,-0.8052702
1751443192279,164385820,-0.1996112,-0.13267277,-0.853508
1751443192279,164385820,-0.1996112,-0.13267277,-0.853508
1751443192296,164402487,-0.11193613,-0.21881947,-0.8404608
1751443192296,164402487,-0.11193613,-0.21881947,-0.8404608
1751443192313,164419154,0.036883034,-0.29721272,-0.82946014
1751443192313,164419154,0.036883034,-0.29721272,-0.82946014
1751443192329,164435821,0.264127,-0.24852842,-0.890048
1751443192329,164435821,0.264127,-0.24852842,-0.890048
1751443192346,164452488,0.41273254,-0.08222008,-0.84346104
1751443192346,164452488,0.41273254,-0.08222008,-0.84346104
1751443192363,164469155,0.4403886,0.123206206,-0.6362934
1751443192363,164469155,0.4403886,0.123206206,-0.6362934
1751443192379,164485822,0.32286528,0.26886982,-0.4552107
1751443192379,164485822,0.32286528,0.26886982,-0.4552107
1751443192396,164502489,0.28394476,0.33094794,-0.4751358
1751443192396,164502489,0.28394476,0.33094794,-0.4751358
1751443192413,164519156,0.3316749,0.21997464,-0.5960741
1751443192413,164519156,0.3316749,0.21997464,-0.5960741
1751443192429,164535823,0.3931865,0.13856289,-0.62962914
1751443192429,164535823,0.3931865,0.13856289,-0.62962914
1751443192446,164552490,0.51219344,0.11845164,-0.56576633
1751443192446,164552490,0.51219344,0.11845164,-0.56576633
1751443192463,164569157,0.4754138,0.123114064,-0.40594864
1751443192463,164569157,0.4754138,0.123114064,-0.40594864
1751443192479,164585824,0.39450487,0.165251,-0.31130505
1751443192479,164585824,0.39450487,0.165251,-0.31130505
1751443192496,164602491,0.24159224,0.19431417,-0.22557926
1751443192496,164602491,0.24159224,0.19431417,-0.22557926
1751443192513,164619158,0.13972665,0.20442115,-0.26112556
1751443192513,164619158,0.13972665,0.20442115,-0.26112556
1751443192529,164635825,0.121187136,0.19282815,-0.33546257
1751443192529,164635825,0.121187136,0.19282815,-0.33546257
1751443192546,164652492,0.10265733,0.13585396,-0.4052658
1751443192546,164652492,0.10265733,0.13585396,-0.4052658
1751443192563,164669159,0.039123792,0.12352857,-0.41875172
1751443192563,164669159,0.039123792,0.12352857,-0.41875172
1751443192579,164685826,-0.049134016,0.13509743,-0.447299
1751443192579,164685826,-0.049134016,0.13509743,-0.447299
1751443192596,164702493,-0.07397687,0.106682956,-0.4493208
1751443192596,164702493,-0.07397687,0.106682956,-0.4493208
1751443192613,164719160,-0.1344607,0.05041262,-0.4283266
1751443192613,164719160,-0.1344607,0.05041262,-0.4283266
1751443192629,164735827,-0.13731696,0.023315474,-0.48729324
1751443192629,164735827,-0.13731696,0.023315474,-0.48729324
1751443192646,164752494,-0.097958356,-0.06974979,-0.48112202
1751443192646,164752494,-0.097958356,-0.06974979,-0.48112202
1751443192663,164769161,-0.013028417,-0.11325335,-0.41988087
1751443192663,164769161,-0.013028417,-0.11325335,-0.41988087
1751443192679,164785828,-0.009349072,-0.1169788,-0.44764614
1751443192679,164785828,-0.009349072,-0.1169788,-0.44764614
1751443192696,164802495,0.008409424,-0.116074525,-0.48452854
1751443192696,164802495,0.008409424,-0.116074525,-0.48452854
1751443192713,164819162,0.0034539457,-0.17895666,-0.37710667
1751443192713,164819162,0.0034539457,-0.17895666,-0.37710667
1751443192729,164835829,0.005781861,-0.20521809,-0.32162952
1751443192729,164835829,0.005781861,-0.20521809,-0.32162952
1751443192746,164852496,-0.019400897,-0.23598565,-0.27788353
1751443192746,164852496,-0.019400897,-0.23598565,-0.27788353
1751443192763,164869163,-0.04284137,-0.23218118,-0.20296478
1751443192763,164869163,-0.04284137,-0.23218118,-0.20296478
1751443192779,164885830,-0.10055282,-0.26251748,-0.21806622
1751443192779,164885830,-0.10055282,-0.26251748,-0.21806622
1751443192796,164902497,-0.16147177,-0.24114797,-0.3039484
1751443192796,164902497,-0.16147177,-0.24114797,-0.3039484
1751443192813,164919164,-0.1823268,-0.25401935,-0.35132694
1751443192813,164919164,-0.1823268,-0.25401935,-0.35132694
1751443192829,164935831,-0.18797667,-0.23217833,-0.31571102
1751443192829,164935831,-0.18797667,-0.23217833,-0.31571102
1751443192846,164952498,-0.2036769,-0.22724222,-0.18901062
1751443192846,164952498,-0.2036769,-0.22724222,-0.18901062
1751443192863,164969165,-0.28515953,-0.14478387,-0.23877144
1751443192863,164969165,-0.28515953,-0.14478387,-0.23877144
1751443192879,164985832,-0.36421508,-0.060380124,-0.46790123
1751443192879,164985832,-0.36421508,-0.060380124,-0.46790123
1751443192896,165002499,-0.3398239,0.03636511,-0.60642433
1751443192896,165002499,-0.3398239,0.03636511,-0.60642433
1751443192913,165019166,-0.20242372,0.03774888,-0.42462444
1751443192913,165019166,-0.20242372,0.03774888,-0.42462444
1751443192929,165035833,-0.10805671,0.017203681,-0.19108391
1751443192929,165035833,-0.10805671,0.017203681,-0.19108391
1751443192946,165052500,-0.09290038,0.050168656,-0.13617992
1751443192946,165052500,-0.09290038,0.050168656,-0.13617992
1751443192963,165069167,-0.13912322,0.0017705578,-0.21287823
1751443192963,165069167,-0.13912322,0.0017705578,-0.21287823
1751443192979,165085834,-0.21058427,-0.057842918,-0.29024887
1751443192979,165085834,-0.21058427,-0.057842918,-0.29024887
1751443192996,165102501,-0.2363782,-0.11107359,-0.33778572
1751443192996,165102501,-0.2363782,-0.11107359,-0.33778572
1751443193013,165119168,-0.13050713,-0.17796509,-0.392951
1751443193013,165119168,-0.13050713,-0.17796509,-0.392951
1751443193029,165135835,-0.045674313,-0.1514706,-0.4598217
1751443193029,165135835,-0.045674313,-0.1514706,-0.4598217
1751443193046,165152502,0.06651738,-0.18771328,-0.4255085
1751443193046,165152502,0.06651738,-0.18771328,-0.4255085
1751443193063,165169169,0.1287227,-0.22796181,-0.38484097
1751443193063,165169169,0.1287227,-0.22796181,-0.38484097
1751443193079,165185836,0.09570435,-0.28272432,-0.3498621
1751443193079,165185836,0.09570435,-0.28272432,-0.3498621
1751443193096,165202503,-0.020540757,-0.16093196,-0.3755989
1751443193096,165202503,-0.020540757,-0.16093196,-0.3755989
1751443193113,165219170,-0.11070619,-0.030967161,-0.38352108
1751443193113,165219170,-0.11070619,-0.030967161,-0.38352108
1751443193129,165235837,-0.18117921,0.017391544,-0.3708763
1751443193129,165235837,-0.18117921,0.017391544,-0.3708763
1751443193146,165252504,-0.2042305,0.027549481,-0.3747902
1751443193146,165252504,-0.2042305,0.027549481,-0.3747902
1751443193163,165269171,-0.23834845,-0.027600832,-0.32161236
1751443193163,165269171,-0.23834845,-0.027600832,-0.32161236
1751443193179,165285838,-0.30783617,-0.04005542,-0.27158833
1751443193179,165285838,-0.30783617,-0.04005542,-0.27158833
1751443193196,165302505,-0.32286632,0.01710176,-0.32325172
1751443193196,165302505,-0.32286632,0.01710176,-0.32325172
1751443193213,165319172,-0.19819266,0.09846483,-0.41442204
1751443193213,165319172,-0.19819266,0.09846483,-0.41442204
1751443193229,165335839,-0.110153146,0.13417114,-0.454113
1751443193229,165335839,-0.110153146,0.13417114,-0.454113
1751443193246,165352506,-0.13484599,0.19301808,-0.57566166
1751443193246,165352506,-0.13484599,0.19301808,-0.57566166
1751443193263,165369173,-0.3610169,0.08384507,-0.35039043
1751443193263,165369173,-0.3610169,0.08384507,-0.35039043
1751443193279,165385840,-0.6227498,-0.19968055,-0.13996887
1751443193279,165385840,-0.6227498,-0.19968055,-0.13996887
1751443193296,165402507,-0.80731046,-0.28010845,-0.24543667
1751443193296,165402507,-0.80731046,-0.28010845,-0.24543667
1751443193313,165419174,-0.36811152,-0.21673034,-0.28438282
1751443193313,165419174,-0.36811152,-0.21673034,-0.28438282
1751443193329,165435841,0.3663555,-0.09583509,-0.32629013
1751443193329,165435841,0.3663555,-0.09583509,-0.32629013
1751443193346,165452508,0.8198933,-0.04929824,-0.5468826
1751443193346,165452508,0.8198933,-0.04929824,-0.5468826
1751443193363,165469175,0.8478664,-0.023148678,-0.8518162
1751443193363,165469175,0.8478664,-0.023148678,-0.8518162
1751443193379,165485842,0.84967566,0.02630373,-0.9488907
1751443193379,165485842,0.84967566,0.02630373,-0.9488907
1751443193396,165502509,0.6590435,-0.038527265,-0.91372013
1751443193396,165502509,0.6590435,-0.038527265,-0.91372013
1751443193413,165519176,0.5088697,-0.15036382,-0.7681608
1751443193413,165519176,0.5088697,-0.15036382,-0.7681608
1751443193429,165535843,0.5486103,-0.2445975,-0.5314503
1751443193429,165535843,0.5486103,-0.2445975,-0.5314503
1751443193446,165552510,0.47376934,-0.1959879,-0.33051872
1751443193446,165552510,0.47376934,-0.1959879,-0.33051872
1751443193463,165569177,0.4504158,-0.058547765,-0.121661186
1751443193463,165569177,0.4504158,-0.058547765,-0.121661186
1751443193479,165585844,0.4740606,0.07950065,-0.098558426
1751443193479,165585844,0.4740606,0.07950065,-0.098558426
1751443193496,165602511,0.70009667,0.22347708,-0.11041546
1751443193496,165602511,0.70009667,0.22347708,-0.11041546
1751443193513,165619178,1.075516,0.40943426,-0.13496876
1751443193513,165619178,1.075516,0.40943426,-0.13496876
1751443193529,165635845,1.4007934,0.35584593,-0.09130955
1751443193529,165635845,1.4007934,0.35584593,-0.09130955
1751443193546,165652512,1.3143169,0.18836275,-0.009315491
1751443193546,165652512,1.3143169,0.18836275,-0.009315491
1751443193563,165669179,1.110931,0.06370175,0.67160416
1751443193563,165669179,1.110931,0.06370175,0.67160416
1751443193579,165685846,0.6667448,0.076034635,1.7606354
1751443193579,165685846,0.6667448,0.076034635,1.7606354
1751443193596,165702513,-0.0061172144,-0.04976896,2.2722168
1751443193596,165702513,-0.0061172144,-0.04976896,2.2722168
1751443193613,165719180,-0.08768838,-0.19999504,2.3389473
1751443193613,165719180,-0.08768838,-0.19999504,2.3389473
1751443193629,165735847,0.28754434,-0.090325944,1.9321213
1751443193629,165735847,0.28754434,-0.090325944,1.9321213
1751443193646,165752514,0.286096,0.36202583,1.6330156
1751443193646,165752514,0.286096,0.36202583,1.6330156
1751443193663,165769181,0.20589943,0.56279665,1.8265963
1751443193663,165769181,0.20589943,0.56279665,1.8265963
1751443193679,165785848,0.31493852,0.53865784,2.0510693
1751443193679,165785848,0.31493852,0.53865784,2.0510693
1751443193696,165802515,0.39639446,0.48528004,2.2103739
1751443193696,165802515,0.39639446,0.48528004,2.2103739
1751443193713,165819182,0.34115162,0.39967626,1.953373
1751443193713,165819182,0.34115162,0.39967626,1.953373
1751443193729,165835849,0.25516716,0.28403902,1.6483688
1751443193729,165835849,0.25516716,0.28403902,1.6483688
1751443193746,165852516,0.188411,0.13428882,1.9328156
1751443193746,165852516,0.188411,0.13428882,1.9328156
1751443193763,165869183,0.12617393,0.05494865,2.22361
1751443193763,165869183,0.12617393,0.05494865,2.22361
1751443193779,165885850,0.10812822,0.25569078,2.2301188
1751443193779,165885850,0.10812822,0.25569078,2.2301188
1751443193796,165902517,0.34120372,0.6461249,2.1171942
1751443193796,165902517,0.34120372,0.6461249,2.1171942
1751443193813,165919184,0.38384092,0.83763623,1.6848574
1751443193813,165919184,0.38384092,0.83763623,1.6848574
1751443193829,165935851,0.3417907,0.7980256,1.4106483
1751443193829,165935851,0.3417907,0.7980256,1.4106483
1751443193846,165952518,0.3340351,0.76153255,1.1373291
1751443193846,165952518,0.3340351,0.76153255,1.1373291
1751443193863,165969185,0.41292766,0.6608042,0.85861397
1751443193863,165969185,0.41292766,0.6608042,0.85861397
1751443193879,165985852,0.3837444,0.73585874,0.70629215
1751443193879,165985852,0.3837444,0.73585874,0.70629215
1751443193896,166002519,0.4120636,0.36526644,0.6346617
1751443193896,166002519,0.4120636,0.36526644,0.6346617
1751443193913,166019186,0.33325893,0.19519989,0.535161
1751443193913,166019186,0.33325893,0.19519989,0.535161
1751443193929,166035853,0.610483,-0.36071035,0.34927082
1751443193929,166035853,0.610483,-0.36071035,0.34927082
1751443193946,166052520,0.87508184,-0.758692,-0.070215225
1751443193946,166052520,0.87508184,-0.758692,-0.070215225
1751443193963,166069187,1.1120534,-1.0543355,-0.5440111
1751443193963,166069187,1.1120534,-1.0543355,-0.5440111
1751443193979,166085854,1.1528785,-1.114043,-1.1982832
1751443193979,166085854,1.1528785,-1.114043,-1.1982832
1751443193996,166102521,0.83632326,-0.9496386,-2.0093322
1751443193996,166102521,0.83632326,-0.9496386,-2.0093322
1751443194013,166119188,0.48014292,-0.85651237,-2.7166414
1751443194013,166119188,0.48014292,-0.85651237,-2.7166414
1751443194029,166135855,0.5733679,-0.61191905,-2.3933473
1751443194029,166135855,0.5733679,-0.61191905,-2.3933473
1751443194046,166152522,0.72518677,-0.36057255,-1.9193091
1751443194046,166152522,0.72518677,-0.36057255,-1.9193091
1751443194063,166169189,0.88000077,-0.2080063,-1.3469477
1751443194063,166169189,0.88000077,-0.2080063,-1.3469477
1751443194079,166185856,0.9203573,-0.27132595,-1.2370071
1751443194079,166185856,0.9203573,-0.27132595,-1.2370071
1751443194096,166202523,0.38729122,-0.34594968,-1.3300982
1751443194096,166202523,0.38729122,-0.34594968,-1.3300982
1751443194113,166219190,0.44646376,-0.32703376,-1.1944389
1751443194113,166219190,0.44646376,-0.32703376,-1.1944389
1751443194129,166235857,0.17826015,-0.006729528,-1.2707777
1751443194129,166235857,0.17826015,-0.006729528,-1.2707777
1751443194146,166252524,0.119734176,0.31558678,-1.1586752
1751443194146,166252524,0.119734176,0.31558678,-1.1586752
1751443194163,166269191,0.11014808,0.5076339,-0.833107
1751443194163,166269191,0.11014808,0.5076339,-0.833107
1751443194179,166285858,-0.04068363,0.59311664,-0.6521902
1751443194179,166285858,-0.04068363,0.59311664,-0.6521902
1751443194196,166302525,-0.5237371,0.35348374,-0.6791496
1751443194196,166302525,-0.5237371,0.35348374,-0.6791496
1751443194213,166319192,-0.97565395,0.13777651,-0.9710579
1751443194213,166319192,-0.97565395,0.13777651,-0.9710579
1751443194229,166335859,-1.0421326,0.014964192,-1.336957
1751443194229,166335859,-1.0421326,0.014964192,-1.336957
1751443194246,166352526,-1.0315557,-0.26142555,-1.7433615
1751443194246,166352526,-1.0315557,-0.26142555,-1.7433615
1751443194263,166369193,-1.241669,-0.23005484,-1.9442458
1751443194263,166369193,-1.241669,-0.23005484,-1.9442458
1751443194279,166385860,-1.2364414,-0.28607982,-2.3191056
1751443194279,166385860,-1.2364414,-0.28607982,-2.3191056
1751443194296,166402527,-1.3875259,-0.58942914,-2.6174636
1751443194296,166402527,-1.3875259,-0.58942914,-2.6174636
1751443194313,166419194,-1.4887482,-0.81914514,-2.426036
1751443194313,166419194,-1.4887482,-0.81914514,-2.426036
1751443194329,166435861,-1.7098552,-0.8146664,-2.1019754
1751443194329,166435861,-1.7098552,-0.8146664,-2.1019754
1751443194346,166452528,-1.8646162,-0.75894505,-1.4926167
1751443194346,166452528,-1.8646162,-0.75894505,-1.4926167
1751443194363,166469195,-1.7330941,-0.50868464,-0.8159485
1751443194363,166469195,-1.7330941,-0.50868464,-0.8159485
1751443194379,166485862,-1.5041541,-0.15192455,-0.4425001
1751443194379,166485862,-1.5041541,-0.15192455,-0.4425001
1751443194396,166502529,-1.2648325,0.15654132,0.36170578
1751443194396,166502529,-1.2648325,0.15654132,0.36170578
1751443194413,166519196,-0.93456006,0.32271037,0.8402481
1751443194413,166519196,-0.93456006,0.32271037,0.8402481
1751443194429,166535863,-1.0855972,0.3566812,0.63014126
1751443194429,166535863,-1.0855972,0.3566812,0.63014126
1751443194446,166552530,-1.4748176,0.07616126,-0.49441528
1751443194446,166552530,-1.4748176,0.07616126,-0.49441528
1751443194463,166569197,-1.9586565,-0.16989577,-1.6143808
1751443194463,166569197,-1.9586565,-0.16989577,-1.6143808
1751443194479,166585864,-2.2533648,-0.23678963,-2.0120425
1751443194479,166585864,-2.2533648,-0.23678963,-2.0120425
1751443194496,166602531,-1.8891554,-0.13817805,-1.4140291
1751443194496,166602531,-1.8891554,-0.13817805,-1.4140291
1751443194513,166619198,-1.5280466,0.042504787,-0.32103443
1751443194513,166619198,-1.5280466,0.042504787,-0.32103443
1751443194529,166635865,-1.0968664,0.29982007,0.3492651
1751443194529,166635865,-1.0968664,0.29982007,0.3492651
1751443194546,166652532,-0.86088526,0.28314888,0.4695263
1751443194546,166652532,-0.86088526,0.28314888,0.4695263
1751443194563,166669199,-0.83162,0.12510467,0.3470049
1751443194563,166669199,-0.83162,0.12510467,0.3470049
1751443194579,166685866,-0.8285488,-0.12921597,0.053124428
1751443194579,166685866,-0.8285488,-0.12921597,0.053124428
1751443194596,166702533,-0.937744,-0.35986716,-0.4808359
1751443194596,166702533,-0.937744,-0.35986716,-0.4808359
1751443194613,166719200,-0.9528696,-0.43099815,-0.78228474
1751443194613,166719200,-0.9528696,-0.43099815,-0.78228474
1751443194629,166735867,-0.9884286,-0.47633985,-0.93412495
1751443194629,166735867,-0.9884286,-0.47633985,-0.93412495
1751443194646,166752534,-1.0122504,-0.47970003,-1.0540009
1751443194646,166752534,-1.0122504,-0.47970003,-1.0540009
1751443194663,166769201,-0.872398,-0.5136237,-0.48929024
1751443194663,166769201,-0.872398,-0.5136237,-0.48929024
1751443194679,166785868,-0.4209854,-0.36168307,0.44052982
1751443194679,166785868,-0.4209854,-0.36168307,0.44052982
1751443194696,166802535,-0.23221752,-0.22072262,0.9771719
1751443194696,166802535,-0.23221752,-0.22072262,0.9771719
1751443194713,166819202,-0.38275743,-0.24651445,0.7729473
1751443194713,166819202,-0.38275743,-0.24651445,0.7729473
1751443194729,166835869,-0.6652117,-0.28997397,0.17117405
1751443194729,166835869,-0.6652117,-0.28997397,0.17117405
1751443194746,166852536,-0.81488633,-0.1872435,-0.2895527
1751443194746,166852536,-0.81488633,-0.1872435,-0.2895527
1751443194763,166869203,-0.91474557,-0.054631595,-0.6016216
1751443194763,166869203,-0.91474557,-0.054631595,-0.6016216
1751443194779,166885870,-1.0359925,0.00816951,-0.54625416
1751443194779,166885870,-1.0359925,0.00816951,-0.54625416
1751443194796,166902537,-0.97519094,0.03271537,-0.15293884
1751443194796,166902537,-0.97519094,0.03271537,-0.15293884
1751443194813,166919204,-0.8649121,0.19991781,0.24991989
1751443194813,166919204,-0.8649121,0.19991781,0.24991989
1751443194829,166935871,-0.78477883,0.14958829,0.51862144
1751443194829,166935871,-0.78477883,0.14958829,0.51862144
1751443194846,166952538,-0.77716887,0.062156495,0.57737637
1751443194846,166952538,-0.77716887,0.062156495,0.57737637
1751443194863,166969205,-0.739971,0.010542212,0.4783182
1751443194863,166969205,-0.739971,0.010542212,0.4783182
1751443194879,166985872,-0.63545644,0.021951655,0.3303833
1751443194879,166985872,-0.63545644,0.021951655,0.3303833
1751443194896,167002539,-0.5462831,0.13363895,0.10527897
1751443194896,167002539,-0.5462831,0.13363895,0.10527897
1751443194913,167019206,-0.48236012,0.060680863,0.046414375
1751443194913,167019206,-0.48236012,0.060680863,0.046414375
1751443194929,167035873,-0.49943557,-0.022678742,-0.017173767
1751443194929,167035873,-0.49943557,-0.022678742,-0.017173767
1751443194946,167052540,-0.5791524,-0.10227897,-0.18419552
1751443194946,167052540,-0.5791524,-0.10227897,-0.18419552
1751443194963,167069207,-0.6043785,-0.15012124,-0.30164337
1751443194963,167069207,-0.6043785,-0.15012124,-0.30164337
1751443194979,167085874,-0.6587659,-0.21282311,-0.31429768
1751443194979,167085874,-0.6587659,-0.21282311,-0.31429768
1751443194996,167102541,-0.7206726,-0.2777342,-0.24365997
1751443194996,167102541,-0.7206726,-0.2777342,-0.24365997
1751443195013,167119208,-0.633084,-0.3323566,-0.19056225
1751443195013,167119208,-0.633084,-0.3323566,-0.19056225
1751443195029,167135875,-0.59061086,-0.37309688,-0.11868763
1751443195029,167135875,-0.59061086,-0.37309688,-0.11868763
1751443195046,167152542,-0.5955439,-0.4466361,0.021800995
1751443195046,167152542,-0.5955439,-0.4466361,0.021800995
1751443195063,167169209,-0.47066185,-0.52005374,0.055499077
1751443195063,167169209,-0.47066185,-0.52005374,0.055499077
1751443195079,167185876,-0.38002515,-0.45933163,0.103051186
1751443195079,167185876,-0.38002515,-0.45933163,0.103051186
1751443195096,167202543,-0.35727245,-0.39119652,0.13231945
1751443195096,167202543,-0.35727245,-0.39119652,0.13231945
1751443195113,167219210,-0.35120216,-0.37583166,0.06980896
1751443195113,167219210,-0.35120216,-0.37583166,0.06980896
1751443195129,167235877,-0.40209034,-0.43138883,0.0154829025
1751443195129,167235877,-0.40209034,-0.43138883,0.0154829025
1751443195146,167252544,-0.48595354,-0.38180405,-0.04543495
1751443195146,167252544,-0.48595354,-0.38180405,-0.04543495
1751443195163,167269211,-0.5373742,-0.36463198,-0.1357565
1751443195163,167269211,-0.5373742,-0.36463198,-0.1357565
1751443195179,167285878,-0.4283012,-0.36744523,-0.1895237
1751443195179,167285878,-0.4283012,-0.36744523,-0.1895237
1751443195196,167302545,-0.33108172,-0.3106782,0.024336815
1751443195196,167302545,-0.33108172,-0.3106782,0.024336815
1751443195213,167319212,-0.27480558,-0.33459175,0.16533184
1751443195213,167319212,-0.27480558,-0.33459175,0.16533184
1751443195229,167335879,-0.30983478,-0.35615504,0.21271515
1751443195229,167335879,-0.30983478,-0.35615504,0.21271515
1751443195246,167352546,-0.4164999,-0.4191212,0.0782032
1751443195246,167352546,-0.4164999,-0.4191212,0.0782032
1751443195263,167369213,-0.66686636,-0.41803506,-0.08901882
1751443195263,167369213,-0.66686636,-0.41803506,-0.08901882
1751443195279,167385880,-0.78352404,-0.40228733,-0.2774582
1751443195279,167385880,-0.78352404,-0.40228733,-0.2774582
1751443195296,167402547,-0.7894792,-0.30550456,-0.3390169
1751443195296,167402547,-0.7894792,-0.30550456,-0.3390169
1751443195313,167419214,-0.80875945,-0.1512036,-0.2834158
1751443195313,167419214,-0.80875945,-0.1512036,-0.2834158
1751443195329,167435881,-0.70129114,-0.030851716,-0.2192154
1751443195329,167435881,-0.70129114,-0.030851716,-0.2192154
1751443195346,167452548,-0.5888583,0.009384527,-0.30250168
1751443195346,167452548,-0.5888583,0.009384527,-0.30250168
1751443195363,167469215,-0.55707294,-0.1781738,-0.42888546
1751443195363,167469215,-0.55707294,-0.1781738,-0.42888546
1751443195379,167485882,-0.6901741,-0.3354012,-0.4648838
1751443195379,167485882,-0.6901741,-0.3354012,-0.4648838
1751443195396,167502549,-0.68792224,-0.25506347,-0.18097115
1751443195396,167502549,-0.68792224,-0.25506347,-0.18097115
1751443195413,167519216,-0.4892121,-0.22192009,0.055568695
1751443195413,167519216,-0.4892121,-0.22192009,0.055568695
1751443195429,167535883,-0.60955304,-0.20237578,0.00111866
1751443195429,167535883,-0.60955304,-0.20237578,0.00111866
1751443195446,167552550,-0.7183474,-0.20772344,-0.24060631
1751443195446,167552550,-0.7183474,-0.20772344,-0.24060631
1751443195463,167569217,-1.0479593,-0.12990405,-0.8907366
1751443195463,167569217,-1.0479593,-0.12990405,-0.8907366
1751443195479,167585884,-0.90380925,-0.050683796,-0.8385401
1751443195479,167585884,-0.90380925,-0.050683796,-0.8385401
1751443195496,167602551,-0.96637243,-0.08391693,-0.46541023
1751443195496,167602551,-0.96637243,-0.08391693,-0.46541023
1751443195513,167619218,-0.21811683,0.11005331,0.3924942
1751443195513,167619218,-0.21811683,0.11005331,0.3924942
1751443195529,167635885,-0.13904087,-0.083352454,0.2643652
1751443195529,167635885,-0.13904087,-0.083352454,0.2643652
1751443195546,167652552,-0.61206865,-0.3112884,-0.7959471
1751443195546,167652552,-0.61206865,-0.3112884,-0.7959471
1751443195563,167669219,-1.0876083,-0.42403582,-1.0585175
1751443195563,167669219,-1.0876083,-0.42403582,-1.0585175
1751443195579,167685886,-0.51390713,-0.24622199,-0.6821623
1751443195579,167685886,-0.51390713,-0.24622199,-0.6821623
1751443195596,167702553,-0.41127193,-0.14621077,-0.4459772
1751443195596,167702553,-0.41127193,-0.14621077,-0.4459772
1751443195613,167719220,-0.56933665,-0.17571092,-0.88175774
1751443195613,167719220,-0.56933665,-0.17571092,-0.88175774
1751443195629,167735887,-0.83391404,-0.189351,-1.2932415
1751443195629,167735887,-0.83391404,-0.189351,-1.2932415
1751443195646,167752554,-0.7316082,-0.059630796,-1.266015
1751443195646,167752554,-0.7316082,-0.059630796,-1.266015
1751443195663,167769221,-0.36204633,0.09608666,-0.7904892
1751443195663,167769221,-0.36204633,0.09608666,-0.7904892
1751443195679,167785888,0.00013889933,0.14223425,-0.47673035
1751443195679,167785888,0.00013889933,0.14223425,-0.47673035
1751443195696,167802555,-0.064788796,0.24946415,-0.4043007
1751443195696,167802555,-0.064788796,0.24946415,-0.4043007
1751443195713,167819222,-0.45643017,0.30807763,-0.61453915
1751443195713,167819222,-0.45643017,0.30807763,-0.61453915
1751443195729,167835889,-0.62930757,0.36047444,-0.84037113
1751443195729,167835889,-0.62930757,0.36047444,-0.84037113
1751443195746,167852556,-0.4955873,0.33985358,-0.5524101
1751443195746,167852556,-0.4955873,0.33985358,-0.5524101
1751443195763,167869223,-0.1521065,-0.10026433,-0.102386475
1751443195763,167869223,-0.1521065,-0.10026433,-0.102386475
1751443195779,167885890,0.21014144,-0.43147287,-0.04450798
1751443195779,167885890,0.21014144,-0.43147287,-0.04450798
1751443195796,167902557,0.422192,-0.99657285,-0.2844286
1751443195796,167902557,0.422192,-0.99657285,-0.2844286
1751443195813,167919224,0.354634,-1.2635993,-0.62270737
1751443195813,167919224,0.354634,-1.2635993,-0.62270737
1751443195829,167935891,0.05865603,-0.847796,-0.8857622
1751443195829,167935891,0.05865603,-0.847796,-0.8857622
1751443195846,167952558,-0.069134414,-0.6282062,-1.2925892
1751443195846,167952558,-0.069134414,-0.6282062,-1.2925892
1751443195863,167969225,-0.43004826,-0.26961574,-1.3993406
1751443195863,167969225,-0.43004826,-0.26961574,-1.3993406
1751443195879,167985892,-0.52585745,-0.11954993,-1.2603788
1751443195879,167985892,-0.52585745,-0.11954993,-1.2603788
1751443195896,168002559,-0.27252012,-0.09984938,-0.89302826
1751443195896,168002559,-0.27252012,-0.09984938,-0.89302826
1751443195913,168019226,0.07577606,-0.15600601,-0.57705975
1751443195913,168019226,0.07577606,-0.15600601,-0.57705975
1751443195929,168035893,-0.022068998,-0.3060994,-0.7816744
1751443195929,168035893,-0.022068998,-0.3060994,-0.7816744
1751443195946,168052560,-0.23517707,-0.5504306,-1.0952806
1751443195946,168052560,-0.23517707,-0.5504306,-1.0952806
1751443195963,168069227,-0.37137252,-0.51180756,-1.1314144
1751443195963,168069227,-0.37137252,-0.51180756,-1.1314144
1751443195979,168085894,-0.07158764,-0.16567183,-0.38564014
1751443195979,168085894,-0.07158764,-0.16567183,-0.38564014
1751443195996,168102561,0.10527364,0.21605031,-0.009141922
1751443195996,168102561,0.10527364,0.21605031,-0.009141922
1751443196013,168119228,-0.028242398,0.36555007,-0.11930561
1751443196013,168119228,-0.028242398,0.36555007,-0.11930561
1751443196029,168135895,-0.32978013,0.39825875,-0.5091162
1751443196029,168135895,-0.32978013,0.39825875,-0.5091162
1751443196046,168152562,-0.39470088,0.3745401,-0.52433395
1751443196046,168152562,-0.39470088,0.3745401,-0.52433395
1751443196063,168169229,-0.08081533,0.4024058,-0.6119585
1751443196063,168169229,-0.08081533,0.4024058,-0.6119585
1751443196079,168185896,0.21707897,0.29514876,-0.7431936
1751443196079,168185896,0.21707897,0.29514876,-0.7431936
1751443196096,168202563,0.34272206,0.05560097,-0.85160923
1751443196096,168202563,0.34272206,0.05560097,-0.85160923
1751443196113,168219230,0.13205548,-0.14664137,-0.90111256
1751443196113,168219230,0.13205548,-0.14664137,-0.90111256
1751443196129,168235897,-0.18002792,-0.30488083,-0.8988466
1751443196129,168235897,-0.18002792,-0.30488083,-0.8988466
1751443196146,168252564,-0.9052468,-0.17350507,-1.1483727
1751443196146,168252564,-0.9052468,-0.17350507,-1.1483727
1751443196163,168269231,-0.8778338,-0.36052182,-1.2847052
1751443196163,168269231,-0.8778338,-0.36052182,-1.2847052
1751443196179,168285898,0.31814978,-0.267026,-0.6111574
1751443196179,168285898,0.31814978,-0.267026,-0.6111574
1751443196196,168302565,0.585406,6.660686E-05,-0.11668491
1751443196196,168302565,0.585406,6.660686E-05,-0.11668491
1751443196213,168319232,0.28232515,0.6537271,0.4979515
1751443196213,168319232,0.28232515,0.6537271,0.4979515
1751443196229,168335899,-0.044021994,1.1621109,1.00039
1751443196229,168335899,-0.044021994,1.1621109,1.00039
1751443196246,168352566,-0.16796963,1.3688389,1.0607424
1751443196246,168352566,-0.16796963,1.3688389,1.0607424
1751443196263,168369233,0.26038295,1.1858827,1.0330391
1751443196263,168369233,0.26038295,1.1858827,1.0330391
1751443196279,168385900,0.6498578,0.596639,0.872879
1751443196279,168385900,0.6498578,0.596639,0.872879
1751443196296,168402567,0.59286076,-0.12135457,0.71665287
1751443196296,168402567,0.59286076,-0.12135457,0.71665287
1751443196313,168419234,0.30134186,-0.69213086,0.6291666
1751443196313,168419234,0.30134186,-0.69213086,0.6291666
1751443196329,168435901,0.08846648,-0.8395617,0.66658306
1751443196329,168435901,0.08846648,-0.8395617,0.66658306
1751443196346,168452568,-0.044115506,-0.581092,0.6806488
1751443196346,168452568,-0.044115506,-0.581092,0.6806488
1751443196363,168469235,-0.0701886,-0.34929153,0.9593134
1751443196363,168469235,-0.0701886,-0.34929153,0.9593134
1751443196379,168485902,-0.3510596,-0.38052255,1.1695709
1751443196379,168485902,-0.3510596,-0.38052255,1.1695709
1751443196396,168502569,-0.63037795,-0.37341875,1.3450537
1751443196396,168502569,-0.63037795,-0.37341875,1.3450537
1751443196413,168519236,-0.90817994,-0.31109205,1.433959
1751443196413,168519236,-0.90817994,-0.31109205,1.433959
1751443196429,168535903,-0.9831729,-0.2642215,1.4428043
1751443196429,168535903,-0.9831729,-0.2642215,1.4428043
1751443196446,168552570,-0.7825067,-0.14503868,1.3764133
1751443196446,168552570,-0.7825067,-0.14503868,1.3764133
1751443196463,168569237,-0.39425933,0.07823769,1.1421423
1751443196463,168569237,-0.39425933,0.07823769,1.1421423
1751443196479,168585904,0.121267095,0.2629194,0.93386364
1751443196479,168585904,0.121267095,0.2629194,0.93386364
1751443196496,168602571,0.6645627,0.18497117,0.7538862
1751443196496,168602571,0.6645627,0.18497117,0.7538862
1751443196513,168619238,1.0782236,0.15875779,0.937273
1751443196513,168619238,1.0782236,0.15875779,0.937273
1751443196529,168635905,0.99167234,0.08922961,1.4248981
1751443196529,168635905,0.99167234,0.08922961,1.4248981
1751443196546,168652572,1.0821028,0.011292322,1.5241766
1751443196546,168652572,1.0821028,0.011292322,1.5241766
1751443196563,168669239,1.4386518,-0.136954,1.4988995
1751443196563,168669239,1.4386518,-0.136954,1.4988995
1751443196579,168685906,0.92810786,0.031385466,1.1611433
1751443196579,168685906,0.92810786,0.031385466,1.1611433
1751443196596,168702573,0.8384009,0.05905112,0.85884285
1751443196596,168702573,0.8384009,0.05905112,0.85884285
1751443196613,168719240,0.81191033,-0.021405613,0.8034258
1751443196613,168719240,0.81191033,-0.021405613,0.8034258
1751443196629,168735907,0.6251672,-0.0889167,0.5004597
1751443196629,168735907,0.6251672,-0.0889167,0.5004597
1751443196646,168752574,0.24215421,-0.3729774,0.296978
1751443196646,168752574,0.24215421,-0.3729774,0.296978
1751443196663,168769241,-0.17434704,-0.30178708,-0.20747948
1751443196663,168769241,-0.17434704,-0.30178708,-0.20747948
1751443196679,168785908,-0.023795832,-0.2062097,-0.514164
1751443196679,168785908,-0.023795832,-0.2062097,-0.514164
1751443196696,168802575,0.2120658,-0.10119739,-0.81883717
1751443196696,168802575,0.2120658,-0.10119739,-0.81883717
1751443196713,168819242,0.26324457,-0.39920443,-0.85827446
1751443196713,168819242,0.26324457,-0.39920443,-0.85827446
1751443196729,168835909,0.30977583,-0.4483066,-0.8987427
1751443196729,168835909,0.30977583,-0.4483066,-0.8987427
1751443196746,168852576,0.4925066,-0.46523377,-1.0563593
1751443196746,168852576,0.4925066,-0.46523377,-1.0563593
1751443196763,168869243,0.4492376,-0.30314583,-0.9064083
1751443196763,168869243,0.4492376,-0.30314583,-0.9064083
1751443196779,168885910,0.51001817,-0.08813032,-0.71315384
1751443196779,168885910,0.51001817,-0.08813032,-0.71315384
1751443196796,168902577,0.57964987,0.12537166,-0.46548748
1751443196796,168902577,0.57964987,0.12537166,-0.46548748
1751443196813,168919244,0.6670731,0.24669784,-0.36007214
1751443196813,168919244,0.6670731,0.24669784,-0.36007214
1751443196829,168935911,0.6054589,0.25367987,-0.3493395
1751443196829,168935911,0.6054589,0.25367987,-0.3493395
1751443196846,168952578,0.55131614,0.15113868,-0.40667915
1751443196846,168952578,0.55131614,0.15113868,-0.40667915
1751443196863,168969245,0.36620507,0.06738692,-0.35783863
1751443196863,168969245,0.36620507,0.06738692,-0.35783863
1751443196879,168985912,0.26593393,-0.013310197,-0.370924
1751443196879,168985912,0.26593393,-0.013310197,-0.370924
1751443196896,169002579,0.29813445,-0.125776,-0.49209118
1751443196896,169002579,0.29813445,-0.125776,-0.49209118
1751443196913,169019246,0.33971462,-0.12091219,-0.52154255
1751443196913,169019246,0.33971462,-0.12091219,-0.52154255
1751443196929,169035913,0.3530826,0.03934465,-0.54117775
1751443196929,169035913,0.3530826,0.03934465,-0.54117775
1751443196946,169052580,0.6444292,0.26049054,-0.57446766
1751443196946,169052580,0.6444292,0.26049054,-0.57446766
1751443196963,169069247,0.89609396,0.3725753,-0.5516367
1751443196963,169069247,0.89609396,0.3725753,-0.5516367
1751443196979,169085914,1.0580733,0.46051362,-0.5682249
1751443196979,169085914,1.0580733,0.46051362,-0.5682249
1751443196996,169102581,1.0338527,0.39666772,-0.507781
1751443196996,169102581,1.0338527,0.39666772,-0.507781
1751443197013,169119248,0.9102773,0.24214466,-0.549263
1751443197013,169119248,0.9102773,0.24214466,-0.549263
1751443197029,169135915,0.68533796,0.11390656,-0.74971867
1751443197029,169135915,0.68533796,0.11390656,-0.74971867
1751443197046,169152582,0.66732883,0.07170139,-0.94760704
1751443197046,169152582,0.66732883,0.07170139,-0.94760704
1751443197063,169169249,0.5094451,0.042544574,-0.78148746
1751443197063,169169249,0.5094451,0.042544574,-0.78148746
1751443197079,169185916,0.33275792,0.075577885,-0.4536972
1751443197079,169185916,0.33275792,0.075577885,-0.4536972
1751443197096,169202583,0.29038966,0.08619694,-0.28121376
1751443197096,169202583,0.29038966,0.08619694,-0.28121376
1751443197113,169219250,0.21123944,0.12951525,-0.28004742
1751443197113,169219250,0.21123944,0.12951525,-0.28004742
1751443197129,169235917,0.04586719,0.17841846,-0.32557678
1751443197129,169235917,0.04586719,0.17841846,-0.32557678
1751443197146,169252584,-0.06209199,0.197227,-0.44468212
1751443197146,169252584,-0.06209199,0.197227,-0.44468212
1751443197163,169269251,-0.1592212,0.13480547,-0.5830803
1751443197163,169269251,-0.1592212,0.13480547,-0.5830803
1751443197179,169285918,-0.20837605,0.029989796,-0.6136532
1751443197179,169285918,-0.20837605,0.029989796,-0.6136532
1751443197196,169302585,-0.2168535,-0.07385259,-0.4581604
1751443197196,169302585,-0.2168535,-0.07385259,-0.4581604
1751443197213,169319252,-0.049590785,-0.04179072,-0.21756935
1751443197213,169319252,-0.049590785,-0.04179072,-0.21756935
1751443197229,169335919,0.15555856,0.05532957,-0.18280792
1751443197229,169335919,0.15555856,0.05532957,-0.18280792
1751443197246,169352586,0.20569506,0.084580265,-0.28804398
1751443197246,169352586,0.20569506,0.084580265,-0.28804398
1751443197263,169369253,0.17571054,0.12934846,-0.4346466
1751443197263,169369253,0.17571054,0.12934846,-0.4346466
1751443197279,169385920,0.17680676,0.10333093,-0.508482
1751443197279,169385920,0.17680676,0.10333093,-0.508482
1751443197296,169402587,0.17755505,0.087749675,-0.54873085
1751443197296,169402587,0.17755505,0.087749675,-0.54873085
1751443197313,169419254,0.16395168,0.10471649,-0.6478958
1751443197313,169419254,0.16395168,0.10471649,-0.6478958
1751443197329,169435921,0.12131948,0.12725967,-0.64831924
1751443197329,169435921,0.12131948,0.12725967,-0.64831924
1751443197346,169452588,0.097758904,0.1282053,-0.53479385
1751443197346,169452588,0.097758904,0.1282053,-0.53479385
1751443197363,169469255,0.023274621,0.15004626,-0.46404266
1751443197363,169469255,0.023274621,0.15004626,-0.46404266
1751443197379,169485922,0.02348658,0.19717391,-0.43186855
1751443197379,169485922,0.02348658,0.19717391,-0.43186855
1751443197396,169502589,0.11419154,0.23125014,-0.39306164
1751443197396,169502589,0.11419154,0.23125014,-0.39306164
1751443197413,169519256,0.13387312,0.170299,-0.37014008
1751443197413,169519256,0.13387312,0.170299,-0.37014008
1751443197429,169535923,0.054767806,0.098553285,-0.4010811
1751443197429,169535923,0.054767806,0.098553285,-0.4010811
1751443197446,169552590,0.01462615,0.030685702,-0.43828392
1751443197446,169552590,0.01462615,0.030685702,-0.43828392
1751443197463,169569257,-0.00096718944,-0.019839177,-0.5098829
1751443197463,169569257,-0.00096718944,-0.019839177,-0.5098829
1751443197479,169585924,-0.01962992,-0.050301533,-0.56356907
1751443197479,169585924,-0.01962992,-0.050301533,-0.56356907
1751443197496,169602591,-0.007018188,-0.044441976,-0.5300684
1751443197496,169602591,-0.007018188,-0.044441976,-0.5300684
1751443197513,169619258,0.017422326,-0.14061451,-0.527503
1751443197513,169619258,0.017422326,-0.14061451,-0.527503
1751443197529,169635925,0.1350272,-0.15160012,-0.54053116
1751443197529,169635925,0.1350272,-0.15160012,-0.54053116
1751443197546,169652592,0.1561728,-0.15935563,-0.5054321
1751443197546,169652592,0.1561728,-0.15935563,-0.5054321
1751443197563,169669259,0.16392647,-0.17566559,-0.5278282
1751443197563,169669259,0.16392647,-0.17566559,-0.5278282
1751443197579,169685926,0.18493778,-0.19198512,-0.53168774
1751443197579,169685926,0.18493778,-0.19198512,-0.53168774
1751443197596,169702593,0.2358036,-0.13301128,-0.5211239
1751443197596,169702593,0.2358036,-0.13301128,-0.5211239
1751443197613,169719260,0.38569102,-0.093669645,-0.6490965
1751443197613,169719260,0.38569102,-0.093669645,-0.6490965
1751443197629,169735927,0.4824278,-0.0814883,-0.6714058
1751443197629,169735927,0.4824278,-0.0814883,-0.6714058
1751443197646,169752594,0.4844003,-0.072710946,-0.6898136
1751443197646,169752594,0.4844003,-0.072710946,-0.6898136
1751443197663,169769261,0.60863805,-0.05271877,-0.5437317
1751443197663,169769261,0.60863805,-0.05271877,-0.5437317
1751443197679,169785928,0.81241983,0.082403414,-0.49681282
1751443197679,169785928,0.81241983,0.082403414,-0.49681282
1751443197696,169802595,0.79845846,0.087670945,-0.52050304
1751443197696,169802595,0.79845846,0.087670945,-0.52050304
1751443197713,169819262,0.9249809,0.09271222,-0.54105854
1751443197713,169819262,0.9249809,0.09271222,-0.54105854
1751443197729,169835929,0.88837904,0.1768058,-0.4443121
1751443197729,169835929,0.88837904,0.1768058,-0.4443121
1751443197746,169852596,0.89654285,0.25760484,-0.41699696
1751443197746,169852596,0.89654285,0.25760484,-0.41699696
1751443197763,169869263,0.77423865,0.23903437,-0.25942993
1751443197763,169869263,0.77423865,0.23903437,-0.25942993
1751443197779,169885930,0.72931707,0.3314925,0.03256893
1751443197779,169885930,0.72931707,0.3314925,0.03256893
1751443197796,169902597,1.1763085,0.62804604,0.44114113
1751443197796,169902597,1.1763085,0.62804604,0.44114113
1751443197813,169919264,1.8410708,0.9632025,0.27603054
1751443197813,169919264,1.8410708,0.9632025,0.27603054
1751443197829,169935931,1.6867548,0.83678746,0.815588
1751443197829,169935931,1.6867548,0.83678746,0.815588
1751443197846,169952598,0.762358,0.48115566,1.9537163
1751443197846,169952598,0.762358,0.48115566,1.9537163
1751443197863,169969265,-0.32637748,-0.38533634,2.8969994
1751443197863,169969265,-0.32637748,-0.38533634,2.8969994
1751443197879,169985932,-0.21942414,-0.839859,2.9331398
1751443197879,169985932,-0.21942414,-0.839859,2.9331398
1751443197896,170002599,0.45356432,-0.4590374,2.3784199
1751443197896,170002599,0.45356432,-0.4590374,2.3784199
1751443197913,170019266,0.80178684,-0.22048134,1.7985849
1751443197913,170019266,0.80178684,-0.22048134,1.7985849
1751443197929,170035933,0.59848166,-0.08921419,1.4180412
1751443197929,170035933,0.59848166,-0.08921419,1.4180412
1751443197946,170052600,0.30328473,0.15702221,1.3833885
1751443197946,170052600,0.30328473,0.15702221,1.3833885
1751443197963,170069267,0.1849971,0.24910128,1.7599077
1751443197963,170069267,0.1849971,0.24910128,1.7599077
1751443197979,170085934,0.088058375,0.3117771,1.6919899
1751443197979,170085934,0.088058375,0.3117771,1.6919899
1751443197996,170102601,0.0485388,0.31842595,1.5654554
1751443197996,170102601,0.0485388,0.31842595,1.5654554
1751443198013,170119268,-0.058364738,0.32636032,1.820467
1751443198013,170119268,-0.058364738,0.32636032,1.820467
1751443198029,170135935,-0.32425517,0.22613499,1.8888435
1751443198029,170135935,-0.32425517,0.22613499,1.8888435
1751443198046,170152602,-0.47339094,0.12200209,1.7578516
1751443198046,170152602,-0.47339094,0.12200209,1.7578516
1751443198063,170169269,-0.43920577,0.19950767,1.6241188
1751443198063,170169269,-0.43920577,0.19950767,1.6241188
1751443198079,170185936,-0.39346436,0.25561032,1.3376017
1751443198079,170185936,-0.39346436,0.25561032,1.3376017
1751443198096,170202603,-0.2636983,0.3772635,0.91212463
1751443198096,170202603,-0.2636983,0.3772635,0.91212463
1751443198113,170219270,0.058113594,0.44212607,0.5543518
1751443198113,170219270,0.058113594,0.44212607,0.5543518
1751443198129,170235937,0.3836724,0.47754493,0.2621336
1751443198129,170235937,0.3836724,0.47754493,0.2621336
1751443198146,170252604,0.5668543,0.4467586,-0.08107185
1751443198146,170252604,0.5668543,0.4467586,-0.08107185
1751443198163,170269271,0.37724382,0.3332871,-0.3079319
1751443198163,170269271,0.37724382,0.3332871,-0.3079319
1751443198179,170285938,-0.15036839,0.10591318,-0.39431477
1751443198179,170285938,-0.15036839,0.10591318,-0.39431477
1751443198196,170302605,-0.47826007,-0.09532839,-0.16049576
1751443198196,170302605,-0.47826007,-0.09532839,-0.16049576
1751443198213,170319272,-0.33251804,-0.25736177,-0.3242197
1751443198213,170319272,-0.33251804,-0.25736177,-0.3242197
1751443198229,170335939,0.14530718,-0.35928446,-0.8148565
1751443198229,170335939,0.14530718,-0.35928446,-0.8148565
1751443198246,170352606,0.8145676,-0.43230444,-1.2237654
1751443198246,170352606,0.8145676,-0.43230444,-1.2237654
1751443198263,170369273,1.2597152,-0.41304234,-1.2162037
1751443198263,170369273,1.2597152,-0.41304234,-1.2162037
1751443198279,170385940,1.4199398,-0.2140588,-0.95269394
1751443198279,170385940,1.4199398,-0.2140588,-0.95269394
1751443198296,170402607,1.228717,-0.019813083,-0.79981613
1751443198296,170402607,1.228717,-0.019813083,-0.79981613
1751443198313,170419274,0.97373194,0.21715245,-0.80693054
1751443198313,170419274,0.97373194,0.21715245,-0.80693054
1751443198329,170435941,0.790845,0.58215714,-0.7344341
1751443198329,170435941,0.790845,0.58215714,-0.7344341
1751443198346,170452608,0.66740143,0.9719262,-0.5941181
1751443198346,170452608,0.66740143,0.9719262,-0.5941181
1751443198363,170469275,0.6356352,1.2365314,-0.45453358
1751443198363,170469275,0.6356352,1.2365314,-0.45453358
1751443198379,170485942,0.77357364,1.1832142,-0.12502098
1751443198379,170485942,0.77357364,1.1832142,-0.12502098
1751443198396,170502609,0.89379,0.8413193,-0.07479954
1751443198396,170502609,0.89379,0.8413193,-0.07479954
1751443198413,170519276,0.6051349,0.5077965,-0.45030499
1751443198413,170519276,0.6051349,0.5077965,-0.45030499
1751443198429,170535943,-0.2365665,0.2606113,-0.9152298
1751443198429,170535943,-0.2365665,0.2606113,-0.9152298
1751443198446,170552610,-0.35403708,0.02708206,-1.1995497
1751443198446,170552610,-0.35403708,0.02708206,-1.1995497
1751443198463,170569277,-0.3457926,-0.173649,-1.3218231
1751443198463,170569277,-0.3457926,-0.173649,-1.3218231
1751443198479,170585944,-0.34270403,-0.2849407,-1.6545324
1751443198479,170585944,-0.34270403,-0.2849407,-1.6545324
1751443198496,170602611,-0.25652644,-0.5008237,-2.1812968
1751443198496,170602611,-0.25652644,-0.5008237,-2.1812968
1751443198513,170619278,-0.49656337,-0.49600688,-2.4195366
1751443198513,170619278,-0.49656337,-0.49600688,-2.4195366
1751443198529,170635945,-0.69786435,-0.62426406,-2.4172487
1751443198529,170635945,-0.69786435,-0.62426406,-2.4172487
1751443198546,170652612,-0.8275808,-0.5016895,-2.0149412
1751443198546,170652612,-0.8275808,-0.5016895,-2.0149412
1751443198563,170669279,-0.95052516,-0.5164996,-1.6167917
1751443198563,170669279,-0.95052516,-0.5164996,-1.6167917
1751443198579,170685946,-0.9479848,-0.6067476,-1.161953
1751443198579,170685946,-0.9479848,-0.6067476,-1.161953
1751443198596,170702613,-0.4911121,-0.5238023,-0.7851095
1751443198596,170702613,-0.4911121,-0.5238023,-0.7851095
1751443198613,170719280,-0.4865918,-0.43049186,-0.7895708
1751443198613,170719280,-0.4865918,-0.43049186,-0.7895708
1751443198629,170735947,-0.83368593,-0.47375003,-0.8475466
1751443198629,170735947,-0.83368593,-0.47375003,-0.8475466
1751443198646,170752614,-1.1403863,-0.2575876,-0.789814
1751443198646,170752614,-1.1403863,-0.2575876,-0.789814
1751443198663,170769281,-1.3215877,-0.1450284,-1.0315819
1751443198663,170769281,-1.3215877,-0.1450284,-1.0315819
1751443198679,170785948,-1.6524692,-0.1882225,-1.2792759
1751443198679,170785948,-1.6524692,-0.1882225,-1.2792759
1751443198696,170802615,-1.6743232,-0.18670517,-1.2896433
1751443198696,170802615,-1.6743232,-0.18670517,-1.2896433
1751443198713,170819282,-1.5987235,-0.10631818,-0.9121189
1751443198713,170819282,-1.5987235,-0.10631818,-0.9121189
1751443198729,170835949,-1.4193416,-0.12649694,-0.5756464
1751443198729,170835949,-1.4193416,-0.12649694,-0.5756464
1751443198746,170852616,-1.4499273,-0.16445078,-0.32150936
1751443198746,170852616,-1.4499273,-0.16445078,-0.32150936
1751443198763,170869283,-1.333314,-0.13630825,-0.073456764
1751443198763,170869283,-1.333314,-0.13630825,-0.073456764
1751443198779,170885950,-1.1568263,-0.17390661,0.08135128
1751443198779,170885950,-1.1568263,-0.17390661,0.08135128
1751443198796,170902617,-1.1912875,-0.25460026,-0.023836136
1751443198796,170902617,-1.1912875,-0.25460026,-0.023836136
1751443198813,170919284,-1.3245296,-0.28404206,-0.25287342
1751443198813,170919284,-1.3245296,-0.28404206,-0.25287342
1751443198829,170935951,-1.3493173,-0.25967735,-0.40159225
1751443198829,170935951,-1.3493173,-0.25967735,-0.40159225
1751443198846,170952618,-1.357939,-0.2808201,-0.5240879
1751443198846,170952618,-1.357939,-0.2808201,-0.5240879
1751443198863,170969285,-1.2619781,-0.4103109,-0.7195358
1751443198863,170969285,-1.2619781,-0.4103109,-0.7195358
1751443198879,170985952,-1.105794,-0.5366993,-0.72151375
1751443198879,170985952,-1.105794,-0.5366993,-0.72151375
1751443198896,171002619,-0.9531939,-0.539224,-0.47663116
1751443198896,171002619,-0.9531939,-0.539224,-0.47663116
1751443198913,171019286,-0.7981568,-0.47004628,-0.23897648
1751443198913,171019286,-0.7981568,-0.47004628,-0.23897648
1751443198929,171035953,-0.68940437,-0.41996565,-0.00918293
1751443198929,171035953,-0.68940437,-0.41996565,-0.00918293
1751443198946,171052620,-0.59979934,-0.33961406,0.16196728
1751443198946,171052620,-0.59979934,-0.33961406,0.16196728
1751443198963,171069287,-0.59870666,-0.3428919,0.29181385
1751443198963,171069287,-0.59870666,-0.3428919,0.29181385
1751443198979,171085954,-0.6576331,-0.3158114,0.38756084
1751443198979,171085954,-0.6576331,-0.3158114,0.38756084
1751443198996,171102621,-0.7899541,-0.23646073,0.23825836
1751443198996,171102621,-0.7899541,-0.23646073,0.23825836
1751443199013,171119288,-0.98135227,-0.19523588,-0.16418076
1751443199013,171119288,-0.98135227,-0.19523588,-0.16418076
1751443199029,171135955,-1.1547248,-0.14201611,-0.41878414
1751443199029,171135955,-1.1547248,-0.14201611,-0.41878414
1751443199046,171152622,-1.0690817,-0.11834441,-0.42944527
1751443199046,171152622,-1.0690817,-0.11834441,-0.42944527
1751443199063,171169289,-0.8808712,-0.115382195,-0.20556927
1751443199063,171169289,-0.8808712,-0.115382195,-0.20556927
1751443199079,171185956,-0.7773369,-0.1458782,0.049776077
1751443199079,171185956,-0.7773369,-0.1458782,0.049776077
1751443199096,171202623,-0.70749104,-0.17982925,0.14365768
1751443199096,171202623,-0.70749104,-0.17982925,0.14365768
1751443199113,171219290,-0.7121486,-0.19031358,0.09958935
1751443199113,171219290,-0.7121486,-0.19031358,0.09958935
1751443199129,171235957,-0.6859126,-0.18881425,0.0937376
1751443199129,171235957,-0.6859126,-0.18881425,0.0937376
1751443199146,171252624,-0.7227228,-0.18297139,0.08167744
1751443199146,171252624,-0.7227228,-0.18297139,0.08167744
1751443199163,171269291,-0.7157904,-0.25299835,0.046920776
1751443199163,171269291,-0.7157904,-0.25299835,0.046920776
1751443199179,171285958,-0.74104124,-0.24290997,0.031555176
1751443199179,171285958,-0.74104124,-0.24290997,0.031555176
1751443199196,171302625,-0.7993958,-0.21046059,0.067687035
1751443199196,171302625,-0.7993958,-0.21046059,0.067687035
1751443199213,171319292,-0.71763885,-0.16244017,0.09279156
1751443199213,171319292,-0.71763885,-0.16244017,0.09279156
1751443199229,171335959,-0.6004197,-0.12450621,0.13887596
1751443199229,171335959,-0.6004197,-0.12450621,0.13887596
1751443199246,171352626,-0.572328,-0.20240328,0.16562462
1751443199246,171352626,-0.572328,-0.20240328,0.16562462
1751443199263,171369293,-0.6548617,-0.21881673,0.014764786
1751443199263,171369293,-0.6548617,-0.21881673,0.014764786
1751443199279,171385960,-0.70960206,-0.17307693,-0.2048378
1751443199279,171385960,-0.70960206,-0.17307693,-0.2048378
1751443199296,171402627,-0.74586445,-0.10574968,-0.25354576
1751443199296,171402627,-0.74586445,-0.10574968,-0.25354576
1751443199313,171419294,-0.6333555,-0.07764248,-0.35595036
1751443199313,171419294,-0.6333555,-0.07764248,-0.35595036
1751443199329,171435961,-0.5605781,-0.052507106,-0.28602886
1751443199329,171435961,-0.5605781,-0.052507106,-0.28602886
1751443199346,171452628,-0.43018883,-0.089409426,-0.08792019
1751443199346,171452628,-0.43018883,-0.089409426,-0.08792019
1751443199363,171469295,-0.36117613,-0.09087322,0.11285305
1751443199363,171469295,-0.36117613,-0.09087322,0.11285305
1751443199379,171485962,-0.26776296,-0.01929945,0.19209862
1751443199379,171485962,-0.26776296,-0.01929945,0.19209862
1751443199396,171502629,-0.2180988,-0.003527705,0.1855669
1751443199396,171502629,-0.2180988,-0.003527705,0.1855669
1751443199413,171519296,-0.1885326,-0.069944136,0.1735754
1751443199413,171519296,-0.1885326,-0.069944136,0.1735754
1751443199429,171535963,-0.16129205,-0.27422246,0.03306675
1751443199429,171535963,-0.16129205,-0.27422246,0.03306675
1751443199446,171552630,-0.105744734,-0.44346198,-0.09256554
1751443199446,171552630,-0.105744734,-0.44346198,-0.09256554
1751443199463,171569297,-0.17830484,-0.501336,-0.21913338
1751443199463,171569297,-0.17830484,-0.501336,-0.21913338
1751443199479,171585964,-0.2969032,-0.4220706,-0.22351933
1751443199479,171585964,-0.2969032,-0.4220706,-0.22351933
1751443199496,171602631,-0.3341845,-0.28831697,0.029857635
1751443199496,171602631,-0.3341845,-0.28831697,0.029857635
1751443199513,171619298,-0.28390676,-0.08538642,0.29304504
1751443199513,171619298,-0.28390676,-0.08538642,0.29304504
1751443199529,171635965,-0.23438472,-0.02289041,0.35966396
1751443199529,171635965,-0.23438472,-0.02289041,0.35966396
1751443199546,171652632,-0.36574894,-0.096593805,0.14490986
1751443199546,171652632,-0.36574894,-0.096593805,0.14490986
1751443199563,171669299,-0.58860683,-0.2254565,-0.2171421
1751443199563,171669299,-0.58860683,-0.2254565,-0.2171421
1751443199579,171685966,-0.82338035,-0.2894579,-0.33424377
1751443199579,171685966,-0.82338035,-0.2894579,-0.33424377
1751443199596,171702633,-0.69662684,-0.3380857,0.072984695
1751443199596,171702633,-0.69662684,-0.3380857,0.072984695
1751443199613,171719300,-0.41495848,-0.23552632,0.7119837
1751443199613,171719300,-0.41495848,-0.23552632,0.7119837
1751443199629,171735967,-0.47957298,-0.14430824,1.0467615
1751443199629,171735967,-0.47957298,-0.14430824,1.0467615
1751443199646,171752634,-0.8332,-0.14770406,0.7347603
1751443199646,171752634,-0.8332,-0.14770406,0.7347603
1751443199663,171769301,-1.2455653,-0.26055217,0.22342777
1751443199663,171769301,-1.2455653,-0.26055217,0.22342777
1751443199679,171785968,-1.3881618,-0.4325083,-0.3501215
1751443199679,171785968,-1.3881618,-0.4325083,-0.3501215
1751443199696,171802635,-1.5785058,-0.5560866,-1.2896385
1751443199696,171802635,-1.5785058,-0.5560866,-1.2896385
1751443199713,171819302,-1.7154858,-0.59968495,-2.1587744
1751443199713,171819302,-1.7154858,-0.59968495,-2.1587744
1751443199729,171835969,-1.4146451,-0.449715,-2.8087049
1751443199729,171835969,-1.4146451,-0.449715,-2.8087049
1751443199746,171852636,-1.361465,-0.44265467,-3.1972685
1751443199746,171852636,-1.361465,-0.44265467,-3.1972685
1751443199763,171869303,-0.86904794,-0.11396289,-2.0280166
1751443199763,171869303,-0.86904794,-0.11396289,-2.0280166
1751443199779,171885970,-0.02583561,0.4034856,0.39218807
1751443199779,171885970,-0.02583561,0.4034856,0.39218807
1751443199796,171902637,0.41774437,0.68576974,1.661211
1751443199796,171902637,0.41774437,0.68576974,1.661211
1751443199813,171919304,0.21429798,0.35215226,1.6609716
1751443199813,171919304,0.21429798,0.35215226,1.6609716
1751443199829,171935971,-0.2919754,-0.28215805,0.7047777
1751443199829,171935971,-0.2919754,-0.28215805,0.7047777
1751443199846,171952638,-0.5593769,-0.5145484,-0.09827232
1751443199846,171952638,-0.5593769,-0.5145484,-0.09827232
1751443199863,171969305,-0.64564484,-0.42364678,-0.0073518753
1751443199863,171969305,-0.64564484,-0.42364678,-0.0073518753
1751443199879,171985972,-0.39375815,-0.2832222,0.1189518
1751443199879,171985972,-0.39375815,-0.2832222,0.1189518
1751443199896,172002639,-0.49448693,-0.22711241,-0.83409786
1751443199896,172002639,-0.49448693,-0.22711241,-0.83409786
1751443199913,172019306,-0.91239434,-0.46139255,-2.37782
1751443199913,172019306,-0.91239434,-0.46139255,-2.37782
1751443199929,172035973,-1.0846584,-0.5958129,-3.2362761
1751443199929,172035973,-1.0846584,-0.5958129,-3.2362761
1751443199946,172052640,-0.6855947,-0.59508824,-2.5788975
1751443199946,172052640,-0.6855947,-0.59508824,-2.5788975
1751443199963,172069307,-0.09461379,-0.60928917,-1.5461397
1751443199963,172069307,-0.09461379,-0.60928917,-1.5461397
1751443199979,172085974,0.041856844,-0.54578847,-1.382987
1751443199979,172085974,0.041856844,-0.54578847,-1.382987
1751443199996,172102641,-0.4468613,-0.7083072,-1.9259257
1751443199996,172102641,-0.4468613,-0.7083072,-1.9259257
1751443200013,172119308,-0.77465904,-0.8629187,-2.5986023
1751443200013,172119308,-0.77465904,-0.8629187,-2.5986023
1751443200029,172135975,-0.75510687,-0.89336014,-2.4821992
1751443200029,172135975,-0.75510687,-0.89336014,-2.4821992
1751443200046,172152642,-0.26183572,-0.7737241,-1.5894928
1751443200046,172152642,-0.26183572,-0.7737241,-1.5894928
1751443200063,172169309,0.28706798,-0.45510525,-0.56059456
1751443200063,172169309,0.28706798,-0.45510525,-0.56059456
1751443200079,172185976,0.22920422,-0.23229232,-0.43928623
1751443200079,172185976,0.22920422,-0.23229232,-0.43928623
1751443200096,172202643,-0.06313579,-0.113822855,-0.5438328
1751443200096,172202643,-0.06313579,-0.113822855,-0.5438328
1751443200113,172219310,0.29889226,0.1554137,-0.022102356
1751443200113,172219310,0.29889226,0.1554137,-0.022102356
1751443200129,172235977,0.73493737,0.579922,0.9231491
1751443200129,172235977,0.73493737,0.579922,0.9231491
1751443200146,172252644,0.42224145,0.688917,0.8080492
1751443200146,172252644,0.42224145,0.688917,0.8080492
1751443200163,172269311,0.33183047,0.46936202,0.83783054
1751443200163,172269311,0.33183047,0.46936202,0.83783054
1751443200179,172285978,0.2843867,0.20943342,0.31059837
1751443200179,172285978,0.2843867,0.20943342,0.31059837
1751443200196,172302645,0.14470465,0.34088185,-0.18392277
1751443200196,172302645,0.14470465,0.34088185,-0.18392277
1751443200213,172319312,0.12825947,0.68143314,-0.31085587
1751443200213,172319312,0.12825947,0.68143314,-0.31085587
1751443200229,172335979,-0.060225718,0.90117353,-0.4131689
1751443200229,172335979,-0.060225718,0.90117353,-0.4131689
1751443200246,172352646,0.15191095,0.9784986,-0.3218069
1751443200246,172352646,0.15191095,0.9784986,-0.3218069
1751443200263,172369313,0.23298997,1.2011735,-0.08923054
1751443200263,172369313,0.23298997,1.2011735,-0.08923054
1751443200279,172385980,0.28867856,1.078965,-0.22277737
1751443200279,172385980,0.28867856,1.078965,-0.22277737
1751443200296,172402647,0.7194347,0.66570973,-0.37032032
1751443200296,172402647,0.7194347,0.66570973,-0.37032032
1751443200313,172419314,1.1684431,0.008001763,-0.28398132
1751443200313,172419314,1.1684431,0.008001763,-0.28398132
1751443200329,172435981,1.2750671,-0.79046875,-0.18501568
1751443200329,172435981,1.2750671,-0.79046875,-0.18501568
1751443200346,172452648,0.96019423,-1.1522934,-0.24381638
1751443200346,172452648,0.96019423,-1.1522934,-0.24381638
1751443200363,172469315,0.55724365,-1.0115134,-0.13733006
1751443200363,172469315,0.55724365,-1.0115134,-0.13733006
1751443200379,172485982,0.0474765,-0.4270167,-0.014565468
1751443200379,172485982,0.0474765,-0.4270167,-0.014565468
1751443200396,172502649,-0.06322612,-0.0007346871,-0.016988754
1751443200396,172502649,-0.06322612,-0.0007346871,-0.016988754
1751443200413,172519316,-0.23649679,0.12856588,-0.08523369
1751443200413,172519316,-0.23649679,0.12856588,-0.08523369
1751443200429,172535983,-0.4701823,0.4603093,0.087200165
1751443200429,172535983,-0.4701823,0.4603093,0.087200165
1751443200446,172552650,-0.4680703,0.63580686,0.29370213
1751443200446,172552650,-0.4680703,0.63580686,0.29370213
1751443200463,172569317,-0.35177535,0.7063234,0.31665897
1751443200463,172569317,-0.35177535,0.7063234,0.31665897
1751443200479,172585984,-0.10469512,0.6519995,0.40956116
1751443200479,172585984,-0.10469512,0.6519995,0.40956116
1751443200496,172602651,0.2920589,0.31990057,0.5173521
1751443200496,172602651,0.2920589,0.31990057,0.5173521
1751443200513,172619318,0.31586587,-0.13726445,0.51779175
1751443200513,172619318,0.31586587,-0.13726445,0.51779175
1751443200529,172635985,0.12164424,-0.37378675,0.55183125
1751443200529,172635985,0.12164424,-0.37378675,0.55183125
1751443200546,172652652,0.028782826,-0.5425407,0.6089096
1751443200546,172652652,0.028782826,-0.5425407,0.6089096
1751443200563,172669319,0.0058536367,-0.68982124,0.57553864
1751443200563,172669319,0.0058536367,-0.68982124,0.57553864
1751443200579,172685986,-0.058134183,-0.72192395,0.46336174
1751443200579,172685986,-0.058134183,-0.72192395,0.46336174
1751443200596,172702653,-0.03283601,-0.45453417,0.5828886
1751443200596,172702653,-0.03283601,-0.45453417,0.5828886
1751443200613,172719320,-0.29029998,-0.2798361,0.8603964
1751443200613,172719320,-0.29029998,-0.2798361,0.8603964
1751443200629,172735987,-0.67850184,-0.31442976,1.0472183
1751443200629,172735987,-0.67850184,-0.31442976,1.0472183
1751443200646,172752654,-0.88536435,-0.15730976,1.0430498
1751443200646,172752654,-0.88536435,-0.15730976,1.0430498
1751443200663,172769321,-0.59483814,0.2353359,0.8343973
1751443200663,172769321,-0.59483814,0.2353359,0.8343973
1751443200679,172785988,-0.036449235,0.3954313,0.616807
1751443200679,172785988,-0.036449235,0.3954313,0.616807
1751443200696,172802655,0.18061133,0.28927818,0.84012985
1751443200696,172802655,0.18061133,0.28927818,0.84012985
1751443200713,172819322,0.58199275,0.003034859,1.49331
1751443200713,172819322,0.58199275,0.003034859,1.49331
1751443200729,172835989,0.90246224,0.036318507,2.0887413
1751443200729,172835989,0.90246224,0.036318507,2.0887413
1751443200746,172852656,1.3596966,0.09152364,2.160283
1751443200746,172852656,1.3596966,0.09152364,2.160283
1751443200763,172869323,2.0759587,-0.20254521,2.104906
1751443200763,172869323,2.0759587,-0.20254521,2.104906
1751443200779,172885990,0.5296181,-0.23128618,1.6860847
1751443200779,172885990,0.5296181,-0.23128618,1.6860847
1751443200796,172902657,0.037794642,-0.035769,1.2607203
1751443200796,172902657,0.037794642,-0.035769,1.2607203
1751443200813,172919324,-0.15900812,-0.13630815,1.0543337
1751443200813,172919324,-0.15900812,-0.13630815,1.0543337
1751443200829,172935991,0.22640161,-0.10112676,0.5706482
1751443200829,172935991,0.22640161,-0.10112676,0.5706482
1751443200846,172952658,0.71759987,0.29769558,-0.032421112
1751443200846,172952658,0.71759987,0.29769558,-0.032421112
1751443200863,172969325,0.932995,0.11364723,-0.71929264
1751443200863,172969325,0.932995,0.11364723,-0.71929264
1751443200879,172985992,0.93104076,-0.03804453,-1.2305069
1751443200879,172985992,0.93104076,-0.03804453,-1.2305069
1751443200896,173002659,0.7879598,0.016563036,-1.4786787
1751443200896,173002659,0.7879598,0.016563036,-1.4786787
1751443200913,173019326,0.67753994,0.024126993,-1.4469471
1751443200913,173019326,0.67753994,0.024126993,-1.4469471
1751443200929,173035993,0.474238,0.26920944,-1.3714724
1751443200929,173035993,0.474238,0.26920944,-1.3714724
1751443200946,173052660,0.18194868,0.24513006,-1.1865578
1751443200946,173052660,0.18194868,0.24513006,-1.1865578
1751443200963,173069327,-0.07592911,0.356396,-0.9441986
1751443200963,173069327,-0.07592911,0.356396,-0.9441986
1751443200979,173085994,-0.15368265,0.3918303,-0.7156172
1751443200979,173085994,-0.15368265,0.3918303,-0.7156172
1751443200996,173102661,-0.24555348,0.41673645,-0.4601755
1751443200996,173102661,-0.24555348,0.41673645,-0.4601755
1751443201013,173119328,-0.24870147,0.41110268,-0.29620552
1751443201013,173119328,-0.24870147,0.41110268,-0.29620552
1751443201029,173135995,-0.19124906,0.4552608,-0.25322437
1751443201029,173135995,-0.19124906,0.4552608,-0.25322437
1751443201046,173152662,0.017332954,0.26851287,-0.27280426
1751443201046,173152662,0.017332954,0.26851287,-0.27280426
1751443201063,173169329,0.23979819,0.25589508,-0.26483822
1751443201063,173169329,0.23979819,0.25589508,-0.26483822
1751443201079,173185996,0.52577394,0.2627196,-0.23033142
1751443201079,173185996,0.52577394,0.2627196,-0.23033142
1751443201096,173202663,0.6972872,0.16416618,-0.28104687
1751443201096,173202663,0.6972872,0.16416618,-0.28104687
1751443201113,173219330,0.8109914,0.012235826,-0.27163982
1751443201113,173219330,0.8109914,0.012235826,-0.27163982
1751443201129,173235997,0.8584757,0.030308804,-0.40059376
1751443201129,173235997,0.8584757,0.030308804,-0.40059376
1751443201146,173252664,0.6522478,-0.07130991,-0.4741068
1751443201146,173252664,0.6522478,-0.07130991,-0.4741068
1751443201163,173269331,0.5975524,-0.16699922,-0.6704836
1751443201163,173269331,0.5975524,-0.16699922,-0.6704836
1751443201179,173285998,0.6469762,-0.13816191,-0.9881296
1751443201179,173285998,0.6469762,-0.13816191,-0.9881296
1751443201196,173302665,0.6282571,-0.30559015,-1.0221386
1751443201196,173302665,0.6282571,-0.30559015,-1.0221386
1751443201213,173319332,0.63507193,-0.2554911,-1.0282469
1751443201213,173319332,0.63507193,-0.2554911,-1.0282469
1751443201229,173335999,0.7628117,-0.1853488,-1.0030193
1751443201229,173335999,0.7628117,-0.1853488,-1.0030193
1751443201246,173352666,0.6933895,-0.081415825,-0.80017376
1751443201246,173352666,0.6933895,-0.081415825,-0.80017376
1751443201263,173369333,0.43383676,0.022262448,-0.4494114
1751443201263,173369333,0.43383676,0.022262448,-0.4494114
1751443201279,173386000,0.2336513,0.10173287,-0.024885178
1751443201279,173386000,0.2336513,0.10173287,-0.024885178
1751443201296,173402667,-0.0029900307,0.11376854,0.12750053
1751443201296,173402667,-0.0029900307,0.11376854,0.12750053
1751443201313,173419334,-0.21397278,0.24909787,0.033449173
1751443201313,173419334,-0.21397278,0.24909787,0.033449173
1751443201329,173436001,-0.23962547,0.23017311,-0.2507782
1751443201329,173436001,-0.23962547,0.23017311,-0.2507782
1751443201346,173452668,-0.21918274,0.16844286,-0.5827532
1751443201346,173452668,-0.21918274,0.16844286,-0.5827532
1751443201363,173469335,-0.17655243,0.21819371,-0.70869446
1751443201363,173469335,-0.17655243,0.21819371,-0.70869446
1751443201379,173486002,-0.041208733,0.28323174,-0.69362926
1751443201379,173486002,-0.041208733,0.28323174,-0.69362926
1751443201396,173502669,0.05346871,0.28874454,-0.5278225
1751443201396,173502669,0.05346871,0.28874454,-0.5278225
1751443201413,173519336,0.27539185,0.23378073,-0.41604805
1751443201413,173519336,0.27539185,0.23378073,-0.41604805
1751443201429,173536003,0.44824073,0.24787606,-0.37135983
1751443201429,173536003,0.44824073,0.24787606,-0.37135983
1751443201446,173552670,0.58119416,0.23860607,-0.44006062
1751443201446,173552670,0.58119416,0.23860607,-0.44006062
1751443201463,173569337,0.64767504,0.29195198,-0.53817654
1751443201463,173569337,0.64767504,0.29195198,-0.53817654
1751443201479,173586004,0.70250016,0.35907713,-0.5371103
1751443201479,173586004,0.70250016,0.35907713,-0.5371103
1751443201496,173602671,0.6050922,0.35125947,-0.5133381
1751443201496,173602671,0.6050922,0.35125947,-0.5133381
1751443201513,173619338,0.48420903,0.30840698,-0.54978657
1751443201513,173619338,0.48420903,0.30840698,-0.54978657
1751443201529,173636005,0.29813993,0.26212326,-0.5837736
1751443201529,173636005,0.29813993,0.26212326,-0.5837736
1751443201546,173652672,0.20555474,0.20416565,-0.5590372
1751443201546,173652672,0.20555474,0.20416565,-0.5590372
1751443201563,173669339,0.14044538,0.20884117,-0.44499016
1751443201563,173669339,0.14044538,0.20884117,-0.44499016
1751443201579,173686006,0.0864015,0.2075149,-0.45593357
1751443201579,173686006,0.0864015,0.2075149,-0.45593357
1751443201596,173702673,0.12063845,0.19120659,-0.52473164
1751443201596,173702673,0.12063845,0.19120659,-0.52473164
1751443201613,173719340,0.205885,0.13265043,-0.5454254
1751443201613,173719340,0.205885,0.13265043,-0.5454254
1751443201629,173736007,0.32856244,0.13153224,-0.45836735
1751443201629,173736007,0.32856244,0.13153224,-0.45836735
1751443201646,173752674,0.39775825,0.1524073,-0.5387535
1751443201646,173752674,0.39775825,0.1524073,-0.5387535
1751443201663,173769341,0.39296752,0.13918823,-0.5122156
1751443201663,173769341,0.39296752,0.13918823,-0.5122156
1751443201679,173786008,0.32370985,0.11874137,-0.45509148
1751443201679,173786008,0.32370985,0.11874137,-0.45509148
1751443201696,173802675,0.35881793,0.11369277,-0.4687538
1751443201696,173802675,0.35881793,0.11369277,-0.4687538
1751443201713,173819342,0.37169525,0.027571775,-0.48608208
1751443201713,173819342,0.37169525,0.027571775,-0.48608208
1751443201729,173836009,0.15894297,-0.063113295,-0.3992834
1751443201729,173836009,0.15894297,-0.063113295,-0.3992834
1751443201746,173852676,-0.1075428,-0.068649046,-0.39817047
1751443201746,173852676,-0.1075428,-0.068649046,-0.39817047
1751443201763,173869343,-0.12573892,-0.07010624,-0.56719875
1751443201763,173869343,-0.12573892,-0.07010624,-0.56719875
1751443201779,173886010,-0.13507588,-0.09166333,-0.4982853
1751443201779,173886010,-0.13507588,-0.09166333,-0.4982853
1751443201796,173902677,-0.031590942,-0.15211509,-0.1824913
1751443201796,173902677,-0.031590942,-0.15211509,-0.1824913
1751443201813,173919344,0.1865487,-0.20290914,-0.042294502
1751443201813,173919344,0.1865487,-0.20290914,-0.042294502
1751443201829,173936011,0.5355354,-0.2636365,-0.37739944
1751443201829,173936011,0.5355354,-0.2636365,-0.37739944
1751443201846,173952678,0.70601684,-0.28451613,-0.7350311
1751443201846,173952678,0.70601684,-0.28451613,-0.7350311
1751443201863,173969345,0.80769736,-0.26602456,-0.73346233
1751443201863,173969345,0.80769736,-0.26602456,-0.73346233
1751443201879,173986012,0.75649244,-0.12355204,-0.64717484
1751443201879,173986012,0.75649244,-0.12355204,-0.64717484
1751443201896,174002679,0.66176414,-0.039660975,-0.5497532
1751443201896,174002679,0.66176414,-0.039660975,-0.5497532
1751443201913,174019346,0.6601142,0.05378247,-0.4510727
1751443201913,174019346,0.6601142,0.05378247,-0.4510727
1751443201929,174036013,0.71320593,0.052216817,-0.59423256
1751443201929,174036013,0.71320593,0.052216817,-0.59423256
1751443201946,174052680,0.72485465,0.1313351,-0.7356472
1751443201946,174052680,0.72485465,0.1313351,-0.7356472
1751443201963,174069347,0.7855995,0.35206923,-0.52676964
1751443201963,174069347,0.7855995,0.35206923,-0.52676964
1751443201979,174086014,1.0401989,0.45147333,0.057679176
1751443201979,174086014,1.0401989,0.45147333,0.057679176
1751443201996,174102681,1.57581,0.3900329,0.43469334
1751443201996,174102681,1.57581,0.3900329,0.43469334
1751443202013,174119348,1.3631485,0.40247923,0.9258232
1751443202013,174119348,1.3631485,0.40247923,0.9258232
1751443202029,174136015,0.76649934,0.38443223,1.7401934
1751443202029,174136015,0.76649934,0.38443223,1.7401934
1751443202046,174152682,-0.35818252,0.2862478,2.2228308
1751443202046,174152682,-0.35818252,0.2862478,2.2228308
1751443202063,174169349,-0.8784928,-0.16660678,2.4186058
1751443202063,174169349,-0.8784928,-0.16660678,2.4186058
1751443202079,174186016,-0.3645715,-0.070727654,2.222454
1751443202079,174186016,-0.3645715,-0.070727654,2.222454
1751443202096,174202683,0.25165367,0.38727587,1.6905804
1751443202096,174202683,0.25165367,0.38727587,1.6905804
1751443202113,174219350,0.6738793,0.7274221,1.3034554
1751443202113,174219350,0.6738793,0.7274221,1.3034554
1751443202129,174236017,0.9814885,0.7154288,1.5370636
1751443202129,174236017,0.9814885,0.7154288,1.5370636
1751443202146,174252684,1.0677102,0.56553394,1.8888874
1751443202146,174252684,1.0677102,0.56553394,1.8888874
1751443202163,174269351,0.9129283,0.5660925,2.167491
1751443202163,174269351,0.9129283,0.5660925,2.167491
1751443202179,174286018,0.77550244,0.47470364,2.2540798
1751443202179,174286018,0.77550244,0.47470364,2.2540798
1751443202196,174302685,0.69676733,0.45352376,2.2226114
1751443202196,174302685,0.69676733,0.45352376,2.2226114
1751443202213,174319352,0.5493478,0.29323426,2.119216
1751443202213,174319352,0.5493478,0.29323426,2.119216
1751443202229,174336019,0.127692,0.25115547,1.9406672
1751443202229,174336019,0.127692,0.25115547,1.9406672
1751443202246,174352686,-0.048264436,0.30054948,1.7980194
1751443202246,174352686,-0.048264436,0.30054948,1.7980194
1751443202263,174369353,0.002586436,0.48000658,1.7224312
1751443202263,174369353,0.002586436,0.48000658,1.7224312
1751443202279,174386020,-0.0040094033,0.5411662,1.3827744
1751443202279,174386020,-0.0040094033,0.5411662,1.3827744
1751443202296,174402687,0.032563433,0.5278551,1.1973457
1751443202296,174402687,0.032563433,0.5278551,1.1973457
1751443202313,174419354,0.018823981,0.39101848,1.328599
1751443202313,174419354,0.018823981,0.39101848,1.328599
1751443202329,174436021,0.08845662,0.2584734,0.8261204
1751443202329,174436021,0.08845662,0.2584734,0.8261204
1751443202346,174452688,0.050841767,-0.05261875,0.38913727
1751443202346,174452688,0.050841767,-0.05261875,0.38913727
1751443202363,174469355,0.04361836,-0.11413074,-0.002688408
1751443202363,174469355,0.04361836,-0.11413074,-0.002688408
1751443202379,174486022,0.061358582,-0.010235553,-0.44304276
1751443202379,174486022,0.061358582,-0.010235553,-0.44304276
1751443202396,174502689,0.08110861,0.17073976,-0.5163393
1751443202396,174502689,0.08110861,0.17073976,-0.5163393
1751443202413,174519356,0.336691,0.2505911,-0.9382372
1751443202413,174519356,0.336691,0.2505911,-0.9382372
1751443202429,174536023,0.44618613,0.26428595,-1.4291754
1751443202429,174536023,0.44618613,0.26428595,-1.4291754
1751443202446,174552690,0.41830656,0.35332078,-1.4636002
1751443202446,174552690,0.41830656,0.35332078,-1.4636002
1751443202463,174569357,0.6312741,0.3973637,-0.95033455
1751443202463,174569357,0.6312741,0.3973637,-0.95033455
1751443202479,174586024,1.2075775,0.47101018,-0.7476311
1751443202479,174586024,1.2075775,0.47101018,-0.7476311
1751443202496,174602691,1.2073174,0.84045094,-0.8652296
1751443202496,174602691,1.2073174,0.84045094,-0.8652296
1751443202513,174619358,1.2115017,0.6771519,-1.1303434
1751443202513,174619358,1.2115017,0.6771519,-1.1303434
1751443202529,174636025,1.181706,0.5698171,-1.0997629
1751443202529,174636025,1.181706,0.5698171,-1.0997629
1751443202546,174652692,1.2526995,0.4412604,-0.58673
1751443202546,174652692,1.2526995,0.4412604,-0.58673
1751443202563,174669359,1.213916,0.20244697,-0.19134521
1751443202563,174669359,1.213916,0.20244697,-0.19134521
1751443202579,174686026,0.75993353,0.015160884,-0.43322754
1751443202579,174686026,0.75993353,0.015160884,-0.43322754
1751443202596,174702693,0.06928424,-0.12912947,-1.1875763
1751443202596,174702693,0.06928424,-0.12912947,-1.1875763
1751443202613,174719360,-0.3277613,-0.33182812,-1.5806961
1751443202613,174719360,-0.3277613,-0.33182812,-1.5806961
1751443202629,174736027,-0.43205282,-0.5481883,-1.8949561
1751443202629,174736027,-0.43205282,-0.5481883,-1.8949561
1751443202646,174752694,-0.8068352,-0.68847835,-2.155572
1751443202646,174752694,-0.8068352,-0.68847835,-2.155572
1751443202663,174769361,-1.0366064,-0.6628983,-2.2012305
1751443202663,174769361,-1.0366064,-0.6628983,-2.2012305
1751443202679,174786028,-1.1026804,-0.4195487,-2.011417
1751443202679,174786028,-1.1026804,-0.4195487,-2.011417
1751443202696,174802695,-1.0133898,-0.29842567,-1.8181882
1751443202696,174802695,-1.0133898,-0.29842567,-1.8181882
1751443202713,174819362,-0.8867832,-0.43756795,-1.8339796
1751443202713,174819362,-0.8867832,-0.43756795,-1.8339796
1751443202729,174836029,-0.9684081,-0.15509553,-1.577939
1751443202729,174836029,-0.9684081,-0.15509553,-1.577939
1751443202746,174852696,-0.9944981,-0.21197422,-1.3810444
1751443202746,174852696,-0.9944981,-0.21197422,-1.3810444
1751443202763,174869363,-1.3373274,-0.40961197,-1.3318634
1751443202763,174869363,-1.3373274,-0.40961197,-1.3318634
1751443202779,174886030,-1.5126475,-0.6224646,-1.4361601
1751443202779,174886030,-1.5126475,-0.6224646,-1.4361601
1751443202796,174902697,-1.8293389,-0.72151613,-1.8109598
1751443202796,174902697,-1.8293389,-0.72151613,-1.8109598
1751443202813,174919364,-2.180098,-0.85994774,-1.9472694
1751443202813,174919364,-2.180098,-0.85994774,-1.9472694
1751443202829,174936031,-1.8955466,-0.81877655,-1.5453033
1751443202829,174936031,-1.8955466,-0.81877655,-1.5453033
1751443202846,174952698,-1.6965442,-0.6744146,-0.9363737
1751443202846,174952698,-1.6965442,-0.6744146,-0.9363737
1751443202863,174969365,-1.6396587,-0.58011794,-0.7027216
1751443202863,174969365,-1.6396587,-0.58011794,-0.7027216
1751443202879,174986032,-1.7517171,-0.52980304,-0.8966465
1751443202879,174986032,-1.7517171,-0.52980304,-0.8966465
1751443202896,175002699,-1.9600393,-0.41325143,-1.1882792
1751443202896,175002699,-1.9600393,-0.41325143,-1.1882792
1751443202913,175019366,-1.8958025,-0.33288231,-1.1045218
1751443202913,175019366,-1.8958025,-0.33288231,-1.1045218
1751443202929,175036033,-1.532936,-0.2823486,-0.622983
1751443202929,175036033,-1.532936,-0.2823486,-0.622983
1751443202946,175052700,-1.075425,-0.18892488,-0.053671837
1751443202946,175052700,-1.075425,-0.18892488,-0.053671837
1751443202963,175069367,-0.68132037,-0.18042335,0.29083252
1751443202963,175069367,-0.68132037,-0.18042335,0.29083252
1751443202979,175086034,-0.5783919,-0.25811958,0.2532215
1751443202979,175086034,-0.5783919,-0.25811958,0.2532215
1751443202996,175102701,-0.71649003,-0.24574657,0.06773186
1751443202996,175102701,-0.71649003,-0.24574657,0.06773186
1751443203013,175119368,-0.7185243,-0.20641947,0.042217255
1751443203013,175119368,-0.7185243,-0.20641947,0.042217255
1751443203029,175136035,-0.63618255,-0.25647753,0.21101761
1751443203029,175136035,-0.63618255,-0.25647753,0.21101761
1751443203046,175152702,-0.6716712,-0.3093749,0.18494034
1751443203046,175152702,-0.6716712,-0.3093749,0.18494034
1751443203063,175169369,-0.69853735,-0.32102853,0.032046318
1751443203063,175169369,-0.69853735,-0.32102853,0.032046318
1751443203079,175186036,-0.7410092,-0.41072753,-0.12768269
1751443203079,175186036,-0.7410092,-0.41072753,-0.12768269
1751443203096,175202703,-0.88061565,-0.4706139,-0.12921047
1751443203096,175202703,-0.88061565,-0.4706139,-0.12921047
1751443203113,175219370,-0.8984368,-0.25348637,0.03240013
1751443203113,175219370,-0.8984368,-0.25348637,0.03240013
1751443203129,175236037,-0.9532824,-0.0990567,0.07793808
1751443203129,175236037,-0.9532824,-0.0990567,0.07793808
1751443203146,175252704,-1.1128098,-0.03599732,-0.037150383
1751443203146,175252704,-1.1128098,-0.03599732,-0.037150383
1751443203163,175269371,-1.2520663,0.0069565056,-0.19556999
1751443203163,175269371,-1.2520663,0.0069565056,-0.19556999
1751443203179,175286038,-1.1502097,0.108016774,-0.2084837
1751443203179,175286038,-1.1502097,0.108016774,-0.2084837
1751443203196,175302705,-1.0256236,0.16090429,-0.14370441
1751443203196,175302705,-1.0256236,0.16090429,-0.14370441
1751443203213,175319372,-1.0272461,0.10664753,-0.068823814
1751443203213,175319372,-1.0272461,0.10664753,-0.068823814
1751443203229,175336039,-1.1778392,0.009638549,0.078736305
1751443203229,175336039,-1.1778392,0.009638549,0.078736305
1751443203246,175352706,-1.1728724,-0.11261834,0.13363075
1751443203246,175352706,-1.1728724,-0.11261834,0.13363075
1751443203263,175369373,-1.0557961,-0.19675241,0.16723919
1751443203263,175369373,-1.0557961,-0.19675241,0.16723919
1751443203279,175386040,-1.0563158,-0.18294121,0.20871449
1751443203279,175386040,-1.0563158,-0.18294121,0.20871449
1751443203296,175402707,-0.9341862,-0.24386482,-0.11919403
1751443203296,175402707,-0.9341862,-0.24386482,-0.11919403
1751443203313,175419374,-0.98705816,-0.21830566,-0.5323162
1751443203313,175419374,-0.98705816,-0.21830566,-0.5323162
1751443203329,175436041,-1.0745819,-0.12748039,-0.7645931
1751443203329,175436041,-1.0745819,-0.12748039,-0.7645931
1751443203346,175452708,-1.0872971,-0.089311086,-0.60839176
1751443203346,175452708,-1.0872971,-0.089311086,-0.60839176
1751443203363,175469375,-1.0346836,-0.14751308,-0.2500744
1751443203363,175469375,-1.0346836,-0.14751308,-0.2500744
1751443203379,175486042,-1.0143023,-0.24206509,-0.105205536
1751443203379,175486042,-1.0143023,-0.24206509,-0.105205536
1751443203396,175502709,-1.0243715,-0.33523735,-0.15187263
1751443203396,175502709,-1.0243715,-0.33523735,-0.15187263
1751443203413,175519376,-1.237291,-0.3844157,-0.42749405
1751443203413,175519376,-1.237291,-0.3844157,-0.42749405
1751443203429,175536043,-1.358066,-0.4613171,-0.69537544
1751443203429,175536043,-1.358066,-0.4613171,-0.69537544
1751443203446,175552710,-1.3501912,-0.53757495,-0.7611189
1751443203446,175552710,-1.3501912,-0.53757495,-0.7611189
1751443203463,175569377,-1.4259586,-0.5510346,-0.65332603
1751443203463,175569377,-1.4259586,-0.5510346,-0.65332603
1751443203479,175586044,-1.4717195,-0.5354217,-0.65716267
1751443203479,175586044,-1.4717195,-0.5354217,-0.65716267
1751443203496,175602711,-1.5682706,-0.51788676,-0.9893656
1751443203496,175602711,-1.5682706,-0.51788676,-0.9893656
1751443203513,175619378,-1.7597566,-0.45987445,-1.3754215
1751443203513,175619378,-1.7597566,-0.45987445,-1.3754215
1751443203529,175636045,-1.8581145,-0.5211776,-1.9540591
1751443203529,175636045,-1.8581145,-0.5211776,-1.9540591
1751443203546,175652712,-1.6769686,-0.5301183,-2.2615771
1751443203546,175652712,-1.6769686,-0.5301183,-2.2615771
1751443203563,175669379,-1.3500222,-0.6327009,-2.2799668
1751443203563,175669379,-1.3500222,-0.6327009,-2.2799668
1751443203579,175686046,-1.1379273,-0.32904717,-1.6216555
1751443203579,175686046,-1.1379273,-0.32904717,-1.6216555
1751443203596,175702713,-0.8704238,-0.20424211,-0.8722944
1751443203596,175702713,-0.8704238,-0.20424211,-0.8722944
1751443203613,175719380,-0.90939844,0.072001345,-0.73990536
1751443203613,175719380,-0.90939844,0.072001345,-0.73990536
1751443203629,175736047,-1.1203029,0.3166547,-0.80293465
1751443203629,175736047,-1.1203029,0.3166547,-0.80293465
1751443203646,175752714,-1.2253588,0.71672827,-1.0690689
1751443203646,175752714,-1.2253588,0.71672827,-1.0690689
1751443203663,175769381,-0.8446551,0.72695625,-0.9287672
1751443203663,175769381,-0.8446551,0.72695625,-0.9287672
1751443203680,175786048,0.1412232,0.6472696,0.0013256073
1751443203680,175786048,0.1412232,0.6472696,0.0013256073
1751443203696,175802715,1.2029221,0.35362947,1.1052847
1751443203696,175802715,1.2029221,0.35362947,1.1052847
1751443203713,175819382,1.3447803,-0.00033459888,1.0706358
1751443203713,175819382,1.3447803,-0.00033459888,1.0706358
1751443203730,175836049,0.8659121,-0.4334873,-0.15347004
1751443203730,175836049,0.8659121,-0.4334873,-0.15347004
1751443203746,175852716,0.3888745,-0.6903657,-1.4896183
1751443203746,175852716,0.3888745,-0.6903657,-1.4896183
1751443203763,175869383,0.5689681,-0.59596163,-1.571311
1751443203763,175869383,0.5689681,-0.59596163,-1.571311
1751443203780,175886050,0.99865955,-0.25174153,-1.037034
1751443203780,175886050,0.99865955,-0.25174153,-1.037034
1751443203796,175902717,1.2666374,0.06231921,-0.40391922
1751443203796,175902717,1.2666374,0.06231921,-0.40391922
1751443203813,175919384,1.7935364,-0.057270724,0.5231581
1751443203813,175919384,1.7935364,-0.057270724,0.5231581
1751443203830,175936051,1.0046985,-0.7368576,-0.31006908
1751443203830,175936051,1.0046985,-0.7368576,-0.31006908
1751443203846,175952718,0.7282263,-0.941342,-0.74981403
1751443203846,175952718,0.7282263,-0.941342,-0.74981403
1751443203863,175969385,0.54029876,-0.4029526,-1.1627951
1751443203863,175969385,0.54029876,-0.4029526,-1.1627951
1751443203880,175986052,0.40799883,0.122693524,-1.5410652
1751443203880,175986052,0.40799883,0.122693524,-1.5410652
1751443203896,176002719,0.62859243,0.47344056,-1.2365723
1751443203896,176002719,0.62859243,0.47344056,-1.2365723
1751443203913,176019386,0.43057477,0.52735466,-0.7698622
1751443203913,176019386,0.43057477,0.52735466,-0.7698622
1751443203930,176036053,0.17006254,0.5460903,-0.6259203
1751443203930,176036053,0.17006254,0.5460903,-0.6259203
1751443203946,176052720,0.13058914,0.21157077,-0.22414398
1751443203946,176052720,0.13058914,0.21157077,-0.22414398
1751443203963,176069387,0.23362814,-0.04390398,0.07970524
1751443203963,176069387,0.23362814,-0.04390398,0.07970524
1751443203980,176086054,0.19273324,0.0102393525,-0.2618065
1751443203980,176086054,0.19273324,0.0102393525,-0.2618065
1751443203996,176102721,0.24366017,0.6276862,-0.035954475
1751443203996,176102721,0.24366017,0.6276862,-0.035954475
1751443204013,176119388,0.26605636,0.9994309,0.6103735
1751443204013,176119388,0.26605636,0.9994309,0.6103735
1751443204030,176136055,-0.03300884,0.7852535,0.7339382
1751443204030,176136055,-0.03300884,0.7852535,0.7339382
1751443204046,176152722,-0.34541428,0.14880376,0.42290306
1751443204046,176152722,-0.34541428,0.14880376,0.42290306
1751443204063,176169389,-0.39141414,-0.20296206,0.08148384
1751443204063,176169389,-0.39141414,-0.20296206,0.08148384
1751443204080,176186056,-0.24653353,-0.25351042,-0.18642807
1751443204080,176186056,-0.24653353,-0.25351042,-0.18642807
1751443204096,176202723,0.011899439,-0.11478977,-0.23602676
1751443204096,176202723,0.011899439,-0.11478977,-0.23602676
1751443204113,176219390,0.10609207,-0.19309664,-0.09059811
1751443204113,176219390,0.10609207,-0.19309664,-0.09059811
1751443204130,176236057,0.1198731,0.0015973353,0.36443424
1751443204130,176236057,0.1198731,0.0015973353,0.36443424
1751443204146,176252724,0.058082607,0.19835947,1.0507708
1751443204146,176252724,0.058082607,0.19835947,1.0507708
1751443204163,176269391,-0.00027684873,0.22476128,1.4022923
1751443204163,176269391,-0.00027684873,0.22476128,1.4022923
1751443204180,176286058,0.051572766,0.020785363,1.532177
1751443204180,176286058,0.051572766,0.020785363,1.532177
1751443204196,176302725,-0.14973441,-0.44568026,1.3955584
1751443204196,176302725,-0.14973441,-0.44568026,1.3955584
1751443204213,176319392,-0.25090107,-0.5470208,1.1257334
1751443204213,176319392,-0.25090107,-0.5470208,1.1257334
1751443204230,176336059,-0.3578007,-0.47766563,1.0344467
1751443204230,176336059,-0.3578007,-0.47766563,1.0344467
1751443204246,176352726,-0.34628704,-0.4013145,0.9387245
1751443204246,176352726,-0.34628704,-0.4013145,0.9387245
1751443204263,176369393,-0.29062214,-0.25000718,0.9087219
1751443204263,176369393,-0.29062214,-0.25000718,0.9087219
1751443204280,176386060,-0.1654922,-0.10038973,0.8182163
1751443204280,176386060,-0.1654922,-0.10038973,0.8182163
1751443204296,176402727,0.22999758,0.3705647,0.5217457
1751443204296,176402727,0.22999758,0.3705647,0.5217457
1751443204313,176419394,0.9290803,0.5756953,0.4813118
1751443204313,176419394,0.9290803,0.5756953,0.4813118
1751443204330,176436061,0.91379666,0.40280643,1.2942743
1751443204330,176436061,0.91379666,0.40280643,1.2942743
1751443204346,176452728,0.5137673,0.2738693,1.9206419
1751443204346,176452728,0.5137673,0.2738693,1.9206419
1751443204363,176469395,1.1499491,0.15403217,2.05645
1751443204363,176469395,1.1499491,0.15403217,2.05645
1751443204380,176486062,0.7915178,0.51592386,1.8770905
1751443204380,176486062,0.7915178,0.51592386,1.8770905
1751443204396,176502729,-0.056990467,-0.02343634,1.4548321
1751443204396,176502729,-0.056990467,-0.02343634,1.4548321
1751443204413,176519396,-0.7167015,-0.5446149,1.3923407
1751443204413,176519396,-0.7167015,-0.5446149,1.3923407
1751443204430,176536063,-0.50881124,-0.1734028,1.3777971
1751443204430,176536063,-0.50881124,-0.1734028,1.3777971
1751443204446,176552730,0.31835464,0.057086326,1.0128078
1751443204446,176552730,0.31835464,0.057086326,1.0128078
1751443204463,176569397,1.1018811,0.55686146,0.47493553
1751443204463,176569397,1.1018811,0.55686146,0.47493553
1751443204480,176586064,1.1929977,0.48370495,-0.0472641
1751443204480,176586064,1.1929977,0.48370495,-0.0472641
1751443204496,176602731,1.062545,0.48266917,-0.54842186
1751443204496,176602731,1.062545,0.48266917,-0.54842186
1751443204513,176619398,0.9123164,0.3911837,-0.8072624
1751443204513,176619398,0.9123164,0.3911837,-0.8072624
1751443204530,176636065,0.58582866,0.36931202,-0.9306822
1751443204530,176636065,0.58582866,0.36931202,-0.9306822
1751443204546,176652732,0.14141646,0.30602053,-1.0850477
1751443204546,176652732,0.14141646,0.30602053,-1.0850477
1751443204563,176669399,-0.13787487,0.17545477,-1.1560287
1751443204563,176669399,-0.13787487,0.17545477,-1.1560287
1751443204580,176686066,-0.31626892,0.349786,-1.2236814
1751443204580,176686066,-0.31626892,0.349786,-1.2236814
1751443204596,176702733,-0.2254182,0.4333838,-1.2303343
1751443204596,176702733,-0.2254182,0.4333838,-1.2303343
1751443204613,176719400,0.0871672,0.52466255,-1.138279
1751443204613,176719400,0.0871672,0.52466255,-1.138279
1751443204630,176736067,0.3070703,0.60539377,-0.9451351
1751443204630,176736067,0.3070703,0.60539377,-0.9451351
1751443204646,176752734,0.5776538,0.65355283,-0.54730797
1751443204646,176752734,0.5776538,0.65355283,-0.54730797
1751443204663,176769401,0.74989635,0.6666807,-0.30834007
1751443204663,176769401,0.74989635,0.6666807,-0.30834007
1751443204680,176786068,0.6052446,0.4017052,-0.011138916
1751443204680,176786068,0.6052446,0.4017052,-0.011138916
1751443204696,176802735,0.41706187,0.30612504,-0.028217316
1751443204696,176802735,0.41706187,0.30612504,-0.028217316
1751443204713,176819402,0.3524975,0.10288357,-0.06994915
1751443204713,176819402,0.3524975,0.10288357,-0.06994915
1751443204730,176836069,0.43980628,-0.1579124,-0.2446146
1751443204730,176836069,0.43980628,-0.1579124,-0.2446146
1751443204746,176852736,0.43541032,-0.19435418,-0.3936367
1751443204746,176852736,0.43541032,-0.19435418,-0.3936367
1751443204763,176869403,0.60066277,-0.14648727,-0.51953316
1751443204763,176869403,0.60066277,-0.14648727,-0.51953316
1751443204780,176886070,0.8350711,-0.15691951,-0.44710636
1751443204780,176886070,0.8350711,-0.15691951,-0.44710636
1751443204796,176902737,0.8006531,-0.05565864,-0.33218193
1751443204796,176902737,0.8006531,-0.05565864,-0.33218193
1751443204813,176919404,0.7681687,0.085398376,-0.3502512
1751443204813,176919404,0.7681687,0.085398376,-0.3502512
1751443204830,176936071,0.8173651,0.16134892,-0.3442297
1751443204830,176936071,0.8173651,0.16134892,-0.3442297
1751443204846,176952738,0.729917,0.11620428,-0.04360485
1751443204846,176952738,0.729917,0.11620428,-0.04360485
1751443204863,176969405,0.5948764,-0.056325544,0.06812382
1751443204863,176969405,0.5948764,-0.056325544,0.06812382
1751443204880,176986072,0.30339974,-0.054507267,-0.26241684
1751443204880,176986072,0.30339974,-0.054507267,-0.26241684
1751443204896,177002739,0.19322205,-0.10607914,-0.8480358
1751443204896,177002739,0.19322205,-0.10607914,-0.8480358
1751443204913,177019406,0.44336447,-0.18706392,-1.0513468
1751443204913,177019406,0.44336447,-0.18706392,-1.0513468
1751443204930,177036073,0.1482899,-0.14164558,-0.9220009
1751443204930,177036073,0.1482899,-0.14164558,-0.9220009
1751443204946,177052740,0.1984301,-0.049882673,-0.8399439
1751443204946,177052740,0.1984301,-0.049882673,-0.8399439
1751443204963,177069407,0.02448882,-0.1461692,-0.5226383
1751443204963,177069407,0.02448882,-0.1461692,-0.5226383
1751443204980,177086074,-0.12939432,-0.1719987,-0.39425182
1751443204980,177086074,-0.12939432,-0.1719987,-0.39425182
1751443204996,177102741,-0.11449775,-0.15846342,-0.4528675
1751443204996,177102741,-0.11449775,-0.15846342,-0.4528675
1751443205013,177119408,-0.05442257,-0.011201967,-0.6310444
1751443205013,177119408,-0.05442257,-0.011201967,-0.6310444
1751443205030,177136075,0.07635288,0.017979326,-0.6032047
1751443205030,177136075,0.07635288,0.017979326,-0.6032047
1751443205046,177152742,0.28338236,0.052531186,-0.5304308
1751443205046,177152742,0.28338236,0.052531186,-0.5304308
1751443205063,177169409,0.3711311,0.14155908,-0.5241394
1751443205063,177169409,0.3711311,0.14155908,-0.5241394
1751443205080,177186076,0.40857872,0.2332425,-0.5586462
1751443205080,177186076,0.40857872,0.2332425,-0.5586462
1751443205096,177202743,0.355544,0.30329594,-0.59306145
1751443205096,177202743,0.355544,0.30329594,-0.59306145
1751443205113,177219410,0.3337639,0.450244,-0.5300598
1751443205113,177219410,0.3337639,0.450244,-0.5300598
1751443205130,177236077,0.27927285,0.49487063,-0.38031292
1751443205130,177236077,0.27927285,0.49487063,-0.38031292
1751443205146,177252744,0.16737726,0.4527907,-0.2591486
1751443205146,177252744,0.16737726,0.4527907,-0.2591486
1751443205163,177269411,0.14878839,0.41425472,-0.38699818
1751443205163,177269411,0.14878839,0.41425472,-0.38699818
1751443205180,177286078,0.20746247,0.33629823,-0.56084347
1751443205180,177286078,0.20746247,0.33629823,-0.56084347
1751443205196,177302745,0.2364857,0.22011559,-0.66314507
1751443205196,177302745,0.2364857,0.22011559,-0.66314507
1751443205213,177319412,0.22952785,0.16692892,-0.65931416
1751443205213,177319412,0.22952785,0.16692892,-0.65931416
1751443205230,177336079,0.20563874,0.09510476,-0.5528326
1751443205230,177336079,0.20563874,0.09510476,-0.5528326
1751443205246,177352746,0.1732138,0.09277023,-0.4706211
1751443205246,177352746,0.1732138,0.09277023,-0.4706211
1751443205263,177369413,0.16359213,0.12354869,-0.41402245
1751443205263,177369413,0.16359213,0.12354869,-0.41402245
1751443205280,177386080,0.22286178,0.1602615,-0.39531326
1751443205280,177386080,0.22286178,0.1602615,-0.39531326
1751443205296,177402747,0.24768996,0.2039983,-0.4926796
1751443205296,177402747,0.24768996,0.2039983,-0.4926796
1751443205313,177419414,0.27836993,0.20461544,-0.6581955
1751443205313,177419414,0.27836993,0.20461544,-0.6581955
1751443205330,177436081,0.32738397,0.20250294,-0.65990543
1751443205330,177436081,0.32738397,0.20250294,-0.65990543
1751443205346,177452748,0.35630104,0.16833813,-0.62018394
1751443205346,177452748,0.35630104,0.16833813,-0.62018394
1751443205363,177469415,0.33176246,0.15016785,-0.5514822
1751443205363,177469415,0.33176246,0.15016785,-0.5514822
1751443205380,177486082,0.16713177,0.13759178,-0.3416319
1751443205380,177486082,0.16713177,0.13759178,-0.3416319
1751443205396,177502749,0.12079885,0.13976707,-0.28409576
1751443205396,177502749,0.12079885,0.13976707,-0.28409576
1751443205413,177519416,0.09980477,0.077747695,-0.3546648
1751443205413,177519416,0.09980477,0.077747695,-0.3546648
1751443205430,177536083,0.16545029,0.054106675,-0.4504881
1751443205430,177536083,0.16545029,0.054106675,-0.4504881
1751443205446,177552750,0.18647766,-0.0396978,-0.49798965
1751443205446,177552750,0.18647766,-0.0396978,-0.49798965
1751443205463,177569417,0.19990994,-0.053747322,-0.45222378
1751443205463,177569417,0.19990994,-0.053747322,-0.45222378
1751443205480,177586084,0.22742139,-0.07292149,-0.4598236
1751443205480,177586084,0.22742139,-0.07292149,-0.4598236
1751443205496,177602751,0.17035393,-0.046377596,-0.4627247
1751443205496,177602751,0.17035393,-0.046377596,-0.4627247
1751443205513,177619418,0.03182718,-0.060257696,-0.5171108
1751443205513,177619418,0.03182718,-0.060257696,-0.5171108
1751443205530,177636085,-0.14672488,-0.124120206,-0.61679935
1751443205530,177636085,-0.14672488,-0.124120206,-0.61679935
1751443205546,177652752,0.08722083,-0.054004196,-0.6880636
1751443205546,177652752,0.08722083,-0.054004196,-0.6880636
1751443205563,177669419,0.4311349,0.12632935,-0.5925827
1751443205563,177669419,0.4311349,0.12632935,-0.5925827
1751443205580,177686086,0.71823984,0.16982491,-0.40246105
1751443205580,177686086,0.71823984,0.16982491,-0.40246105
1751443205596,177702753,0.8000162,0.24720421,-0.44468594
1751443205596,177702753,0.8000162,0.24720421,-0.44468594
1751443205613,177719420,0.82274234,0.20927283,-0.71572495
1751443205613,177719420,0.82274234,0.20927283,-0.71572495
1751443205630,177736087,0.8721431,0.15903461,-0.7541418
1751443205630,177736087,0.8721431,0.15903461,-0.7541418
1751443205646,177752754,0.98840535,0.016783811,-0.80923367
1751443205646,177752754,0.98840535,0.016783811,-0.80923367
1751443205663,177769421,1.0417473,-0.10416424,-1.0790491
1751443205663,177769421,1.0417473,-0.10416424,-1.0790491
1751443205680,177786088,1.1069155,0.008472761,-0.91735077
1751443205680,177786088,1.1069155,0.008472761,-0.91735077
1751443205696,177802755,1.3156404,0.28138337,-0.15774918
1751443205696,177802755,1.3156404,0.28138337,-0.15774918
1751443205713,177819422,1.2106718,0.43222523,0.58056927
1751443205713,177819422,1.2106718,0.43222523,0.58056927
1751443205730,177836089,0.6025872,0.56310046,0.9458914
1751443205730,177836089,0.6025872,0.56310046,0.9458914
1751443205746,177852756,0.20326844,0.6411556,1.4520445
1751443205746,177852756,0.20326844,0.6411556,1.4520445
1751443205763,177869423,-0.03871915,0.5235536,1.731739
1751443205763,177869423,-0.03871915,0.5235536,1.731739
1751443205780,177886090,-0.08623403,-0.18416752,1.9054985
1751443205780,177886090,-0.08623403,-0.18416752,1.9054985
1751443205796,177902757,0.13561104,-0.2991808,1.5528297
1751443205796,177902757,0.13561104,-0.2991808,1.5528297
1751443205813,177919424,0.41792136,-0.109342426,1.1872692
1751443205813,177919424,0.41792136,-0.109342426,1.1872692
1751443205830,177936091,-0.35847846,0.17609513,1.0382042
1751443205830,177936091,-0.35847846,0.17609513,1.0382042
1751443205846,177952758,-0.9708932,-0.115358725,1.1457825
1751443205846,177952758,-0.9708932,-0.115358725,1.1457825
1751443205863,177969425,-0.23634051,-0.019107675,1.2843828
1751443205863,177969425,-0.23634051,-0.019107675,1.2843828
1751443205880,177986092,0.30578753,0.1762118,1.436656
1751443205880,177986092,0.30578753,0.1762118,1.436656
1751443205896,178002759,0.07152504,0.30621287,1.4400606
1751443205896,178002759,0.07152504,0.30621287,1.4400606
1751443205913,178019426,-0.19933131,0.2572349,1.3474483
1751443205913,178019426,-0.19933131,0.2572349,1.3474483
1751443205930,178036093,-0.25930575,0.16086093,1.2490177
1751443205930,178036093,-0.25930575,0.16086093,1.2490177
1751443205946,178052760,-0.20354986,0.25360796,0.92130375
1751443205946,178052760,-0.20354986,0.25360796,0.92130375
1751443205963,178069427,-0.0012581544,0.43867087,0.98319244
1751443205963,178069427,-0.0012581544,0.43867087,0.98319244
1751443205980,178086094,0.04343924,0.5648534,1.326273
1751443205980,178086094,0.04343924,0.5648534,1.326273
1751443205996,178102761,-0.27574617,0.52212334,1.3923616
1751443205996,178102761,-0.27574617,0.52212334,1.3923616
1751443206013,178119428,-0.48920995,0.30637848,1.4662638
1751443206013,178119428,-0.48920995,0.30637848,1.4662638
1751443206030,178136095,-0.4632225,0.24782781,1.4852257
1751443206030,178136095,-0.4632225,0.24782781,1.4852257
1751443206046,178152762,-0.38772795,0.35758182,1.3012829
1751443206046,178152762,-0.38772795,0.35758182,1.3012829
1751443206063,178169429,-0.14528705,0.38958442,1.0920076
1751443206063,178169429,-0.14528705,0.38958442,1.0920076
1751443206080,178186096,0.11014886,0.3255131,0.8512163
1751443206080,178186096,0.11014886,0.3255131,0.8512163
1751443206096,178202763,0.26211074,0.25487384,0.6391878
1751443206096,178202763,0.26211074,0.25487384,0.6391878
1751443206113,178219430,0.52790767,0.2991647,0.433465
1751443206113,178219430,0.52790767,0.2991647,0.433465
1751443206130,178236097,0.8092787,0.43091667,0.28015804
1751443206130,178236097,0.8092787,0.43091667,0.28015804
1751443206146,178252764,1.0309666,0.40931168,0.10817814
1751443206146,178252764,1.0309666,0.40931168,0.10817814
1751443206163,178269431,1.0969887,0.2661409,0.34526062
1751443206163,178269431,1.0969887,0.2661409,0.34526062
1751443206180,178286098,0.85947895,0.054083765,0.2581253
1751443206180,178286098,0.85947895,0.054083765,0.2581253
1751443206196,178302765,0.67652,0.016214188,0.13850498
1751443206196,178302765,0.67652,0.016214188,0.13850498
1751443206213,178319432,0.8035899,0.006960417,-0.07126427
1751443206213,178319432,0.8035899,0.006960417,-0.07126427
1751443206230,178336099,1.0849512,0.1742697,-0.289196
1751443206230,178336099,1.0849512,0.1742697,-0.289196
1751443206246,178352766,1.5342921,0.44389316,-0.42483616
1751443206246,178352766,1.5342921,0.44389316,-0.42483616
1751443206263,178369433,1.7839065,0.62398344,-0.30008316
1751443206263,178369433,1.7839065,0.62398344,-0.30008316
1751443206280,178386100,1.5781729,0.56806284,-0.46548557
1751443206280,178386100,1.5781729,0.56806284,-0.46548557
1751443206296,178402767,1.3252944,0.65045446,-0.46057034
1751443206296,178402767,1.3252944,0.65045446,-0.46057034
1751443206313,178419434,1.4049059,0.54844356,-0.27491474
1751443206313,178419434,1.4049059,0.54844356,-0.27491474
1751443206330,178436101,1.3161354,0.5639117,-0.14185333
1751443206330,178436101,1.3161354,0.5639117,-0.14185333
1751443206346,178452768,1.4500026,0.45499963,0.064398766
1751443206346,178452768,1.4500026,0.45499963,0.064398766
1751443206363,178469435,1.5588655,0.47722653,-0.055747032
1751443206363,178469435,1.5588655,0.47722653,-0.055747032
1751443206380,178486102,1.3843383,0.3525586,-0.25426102
1751443206380,178486102,1.3843383,0.3525586,-0.25426102
1751443206396,178502769,0.945904,0.05874915,-0.58241177
1751443206396,178502769,0.945904,0.05874915,-0.58241177
1751443206413,178519436,0.26400778,-0.12714814,-1.2622433
1751443206413,178519436,0.26400778,-0.12714814,-1.2622433
1751443206430,178536103,-0.26049173,-0.042068604,-1.7819309
1751443206430,178536103,-0.26049173,-0.042068604,-1.7819309
1751443206446,178552770,-0.6197154,-0.025825469,-2.872521
1751443206446,178552770,-0.6197154,-0.025825469,-2.872521
1751443206463,178569437,-0.89634335,-0.026994219,-3.2617335
1751443206463,178569437,-0.89634335,-0.026994219,-3.2617335
1751443206480,178586104,-0.8673222,0.029158382,-2.766796
1751443206480,178586104,-0.8673222,0.029158382,-2.766796
1751443206496,178602771,-0.5501645,-0.1748943,-2.0736303
1751443206496,178602771,-0.5501645,-0.1748943,-2.0736303
1751443206513,178619438,-0.35028508,-0.12253204,-1.138277
1751443206513,178619438,-0.35028508,-0.12253204,-1.138277
1751443206530,178636105,-0.6088727,0.21850191,-0.7472458
1751443206530,178636105,-0.6088727,0.21850191,-0.7472458
1751443206546,178652772,-1.27524,0.18042737,-1.276474
1751443206546,178652772,-1.27524,0.18042737,-1.276474
1751443206563,178669439,-1.6892558,0.025821893,-1.810998
1751443206563,178669439,-1.6892558,0.025821893,-1.810998
1751443206580,178686106,-1.8645412,-0.21591039,-1.9451685
1751443206580,178686106,-1.8645412,-0.21591039,-1.9451685
1751443206596,178702773,-1.9336175,-0.44077593,-2.001204
1751443206596,178702773,-1.9336175,-0.44077593,-2.001204
1751443206613,178719440,-2.1563907,-0.8080846,-1.9506063
1751443206613,178719440,-2.1563907,-0.8080846,-1.9506063
1751443206630,178736107,-2.133984,-1.1592938,-2.1228657
1751443206630,178736107,-2.133984,-1.1592938,-2.1228657
1751443206646,178752774,-2.0586228,-1.4041171,-2.2763996
1751443206646,178752774,-2.0586228,-1.4041171,-2.2763996
1751443206663,178769441,-2.2832112,-1.1857951,-2.3103547
1751443206663,178769441,-2.2832112,-1.1857951,-2.3103547
1751443206680,178786108,-2.257106,-0.6659787,-1.962193
1751443206680,178786108,-2.257106,-0.6659787,-1.962193
1751443206696,178802775,-2.2183552,-0.3168114,-1.1749754
1751443206696,178802775,-2.2183552,-0.3168114,-1.1749754
1751443206713,178819442,-2.0233397,-0.1952874,-0.16608334
1751443206713,178819442,-2.0233397,-0.1952874,-0.16608334
1751443206730,178836109,-1.5926259,-0.20161092,0.65154934
1751443206730,178836109,-1.5926259,-0.20161092,0.65154934
1751443206746,178852776,-1.4342622,-0.16215228,0.91860867
1751443206746,178852776,-1.4342622,-0.16215228,0.91860867
1751443206763,178869443,-1.3049268,-0.15865798,0.8583374
1751443206763,178869443,-1.3049268,-0.15865798,0.8583374
1751443206780,178886110,-1.232077,-0.2631921,0.78203773
1751443206780,178886110,-1.232077,-0.2631921,0.78203773
1751443206796,178902777,-1.2433974,-0.34374896,0.53254795
1751443206796,178902777,-1.2433974,-0.34374896,0.53254795
1751443206813,178919444,-1.2459719,-0.31582,0.016571999
1751443206813,178919444,-1.2459719,-0.31582,0.016571999
1751443206830,178936111,-1.3213915,-0.27262658,-0.34609604
1751443206830,178936111,-1.3213915,-0.27262658,-0.34609604
1751443206846,178952778,-1.3804653,-0.32940334,-0.5052433
1751443206846,178952778,-1.3804653,-0.32940334,-0.5052433
1751443206863,178969445,-1.1364715,-0.37262672,-0.6020355
1751443206863,178969445,-1.1364715,-0.37262672,-0.6020355
1751443206880,178986112,-1.0031981,-0.29678228,-0.5177727
1751443206880,178986112,-1.0031981,-0.29678228,-0.5177727
1751443206896,179002779,-1.0493268,-0.27120504,-0.23379517
1751443206896,179002779,-1.0493268,-0.27120504,-0.23379517
1751443206913,179019446,-0.88514495,-0.32361794,-0.038557053
1751443206913,179019446,-0.88514495,-0.32361794,-0.038557053
1751443206930,179036113,-1.049903,-0.47327393,-0.036017418
1751443206930,179036113,-1.049903,-0.47327393,-0.036017418
1751443206946,179052780,-1.1654661,-0.62766194,-0.023302078
1751443206946,179052780,-1.1654661,-0.62766194,-0.023302078
1751443206963,179069447,-1.1578052,-0.5414456,0.08773041
1751443206963,179069447,-1.1578052,-0.5414456,0.08773041
1751443206980,179086114,-1.0684637,-0.24481319,0.2027998
1751443206980,179086114,-1.0684637,-0.24481319,0.2027998
1751443206996,179102781,-1.115021,-0.03518675,0.33896446
1751443206996,179102781,-1.115021,-0.03518675,0.33896446
1751443207013,179119448,-1.2385141,0.053932782,0.41854286
1751443207013,179119448,-1.2385141,0.053932782,0.41854286
1751443207030,179136115,-1.3979387,0.004306871,0.22066307
1751443207030,179136115,-1.3979387,0.004306871,0.22066307
1751443207046,179152782,-1.6196316,-0.030643627,-0.028734207
1751443207046,179152782,-1.6196316,-0.030643627,-0.028734207
1751443207063,179169449,-1.780198,-0.124379486,-0.29682922
1751443207063,179169449,-1.780198,-0.124379486,-0.29682922
1751443207080,179186116,-1.890927,-0.1985241,-0.5763378
1751443207080,179186116,-1.890927,-0.1985241,-0.5763378
1751443207096,179202783,-1.8298345,-0.17634825,-0.90810966
1751443207096,179202783,-1.8298345,-0.17634825,-0.90810966
1751443207113,179219450,-1.6827466,-0.19616838,-1.2491121
1751443207113,179219450,-1.6827466,-0.19616838,-1.2491121
1751443207130,179236117,-1.5620682,-0.105087854,-1.5567179
1751443207130,179236117,-1.5620682,-0.105087854,-1.5567179
1751443207146,179252784,-1.4236594,-0.12740909,-1.2812204
1751443207146,179252784,-1.4236594,-0.12740909,-1.2812204
1751443207163,179269451,-1.3905218,-0.051380824,-0.30700207
1751443207163,179269451,-1.3905218,-0.051380824,-0.30700207
1751443207180,179286118,-0.88927305,0.0028086638,0.78176594
1751443207180,179286118,-0.88927305,0.0028086638,0.78176594
1751443207196,179302785,-0.48002854,-0.05020548,1.0095901
1751443207196,179302785,-0.48002854,-0.05020548,1.0095901
1751443207213,179319452,-0.86061,-0.24656016,0.5926132
1751443207213,179319452,-0.86061,-0.24656016,0.5926132
1751443207230,179336119,-1.0982168,-0.43600246,-0.1898508
1751443207230,179336119,-1.0982168,-0.43600246,-0.1898508
1751443207246,179352786,-1.0357044,-0.28916407,-0.9764128
1751443207246,179352786,-1.0357044,-0.28916407,-0.9764128
1751443207263,179369453,-1.2120326,-0.29502904,-1.3024101
1751443207263,179369453,-1.2120326,-0.29502904,-1.3024101
1751443207280,179386120,-1.0690938,-0.58814955,-1.7529526
1751443207280,179386120,-1.0690938,-0.58814955,-1.7529526
1751443207296,179402787,-1.3075259,-0.85236174,-2.0904064
1751443207296,179402787,-1.3075259,-0.85236174,-2.0904064
1751443207313,179419454,-1.2199265,-0.7341529,-1.6781921
1751443207313,179419454,-1.2199265,-0.7341529,-1.6781921
1751443207330,179436121,-0.9473293,-0.30906498,-1.1000786
1751443207330,179436121,-0.9473293,-0.30906498,-1.1000786
1751443207346,179452788,-0.90608037,-0.13194406,-1.3212671
1751443207346,179452788,-0.90608037,-0.13194406,-1.3212671
1751443207363,179469455,-1.4265752,0.21534881,-2.150106
1751443207363,179469455,-1.4265752,0.21534881,-2.150106
1751443207380,179486122,-1.7405101,-0.0054313648,-2.9665112
1751443207380,179486122,-1.7405101,-0.0054313648,-2.9665112
1751443207396,179502789,-1.2487243,-0.51454,-2.4659343
1751443207396,179502789,-1.2487243,-0.51454,-2.4659343
1751443207413,179519456,-0.33970556,-0.24248105,-0.78933525
1751443207413,179519456,-0.33970556,-0.24248105,-0.78933525
1751443207430,179536123,0.6481064,0.13884915,0.53283405
1751443207430,179536123,0.6481064,0.13884915,0.53283405
1751443207446,179552790,0.6028419,0.07771501,-0.12813377
1751443207446,179552790,0.6028419,0.07771501,-0.12813377
1751443207463,179569457,-0.70813566,0.20707235,-1.9199185
1751443207463,179569457,-0.70813566,0.20707235,-1.9199185
1751443207480,179586124,-1.1340045,0.18977994,-2.4939542
1751443207480,179586124,-1.1340045,0.18977994,-2.4939542
1751443207496,179602791,-0.34441012,0.78857404,-1.0965347
1751443207496,179602791,-0.34441012,0.78857404,-1.0965347
1751443207513,179619458,1.4184723,0.63381636,0.7170048
1751443207513,179619458,1.4184723,0.63381636,0.7170048
1751443207530,179636125,1.8901396,0.33792678,1.2326727
1751443207530,179636125,1.8901396,0.33792678,1.2326727
1751443207546,179652792,1.4416212,0.35405502,0.38739872
1751443207546,179652792,1.4416212,0.35405502,0.38739872
1751443207563,179669459,1.560923,0.64393145,0.25021172
1751443207563,179669459,1.560923,0.64393145,0.25021172
1751443207580,179686126,1.5941808,0.7041466,0.190691
1751443207580,179686126,1.5941808,0.7041466,0.190691
1751443207596,179702793,0.7210089,0.9638813,-0.50529575
1751443207596,179702793,0.7210089,0.9638813,-0.50529575
1751443207613,179719460,0.3164867,0.98145926,-0.5031309
1751443207613,179719460,0.3164867,0.98145926,-0.5031309
1751443207630,179736127,0.2077009,0.62096524,-0.64029694
1751443207630,179736127,0.2077009,0.62096524,-0.64029694
1751443207646,179752794,0.23214877,0.09976132,-1.2611914
1751443207646,179752794,0.23214877,0.09976132,-1.2611914
1751443207663,179769461,0.51714265,-0.34913015,-1.6280994
1751443207663,179769461,0.51714265,-0.34913015,-1.6280994
1751443207680,179786128,1.0101935,-0.6109555,-1.6412325
1751443207680,179786128,1.0101935,-0.6109555,-1.6412325
1751443207696,179802795,1.4027832,-0.24426267,-0.85939026
1751443207696,179802795,1.4027832,-0.24426267,-0.85939026
1751443207713,179819462,1.0477484,0.2110254,-0.08887863
1751443207713,179819462,1.0477484,0.2110254,-0.08887863
1751443207730,179836129,0.31609243,0.56585246,0.354249
1751443207730,179836129,0.31609243,0.56585246,0.354249
1751443207746,179852796,-0.09149461,0.50619066,0.34462357
1751443207746,179852796,-0.09149461,0.50619066,0.34462357
1751443207763,179869463,-0.18496026,0.47315592,0.35096073
1751443207763,179869463,-0.18496026,0.47315592,0.35096073
1751443207780,179886130,-0.14554502,0.36591485,0.42306805
1751443207780,179886130,-0.14554502,0.36591485,0.42306805
1751443207796,179902797,-0.017600555,0.22035472,0.20654964
1751443207796,179902797,-0.017600555,0.22035472,0.20654964
1751443207813,179919464,0.06872973,0.19363979,0.15432167
1751443207813,179919464,0.06872973,0.19363979,0.15432167
1751443207830,179936131,0.12551355,0.34254858,0.46347904
1751443207830,179936131,0.12551355,0.34254858,0.46347904
1751443207846,179952798,0.14485595,0.39905253,0.7084398
1751443207846,179952798,0.14485595,0.39905253,0.7084398
1751443207863,179969465,0.1735911,0.12528773,0.6931782
1751443207863,179969465,0.1735911,0.12528773,0.6931782
1751443207880,179986132,0.14621502,-0.22605787,0.8144865
1751443207880,179986132,0.14621502,-0.22605787,0.8144865
1751443207896,180002799,0.040773008,-0.41967463,1.0361319
1751443207896,180002799,0.040773008,-0.41967463,1.0361319
1751443207913,180019466,-0.18975398,-0.3763824,1.1435966
1751443207913,180019466,-0.18975398,-0.3763824,1.1435966
1751443207930,180036133,-0.32166418,-0.35406777,1.2338943
1751443207930,180036133,-0.32166418,-0.35406777,1.2338943
1751443207946,180052800,-0.24840419,-0.18771356,1.3542023
1751443207946,180052800,-0.24840419,-0.18771356,1.3542023
1751443207963,180069467,-0.20991245,-0.04416571,1.2519217
1751443207963,180069467,-0.20991245,-0.04416571,1.2519217
1751443207980,180086134,-0.124337606,-0.090338014,1.1634483
1751443207980,180086134,-0.124337606,-0.090338014,1.1634483
1751443207996,180102801,-0.12135077,-0.14569335,1.2948341
1751443207996,180102801,-0.12135077,-0.14569335,1.2948341
1751443208013,180119468,0.11923868,0.029641617,1.1155176
1751443208013,180119468,0.11923868,0.029641617,1.1155176
1751443208030,180136135,0.52032375,0.12834796,0.945714
1751443208030,180136135,0.52032375,0.12834796,0.945714
1751443208046,180152802,0.6608144,0.25873446,1.1969004
1751443208046,180152802,0.6608144,0.25873446,1.1969004
1751443208063,180169469,1.1464477,-0.040917847,1.9882317
1751443208063,180169469,1.1464477,-0.040917847,1.9882317
1751443208080,180186136,0.47464547,0.2775499,2.8263807
1751443208080,180186136,0.47464547,0.2775499,2.8263807
1751443208096,180202803,0.8025548,-0.08454109,2.7059536
1751443208096,180202803,0.8025548,-0.08454109,2.7059536
1751443208113,180219470,-0.19218092,0.004824192,2.493022
1751443208113,180219470,-0.19218092,0.004824192,2.493022
1751443208130,180236137,-0.15673985,-0.23274639,1.8601894
1751443208130,180236137,-0.15673985,-0.23274639,1.8601894
1751443208146,180252804,-0.20363641,-0.49830538,1.4166241
1751443208146,180252804,-0.20363641,-0.49830538,1.4166241
1751443208163,180269471,-0.27522802,-0.42780492,0.76151943
1751443208163,180269471,-0.27522802,-0.42780492,0.76151943
1751443208180,180286138,-0.13941713,-0.2749092,-0.08557606
1751443208180,180286138,-0.13941713,-0.2749092,-0.08557606
1751443208196,180302805,0.17619804,-0.12570861,-0.6873064
1751443208196,180302805,0.17619804,-0.12570861,-0.6873064
1751443208213,180319472,0.39832422,-0.17097567,-1.0578842
1751443208213,180319472,0.39832422,-0.17097567,-1.0578842
1751443208230,180336139,0.45441398,-0.32261553,-1.2119703
1751443208230,180336139,0.45441398,-0.32261553,-1.2119703
1751443208246,180352806,0.5114547,-0.37652802,-1.4728804
1751443208246,180352806,0.5114547,-0.37652802,-1.4728804
1751443208263,180369473,0.42336556,-0.19299969,-1.353282
1751443208263,180369473,0.42336556,-0.19299969,-1.353282
1751443208280,180386140,0.4023478,0.09210678,-1.2234716
1751443208280,180386140,0.4023478,0.09210678,-1.2234716
1751443208296,180402807,0.30414683,0.32564235,-1.1544085
1751443208296,180402807,0.30414683,0.32564235,-1.1544085
1751443208313,180419474,0.5096329,0.4721776,-1.1006603
1751443208313,180419474,0.5096329,0.4721776,-1.1006603
1751443208330,180436141,0.540971,0.4791235,-0.88790894
1751443208330,180436141,0.540971,0.4791235,-0.88790894
1751443208346,180452808,0.458042,0.48311582,-0.7001219
1751443208346,180452808,0.458042,0.48311582,-0.7001219
1751443208363,180469475,0.6057221,0.4206549,-0.4383192
1751443208363,180469475,0.6057221,0.4206549,-0.4383192
1751443208380,180486142,0.7033282,0.40543324,-0.22692013
1751443208380,180486142,0.7033282,0.40543324,-0.22692013
1751443208396,180502809,0.70682424,0.41171142,-0.12387371
1751443208396,180502809,0.70682424,0.41171142,-0.12387371
1751443208413,180519476,0.80629134,0.38509226,-0.09920025
1751443208413,180519476,0.80629134,0.38509226,-0.09920025
1751443208430,180536143,0.8195161,0.29149178,-0.24208736
1751443208430,180536143,0.8195161,0.29149178,-0.24208736
1751443208446,180552810,0.6322809,0.21969435,-0.3106146
1751443208446,180552810,0.6322809,0.21969435,-0.3106146
1751443208463,180569477,0.6018479,0.062090892,-0.26917553
1751443208463,180569477,0.6018479,0.062090892,-0.26917553
1751443208480,180586144,0.42303878,0.033330865,-0.21177864
1751443208480,180586144,0.42303878,0.033330865,-0.21177864
1751443208496,180602811,0.19611639,0.023603527,-0.2946844
1751443208496,180602811,0.19611639,0.023603527,-0.2946844
1751443208513,180619478,0.21080549,0.088985816,-0.44291782
1751443208513,180619478,0.21080549,0.088985816,-0.44291782
1751443208530,180636145,0.36740497,0.1307221,-0.4382763
