timestamp_ms,timestamp_μs,freeAcceleration_m/s²_x,freeAcceleration_m/s²_y,freeAcceleration_m/s²_z
1751443088169,60306673,0.034762487,-0.12640116,-0.021657944
1751443088169,60306673,0.034762487,-0.12640116,-0.021657944
1751443088186,60323340,0.020448739,-0.17067187,-0.14382458
1751443088186,60323340,0.020448739,-0.17067187,-0.14382458
1751443088202,60340007,0.07034,-0.18429486,-0.20110703
1751443088202,60340007,0.07034,-0.18429486,-0.20110703
1751443088219,60356674,0.10197012,-0.23655997,-0.19440079
1751443088219,60356674,0.10197012,-0.23655997,-0.19440079
1751443088236,60373341,0.15667713,-0.22518294,-0.316144
1751443088236,60373341,0.15667713,-0.22518294,-0.316144
1751443088252,60390008,0.19645923,-0.2174315,-0.46947098
1751443088252,60390008,0.19645923,-0.2174315,-0.46947098
1751443088269,60406675,0.2293013,-0.19537127,-0.460001
1751443088269,60406675,0.2293013,-0.19537127,-0.460001
1751443088286,60423342,0.22638473,-0.084183246,-0.42226124
1751443088286,60423342,0.22638473,-0.084183246,-0.42226124
1751443088302,60440009,0.21423143,0.015970895,-0.379467
1751443088302,60440009,0.21423143,0.015970895,-0.379467
1751443088319,60456676,0.15964484,0.07223022,-0.31026077
1751443088319,60456676,0.15964484,0.07223022,-0.31026077
1751443088336,60473343,0.09749811,0.16222732,-0.25383854
1751443088336,60473343,0.09749811,0.16222732,-0.25383854
1751443088352,60490010,0.017077716,0.21400388,-0.24024296
1751443088352,60490010,0.017077716,0.21400388,-0.24024296
1751443088369,60506677,-0.043877177,0.2989806,-0.24682903
1751443088369,60506677,-0.043877177,0.2989806,-0.24682903
1751443088386,60523344,-0.14015874,0.41349718,-0.2972145
1751443088386,60523344,-0.14015874,0.41349718,-0.2972145
1751443088402,60540011,-0.21354836,0.55741775,-0.32819653
1751443088402,60540011,-0.21354836,0.55741775,-0.32819653
1751443088419,60556678,-0.19437586,0.69508535,-0.32450104
1751443088419,60556678,-0.19437586,0.69508535,-0.32450104
1751443088436,60573345,-0.18152755,0.7665123,-0.2838955
1751443088436,60573345,-0.18152755,0.7665123,-0.2838955
1751443088452,60590012,-0.16320343,0.77300847,-0.32553577
1751443088452,60590012,-0.16320343,0.77300847,-0.32553577
1751443088469,60606679,-0.15568325,0.7053055,-0.3777113
1751443088469,60606679,-0.15568325,0.7053055,-0.3777113
1751443088486,60623346,-0.1157898,0.6231681,-0.3648424
1751443088486,60623346,-0.1157898,0.6231681,-0.3648424
1751443088502,60640013,-0.086965986,0.5766654,-0.29438114
1751443088502,60640013,-0.086965986,0.5766654,-0.29438114
1751443088519,60656680,-0.09031547,0.49746922,-0.27036476
1751443088519,60656680,-0.09031547,0.49746922,-0.27036476
1751443088536,60673347,-0.095040895,0.4149126,-0.33014584
1751443088536,60673347,-0.095040895,0.4149126,-0.33014584
1751443088552,60690014,-0.057697628,0.35105467,-0.4189968
1751443088552,60690014,-0.057697628,0.35105467,-0.4189968
1751443088569,60706681,-0.05807838,0.30193773,-0.5073452
1751443088569,60706681,-0.05807838,0.30193773,-0.5073452
1751443088586,60723348,-0.06023121,0.27856404,-0.4232111
1751443088586,60723348,-0.06023121,0.27856404,-0.4232111
1751443088602,60740015,-0.08593657,0.27779564,-0.30938148
1751443088602,60740015,-0.08593657,0.27779564,-0.30938148
1751443088619,60756682,-0.1101249,0.26459044,-0.26346588
1751443088619,60756682,-0.1101249,0.26459044,-0.26346588
1751443088636,60773349,-0.0756428,0.22455704,-0.29003906
1751443088636,60773349,-0.0756428,0.22455704,-0.29003906
1751443088652,60790016,-0.01721964,0.1983293,-0.2876358
1751443088652,60790016,-0.01721964,0.1983293,-0.2876358
1751443088669,60806683,-0.036115706,0.14392921,-0.24264717
1751443088669,60806683,-0.036115706,0.14392921,-0.24264717
1751443088686,60823350,-0.081949875,0.108957425,-0.22915745
1751443088686,60823350,-0.081949875,0.108957425,-0.22915745
1751443088702,60840017,-0.1184947,0.08576628,-0.28698635
1751443088702,60840017,-0.1184947,0.08576628,-0.28698635
1751443088719,60856684,-0.14018115,0.041574527,-0.36365795
1751443088719,60856684,-0.14018115,0.041574527,-0.36365795
1751443088736,60873351,-0.16227798,0.022778094,-0.38903427
1751443088736,60873351,-0.16227798,0.022778094,-0.38903427
1751443088752,60890018,-0.22553882,-0.017518498,-0.42726803
1751443088752,60890018,-0.22553882,-0.017518498,-0.42726803
1751443088769,60906685,-0.12363832,-0.07176615,-0.5659332
1751443088769,60906685,-0.12363832,-0.07176615,-0.5659332
1751443088786,60923352,0.1978935,-0.12019566,-0.66457367
1751443088786,60923352,0.1978935,-0.12019566,-0.66457367
1751443088802,60940019,0.28078485,0.00781988,-0.6910887
1751443088802,60940019,0.28078485,0.00781988,-0.6910887
1751443088819,60956686,0.42333668,-0.06272388,-0.8694258
1751443088819,60956686,0.42333668,-0.06272388,-0.8694258
1751443088836,60973353,0.2090596,0.1811401,-0.89946747
1751443088836,60973353,0.2090596,0.1811401,-0.89946747
1751443088852,60990020,-0.16306394,0.36973855,-1.0987453
1751443088852,60990020,-0.16306394,0.36973855,-1.0987453
1751443088869,61006687,0.21072562,0.108954914,-0.42647934
1751443088869,61006687,0.21072562,0.108954914,-0.42647934
1751443088886,61023354,0.4909957,0.21926665,-0.082048416
1751443088886,61023354,0.4909957,0.21926665,-0.082048416
1751443088902,61040021,0.5295049,0.42055634,0.21377563
1751443088902,61040021,0.5295049,0.42055634,0.21377563
1751443088919,61056688,0.4620412,0.58763707,0.12989902
1751443088919,61056688,0.4620412,0.58763707,0.12989902
1751443088936,61073355,0.446611,0.6140337,-0.1245451
1751443088936,61073355,0.446611,0.6140337,-0.1245451
1751443088952,61090022,0.62061334,0.77997494,-0.44103813
1751443088952,61090022,0.62061334,0.77997494,-0.44103813
1751443088969,61106689,0.80592555,0.88148355,-0.34427357
1751443088969,61106689,0.80592555,0.88148355,-0.34427357
1751443088986,61123356,0.8993422,1.0067015,-0.45481873
1751443088986,61123356,0.8993422,1.0067015,-0.45481873
1751443089002,61140023,0.9570496,0.9254374,-0.49881363
1751443089002,61140023,0.9570496,0.9254374,-0.49881363
1751443089019,61156690,0.80174184,0.8902042,-0.6171255
1751443089019,61156690,0.80174184,0.8902042,-0.6171255
1751443089036,61173357,0.48951867,0.8021617,-0.86544895
1751443089036,61173357,0.48951867,0.8021617,-0.86544895
1751443089052,61190024,0.06851306,0.7125511,-0.9990063
1751443089052,61190024,0.06851306,0.7125511,-0.9990063
1751443089069,61206691,-0.26766154,0.49635422,-0.8795805
1751443089069,61206691,-0.26766154,0.49635422,-0.8795805
1751443089086,61223358,-0.39573047,0.33428234,-0.6974821
1751443089086,61223358,-0.39573047,0.33428234,-0.6974821
1751443089102,61240025,-0.50252473,0.26079547,-0.60852814
1751443089102,61240025,-0.50252473,0.26079547,-0.60852814
1751443089119,61256692,-0.6254281,0.18835208,-0.57940197
1751443089119,61256692,-0.6254281,0.18835208,-0.57940197
1751443089136,61273359,-0.5858885,0.019928694,-0.44893646
1751443089136,61273359,-0.5858885,0.019928694,-0.44893646
1751443089152,61290026,-0.3677404,-0.08496281,-0.31645966
1751443089152,61290026,-0.3677404,-0.08496281,-0.31645966
1751443089169,61306693,-0.026616342,0.047667157,-0.18470287
1751443089169,61306693,-0.026616342,0.047667157,-0.18470287
1751443089186,61323360,0.20752497,0.18560952,-0.112501144
1751443089186,61323360,0.20752497,0.18560952,-0.112501144
1751443089202,61340027,0.47653398,0.34556276,-0.17569256
1751443089202,61340027,0.47653398,0.34556276,-0.17569256
1751443089219,61356694,0.64652944,0.4101213,-0.46303844
1751443089219,61356694,0.64652944,0.4101213,-0.46303844
1751443089236,61373361,0.80239314,0.35116076,-0.7139969
1751443089236,61373361,0.80239314,0.35116076,-0.7139969
1751443089252,61390028,1.1154045,0.47159943,-0.97143364
1751443089252,61390028,1.1154045,0.47159943,-0.97143364
1751443089269,61406695,1.5130242,0.76736933,-0.9676018
1751443089269,61406695,1.5130242,0.76736933,-0.9676018
1751443089286,61423362,1.3675265,1.0008912,-0.26185703
1751443089286,61423362,1.3675265,1.0008912,-0.26185703
1751443089302,61440029,0.54025537,0.96928984,1.8192043
1751443089302,61440029,0.54025537,0.96928984,1.8192043
1751443089319,61456696,-0.2799888,0.84659946,3.7709627
1751443089319,61456696,-0.2799888,0.84659946,3.7709627
1751443089336,61473363,0.24767183,0.98931116,4.289629
1751443089336,61473363,0.24767183,0.98931116,4.289629
1751443089352,61490030,1.1383511,0.8490819,4.246992
1751443089352,61490030,1.1383511,0.8490819,4.246992
1751443089369,61506697,0.9785252,0.84921175,3.30367
1751443089369,61506697,0.9785252,0.84921175,3.30367
1751443089386,61523364,0.52264315,0.7100269,2.3353024
1751443089386,61523364,0.52264315,0.7100269,2.3353024
1751443089402,61540031,0.40798444,0.38240162,2.31316
1751443089402,61540031,0.40798444,0.38240162,2.31316
1751443089419,61556698,0.5881275,0.5166234,2.3864574
1751443089419,61556698,0.5881275,0.5166234,2.3864574
1751443089436,61573365,0.34052113,0.7226423,2.7606058
1751443089436,61573365,0.34052113,0.7226423,2.7606058
1751443089452,61590032,-0.09068318,0.7399621,3.3250408
1751443089452,61590032,-0.09068318,0.7399621,3.3250408
1751443089469,61606699,-0.7996136,0.64079344,3.3929386
1751443089469,61606699,-0.7996136,0.64079344,3.3929386
1751443089486,61623366,-1.2965262,0.49524435,3.1622953
1751443089486,61623366,-1.2965262,0.49524435,3.1622953
1751443089502,61640033,-1.5606178,0.20872287,2.621768
1751443089502,61640033,-1.5606178,0.20872287,2.621768
1751443089519,61656700,-1.6367886,-0.042071063,1.769639
1751443089519,61656700,-1.6367886,-0.042071063,1.769639
1751443089536,61673367,-1.59323,-0.011346635,0.84241486
1751443089536,61673367,-1.59323,-0.011346635,0.84241486
1751443089552,61690034,-1.245218,0.17223585,0.04864788
1751443089552,61690034,-1.245218,0.17223585,0.04864788
1751443089569,61706701,-0.8475709,0.60251826,-0.5159693
1751443089569,61706701,-0.8475709,0.60251826,-0.5159693
1751443089586,61723368,-0.24651267,0.52748966,-0.40874672
1751443089586,61723368,-0.24651267,0.52748966,-0.40874672
1751443089602,61740035,0.21765068,0.2742942,-0.6419716
1751443089602,61740035,0.21765068,0.2742942,-0.6419716
1751443089619,61756702,0.5705361,0.14119548,-0.48258877
1751443089619,61756702,0.5705361,0.14119548,-0.48258877
1751443089636,61773369,1.0175022,0.4233038,-0.14379406
1751443089636,61773369,1.0175022,0.4233038,-0.14379406
1751443089652,61790036,1.2051533,0.74285257,0.010647774
1751443089652,61790036,1.2051533,0.74285257,0.010647774
1751443089669,61806703,1.4413966,1.15642,-0.19470596
1751443089669,61806703,1.4413966,1.15642,-0.19470596
1751443089686,61823370,1.4238576,1.3600546,-0.32187653
1751443089686,61823370,1.4238576,1.3600546,-0.32187653
1751443089702,61840037,1.4793459,1.1025395,-0.53948593
1751443089702,61840037,1.4793459,1.1025395,-0.53948593
1751443089719,61856704,1.197935,0.9809835,-0.33097172
1751443089719,61856704,1.197935,0.9809835,-0.33097172
1751443089736,61873371,0.94130826,0.64450663,-0.27245712
1751443089736,61873371,0.94130826,0.64450663,-0.27245712
1751443089752,61890038,0.9407387,0.29729247,-0.6075487
1751443089752,61890038,0.9407387,0.29729247,-0.6075487
1751443089769,61906705,0.28524116,0.40502873,-1.3303204
1751443089769,61906705,0.28524116,0.40502873,-1.3303204
1751443089786,61923372,0.0038719429,0.2777922,-1.8815784
1751443089786,61923372,0.0038719429,0.2777922,-1.8815784
1751443089802,61940039,-0.53863037,0.23879945,-2.3514848
1751443089802,61940039,-0.53863037,0.23879945,-2.3514848
1751443089819,61956706,-0.8345844,0.20457391,-2.679751
1751443089819,61956706,-0.8345844,0.20457391,-2.679751
1751443089836,61973373,-1.2675425,0.1892388,-2.70648
1751443089836,61973373,-1.2675425,0.1892388,-2.70648
1751443089852,61990040,-0.93221974,0.006154876,-2.1134114
1751443089852,61990040,-0.93221974,0.006154876,-2.1134114
1751443089869,62006707,-0.80175984,0.32782456,-1.3809977
1751443089869,62006707,-0.80175984,0.32782456,-1.3809977
1751443089886,62023374,-0.7198432,0.10875448,-1.1359768
1751443089886,62023374,-0.7198432,0.10875448,-1.1359768
1751443089902,62040041,-0.79226613,-0.13711782,-1.463006
1751443089902,62040041,-0.79226613,-0.13711782,-1.463006
1751443089919,62056708,-1.341781,-0.17930321,-1.6137762
1751443089919,62056708,-1.341781,-0.17930321,-1.6137762
1751443089936,62073375,-1.9683248,-0.6204902,-2.0200615
1751443089936,62073375,-1.9683248,-0.6204902,-2.0200615
1751443089952,62090042,-2.3978004,-0.57116085,-2.6634917
1751443089952,62090042,-2.3978004,-0.57116085,-2.6634917
1751443089969,62106709,-2.8422933,-0.20774837,-3.2689118
1751443089969,62106709,-2.8422933,-0.20774837,-3.2689118
1751443089986,62123376,-3.1259773,0.118496396,-3.609785
1751443089986,62123376,-3.1259773,0.118496396,-3.609785
1751443090002,62140043,-2.9697459,-0.040991828,-3.9707112
1751443090002,62140043,-2.9697459,-0.040991828,-3.9707112
1751443090019,62156710,-2.6419935,-0.3496002,-3.7402372
1751443090019,62156710,-2.6419935,-0.3496002,-3.7402372
1751443090036,62173377,-2.403458,-0.57617104,-2.9361382
1751443090036,62173377,-2.403458,-0.57617104,-2.9361382
1751443090052,62190044,-2.4050655,-0.8472003,-1.5782652
1751443090052,62190044,-2.4050655,-0.8472003,-1.5782652
1751443090069,62206711,-2.2845535,-0.88387203,-0.079909325
1751443090069,62206711,-2.2845535,-0.88387203,-0.079909325
1751443090086,62223378,-2.0598524,-0.62290233,0.7614403
1751443090086,62223378,-2.0598524,-0.62290233,0.7614403
1751443090102,62240045,-1.7889872,-0.46767962,0.8626833
1751443090102,62240045,-1.7889872,-0.46767962,0.8626833
1751443090119,62256712,-1.8426628,-0.5227275,0.57416534
1751443090119,62256712,-1.8426628,-0.5227275,0.57416534
1751443090136,62273379,-1.8470389,-0.5581933,0.20323944
1751443090136,62273379,-1.8470389,-0.5581933,0.20323944
1751443090152,62290046,-1.8953215,-0.3333309,-0.051986694
1751443090152,62290046,-1.8953215,-0.3333309,-0.051986694
1751443090169,62306713,-1.8495809,-0.03390658,-0.2509842
1751443090169,62306713,-1.8495809,-0.03390658,-0.2509842
1751443090186,62323380,-2.0532718,0.053411216,-0.6252184
1751443090186,62323380,-2.0532718,0.053411216,-0.6252184
1751443090202,62340047,-2.2821214,-0.19016024,-1.0844688
1751443090202,62340047,-2.2821214,-0.19016024,-1.0844688
1751443090219,62356714,-2.374963,-0.37041026,-1.2185259
1751443090219,62356714,-2.374963,-0.37041026,-1.2185259
1751443090236,62373381,-2.2069213,-0.380372,-0.9500704
1751443090236,62373381,-2.2069213,-0.380372,-0.9500704
1751443090252,62390048,-1.9560571,-0.23529443,-0.40518284
1751443090252,62390048,-1.9560571,-0.23529443,-0.40518284
1751443090269,62406715,-1.7944154,-0.09272804,-0.051258087
1751443090269,62406715,-1.7944154,-0.09272804,-0.051258087
1751443090286,62423382,-1.8899274,-0.040975958,-0.029287338
1751443090286,62423382,-1.8899274,-0.040975958,-0.029287338
1751443090302,62440049,-2.2128713,-0.093090355,-0.25189018
1751443090302,62440049,-2.2128713,-0.093090355,-0.25189018
1751443090319,62456716,-2.2169003,-0.26709294,-0.40981674
1751443090319,62456716,-2.2169003,-0.26709294,-0.40981674
1751443090336,62473383,-2.0905535,-0.38986573,-0.26449108
1751443090336,62473383,-2.0905535,-0.38986573,-0.26449108
1751443090352,62490050,-1.8264976,-0.44155097,0.011590958
1751443090352,62490050,-1.8264976,-0.44155097,0.011590958
1751443090369,62506717,-1.8178287,-0.34967932,0.37541485
1751443090369,62506717,-1.8178287,-0.34967932,0.37541485
1751443090386,62523384,-2.1579814,-0.48096246,0.36764717
1751443090386,62523384,-2.1579814,-0.48096246,0.36764717
1751443090402,62540051,-2.4230924,-0.68037766,-0.26661587
1751443090402,62540051,-2.4230924,-0.68037766,-0.26661587
1751443090419,62556718,-1.9360949,-0.348757,-1.337388
1751443090419,62556718,-1.9360949,-0.348757,-1.337388
1751443090436,62573385,-2.0278444,-0.1588786,-2.6066065
1751443090436,62573385,-2.0278444,-0.1588786,-2.6066065
1751443090452,62590052,-2.3806653,-0.41733143,-3.9954963
1751443090452,62590052,-2.3806653,-0.41733143,-3.9954963
1751443090469,62606719,-2.6629894,-0.33335415,-4.66569
1751443090469,62606719,-2.6629894,-0.33335415,-4.66569
1751443090486,62623386,-2.267009,0.03049432,-4.2179027
1751443090486,62623386,-2.267009,0.03049432,-4.2179027
1751443090502,62640053,-1.2983305,0.08400712,-2.4460726
1751443090502,62640053,-1.2983305,0.08400712,-2.4460726
1751443090519,62656720,-0.5606326,0.23306859,-0.5785799
1751443090519,62656720,-0.5606326,0.23306859,-0.5785799
1751443090536,62673387,-0.07497292,0.63522404,0.23330498
1751443090536,62673387,-0.07497292,0.63522404,0.23330498
1751443090552,62690054,0.121587515,0.45365554,0.0119075775
1751443090552,62690054,0.121587515,0.45365554,0.0119075775
1751443090569,62706721,-0.16651201,-0.2510493,-0.8467245
1751443090569,62706721,-0.16651201,-0.2510493,-0.8467245
1751443090586,62723388,0.039310776,-0.8576034,-1.32448
1751443090586,62723388,0.039310776,-0.8576034,-1.32448
1751443090602,62740055,0.6893588,-0.68566173,-0.95920944
1751443090602,62740055,0.6893588,-0.68566173,-0.95920944
1751443090619,62756722,1.049082,0.039582692,-0.6547518
1751443090619,62756722,1.049082,0.039582692,-0.6547518
1751443090636,62773389,0.9795377,0.31933787,-0.85900307
1751443090636,62773389,0.9795377,0.31933787,-0.85900307
1751443090652,62790056,0.46787286,0.4731339,-1.450944
1751443090652,62790056,0.46787286,0.4731339,-1.450944
1751443090669,62806723,0.27110317,0.5877278,-1.4467697
1751443090669,62806723,0.27110317,0.5877278,-1.4467697
1751443090686,62823390,0.9091147,0.6608954,-0.5144768
1751443090686,62823390,0.9091147,0.6608954,-0.5144768
1751443090702,62840057,0.42988175,0.79004365,-0.7617922
1751443090702,62840057,0.42988175,0.79004365,-0.7617922
1751443090719,62856724,-0.045464393,1.1400819,-0.92535496
1751443090719,62856724,-0.045464393,1.1400819,-0.92535496
1751443090736,62873391,-0.12354559,1.390206,-0.45214176
1751443090736,62873391,-0.12354559,1.390206,-0.45214176
1751443090752,62890058,0.27990577,1.3057246,0.58952236
1751443090752,62890058,0.27990577,1.3057246,0.58952236
1751443090769,62906725,0.29741293,1.0172554,0.8120909
1751443090769,62906725,0.29741293,1.0172554,0.8120909
1751443090786,62923392,-0.22058988,0.7472336,-0.3957224
1751443090786,62923392,-0.22058988,0.7472336,-0.3957224
1751443090802,62940059,-0.920853,1.318391,-0.71695995
1751443090802,62940059,-0.920853,1.318391,-0.71695995
1751443090819,62956726,-1.1758827,1.3204185,-0.9935875
1751443090819,62956726,-1.1758827,1.3204185,-0.9935875
1751443090836,62973393,0.07327365,0.7116676,0.10255051
1751443090836,62973393,0.07327365,0.7116676,0.10255051
1751443090852,62990060,0.22906986,0.3837303,0.26721287
1751443090852,62990060,0.22906986,0.3837303,0.26721287
1751443090869,63006727,0.26295716,-0.22083773,-0.03918934
1751443090869,63006727,0.26295716,-0.22083773,-0.03918934
1751443090886,63023394,0.5011479,-0.74533814,0.4296236
1751443090886,63023394,0.5011479,-0.74533814,0.4296236
1751443090902,63040061,0.47358713,-0.9193765,1.3949175
1751443090902,63040061,0.47358713,-0.9193765,1.3949175
1751443090919,63056728,0.08683723,-0.19023411,1.6075878
1751443090919,63056728,0.08683723,-0.19023411,1.6075878
1751443090936,63073395,0.19809048,0.2181625,1.0142536
1751443090936,63073395,0.19809048,0.2181625,1.0142536
1751443090952,63090062,0.48272064,0.23989813,0.23627949
1751443090952,63090062,0.48272064,0.23989813,0.23627949
1751443090969,63106729,0.6936181,0.31766087,0.42342663
1751443090969,63106729,0.6936181,0.31766087,0.42342663
1751443090986,63123396,0.7697011,0.33850646,0.4519024
1751443090986,63123396,0.7697011,0.33850646,0.4519024
1751443091002,63140063,0.54733914,0.49009496,0.67800903
1751443091002,63140063,0.54733914,0.49009496,0.67800903
1751443091019,63156730,-0.10197894,0.80114955,1.1643724
1751443091019,63156730,-0.10197894,0.80114955,1.1643724
1751443091036,63173397,-0.7544846,1.0198314,1.5961657
1751443091036,63173397,-0.7544846,1.0198314,1.5961657
1751443091052,63190064,-1.1544862,1.188392,2.0089893
1751443091052,63190064,-1.1544862,1.188392,2.0089893
1751443091069,63206731,-1.2603014,1.3320802,2.3048515
1751443091069,63206731,-1.2603014,1.3320802,2.3048515
1751443091086,63223398,-1.1793545,1.2680053,2.2075891
1751443091086,63223398,-1.1793545,1.2680053,2.2075891
1751443091102,63240065,-0.84176034,1.1324277,1.9826002
1751443091102,63240065,-0.84176034,1.1324277,1.9826002
1751443091119,63256732,-0.20434113,0.91923416,1.7305536
1751443091119,63256732,-0.20434113,0.91923416,1.7305536
1751443091136,63273399,0.13361058,0.37568316,1.6028395
1751443091136,63273399,0.13361058,0.37568316,1.6028395
1751443091152,63290066,-0.19350126,-0.16334718,1.7696085
1751443091152,63290066,-0.19350126,-0.16334718,1.7696085
1751443091169,63306733,0.03279765,-0.19257596,2.4224749
1751443091169,63306733,0.03279765,-0.19257596,2.4224749
1751443091186,63323400,0.5058459,-0.031349592,2.50665
1751443091186,63323400,0.5058459,-0.031349592,2.50665
1751443091202,63340067,0.13319837,0.0865393,2.280363
1751443091202,63340067,0.13319837,0.0865393,2.280363
1751443091219,63356734,-0.42502338,0.017114947,1.4120245
1751443091219,63356734,-0.42502338,0.017114947,1.4120245
1751443091236,63373401,0.08539041,-0.08241772,1.2296429
1751443091236,63373401,0.08539041,-0.08241772,1.2296429
1751443091252,63390068,-0.16936143,0.34416357,0.60749245
1751443091252,63390068,-0.16936143,0.34416357,0.60749245
1751443091269,63406735,0.2914556,0.5844755,0.012324333
1751443091269,63406735,0.2914556,0.5844755,0.012324333
1751443091286,63423402,0.38710976,0.71180665,-0.57413006
1751443091286,63423402,0.38710976,0.71180665,-0.57413006
1751443091302,63440069,0.64277095,0.6480476,-1.0535803
1751443091302,63440069,0.64277095,0.6480476,-1.0535803
1751443091319,63456736,0.66569984,0.5047284,-1.0994921
1751443091319,63456736,0.66569984,0.5047284,-1.0994921
1751443091336,63473403,0.5499813,0.2912603,-1.2364702
1751443091336,63473403,0.5499813,0.2912603,-1.2364702
1751443091352,63490070,0.5236465,0.2242034,-1.3322201
1751443091352,63490070,0.5236465,0.2242034,-1.3322201
1751443091369,63506737,0.4156465,0.26749718,-1.2275362
1751443091369,63506737,0.4156465,0.26749718,-1.2275362
1751443091386,63523404,0.5118068,0.2915408,-1.0997114
1751443091386,63523404,0.5118068,0.2915408,-1.0997114
1751443091402,63540071,0.7114806,0.24738397,-0.89938354
1751443091402,63540071,0.7114806,0.24738397,-0.89938354
1751443091419,63556738,0.78560793,0.26668912,-0.7188215
1751443091419,63556738,0.78560793,0.26668912,-0.7188215
1751443091436,63573405,0.7458091,0.26498622,-0.44285965
1751443091436,63573405,0.7458091,0.26498622,-0.44285965
1751443091452,63590072,0.7148268,0.29104382,-0.24934578
1751443091452,63590072,0.7148268,0.29104382,-0.24934578
1751443091469,63606739,0.70723665,0.2856804,-0.014216423
1751443091469,63606739,0.70723665,0.2856804,-0.014216423
1751443091486,63623406,0.51872087,0.29093632,0.1518631
1751443091486,63623406,0.51872087,0.29093632,0.1518631
1751443091502,63640073,0.30592382,0.35585508,-0.09862614
1751443091502,63640073,0.30592382,0.35585508,-0.09862614
1751443091519,63656740,0.21063487,0.50186604,-0.4894352
1751443091519,63656740,0.21063487,0.50186604,-0.4894352
1751443091536,63673407,0.20737001,0.6280235,-0.54495525
1751443091536,63673407,0.20737001,0.6280235,-0.54495525
1751443091552,63690074,0.27134642,0.7728598,-0.49775982
1751443091552,63690074,0.27134642,0.7728598,-0.49775982
1751443091569,63706741,0.23649143,0.73779005,-0.38475227
1751443091569,63706741,0.23649143,0.73779005,-0.38475227
1751443091586,63723408,0.09555629,0.56751233,-0.3334322
1751443091586,63723408,0.09555629,0.56751233,-0.3334322
1751443091602,63740075,-0.03730003,0.49723637,-0.20679474
1751443091602,63740075,-0.03730003,0.49723637,-0.20679474
1751443091619,63756742,-0.24974829,0.3868451,-0.1674242
1751443091619,63756742,-0.24974829,0.3868451,-0.1674242
1751443091636,63773409,-0.2187678,0.33369428,-0.30813408
1751443091636,63773409,-0.2187678,0.33369428,-0.30813408
1751443091652,63790076,0.086772636,0.5010081,-0.55790615
1751443091652,63790076,0.086772636,0.5010081,-0.55790615
1751443091669,63806743,0.5122712,0.76884574,-0.73097706
1751443091669,63806743,0.5122712,0.76884574,-0.73097706
1751443091686,63823410,0.7136737,0.9091411,-0.58203316
1751443091686,63823410,0.7136737,0.9091411,-0.58203316
1751443091702,63840077,0.7743308,0.94366074,-0.43616867
1751443091702,63840077,0.7743308,0.94366074,-0.43616867
1751443091719,63856744,0.7373254,0.8482224,-0.49324512
1751443091719,63856744,0.7373254,0.8482224,-0.49324512
1751443091736,63873411,0.48372468,0.66884804,-0.46864414
1751443091736,63873411,0.48372468,0.66884804,-0.46864414
1751443091752,63890078,0.15325554,0.48762363,-0.2900467
1751443091752,63890078,0.15325554,0.48762363,-0.2900467
1751443091769,63906745,-0.045489013,0.437746,-0.17700672
1751443091769,63906745,-0.045489013,0.437746,-0.17700672
1751443091786,63923412,-0.12592658,0.53900325,-0.34988213
1751443091786,63923412,-0.12592658,0.53900325,-0.34988213
1751443091802,63940079,-0.16846414,0.56361043,-0.5662832
1751443091802,63940079,-0.16846414,0.56361043,-0.5662832
1751443091819,63956746,-0.19837949,0.5388559,-0.73270893
1751443091819,63956746,-0.19837949,0.5388559,-0.73270893
1751443091836,63973413,-0.18149473,0.50192624,-0.73436546
1751443091836,63973413,-0.18149473,0.50192624,-0.73436546
1751443091852,63990080,-0.18190832,0.44716674,-0.65768147
1751443091852,63990080,-0.18190832,0.44716674,-0.65768147
1751443091869,64006747,-0.14445849,0.39015797,-0.5418873
1751443091869,64006747,-0.14445849,0.39015797,-0.5418873
1751443091886,64023414,-0.088989146,0.30307123,-0.55058765
1751443091886,64023414,-0.088989146,0.30307123,-0.55058765
1751443091902,64040081,0.0055926223,0.3371171,-0.6003952
1751443091902,64040081,0.0055926223,0.3371171,-0.6003952
1751443091919,64056748,0.075221874,0.35622266,-0.51159286
1751443091919,64056748,0.075221874,0.35622266,-0.51159286
1751443091936,64073415,0.16578217,0.35391617,-0.32763672
1751443091936,64073415,0.16578217,0.35391617,-0.32763672
1751443091952,64090082,0.19502611,0.3638159,-0.3770752
1751443091952,64090082,0.19502611,0.3638159,-0.3770752
1751443091969,64106749,0.19721182,0.39989665,-0.653594
1751443091969,64106749,0.19721182,0.39989665,-0.653594
1751443091986,64123416,0.2534996,0.4284208,-0.8187046
1751443091986,64123416,0.2534996,0.4284208,-0.8187046
1751443092002,64140083,0.23407303,0.53871095,-0.6385765
1751443092002,64140083,0.23407303,0.53871095,-0.6385765
1751443092019,64156750,0.2216707,0.5730555,-0.26787663
1751443092019,64156750,0.2216707,0.5730555,-0.26787663
1751443092036,64173417,0.24463153,0.6138121,-0.013356209
1751443092036,64173417,0.24463153,0.6138121,-0.013356209
1751443092052,64190084,0.20116322,0.63498735,-0.0703907
1751443092052,64190084,0.20116322,0.63498735,-0.0703907
1751443092069,64206751,0.21135592,0.6494124,-0.28169346
1751443092069,64206751,0.21135592,0.6494124,-0.28169346
1751443092086,64223418,0.12015027,0.6094781,-0.50427055
1751443092086,64223418,0.12015027,0.6094781,-0.50427055
1751443092102,64240085,0.018473577,0.5558858,-0.6921196
1751443092102,64240085,0.018473577,0.5558858,-0.6921196
1751443092119,64256752,0.06391844,0.47944853,-0.731349
1751443092119,64256752,0.06391844,0.47944853,-0.731349
1751443092136,64273419,0.082248524,0.3756361,-0.72491837
1751443092136,64273419,0.082248524,0.3756361,-0.72491837
1751443092152,64290086,0.10467824,0.33186543,-0.70993805
1751443092152,64290086,0.10467824,0.33186543,-0.70993805
1751443092169,64306753,0.17321523,0.29204634,-0.6865053
1751443092169,64306753,0.17321523,0.29204634,-0.6865053
1751443092186,64323420,0.047376484,0.26470953,-0.5998316
1751443092186,64323420,0.047376484,0.26470953,-0.5998316
1751443092202,64340087,0.05129931,0.28472266,-0.61114407
1751443092202,64340087,0.05129931,0.28472266,-0.61114407
1751443092219,64356754,0.09327323,0.3432902,-0.5322256
1751443092219,64356754,0.09327323,0.3432902,-0.5322256
1751443092236,64373421,0.23573911,0.36772832,-0.45507908
1751443092236,64373421,0.23573911,0.36772832,-0.45507908
1751443092252,64390088,0.35374033,0.32640445,-0.455122
1751443092252,64390088,0.35374033,0.32640445,-0.455122
1751443092269,64406755,0.29612774,0.24904305,-0.5139351
1751443092269,64406755,0.29612774,0.24904305,-0.5139351
1751443092286,64423422,0.30307043,0.13877104,-0.4931078
1751443092286,64423422,0.30307043,0.13877104,-0.4931078
1751443092302,64440089,0.4160395,0.19451271,-0.19138718
1751443092302,64440089,0.4160395,0.19451271,-0.19138718
1751443092319,64456756,0.7117703,0.27741075,0.06735897
1751443092319,64456756,0.7117703,0.27741075,0.06735897
1751443092336,64473423,0.7739969,0.53054094,0.15923119
1751443092336,64473423,0.7739969,0.53054094,0.15923119
1751443092352,64490090,0.8191287,0.56149405,-0.064679146
1751443092352,64490090,0.8191287,0.56149405,-0.064679146
1751443092369,64506757,0.9710716,0.5000127,-0.23442078
1751443092369,64506757,0.9710716,0.5000127,-0.23442078
1751443092386,64523424,1.1510656,0.57898045,-0.42834663
1751443092386,64523424,1.1510656,0.57898045,-0.42834663
1751443092402,64540091,1.0070914,0.8841978,-0.20832825
1751443092402,64540091,1.0070914,0.8841978,-0.20832825
1751443092419,64556758,0.60414654,0.97157985,0.38538456
1751443092419,64556758,0.60414654,0.97157985,0.38538456
1751443092436,64573425,-0.27007863,0.85369617,1.2043695
1751443092436,64573425,-0.27007863,0.85369617,1.2043695
1751443092452,64590092,-0.8609896,0.45910454,2.0726967
1751443092452,64590092,-0.8609896,0.45910454,2.0726967
1751443092469,64606759,-0.42156032,0.35446832,2.8135633
1751443092469,64606759,-0.42156032,0.35446832,2.8135633
1751443092486,64623426,0.32214254,0.3039033,3.2198257
1751443092486,64623426,0.32214254,0.3039033,3.2198257
1751443092502,64640093,0.24112198,0.38093838,2.9041605
1751443092502,64640093,0.24112198,0.38093838,2.9041605
1751443092519,64656760,-0.014784953,0.36648235,2.4191704
1751443092519,64656760,-0.014784953,0.36648235,2.4191704
1751443092536,64673427,0.22560444,0.44546366,2.2241259
1751443092536,64673427,0.22560444,0.44546366,2.2241259
1751443092552,64690094,0.3365042,0.8410216,2.165718
1751443092552,64690094,0.3365042,0.8410216,2.165718
1751443092569,64706761,0.043377113,1.1584306,1.9803514
1751443092569,64706761,0.043377113,1.1584306,1.9803514
1751443092586,64723428,-0.0924287,1.1117736,2.10287
1751443092586,64723428,-0.0924287,1.1117736,2.10287
1751443092602,64740095,-0.052415784,0.90656227,2.4764357
1751443092602,64740095,-0.052415784,0.90656227,2.4764357
1751443092619,64756762,-0.14934103,0.8880523,2.511839
1751443092619,64756762,-0.14934103,0.8880523,2.511839
1751443092636,64773429,-0.20152608,0.72439206,2.0891266
1751443092636,64773429,-0.20152608,0.72439206,2.0891266
1751443092652,64790096,-0.123110995,0.3808645,1.6830673
1751443092652,64790096,-0.123110995,0.3808645,1.6830673
1751443092669,64806763,-0.24822946,0.11449898,1.3117085
1751443092669,64806763,-0.24822946,0.11449898,1.3117085
1751443092686,64823430,-0.4286879,2.3021834E-05,1.2425327
1751443092686,64823430,-0.4286879,2.3021834E-05,1.2425327
1751443092702,64840097,-0.4517609,-0.001466245,0.8084297
1751443092702,64840097,-0.4517609,-0.001466245,0.8084297
1751443092719,64856764,-0.39149708,0.23019287,0.45935822
1751443092719,64856764,-0.39149708,0.23019287,0.45935822
1751443092736,64873431,-0.2319435,0.438055,0.16158485
1751443092736,64873431,-0.2319435,0.438055,0.16158485
1751443092752,64890098,-0.100789614,0.60552466,-0.2953968
1751443092752,64890098,-0.100789614,0.60552466,-0.2953968
1751443092769,64906765,0.0031983587,0.5476557,-0.7579746
1751443092769,64906765,0.0031983587,0.5476557,-0.7579746
1751443092786,64923432,0.13615568,0.59755474,-0.9512749
1751443092786,64923432,0.13615568,0.59755474,-0.9512749
1751443092802,64940099,0.49205455,0.71304655,-0.32285786
1751443092802,64940099,0.49205455,0.71304655,-0.32285786
1751443092819,64956766,0.47469872,0.49224696,-0.5651207
1751443092819,64956766,0.47469872,0.49224696,-0.5651207
1751443092836,64973433,0.911956,0.11920103,-0.71942997
1751443092836,64973433,0.911956,0.11920103,-0.71942997
1751443092852,64990100,1.1167971,0.124102436,-0.77892494
1751443092852,64990100,1.1167971,0.124102436,-0.77892494
1751443092869,65006767,1.3805537,0.21219091,-0.6894226
1751443092869,65006767,1.3805537,0.21219091,-0.6894226
1751443092886,65023434,1.2106625,0.60400176,-0.5408859
1751443092886,65023434,1.2106625,0.60400176,-0.5408859
1751443092902,65040101,1.5530764,0.3770517,-0.8374195
1751443092902,65040101,1.5530764,0.3770517,-0.8374195
1751443092919,65056768,1.0412185,0.55370384,-0.9054909
1751443092919,65056768,1.0412185,0.55370384,-0.9054909
1751443092936,65073435,0.9443074,0.57516867,-0.6060543
1751443092936,65073435,0.9443074,0.57516867,-0.6060543
1751443092952,65090102,0.76219994,0.36881727,-0.502408
1751443092952,65090102,0.76219994,0.36881727,-0.502408
1751443092969,65106769,0.62137806,-0.058300227,-0.6755762
1751443092969,65106769,0.62137806,-0.058300227,-0.6755762
1751443092986,65123436,0.043682855,-0.14545709,-1.3166943
1751443092986,65123436,0.043682855,-0.14545709,-1.3166943
1751443093002,65140103,-0.086107,-0.17007113,-1.4946318
1751443093002,65140103,-0.086107,-0.17007113,-1.4946318
1751443093019,65156770,-0.20434393,0.23072438,-1.6271992
1751443093019,65156770,-0.20434393,0.23072438,-1.6271992
1751443093036,65173437,-0.19007774,0.26893514,-1.6491966
1751443093036,65173437,-0.19007774,0.26893514,-1.6491966
1751443093052,65190104,-0.40405276,0.15875824,-1.5789576
1751443093052,65190104,-0.40405276,0.15875824,-1.5789576
1751443093069,65206771,-0.40731397,0.21661322,-1.2050381
1751443093069,65206771,-0.40731397,0.21661322,-1.2050381
1751443093086,65223438,-0.42591718,0.12631813,-1.1002645
1751443093086,65223438,-0.42591718,0.12631813,-1.1002645
1751443093102,65240105,-0.4672346,-0.3027168,-1.2612305
1751443093102,65240105,-0.4672346,-0.3027168,-1.2612305
1751443093119,65256772,-0.9666696,-0.476805,-1.6442327
1751443093119,65256772,-0.9666696,-0.476805,-1.6442327
1751443093136,65273439,-1.470468,-0.60916823,-2.0376978
1751443093136,65273439,-1.470468,-0.60916823,-2.0376978
1751443093152,65290106,-1.8991994,-0.4796663,-2.0791335
1751443093152,65290106,-1.8991994,-0.4796663,-2.0791335
1751443093169,65306773,-1.9298275,-0.2661857,-1.9400673
1751443093169,65306773,-1.9298275,-0.2661857,-1.9400673
1751443093186,65323440,-1.790288,-0.09184639,-1.6790314
1751443093186,65323440,-1.790288,-0.09184639,-1.6790314
1751443093202,65340107,-1.9999995,0.13014087,-1.2638979
1751443093202,65340107,-1.9999995,0.13014087,-1.2638979
1751443093219,65356774,-1.7339034,0.0397919,-0.9093485
1751443093219,65356774,-1.7339034,0.0397919,-0.9093485
1751443093236,65373441,-1.3321521,-0.15481268,-0.82468796
1751443093236,65373441,-1.3321521,-0.15481268,-0.82468796
1751443093252,65390108,-1.3225956,-0.3719165,-0.86925983
1751443093252,65390108,-1.3225956,-0.3719165,-0.86925983
1751443093269,65406775,-1.5474832,-0.4963541,-1.0880451
1751443093269,65406775,-1.5474832,-0.4963541,-1.0880451
1751443093286,65423442,-1.6138735,-0.7817073,-1.1429081
1751443093286,65423442,-1.6138735,-0.7817073,-1.1429081
1751443093302,65440109,-1.5773816,-0.7939398,-0.85240173
1751443093302,65440109,-1.5773816,-0.7939398,-0.85240173
1751443093319,65456776,-1.3854223,-0.6200217,-0.37924576
1751443093319,65456776,-1.3854223,-0.6200217,-0.37924576
1751443093336,65473443,-1.615354,-0.5293689,-0.1776228
1751443093336,65473443,-1.615354,-0.5293689,-0.1776228
1751443093352,65490110,-1.919899,-0.38285065,-0.40058327
1751443093352,65490110,-1.919899,-0.38285065,-0.40058327
1751443093369,65506777,-1.9048306,-0.36493453,-0.77206993
1751443093369,65506777,-1.9048306,-0.36493453,-0.77206993
1751443093386,65523444,-1.8041749,-0.35288593,-0.69120884
1751443093386,65523444,-1.8041749,-0.35288593,-0.69120884
1751443093402,65540111,-1.317023,-0.2944609,-0.35090923
1751443093402,65540111,-1.317023,-0.2944609,-0.35090923
1751443093419,65556778,-0.8035167,-0.2303063,-0.012143135
1751443093419,65556778,-0.8035167,-0.2303063,-0.012143135
1751443093436,65573445,-0.6727026,-0.103788465,0.1973095
1751443093436,65573445,-0.6727026,-0.103788465,0.1973095
1751443093452,65590112,-0.7177094,-0.14000963,0.17116165
1751443093452,65590112,-0.7177094,-0.14000963,0.17116165
1751443093469,65606779,-0.9661124,-0.12508745,-0.20575428
1751443093469,65606779,-0.9661124,-0.12508745,-0.20575428
1751443093486,65623446,-1.0896887,-0.07281292,-0.310915
1751443093486,65623446,-1.0896887,-0.07281292,-0.310915
1751443093502,65640113,-1.0564374,0.032329585,-0.16152859
1751443093502,65640113,-1.0564374,0.032329585,-0.16152859
1751443093519,65656780,-0.836896,0.1087918,0.023805618
1751443093519,65656780,-0.836896,0.1087918,0.023805618
1751443093536,65673447,-0.649986,0.16608107,0.25871563
1751443093536,65673447,-0.649986,0.16608107,0.25871563
1751443093552,65690114,-0.7232711,0.22606033,0.30925083
1751443093552,65690114,-0.7232711,0.22606033,0.30925083
1751443093569,65706781,-1.0047268,0.24440226,0.18091202
1751443093569,65706781,-1.0047268,0.24440226,0.18091202
1751443093586,65723448,-1.2552667,0.2058599,0.011620522
1751443093586,65723448,-1.2552667,0.2058599,0.011620522
1751443093602,65740115,-1.3177137,0.2679878,-0.16205597
1751443093602,65740115,-1.3177137,0.2679878,-0.16205597
1751443093619,65756782,-1.3675226,0.42217463,-0.19878006
1751443093619,65756782,-1.3675226,0.42217463,-0.19878006
1751443093636,65773449,-1.2809513,0.47262508,-0.23042488
1751443093636,65773449,-1.2809513,0.47262508,-0.23042488
1751443093652,65790116,-1.2755457,0.47687384,-0.3344345
1751443093652,65790116,-1.2755457,0.47687384,-0.3344345
1751443093669,65806783,-1.3191949,0.5073615,-0.36990452
1751443093669,65806783,-1.3191949,0.5073615,-0.36990452
1751443093686,65823450,-1.4264541,0.46434793,-0.29519367
1751443093686,65823450,-1.4264541,0.46434793,-0.29519367
1751443093702,65840117,-1.4918003,0.3914979,-0.21892834
1751443093702,65840117,-1.4918003,0.3914979,-0.21892834
1751443093719,65856784,-1.5003157,0.22495775,-0.15644455
1751443093719,65856784,-1.5003157,0.22495775,-0.15644455
1751443093736,65873451,-1.5283433,0.06763435,-0.25517845
1751443093736,65873451,-1.5283433,0.06763435,-0.25517845
1751443093752,65890118,-1.6804129,-0.02946683,-0.3653345
1751443093752,65890118,-1.6804129,-0.02946683,-0.3653345
1751443093769,65906785,-1.8119946,-0.19942944,-0.69268036
1751443093769,65906785,-1.8119946,-0.19942944,-0.69268036
1751443093786,65923452,-1.8445369,-0.4288164,-1.070406
1751443093786,65923452,-1.8445369,-0.4288164,-1.070406
1751443093802,65940119,-1.7913585,-0.74494654,-1.3637209
1751443093802,65940119,-1.7913585,-0.74494654,-1.3637209
1751443093819,65956786,-1.8095839,-1.040829,-1.4738302
1751443093819,65956786,-1.8095839,-1.040829,-1.4738302
1751443093836,65973453,-1.7857599,-1.3846092,-1.5727272
1751443093836,65973453,-1.7857599,-1.3846092,-1.5727272
1751443093852,65990120,-1.6253786,-1.5078278,-1.6773043
1751443093852,65990120,-1.6253786,-1.5078278,-1.6773043
1751443093869,66006787,-1.2917246,-1.5104101,-1.7624807
1751443093869,66006787,-1.2917246,-1.5104101,-1.7624807
1751443093886,66023454,-1.1519004,-1.3474425,-1.669774
1751443093886,66023454,-1.1519004,-1.3474425,-1.669774
1751443093902,66040121,-1.0408536,-1.634677,-1.6694365
1751443093902,66040121,-1.0408536,-1.634677,-1.6694365
1751443093919,66056788,-0.9513854,-1.9766216,-1.9356604
1751443093919,66056788,-0.9513854,-1.9766216,-1.9356604
1751443093936,66073455,-0.8766715,-2.1228917,-2.3659658
1751443093936,66073455,-0.8766715,-2.1228917,-2.3659658
1751443093952,66090122,-0.8736287,-1.7389799,-2.5043964
1751443093952,66090122,-0.8736287,-1.7389799,-2.5043964
1751443093969,66106789,-0.5592947,-0.8995858,-2.026866
1751443093969,66106789,-0.5592947,-0.8995858,-2.026866
1751443093986,66123456,-0.10054789,-0.23608646,-0.8532257
1751443093986,66123456,-0.10054789,-0.23608646,-0.8532257
1751443094002,66140123,0.3776013,0.27078417,-0.018827438
1751443094002,66140123,0.3776013,0.27078417,-0.018827438
1751443094019,66156790,1.0540221,0.3372417,0.4114113
1751443094019,66156790,1.0540221,0.3372417,0.4114113
1751443094036,66173457,0.97932494,-0.07650804,-0.4628296
1751443094036,66173457,0.97932494,-0.07650804,-0.4628296
1751443094052,66190124,0.74627495,-0.28733698,-1.6036005
1751443094052,66190124,0.74627495,-0.28733698,-1.6036005
1751443094069,66206791,0.90733904,0.21009704,-1.3717213
1751443094069,66206791,0.90733904,0.21009704,-1.3717213
1751443094086,66223458,1.5671651,0.26820034,-0.51765156
1751443094086,66223458,1.5671651,0.26820034,-0.51765156
1751443094102,66240125,2.4991424,0.08666089,0.3909483
1751443094102,66240125,2.4991424,0.08666089,0.3909483
1751443094119,66256792,1.5232313,-0.07419356,-0.27827072
1751443094119,66256792,1.5232313,-0.07419356,-0.27827072
1751443094136,66273459,0.96335703,-0.30921108,-1.4815636
1751443094136,66273459,0.96335703,-0.30921108,-1.4815636
1751443094152,66290126,0.55815333,0.22576374,-1.7288475
1751443094152,66290126,0.55815333,0.22576374,-1.7288475
1751443094169,66306793,1.4215736,1.3386533,-0.31488705
1751443094169,66306793,1.4215736,1.3386533,-0.31488705
1751443094186,66323460,0.91528785,0.840494,-0.58099747
1751443094186,66323460,0.91528785,0.840494,-0.58099747
1751443094202,66340127,0.55876327,0.9797145,-0.73879814
1751443094202,66340127,0.55876327,0.9797145,-0.73879814
1751443094219,66356794,0.24399948,1.1186005,-0.5811205
1751443094219,66356794,0.24399948,1.1186005,-0.5811205
1751443094236,66373461,0.13526638,1.2101446,0.2908039
1751443094236,66373461,0.13526638,1.2101446,0.2908039
1751443094252,66390128,-0.05128217,1.1165048,0.39814854
1751443094252,66390128,-0.05128217,1.1165048,0.39814854
1751443094269,66406795,-0.26635328,0.4587942,-0.018933296
1751443094269,66406795,-0.26635328,0.4587942,-0.018933296
1751443094286,66423462,0.12640622,0.24198876,-0.09262657
1751443094286,66423462,0.12640622,0.24198876,-0.09262657
1751443094302,66440129,-0.16909713,0.3725971,-0.42682648
1751443094302,66440129,-0.16909713,0.3725971,-0.42682648
1751443094319,66456796,0.26623663,0.49443123,0.21727943
1751443094319,66456796,0.26623663,0.49443123,0.21727943
1751443094336,66473463,0.22460528,0.4150421,0.45111275
1751443094336,66473463,0.22460528,0.4150421,0.45111275
1751443094352,66490130,-0.045442108,0.29181406,0.8640566
1751443094352,66490130,-0.045442108,0.29181406,0.8640566
1751443094369,66506797,-0.19084612,0.10534456,1.0897408
1751443094369,66506797,-0.19084612,0.10534456,1.0897408
1751443094386,66523464,-0.26784337,-0.0801808,0.90380573
1751443094386,66523464,-0.26784337,-0.0801808,0.90380573
1751443094402,66540131,0.01764859,-0.07381739,0.6444454
1751443094402,66540131,0.01764859,-0.07381739,0.6444454
1751443094419,66556798,0.44367304,0.2924649,0.980628
1751443094419,66556798,0.44367304,0.2924649,0.980628
1751443094436,66573465,0.6892849,0.44101587,1.6664934
1751443094436,66573465,0.6892849,0.44101587,1.6664934
1751443094452,66590132,0.28035173,0.5967161,2.0073404
1751443094452,66590132,0.28035173,0.5967161,2.0073404
1751443094469,66606799,-0.29950824,0.87399554,2.4123983
1751443094469,66606799,-0.29950824,0.87399554,2.4123983
1751443094486,66623466,-0.486651,1.195407,2.9527817
1751443094486,66623466,-0.486651,1.195407,2.9527817
1751443094502,66640133,-0.7529374,1.09487,2.8629894
1751443094502,66640133,-0.7529374,1.09487,2.8629894
1751443094519,66656800,-1.3272101,0.5404823,2.3790207
1751443094519,66656800,-1.3272101,0.5404823,2.3790207
1751443094536,66673467,-1.230925,0.31890896,1.7141676
1751443094536,66673467,-1.230925,0.31890896,1.7141676
1751443094552,66690134,-0.5306403,0.36966014,1.1986027
1751443094552,66690134,-0.5306403,0.36966014,1.1986027
1751443094569,66706801,-0.023487123,0.37545437,1.1614466
1751443094569,66706801,-0.023487123,0.37545437,1.1614466
1751443094586,66723468,0.3493365,0.31449693,1.7606316
1751443094586,66723468,0.3493365,0.31449693,1.7606316
1751443094602,66740135,1.1946769,0.30706903,2.133748
1751443094602,66740135,1.1946769,0.30706903,2.133748
1751443094619,66756802,1.2321893,0.07499787,2.4330702
1751443094619,66756802,1.2321893,0.07499787,2.4330702
1751443094636,66773469,0.42686734,-0.3432569,1.7414837
1751443094636,66773469,0.42686734,-0.3432569,1.7414837
1751443094652,66790136,0.34599733,-0.76064587,1.8398848
1751443094652,66790136,0.34599733,-0.76064587,1.8398848
1751443094669,66806803,-0.013426329,-0.6110272,1.1154423
1751443094669,66806803,-0.013426329,-0.6110272,1.1154423
1751443094686,66823470,0.35676032,0.06339688,0.66102314
1751443094686,66823470,0.35676032,0.06339688,0.66102314
1751443094702,66840137,0.3425613,0.58860296,0.0039024353
1751443094702,66840137,0.3425613,0.58860296,0.0039024353
1751443094719,66856804,0.5138856,0.7225608,-0.3045702
1751443094719,66856804,0.5138856,0.7225608,-0.3045702
1751443094736,66873471,0.4198133,0.59309685,-0.70563126
1751443094736,66873471,0.4198133,0.59309685,-0.70563126
1751443094752,66890138,0.23928364,0.23095247,-1.1398268
1751443094752,66890138,0.23928364,0.23095247,-1.1398268
1751443094769,66906805,0.26848587,0.16737628,-1.5943613
1751443094769,66906805,0.26848587,0.16737628,-1.5943613
1751443094786,66923472,0.5398621,0.21651214,-1.6378593
1751443094786,66923472,0.5398621,0.21651214,-1.6378593
1751443094802,66940139,0.95107824,0.16894835,-1.5027609
1751443094802,66940139,0.95107824,0.16894835,-1.5027609
1751443094819,66956806,1.3019063,0.0977221,-1.3084736
1751443094819,66956806,1.3019063,0.0977221,-1.3084736
1751443094836,66973473,1.2436962,0.08888004,-1.218976
1751443094836,66973473,1.2436962,0.08888004,-1.218976
1751443094852,66990140,1.2008303,0.11880597,-1.0002651
1751443094852,66990140,1.2008303,0.11880597,-1.0002651
1751443094869,67006807,1.0111245,0.10835629,-0.6756582
1751443094869,67006807,1.0111245,0.10835629,-0.6756582
1751443094886,67023474,0.92960507,0.3029056,-0.47686768
1751443094886,67023474,0.92960507,0.3029056,-0.47686768
1751443094902,67040141,0.62084633,0.26282772,-0.2177105
1751443094902,67040141,0.62084633,0.26282772,-0.2177105
1751443094919,67056808,0.50105053,0.30070555,-0.04502487
1751443094919,67056808,0.50105053,0.30070555,-0.04502487
1751443094936,67073475,0.40693486,0.26715985,0.0022907257
1751443094936,67073475,0.40693486,0.26715985,0.0022907257
1751443094952,67090142,0.37689045,0.33528185,0.009001732
1751443094952,67090142,0.37689045,0.33528185,0.009001732
1751443094969,67106809,0.1950555,0.31826547,0.06275082
1751443094969,67106809,0.1950555,0.31826547,0.06275082
1751443094986,67123476,0.2642763,0.32819155,0.068226814
1751443094986,67123476,0.2642763,0.32819155,0.068226814
1751443095002,67140143,0.4988318,0.3871382,-0.110663414
1751443095002,67140143,0.4988318,0.3871382,-0.110663414
1751443095019,67156810,0.55604744,0.46561626,-0.43731308
1751443095019,67156810,0.55604744,0.46561626,-0.43731308
1751443095036,67173477,0.5941352,0.61266744,-0.6107168
1751443095036,67173477,0.5941352,0.61266744,-0.6107168
1751443095052,67190144,0.83925194,0.6142496,-0.54650307
1751443095052,67190144,0.83925194,0.6142496,-0.54650307
1751443095069,67206811,0.818726,0.57706904,-0.6129093
1751443095069,67206811,0.818726,0.57706904,-0.6129093
1751443095086,67223478,0.59025115,0.48018038,-0.72819805
1751443095086,67223478,0.59025115,0.48018038,-0.72819805
1751443095102,67240145,0.5106694,0.3662511,-0.88358974
1751443095102,67240145,0.5106694,0.3662511,-0.88358974
1751443095119,67256812,0.38316557,0.31579491,-0.96606636
1751443095119,67256812,0.38316557,0.31579491,-0.96606636
1751443095136,67273479,0.36275986,0.5142653,-0.84464073
1751443095136,67273479,0.36275986,0.5142653,-0.84464073
1751443095152,67290146,0.41317698,0.46854824,-0.59095
1751443095152,67290146,0.41317698,0.46854824,-0.59095
1751443095169,67306813,0.4033694,0.46412808,-0.3252926
1751443095169,67306813,0.4033694,0.46412808,-0.3252926
1751443095186,67323480,0.33084583,0.4285739,-0.3365097
1751443095186,67323480,0.33084583,0.4285739,-0.3365097
1751443095202,67340147,0.27291402,0.36067197,-0.4884653
1751443095202,67340147,0.27291402,0.36067197,-0.4884653
1751443095219,67356814,0.2708503,0.40951952,-0.5907984
1751443095219,67356814,0.2708503,0.40951952,-0.5907984
1751443095236,67373481,0.20860371,0.32715872,-0.6108322
1751443095236,67373481,0.20860371,0.32715872,-0.6108322
1751443095252,67390148,0.06993224,0.29294747,-0.5570679
1751443095252,67390148,0.06993224,0.29294747,-0.5570679
1751443095269,67406815,-0.0403689,0.25368598,-0.37173557
1751443095269,67406815,-0.0403689,0.25368598,-0.37173557
1751443095286,67423482,-0.067685716,0.30774006,-0.2999735
1751443095286,67423482,-0.067685716,0.30774006,-0.2999735
1751443095302,67440149,-0.044464137,0.39757574,-0.3918171
1751443095302,67440149,-0.044464137,0.39757574,-0.3918171
1751443095319,67456816,-0.07063052,0.33901697,-0.4648571
1751443095319,67456816,-0.07063052,0.33901697,-0.4648571
1751443095336,67473483,-0.05541124,0.26370126,-0.5576048
1751443095336,67473483,-0.05541124,0.26370126,-0.5576048
1751443095352,67490150,-0.037549227,0.13714917,-0.60541534
1751443095352,67490150,-0.037549227,0.13714917,-0.60541534
1751443095369,67506817,0.029799068,0.10929694,-0.5284643
1751443095369,67506817,0.029799068,0.10929694,-0.5284643
1751443095386,67523484,0.15843599,0.18367445,-0.39459515
1751443095386,67523484,0.15843599,0.18367445,-0.39459515
1751443095402,67540151,0.22387718,0.31251916,-0.3219576
1751443095402,67540151,0.22387718,0.31251916,-0.3219576
1751443095419,67556818,0.22761314,0.45094496,-0.37856388
1751443095419,67556818,0.22761314,0.45094496,-0.37856388
1751443095436,67573485,0.22756888,0.52611476,-0.46708775
1751443095436,67573485,0.22756888,0.52611476,-0.46708775
1751443095452,67590152,0.22277693,0.5035036,-0.53968143
1751443095452,67590152,0.22277693,0.5035036,-0.53968143
1751443095469,67606819,0.20651463,0.41899917,-0.5052538
1751443095469,67606819,0.20651463,0.41899917,-0.5052538
1751443095486,67623486,0.18252514,0.3540932,-0.50333595
1751443095486,67623486,0.18252514,0.3540932,-0.50333595
1751443095502,67640153,0.35417357,0.3474101,-0.5327549
1751443095502,67640153,0.35417357,0.3474101,-0.5327549
1751443095519,67656820,0.40677688,0.4167883,-0.6346922
1751443095519,67656820,0.40677688,0.4167883,-0.6346922
1751443095536,67673487,0.48002023,0.5484455,-0.6872177
1751443095536,67673487,0.48002023,0.5484455,-0.6872177
1751443095552,67690154,0.46780244,0.65623116,-0.7291279
1751443095552,67690154,0.46780244,0.65623116,-0.7291279
1751443095569,67706821,0.40702447,0.6625843,-0.64321995
1751443095569,67706821,0.40702447,0.6625843,-0.64321995
1751443095586,67723488,0.4465516,0.5022745,-0.37187576
1751443095586,67723488,0.4465516,0.5022745,-0.37187576
1751443095602,67740155,0.44677016,0.4221394,-0.18922138
1751443095602,67740155,0.44677016,0.4221394,-0.18922138
1751443095619,67756822,0.40085346,0.44205007,-0.1921444
1751443095619,67756822,0.40085346,0.44205007,-0.1921444
1751443095636,67773489,0.29884928,0.49316397,-0.24547005
1751443095636,67773489,0.29884928,0.49316397,-0.24547005
1751443095652,67790156,0.2155602,0.50694275,-0.30190754
1751443095652,67790156,0.2155602,0.50694275,-0.30190754
1751443095669,67806823,0.2433724,0.46340126,-0.39832878
1751443095669,67806823,0.2433724,0.46340126,-0.39832878
1751443095686,67823490,0.31958592,0.33744308,-0.55231285
1751443095686,67823490,0.31958592,0.33744308,-0.55231285
1751443095702,67840157,0.30677268,0.22026582,-0.7074003
1751443095702,67840157,0.30677268,0.22026582,-0.7074003
1751443095719,67856824,0.30255625,0.07747886,-0.6755161
1751443095719,67856824,0.30255625,0.07747886,-0.6755161
1751443095736,67873491,0.41881365,-0.09970041,-0.6127939
1751443095736,67873491,0.41881365,-0.09970041,-0.6127939
1751443095752,67890158,0.34970093,-0.12278215,-0.6321173
1751443095752,67890158,0.34970093,-0.12278215,-0.6321173
1751443095769,67906825,0.39871818,-0.14310697,-0.6440735
1751443095769,67906825,0.39871818,-0.14310697,-0.6440735
1751443095786,67923492,0.37594104,-0.04979265,-0.4843235
1751443095786,67923492,0.37594104,-0.04979265,-0.4843235
1751443095802,67940159,0.53290147,0.06502752,-0.41071796
1751443095802,67940159,0.53290147,0.06502752,-0.41071796
1751443095819,67956826,0.60158277,0.18602045,-0.54882145
1751443095819,67956826,0.60158277,0.18602045,-0.54882145
1751443095836,67973493,0.38534015,0.28332067,-0.672842
1751443095836,67973493,0.38534015,0.28332067,-0.672842
1751443095852,67990160,0.55598336,0.31026337,-0.7267513
1751443095852,67990160,0.55598336,0.31026337,-0.7267513
1751443095869,68006827,0.665612,0.31092352,-0.3574438
1751443095869,68006827,0.665612,0.31092352,-0.3574438
1751443095886,68023494,0.9492526,0.395287,0.05920887
1751443095886,68023494,0.9492526,0.395287,0.05920887
1751443095902,68040161,1.1896638,0.48202702,-0.02408886
1751443095902,68040161,1.1896638,0.48202702,-0.02408886
1751443095919,68056828,1.3418564,0.7760146,0.047493935
1751443095919,68056828,1.3418564,0.7760146,0.047493935
1751443095936,68073495,1.0938951,1.0978417,0.5843191
1751443095936,68073495,1.0938951,1.0978417,0.5843191
1751443095952,68090162,0.27721667,0.94965714,1.0314608
1751443095952,68090162,0.27721667,0.94965714,1.0314608
1751443095969,68106829,-0.48514184,0.3390221,2.0187063
1751443095969,68106829,-0.48514184,0.3390221,2.0187063
1751443095986,68123496,-0.37518045,-0.26702222,3.291853
1751443095986,68123496,-0.37518045,-0.26702222,3.291853
1751443096002,68140163,0.10379752,-0.28893742,3.4998875
1751443096002,68140163,0.10379752,-0.28893742,3.4998875
1751443096019,68156830,0.24569151,0.06659815,2.6639776
1751443096019,68156830,0.24569151,0.06659815,2.6639776
1751443096036,68173497,0.28185531,0.16521989,2.1701612
1751443096036,68173497,0.28185531,0.16521989,2.1701612
1751443096052,68190164,0.46086007,0.33218294,2.3317318
1751443096052,68190164,0.46086007,0.33218294,2.3317318
1751443096069,68206831,0.5693224,0.6518381,2.4201508
1751443096069,68206831,0.5693224,0.6518381,2.4201508
1751443096086,68223498,0.2744951,0.661268,2.6789742
1751443096086,68223498,0.2744951,0.661268,2.6789742
1751443096102,68240165,0.10142116,0.58182347,2.9153404
1751443096102,68240165,0.10142116,0.58182347,2.9153404
1751443096119,68256832,-0.17786837,0.4146067,2.5853367
1751443096119,68256832,-0.17786837,0.4146067,2.5853367
1751443096136,68273499,-0.3665006,0.38731846,2.592207
1751443096136,68273499,-0.3665006,0.38731846,2.592207
1751443096152,68290166,-0.102274254,0.3182384,2.6443872
1751443096152,68290166,-0.102274254,0.3182384,2.6443872
1751443096169,68306833,-0.101130866,0.43232435,2.3539972
1751443096169,68306833,-0.101130866,0.43232435,2.3539972
1751443096186,68323500,-0.062369313,0.41765898,1.9392262
1751443096186,68323500,-0.062369313,0.41765898,1.9392262
1751443096202,68340167,-0.10375463,0.15891503,1.1761837
1751443096202,68340167,-0.10375463,0.15891503,1.1761837
1751443096219,68356834,-0.35928467,0.16520245,0.5800991
1751443096219,68356834,-0.35928467,0.16520245,0.5800991
1751443096236,68373501,-0.062686324,0.20243882,0.41985512
1751443096236,68373501,-0.062686324,0.20243882,0.41985512
1751443096252,68390168,0.14803196,0.39398718,0.29757118
1751443096252,68390168,0.14803196,0.39398718,0.29757118
1751443096269,68406835,0.56954134,0.6738036,0.11679077
1751443096269,68406835,0.56954134,0.6738036,0.11679077
1751443096286,68423502,0.69393075,1.0897604,-0.058880806
1751443096286,68423502,0.69393075,1.0897604,-0.058880806
1751443096302,68440169,0.9248614,1.4099478,-0.03151703
1751443096302,68440169,0.9248614,1.4099478,-0.03151703
1751443096319,68456836,1.0722849,1.4382299,-0.03249073
1751443096319,68456836,1.0722849,1.4382299,-0.03249073
1751443096336,68473503,1.2788975,1.1433969,-0.03761673
1751443096336,68473503,1.2788975,1.1433969,-0.03761673
1751443096352,68490170,1.2573187,0.9256775,-0.37676716
1751443096352,68490170,1.2573187,0.9256775,-0.37676716
1751443096369,68506837,0.8944017,0.77996993,-0.9061594
1751443096369,68506837,0.8944017,0.77996993,-0.9061594
1751443096386,68523504,0.4898201,0.7769428,-1.5730677
1751443096386,68523504,0.4898201,0.7769428,-1.5730677
1751443096402,68540171,0.75307435,0.50082505,-2.1347852
1751443096402,68540171,0.75307435,0.50082505,-2.1347852
1751443096419,68556838,0.8078238,0.3870583,-2.1326208
1751443096419,68556838,0.8078238,0.3870583,-2.1326208
1751443096436,68573505,0.98359054,0.1076758,-2.115776
1751443096436,68573505,0.98359054,0.1076758,-2.115776
1751443096452,68590172,1.0348251,-0.10632802,-2.0661507
1751443096452,68590172,1.0348251,-0.10632802,-2.0661507
1751443096469,68606839,0.7470694,-0.21176925,-1.8247838
1751443096469,68606839,0.7470694,-0.21176925,-1.8247838
1751443096486,68623506,0.20598704,-0.4191698,-1.9955039
1751443096486,68623506,0.20598704,-0.4191698,-1.9955039
1751443096503,68640173,-0.0043430105,-0.40416676,-2.373732
1751443096503,68640173,-0.0043430105,-0.40416676,-2.373732
1751443096519,68656840,-0.6368577,-0.6414263,-2.8658485
1751443096519,68656840,-0.6368577,-0.6414263,-2.8658485
1751443096536,68673507,-0.9269148,-0.5583252,-2.683957
1751443096536,68673507,-0.9269148,-0.5583252,-2.683957
1751443096553,68690174,-1.0691903,-0.43591306,-2.162763
1751443096553,68690174,-1.0691903,-0.43591306,-2.162763
1751443096569,68706841,-0.89303607,-0.4303249,-1.799346
1751443096569,68706841,-0.89303607,-0.4303249,-1.799346
1751443096586,68723508,-1.1046871,-0.61527115,-1.5548439
1751443096586,68723508,-1.1046871,-0.61527115,-1.5548439
1751443096603,68740175,-1.4282236,-0.6067456,-1.5657148
1751443096603,68740175,-1.4282236,-0.6067456,-1.5657148
1751443096619,68756842,-1.3871914,-0.44719085,-1.8766556
1751443096619,68756842,-1.3871914,-0.44719085,-1.8766556
1751443096636,68773509,-1.5968266,-0.44853005,-1.516386
1751443096636,68773509,-1.5968266,-0.44853005,-1.516386
1751443096653,68790176,-1.4843049,-0.49098936,-0.9787035
1751443096653,68790176,-1.4843049,-0.49098936,-0.9787035
1751443096669,68806843,-1.1735134,-0.5807972,-0.7325907
1751443096669,68806843,-1.1735134,-0.5807972,-0.7325907
1751443096686,68823510,-1.1305379,-0.6261816,-0.7552252
1751443096686,68823510,-1.1305379,-0.6261816,-0.7552252
1751443096703,68840177,-1.2000958,-0.8721938,-0.892416
1751443096703,68840177,-1.2000958,-0.8721938,-0.892416
1751443096719,68856844,-1.3696173,-1.1388168,-0.9876108
1751443096719,68856844,-1.3696173,-1.1388168,-0.9876108
1751443096736,68873511,-1.3592757,-1.0105392,-1.1181116
1751443096736,68873511,-1.3592757,-1.0105392,-1.1181116
1751443096753,68890178,-1.5276695,-0.627518,-1.1299629
1751443096753,68890178,-1.5276695,-0.627518,-1.1299629
1751443096769,68906845,-1.6255633,-0.56766546,-1.2006178
1751443096769,68906845,-1.6255633,-0.56766546,-1.2006178
1751443096786,68923512,-1.9206376,-0.4678173,-1.5531855
1751443096786,68923512,-1.9206376,-0.4678173,-1.5531855
1751443096803,68940179,-1.949664,-0.51874775,-1.5255623
1751443096803,68940179,-1.949664,-0.51874775,-1.5255623
1751443096819,68956846,-1.424294,-0.4391358,-1.0401487
1751443096819,68956846,-1.424294,-0.4391358,-1.0401487
1751443096836,68973513,-1.3138335,-0.63117456,-0.8160877
1751443096836,68973513,-1.3138335,-0.63117456,-0.8160877
1751443096853,68990180,-1.15769,-0.6648022,-0.5873499
1751443096853,68990180,-1.15769,-0.6648022,-0.5873499
1751443096869,69006847,-1.0361366,-0.7409806,-0.38184357
1751443096869,69006847,-1.0361366,-0.7409806,-0.38184357
1751443096886,69023514,-0.81614697,-0.7004525,0.14347935
1751443096886,69023514,-0.81614697,-0.7004525,0.14347935
1751443096903,69040181,-0.67306554,-0.49192944,0.91948986
1751443096903,69040181,-0.67306554,-0.49192944,0.91948986
1751443096919,69056848,-0.5989193,-0.30663118,1.2099562
1751443096919,69056848,-0.5989193,-0.30663118,1.2099562
1751443096936,69073515,-0.85939604,-0.42320904,0.6113615
1751443096936,69073515,-0.85939604,-0.42320904,0.6113615
1751443096953,69090182,-1.1925936,-0.44670898,-0.30012894
1751443096953,69090182,-1.1925936,-0.44670898,-0.30012894
1751443096969,69106849,-1.4771432,-0.31057772,-0.7499447
1751443096969,69106849,-1.4771432,-0.31057772,-0.7499447
1751443096986,69123516,-1.5861725,-0.15729679,-0.5595932
1751443096986,69123516,-1.5861725,-0.15729679,-0.5595932
1751443097003,69140183,-1.567185,-0.1160334,-0.23742104
1751443097003,69140183,-1.567185,-0.1160334,-0.23742104
1751443097019,69156850,-1.3740431,-0.20449089,-0.3725748
1751443097019,69156850,-1.3740431,-0.20449089,-0.3725748
1751443097036,69173517,-1.2418782,-0.42352018,-0.7397127
1751443097036,69173517,-1.2418782,-0.42352018,-0.7397127
1751443097053,69190184,-1.4107274,-0.53879577,-1.0253849
1751443097053,69190184,-1.4107274,-0.53879577,-1.0253849
1751443097069,69206851,-1.6898947,-0.5329558,-1.0737934
1751443097069,69206851,-1.6898947,-0.5329558,-1.0737934
1751443097086,69223518,-1.8639156,-0.47060564,-0.8746643
1751443097086,69223518,-1.8639156,-0.47060564,-0.8746643
1751443097103,69240185,-1.7510711,-0.44352725,-0.65873146
1751443097103,69240185,-1.7510711,-0.44352725,-0.65873146
1751443097119,69256852,-1.5808222,-0.5192903,-0.570879
1751443097119,69256852,-1.5808222,-0.5192903,-0.570879
1751443097136,69273519,-1.2631721,-0.8726194,-0.8640852
1751443097136,69273519,-1.2631721,-0.8726194,-0.8640852
1751443097153,69290186,-1.075922,-1.0109566,-1.0640106
1751443097153,69290186,-1.075922,-1.0109566,-1.0640106
1751443097169,69306853,-1.0194225,-1.0161456,-1.0144539
1751443097169,69306853,-1.0194225,-1.0161456,-1.0144539
1751443097186,69323520,-0.93866056,-0.84695685,-0.9471617
1751443097186,69323520,-0.93866056,-0.84695685,-0.9471617
1751443097203,69340187,-1.1830951,-0.45173556,-0.7686243
1751443097203,69340187,-1.1830951,-0.45173556,-0.7686243
1751443097219,69356854,-1.3000524,-0.3240227,-0.84058857
1751443097219,69356854,-1.3000524,-0.3240227,-0.84058857
1751443097236,69373521,-0.9858591,-0.35116345,-1.2142172
1751443097236,69373521,-0.9858591,-0.35116345,-1.2142172
1751443097253,69390188,-0.6111286,-0.39658037,-1.4342756
1751443097253,69390188,-0.6111286,-0.39658037,-1.4342756
1751443097269,69406855,-0.072371416,-0.62645495,-1.444581
1751443097269,69406855,-0.072371416,-0.62645495,-1.444581
1751443097286,69423522,0.41613877,-0.9885485,-1.5572319
1751443097286,69423522,0.41613877,-0.9885485,-1.5572319
1751443097303,69440189,0.41654256,-1.0774202,-1.4318438
1751443097303,69440189,0.41654256,-1.0774202,-1.4318438
1751443097319,69456856,0.014363565,-1.0089172,-1.6019163
1751443097319,69456856,0.014363565,-1.0089172,-1.6019163
1751443097336,69473523,-0.43411213,-0.6622329,-1.8147693
1751443097336,69473523,-0.43411213,-0.6622329,-1.8147693
1751443097353,69490190,-0.2697388,-0.37026352,-1.5940447
1751443097353,69490190,-0.2697388,-0.37026352,-1.5940447
1751443097369,69506857,0.34265152,-0.10096214,-1.136631
1751443097369,69506857,0.34265152,-0.10096214,-1.136631
1751443097386,69523524,0.64658326,0.069094785,-0.71957207
1751443097386,69523524,0.64658326,0.069094785,-0.71957207
1751443097403,69540191,0.59153664,0.038244408,-0.47912884
1751443097403,69540191,0.59153664,0.038244408,-0.47912884
1751443097419,69556858,0.45754394,-0.14695217,-0.56716347
1751443097419,69556858,0.45754394,-0.14695217,-0.56716347
1751443097436,69573525,0.42547333,-0.15022217,-0.7345934
1751443097436,69573525,0.42547333,-0.15022217,-0.7345934
1751443097453,69590192,0.63777816,0.1982732,-0.34416103
1751443097453,69590192,0.63777816,0.1982732,-0.34416103
1751443097469,69606859,1.0479686,0.42923963,0.0028467178
1751443097469,69606859,1.0479686,0.42923963,0.0028467178
1751443097486,69623526,0.6247466,0.44536096,-0.22421837
1751443097486,69623526,0.6247466,0.44536096,-0.22421837
1751443097503,69640193,0.25579074,0.18874753,-0.48191643
1751443097503,69640193,0.25579074,0.18874753,-0.48191643
1751443097519,69656860,0.09942528,0.31763113,-0.10906792
1751443097519,69656860,0.09942528,0.31763113,-0.10906792
1751443097536,69673527,-0.79313415,0.57168806,-0.34396553
1751443097536,69673527,-0.79313415,0.57168806,-0.34396553
1751443097553,69690194,-0.53158176,0.8501979,-0.2301197
1751443097553,69690194,-0.53158176,0.8501979,-0.2301197
1751443097569,69706861,0.11408686,1.0028499,0.46148396
1751443097569,69706861,0.11408686,1.0028499,0.46148396
1751443097586,69723528,0.39419034,1.0326291,1.1836586
1751443097586,69723528,0.39419034,1.0326291,1.1836586
1751443097603,69740195,0.2518732,0.085686594,0.76400375
1751443097603,69740195,0.2518732,0.085686594,0.76400375
1751443097619,69756862,0.0928846,-0.83500886,-0.42492867
1751443097619,69756862,0.0928846,-0.83500886,-0.42492867
1751443097636,69773529,0.9131659,-0.6589739,-0.51736355
1751443097636,69773529,0.9131659,-0.6589739,-0.51736355
1751443097653,69790196,0.7830743,-0.2307673,-1.0445509
1751443097653,69790196,0.7830743,-0.2307673,-1.0445509
1751443097669,69806863,0.60379636,0.5644784,-1.1531363
1751443097669,69806863,0.60379636,0.5644784,-1.1531363
1751443097686,69823530,0.5017403,1.28124,-0.7866554
1751443097686,69823530,0.5017403,1.28124,-0.7866554
1751443097703,69840197,0.4070723,1.5944558,-0.3574562
1751443097703,69840197,0.4070723,1.5944558,-0.3574562
1751443097719,69856864,0.0736641,1.3957266,0.42175007
1751443097719,69856864,0.0736641,1.3957266,0.42175007
1751443097736,69873531,-0.28174755,0.7577393,0.8936577
1751443097736,69873531,-0.28174755,0.7577393,0.8936577
1751443097753,69890198,-0.14934334,0.17587899,1.2462587
1751443097753,69890198,-0.14934334,0.17587899,1.2462587
1751443097769,69906865,0.5224251,0.0035697254,1.3337164
1751443097769,69906865,0.5224251,0.0035697254,1.3337164
1751443097786,69923532,0.7614534,0.049954697,1.5419626
1751443097786,69923532,0.7614534,0.049954697,1.5419626
1751443097803,69940199,0.39506885,0.020536818,1.7993069
1751443097803,69940199,0.39506885,0.020536818,1.7993069
1751443097819,69956866,-0.29088137,-0.02553032,1.9015026
1751443097819,69956866,-0.29088137,-0.02553032,1.9015026
1751443097836,69973533,-0.50241655,0.27564624,2.254221
1751443097836,69973533,-0.50241655,0.27564624,2.254221
1751443097853,69990200,-0.3852563,0.40996233,2.4172802
1751443097853,69990200,-0.3852563,0.40996233,2.4172802
1751443097869,70006867,-0.18152152,0.20034271,2.3097153
1751443097869,70006867,-0.18152152,0.20034271,2.3097153
1751443097886,70023534,-0.19962454,-0.24580882,1.691474
1751443097886,70023534,-0.19962454,-0.24580882,1.691474
1751443097903,70040201,0.31253365,-0.31704062,1.1524458
1751443097903,70040201,0.31253365,-0.31704062,1.1524458
1751443097919,70056868,0.62711334,-0.34588832,0.9059515
1751443097919,70056868,0.62711334,-0.34588832,0.9059515
1751443097936,70073535,0.8359647,-0.5611731,1.5077953
1751443097936,70073535,0.8359647,-0.5611731,1.5077953
1751443097953,70090202,0.097280875,-0.41636643,2.5987616
1751443097953,70090202,0.097280875,-0.41636643,2.5987616
1751443097969,70106869,0.25320384,-0.24407592,2.764677
1751443097969,70106869,0.25320384,-0.24407592,2.764677
1751443097986,70123536,-0.36997,0.19906712,2.850851
1751443097986,70123536,-0.36997,0.19906712,2.850851
1751443098003,70140203,-0.44862118,0.41146198,2.2242298
1751443098003,70140203,-0.44862118,0.41146198,2.2242298
1751443098019,70156870,-0.018910727,0.68908376,1.4550877
1751443098019,70156870,-0.018910727,0.68908376,1.4550877
1751443098036,70173537,0.24121407,0.7276594,0.40718746
1751443098036,70173537,0.24121407,0.7276594,0.40718746
1751443098053,70190204,0.111105695,0.40165758,0.1288538
1751443098053,70190204,0.111105695,0.40165758,0.1288538
1751443098069,70206871,0.16447192,0.10124053,-0.28081226
1751443098069,70206871,0.16447192,0.10124053,-0.28081226
1751443098086,70223538,0.45922318,0.12327466,-0.9928179
1751443098086,70223538,0.45922318,0.12327466,-0.9928179
1751443098103,70240205,0.53453445,0.28940246,-1.4472723
1751443098103,70240205,0.53453445,0.28940246,-1.4472723
1751443098119,70256872,0.6285474,0.10453645,-1.5963964
1751443098119,70256872,0.6285474,0.10453645,-1.5963964
1751443098136,70273539,0.66612834,-0.17842458,-1.6270351
1751443098136,70273539,0.66612834,-0.17842458,-1.6270351
1751443098153,70290206,0.80333877,-0.20353816,-1.694335
1751443098153,70290206,0.80333877,-0.20353816,-1.694335
1751443098169,70306873,0.79375917,-0.09768589,-1.5864191
1751443098169,70306873,0.79375917,-0.09768589,-1.5864191
1751443098186,70323540,0.75304985,0.25184,-1.2074614
1751443098186,70323540,0.75304985,0.25184,-1.2074614
1751443098203,70340207,0.6331692,0.31394908,-0.93916035
1751443098203,70340207,0.6331692,0.31394908,-0.93916035
1751443098219,70356874,0.5849124,0.4476423,-0.6928797
1751443098219,70356874,0.5849124,0.4476423,-0.6928797
1751443098236,70373541,0.55027384,0.35075867,-0.39828777
1751443098236,70373541,0.55027384,0.35075867,-0.39828777
1751443098253,70390208,0.5542115,0.2775053,-0.069761276
1751443098253,70390208,0.5542115,0.2775053,-0.069761276
1751443098269,70406875,0.5281602,0.30082402,0.1449728
1751443098269,70406875,0.5281602,0.30082402,0.1449728
1751443098286,70423542,0.56987035,0.4530982,0.14566422
1751443098286,70423542,0.56987035,0.4530982,0.14566422
1751443098303,70440209,0.5976775,0.4743494,0.05485058
1751443098303,70440209,0.5976775,0.4743494,0.05485058
1751443098319,70456876,0.41819245,0.49077013,-0.04965973
1751443098319,70456876,0.41819245,0.49077013,-0.04965973
1751443098336,70473543,0.44113785,0.38484052,-0.058106422
1751443098336,70473543,0.44113785,0.38484052,-0.058106422
1751443098353,70490210,0.41071483,0.48869845,-0.11533165
1751443098353,70490210,0.41071483,0.48869845,-0.11533165
1751443098369,70506877,0.5757902,0.46862683,-0.27132988
1751443098369,70506877,0.5757902,0.46862683,-0.27132988
1751443098386,70523544,0.7729107,0.46250546,-0.53597164
1751443098386,70523544,0.7729107,0.46250546,-0.53597164
1751443098403,70540211,0.62560403,0.4190916,-0.8422804
1751443098403,70540211,0.62560403,0.4190916,-0.8422804
1751443098419,70556878,0.5743622,0.36401755,-0.98712444
1751443098419,70556878,0.5743622,0.36401755,-0.98712444
1751443098436,70573545,0.68656945,0.22820014,-0.7900858
1751443098436,70573545,0.68656945,0.22820014,-0.7900858
1751443098453,70590212,0.7281126,0.22337304,-0.57208157
1751443098453,70590212,0.7281126,0.22337304,-0.57208157
1751443098469,70606879,0.5860272,0.2925851,-0.6171198
1751443098469,70606879,0.5860272,0.2925851,-0.6171198
1751443098486,70623546,0.5237606,0.5387353,-0.6807127
1751443098486,70623546,0.5237606,0.5387353,-0.6807127
1751443098503,70640213,0.477656,0.6328916,-0.67263126
1751443098503,70640213,0.477656,0.6328916,-0.67263126
1751443098519,70656880,0.32161468,0.60735357,-0.52459526
1751443098519,70656880,0.32161468,0.60735357,-0.52459526
1751443098536,70673547,0.18399407,0.47160453,-0.25469875
1751443098536,70673547,0.18399407,0.47160453,-0.25469875
1751443098553,70690214,0.08495671,0.30437177,-0.09656429
1751443098553,70690214,0.08495671,0.30437177,-0.09656429
1751443098569,70706881,0.015238324,0.14652169,-0.21867657
1751443098569,70706881,0.015238324,0.14652169,-0.21867657
1751443098586,70723548,0.076345645,0.13608514,-0.5022917
1751443098586,70723548,0.076345645,0.13608514,-0.5022917
1751443098603,70740215,0.06240296,0.14833264,-0.6414232
1751443098603,70740215,0.06240296,0.14833264,-0.6414232
1751443098619,70756882,0.108295314,0.10888042,-0.62558365
1751443098619,70756882,0.108295314,0.10888042,-0.62558365
1751443098636,70773549,0.07966492,0.075555146,-0.5376358
1751443098636,70773549,0.07966492,0.075555146,-0.5376358
1751443098653,70790216,0.061852578,0.06146612,-0.47974014
1751443098653,70790216,0.061852578,0.06146612,-0.47974014
1751443098669,70806883,0.11707137,0.05128745,-0.46777058
1751443098669,70806883,0.11707137,0.05128745,-0.46777058
1751443098686,70823550,0.15950164,0.123615295,-0.46589184
1751443098686,70823550,0.15950164,0.123615295,-0.46589184
1751443098703,70840217,0.09602409,0.14050572,-0.46565628
1751443098703,70840217,0.09602409,0.14050572,-0.46565628
1751443098719,70856884,0.068190314,0.18341658,-0.46638203
1751443098719,70856884,0.068190314,0.18341658,-0.46638203
1751443098736,70873551,0.10254496,0.25498587,-0.5715952
1751443098736,70873551,0.10254496,0.25498587,-0.5715952
1751443098753,70890218,0.14232597,0.30348775,-0.66064835
1751443098753,70890218,0.14232597,0.30348775,-0.66064835
1751443098769,70906885,0.17541221,0.3117979,-0.61731434
1751443098769,70906885,0.17541221,0.3117979,-0.61731434
1751443098786,70923552,0.14270608,0.34388256,-0.52682877
1751443098786,70923552,0.14270608,0.34388256,-0.52682877
1751443098803,70940219,0.0874187,0.3975588,-0.39496803
1751443098803,70940219,0.0874187,0.3975588,-0.39496803
1751443098819,70956886,0.07002019,0.41993666,-0.37845325
1751443098819,70956886,0.07002019,0.41993666,-0.37845325
1751443098836,70973553,0.08570316,0.42549032,-0.3861866
1751443098836,70973553,0.08570316,0.42549032,-0.3861866
1751443098853,70990220,0.076575205,0.35559615,-0.48869228
1751443098853,70990220,0.076575205,0.35559615,-0.48869228
1751443098869,71006887,0.08016571,0.29465613,-0.5172024
1751443098869,71006887,0.08016571,0.29465613,-0.5172024
1751443098886,71023554,0.1349129,0.22363186,-0.48281097
1751443098886,71023554,0.1349129,0.22363186,-0.48281097
1751443098903,71040221,0.3009074,0.23169766,-0.44067383
1751443098903,71040221,0.3009074,0.23169766,-0.44067383
1751443098919,71056888,0.33346346,0.25036016,-0.41740894
1751443098919,71056888,0.33346346,0.25036016,-0.41740894
1751443098936,71073555,0.3661011,0.24372908,-0.4178133
1751443098936,71073555,0.3661011,0.24372908,-0.4178133
1751443098953,71090222,0.40080696,0.24935,-0.47009945
1751443098953,71090222,0.40080696,0.24935,-0.47009945
1751443098969,71106889,0.42199183,0.26685077,-0.5712662
1751443098969,71106889,0.42199183,0.26685077,-0.5712662
1751443098986,71123556,0.42229712,0.30400756,-0.66655254
1751443098986,71123556,0.42229712,0.30400756,-0.66655254
1751443099003,71140223,0.32263044,0.2726096,-0.67649364
1751443099003,71140223,0.32263044,0.2726096,-0.67649364
1751443099019,71156890,0.32904282,0.2938013,-0.6475258
1751443099019,71156890,0.32904282,0.2938013,-0.6475258
1751443099036,71173557,0.31024727,0.3012179,-0.5379772
1751443099036,71173557,0.31024727,0.3012179,-0.5379772
1751443099053,71190224,0.18977262,0.26884842,-0.45909595
1751443099053,71190224,0.18977262,0.26884842,-0.45909595
1751443099069,71206891,0.1764839,0.3020049,-0.4355831
1751443099069,71206891,0.1764839,0.3020049,-0.4355831
1751443099086,71223558,0.23846558,0.32943803,-0.47024632
1751443099086,71223558,0.23846558,0.32943803,-0.47024632
1751443099103,71240225,0.2306524,0.3465304,-0.4306774
1751443099103,71240225,0.2306524,0.3465304,-0.4306774
1751443099119,71256892,0.22536953,0.3253077,-0.44705772
1751443099119,71256892,0.22536953,0.3253077,-0.44705772
1751443099136,71273559,0.28731576,0.29311943,-0.5345926
1751443099136,71273559,0.28731576,0.29311943,-0.5345926
1751443099153,71290226,0.36173272,0.21247756,-0.45802212
1751443099153,71290226,0.36173272,0.21247756,-0.45802212
1751443099169,71306893,0.3675627,0.08021578,-0.4439764
1751443099169,71306893,0.3675627,0.08021578,-0.4439764
1751443099186,71323560,0.4506909,0.046077754,-0.51704884
1751443099186,71323560,0.4506909,0.046077754,-0.51704884
1751443099203,71340227,0.48020327,0.037479546,-0.63815784
1751443099203,71340227,0.48020327,0.037479546,-0.63815784
1751443099219,71356894,0.39415407,0.112283856,-0.5633583
1751443099219,71356894,0.39415407,0.112283856,-0.5633583
1751443099236,71373561,0.45821965,0.15457541,-0.19452477
1751443099236,71373561,0.45821965,0.15457541,-0.19452477
1751443099253,71390228,0.61138964,0.2589723,0.23461533
1751443099253,71390228,0.61138964,0.2589723,0.23461533
1751443099269,71406895,0.84926987,0.36614203,0.04824543
1751443099269,71406895,0.84926987,0.36614203,0.04824543
1751443099286,71423562,0.70046526,0.5593815,-0.3497839
1751443099286,71423562,0.70046526,0.5593815,-0.3497839
1751443099303,71440229,0.5867313,0.5907051,-0.4192543
1751443099303,71440229,0.5867313,0.5907051,-0.4192543
1751443099319,71456896,0.6782128,0.60207057,-0.38214588
1751443099319,71456896,0.6782128,0.60207057,-0.38214588
1751443099336,71473563,0.7685481,0.6244137,-0.43221664
1751443099336,71473563,0.7685481,0.6244137,-0.43221664
1751443099353,71490230,0.833853,0.68104386,-0.35786724
1751443099353,71490230,0.833853,0.68104386,-0.35786724
1751443099369,71506897,0.38689405,0.6567549,-0.16085911
1751443099369,71506897,0.38689405,0.6567549,-0.16085911
1751443099386,71523564,-0.36184338,0.52692646,0.50242233
1751443099386,71523564,-0.36184338,0.52692646,0.50242233
1751443099403,71540231,-0.7326202,0.14253846,1.7149687
1751443099403,71540231,-0.7326202,0.14253846,1.7149687
1751443099419,71556898,-0.91482246,-0.111035645,2.9093838
1751443099419,71556898,-0.91482246,-0.111035645,2.9093838
1751443099436,71573565,-0.5300441,-0.3357243,3.6630678
1751443099436,71573565,-0.5300441,-0.3357243,3.6630678
1751443099453,71590232,0.2203669,-0.26752624,3.4267912
1751443099453,71590232,0.2203669,-0.26752624,3.4267912
1751443099469,71606899,0.7383106,-0.18714583,2.7805853
1751443099469,71606899,0.7383106,-0.18714583,2.7805853
1751443099486,71623566,1.00713,-0.07402235,2.5240822
1751443099486,71623566,1.00713,-0.07402235,2.5240822
1751443099503,71640233,0.9867566,0.4834916,2.4833918
1751443099503,71640233,0.9867566,0.4834916,2.4833918
1751443099519,71656900,0.7972359,0.90902025,2.3473988
1751443099519,71656900,0.7972359,0.90902025,2.3473988
1751443099536,71673567,0.486695,0.9308682,2.283265
1751443099536,71673567,0.486695,0.9308682,2.283265
1751443099553,71690234,0.22664149,0.6165124,2.5366125
1751443099553,71690234,0.22664149,0.6165124,2.5366125
1751443099569,71706901,0.08973048,0.5949361,2.9088602
1751443099569,71706901,0.08973048,0.5949361,2.9088602
1751443099586,71723568,-0.35243705,0.2794949,2.504672
1751443099586,71723568,-0.35243705,0.2794949,2.504672
1751443099603,71740235,-0.56305015,0.21921949,2.2137642
1751443099603,71740235,-0.56305015,0.21921949,2.2137642
1751443099619,71756902,-0.42829508,0.02418589,1.7024345
1751443099619,71756902,-0.42829508,0.02418589,1.7024345
1751443099636,71773569,-0.48668393,0.06346427,1.4784689
1751443099636,71773569,-0.48668393,0.06346427,1.4784689
1751443099653,71790236,-0.28741032,0.116929464,1.3650131
1751443099653,71790236,-0.28741032,0.116929464,1.3650131
1751443099669,71806903,-0.09941595,0.24513784,0.9478531
1751443099669,71806903,-0.09941595,0.24513784,0.9478531
1751443099686,71823570,0.2481561,0.38257036,0.29463673
1751443099686,71823570,0.2481561,0.38257036,0.29463673
1751443099703,71840237,1.3748676,0.14926821,-0.28125954
1751443099703,71840237,1.3748676,0.14926821,-0.28125954
1751443099719,71856904,-0.25445288,0.75439376,-0.9462919
1751443099719,71856904,-0.25445288,0.75439376,-0.9462919
1751443099736,71873571,1.0267082,0.20647836,-0.9892616
1751443099736,71873571,1.0267082,0.20647836,-0.9892616
1751443099753,71890238,1.0052416,0.15916805,-0.83009243
1751443099753,71890238,1.0052416,0.15916805,-0.83009243
1751443099769,71906905,0.91892374,0.2703662,-0.8885298
1751443099769,71906905,0.91892374,0.2703662,-0.8885298
1751443099786,71923572,0.84761983,0.48628506,-1.0742865
1751443099786,71923572,0.84761983,0.48628506,-1.0742865
1751443099803,71940239,1.0132711,0.847984,-1.1281319
1751443099803,71940239,1.0132711,0.847984,-1.1281319
1751443099819,71956906,1.0348295,1.3280308,-1.1243744
1751443099819,71956906,1.0348295,1.3280308,-1.1243744
1751443099836,71973573,0.9698768,1.6113344,-1.0521345
1751443099836,71973573,0.9698768,1.6113344,-1.0521345
1751443099853,71990240,0.85697687,1.6682729,-0.8614979
1751443099853,71990240,0.85697687,1.6682729,-0.8614979
1751443099869,72006907,0.8554408,1.5271363,-0.55223274
1751443099869,72006907,0.8554408,1.5271363,-0.55223274
1751443099886,72023574,0.55162305,0.9616594,-0.6041403
1751443099886,72023574,0.55162305,0.9616594,-0.6041403
1751443099903,72040241,0.22769466,0.35816476,-0.94588184
1751443099903,72040241,0.22769466,0.35816476,-0.94588184
1751443099919,72056908,-0.15329096,-0.38832983,-1.7103815
1751443099919,72056908,-0.15329096,-0.38832983,-1.7103815
1751443099936,72073575,-0.51589084,-0.47906637,-2.2725415
1751443099936,72073575,-0.51589084,-0.47906637,-2.2725415
1751443099953,72090242,-0.7145228,-0.65498304,-2.4918246
1751443099953,72090242,-0.7145228,-0.65498304,-2.4918246
1751443099969,72106909,-0.50780636,-0.583171,-2.3417807
1751443099969,72106909,-0.50780636,-0.583171,-2.3417807
1751443099986,72123576,-0.07451374,-0.57862407,-1.9222918
1751443099986,72123576,-0.07451374,-0.57862407,-1.9222918
1751443100003,72140243,0.23628779,-0.79709166,-1.6363802
1751443100003,72140243,0.23628779,-0.79709166,-1.6363802
1751443100019,72156910,-0.05376836,-0.9321003,-1.8840394
1751443100019,72156910,-0.05376836,-0.9321003,-1.8840394
1751443100036,72173577,-0.6418854,-0.9301174,-2.3053327
1751443100036,72173577,-0.6418854,-0.9301174,-2.3053327
1751443100053,72190244,-1.2302209,-0.8555921,-2.4472742
1751443100053,72190244,-1.2302209,-0.8555921,-2.4472742
1751443100069,72206911,-1.5962546,-0.80568653,-2.1488657
1751443100069,72206911,-1.5962546,-0.80568653,-2.1488657
1751443100086,72223578,-1.5422907,-0.6304622,-1.7073822
1751443100086,72223578,-1.5422907,-0.6304622,-1.7073822
1751443100103,72240245,-1.3417364,-0.56128675,-1.1624012
1751443100103,72240245,-1.3417364,-0.56128675,-1.1624012
1751443100119,72256912,-1.4273448,-0.5024904,-0.751112
1751443100119,72256912,-1.4273448,-0.5024904,-0.751112
1751443100136,72273579,-1.3017528,-0.48481682,-0.6370754
1751443100136,72273579,-1.3017528,-0.48481682,-0.6370754
1751443100153,72290246,-1.0372277,-0.6068138,-0.71558
1751443100153,72290246,-1.0372277,-0.6068138,-0.71558
1751443100169,72306913,-1.0749056,-0.6559889,-1.1447458
1751443100169,72306913,-1.0749056,-0.6559889,-1.1447458
1751443100186,72323580,-1.3390176,-0.768786,-1.7978697
1751443100186,72323580,-1.3390176,-0.768786,-1.7978697
1751443100203,72340247,-1.675753,-0.85050446,-1.809927
1751443100203,72340247,-1.675753,-0.85050446,-1.809927
1751443100219,72356914,-1.711453,-0.7071808,-1.2463608
1751443100219,72356914,-1.711453,-0.7071808,-1.2463608
1751443100236,72373581,-1.6254237,-0.5342418,-0.58923626
1751443100236,72373581,-1.6254237,-0.5342418,-0.58923626
1751443100253,72390248,-1.4464296,-0.43120053,-0.17382336
1751443100253,72390248,-1.4464296,-0.43120053,-0.17382336
1751443100269,72406915,-1.4263517,-0.5845027,0.0398407
1751443100269,72406915,-1.4263517,-0.5845027,0.0398407
1751443100286,72423582,-1.3398284,-0.66484284,-0.05446434
1751443100286,72423582,-1.3398284,-0.66484284,-0.05446434
1751443100303,72440249,-1.2693558,-0.71113193,-0.0362072
1751443100303,72440249,-1.2693558,-0.71113193,-0.0362072
1751443100319,72456916,-1.0180799,-0.5846824,-0.11760235
1751443100319,72456916,-1.0180799,-0.5846824,-0.11760235
1751443100336,72473583,-0.89178693,-0.47741473,-0.22657967
1751443100336,72473583,-0.89178693,-0.47741473,-0.22657967
1751443100353,72490250,-0.9243565,-0.36582366,-0.38850975
1751443100353,72490250,-0.9243565,-0.36582366,-0.38850975
1751443100369,72506917,-0.84520113,-0.31533253,-0.46779442
1751443100369,72506917,-0.84520113,-0.31533253,-0.46779442
1751443100386,72523584,-0.7797361,-0.11498289,-0.34607506
1751443100386,72523584,-0.7797361,-0.11498289,-0.34607506
1751443100403,72540251,-0.8516601,-0.020137623,-0.16608906
1751443100403,72540251,-0.8516601,-0.020137623,-0.16608906
1751443100419,72556918,-0.83245,0.07068709,-0.07446575
1751443100419,72556918,-0.83245,0.07068709,-0.07446575
1751443100436,72573585,-0.76647156,0.12285233,0.00548172
1751443100436,72573585,-0.76647156,0.12285233,0.00548172
1751443100453,72590252,-1.0134711,0.0990795,-0.005768776
1751443100453,72590252,-1.0134711,0.0990795,-0.005768776
1751443100469,72606919,-1.1123022,0.16050354,-0.07837868
1751443100469,72606919,-1.1123022,0.16050354,-0.07837868
1751443100486,72623586,-1.1368434,0.21412563,-0.09006119
1751443100486,72623586,-1.1368434,0.21412563,-0.09006119
1751443100503,72640253,-1.0911843,0.21024545,0.04711342
1751443100503,72640253,-1.0911843,0.21024545,0.04711342
1751443100519,72656920,-0.8251332,0.07158829,0.22757721
1751443100519,72656920,-0.8251332,0.07158829,0.22757721
1751443100536,72673587,-0.60198206,0.0037684285,0.094667435
1751443100536,72673587,-0.60198206,0.0037684285,0.094667435
1751443100553,72690254,-0.58670753,-0.03884834,-0.22819138
1751443100553,72690254,-0.58670753,-0.03884834,-0.22819138
1751443100569,72706921,-0.57299525,-0.07353934,-0.51224995
1751443100569,72706921,-0.57299525,-0.07353934,-0.51224995
1751443100586,72723588,-0.48311952,-0.17400618,-0.59956646
1751443100586,72723588,-0.48311952,-0.17400618,-0.59956646
1751443100603,72740255,-0.3832106,-0.30711105,-0.24283028
1751443100603,72740255,-0.3832106,-0.30711105,-0.24283028
1751443100619,72756922,-0.32947084,-0.51167256,0.20932293
1751443100619,72756922,-0.32947084,-0.51167256,0.20932293
1751443100636,72773589,-0.33325413,-0.59897625,0.35007858
1751443100636,72773589,-0.33325413,-0.59897625,0.35007858
1751443100653,72790256,-0.49565715,-0.7934399,0.119641304
1751443100653,72790256,-0.49565715,-0.7934399,0.119641304
1751443100669,72806923,-0.84081405,-0.97548723,-0.26958275
1751443100669,72806923,-0.84081405,-0.97548723,-0.26958275
1751443100686,72823590,-1.0521551,-0.989518,-0.5563221
1751443100686,72823590,-1.0521551,-0.989518,-0.5563221
1751443100703,72840257,-1.0373104,-0.94923496,-0.6385231
1751443100703,72840257,-1.0373104,-0.94923496,-0.6385231
1751443100719,72856924,-0.8616408,-0.96221566,-0.52169037
1751443100719,72856924,-0.8616408,-0.96221566,-0.52169037
1751443100736,72873591,-0.7763139,-0.96927446,-0.21512318
1751443100736,72873591,-0.7763139,-0.96927446,-0.21512318
1751443100753,72890258,-0.72738916,-1.0422968,-0.029593468
1751443100753,72890258,-0.72738916,-1.0422968,-0.029593468
1751443100769,72906925,-0.78032327,-1.080935,-0.15348625
1751443100769,72906925,-0.78032327,-1.080935,-0.15348625
1751443100786,72923592,-0.84741104,-1.0484785,-0.42302895
1751443100786,72923592,-0.84741104,-1.0484785,-0.42302895
1751443100803,72940259,-1.0003076,-0.7854782,-0.36641312
1751443100803,72940259,-1.0003076,-0.7854782,-0.36641312
1751443100819,72956926,-0.80924386,-0.6283374,-0.030603409
1751443100819,72956926,-0.80924386,-0.6283374,-0.030603409
1751443100836,72973593,-0.35403123,-0.8331631,0.05277157
1751443100836,72973593,-0.35403123,-0.8331631,0.05277157
1751443100853,72990260,0.07601044,-1.4189988,-0.45278835
1751443100853,72990260,0.07601044,-1.4189988,-0.45278835
1751443100869,73006927,0.4831535,-1.9617258,-1.002327
1751443100869,73006927,0.4831535,-1.9617258,-1.002327
1751443100886,73023594,0.5510388,-1.9409472,-0.81848335
1751443100886,73023594,0.5510388,-1.9409472,-0.81848335
1751443100903,73040261,0.10126646,-1.3797858,-0.5476141
1751443100903,73040261,0.10126646,-1.3797858,-0.5476141
1751443100919,73056928,-0.48618442,-1.0402884,-1.2238331
1751443100919,73056928,-0.48618442,-1.0402884,-1.2238331
1751443100936,73073595,-1.4279046,-0.6825671,-2.425537
1751443100936,73073595,-1.4279046,-0.6825671,-2.425537
1751443100953,73090262,-2.022501,-0.24429207,-3.1287599
1751443100953,73090262,-2.022501,-0.24429207,-3.1287599
1751443100969,73106929,-1.7556537,0.37582922,-2.7204418
1751443100969,73106929,-1.7556537,0.37582922,-2.7204418
1751443100986,73123596,-0.91000795,0.5462726,-1.4864225
1751443100986,73123596,-0.91000795,0.5462726,-1.4864225
1751443101003,73140263,-0.058606565,0.44174966,-0.6495981
1751443101003,73140263,-0.058606565,0.44174966,-0.6495981
1751443101019,73156930,-0.31946406,0.016397357,-1.0938988
1751443101019,73156930,-0.31946406,0.016397357,-1.0938988
1751443101036,73173597,-0.43282837,-0.77471477,-2.445497
1751443101036,73173597,-0.43282837,-0.77471477,-2.445497
1751443101053,73190264,-0.587647,-1.0124375,-3.0158253
1751443101053,73190264,-0.587647,-1.0124375,-3.0158253
1751443101069,73206931,-0.37535918,-0.6507079,-2.655849
1751443101069,73206931,-0.37535918,-0.6507079,-2.655849
1751443101086,73223598,-0.16735806,-0.015232631,-1.3746929
1751443101086,73223598,-0.16735806,-0.015232631,-1.3746929
1751443101103,73240265,0.64871866,0.45709965,-0.22192192
1751443101103,73240265,0.64871866,0.45709965,-0.22192192
1751443101119,73256932,0.6870949,0.63616145,-0.19168854
1751443101119,73256932,0.6870949,0.63616145,-0.19168854
1751443101136,73273599,0.4073647,0.14125036,-0.64274025
1751443101136,73273599,0.4073647,0.14125036,-0.64274025
1751443101153,73290266,0.7081587,-0.5109533,-0.7101431
1751443101153,73290266,0.7081587,-0.5109533,-0.7101431
1751443101169,73306933,1.2153987,-0.26819497,0.039331436
1751443101169,73306933,1.2153987,-0.26819497,0.039331436
1751443101186,73323600,1.3556856,0.41938922,1.1165905
1751443101186,73323600,1.3556856,0.41938922,1.1165905
1751443101203,73340267,1.1552361,1.5768548,2.1104326
1751443101203,73340267,1.1552361,1.5768548,2.1104326
1751443101219,73356934,0.5363726,0.8232387,0.55597496
1751443101219,73356934,0.5363726,0.8232387,0.55597496
1751443101236,73373601,-0.53408027,0.6738416,-1.5860186
1751443101236,73373601,-0.53408027,0.6738416,-1.5860186
1751443101253,73390268,-0.6409158,0.93416846,-1.9736638
1751443101253,73390268,-0.6409158,0.93416846,-1.9736638
1751443101269,73406935,0.25354046,0.9387068,-1.9157567
1751443101269,73406935,0.25354046,0.9387068,-1.9157567
1751443101286,73423602,0.3338197,1.2866621,-0.8611431
1751443101286,73423602,0.3338197,1.2866621,-0.8611431
1751443101303,73440269,0.31819382,0.8432375,-0.6129761
1751443101303,73440269,0.31819382,0.8432375,-0.6129761
1751443101319,73456936,0.47957388,0.40517914,-0.9806423
1751443101319,73456936,0.47957388,0.40517914,-0.9806423
1751443101336,73473603,0.34757304,0.070191115,-0.8065529
1751443101336,73473603,0.34757304,0.070191115,-0.8065529
1751443101353,73490270,0.3987644,0.04242969,-0.11113167
1751443101353,73490270,0.3987644,0.04242969,-0.11113167
1751443101369,73506937,0.5182807,-0.1735663,0.48425293
1751443101369,73506937,0.5182807,-0.1735663,0.48425293
1751443101386,73523604,0.4274445,-0.52596444,0.43066502
1751443101386,73523604,0.4274445,-0.52596444,0.43066502
1751443101403,73540271,0.062449038,-0.6575405,0.4469099
1751443101403,73540271,0.062449038,-0.6575405,0.4469099
1751443101419,73556938,0.031600144,-0.4968474,0.6036415
1751443101419,73556938,0.031600144,-0.4968474,0.6036415
1751443101436,73573605,0.18445477,0.078588046,0.52811813
1751443101436,73573605,0.18445477,0.078588046,0.52811813
1751443101453,73590272,0.50233823,0.5735736,0.6924839
1751443101453,73590272,0.50233823,0.5735736,0.6924839
1751443101469,73606939,0.311192,0.5611664,0.89782715
1751443101469,73606939,0.311192,0.5611664,0.89782715
1751443101486,73623606,0.14369063,0.6542544,1.4269962
1751443101486,73623606,0.14369063,0.6542544,1.4269962
1751443101503,73640273,-0.13094772,0.8523731,1.7577047
1751443101503,73640273,-0.13094772,0.8523731,1.7577047
1751443101519,73656940,-0.4158187,0.8213122,2.0469456
1751443101519,73656940,-0.4158187,0.8213122,2.0469456
1751443101536,73673607,-0.6341837,0.48861006,1.8974228
1751443101536,73673607,-0.6341837,0.48861006,1.8974228
1751443101553,73690274,-0.6064986,0.03586869,1.9450674
1751443101553,73690274,-0.6064986,0.03586869,1.9450674
1751443101569,73706941,-0.33760044,-0.1825171,2.0772657
1751443101569,73706941,-0.33760044,-0.1825171,2.0772657
1751443101586,73723608,-0.325859,-0.36428633,1.8313751
1751443101586,73723608,-0.325859,-0.36428633,1.8313751
1751443101603,73740275,0.17196122,-0.30194566,1.5720024
1751443101603,73740275,0.17196122,-0.30194566,1.5720024
1751443101619,73756942,0.7624862,-0.03666529,0.99154854
1751443101619,73756942,0.7624862,-0.03666529,0.99154854
1751443101636,73773609,0.79902565,0.18518987,0.92867374
1751443101636,73773609,0.79902565,0.18518987,0.92867374
1751443101653,73790276,0.85790807,0.03367804,1.7806416
1751443101653,73790276,0.85790807,0.03367804,1.7806416
1751443101669,73806943,0.79776365,0.057313863,2.8143559
1751443101669,73806943,0.79776365,0.057313863,2.8143559
1751443101686,73823610,1.2447933,-0.05505437,2.682106
1751443101686,73823610,1.2447933,-0.05505437,2.682106
1751443101703,73840277,0.59130424,-0.14545798,2.6769218
1751443101703,73840277,0.59130424,-0.14545798,2.6769218
1751443101719,73856944,0.13344537,-0.28320456,2.2346582
1751443101719,73856944,0.13344537,-0.28320456,2.2346582
1751443101736,73873611,-0.060989637,0.024147445,1.693429
1751443101736,73873611,-0.060989637,0.024147445,1.693429
1751443101753,73890278,-0.4180573,0.38222325,0.984004
1751443101753,73890278,-0.4180573,0.38222325,0.984004
1751443101769,73906945,-0.39481503,0.6288736,0.6360054
1751443101769,73906945,-0.39481503,0.6288736,0.6360054
1751443101786,73923612,-0.196979,0.57753056,-0.029714584
1751443101786,73923612,-0.196979,0.57753056,-0.029714584
1751443101803,73940279,-0.02928228,0.43801197,-0.8398094
1751443101803,73940279,-0.02928228,0.43801197,-0.8398094
1751443101819,73956946,0.15558927,0.30251294,-1.4674959
1751443101819,73956946,0.15558927,0.30251294,-1.4674959
1751443101836,73973613,0.3218277,-0.03599553,-1.7823172
1751443101836,73973613,0.3218277,-0.03599553,-1.7823172
1751443101853,73990280,0.44223136,-0.20915951,-1.9785228
1751443101853,73990280,0.44223136,-0.20915951,-1.9785228
1751443101869,74006947,0.33407345,-0.26270965,-1.9994078
1751443101869,74006947,0.33407345,-0.26270965,-1.9994078
1751443101886,74023614,0.50660664,-0.13584636,-1.5133247
1751443101886,74023614,0.50660664,-0.13584636,-1.5133247
1751443101903,74040281,0.6453051,0.05970858,-0.9523449
1751443101903,74040281,0.6453051,0.05970858,-0.9523449
1751443101919,74056948,0.5892224,0.28670532,-0.6592331
1751443101919,74056948,0.5892224,0.28670532,-0.6592331
1751443101936,74073615,0.63706666,0.38436562,-0.61442566
1751443101936,74073615,0.63706666,0.38436562,-0.61442566
1751443101953,74090282,0.6168735,0.33588186,-0.43148136
1751443101953,74090282,0.6168735,0.33588186,-0.43148136
1751443101969,74106949,0.65327173,0.3532124,-0.12077427
1751443101969,74106949,0.65327173,0.3532124,-0.12077427
1751443101986,74123616,0.61886585,0.2515884,0.12278557
1751443101986,74123616,0.61886585,0.2515884,0.12278557
1751443102003,74140283,0.7518166,0.2609555,0.21964931
1751443102003,74140283,0.7518166,0.2609555,0.21964931
1751443102019,74156950,0.85400945,0.30089056,0.18972874
1751443102019,74156950,0.85400945,0.30089056,0.18972874
1751443102036,74173617,0.76474535,0.30577472,-0.06470966
1751443102036,74173617,0.76474535,0.30577472,-0.06470966
1751443102053,74190284,0.79718345,0.13944593,-0.24333382
1751443102053,74190284,0.79718345,0.13944593,-0.24333382
1751443102069,74206951,0.70803225,0.30162743,-0.30814743
1751443102069,74206951,0.70803225,0.30162743,-0.30814743
1751443102086,74223618,0.5574475,0.3722919,-0.36410427
1751443102086,74223618,0.5574475,0.3722919,-0.36410427
1751443102103,74240285,0.5570241,0.6430911,-0.4109211
1751443102103,74240285,0.5570241,0.6430911,-0.4109211
1751443102119,74256952,0.6163817,0.66909915,-0.66205215
1751443102119,74256952,0.6163817,0.66909915,-0.66205215
1751443102136,74273619,0.57480276,0.7095562,-1.1456394
1751443102136,74273619,0.57480276,0.7095562,-1.1456394
1751443102153,74290286,0.45924088,0.5186452,-1.3183794
1751443102153,74290286,0.45924088,0.5186452,-1.3183794
1751443102169,74306953,0.2813782,0.45255253,-1.0532312
1751443102169,74306953,0.2813782,0.45255253,-1.0532312
1751443102186,74323620,0.10913262,0.18321525,-0.41666126
1751443102186,74323620,0.10913262,0.18321525,-0.41666126
1751443102203,74340287,-0.072178185,0.05956922,0.10665035
1751443102203,74340287,-0.072178185,0.05956922,0.10665035
1751443102219,74356954,-0.19137192,0.03757007,0.14272118
1751443102219,74356954,-0.19137192,0.03757007,0.14272118
1751443102236,74373621,-0.19226211,0.20518126,-0.1972351
1751443102236,74373621,-0.19226211,0.20518126,-0.1972351
1751443102253,74390288,-0.020149708,0.31222984,-0.46408463
1751443102253,74390288,-0.020149708,0.31222984,-0.46408463
1751443102269,74406955,0.22007158,0.34797022,-0.5378885
1751443102269,74406955,0.22007158,0.34797022,-0.5378885
1751443102286,74423622,0.35259005,0.25020447,-0.52985287
1751443102286,74423622,0.35259005,0.25020447,-0.52985287
1751443102303,74440289,0.3050461,0.10380696,-0.5359993
1751443102303,74440289,0.3050461,0.10380696,-0.5359993
1751443102319,74456956,0.31985548,0.09051733,-0.53848267
1751443102319,74456956,0.31985548,0.09051733,-0.53848267
1751443102336,74473623,0.31877306,0.2336842,-0.7077427
1751443102336,74473623,0.31877306,0.2336842,-0.7077427
1751443102353,74490290,0.15108836,0.40840656,-0.79805565
1751443102353,74490290,0.15108836,0.40840656,-0.79805565
1751443102369,74506957,0.060174562,0.43537614,-0.7188082
1751443102369,74506957,0.060174562,0.43537614,-0.7188082
1751443102386,74523624,0.010343565,0.37961674,-0.6529379
1751443102386,74523624,0.010343565,0.37961674,-0.6529379
1751443102403,74540291,-0.0071747378,0.3471786,-0.66782665
1751443102403,74540291,-0.0071747378,0.3471786,-0.66782665
1751443102419,74556958,0.09614664,0.26497287,-0.5974169
1751443102419,74556958,0.09614664,0.26497287,-0.5974169
1751443102436,74573625,0.05178422,0.17542884,-0.4444208
1751443102436,74573625,0.05178422,0.17542884,-0.4444208
1751443102453,74590292,-0.018658709,0.089171,-0.25915337
1751443102453,74590292,-0.018658709,0.089171,-0.25915337
1751443102469,74606959,-0.04586145,0.022340009,-0.03259182
1751443102469,74606959,-0.04586145,0.022340009,-0.03259182
1751443102486,74623626,0.009988571,0.021003513,-0.10227871
1751443102486,74623626,0.009988571,0.021003513,-0.10227871
1751443102503,74640293,0.12411046,0.18938465,-0.41515636
1751443102503,74640293,0.12411046,0.18938465,-0.41515636
1751443102519,74656960,0.12697195,0.35515565,-0.6411619
1751443102519,74656960,0.12697195,0.35515565,-0.6411619
1751443102536,74673627,0.15033247,0.36165056,-0.6031647
1751443102536,74673627,0.15033247,0.36165056,-0.6031647
1751443102553,74690294,0.12284438,0.25122643,-0.5274515
1751443102553,74690294,0.12284438,0.25122643,-0.5274515
1751443102569,74706961,0.1018755,0.14807951,-0.6226034
1751443102569,74706961,0.1018755,0.14807951,-0.6226034
1751443102586,74723628,0.11230488,0.17178692,-0.6314049
1751443102586,74723628,0.11230488,0.17178692,-0.6314049
1751443102603,74740295,0.14825805,0.17555746,-0.56112957
1751443102603,74740295,0.14825805,0.17555746,-0.56112957
1751443102619,74756962,0.19374385,0.14852458,-0.3801756
1751443102619,74756962,0.19374385,0.14852458,-0.3801756
1751443102636,74773629,0.22132535,0.16421664,-0.34898186
1751443102636,74773629,0.22132535,0.16421664,-0.34898186
1751443102653,74790296,0.19735317,0.20174351,-0.35154057
1751443102653,74790296,0.19735317,0.20174351,-0.35154057
1751443102669,74806963,0.20922312,0.16797318,-0.41457558
1751443102669,74806963,0.20922312,0.16797318,-0.41457558
1751443102686,74823630,0.2685978,0.13951132,-0.5182104
1751443102686,74823630,0.2685978,0.13951132,-0.5182104
1751443102703,74840297,0.3750338,0.13201313,-0.6641102
1751443102703,74840297,0.3750338,0.13201313,-0.6641102
1751443102719,74856964,0.42945394,0.13241187,-0.64260864
1751443102719,74856964,0.42945394,0.13241187,-0.64260864
1751443102736,74873631,0.4556131,0.1858332,-0.49198437
1751443102736,74873631,0.4556131,0.1858332,-0.49198437
1751443102753,74890298,0.30487806,0.15199077,-0.35259914
1751443102753,74890298,0.30487806,0.15199077,-0.35259914
1751443102769,74906965,0.16868289,0.17183402,-0.35399055
1751443102769,74906965,0.16868289,0.17183402,-0.35399055
1751443102786,74923632,0.07264147,0.2253062,-0.4871931
1751443102786,74923632,0.07264147,0.2253062,-0.4871931
1751443102803,74940299,0.11641942,0.33501312,-0.51925755
1751443102803,74940299,0.11641942,0.33501312,-0.51925755
1751443102819,74956966,0.139067,0.39831936,-0.5229225
1751443102819,74956966,0.139067,0.39831936,-0.5229225
1751443102836,74973633,0.13400383,0.455653,-0.5081854
1751443102836,74973633,0.13400383,0.455653,-0.5081854
1751443102853,74990300,0.1875345,0.43961975,-0.5198393
1751443102853,74990300,0.1875345,0.43961975,-0.5198393
1751443102869,75006967,0.20772392,0.38390943,-0.5474062
1751443102869,75006967,0.20772392,0.38390943,-0.5474062
1751443102886,75023634,0.17492202,0.34173074,-0.6208458
1751443102886,75023634,0.17492202,0.34173074,-0.6208458
1751443102903,75040301,0.1382792,0.29180735,-0.61248684
1751443102903,75040301,0.1382792,0.29180735,-0.61248684
1751443102919,75056968,0.14092067,0.29897952,-0.45041943
1751443102919,75056968,0.14092067,0.29897952,-0.45041943
1751443102936,75073635,0.21924992,0.2828818,-0.3852892
1751443102936,75073635,0.21924992,0.2828818,-0.3852892
1751443102953,75090302,0.2521955,0.2932348,-0.43364334
1751443102953,75090302,0.2521955,0.2932348,-0.43364334
1751443102969,75106969,0.3220911,0.33034688,-0.5781832
1751443102969,75106969,0.3220911,0.33034688,-0.5781832
1751443102986,75123636,0.4667928,0.35678837,-0.6537628
1751443102986,75123636,0.4667928,0.35678837,-0.6537628
1751443103003,75140303,0.60021585,0.47967958,-0.7567377
1751443103003,75140303,0.60021585,0.47967958,-0.7567377
1751443103019,75156970,0.8178493,0.60267913,-0.80205345
1751443103019,75156970,0.8178493,0.60267913,-0.80205345
1751443103036,75173637,1.2402817,0.57772005,-0.35217762
1751443103036,75173637,1.2402817,0.57772005,-0.35217762
1751443103053,75190304,1.6413074,0.60824907,0.11870766
1751443103053,75190304,1.6413074,0.60824907,0.11870766
1751443103069,75206971,1.6570362,0.50723183,-0.055315018
1751443103069,75206971,1.6570362,0.50723183,-0.055315018
1751443103086,75223638,1.3477467,0.43383953,0.029485703
1751443103086,75223638,1.3477467,0.43383953,0.029485703
1751443103103,75240305,0.99539787,0.42924088,0.5221548
1751443103103,75240305,0.99539787,0.42924088,0.5221548
1751443103119,75256972,0.49283645,0.6031535,0.6421356
1751443103119,75256972,0.49283645,0.6031535,0.6421356
1751443103136,75273639,-0.14079636,0.7638587,0.7932062
1751443103136,75273639,-0.14079636,0.7638587,0.7932062
1751443103153,75290306,-0.3341966,0.42488003,1.5245819
1751443103153,75290306,-0.3341966,0.42488003,1.5245819
1751443103169,75306973,-0.22502063,-0.13791487,2.2362585
1751443103169,75306973,-0.22502063,-0.13791487,2.2362585
1751443103186,75323640,-0.19021071,-0.5607171,2.8422947
1751443103186,75323640,-0.19021071,-0.5607171,2.8422947
1751443103203,75340307,-0.15313424,-0.660561,2.922184
1751443103203,75340307,-0.15313424,-0.660561,2.922184
1751443103219,75356974,-0.18576038,-0.3076032,2.4961138
1751443103219,75356974,-0.18576038,-0.3076032,2.4961138
1751443103236,75373641,0.19819587,-0.0098551335,2.5548182
1751443103236,75373641,0.19819587,-0.0098551335,2.5548182
1751443103253,75390308,0.19978714,0.18309802,2.5874443
1751443103253,75390308,0.19978714,0.18309802,2.5874443
1751443103269,75406975,-0.059614006,0.40802917,2.1639977
1751443103269,75406975,-0.059614006,0.40802917,2.1639977
1751443103286,75423642,-0.2214865,0.4458167,2.007966
1751443103286,75423642,-0.2214865,0.4458167,2.007966
1751443103303,75440309,-0.42685422,0.36578095,1.9925528
1751443103303,75440309,-0.42685422,0.36578095,1.9925528
1751443103319,75456976,-0.39327446,0.26352915,2.1971083
1751443103319,75456976,-0.39327446,0.26352915,2.1971083
1751443103336,75473643,-0.2580643,0.14357042,1.9368315
1751443103336,75473643,-0.2580643,0.14357042,1.9368315
1751443103353,75490310,0.053358883,-0.01297828,1.4805183
1751443103353,75490310,0.053358883,-0.01297828,1.4805183
1751443103369,75506977,0.4614923,0.17107771,1.3747196
1751443103369,75506977,0.4614923,0.17107771,1.3747196
1751443103386,75523644,0.67495686,0.28255904,0.98828506
1751443103386,75523644,0.67495686,0.28255904,0.98828506
1751443103403,75540311,0.8401361,0.23732002,0.8214483
1751443103403,75540311,0.8401361,0.23732002,0.8214483
1751443103419,75556978,0.5832302,0.40114808,0.76401234
1751443103419,75556978,0.5832302,0.40114808,0.76401234
1751443103436,75573645,0.55869734,0.28471482,0.34926224
1751443103436,75573645,0.55869734,0.28471482,0.34926224
1751443103453,75590312,0.28984585,0.3611853,0.010932922
1751443103453,75590312,0.28984585,0.3611853,0.010932922
1751443103469,75606979,0.17531314,0.31784996,-0.5589924
1751443103469,75606979,0.17531314,0.31784996,-0.5589924
1751443103486,75623646,0.027129179,0.26762235,-1.1046906
1751443103486,75623646,0.027129179,0.26762235,-1.1046906
1751443103503,75640313,0.3442971,-0.15624405,-1.312418
1751443103503,75640313,0.3442971,-0.15624405,-1.312418
1751443103519,75656980,0.77863365,-0.15163365,-0.6151085
1751443103519,75656980,0.77863365,-0.15163365,-0.6151085
1751443103536,75673647,0.96536845,-0.01634282,-0.35837555
1751443103536,75673647,0.96536845,-0.01634282,-0.35837555
1751443103553,75690314,0.91788846,0.13307068,-0.34788895
1751443103553,75690314,0.91788846,0.13307068,-0.34788895
1751443103569,75706981,0.7915499,0.28457624,-0.43547153
1751443103569,75706981,0.7915499,0.28457624,-0.43547153
1751443103586,75723648,0.73970675,0.52543336,-0.39027977
1751443103586,75723648,0.73970675,0.52543336,-0.39027977
1751443103603,75740315,0.6027489,1.0595994,-0.38366127
1751443103603,75740315,0.6027489,1.0595994,-0.38366127
1751443103619,75756982,0.53714806,1.393444,-0.6760082
1751443103619,75756982,0.53714806,1.393444,-0.6760082
1751443103636,75773649,0.060832836,1.521949,-1.0765648
1751443103636,75773649,0.060832836,1.521949,-1.0765648
1751443103653,75790316,0.028975423,1.1677014,-1.3451653
1751443103653,75790316,0.028975423,1.1677014,-1.3451653
1751443103669,75806983,-0.29512757,0.70106,-1.3327818
1751443103669,75806983,-0.29512757,0.70106,-1.3327818
1751443103686,75823650,-0.32451355,0.4696074,-1.377595
1751443103686,75823650,-0.32451355,0.4696074,-1.377595
1751443103703,75840317,-0.36964938,0.22803663,-1.3457546
1751443103703,75840317,-0.36964938,0.22803663,-1.3457546
1751443103719,75856984,-0.76464635,0.1665813,-1.2524796
1751443103719,75856984,-0.76464635,0.1665813,-1.2524796
1751443103736,75873651,-0.7104513,0.029456995,-1.4172411
1751443103736,75873651,-0.7104513,0.029456995,-1.4172411
1751443103753,75890318,-0.36918566,-0.18470553,-1.4122543
1751443103753,75890318,-0.36918566,-0.18470553,-1.4122543
1751443103769,75906985,0.26478758,-0.116613865,-1.2300873
1751443103769,75906985,0.26478758,-0.116613865,-1.2300873
1751443103786,75923652,0.28378707,-0.04742051,-1.1786709
1751443103786,75923652,0.28378707,-0.04742051,-1.1786709
1751443103803,75940319,0.003563858,-0.1526495,-1.3931208
1751443103803,75940319,0.003563858,-0.1526495,-1.3931208
1751443103819,75956986,-0.33574226,-0.45210814,-1.4637794
1751443103819,75956986,-0.33574226,-0.45210814,-1.4637794
1751443103836,75973653,-0.051496547,-0.91134346,-1.0749598
1751443103836,75973653,-0.051496547,-0.91134346,-1.0749598
1751443103853,75990320,0.17324263,-0.8340256,-0.59161186
1751443103853,75990320,0.17324263,-0.8340256,-0.59161186
1751443103869,76006987,0.0624446,-0.87865376,-0.45047092
1751443103869,76006987,0.0624446,-0.87865376,-0.45047092
1751443103886,76023654,-0.56747437,-0.85349137,-0.9387007
1751443103886,76023654,-0.56747437,-0.85349137,-0.9387007
1751443103903,76040321,-1.5159043,-0.7584418,-1.7488117
1751443103903,76040321,-1.5159043,-0.7584418,-1.7488117
1751443103919,76056988,-2.3890264,-0.7286,-2.4938679
1751443103919,76056988,-2.3890264,-0.7286,-2.4938679
1751443103936,76073655,-2.6136742,-0.8389303,-2.954352
1751443103936,76073655,-2.6136742,-0.8389303,-2.954352
1751443103953,76090322,-2.440571,-0.94469327,-3.0962977
1751443103953,76090322,-2.440571,-0.94469327,-3.0962977
1751443103969,76106989,-2.3648126,-0.7841427,-2.614891
1751443103969,76106989,-2.3648126,-0.7841427,-2.614891
1751443103986,76123656,-1.9128824,-0.6727789,-1.4820595
1751443103986,76123656,-1.9128824,-0.6727789,-1.4820595
1751443104003,76140323,-1.3570036,-0.39460006,-0.25199318
1751443104003,76140323,-1.3570036,-0.39460006,-0.25199318
1751443104019,76156990,-0.88631177,-0.44548815,0.59321594
1751443104019,76156990,-0.88631177,-0.44548815,0.59321594
1751443104036,76173657,-0.75337684,-0.686512,0.8362026
1751443104036,76173657,-0.75337684,-0.686512,0.8362026
1751443104053,76190324,-0.6478188,-0.95853466,0.6698322
1751443104053,76190324,-0.6478188,-0.95853466,0.6698322
1751443104069,76206991,-0.89008695,-1.2775996,0.06838226
1751443104069,76206991,-0.89008695,-1.2775996,0.06838226
1751443104086,76223658,-1.0639192,-1.224172,-0.32354736
1751443104086,76223658,-1.0639192,-1.224172,-0.32354736
1751443104103,76240325,-1.0946997,-0.99765724,-0.38353157
1751443104103,76240325,-1.0946997,-0.99765724,-0.38353157
1751443104119,76256992,-1.0989891,-0.61614925,-0.15685177
1751443104119,76256992,-1.0989891,-0.61614925,-0.15685177
1751443104136,76273659,-0.9498193,-0.32038614,-0.0017061234
1751443104136,76273659,-0.9498193,-0.32038614,-0.0017061234
1751443104153,76290326,-0.9075094,-0.16297045,0.106749535
1751443104153,76290326,-0.9075094,-0.16297045,0.106749535
1751443104169,76306993,-0.72202104,-0.31890583,0.16474724
1751443104169,76306993,-0.72202104,-0.31890583,0.16474724
1751443104186,76323660,-0.7240068,-0.419296,0.040492058
1751443104186,76323660,-0.7240068,-0.419296,0.040492058
1751443104203,76340327,-0.89368135,-0.6600409,-0.53752327
1751443104203,76340327,-0.89368135,-0.6600409,-0.53752327
1751443104219,76356994,-1.0936569,-0.8625287,-1.0496655
1751443104219,76356994,-1.0936569,-0.8625287,-1.0496655
1751443104236,76373661,-1.0587577,-0.86666167,-0.94732
1751443104236,76373661,-1.0587577,-0.86666167,-0.94732
1751443104253,76390328,-0.8731642,-0.6957739,-0.3784809
1751443104253,76390328,-0.8731642,-0.6957739,-0.3784809
1751443104269,76406995,-0.8167496,-0.60760635,-0.027230263
1751443104269,76406995,-0.8167496,-0.60760635,-0.027230263
1751443104286,76423662,-0.89595,-0.7158393,-0.15362644
1751443104286,76423662,-0.89595,-0.7158393,-0.15362644
1751443104303,76440329,-0.92151713,-0.88842016,-0.27569103
1751443104303,76440329,-0.92151713,-0.88842016,-0.27569103
1751443104319,76456996,-0.8560929,-0.8268265,0.022572517
1751443104319,76456996,-0.8560929,-0.8268265,0.022572517
1751443104336,76473663,-0.8035554,-0.56654143,0.4046936
1751443104336,76473663,-0.8035554,-0.56654143,0.4046936
1751443104353,76490330,-0.8266979,-0.33557296,0.42927742
1751443104353,76490330,-0.8266979,-0.33557296,0.42927742
1751443104369,76506997,-0.91766125,-0.31470513,-0.02038765
1751443104369,76506997,-0.91766125,-0.31470513,-0.02038765
1751443104386,76523664,-1.1763588,-0.5244023,-0.6010008
1751443104386,76523664,-1.1763588,-0.5244023,-0.6010008
1751443104403,76540331,-1.390587,-0.73202056,-0.6768484
1751443104403,76540331,-1.390587,-0.73202056,-0.6768484
1751443104419,76556998,-1.5470576,-0.8184761,-0.3903532
1751443104419,76556998,-1.5470576,-0.8184761,-0.3903532
1751443104436,76573665,-1.5677431,-0.91039914,0.025606155
1751443104436,76573665,-1.5677431,-0.91039914,0.025606155
1751443104453,76590332,-1.6460842,-0.9846662,0.38090992
1751443104453,76590332,-1.6460842,-0.9846662,0.38090992
1751443104469,76606999,-1.6251116,-1.054777,0.5961771
1751443104469,76606999,-1.6251116,-1.054777,0.5961771
1751443104486,76623666,-1.5357097,-1.0308787,0.41985703
1751443104486,76623666,-1.5357097,-1.0308787,0.41985703
1751443104503,76640333,-1.5586544,-1.2897042,-0.18480682
1751443104503,76640333,-1.5586544,-1.2897042,-0.18480682
1751443104519,76657000,-1.7626805,-1.5550213,-1.6895437
1751443104519,76657000,-1.7626805,-1.5550213,-1.6895437
1751443104536,76673667,-2.1872249,-1.6776042,-3.346496
1751443104536,76673667,-2.1872249,-1.6776042,-3.346496
1751443104553,76690334,-2.313852,-1.650032,-4.296974
1751443104553,76690334,-2.313852,-1.650032,-4.296974
1751443104569,76707001,-2.0519428,-1.2930869,-4.208799
1751443104569,76707001,-2.0519428,-1.2930869,-4.208799
1751443104586,76723668,-1.5164305,-0.934559,-3.102159
1751443104586,76723668,-1.5164305,-0.934559,-3.102159
1751443104603,76740335,-0.83902,-0.46835643,-2.1809034
1751443104603,76740335,-0.83902,-0.46835643,-2.1809034
1751443104619,76757002,-0.51182956,-0.33440956,-1.8796248
1751443104619,76757002,-0.51182956,-0.33440956,-1.8796248
1751443104636,76773669,-0.2527071,-0.32248405,-1.4826088
1751443104636,76773669,-0.2527071,-0.32248405,-1.4826088
1751443104653,76790336,0.49805576,-0.373023,-0.6496477
1751443104653,76790336,0.49805576,-0.373023,-0.6496477
1751443104669,76807003,1.0892965,-0.47236088,0.46086025
1751443104669,76807003,1.0892965,-0.47236088,0.46086025
1751443104686,76823670,1.3911914,-0.71293724,0.6146507
1751443104686,76823670,1.3911914,-0.71293724,0.6146507
1751443104703,76840337,1.061702,-0.78015834,0.1733408
1751443104703,76840337,1.061702,-0.78015834,0.1733408
1751443104719,76857004,0.8542953,-0.4200642,-0.3395443
1751443104719,76857004,0.8542953,-0.4200642,-0.3395443
1751443104736,76873671,1.0370768,0.06975772,-0.69782543
1751443104736,76873671,1.0370768,0.06975772,-0.69782543
1751443104753,76890338,1.2455211,0.7163731,-0.3325491
1751443104753,76890338,1.2455211,0.7163731,-0.3325491
1751443104769,76907005,1.842008,1.611511,0.4834757
1751443104769,76907005,1.842008,1.611511,0.4834757
1751443104786,76923672,1.9981039,2.2354286,1.6467009
1751443104786,76923672,1.9981039,2.2354286,1.6467009
1751443104803,76940339,0.11314529,0.9372484,-0.56277275
1751443104803,76940339,0.11314529,0.9372484,-0.56277275
1751443104819,76957006,-0.7079598,0.024176503,-1.6335764
1751443104819,76957006,-0.7079598,0.024176503,-1.6335764
1751443104836,76973673,-0.52421296,-0.32895118,-1.9462996
1751443104836,76973673,-0.52421296,-0.32895118,-1.9462996
1751443104853,76990340,-0.17643702,-0.18815231,-1.6709986
1751443104853,76990340,-0.17643702,-0.18815231,-1.6709986
1751443104869,77007007,0.13505557,0.28528076,-0.7245054
1751443104869,77007007,0.13505557,0.28528076,-0.7245054
1751443104886,77023674,0.47864562,0.40082532,0.40145397
1751443104886,77023674,0.47864562,0.40082532,0.40145397
1751443104903,77040341,0.03217862,0.1800037,0.3225174
1751443104903,77040341,0.03217862,0.1800037,0.3225174
1751443104919,77057008,-1.0604267,-0.033946477,-1.199255
1751443104919,77057008,-1.0604267,-0.033946477,-1.199255
1751443104936,77073675,-0.5839758,0.2537623,-1.58599
1751443104936,77073675,-0.5839758,0.2537623,-1.58599
1751443104953,77090342,0.4079579,0.14196023,-1.1597414
1751443104953,77090342,0.4079579,0.14196023,-1.1597414
1751443104969,77107009,1.3924356,0.08115063,-0.9464407
1751443104969,77107009,1.3924356,0.08115063,-0.9464407
1751443104986,77123676,1.482434,0.41281837,-0.27111912
1751443104986,77123676,1.482434,0.41281837,-0.27111912
1751443105003,77140343,0.5042741,0.48707274,-0.42196274
1751443105003,77140343,0.5042741,0.48707274,-0.42196274
1751443105019,77157010,-0.20480654,0.28004184,-0.46635532
1751443105019,77157010,-0.20480654,0.28004184,-0.46635532
1751443105036,77173677,-0.10269435,0.40691113,0.017791748
1751443105036,77173677,-0.10269435,0.40691113,0.017791748
1751443105053,77190344,-0.03153374,0.639197,0.21876717
1751443105053,77190344,-0.03153374,0.639197,0.21876717
1751443105069,77207011,0.25975975,0.8573505,0.978631
1751443105069,77207011,0.25975975,0.8573505,0.978631
1751443105086,77223678,0.5469748,0.6906418,1.3147688
1751443105086,77223678,0.5469748,0.6906418,1.3147688
1751443105103,77240345,0.35912544,0.4665509,0.7782717
1751443105103,77240345,0.35912544,0.4665509,0.7782717
1751443105119,77257012,0.62310755,0.31438214,0.7968607
1751443105119,77257012,0.62310755,0.31438214,0.7968607
1751443105136,77273679,0.6898598,0.2260999,0.9316387
1751443105136,77273679,0.6898598,0.2260999,0.9316387
1751443105153,77290346,0.6425885,0.1596886,1.1452408
1751443105153,77290346,0.6425885,0.1596886,1.1452408
1751443105169,77307013,0.3150692,0.42533332,1.5802126
1751443105169,77307013,0.3150692,0.42533332,1.5802126
1751443105186,77323680,-0.1906988,0.59765935,2.1737804
1751443105186,77323680,-0.1906988,0.59765935,2.1737804
1751443105203,77340347,-0.64770603,0.20033087,1.9833069
1751443105203,77340347,-0.64770603,0.20033087,1.9833069
1751443105219,77357014,-0.44906682,-0.12738025,1.9625483
1751443105219,77357014,-0.44906682,-0.12738025,1.9625483
1751443105236,77373681,0.045232702,-0.45192665,2.2227983
1751443105236,77373681,0.045232702,-0.45192665,2.2227983
1751443105253,77390348,0.21880248,-0.75895745,1.8949709
1751443105253,77390348,0.21880248,-0.75895745,1.8949709
1751443105269,77407015,0.44946668,-0.36658537,0.97206306
1751443105269,77407015,0.44946668,-0.36658537,0.97206306
1751443105286,77423682,0.5848247,0.0056930985,0.7599659
1751443105286,77423682,0.5848247,0.0056930985,0.7599659
1751443105303,77440349,0.22523946,-0.048969008,1.6362686
1751443105303,77440349,0.22523946,-0.048969008,1.6362686
1751443105319,77457016,0.13143404,0.25395095,3.0077066
1751443105319,77457016,0.13143404,0.25395095,3.0077066
1751443105336,77473683,0.75738144,0.63146836,3.3805475
1751443105336,77473683,0.75738144,0.63146836,3.3805475
1751443105353,77490350,0.04695493,0.4594396,3.2856464
1751443105353,77490350,0.04695493,0.4594396,3.2856464
1751443105369,77507017,-0.29424942,-0.36964884,2.701993
1751443105369,77507017,-0.29424942,-0.36964884,2.701993
1751443105386,77523684,-0.79739034,-0.7883881,1.8209972
1751443105386,77523684,-0.79739034,-0.7883881,1.8209972
1751443105403,77540351,-0.5931943,-0.8452328,0.42863655
1751443105403,77540351,-0.5931943,-0.8452328,0.42863655
1751443105419,77557018,-0.39658284,-0.5196275,-0.46716976
1751443105419,77557018,-0.39658284,-0.5196275,-0.46716976
1751443105436,77573685,-0.08961016,-0.29520944,-0.6884928
1751443105436,77573685,-0.08961016,-0.29520944,-0.6884928
1751443105453,77590352,0.44937658,-0.2318634,-0.73725605
1751443105453,77590352,0.44937658,-0.2318634,-0.73725605
1751443105469,77607019,0.6817413,-0.09078638,-1.1969709
1751443105469,77607019,0.6817413,-0.09078638,-1.1969709
1751443105486,77623686,0.7937369,-0.14730923,-1.4429646
1751443105486,77623686,0.7937369,-0.14730923,-1.4429646
1751443105503,77640353,0.83220875,-0.22060382,-1.6261015
1751443105503,77640353,0.83220875,-0.22060382,-1.6261015
1751443105519,77657020,0.8005504,0.013562207,-1.723506
1751443105519,77657020,0.8005504,0.013562207,-1.723506
1751443105536,77673687,0.65392005,0.14119123,-1.4878025
1751443105536,77673687,0.65392005,0.14119123,-1.4878025
1751443105553,77690354,0.7273786,0.57264817,-1.0730438
1751443105553,77690354,0.7273786,0.57264817,-1.0730438
1751443105569,77707021,0.673521,0.7543514,-0.51922226
1751443105569,77707021,0.673521,0.7543514,-0.51922226
1751443105586,77723688,0.62530875,0.8802621,-0.29946804
1751443105586,77723688,0.62530875,0.8802621,-0.29946804
1751443105603,77740355,0.65504533,0.80082715,-0.2564993
1751443105603,77740355,0.65504533,0.80082715,-0.2564993
1751443105619,77757022,0.68001044,0.77444917,-0.22449303
1751443105619,77757022,0.68001044,0.77444917,-0.22449303
1751443105636,77773689,0.67601985,0.59900075,-0.18036366
1751443105636,77773689,0.67601985,0.59900075,-0.18036366
1751443105653,77790356,0.49932706,0.48950678,-0.28010654
1751443105653,77790356,0.49932706,0.48950678,-0.28010654
1751443105669,77807023,0.36422494,0.27732766,-0.28302956
1751443105669,77807023,0.36422494,0.27732766,-0.28302956
1751443105686,77823690,0.31151915,0.37698644,-0.2202158
1751443105686,77823690,0.31151915,0.37698644,-0.2202158
1751443105703,77840357,0.42805883,0.31353223,-0.27168655
1751443105703,77840357,0.42805883,0.31353223,-0.27168655
1751443105719,77857024,0.60855144,0.3799423,-0.24694347
1751443105719,77857024,0.60855144,0.3799423,-0.24694347
1751443105736,77873691,0.47788826,0.32001266,-0.38218784
1751443105736,77873691,0.47788826,0.32001266,-0.38218784
1751443105753,77890358,0.55008507,0.33980653,-0.53339386
1751443105753,77890358,0.55008507,0.33980653,-0.53339386
1751443105769,77907025,0.7489979,0.34202656,-0.55378723
1751443105769,77907025,0.7489979,0.34202656,-0.55378723
1751443105786,77923692,0.76886904,0.5583026,-0.6045399
1751443105786,77923692,0.76886904,0.5583026,-0.6045399
1751443105803,77940359,0.64029825,0.5961711,-0.61731625
1751443105803,77940359,0.64029825,0.5961711,-0.61731625
1751443105819,77957026,0.5559449,0.6672755,-0.61681175
1751443105819,77957026,0.5559449,0.6672755,-0.61681175
1751443105836,77973693,0.48605087,0.6810674,-0.5184927
1751443105836,77973693,0.48605087,0.6810674,-0.5184927
1751443105853,77990360,0.33849415,0.6453479,-0.46245766
1751443105853,77990360,0.33849415,0.6453479,-0.46245766
1751443105869,78007027,0.24253352,0.44813296,-0.5189333
1751443105869,78007027,0.24253352,0.44813296,-0.5189333
1751443105886,78023694,0.14715222,0.25215295,-0.7450342
1751443105886,78023694,0.14715222,0.25215295,-0.7450342
1751443105903,78040361,0.30878264,0.19691698,-0.85446835
1751443105903,78040361,0.30878264,0.19691698,-0.85446835
1751443105919,78057028,0.32883847,0.16940472,-0.80455685
1751443105919,78057028,0.32883847,0.16940472,-0.80455685
1751443105936,78073695,0.2669797,-0.020098845,-0.52818394
1751443105936,78073695,0.2669797,-0.020098845,-0.52818394
1751443105953,78090362,0.0765008,-0.06975951,-0.3393774
1751443105953,78090362,0.0765008,-0.06975951,-0.3393774
1751443105969,78107029,0.020929027,-0.073932834,-0.24419689
1751443105969,78107029,0.020929027,-0.073932834,-0.24419689
1751443105986,78123696,0.08818808,-0.06789005,-0.2628584
1751443105986,78123696,0.08818808,-0.06789005,-0.2628584
1751443106003,78140363,0.07113669,-0.05197179,-0.5014839
1751443106003,78140363,0.07113669,-0.05197179,-0.5014839
1751443106019,78157030,0.03918252,-0.06065717,-0.51785946
1751443106019,78157030,0.03918252,-0.06065717,-0.51785946
1751443106036,78173697,0.1542932,-0.0013218556,-0.4304123
1751443106036,78173697,0.1542932,-0.0013218556,-0.4304123
1751443106053,78190364,0.2785998,0.08942994,-0.33605766
1751443106053,78190364,0.2785998,0.08942994,-0.33605766
1751443106069,78207031,0.22821821,0.21853727,-0.32823467
1751443106069,78207031,0.22821821,0.21853727,-0.32823467
1751443106086,78223698,-0.0020811781,0.22542186,-0.5141802
1751443106086,78223698,-0.0020811781,0.22542186,-0.5141802
1751443106103,78240365,-0.097324625,0.18402223,-0.7117815
1751443106103,78240365,-0.097324625,0.18402223,-0.7117815
1751443106119,78257032,0.003232626,0.15086125,-0.67827225
1751443106119,78257032,0.003232626,0.15086125,-0.67827225
1751443106136,78273699,0.0702157,0.11050894,-0.49568367
1751443106136,78273699,0.0702157,0.11050894,-0.49568367
1751443106153,78290366,0.13393869,0.1493356,-0.24208546
1751443106153,78290366,0.13393869,0.1493356,-0.24208546
1751443106169,78307033,0.16460176,0.16134669,-0.16349316
1751443106169,78307033,0.16460176,0.16134669,-0.16349316
1751443106186,78323700,0.19142039,0.14356539,-0.41251278
1751443106186,78323700,0.19142039,0.14356539,-0.41251278
1751443106203,78340367,0.2091746,0.20289762,-0.7217512
1751443106203,78340367,0.2091746,0.20289762,-0.7217512
1751443106219,78357034,0.10873318,0.2087944,-0.8285837
1751443106219,78357034,0.10873318,0.2087944,-0.8285837
1751443106236,78373701,0.10094857,0.18381885,-0.73537445
1751443106236,78373701,0.10094857,0.18381885,-0.73537445
1751443106253,78390368,0.14210981,0.15003295,-0.6019707
1751443106253,78390368,0.14210981,0.15003295,-0.6019707
1751443106269,78407035,0.20673817,0.06078999,-0.541708
1751443106269,78407035,0.20673817,0.06078999,-0.541708
1751443106286,78423702,0.2168157,0.063966446,-0.4365406
1751443106286,78423702,0.2168157,0.063966446,-0.4365406
1751443106303,78440369,0.16595723,0.07499832,-0.24163437
1751443106303,78440369,0.16595723,0.07499832,-0.24163437
1751443106319,78457036,0.086547285,0.16332477,-0.07167244
1751443106319,78457036,0.086547285,0.16332477,-0.07167244
1751443106336,78473703,-0.07990086,0.18895836,-0.079102516
1751443106336,78473703,-0.07990086,0.18895836,-0.079102516
1751443106353,78490370,-0.11637258,0.21972497,-0.16591263
1751443106353,78490370,-0.11637258,0.21972497,-0.16591263
1751443106369,78507037,-0.09415107,0.21415609,-0.2944231
1751443106369,78507037,-0.09415107,0.21415609,-0.2944231
1751443106386,78523704,-0.033274386,0.24312901,-0.39409065
1751443106386,78523704,-0.033274386,0.24312901,-0.39409065
1751443106403,78540371,0.11488643,0.31172055,-0.49021435
1751443106403,78540371,0.11488643,0.31172055,-0.49021435
1751443106419,78557038,0.21026817,0.3088778,-0.5545883
1751443106419,78557038,0.21026817,0.3088778,-0.5545883
1751443106436,78573705,0.1642535,0.27600867,-0.62986946
1751443106436,78573705,0.1642535,0.27600867,-0.62986946
1751443106453,78590372,0.116009824,0.28768083,-0.73539543
1751443106453,78590372,0.116009824,0.28768083,-0.73539543
1751443106469,78607039,0.051200844,0.26291707,-0.7391319
1751443106469,78607039,0.051200844,0.26291707,-0.7391319
1751443106486,78623706,-0.08402813,0.26652405,-0.683836
1751443106486,78623706,-0.08402813,0.26652405,-0.683836
1751443106503,78640373,-0.13262814,0.22464773,-0.5886011
1751443106503,78640373,-0.13262814,0.22464773,-0.5886011
1751443106519,78657040,-0.12371914,0.17230234,-0.55625725
1751443106519,78657040,-0.12371914,0.17230234,-0.55625725
1751443106536,78673707,0.04956041,0.095812514,-0.46012688
1751443106536,78673707,0.04956041,0.095812514,-0.46012688
1751443106553,78690374,0.23270412,0.053646687,-0.47433567
1751443106553,78690374,0.23270412,0.053646687,-0.47433567
1751443106569,78707041,0.27178493,-0.013890995,-0.39803886
1751443106569,78707041,0.27178493,-0.013890995,-0.39803886
1751443106586,78723708,0.35218,0.034442898,-0.3997965
1751443106586,78723708,0.35218,0.034442898,-0.3997965
1751443106603,78740375,0.4947218,0.17663525,-0.45849323
1751443106603,78740375,0.4947218,0.17663525,-0.45849323
1751443106619,78757042,0.58131754,0.3133559,-0.48666096
1751443106619,78757042,0.58131754,0.3133559,-0.48666096
1751443106636,78773709,0.53703725,0.36561334,-0.5022259
1751443106636,78773709,0.53703725,0.36561334,-0.5022259
1751443106653,78790376,0.5047857,0.39141634,-0.4520321
1751443106653,78790376,0.5047857,0.39141634,-0.4520321
1751443106669,78807043,0.386247,0.47575957,-0.47813702
1751443106669,78807043,0.386247,0.47575957,-0.47813702
1751443106686,78823710,0.22755024,0.54671973,-0.50163555
1751443106686,78823710,0.22755024,0.54671973,-0.50163555
1751443106703,78840377,0.07316303,0.58394414,-0.5015316
1751443106703,78840377,0.07316303,0.58394414,-0.5015316
1751443106719,78857044,0.059195675,0.59288377,-0.522418
1751443106719,78857044,0.059195675,0.59288377,-0.522418
1751443106736,78873711,0.049299516,0.5017728,-0.49728298
1751443106736,78873711,0.049299516,0.5017728,-0.49728298
1751443106753,78890378,0.024517734,0.37242198,-0.6009655
1751443106753,78890378,0.024517734,0.37242198,-0.6009655
1751443106769,78907045,0.1343804,0.23196499,-0.603035
1751443106769,78907045,0.1343804,0.23196499,-0.603035
1751443106786,78923712,0.48415706,0.218882,-0.29571533
1751443106786,78923712,0.48415706,0.218882,-0.29571533
1751443106803,78940379,0.8896035,0.30888116,0.20637035
1751443106803,78940379,0.8896035,0.30888116,0.20637035
1751443106819,78957046,1.258294,0.5629367,-0.059947014
1751443106819,78957046,1.258294,0.5629367,-0.059947014
1751443106836,78973713,1.0907145,0.8584977,-0.63038063
1751443106836,78973713,1.0907145,0.8584977,-0.63038063
1751443106853,78990380,0.83132863,1.0348251,-0.28188038
1751443106853,78990380,0.83132863,1.0348251,-0.28188038
1751443106869,79007047,0.6567774,0.8442414,0.44246578
1751443106869,79007047,0.6567774,0.8442414,0.44246578
1751443106886,79023714,0.23680879,0.4214016,1.1598816
1751443106886,79023714,0.23680879,0.4214016,1.1598816
1751443106903,79040381,-0.061592404,-0.27007383,2.1350374
1751443106903,79040381,-0.061592404,-0.27007383,2.1350374
1751443106919,79057048,0.10743626,-0.53058827,2.806569
1751443106919,79057048,0.10743626,-0.53058827,2.806569
1751443106936,79073715,0.019669104,-0.3479987,2.893093
1751443106936,79073715,0.019669104,-0.3479987,2.893093
1751443106953,79090382,0.072960556,-0.13303089,2.9022932
1751443106953,79090382,0.072960556,-0.13303089,2.9022932
1751443106969,79107049,0.44652116,-0.052608468,2.6648073
1751443106969,79107049,0.44652116,-0.052608468,2.6648073
1751443106986,79123716,0.61804533,-0.13109638,2.3103466
1751443106986,79123716,0.61804533,-0.13109638,2.3103466
1751443107003,79140383,0.46255535,-0.17840849,2.0802937
1751443107003,79140383,0.46255535,-0.17840849,2.0802937
1751443107019,79157050,0.018655058,0.12175645,1.9742813
1751443107019,79157050,0.018655058,0.12175645,1.9742813
1751443107036,79173717,0.0068930243,0.2814473,1.9497261
1751443107036,79173717,0.0068930243,0.2814473,1.9497261
1751443107053,79190384,0.12283297,0.30793113,1.9351492
1751443107053,79190384,0.12283297,0.30793113,1.9351492
1751443107069,79207051,0.23243298,0.321191,1.9341087
1751443107069,79207051,0.23243298,0.321191,1.9341087
1751443107086,79223718,0.03473675,0.29984957,1.7462091
1751443107086,79223718,0.03473675,0.29984957,1.7462091
1751443107103,79240385,0.03345409,0.12992272,1.3773375
1751443107103,79240385,0.03345409,0.12992272,1.3773375
1751443107119,79257052,-0.028838068,-0.114561565,1.3203249
1751443107119,79257052,-0.028838068,-0.114561565,1.3203249
1751443107136,79273719,-0.27212927,-0.25485572,1.1566257
1751443107136,79273719,-0.27212927,-0.25485572,1.1566257
1751443107153,79290386,-0.4106945,-0.2187955,0.9599924
1751443107153,79290386,-0.4106945,-0.2187955,0.9599924
1751443107169,79307053,-0.31200284,-0.007896489,0.38757515
1751443107169,79307053,-0.31200284,-0.007896489,0.38757515
1751443107186,79323720,-0.11084557,0.22071613,0.10842037
1751443107186,79323720,-0.11084557,0.22071613,0.10842037
1751443107203,79340387,0.075306304,0.5166254,-0.18177986
1751443107203,79340387,0.075306304,0.5166254,-0.18177986
1751443107219,79357054,0.49503896,0.4951317,-0.39756203
1751443107219,79357054,0.49503896,0.4951317,-0.39756203
1751443107236,79373721,0.7011221,0.40547732,-0.77727604
1751443107236,79373721,0.7011221,0.40547732,-0.77727604
1751443107253,79390388,0.48640475,0.061127886,-1.3588457
1751443107253,79390388,0.48640475,0.061127886,-1.3588457
1751443107269,79407055,0.33324313,-0.24175876,-1.297348
1751443107269,79407055,0.33324313,-0.24175876,-1.297348
1751443107286,79423722,0.3351536,-0.26522294,-0.8682976
1751443107286,79423722,0.3351536,-0.26522294,-0.8682976
1751443107303,79440389,0.44637343,-0.18217088,-0.79084206
1751443107303,79440389,0.44637343,-0.18217088,-0.79084206
1751443107319,79457056,0.52820754,0.21903667,-0.7150736
1751443107319,79457056,0.52820754,0.21903667,-0.7150736
1751443107336,79473723,0.6038779,0.61147445,-0.7137985
1751443107336,79473723,0.6038779,0.61147445,-0.7137985
1751443107353,79490390,0.6681692,1.0958979,-0.5366354
1751443107353,79490390,0.6681692,1.0958979,-0.5366354
1751443107369,79507057,0.63845223,1.252136,-0.41436005
1751443107369,79507057,0.63845223,1.252136,-0.41436005
1751443107386,79523724,0.6316547,1.2229649,-0.26326847
1751443107386,79523724,0.6316547,1.2229649,-0.26326847
1751443107403,79540391,0.6845631,0.87914956,-0.14798546
1751443107403,79540391,0.6845631,0.87914956,-0.14798546
1751443107419,79557058,0.9925151,0.6145113,0.04368782
1751443107419,79557058,0.9925151,0.6145113,0.04368782
1751443107436,79573725,0.840542,0.40444782,-0.053142548
1751443107436,79573725,0.840542,0.40444782,-0.053142548
1751443107453,79590392,0.5257624,0.36758962,-0.48071766
1751443107453,79590392,0.5257624,0.36758962,-0.48071766
1751443107469,79607059,0.107006215,0.44308114,-0.7383442
1751443107469,79607059,0.107006215,0.44308114,-0.7383442
1751443107486,79623726,0.30070186,0.36770475,-0.5972929
1751443107486,79623726,0.30070186,0.36770475,-0.5972929
1751443107503,79640393,0.36802295,-0.07840365,-1.199008
1751443107503,79640393,0.36802295,-0.07840365,-1.199008
1751443107519,79657060,-0.010908969,-0.6963134,-2.2963424
1751443107519,79657060,-0.010908969,-0.6963134,-2.2963424
1751443107536,79673727,-0.2616855,-0.9763295,-2.8109255
1751443107536,79673727,-0.2616855,-0.9763295,-2.8109255
1751443107553,79690394,-0.2983173,-1.0399432,-2.825365
1751443107553,79690394,-0.2983173,-1.0399432,-2.825365
1751443107569,79707061,-0.54727787,-0.84742624,-2.5880342
1751443107569,79707061,-0.54727787,-0.84742624,-2.5880342
1751443107586,79723728,-0.67824537,-0.7740134,-2.3264685
1751443107586,79723728,-0.67824537,-0.7740134,-2.3264685
1751443107603,79740395,-0.84963197,-0.7256288,-1.843988
1751443107603,79740395,-0.84963197,-0.7256288,-1.843988
1751443107619,79757062,-1.129331,-0.7560328,-1.4978771
1751443107619,79757062,-1.129331,-0.7560328,-1.4978771
1751443107636,79773729,-1.1375333,-0.6477593,-1.1946707
1751443107636,79773729,-1.1375333,-0.6477593,-1.1946707
1751443107653,79790396,-1.1131332,-0.55215883,-0.9870033
1751443107653,79790396,-1.1131332,-0.55215883,-0.9870033
1751443107669,79807063,-1.3354814,-0.43479753,-0.880703
1751443107669,79807063,-1.3354814,-0.43479753,-0.880703
1751443107686,79823730,-1.669504,-0.64253604,-1.0708332
1751443107686,79823730,-1.669504,-0.64253604,-1.0708332
1751443107703,79840397,-1.7232257,-0.7501886,-1.2309341
1751443107703,79840397,-1.7232257,-0.7501886,-1.2309341
1751443107719,79857064,-1.5008483,-0.79649043,-1.1143942
1751443107719,79857064,-1.5008483,-0.79649043,-1.1143942
1751443107736,79873731,-1.2887368,-0.94186103,-0.65466595
1751443107736,79873731,-1.2887368,-0.94186103,-0.65466595
1751443107753,79890398,-1.076227,-0.9563154,-0.3288393
1751443107753,79890398,-1.076227,-0.9563154,-0.3288393
1751443107769,79907065,-1.1182936,-0.8734426,-0.27427673
1751443107769,79907065,-1.1182936,-0.8734426,-0.27427673
1751443107786,79923732,-1.1698697,-0.7498372,-0.26066685
1751443107786,79923732,-1.1698697,-0.7498372,-0.26066685
1751443107803,79940399,-1.1145176,-0.7063807,-0.27803326
1751443107803,79940399,-1.1145176,-0.7063807,-0.27803326
1751443107819,79957066,-1.0047297,-0.6656759,-0.26574612
1751443107819,79957066,-1.0047297,-0.6656759,-0.26574612
1751443107836,79973733,-0.8038651,-0.7116257,-0.23769188
1751443107836,79973733,-0.8038651,-0.7116257,-0.23769188
1751443107853,79990400,-0.85698694,-0.7450791,-0.4311123
1751443107853,79990400,-0.85698694,-0.7450791,-0.4311123
1751443107869,80007067,-0.7982635,-0.82539535,-0.83407307
1751443107869,80007067,-0.7982635,-0.82539535,-0.83407307
1751443107886,80023734,-0.8758238,-0.79792535,-1.0743227
1751443107886,80023734,-0.8758238,-0.79792535,-1.0743227
1751443107903,80040401,-1.0903432,-0.7621814,-1.1542835
1751443107903,80040401,-1.0903432,-0.7621814,-1.1542835
1751443107919,80057068,-1.0862365,-0.68769324,-0.95962334
1751443107919,80057068,-1.0862365,-0.68769324,-0.95962334
1751443107936,80073735,-1.0080745,-0.32042125,-0.4024048
1751443107936,80073735,-1.0080745,-0.32042125,-0.4024048
1751443107953,80090402,-0.88518286,-0.12866725,0.15181732
1751443107953,80090402,-0.88518286,-0.12866725,0.15181732
1751443107969,80107069,-0.7737605,-0.14842132,0.314044
1751443107969,80107069,-0.7737605,-0.14842132,0.314044
1751443107986,80123736,-0.8293402,-0.2275183,0.10296154
1751443107986,80123736,-0.8293402,-0.2275183,0.10296154
1751443108003,80140403,-0.9230951,-0.21342224,0.040353775
1751443108003,80140403,-0.9230951,-0.21342224,0.040353775
1751443108019,80157070,-0.86245894,-0.13962676,0.22146416
1751443108019,80157070,-0.86245894,-0.13962676,0.22146416
1751443108036,80173737,-0.8211535,-0.02537632,0.33734608
1751443108036,80173737,-0.8211535,-0.02537632,0.33734608
1751443108053,80190404,-0.84161156,-0.037557777,0.32698917
1751443108053,80190404,-0.84161156,-0.037557777,0.32698917
1751443108069,80207071,-1.0949011,0.08412,0.09806347
1751443108069,80207071,-1.0949011,0.08412,0.09806347
1751443108086,80223738,-1.0328795,-0.059547428,-0.1285429
1751443108086,80223738,-1.0328795,-0.059547428,-0.1285429
1751443108103,80240405,-1.096796,-0.22009857,-0.3941822
1751443108103,80240405,-1.096796,-0.22009857,-0.3941822
1751443108119,80257072,-1.1460239,-0.26438275,-0.54252815
1751443108119,80257072,-1.1460239,-0.26438275,-0.54252815
1751443108136,80273739,-1.0455478,-0.29483414,-0.5268707
1751443108136,80273739,-1.0455478,-0.29483414,-0.5268707
1751443108153,80290406,-1.0457011,-0.4384866,-0.38800144
1751443108153,80290406,-1.0457011,-0.4384866,-0.38800144
1751443108169,80307073,-1.0284172,-0.52586496,-0.24044895
1751443108169,80307073,-1.0284172,-0.52586496,-0.24044895
1751443108186,80323740,-0.96322954,-0.5440189,-0.10142326
1751443108186,80323740,-0.96322954,-0.5440189,-0.10142326
1751443108203,80340407,-0.8569754,-0.60938865,-0.007994652
1751443108203,80340407,-0.8569754,-0.60938865,-0.007994652
1751443108219,80357074,-0.9448021,-0.66461664,-0.030464172
1751443108219,80357074,-0.9448021,-0.66461664,-0.030464172
1751443108236,80373741,-0.94923794,-0.7387298,-0.4502592
1751443108236,80373741,-0.94923794,-0.7387298,-0.4502592
1751443108253,80390408,-0.85773176,-0.7472197,-1.1114988
1751443108253,80390408,-0.85773176,-0.7472197,-1.1114988
1751443108269,80407075,-0.8073875,-0.8992648,-1.41539
1751443108269,80407075,-0.8073875,-0.8992648,-1.41539
1751443108286,80423742,-0.66591483,-1.2083371,-1.4494534
1751443108286,80423742,-0.66591483,-1.2083371,-1.4494534
1751443108303,80440409,-0.40000752,-1.4426737,-1.1115551
1751443108303,80440409,-0.40000752,-1.4426737,-1.1115551
1751443108319,80457076,-0.23710313,-1.4809291,-0.3907175
1751443108319,80457076,-0.23710313,-1.4809291,-0.3907175
1751443108336,80473743,-0.16215038,-1.30242,0.16954231
1751443108336,80473743,-0.16215038,-1.30242,0.16954231
1751443108353,80490410,-0.25671124,-1.1638447,0.01093483
1751443108353,80490410,-0.25671124,-1.1638447,0.01093483
1751443108369,80507077,-0.63633615,-1.2301534,-0.6509142
1751443108369,80507077,-0.63633615,-1.2301534,-0.6509142
1751443108386,80523744,-1.096317,-1.2441583,-1.225522
1751443108386,80523744,-1.096317,-1.2441583,-1.225522
1751443108403,80540411,-1.1661507,-0.9505521,-1.4353447
1751443108403,80540411,-1.1661507,-0.9505521,-1.4353447
1751443108419,80557078,-0.9451214,-0.6402938,-1.0831776
1751443108419,80557078,-0.9451214,-0.6402938,-1.0831776
1751443108436,80573745,-1.0169162,-0.3946347,-0.6930609
1751443108436,80573745,-1.0169162,-0.3946347,-0.6930609
1751443108453,80590412,-1.1481019,-0.3096904,-0.523633
1751443108453,80590412,-1.1481019,-0.3096904,-0.523633
1751443108469,80607079,-0.9739295,-0.1628531,-0.72013855
1751443108469,80607079,-0.9739295,-0.1628531,-0.72013855
1751443108486,80623746,-1.1034868,-0.09756877,-1.1520395
1751443108486,80623746,-1.1034868,-0.09756877,-1.1520395
1751443108503,80640413,-0.9696857,-0.29593003,-1.8447843
1751443108503,80640413,-0.9696857,-0.29593003,-1.8447843
1751443108519,80657080,-1.1307497,-0.566503,-2.1092005
1751443108519,80657080,-1.1307497,-0.566503,-2.1092005
1751443108536,80673747,-1.0652571,-0.6194519,-1.7291088
1751443108536,80673747,-1.0652571,-0.6194519,-1.7291088
1751443108553,80690414,-0.3549184,-0.37657687,-0.5784435
1751443108553,80690414,-0.3549184,-0.37657687,-0.5784435
1751443108569,80707081,0.75017947,0.13297479,0.28464413
1751443108569,80707081,0.75017947,0.13297479,0.28464413
1751443108586,80723748,1.3526477,0.53141344,0.27747345
1751443108586,80723748,1.3526477,0.53141344,0.27747345
1751443108603,80740415,0.5292378,0.48510158,-0.6256075
1751443108603,80740415,0.5292378,0.48510158,-0.6256075
1751443108619,80757082,0.08763467,-0.3170536,-1.5826311
1751443108619,80757082,0.08763467,-0.3170536,-1.5826311
1751443108636,80773749,-0.2826969,-0.7610453,-1.5718069
1751443108636,80773749,-0.2826969,-0.7610453,-1.5718069
1751443108653,80790416,0.31254897,-0.5150161,-0.33898735
1751443108653,80790416,0.31254897,-0.5150161,-0.33898735
1751443108669,80807083,0.42360157,-0.24048363,-0.42902184
1751443108669,80807083,0.42360157,-0.24048363,-0.42902184
1751443108686,80823750,0.12808996,0.1365577,-0.5281801
1751443108686,80823750,0.12808996,0.1365577,-0.5281801
1751443108703,80840417,0.19704726,0.3170688,-0.5771637
1751443108703,80840417,0.19704726,0.3170688,-0.5771637
1751443108719,80857084,0.3567437,0.21000004,-0.14841938
1751443108719,80857084,0.3567437,0.21000004,-0.14841938
1751443108736,80873751,0.8621227,0.30034196,0.38723946
1751443108736,80873751,0.8621227,0.30034196,0.38723946
1751443108753,80890418,0.76969516,0.36939472,0.69341373
1751443108753,80890418,0.76969516,0.36939472,0.69341373
1751443108769,80907085,0.26182476,0.090875,0.017587662
1751443108769,80907085,0.26182476,0.090875,0.017587662
1751443108786,80923752,-0.042679716,0.39024916,-0.3934965
1751443108786,80923752,-0.042679716,0.39024916,-0.3934965
1751443108803,80940419,0.09184153,0.85159755,-0.20363808
1751443108803,80940419,0.09184153,0.85159755,-0.20363808
1751443108819,80957086,-0.33116323,0.7291992,-0.4676447
1751443108819,80957086,-0.33116323,0.7291992,-0.4676447
1751443108836,80973753,-0.45337346,0.55151755,-0.7070637
1751443108836,80973753,-0.45337346,0.55151755,-0.7070637
1751443108853,80990420,0.14091033,0.1942502,-0.5102167
1751443108853,80990420,0.14091033,0.1942502,-0.5102167
1751443108869,81007087,0.6929869,-0.40173325,-0.5894766
1751443108869,81007087,0.6929869,-0.40173325,-0.5894766
1751443108886,81023754,1.3092058,-0.37505764,-0.5883417
1751443108886,81023754,1.3092058,-0.37505764,-0.5883417
1751443108903,81040421,1.0612407,-0.29313725,-1.016037
1751443108903,81040421,1.0612407,-0.29313725,-1.016037
1751443108919,81057088,0.37712973,0.09191032,-1.2185373
1751443108919,81057088,0.37712973,0.09191032,-1.2185373
1751443108936,81073755,0.13689533,0.23841546,-0.31893253
1751443108936,81073755,0.13689533,0.23841546,-0.31893253
1751443108953,81090422,0.66944635,0.64077455,0.72927094
1751443108953,81090422,0.66944635,0.64077455,0.72927094
1751443108969,81107089,0.38145006,0.62609535,0.388834
1751443108969,81107089,0.38145006,0.62609535,0.388834
1751443108986,81123756,-0.279414,0.3418901,0.2137909
1751443108986,81123756,-0.279414,0.3418901,0.2137909
1751443109003,81140423,-0.3720535,0.23040743,0.92068577
1751443109003,81140423,-0.3720535,0.23040743,0.92068577
1751443109019,81157090,-0.24484867,0.08906477,0.77484703
1751443109019,81157090,-0.24484867,0.08906477,0.77484703
1751443109036,81173757,-0.12848751,0.25057524,0.65017223
1751443109036,81173757,-0.12848751,0.25057524,0.65017223
1751443109053,81190424,-0.1028812,0.43161157,0.9893656
1751443109053,81190424,-0.1028812,0.43161157,0.9893656
1751443109069,81207091,-0.18944947,0.41991445,1.2310266
1751443109069,81207091,-0.18944947,0.41991445,1.2310266
1751443109086,81223758,-0.06420764,0.21547252,1.3685093
1751443109086,81223758,-0.06420764,0.21547252,1.3685093
1751443109103,81240425,0.24742633,-0.302331,1.1693954
1751443109103,81240425,0.24742633,-0.302331,1.1693954
1751443109119,81257092,0.43095347,-0.8883274,0.98880196
1751443109119,81257092,0.43095347,-0.8883274,0.98880196
1751443109136,81273759,0.64323586,-1.1116986,1.2098246
1751443109136,81273759,0.64323586,-1.1116986,1.2098246
1751443109153,81290426,0.22110559,-1.0572582,1.3332691
1751443109153,81290426,0.22110559,-1.0572582,1.3332691
1751443109169,81307093,-0.30019328,-0.8996738,1.0336819
1751443109169,81307093,-0.30019328,-0.8996738,1.0336819
1751443109186,81323760,-0.046837993,-0.17341521,0.5595579
1751443109186,81323760,-0.046837993,-0.17341521,0.5595579
1751443109203,81340427,0.28640705,0.105804995,0.8621292
1751443109203,81340427,0.28640705,0.105804995,0.8621292
1751443109219,81357094,0.19069561,0.07512852,2.171586
1751443109219,81357094,0.19069561,0.07512852,2.171586
1751443109236,81373761,0.41868055,0.1983436,3.0803833
1751443109236,81373761,0.41868055,0.1983436,3.0803833
1751443109253,81390428,1.0418832,0.5534143,3.2333908
1751443109253,81390428,1.0418832,0.5534143,3.2333908
1751443109269,81407095,1.04154,0.118860394,3.4260445
1751443109269,81407095,1.04154,0.118860394,3.4260445
1751443109286,81423762,0.13537818,-0.35855234,2.8491821
1751443109286,81423762,0.13537818,-0.35855234,2.8491821
1751443109303,81440429,-0.3504016,-0.18076745,2.1625128
1751443109303,81440429,-0.3504016,-0.18076745,2.1625128
1751443109319,81457096,-0.23838763,0.28249893,1.3620491
1751443109319,81457096,-0.23838763,0.28249893,1.3620491
1751443109336,81473763,-0.08493142,0.4781873,0.38648987
1751443109336,81473763,-0.08493142,0.4781873,0.38648987
1751443109353,81490430,0.1553357,0.5464814,-0.37924194
1751443109353,81490430,0.1553357,0.5464814,-0.37924194
1751443109369,81507097,0.6676812,0.3967059,-0.9491615
1751443109369,81507097,0.6676812,0.3967059,-0.9491615
1751443109386,81523764,0.9783532,0.16259663,-1.4780903
1751443109386,81523764,0.9783532,0.16259663,-1.4780903
1751443109403,81540431,1.3105744,-0.050854225,-1.7611561
1751443109403,81540431,1.3105744,-0.050854225,-1.7611561
1751443109419,81557098,1.3802483,-0.024817761,-1.9147038
1751443109419,81557098,1.3802483,-0.024817761,-1.9147038
1751443109436,81573765,1.2807189,-0.05957168,-2.0559487
1751443109436,81573765,1.2807189,-0.05957168,-2.0559487
1751443109453,81590432,1.1107007,0.17427932,-1.9235344
1751443109453,81590432,1.1107007,0.17427932,-1.9235344
1751443109469,81607099,0.7889709,0.24399245,-1.6550474
1751443109469,81607099,0.7889709,0.24399245,-1.6550474
1751443109486,81623766,0.55894667,0.53009135,-1.4340105
1751443109486,81623766,0.55894667,0.53009135,-1.4340105
1751443109503,81640433,0.3872564,0.6552044,-1.0004902
1751443109503,81640433,0.3872564,0.6552044,-1.0004902
1751443109519,81657100,0.26672164,0.7282688,-0.62686443
1751443109519,81657100,0.26672164,0.7282688,-0.62686443
1751443109536,81673767,0.26502073,0.8358224,-0.28455353
1751443109536,81673767,0.26502073,0.8358224,-0.28455353
1751443109553,81690434,0.2784841,0.62403107,0.06537151
1751443109553,81690434,0.2784841,0.62403107,0.06537151
1751443109569,81707101,0.17943631,0.49986064,0.20613575
1751443109569,81707101,0.17943631,0.49986064,0.20613575
1751443109586,81723768,0.11556558,0.60617787,0.16790676
1751443109586,81723768,0.11556558,0.60617787,0.16790676
1751443109603,81740435,-0.06601658,0.3502125,0.20326805
1751443109603,81740435,-0.06601658,0.3502125,0.20326805
1751443109619,81757102,-0.16485898,0.07527547,0.14136696
1751443109619,81757102,-0.16485898,0.07527547,0.14136696
1751443109636,81773769,-0.32247552,-0.2039625,0.19491291
1751443109636,81773769,-0.32247552,-0.2039625,0.19491291
1751443109653,81790436,-0.34437853,-0.32283363,0.16600895
1751443109653,81790436,-0.34437853,-0.32283363,0.16600895
1751443109669,81807103,-0.2591211,-0.3646663,0.039408684
1751443109669,81807103,-0.2591211,-0.3646663,0.039408684
1751443109686,81823770,0.0033963562,-0.22017781,-0.2550354
1751443109686,81823770,0.0033963562,-0.22017781,-0.2550354
1751443109703,81840437,0.3205305,0.07436103,-0.4957819
1751443109703,81840437,0.3205305,0.07436103,-0.4957819
1751443109719,81857104,0.33640593,0.20049179,-0.74806404
1751443109719,81857104,0.33640593,0.20049179,-0.74806404
1751443109736,81873771,0.40233448,0.35865727,-1.049964
1751443109736,81873771,0.40233448,0.35865727,-1.049964
1751443109753,81890438,0.59463596,0.6554149,-1.2218018
1751443109753,81890438,0.59463596,0.6554149,-1.2218018
1751443109769,81907105,0.5626445,0.78921485,-1.0663767
1751443109769,81907105,0.5626445,0.78921485,-1.0663767
1751443109786,81923772,0.44407606,0.7761433,-0.8095007
1751443109786,81923772,0.44407606,0.7761433,-0.8095007
1751443109803,81940439,0.43265402,0.63702166,-0.5453081
1751443109803,81940439,0.43265402,0.63702166,-0.5453081
1751443109819,81957106,0.28334835,0.5659585,-0.5221176
1751443109819,81957106,0.28334835,0.5659585,-0.5221176
1751443109836,81973773,0.13578708,0.5106676,-0.6248255
1751443109836,81973773,0.13578708,0.5106676,-0.6248255
1751443109853,81990440,0.09071294,0.5257324,-0.692461
1751443109853,81990440,0.09071294,0.5257324,-0.692461
1751443109869,82007107,0.22266419,0.6122225,-0.51685905
1751443109869,82007107,0.22266419,0.6122225,-0.51685905
1751443109886,82023774,0.2242242,0.459016,-0.27178574
1751443109886,82023774,0.2242242,0.459016,-0.27178574
1751443109903,82040441,0.09003631,0.15094154,-0.1888752
1751443109903,82040441,0.09003631,0.15094154,-0.1888752
1751443109919,82057108,0.032804046,-0.10546565,-0.30854607
1751443109919,82057108,0.032804046,-0.10546565,-0.30854607
1751443109936,82073775,0.07806486,-0.110663496,-0.534812
1751443109936,82073775,0.07806486,-0.110663496,-0.534812
1751443109953,82090442,0.18277305,-0.04097445,-0.5606079
1751443109953,82090442,0.18277305,-0.04097445,-0.5606079
1751443109969,82107109,0.20530768,0.019781679,-0.39090443
1751443109969,82107109,0.20530768,0.019781679,-0.39090443
1751443109986,82123776,0.16540053,0.13788654,-0.37602234
1751443109986,82123776,0.16540053,0.13788654,-0.37602234
1751443110003,82140443,0.12736262,0.27138296,-0.5294409
1751443110003,82140443,0.12736262,0.27138296,-0.5294409
1751443110019,82157110,0.08977375,0.26169863,-0.5861168
1751443110019,82157110,0.08977375,0.26169863,-0.5861168
1751443110036,82173777,0.012890593,0.26001027,-0.5770588
1751443110036,82173777,0.012890593,0.26001027,-0.5770588
1751443110053,82190444,-0.06271686,0.22263756,-0.50848484
1751443110053,82190444,-0.06271686,0.22263756,-0.50848484
1751443110069,82207111,-0.101469964,0.15835501,-0.44820976
1751443110069,82207111,-0.101469964,0.15835501,-0.44820976
1751443110086,82223778,-0.067033365,0.19046041,-0.41812992
1751443110086,82223778,-0.067033365,0.19046041,-0.41812992
1751443110103,82240445,0.037729282,0.24941313,-0.41810036
1751443110103,82240445,0.037729282,0.24941313,-0.41810036
1751443110119,82257112,0.01541724,0.24206157,-0.5193548
1751443110119,82257112,0.01541724,0.24206157,-0.5193548
1751443110136,82273779,0.065999314,0.2414762,-0.66191673
1751443110136,82273779,0.065999314,0.2414762,-0.66191673
1751443110153,82290446,0.0059712604,0.14852068,-0.7422867
1751443110153,82290446,0.0059712604,0.14852068,-0.7422867
1751443110169,82307113,0.005572653,0.117213435,-0.62272453
1751443110169,82307113,0.005572653,0.117213435,-0.62272453
1751443110186,82323780,0.058263402,0.10055563,-0.38464928
1751443110186,82323780,0.058263402,0.10055563,-0.38464928
1751443110203,82340447,0.031220807,0.10717189,-0.198143
1751443110203,82340447,0.031220807,0.10717189,-0.198143
1751443110219,82357114,0.0845643,0.18687795,-0.106259346
1751443110219,82357114,0.0845643,0.18687795,-0.106259346
1751443110236,82373781,0.09264742,0.28289124,-0.23266792
1751443110236,82373781,0.09264742,0.28289124,-0.23266792
1751443110253,82390448,0.040024787,0.2456774,-0.34857273
1751443110253,82390448,0.040024787,0.2456774,-0.34857273
1751443110269,82407115,0.050591066,0.18317491,-0.44307613
1751443110269,82407115,0.050591066,0.18317491,-0.44307613
1751443110286,82423782,0.1462846,0.15071328,-0.6030159
1751443110286,82423782,0.1462846,0.15071328,-0.6030159
1751443110303,82440449,0.20017253,0.06241756,-0.7028103
1751443110303,82440449,0.20017253,0.06241756,-0.7028103
1751443110319,82457116,0.16692694,0.0002606161,-0.7918978
1751443110319,82457116,0.16692694,0.0002606161,-0.7918978
1751443110336,82473783,0.13491927,-0.0057036034,-0.78679657
1751443110336,82473783,0.13491927,-0.0057036034,-0.78679657
1751443110353,82490450,0.1099408,0.016219217,-0.7421322
1751443110353,82490450,0.1099408,0.016219217,-0.7421322
1751443110369,82507117,0.14985001,0.08246611,-0.71612835
1751443110369,82507117,0.14985001,0.08246611,-0.71612835
1751443110386,82523784,0.08875869,0.1937674,-0.6835985
1751443110386,82523784,0.08875869,0.1937674,-0.6835985
1751443110403,82540451,0.045800947,0.27564803,-0.6197796
1751443110403,82540451,0.045800947,0.27564803,-0.6197796
1751443110419,82557118,0.13178116,0.33189863,-0.4908409
1751443110419,82557118,0.13178116,0.33189863,-0.4908409
1751443110436,82573785,0.032051682,0.26990294,-0.3360939
1751443110436,82573785,0.032051682,0.26990294,-0.3360939
1751443110453,82590452,0.028478477,0.28460732,-0.2542467
1751443110453,82590452,0.028478477,0.28460732,-0.2542467
1751443110469,82607119,0.20318545,0.34420916,-0.2468214
1751443110469,82607119,0.20318545,0.34420916,-0.2468214
1751443110486,82623786,0.39089212,0.41240108,-0.31352043
1751443110486,82623786,0.39089212,0.41240108,-0.31352043
1751443110503,82640453,0.63209087,0.43494827,-0.33975697
1751443110503,82640453,0.63209087,0.43494827,-0.33975697
1751443110519,82657120,0.6582329,0.41064236,-0.37339115
1751443110519,82657120,0.6582329,0.41064236,-0.37339115
1751443110536,82673787,0.6194258,0.35235688,-0.39094067
1751443110536,82673787,0.6194258,0.35235688,-0.39094067
1751443110553,82690454,0.7171752,0.3783015,-0.4839592
1751443110553,82690454,0.7171752,0.3783015,-0.4839592
1751443110569,82707121,0.6614918,0.3241825,-0.53500175
1751443110569,82707121,0.6614918,0.3241825,-0.53500175
1751443110586,82723788,0.48087767,0.32805735,-0.6534281
1751443110586,82723788,0.48087767,0.32805735,-0.6534281
1751443110603,82740455,0.5167436,0.48717386,-0.6863184
1751443110603,82740455,0.5167436,0.48717386,-0.6863184
1751443110619,82757122,0.98784846,0.7993501,-0.20957088
1751443110619,82757122,0.98784846,0.7993501,-0.20957088
1751443110636,82773789,1.7125317,1.1546215,0.34514713
1751443110636,82773789,1.7125317,1.1546215,0.34514713
1751443110653,82790456,1.9750289,1.0660001,0.38679218
1751443110653,82790456,1.9750289,1.0660001,0.38679218
1751443110669,82807123,1.3723501,0.5794506,0.46644878
1751443110669,82807123,1.3723501,0.5794506,0.46644878
1751443110686,82823790,0.3225529,0.47152495,1.0319204
1751443110686,82823790,0.3225529,0.47152495,1.0319204
1751443110703,82840457,-0.8293569,0.5041375,1.6481295
1751443110703,82840457,-0.8293569,0.5041375,1.6481295
1751443110719,82857124,-0.6030258,0.023036586,2.4706821
1751443110719,82857124,-0.6030258,0.023036586,2.4706821
1751443110736,82873791,0.02820085,0.16495815,3.1439934
1751443110736,82873791,0.02820085,0.16495815,3.1439934
1751443110753,82890458,0.30639443,-0.1372488,3.6198769
1751443110753,82890458,0.30639443,-0.1372488,3.6198769
1751443110769,82907125,0.27222443,-0.3608049,3.6841822
1751443110769,82907125,0.27222443,-0.3608049,3.6841822
1751443110786,82923792,0.36575234,-0.2553278,3.4820032
1751443110786,82923792,0.36575234,-0.2553278,3.4820032
1751443110803,82940459,0.50635153,0.056660086,3.59756
1751443110803,82940459,0.50635153,0.056660086,3.59756
1751443110819,82957126,0.40123832,0.3862219,3.480873
1751443110819,82957126,0.40123832,0.3862219,3.480873
1751443110836,82973793,0.38218588,0.5390348,2.9853754
1751443110836,82973793,0.38218588,0.5390348,2.9853754
1751443110853,82990460,0.36490062,0.5273614,2.7114744
1751443110853,82990460,0.36490062,0.5273614,2.7114744
1751443110869,83007127,0.24237661,0.4605138,2.276616
1751443110869,83007127,0.24237661,0.4605138,2.276616
1751443110886,83023794,0.02447749,0.25750795,1.4507446
1751443110886,83023794,0.02447749,0.25750795,1.4507446
1751443110903,83040461,0.32473153,0.32315257,1.0729465
1751443110903,83040461,0.32473153,0.32315257,1.0729465
1751443110919,83057128,0.42591032,0.5742066,0.83588696
1751443110919,83057128,0.42591032,0.5742066,0.83588696
1751443110936,83073795,0.5332112,0.52537054,0.7504959
1751443110936,83073795,0.5332112,0.52537054,0.7504959
1751443110953,83090462,0.5170703,0.24650797,0.78906536
1751443110953,83090462,0.5170703,0.24650797,0.78906536
1751443110969,83107129,0.58205414,0.11902758,0.6850462
1751443110969,83107129,0.58205414,0.11902758,0.6850462
1751443110986,83123796,0.9557557,0.22590253,0.17656708
1751443110986,83123796,0.9557557,0.22590253,0.17656708
1751443111003,83140463,1.1729425,0.1270032,-0.5820904
1751443111003,83140463,1.1729425,0.1270032,-0.5820904
1751443111019,83157130,1.3746693,0.27303293,-0.9839916
1751443111019,83157130,1.3746693,0.27303293,-0.9839916
1751443111036,83173797,1.7414409,-0.0813833,-1.7066488
1751443111036,83173797,1.7414409,-0.0813833,-1.7066488
1751443111053,83190464,0.7870734,0.10205468,-2.0576673
1751443111053,83190464,0.7870734,0.10205468,-2.0576673
1751443111069,83207131,0.9674941,0.028061157,-2.2994466
1751443111069,83207131,0.9674941,0.028061157,-2.2994466
1751443111086,83223798,0.7181242,0.05755414,-2.244896
1751443111086,83223798,0.7181242,0.05755414,-2.244896
1751443111103,83240465,0.41727975,-0.0003553856,-2.31956
1751443111103,83240465,0.41727975,-0.0003553856,-2.31956
1751443111119,83257132,0.37431517,0.26530027,-1.4681244
1751443111119,83257132,0.37431517,0.26530027,-1.4681244
1751443111136,83273799,0.31729198,0.6671093,-0.82203007
1751443111136,83273799,0.31729198,0.6671093,-0.82203007
1751443111153,83290466,0.5293156,0.86691177,-0.60345554
1751443111153,83290466,0.5293156,0.86691177,-0.60345554
1751443111169,83307133,0.4388341,0.8511302,-0.7275057
1751443111169,83307133,0.4388341,0.8511302,-0.7275057
1751443111186,83323800,0.13250223,0.9419721,-0.99543
1751443111186,83323800,0.13250223,0.9419721,-0.99543
1751443111203,83340467,-0.38882092,1.0771197,-0.8862457
1751443111203,83340467,-0.38882092,1.0771197,-0.8862457
1751443111219,83357134,-0.44459385,0.9757574,-0.72335243
1751443111219,83357134,-0.44459385,0.9757574,-0.72335243
1751443111236,83373801,-0.60271525,0.545229,-0.7727909
1751443111236,83373801,-0.60271525,0.545229,-0.7727909
1751443111253,83390468,-1.1209859,-0.11603809,-1.3140726
1751443111253,83390468,-1.1209859,-0.11603809,-1.3140726
1751443111269,83407135,-1.1887214,-0.8130885,-1.9502592
1751443111269,83407135,-1.1887214,-0.8130885,-1.9502592
1751443111286,83423802,-1.2337703,-1.2685801,-2.4284062
1751443111286,83423802,-1.2337703,-1.2685801,-2.4284062
1751443111303,83440469,-1.4589096,-1.2670311,-2.73455
1751443111303,83440469,-1.4589096,-1.2670311,-2.73455
1751443111319,83457136,-1.4655609,-1.1970781,-2.9931216
1751443111319,83457136,-1.4655609,-1.1970781,-2.9931216
1751443111336,83473803,-1.3174849,-1.2433307,-2.7868571
1751443111336,83473803,-1.3174849,-1.2433307,-2.7868571
1751443111353,83490470,-1.2254916,-1.1598412,-2.4590287
1751443111353,83490470,-1.2254916,-1.1598412,-2.4590287
1751443111369,83507137,-1.2316221,-1.3178085,-1.704174
1751443111369,83507137,-1.2316221,-1.3178085,-1.704174
1751443111386,83523804,-1.0663967,-0.8854108,-0.93612957
1751443111386,83523804,-1.0663967,-0.8854108,-0.93612957
1751443111403,83540471,-0.9678645,-0.5959955,-0.51593304
1751443111403,83540471,-0.9678645,-0.5959955,-0.51593304
1751443111419,83557138,-1.0760056,-0.61791587,-0.4092121
1751443111419,83557138,-1.0760056,-0.61791587,-0.4092121
1751443111436,83573805,-1.1906427,-1.0212611,-0.40425968
1751443111436,83573805,-1.1906427,-1.0212611,-0.40425968
1751443111453,83590472,-1.4169238,-1.1874638,-0.33368874
1751443111453,83590472,-1.4169238,-1.1874638,-0.33368874
1751443111469,83607139,-1.3155366,-1.2547271,-0.29106617
1751443111469,83607139,-1.3155366,-1.2547271,-0.29106617
1751443111486,83623806,-1.4112407,-1.1140362,-0.60712147
1751443111486,83623806,-1.4112407,-1.1140362,-0.60712147
1751443111503,83640473,-1.8668853,-0.9817382,-1.0024824
1751443111503,83640473,-1.8668853,-0.9817382,-1.0024824
1751443111519,83657140,-2.2235923,-0.7853239,-1.0450611
1751443111519,83657140,-2.2235923,-0.7853239,-1.0450611
1751443111536,83673807,-1.9464601,-0.43283954,-1.2676439
1751443111536,83673807,-1.9464601,-0.43283954,-1.2676439
1751443111553,83690474,-1.95621,-0.5215165,-1.0197296
1751443111553,83690474,-1.95621,-0.5215165,-1.0197296
1751443111569,83707141,-1.6691749,-0.49156982,-0.82778835
1751443111569,83707141,-1.6691749,-0.49156982,-0.82778835
1751443111586,83723808,-1.2112787,-0.6285437,-0.47727013
1751443111586,83723808,-1.2112787,-0.6285437,-0.47727013
1751443111603,83740475,-0.8820543,-0.7288907,-0.067287445
1751443111603,83740475,-0.8820543,-0.7288907,-0.067287445
1751443111619,83757142,-0.8420525,-0.64340705,0.15828705
1751443111619,83757142,-0.8420525,-0.64340705,0.15828705
1751443111636,83773809,-0.8075319,-0.6726895,0.17755508
1751443111636,83773809,-0.8075319,-0.6726895,0.17755508
1751443111653,83790476,-0.90687245,-0.56257963,0.29567337
1751443111653,83790476,-0.90687245,-0.56257963,0.29567337
1751443111669,83807143,-0.7734258,-0.4697981,0.29784298
1751443111669,83807143,-0.7734258,-0.4697981,0.29784298
1751443111686,83823810,-0.76702905,-0.3129454,0.1987524
1751443111686,83823810,-0.76702905,-0.3129454,0.1987524
1751443111703,83840477,-0.8087902,-0.293481,0.050923347
1751443111703,83840477,-0.8087902,-0.293481,0.050923347
1751443111719,83857144,-0.93492395,-0.38252053,-0.21556854
1751443111719,83857144,-0.93492395,-0.38252053,-0.21556854
1751443111736,83873811,-1.0609331,-0.4748573,-0.35863876
1751443111736,83873811,-1.0609331,-0.4748573,-0.35863876
1751443111753,83890478,-1.0588521,-0.59072775,-0.21529484
1751443111753,83890478,-1.0588521,-0.59072775,-0.21529484
1751443111769,83907145,-0.9079645,-0.6107384,-0.07267094
1751443111769,83907145,-0.9079645,-0.6107384,-0.07267094
1751443111786,83923812,-0.8932941,-0.6172306,-0.03658676
1751443111786,83923812,-0.8932941,-0.6172306,-0.03658676
1751443111803,83940479,-0.9741385,-0.6570921,-0.116511345
1751443111803,83940479,-0.9741385,-0.6570921,-0.116511345
1751443111819,83957146,-0.96652526,-0.57030267,0.063729286
1751443111819,83957146,-0.96652526,-0.57030267,0.063729286
1751443111836,83973813,-0.79474986,-0.39400506,0.29719543
1751443111836,83973813,-0.79474986,-0.39400506,0.29719543
1751443111853,83990480,-0.7359647,-0.43797722,0.16986656
1751443111853,83990480,-0.7359647,-0.43797722,0.16986656
1751443111869,84007147,-0.89043415,-0.58051926,-0.1584158
1751443111869,84007147,-0.89043415,-0.58051926,-0.1584158
1751443111886,84023814,-1.1120863,-0.6984002,-0.24491596
1751443111886,84023814,-1.1120863,-0.6984002,-0.24491596
1751443111903,84040481,-1.1393973,-0.77865565,-0.09611988
1751443111903,84040481,-1.1393973,-0.77865565,-0.09611988
1751443111919,84057148,-1.0747503,-0.80906975,0.22386265
1751443111919,84057148,-1.0747503,-0.80906975,0.22386265
1751443111936,84073815,-0.86855423,-0.8178943,0.35947323
1751443111936,84073815,-0.86855423,-0.8178943,0.35947323
1751443111953,84090482,-0.8667375,-0.9224925,0.13945198
1751443111953,84090482,-0.8667375,-0.9224925,0.13945198
1751443111969,84107149,-1.1019292,-1.1156259,-0.40813923
1751443111969,84107149,-1.1019292,-1.1156259,-0.40813923
1751443111986,84123816,-1.5263028,-1.2275254,-0.84456444
1751443111986,84123816,-1.5263028,-1.2275254,-0.84456444
1751443112003,84140483,-1.7396708,-1.1532917,-1.2185192
1751443112003,84140483,-1.7396708,-1.1532917,-1.2185192
1751443112019,84157150,-1.6631628,-0.7561271,-1.4793177
1751443112019,84157150,-1.6631628,-0.7561271,-1.4793177
1751443112036,84173817,-1.777795,-0.8029797,-1.7683668
1751443112036,84173817,-1.777795,-0.8029797,-1.7683668
1751443112053,84190484,-2.040439,-1.2489905,-2.3566432
1751443112053,84190484,-2.040439,-1.2489905,-2.3566432
1751443112069,84207151,-1.8695111,-1.2673485,-2.8331037
1751443112069,84207151,-1.8695111,-1.2673485,-2.8331037
1751443112086,84223818,-1.4774251,-1.1514357,-2.1606412
1751443112086,84223818,-1.4774251,-1.1514357,-2.1606412
1751443112103,84240485,-0.8122751,-1.1198506,-1.2415981
1751443112103,84240485,-0.8122751,-1.1198506,-1.2415981
1751443112119,84257152,-0.020927882,-0.95084023,-0.8904619
1751443112119,84257152,-0.020927882,-0.95084023,-0.8904619
1751443112136,84273819,0.13534129,-1.1886635,-1.9102297
1751443112136,84273819,0.13534129,-1.1886635,-1.9102297
1751443112153,84290486,0.06319451,-1.6523969,-3.2078872
1751443112153,84290486,0.06319451,-1.6523969,-3.2078872
1751443112169,84307153,0.10311739,-1.7299953,-3.6811562
1751443112169,84307153,0.10311739,-1.7299953,-3.6811562
1751443112186,84323820,0.26933292,-1.3099238,-3.0064926
1751443112186,84323820,0.26933292,-1.3099238,-3.0064926
1751443112203,84340487,0.4257042,-0.32108486,-1.2448807
1751443112203,84340487,0.4257042,-0.32108486,-1.2448807
1751443112219,84357154,0.47586924,0.9186119,0.1586256
1751443112219,84357154,0.47586924,0.9186119,0.1586256
1751443112236,84373821,0.2456258,1.2283291,0.14183426
1751443112236,84373821,0.2456258,1.2283291,0.14183426
1751443112253,84390488,-0.22850004,0.6546603,-0.6483393
1751443112253,84390488,-0.22850004,0.6546603,-0.6483393
1751443112269,84407155,-0.45606297,0.05684225,-1.3815012
1751443112269,84407155,-0.45606297,0.05684225,-1.3815012
1751443112286,84423822,0.110328846,0.08431244,-1.3466492
1751443112286,84423822,0.110328846,0.08431244,-1.3466492
1751443112303,84440489,0.86081994,0.75190765,-0.29778862
1751443112303,84440489,0.86081994,0.75190765,-0.29778862
1751443112319,84457156,0.7815337,0.6985598,0.6329355
1751443112319,84457156,0.7815337,0.6985598,0.6329355
1751443112336,84473823,0.5103503,0.30790943,0.16328526
1751443112336,84473823,0.5103503,0.30790943,0.16328526
1751443112353,84490490,0.27611795,-0.0017031687,-1.3035908
1751443112353,84490490,0.27611795,-0.0017031687,-1.3035908
1751443112369,84507157,0.44619438,-0.006805746,-1.1865692
1751443112369,84507157,0.44619438,-0.006805746,-1.1865692
1751443112386,84523824,0.6130875,0.36396426,-0.90307903
1751443112386,84523824,0.6130875,0.36396426,-0.90307903
1751443112403,84540491,0.65624535,0.48641047,-0.6141672
1751443112403,84540491,0.65624535,0.48641047,-0.6141672
1751443112419,84557158,0.29162347,0.17131753,-0.2978363
1751443112419,84557158,0.29162347,0.17131753,-0.2978363
1751443112436,84573825,0.3350361,-0.24710095,-0.38185406
1751443112436,84573825,0.3350361,-0.24710095,-0.38185406
1751443112453,84590492,0.44044328,-0.6928627,-0.7243767
1751443112453,84590492,0.44044328,-0.6928627,-0.7243767
1751443112469,84607159,0.67342156,-0.5605631,-0.7203684
1751443112469,84607159,0.67342156,-0.5605631,-0.7203684
1751443112486,84623826,0.55259717,-0.25765947,-0.5281801
1751443112486,84623826,0.55259717,-0.25765947,-0.5281801
1751443112503,84640493,0.49050987,0.15395036,0.39090252
1751443112503,84640493,0.49050987,0.15395036,0.39090252
1751443112519,84657160,0.27453494,0.021794077,0.43486404
1751443112519,84657160,0.27453494,0.021794077,0.43486404
1751443112536,84673827,0.4786934,-0.018483404,0.20001125
1751443112536,84673827,0.4786934,-0.018483404,0.20001125
1751443112553,84690494,0.5071782,0.25875714,0.16938782
1751443112553,84690494,0.5071782,0.25875714,0.16938782
1751443112569,84707161,0.5863112,0.8026728,1.1487427
1751443112569,84707161,0.5863112,0.8026728,1.1487427
1751443112586,84723828,0.5666752,0.9465778,1.5015249
1751443112586,84723828,0.5666752,0.9465778,1.5015249
1751443112603,84740495,0.3121365,0.85159284,1.3446484
1751443112603,84740495,0.3121365,0.85159284,1.3446484
1751443112619,84757162,0.06543983,0.865376,1.4917507
1751443112619,84757162,0.06543983,0.865376,1.4917507
1751443112636,84773829,0.016269509,0.9896872,1.8748636
1751443112636,84773829,0.016269509,0.9896872,1.8748636
1751443112653,84790496,-0.0009825908,0.81482655,2.47964
1751443112653,84790496,-0.0009825908,0.81482655,2.47964
1751443112669,84807163,-0.07874645,0.17421405,2.5079784
1751443112669,84807163,-0.07874645,0.17421405,2.5079784
1751443112686,84823830,-0.42330936,-0.45103326,1.8692207
1751443112686,84823830,-0.42330936,-0.45103326,1.8692207
1751443112703,84840497,-0.019132884,-0.71589905,1.7303858
1751443112703,84840497,-0.019132884,-0.71589905,1.7303858
1751443112719,84857164,0.4408269,-0.9366872,1.8019819
1751443112719,84857164,0.4408269,-0.9366872,1.8019819
1751443112736,84873831,0.43081623,-0.80289876,1.2814703
1751443112736,84873831,0.43081623,-0.80289876,1.2814703
1751443112753,84890498,0.61074567,-0.14585048,0.41204548
1751443112753,84890498,0.61074567,-0.14585048,0.41204548
1751443112769,84907165,0.73020595,-0.13622488,0.40538502
1751443112769,84907165,0.73020595,-0.13622488,0.40538502
1751443112786,84923832,0.46009734,-0.47948512,1.8113327
1751443112786,84923832,0.46009734,-0.47948512,1.8113327
1751443112803,84940499,0.5855797,-0.23156658,2.6813927
1751443112803,84940499,0.5855797,-0.23156658,2.6813927
1751443112819,84957166,1.0817453,0.6778904,2.7821903
1751443112819,84957166,1.0817453,0.6778904,2.7821903
1751443112836,84973833,0.90947413,0.81516916,3.1078396
1751443112836,84973833,0.90947413,0.81516916,3.1078396
1751443112853,84990500,0.09691793,0.23072661,2.5744228
1751443112853,84990500,0.09691793,0.23072661,2.5744228
1751443112869,85007167,0.3141288,0.29459476,2.109662
1751443112869,85007167,0.3141288,0.29459476,2.109662
1751443112886,85023834,0.035871275,0.49822825,1.4682226
1751443112886,85023834,0.035871275,0.49822825,1.4682226
1751443112903,85040501,0.051257066,0.74464077,0.6991501
1751443112903,85040501,0.051257066,0.74464077,0.6991501
1751443112919,85057168,-0.06720357,0.55808693,-0.104475975
1751443112919,85057168,-0.06720357,0.55808693,-0.104475975
1751443112936,85073835,0.1672013,0.3788842,-0.68893147
1751443112936,85073835,0.1672013,0.3788842,-0.68893147
1751443112953,85090502,0.40269965,0.17021148,-1.3036947
1751443112953,85090502,0.40269965,0.17021148,-1.3036947
1751443112969,85107169,0.28907767,-0.054318342,-1.8132997
1751443112969,85107169,0.28907767,-0.054318342,-1.8132997
1751443112986,85123836,0.18781272,-0.10937249,-2.2108593
1751443112986,85123836,0.18781272,-0.10937249,-2.2108593
1751443113003,85140503,0.06215197,-0.009935933,-2.4363294
1751443113003,85140503,0.06215197,-0.009935933,-2.4363294
1751443113019,85157170,-0.054957252,0.14140245,-2.263916
1751443113019,85157170,-0.054957252,0.14140245,-2.263916
1751443113036,85173837,-0.0022455396,0.21456775,-1.6508865
1751443113036,85173837,-0.0022455396,0.21456775,-1.6508865
1751443113053,85190504,0.067374855,0.24574813,-0.95482826
1751443113053,85190504,0.067374855,0.24574813,-0.95482826
1751443113069,85207171,0.24429703,0.3245559,-0.41504765
1751443113069,85207171,0.24429703,0.3245559,-0.41504765
1751443113086,85223838,0.4799823,0.3691882,-0.11497688
1751443113086,85223838,0.4799823,0.3691882,-0.11497688
1751443113103,85240505,0.42243713,0.3841223,0.18241882
1751443113103,85240505,0.42243713,0.3841223,0.18241882
1751443113119,85257172,0.5236021,0.5611422,0.26947975
1751443113119,85257172,0.5236021,0.5611422,0.26947975
1751443113136,85273839,0.54580027,0.49966908,0.5773325
1751443113136,85273839,0.54580027,0.49966908,0.5773325
1751443113153,85290506,0.6110775,0.50271297,0.80165005
1751443113153,85290506,0.6110775,0.50271297,0.80165005
1751443113170,85307173,0.6273832,0.45683366,0.60583687
1751443113170,85307173,0.6273832,0.45683366,0.60583687
1751443113186,85323840,0.53299785,0.36812523,0.09151554
1751443113186,85323840,0.53299785,0.36812523,0.09151554
1751443113203,85340507,0.5729676,0.12725408,-0.51275253
1751443113203,85340507,0.5729676,0.12725408,-0.51275253
1751443113220,85357174,0.5626623,-0.027259752,-0.90605927
1751443113220,85357174,0.5626623,-0.027259752,-0.90605927
1751443113236,85373841,0.33582893,-0.15350802,-1.215765
1751443113236,85373841,0.33582893,-0.15350802,-1.215765
1751443113253,85390508,0.24178514,-0.17656696,-1.1704426
1751443113253,85390508,0.24178514,-0.17656696,-1.1704426
1751443113270,85407175,0.17374144,0.0019139415,-0.9346037
1751443113270,85407175,0.17374144,0.0019139415,-0.9346037
1751443113286,85423842,0.18608066,0.33159566,-0.7559471
1751443113286,85423842,0.18608066,0.33159566,-0.7559471
1751443113303,85440509,0.24358177,0.5093064,-0.6488867
1751443113303,85440509,0.24358177,0.5093064,-0.6488867
1751443113320,85457176,0.3497414,0.6864541,-0.56741905
1751443113320,85457176,0.3497414,0.6864541,-0.56741905
1751443113336,85473843,0.50705904,0.73945993,-0.5077572
1751443113336,85473843,0.50705904,0.73945993,-0.5077572
1751443113353,85490510,0.57081276,0.6850138,-0.3794546
1751443113353,85490510,0.57081276,0.6850138,-0.3794546
1751443113370,85507177,0.48261374,0.448223,-0.38540363
1751443113370,85507177,0.48261374,0.448223,-0.38540363
1751443113386,85523844,0.53660506,0.21342392,-0.41410732
1751443113386,85523844,0.53660506,0.21342392,-0.41410732
1751443113403,85540511,0.542793,0.03332064,-0.41308498
1751443113403,85540511,0.542793,0.03332064,-0.41308498
1751443113420,85557178,0.52814853,0.031805113,-0.48127937
1751443113420,85557178,0.52814853,0.031805113,-0.48127937
1751443113436,85573845,0.35860422,0.07096257,-0.6094694
1751443113436,85573845,0.35860422,0.07096257,-0.6094694
1751443113453,85590512,0.21840489,0.20842326,-0.6717863
1751443113453,85590512,0.21840489,0.20842326,-0.6717863
1751443113470,85607179,0.033314526,0.27203444,-0.61321163
1751443113470,85607179,0.033314526,0.27203444,-0.61321163
1751443113486,85623846,0.025536006,0.21678488,-0.5954113
1751443113486,85623846,0.025536006,0.21678488,-0.5954113
1751443113503,85640513,0.016288755,0.23994747,-0.5263052
1751443113503,85640513,0.016288755,0.23994747,-0.5263052
1751443113520,85657180,0.07033541,0.25087765,-0.43513584
1751443113520,85657180,0.07033541,0.25087765,-0.43513584
1751443113536,85673847,0.053224172,0.25182787,-0.3487215
1751443113536,85673847,0.053224172,0.25182787,-0.3487215
1751443113553,85690514,0.07801625,0.22948858,-0.30103207
1751443113553,85690514,0.07801625,0.22948858,-0.30103207
1751443113570,85707181,0.11998443,0.18454923,-0.23178196
1751443113570,85707181,0.11998443,0.18454923,-0.23178196
1751443113586,85723848,0.12694786,0.15319109,-0.3075285
1751443113586,85723848,0.12694786,0.15319109,-0.3075285
1751443113603,85740515,0.16924462,0.22592606,-0.49698162
1751443113603,85740515,0.16924462,0.22592606,-0.49698162
1751443113620,85757182,0.18889229,0.34102136,-0.6300163
1751443113620,85757182,0.18889229,0.34102136,-0.6300163
1751443113636,85773849,0.062145513,0.2919172,-0.62796783
1751443113636,85773849,0.062145513,0.2919172,-0.62796783
1751443113653,85790516,-0.06218822,0.23267777,-0.5872536
1751443113653,85790516,-0.06218822,0.23267777,-0.5872536
1751443113670,85807183,-0.048247,0.27376533,-0.56827927
1751443113670,85807183,-0.048247,0.27376533,-0.56827927
1751443113686,85823850,0.004727423,0.287054,-0.47763538
1751443113686,85823850,0.004727423,0.287054,-0.47763538
1751443113703,85840517,0.08930668,0.32447198,-0.45101166
1751443113703,85840517,0.08930668,0.32447198,-0.45101166
1751443113720,85857184,0.18815467,0.32987854,-0.42190838
1751443113720,85857184,0.18815467,0.32987854,-0.42190838
1751443113736,85873851,0.12041991,0.23574392,-0.37713814
1751443113736,85873851,0.12041991,0.23574392,-0.37713814
1751443113753,85890518,-0.006898416,0.1398733,-0.38800716
1751443113753,85890518,-0.006898416,0.1398733,-0.38800716
1751443113770,85907185,-0.013773514,0.13230614,-0.38251114
1751443113770,85907185,-0.013773514,0.13230614,-0.38251114
1751443113786,85923852,-0.037916604,0.1384988,-0.44373703
1751443113786,85923852,-0.037916604,0.1384988,-0.44373703
1751443113803,85940519,-0.122468375,0.18475151,-0.55288696
1751443113803,85940519,-0.122468375,0.18475151,-0.55288696
1751443113820,85957186,-0.09266607,0.24451664,-0.5536308
1751443113820,85957186,-0.09266607,0.24451664,-0.5536308
1751443113836,85973853,-0.012983886,0.22124179,-0.45475006
1751443113836,85973853,-0.012983886,0.22124179,-0.45475006
1751443113853,85990520,0.068053484,0.15246154,-0.44014454
1751443113853,85990520,0.068053484,0.15246154,-0.44014454
1751443113870,86007187,0.16233478,0.08927208,-0.5888977
1751443113870,86007187,0.16233478,0.08927208,-0.5888977
1751443113886,86023854,0.14075226,0.079134874,-0.6934986
1751443113886,86023854,0.14075226,0.079134874,-0.6934986
1751443113903,86040521,0.070469156,0.07556694,-0.6512041
1751443113903,86040521,0.070469156,0.07556694,-0.6512041
1751443113920,86057188,0.08331924,0.17821996,-0.49987984
1751443113920,86057188,0.08331924,0.17821996,-0.49987984
1751443113936,86073855,-0.004444499,0.26556358,-0.40277195
1751443113936,86073855,-0.004444499,0.26556358,-0.40277195
1751443113953,86090522,-0.038785417,0.3241878,-0.43585014
1751443113953,86090522,-0.038785417,0.3241878,-0.43585014
1751443113970,86107189,-0.05311745,0.42081556,-0.58499527
1751443113970,86107189,-0.05311745,0.42081556,-0.58499527
1751443113986,86123856,0.040801898,0.47216967,-0.5417185
1751443113986,86123856,0.040801898,0.47216967,-0.5417185
1751443114003,86140523,0.113208316,0.47345155,-0.44803238
1751443114003,86140523,0.113208316,0.47345155,-0.44803238
1751443114020,86157190,0.19045617,0.44238037,-0.5659113
1751443114020,86157190,0.19045617,0.44238037,-0.5659113
1751443114036,86173857,0.18297511,0.47719514,-0.640316
1751443114036,86173857,0.18297511,0.47719514,-0.640316
1751443114053,86190524,0.19559512,0.5816784,-0.6289282
1751443114053,86190524,0.19559512,0.5816784,-0.6289282
1751443114070,86207191,0.2475175,0.723047,-0.51810265
1751443114070,86207191,0.2475175,0.723047,-0.51810265
1751443114086,86223858,0.28119397,0.7019529,-0.47957993
1751443114086,86223858,0.28119397,0.7019529,-0.47957993
1751443114103,86240525,0.41844583,0.57391655,-0.44284344
1751443114103,86240525,0.41844583,0.57391655,-0.44284344
1751443114120,86257192,0.4418848,0.36881056,-0.588645
1751443114120,86257192,0.4418848,0.36881056,-0.588645
1751443114136,86273859,0.778633,0.29942343,-0.5800266
1751443114136,86273859,0.778633,0.29942343,-0.5800266
1751443114153,86290526,0.785453,0.21946156,-0.27759743
1751443114153,86290526,0.785453,0.21946156,-0.27759743
1751443114170,86307193,0.5531641,-0.043523226,-0.17512417
1751443114170,86307193,0.5531641,-0.043523226,-0.17512417
1751443114186,86323860,0.7759801,0.015880484,-0.2660532
1751443114186,86323860,0.7759801,0.015880484,-0.2660532
1751443114203,86340527,1.1820601,0.34646666,0.0136117935
1751443114203,86340527,1.1820601,0.34646666,0.0136117935
1751443114220,86357194,1.6136954,0.88988835,0.34213257
1751443114220,86357194,1.6136954,0.88988835,0.34213257
1751443114236,86373861,1.5920049,1.1147941,0.2213316
1751443114236,86373861,1.5920049,1.1147941,0.2213316
1751443114253,86390528,0.92327976,0.8407395,0.23710346
1751443114253,86390528,0.92327976,0.8407395,0.23710346
1751443114270,86407195,-0.22777241,0.23340754,0.14077091
1751443114270,86407195,-0.22777241,0.23340754,0.14077091
1751443114286,86423862,-0.7776282,0.22830418,0.9530592
1751443114286,86423862,-0.7776282,0.22830418,0.9530592
1751443114303,86440529,-0.41468516,0.45867184,2.3736715
1751443114303,86440529,-0.41468516,0.45867184,2.3736715
1751443114320,86457196,-0.097564906,0.3140632,2.8719387
1751443114320,86457196,-0.097564906,0.3140632,2.8719387
1751443114336,86473863,-0.115137614,-0.0625577,2.5906096
1751443114336,86473863,-0.115137614,-0.0625577,2.5906096
1751443114353,86490530,-0.004869034,-0.5333643,2.4542055
1751443114353,86490530,-0.004869034,-0.5333643,2.4542055
1751443114370,86507197,0.09782621,-0.56802756,2.4135199
1751443114370,86507197,0.09782621,-0.56802756,2.4135199
1751443114386,86523864,0.07265896,-0.11733648,2.2109346
1751443114386,86523864,0.07265896,-0.11733648,2.2109346
1751443114403,86540531,0.15361431,0.05562053,2.2993565
1751443114403,86540531,0.15361431,0.05562053,2.2993565
1751443114420,86557198,0.08175159,0.31585532,2.3117065
1751443114420,86557198,0.08175159,0.31585532,2.3117065
1751443114436,86573865,-0.21466427,0.49344084,1.9494514
1751443114436,86573865,-0.21466427,0.49344084,1.9494514
1751443114453,86590532,-0.051724292,0.44411287,1.7411842
1751443114453,86590532,-0.051724292,0.44411287,1.7411842
1751443114470,86607199,0.24440834,0.36760572,1.882822
1751443114470,86607199,0.24440834,0.36760572,1.882822
1751443114486,86623866,0.2589321,0.38237882,1.6821623
1751443114486,86623866,0.2589321,0.38237882,1.6821623
1751443114503,86640533,0.12965867,0.16951714,1.202879
1751443114503,86640533,0.12965867,0.16951714,1.202879
1751443114520,86657200,0.09190178,0.049102668,1.1262913
1751443114520,86657200,0.09190178,0.049102668,1.1262913
1751443114536,86673867,0.10187789,0.06495331,1.1634293
1751443114536,86673867,0.10187789,0.06495331,1.1634293
1751443114553,86690534,-0.044328038,0.098955445,0.99699306
1751443114553,86690534,-0.044328038,0.098955445,0.99699306
1751443114570,86707201,-0.015798148,0.12425197,1.0477705
1751443114570,86707201,-0.015798148,0.12425197,1.0477705
1751443114586,86723868,-0.09256607,-0.15162158,0.84767437
1751443114586,86723868,-0.09256607,-0.15162158,0.84767437
1751443114603,86740535,-0.12802929,-0.2269213,0.56182575
1751443114603,86740535,-0.12802929,-0.2269213,0.56182575
1751443114620,86757202,-0.07204479,0.0017934679,0.1320734
1751443114620,86757202,-0.07204479,0.0017934679,0.1320734
1751443114636,86773869,0.15297598,0.3221964,-0.00365448
1751443114636,86773869,0.15297598,0.3221964,-0.00365448
1751443114653,86790536,0.41237196,0.4766302,-0.5089855
1751443114653,86790536,0.41237196,0.4766302,-0.5089855
1751443114670,86807203,0.35334364,0.40406895,-1.4854641
1751443114670,86807203,0.35334364,0.40406895,-1.4854641
1751443114686,86823870,0.701133,0.4799201,-1.4536295
1751443114686,86823870,0.701133,0.4799201,-1.4536295
1751443114703,86840537,0.8363252,0.48874283,-0.8111944
1751443114703,86840537,0.8363252,0.48874283,-0.8111944
1751443114720,86857204,1.0040857,0.6133837,-0.7844963
1751443114720,86857204,1.0040857,0.6133837,-0.7844963
1751443114736,86873871,0.85338265,0.6477372,-1.1145535
1751443114736,86873871,0.85338265,0.6477372,-1.1145535
1751443114753,86890538,0.9589323,0.8970252,-1.0630131
1751443114753,86890538,0.9589323,0.8970252,-1.0630131
1751443114770,86907205,1.0376968,1.0234728,-1.009449
1751443114770,86907205,1.0376968,1.0234728,-1.009449
1751443114786,86923872,1.3483682,1.1714135,-0.67239857
1751443114786,86923872,1.3483682,1.1714135,-0.67239857
1751443114803,86940539,1.2527906,0.7793481,-0.97993946
1751443114803,86940539,1.2527906,0.7793481,-0.97993946
1751443114820,86957206,0.9319599,0.3966349,-1.1344175
1751443114820,86957206,0.9319599,0.3966349,-1.1344175
1751443114836,86973873,0.5078585,0.07213434,-1.2971334
1751443114836,86973873,0.5078585,0.07213434,-1.2971334
1751443114853,86990540,0.10045918,-0.05328817,-1.8001032
1751443114853,86990540,0.10045918,-0.05328817,-1.8001032
1751443114870,87007207,-0.27824,-0.25851732,-1.9050407
1751443114870,87007207,-0.27824,-0.25851732,-1.9050407
1751443114886,87023874,-0.18927792,-0.10887718,-1.6475554
1751443114886,87023874,-0.18927792,-0.10887718,-1.6475554
1751443114903,87040541,0.23200488,-0.078258365,-1.5654793
1751443114903,87040541,0.23200488,-0.078258365,-1.5654793
1751443114920,87057208,0.38385317,-0.1390016,-1.5732393
1751443114920,87057208,0.38385317,-0.1390016,-1.5732393
1751443114936,87073875,0.021746246,-0.39736894,-1.8975863
1751443114936,87073875,0.021746246,-0.39736894,-1.8975863
1751443114953,87090542,-0.34953776,-0.6792811,-2.2112741
1751443114953,87090542,-0.34953776,-0.6792811,-2.2112741
1751443114970,87107209,-1.1238066,-0.9561635,-2.5349727
1751443114970,87107209,-1.1238066,-0.9561635,-2.5349727
1751443114986,87123876,-1.374053,-1.2058376,-2.5399418
1751443114986,87123876,-1.374053,-1.2058376,-2.5399418
1751443115003,87140543,-1.3577116,-1.2846459,-2.3708544
1751443115003,87140543,-1.3577116,-1.2846459,-2.3708544
1751443115020,87157210,-1.000706,-1.1075722,-1.6766005
1751443115020,87157210,-1.000706,-1.1075722,-1.6766005
1751443115036,87173877,-0.94253,-0.73443633,-0.6610241
1751443115036,87173877,-0.94253,-0.73443633,-0.6610241
1751443115053,87190544,-1.0857121,-0.40399945,-0.7564297
1751443115053,87190544,-1.0857121,-0.40399945,-0.7564297
1751443115070,87207211,-1.1123291,-0.84961206,-1.1004086
1751443115070,87207211,-1.1123291,-0.84961206,-1.1004086
1751443115086,87223878,-1.4599346,-1.1267505,-1.3229876
1751443115086,87223878,-1.4599346,-1.1267505,-1.3229876
1751443115103,87240545,-1.5831523,-1.2217227,-1.3400917
1751443115103,87240545,-1.5831523,-1.2217227,-1.3400917
1751443115120,87257212,-1.4858562,-1.2230799,-1.1978168
1751443115120,87257212,-1.4858562,-1.2230799,-1.1978168
1751443115136,87273879,-1.4586167,-1.0324694,-0.9289942
1751443115136,87273879,-1.4586167,-1.0324694,-0.9289942
1751443115153,87290546,-1.4906244,-1.0004107,-0.5760002
1751443115153,87290546,-1.4906244,-1.0004107,-0.5760002
1751443115170,87307213,-1.3485265,-0.97506094,-0.17611885
1751443115170,87307213,-1.3485265,-0.97506094,-0.17611885
1751443115186,87323880,-1.0371829,-0.8443546,0.17101192
1751443115186,87323880,-1.0371829,-0.8443546,0.17101192
1751443115203,87340547,-0.84403086,-0.6829588,0.29061985
1751443115203,87340547,-0.84403086,-0.6829588,0.29061985
1751443115220,87357214,-0.83165264,-0.516757,0.2955475
1751443115220,87357214,-0.83165264,-0.516757,0.2955475
1751443115236,87373881,-0.80330133,-0.53274155,0.24023438
1751443115236,87373881,-0.80330133,-0.53274155,0.24023438
1751443115253,87390548,-0.81220704,-0.5342027,0.1253357
1751443115253,87390548,-0.81220704,-0.5342027,0.1253357
1751443115270,87407215,-0.7740774,-0.48437986,-0.12129307
1751443115270,87407215,-0.7740774,-0.48437986,-0.12129307
1751443115286,87423882,-0.7962473,-0.38552654,-0.2586565
1751443115286,87423882,-0.7962473,-0.38552654,-0.2586565
1751443115303,87440549,-0.79188347,-0.3475307,-0.27500534
1751443115303,87440549,-0.79188347,-0.3475307,-0.27500534
1751443115320,87457216,-0.86081225,-0.45366672,-0.2612667
1751443115320,87457216,-0.86081225,-0.45366672,-0.2612667
1751443115336,87473883,-0.8530027,-0.55649674,-0.22554016
1751443115336,87473883,-0.8530027,-0.55649674,-0.22554016
1751443115353,87490550,-0.76669514,-0.6550977,-0.21342468
1751443115353,87490550,-0.76669514,-0.6550977,-0.21342468
1751443115370,87507217,-0.7454838,-0.63134253,-0.05547619
1751443115370,87507217,-0.7454838,-0.63134253,-0.05547619
1751443115386,87523884,-0.94233865,-0.6257545,-0.028737068
1751443115386,87523884,-0.94233865,-0.6257545,-0.028737068
1751443115403,87540551,-1.0967741,-0.64324635,-0.1912241
1751443115403,87540551,-1.0967741,-0.64324635,-0.1912241
1751443115420,87557218,-1.1342449,-0.54202384,-0.12585163
1751443115420,87557218,-1.1342449,-0.54202384,-0.12585163
1751443115436,87573885,-1.0968398,-0.47555822,0.04319954
1751443115436,87573885,-1.0968398,-0.47555822,0.04319954
1751443115453,87590552,-1.1636457,-0.46199325,-0.11447239
1751443115453,87590552,-1.1636457,-0.46199325,-0.11447239
1751443115470,87607219,-1.24595,-0.51972103,-0.4101429
1751443115470,87607219,-1.24595,-0.51972103,-0.4101429
1751443115486,87623886,-1.2728313,-0.64221776,-0.4883051
1751443115486,87623886,-1.2728313,-0.64221776,-0.4883051
1751443115503,87640553,-1.0813954,-0.66388154,-0.3986721
1751443115503,87640553,-1.0813954,-0.66388154,-0.3986721
1751443115520,87657220,-0.9266676,-0.6957569,-0.25789928
1751443115520,87657220,-0.9266676,-0.6957569,-0.25789928
1751443115536,87673887,-0.91593444,-0.73492694,-0.22676373
1751443115536,87673887,-0.91593444,-0.73492694,-0.22676373
1751443115553,87690554,-0.8695148,-0.6778889,-0.15260029
1751443115553,87690554,-0.8695148,-0.6778889,-0.15260029
1751443115570,87707221,-0.7308099,-0.5860206,-0.029791832
1751443115570,87707221,-0.7308099,-0.5860206,-0.029791832
1751443115586,87723888,-0.68597174,-0.58675593,0.081796646
1751443115586,87723888,-0.68597174,-0.58675593,0.081796646
1751443115603,87740555,-0.62187475,-0.86532927,0.36707592
1751443115603,87740555,-0.62187475,-0.86532927,0.36707592
1751443115620,87757222,-0.6104273,-1.1355151,0.7713671
1751443115620,87757222,-0.6104273,-1.1355151,0.7713671
1751443115636,87773889,-0.73590904,-1.3162926,1.0980253
1751443115636,87773889,-0.73590904,-1.3162926,1.0980253
1751443115653,87790556,-0.9899599,-1.3707466,0.8450117
1751443115653,87790556,-0.9899599,-1.3707466,0.8450117
1751443115670,87807223,-1.059565,-1.5932341,0.1300745
1751443115670,87807223,-1.059565,-1.5932341,0.1300745
1751443115686,87823890,-1.1698657,-1.5188892,-0.8311138
1751443115686,87823890,-1.1698657,-1.5188892,-0.8311138
1751443115703,87840557,-1.0471231,-1.4521192,-1.5322037
1751443115703,87840557,-1.0471231,-1.4521192,-1.5322037
1751443115720,87857224,-1.3428538,-1.553428,-2.002522
1751443115720,87857224,-1.3428538,-1.553428,-2.002522
1751443115736,87873891,-1.6140348,-1.6102916,-2.587576
1751443115736,87873891,-1.6140348,-1.6102916,-2.587576
1751443115753,87890558,-1.6116185,-1.593178,-2.4541917
1751443115753,87890558,-1.6116185,-1.593178,-2.4541917
1751443115770,87907225,-1.421286,-1.3925005,-2.3677244
1751443115770,87907225,-1.421286,-1.3925005,-2.3677244
1751443115786,87923892,-1.0265048,-1.0490938,-2.591116
1751443115786,87923892,-1.0265048,-1.0490938,-2.591116
1751443115803,87940559,-0.70435685,-0.746293,-3.1119947
1751443115803,87940559,-0.70435685,-0.746293,-3.1119947
1751443115820,87957226,-0.7527258,-0.7056637,-3.3911514
1751443115820,87957226,-0.7527258,-0.7056637,-3.3911514
1751443115836,87973893,-0.836596,-0.79284215,-3.1570392
1751443115836,87973893,-0.836596,-0.79284215,-3.1570392
1751443115853,87990560,-0.9170939,-0.71692675,-2.3538613
1751443115853,87990560,-0.9170939,-0.71692675,-2.3538613
1751443115870,88007227,-0.07322687,-0.6716265,-1.7284536
1751443115870,88007227,-0.07322687,-0.6716265,-1.7284536
1751443115886,88023894,0.8011696,-0.75357145,-1.7250862
1751443115886,88023894,0.8011696,-0.75357145,-1.7250862
1751443115903,88040561,0.7576724,-0.3421599,-1.7664766
1751443115903,88040561,0.7576724,-0.3421599,-1.7664766
1751443115920,88057228,0.35581613,0.49683735,-1.1691761
1751443115920,88057228,0.35581613,0.49683735,-1.1691761
1751443115936,88073895,0.90324223,0.75176144,0.6449251
1751443115936,88073895,0.90324223,0.75176144,0.6449251
1751443115953,88090562,1.8876476,1.1147306,2.3886251
1751443115953,88090562,1.8876476,1.1147306,2.3886251
1751443115970,88107229,1.8799917,1.0756721,2.3600063
1751443115970,88107229,1.8799917,1.0756721,2.3600063
1751443115986,88123896,1.0703487,0.5617567,1.0558882
1751443115986,88123896,1.0703487,0.5617567,1.0558882
1751443116003,88140563,0.57023185,0.49622267,-0.36277485
1751443116003,88140563,0.57023185,0.49622267,-0.36277485
1751443116020,88157230,0.030339956,0.80373293,-1.0368223
1751443116020,88157230,0.030339956,0.80373293,-1.0368223
1751443116036,88173897,0.15774287,0.8840932,-1.4482632
1751443116036,88173897,0.15774287,0.8840932,-1.4482632
1751443116053,88190564,0.056080405,1.1922973,-1.0750484
1751443116053,88190564,0.056080405,1.1922973,-1.0750484
1751443116070,88207231,0.4471643,0.85125667,-1.2148132
1751443116070,88207231,0.4471643,0.85125667,-1.2148132
1751443116086,88223898,-0.0085499855,-0.07829569,-1.8084373
1751443116086,88223898,-0.0085499855,-0.07829569,-1.8084373
1751443116103,88240565,0.40530694,-0.32771894,-1.283225
1751443116103,88240565,0.40530694,-0.32771894,-1.283225
1751443116120,88257232,0.52272326,-0.4261831,-0.47354126
1751443116120,88257232,0.52272326,-0.4261831,-0.47354126
1751443116136,88273899,-0.16562748,-0.27704608,-0.5170231
1751443116136,88273899,-0.16562748,-0.27704608,-0.5170231
1751443116153,88290566,0.09356616,-0.1635536,0.13754654
1751443116153,88290566,0.09356616,-0.1635536,0.13754654
1751443116170,88307233,0.5384491,-0.10297577,1.2882233
1751443116170,88307233,0.5384491,-0.10297577,1.2882233
1751443116186,88323900,0.23741578,0.11675959,1.5816212
1751443116186,88323900,0.23741578,0.11675959,1.5816212
1751443116203,88340567,0.10232641,0.2438428,1.7813721
1751443116203,88340567,0.10232641,0.2438428,1.7813721
1751443116220,88357234,0.24270059,0.63847256,1.488575
1751443116220,88357234,0.24270059,0.63847256,1.488575
1751443116236,88373901,0.22378905,0.9430727,0.93582535
1751443116236,88373901,0.22378905,0.9430727,0.93582535
1751443116253,88390568,0.14351793,1.3313065,0.7391577
1751443116253,88390568,0.14351793,1.3313065,0.7391577
1751443116270,88407235,0.041405525,1.5018495,0.6624136
1751443116270,88407235,0.041405525,1.5018495,0.6624136
1751443116286,88423902,-0.009395172,1.2390403,0.48186398
1751443116286,88423902,-0.009395172,1.2390403,0.48186398
1751443116303,88440569,-0.082891054,0.77450347,0.30036354
1751443116303,88440569,-0.082891054,0.77450347,0.30036354
1751443116320,88457236,-0.078480355,0.32031953,0.3314638
1751443116320,88457236,-0.078480355,0.32031953,0.3314638
1751443116336,88473903,0.034958515,0.1287542,0.43151188
1751443116336,88473903,0.034958515,0.1287542,0.43151188
1751443116353,88490570,0.10185816,0.096438915,0.61953735
1751443116353,88490570,0.10185816,0.096438915,0.61953735
1751443116370,88507237,0.10694057,0.06530713,0.7928362
1751443116370,88507237,0.10694057,0.06530713,0.7928362
1751443116386,88523904,0.14916816,-0.10220063,1.0109711
1751443116386,88523904,0.14916816,-0.10220063,1.0109711
1751443116403,88540571,0.111780204,-0.4661327,1.0752172
1751443116403,88540571,0.111780204,-0.4661327,1.0752172
1751443116420,88557238,0.040202394,-0.8258866,0.8928776
1751443116420,88557238,0.040202394,-0.8258866,0.8928776
1751443116436,88573905,0.08684413,-0.8708358,0.75502205
1751443116436,88573905,0.08684413,-0.8708358,0.75502205
1751443116453,88590572,0.0027542629,-0.7220007,0.7244415
1751443116453,88590572,0.0027542629,-0.7220007,0.7244415
1751443116470,88607239,-0.20904554,-0.5601389,0.55058575
1751443116470,88607239,-0.20904554,-0.5601389,0.55058575
1751443116486,88623906,-0.018765075,-0.23338239,0.68557453
1751443116486,88623906,-0.018765075,-0.23338239,0.68557453
1751443116503,88640573,0.19467168,0.24889219,1.3931494
1751443116503,88640573,0.19467168,0.24889219,1.3931494
1751443116520,88657240,0.3550634,0.5130004,2.2640524
1751443116520,88657240,0.3550634,0.5130004,2.2640524
1751443116536,88673907,0.6522285,0.45183167,2.5295086
1751443116536,88673907,0.6522285,0.45183167,2.5295086
1751443116553,88690574,0.6987923,0.28156263,2.5818787
1751443116553,88690574,0.6987923,0.28156263,2.5818787
1751443116570,88707241,0.06454211,-0.15355608,2.0267658
1751443116570,88707241,0.06454211,-0.15355608,2.0267658
1751443116586,88723908,0.28975433,-0.10111614,1.800663
1751443116586,88723908,0.28975433,-0.10111614,1.800663
1751443116603,88740575,-0.3029155,-0.09665728,1.7600956
1751443116603,88740575,-0.3029155,-0.09665728,1.7600956
1751443116620,88757242,-0.38889882,-0.2172946,1.0261993
1751443116620,88757242,-0.38889882,-0.2172946,1.0261993
1751443116636,88773909,-0.039390855,-0.12091872,0.6533327
1751443116636,88773909,-0.039390855,-0.12091872,0.6533327
1751443116653,88790576,0.0941008,-0.16810276,0.052760124
1751443116653,88790576,0.0941008,-0.16810276,0.052760124
1751443116670,88807243,0.13346657,-0.19865395,-0.46128845
1751443116670,88807243,0.13346657,-0.19865395,-0.46128845
1751443116686,88823910,0.25730398,-0.13659637,-0.8827896
1751443116686,88823910,0.25730398,-0.13659637,-0.8827896
1751443116703,88840577,0.3557357,-0.05183489,-1.3784065
1751443116703,88840577,0.3557357,-0.05183489,-1.3784065
1751443116720,88857244,0.557989,0.055880252,-1.7323465
1751443116720,88857244,0.557989,0.055880252,-1.7323465
1751443116736,88873911,0.66044724,0.20370871,-1.8662996
1751443116736,88873911,0.66044724,0.20370871,-1.8662996
1751443116753,88890578,0.67173237,0.45858684,-1.6046743
1751443116753,88890578,0.67173237,0.45858684,-1.6046743
1751443116770,88907245,0.65088224,0.66015744,-1.2399998
1751443116770,88907245,0.65088224,0.66015744,-1.2399998
1751443116786,88923912,0.44640458,0.70890915,-0.92984295
1751443116786,88923912,0.44640458,0.70890915,-0.92984295
1751443116803,88940579,0.37300107,0.6701,-0.6306515
1751443116803,88940579,0.37300107,0.6701,-0.6306515
1751443116820,88957246,0.35397407,0.7114109,-0.36351776
1751443116820,88957246,0.35397407,0.7114109,-0.36351776
1751443116836,88973913,0.31605682,0.66407675,-0.15301704
1751443116836,88973913,0.31605682,0.66407675,-0.15301704
1751443116853,88990580,0.23324397,0.6501106,-0.073005676
1751443116853,88990580,0.23324397,0.6501106,-0.073005676
1751443116870,89007247,0.22166064,0.7169482,-0.09242916
1751443116870,89007247,0.22166064,0.7169482,-0.09242916
1751443116886,89023914,0.2830796,0.7804463,-0.15121746
1751443116886,89023914,0.2830796,0.7804463,-0.15121746
1751443116903,89040581,0.25795782,0.7749478,0.0074367523
1751443116903,89040581,0.25795782,0.7749478,0.0074367523
1751443116920,89057248,0.20727272,0.57903415,0.17120838
1751443116920,89057248,0.20727272,0.57903415,0.17120838
1751443116936,89073915,0.26043636,0.45852688,0.1363039
1751443116936,89073915,0.26043636,0.45852688,0.1363039
1751443116953,89090582,0.35717556,0.25564104,-0.091397285
1751443116953,89090582,0.35717556,0.25564104,-0.091397285
1751443116970,89107249,0.32621428,0.29350558,-0.46408653
1751443116970,89107249,0.32621428,0.29350558,-0.46408653
1751443116986,89123916,0.2907482,0.33456644,-0.6835699
1751443116986,89123916,0.2907482,0.33456644,-0.6835699
1751443117003,89140583,0.17626727,0.32110664,-0.55949974
1751443117003,89140583,0.17626727,0.32110664,-0.55949974
1751443117020,89157250,0.05813906,0.16018732,-0.5644312
1751443117020,89157250,0.05813906,0.16018732,-0.5644312
1751443117036,89173917,-0.004527143,0.15809284,-0.78040314
1751443117036,89173917,-0.004527143,0.15809284,-0.78040314
1751443117053,89190584,0.025686976,0.26197177,-1.0167885
1751443117053,89190584,0.025686976,0.26197177,-1.0167885
1751443117070,89207251,0.25105506,0.34244755,-1.0106497
1751443117070,89207251,0.25105506,0.34244755,-1.0106497
1751443117086,89223918,0.2389805,0.28238878,-0.8526926
1751443117086,89223918,0.2389805,0.28238878,-0.8526926
1751443117103,89240585,0.15997899,0.23592083,-0.7486315
1751443117103,89240585,0.15997899,0.23592083,-0.7486315
1751443117120,89257252,0.18976423,0.24795353,-0.54435253
1751443117120,89257252,0.18976423,0.24795353,-0.54435253
1751443117136,89273919,0.1472125,0.27473733,-0.29732227
1751443117136,89273919,0.1472125,0.27473733,-0.29732227
1751443117153,89290586,0.18858524,0.3413208,-0.41574097
1751443117153,89290586,0.18858524,0.3413208,-0.41574097
1751443117170,89307253,0.17942177,0.45163357,-0.7562227
1751443117170,89307253,0.17942177,0.45163357,-0.7562227
1751443117186,89323920,0.2576381,0.5424803,-0.8917093
1751443117186,89323920,0.2576381,0.5424803,-0.8917093
1751443117203,89340587,0.32033107,0.52549994,-0.8205242
1751443117203,89340587,0.32033107,0.52549994,-0.8205242
1751443117220,89357254,0.36816138,0.43549258,-0.7411165
1751443117220,89357254,0.36816138,0.43549258,-0.7411165
1751443117236,89373921,0.31351465,0.3275237,-0.640399
1751443117236,89373921,0.31351465,0.3275237,-0.640399
1751443117253,89390588,0.3074077,0.21538083,-0.5581646
1751443117253,89390588,0.3074077,0.21538083,-0.5581646
1751443117270,89407255,0.24829465,0.12082133,-0.37186432
1751443117270,89407255,0.24829465,0.12082133,-0.37186432
1751443117286,89423922,0.23091859,0.04700824,-0.2704363
1751443117286,89423922,0.23091859,0.04700824,-0.2704363
1751443117303,89440589,0.20071544,-0.012896363,-0.21348095
1751443117303,89440589,0.20071544,-0.012896363,-0.21348095
1751443117320,89457256,0.23364651,-0.030782651,-0.22460365
1751443117320,89457256,0.23364651,-0.030782651,-0.22460365
1751443117336,89473923,0.16849475,-0.029129438,-0.27855015
1751443117336,89473923,0.16849475,-0.029129438,-0.27855015
1751443117353,89490590,0.08459634,-0.0048445314,-0.3913498
1751443117353,89490590,0.08459634,-0.0048445314,-0.3913498
1751443117370,89507257,-0.068803824,-0.01088117,-0.5374632
1751443117370,89507257,-0.068803824,-0.01088117,-0.5374632
1751443117386,89523924,-0.12851402,0.08661563,-0.50319386
1751443117386,89523924,-0.12851402,0.08661563,-0.50319386
1751443117403,89540591,-0.1389532,0.2868216,-0.49591255
1751443117403,89540591,-0.1389532,0.2868216,-0.49591255
1751443117420,89557258,-0.09583552,0.49975312,-0.50858784
1751443117420,89557258,-0.09583552,0.49975312,-0.50858784
1751443117436,89573925,-0.08203235,0.6845002,-0.58523846
1751443117436,89573925,-0.08203235,0.6845002,-0.58523846
1751443117453,89590592,-0.1153972,0.75019914,-0.680933
1751443117453,89590592,-0.1153972,0.75019914,-0.680933
1751443117470,89607259,-0.030237712,0.64922315,-0.7503004
1751443117470,89607259,-0.030237712,0.64922315,-0.7503004
1751443117486,89623926,0.114368506,0.51966023,-0.71631336
1751443117486,89623926,0.114368506,0.51966023,-0.71631336
1751443117503,89640593,0.16136973,0.39273652,-0.69111633
1751443117503,89640593,0.16136973,0.39273652,-0.69111633
1751443117520,89657260,0.15298319,0.3602559,-0.58739567
1751443117520,89657260,0.15298319,0.3602559,-0.58739567
1751443117536,89673927,0.19580771,0.41584888,-0.50109386
1751443117536,89673927,0.19580771,0.41584888,-0.50109386
1751443117553,89690594,0.24754238,0.5005133,-0.5740242
1751443117553,89690594,0.24754238,0.5005133,-0.5740242
1751443117570,89707261,0.21140064,0.5097922,-0.7375784
1751443117570,89707261,0.21140064,0.5097922,-0.7375784
1751443117586,89723928,0.21821831,0.48335487,-0.7710953
1751443117586,89723928,0.21821831,0.48335487,-0.7710953
1751443117603,89740595,0.21482381,0.41159418,-0.7005253
1751443117603,89740595,0.21482381,0.41159418,-0.7005253
1751443117620,89757262,0.1524653,0.34880745,-0.59202385
1751443117620,89757262,0.1524653,0.34880745,-0.59202385
1751443117636,89773929,0.08091784,0.23582181,-0.4817295
1751443117636,89773929,0.08091784,0.23582181,-0.4817295
1751443117653,89790596,0.101862684,-0.01231467,-0.35888195
1751443117653,89790596,0.101862684,-0.01231467,-0.35888195
1751443117670,89807263,0.36797762,-0.22087517,-0.30078983
1751443117670,89807263,0.36797762,-0.22087517,-0.30078983
1751443117686,89823930,0.66994077,-0.21301064,-0.4183979
1751443117686,89823930,0.66994077,-0.21301064,-0.4183979
1751443117703,89840597,0.90730065,-0.002210543,-0.5715046
1751443117703,89840597,0.90730065,-0.002210543,-0.5715046
1751443117720,89857264,1.109919,0.38986593,-0.5378027
1751443117720,89857264,1.109919,0.38986593,-0.5378027
1751443117736,89873931,1.4973973,0.8196703,-0.0264225
1751443117736,89873931,1.4973973,0.8196703,-0.0264225
1751443117753,89890598,2.252925,1.2957506,0.40190792
1751443117753,89890598,2.252925,1.2957506,0.40190792
1751443117770,89907265,2.5462713,1.3030875,0.35560036
1751443117770,89907265,2.5462713,1.3030875,0.35560036
1751443117786,89923932,1.7164022,0.78806067,0.82067966
1751443117786,89923932,1.7164022,0.78806067,0.82067966
1751443117803,89940599,0.14676036,0.28360653,1.1974373
1751443117803,89940599,0.14676036,0.28360653,1.1974373
1751443117820,89957266,-0.5417785,-0.08484977,1.9662867
1751443117820,89957266,-0.5417785,-0.08484977,1.9662867
1751443117836,89973933,-0.16964759,0.051051028,2.4693909
1751443117836,89973933,-0.16964759,0.051051028,2.4693909
1751443117853,89990600,-0.18818627,0.2647017,2.092741
1751443117853,89990600,-0.18818627,0.2647017,2.092741
1751443117870,90007267,-0.5579862,0.16220157,2.560358
1751443117870,90007267,-0.5579862,0.16220157,2.560358
1751443117886,90023934,-0.21076247,-0.49225643,2.6867561
1751443117886,90023934,-0.21076247,-0.49225643,2.6867561
1751443117903,90040601,0.37507245,-0.6183513,2.5078783
1751443117903,90040601,0.37507245,-0.6183513,2.5078783
1751443117920,90057268,0.632504,-0.5647397,2.4777079
1751443117920,90057268,0.632504,-0.5647397,2.4777079
1751443117936,90073935,0.53959405,0.09122324,2.59686
1751443117936,90073935,0.53959405,0.09122324,2.59686
1751443117953,90090602,0.24175838,0.6474013,2.4845543
