timestamp_ms,timestamp_μs,freeAcceleration_m/s²_x,freeAcceleration_m/s²_y,freeAcceleration_m/s²_z
1751444490214,1462337118,0.10068856,0.13688962,0.10704136
1751444490214,1462337118,0.10068856,0.13688962,0.10704136
1751444490231,1462353785,0.26327956,-0.04542197,0.12987232
1751444490231,1462353785,0.26327956,-0.04542197,0.12987232
1751444490247,1462370452,0.5414781,-0.26629514,0.19446373
1751444490247,1462370452,0.5414781,-0.26629514,0.19446373
1751444490264,1462387119,0.35452914,-0.16733085,0.029343605
1751444490264,1462387119,0.35452914,-0.16733085,0.029343605
1751444490281,1462403786,0.31108233,-0.104476325,0.06087303
1751444490281,1462403786,0.31108233,-0.104476325,0.06087303
1751444490297,1462420453,0.36606237,-0.14227617,-0.013248444
1751444490297,1462420453,0.36606237,-0.14227617,-0.013248444
1751444490314,1462437120,0.4510575,-0.24100564,-0.06437588
1751444490314,1462437120,0.4510575,-0.24100564,-0.06437588
1751444490331,1462453787,0.457465,-0.18672462,-0.059059143
1751444490331,1462453787,0.457465,-0.18672462,-0.059059143
1751444490347,1462470454,0.39323962,-0.1448706,0.03717041
1751444490347,1462470454,0.39323962,-0.1448706,0.03717041
1751444490364,1462487121,0.34582874,-0.104403235,0.093844414
1751444490364,1462487121,0.34582874,-0.104403235,0.093844414
1751444490381,1462503788,0.37047476,-0.14342457,0.10068607
1751444490381,1462503788,0.37047476,-0.14342457,0.10068607
1751444490397,1462520455,0.3343955,-0.06443498,0.11632156
1751444490397,1462520455,0.3343955,-0.06443498,0.11632156
1751444490414,1462537122,0.29897097,0.020050118,0.12117481
1751444490414,1462537122,0.29897097,0.020050118,0.12117481
1751444490431,1462553789,0.30999774,-0.028825236,0.13976765
1751444490431,1462553789,0.30999774,-0.028825236,0.13976765
1751444490447,1462570456,0.49930337,-0.12451728,0.15000153
1751444490447,1462570456,0.49930337,-0.12451728,0.15000153
1751444490464,1462587123,0.44475812,-0.14180702,0.12212372
1751444490464,1462587123,0.44475812,-0.14180702,0.12212372
1751444490481,1462603790,0.4634237,-0.13242674,0.13086224
1751444490481,1462603790,0.4634237,-0.13242674,0.13086224
1751444490497,1462620457,0.42244014,-0.18438466,0.07537079
1751444490497,1462620457,0.42244014,-0.18438466,0.07537079
1751444490514,1462637124,0.44057587,-0.13910362,0.093896866
1751444490514,1462637124,0.44057587,-0.13910362,0.093896866
1751444490531,1462653791,0.50758225,-0.24357414,0.06303501
1751444490531,1462653791,0.50758225,-0.24357414,0.06303501
1751444490547,1462670458,1.2168993,-0.7345916,0.0033464432
1751444490547,1462670458,1.2168993,-0.7345916,0.0033464432
1751444490564,1462687125,-0.2925209,-0.05683845,-0.085742
1751444490564,1462687125,-0.2925209,-0.05683845,-0.085742
1751444490581,1462703792,0.8220192,-0.4094735,0.085920334
1751444490581,1462703792,0.8220192,-0.4094735,0.085920334
1751444490597,1462720459,0.5655808,-0.24278748,-0.15119171
1751444490597,1462720459,0.5655808,-0.24278748,-0.15119171
1751444490614,1462737126,0.5691152,-0.20144954,-0.007829666
1751444490614,1462737126,0.5691152,-0.20144954,-0.007829666
1751444490631,1462753793,0.537082,-0.07179985,0.008389473
1751444490631,1462753793,0.537082,-0.07179985,0.008389473
1751444490647,1462770460,0.5516969,-0.043557536,0.07382488
1751444490647,1462770460,0.5516969,-0.043557536,0.07382488
1751444490664,1462787127,0.5159086,0.0061447066,0.06462383
1751444490664,1462787127,0.5159086,0.0061447066,0.06462383
1751444490681,1462803794,0.509515,0.1357792,0.05212021
1751444490681,1462803794,0.509515,0.1357792,0.05212021
1751444490697,1462820461,0.9231645,0.051106237,0.24504471
1751444490697,1462820461,0.9231645,0.051106237,0.24504471
1751444490714,1462837128,1.0415616,0.057355214,0.49781895
1751444490714,1462837128,1.0415616,0.057355214,0.49781895
1751444490731,1462853795,1.4333199,-0.04802936,0.7628269
1751444490731,1462853795,1.4333199,-0.04802936,0.7628269
1751444490747,1462870462,1.470569,-0.06944559,0.8626318
1751444490747,1462870462,1.470569,-0.06944559,0.8626318
1751444490764,1462887129,1.480355,-0.084339485,0.9013767
1751444490764,1462887129,1.480355,-0.084339485,0.9013767
1751444490781,1462903796,1.50573,-0.08747403,0.9100561
1751444490781,1462903796,1.50573,-0.08747403,0.9100561
1751444490797,1462920463,1.7242392,-0.033878192,1.1434402
1751444490797,1462920463,1.7242392,-0.033878192,1.1434402
1751444490814,1462937130,1.942775,-0.12578303,1.0971355
1751444490814,1462937130,1.942775,-0.12578303,1.0971355
1751444490831,1462953797,2.0964549,-0.31128302,0.8963356
1751444490831,1462953797,2.0964549,-0.31128302,0.8963356
1751444490847,1462970464,1.6258924,-0.75876737,0.69589424
1751444490847,1462970464,1.6258924,-0.75876737,0.69589424
1751444490864,1462987131,1.6054449,-1.1580709,0.4565277
1751444490864,1462987131,1.6054449,-1.1580709,0.4565277
1751444490881,1463003798,1.2264568,-1.4968718,0.2553301
1751444490881,1463003798,1.2264568,-1.4968718,0.2553301
1751444490897,1463020465,0.7623003,-1.438678,0.13612843
1751444490897,1463020465,0.7623003,-1.438678,0.13612843
1751444490914,1463037132,0.32676968,-1.3700135,0.12125397
1751444490914,1463037132,0.32676968,-1.3700135,0.12125397
1751444490931,1463053799,0.14666165,-1.2874253,-0.3406515
1751444490931,1463053799,0.14666165,-1.2874253,-0.3406515
1751444490947,1463070466,1.5910903,-0.6087522,-0.79438305
1751444490947,1463070466,1.5910903,-0.6087522,-0.79438305
1751444490964,1463087133,4.3030634,1.3579823,-1.9654422
1751444490964,1463087133,4.3030634,1.3579823,-1.9654422
1751444490981,1463103800,6.2398143,0.45667025,-3.7304
1751444490981,1463103800,6.2398143,0.45667025,-3.7304
1751444490997,1463120467,3.5882132,0.65610856,-4.012622
1751444490997,1463120467,3.5882132,0.65610856,-4.012622
1751444491014,1463137134,4.6949186,0.086768515,-3.0669289
1751444491014,1463137134,4.6949186,0.086768515,-3.0669289
1751444491031,1463153801,5.4948454,-0.16566417,-3.1830044
1751444491031,1463153801,5.4948454,-0.16566417,-3.1830044
1751444491047,1463170468,4.897383,0.267137,-2.5994377
1751444491047,1463170468,4.897383,0.267137,-2.5994377
1751444491064,1463187135,4.2507854,0.67506754,-1.7469864
1751444491064,1463187135,4.2507854,0.67506754,-1.7469864
1751444491081,1463203802,3.7677195,1.0991066,-1.2005873
1751444491081,1463203802,3.7677195,1.0991066,-1.2005873
1751444491097,1463220469,3.2043731,1.287972,-0.5436001
1751444491097,1463220469,3.2043731,1.287972,-0.5436001
1751444491114,1463237136,2.6045017,1.3462483,0.17045116
1751444491114,1463237136,2.6045017,1.3462483,0.17045116
1751444491131,1463253803,1.8840153,1.3195559,0.71942806
1751444491131,1463253803,1.8840153,1.3195559,0.71942806
1751444491147,1463270470,1.1807511,1.1720579,1.1401825
1751444491147,1463270470,1.1807511,1.1720579,1.1401825
1751444491164,1463287137,0.41256133,1.0270418,1.5236788
1751444491164,1463287137,0.41256133,1.0270418,1.5236788
1751444491181,1463303804,-0.35126692,1.0033427,1.9368868
1751444491181,1463303804,-0.35126692,1.0033427,1.9368868
1751444491197,1463320471,-1.0228374,0.9588324,2.1673288
1751444491197,1463320471,-1.0228374,0.9588324,2.1673288
1751444491214,1463337138,-1.5895414,0.70664626,2.4473534
1751444491214,1463337138,-1.5895414,0.70664626,2.4473534
1751444491231,1463353805,-2.7390718,0.10154473,2.3086634
1751444491231,1463353805,-2.7390718,0.10154473,2.3086634
1751444491247,1463370472,-3.5149426,-0.5910911,1.7674084
1751444491247,1463370472,-3.5149426,-0.5910911,1.7674084
1751444491264,1463387139,-3.8849561,-0.6223023,1.2077208
1751444491264,1463387139,-3.8849561,-0.6223023,1.2077208
1751444491281,1463403806,-4.7964425,-0.32323325,0.36643696
1751444491281,1463403806,-4.7964425,-0.32323325,0.36643696
1751444491297,1463420473,-5.449541,-0.2477498,-0.26934624
1751444491297,1463420473,-5.449541,-0.2477498,-0.26934624
1751444491314,1463437140,-5.816692,-0.008927108,-0.62204266
1751444491314,1463437140,-5.816692,-0.008927108,-0.62204266
1751444491331,1463453807,-6.184834,0.045030374,-1.5418615
1751444491331,1463453807,-6.184834,0.045030374,-1.5418615
1751444491347,1463470474,-6.766304,0.08473533,-2.2361178
1751444491347,1463470474,-6.766304,0.08473533,-2.2361178
1751444491364,1463487141,-7.078181,0.061318878,-2.4262552
1751444491364,1463487141,-7.078181,0.061318878,-2.4262552
1751444491381,1463503808,-6.958664,-0.05555649,-2.6090288
1751444491381,1463503808,-6.958664,-0.05555649,-2.6090288
1751444491397,1463520475,-6.830319,-0.23445252,-2.7250576
1751444491397,1463520475,-6.830319,-0.23445252,-2.7250576
1751444491414,1463537142,-6.3462157,-0.8430536,-2.6295567
1751444491414,1463537142,-6.3462157,-0.8430536,-2.6295567
1751444491431,1463553809,-5.7855535,-1.3118284,-2.5304332
1751444491431,1463553809,-5.7855535,-1.3118284,-2.5304332
1751444491447,1463570476,1.9465414,1.1605175,0.8873062
1751444491447,1463570476,1.9465414,1.1605175,0.8873062
1751444491464,1463587143,14.921824,0.62139404,9.197485
1751444491464,1463587143,14.921824,0.62139404,9.197485
1751444491481,1463603810,-5.0632796,1.7831608,-2.9652953
1751444491481,1463603810,-5.0632796,1.7831608,-2.9652953
1751444491497,1463620477,-8.232693,-1.0958802,0.254529
1751444491497,1463620477,-8.232693,-1.0958802,0.254529
1751444491514,1463637144,4.4093523,-8.834065,3.9159527
1751444491514,1463637144,4.4093523,-8.834065,3.9159527
1751444491531,1463653811,-1.261109,-2.8011475,0.0740118
1751444491531,1463653811,-1.261109,-2.8011475,0.0740118
1751444491547,1463670478,-1.20324,0.78158724,0.55174637
1751444491547,1463670478,-1.20324,0.78158724,0.55174637
1751444491564,1463687145,-0.45378223,1.1650699,-1.3170261
1751444491564,1463687145,-0.45378223,1.1650699,-1.3170261
1751444491581,1463703812,-0.27755868,-0.016411494,-0.13438034
1751444491581,1463703812,-0.27755868,-0.016411494,-0.13438034
1751444491597,1463720479,0.6890815,-0.69731647,0.030528069
1751444491597,1463720479,0.6890815,-0.69731647,0.030528069
1751444491614,1463737146,2.1003647,-1.6248226,-0.38650703
1751444491614,1463737146,2.1003647,-1.6248226,-0.38650703
1751444491631,1463753813,1.8144519,-1.1666291,-0.4222374
1751444491631,1463753813,1.8144519,-1.1666291,-0.4222374
1751444491647,1463770480,1.5555328,-0.9410575,-0.3984537
1751444491647,1463770480,1.5555328,-0.9410575,-0.3984537
1751444491664,1463787147,1.1583917,-0.96516985,-0.121234894
1751444491664,1463787147,1.1583917,-0.96516985,-0.121234894
1751444491681,1463803814,1.2129931,-0.7407655,-0.20868492
1751444491681,1463803814,1.2129931,-0.7407655,-0.20868492
1751444491697,1463820481,1.3384159,-0.88882357,-0.3411274
1751444491697,1463820481,1.3384159,-0.88882357,-0.3411274
1751444491714,1463837148,0.42538705,-0.4189413,-0.25608158
1751444491714,1463837148,0.42538705,-0.4189413,-0.25608158
1751444491731,1463853815,0.2423844,0.12111368,0.2030468
1751444491731,1463853815,0.2423844,0.12111368,0.2030468
1751444491747,1463870482,-0.3210105,0.81855685,0.45388985
1751444491747,1463870482,-0.3210105,0.81855685,0.45388985
1751444491764,1463887149,-0.35121655,1.0683892,0.49573994
1751444491764,1463887149,-0.35121655,1.0683892,0.49573994
1751444491781,1463903816,0.05992729,0.465014,0.14536381
1751444491781,1463903816,0.05992729,0.465014,0.14536381
1751444491797,1463920483,0.14595959,0.20212243,0.21211147
1751444491797,1463920483,0.14595959,0.20212243,0.21211147
1751444491814,1463937150,0.4158863,0.15339342,0.32971954
1751444491814,1463937150,0.4158863,0.15339342,0.32971954
1751444491831,1463953817,0.40203872,-0.005024683,0.2562914
1751444491831,1463953817,0.40203872,-0.005024683,0.2562914
1751444491847,1463970484,0.37490565,0.18052208,0.20550728
1751444491847,1463970484,0.37490565,0.18052208,0.20550728
1751444491864,1463987151,0.4346448,0.017229272,0.18366432
1751444491864,1463987151,0.4346448,0.017229272,0.18366432
1751444491881,1464003818,0.6089152,-0.20702556,0.14912415
1751444491881,1464003818,0.6089152,-0.20702556,0.14912415
1751444491897,1464020485,0.46151498,-0.0998039,0.122797966
1751444491897,1464020485,0.46151498,-0.0998039,0.122797966
1751444491914,1464037152,0.5427329,-0.12930883,0.11807251
1751444491914,1464037152,0.5427329,-0.12930883,0.11807251
1751444491931,1464053819,0.4748311,0.17536849,0.21849823
1751444491931,1464053819,0.4748311,0.17536849,0.21849823
1751444491947,1464070486,0.45062393,0.18532923,0.16070938
1751444491947,1464070486,0.45062393,0.18532923,0.16070938
1751444491964,1464087153,0.6650821,-0.0047062887,0.010383606
1751444491964,1464087153,0.6650821,-0.0047062887,0.010383606
1751444491981,1464103820,0.8538362,-0.07624519,-0.04480648
1751444491981,1464103820,0.8538362,-0.07624519,-0.04480648
1751444491997,1464120487,0.89819694,0.0977012,-0.009527206
1751444491997,1464120487,0.89819694,0.0977012,-0.009527206
1751444492014,1464137154,0.92072046,0.14483818,0.02593422
1751444492014,1464137154,0.92072046,0.14483818,0.02593422
1751444492031,1464153821,1.124974,-0.0039759884,0.10566425
1751444492031,1464153821,1.124974,-0.0039759884,0.10566425
1751444492047,1464170488,1.4093606,-0.114717714,0.37209797
1751444492047,1464170488,1.4093606,-0.114717714,0.37209797
1751444492064,1464187155,1.7182128,-0.09025914,0.7216244
1751444492064,1464187155,1.7182128,-0.09025914,0.7216244
1751444492081,1464203822,1.5891153,0.52273333,1.1422834
1751444492081,1464203822,1.5891153,0.52273333,1.1422834
1751444492097,1464220489,3.7245314,-0.549798,1.1385288
1751444492097,1464220489,3.7245314,-0.549798,1.1385288
1751444492114,1464237156,-0.6364554,1.8135629,1.766098
1751444492114,1464237156,-0.6364554,1.8135629,1.766098
1751444492131,1464253823,2.4857345,2.646237,2.5935535
1751444492131,1464253823,2.4857345,2.646237,2.5935535
1751444492147,1464270490,1.2226179,2.392713,1.4163065
1751444492147,1464270490,1.2226179,2.392713,1.4163065
1751444492164,1464287157,2.4000344,1.6525731,1.8813992
1751444492164,1464287157,2.4000344,1.6525731,1.8813992
1751444492181,1464303824,2.6165037,1.5391574,1.8104162
1751444492181,1464303824,2.6165037,1.5391574,1.8104162
1751444492197,1464320491,3.4309707,0.90863496,1.7324505
1751444492197,1464320491,3.4309707,0.90863496,1.7324505
1751444492214,1464337158,3.5606258,1.2247174,1.385005
1751444492214,1464337158,3.5606258,1.2247174,1.385005
1751444492231,1464353825,4.002794,1.7196318,1.0582132
1751444492231,1464353825,4.002794,1.7196318,1.0582132
1751444492247,1464370492,5.275684,3.089974,1.8468723
1751444492247,1464370492,5.275684,3.089974,1.8468723
1751444492264,1464387159,9.108512,3.391931,3.129119
1751444492264,1464387159,9.108512,3.391931,3.129119
1751444492281,1464403826,12.1099615,4.2396064,2.230919
1751444492281,1464403826,12.1099615,4.2396064,2.230919
1751444492297,1464420493,16.702253,1.9500524,-1.2416201
1751444492297,1464420493,16.702253,1.9500524,-1.2416201
1751444492314,1464437160,18.11267,1.4874507,-5.4843044
1751444492314,1464437160,18.11267,1.4874507,-5.4843044
1751444492331,1464453827,6.0565667,-1.9146495,-1.8614221
1751444492331,1464453827,6.0565667,-1.9146495,-1.8614221
1751444492347,1464470494,-7.885791,-0.651028,9.006079
1751444492347,1464470494,-7.885791,-0.651028,9.006079
1751444492364,1464487161,12.527358,-1.6181871,2.5949402
1751444492364,1464487161,12.527358,-1.6181871,2.5949402
1751444492381,1464503828,14.690673,-2.5835168,-3.3038907
1751444492381,1464503828,14.690673,-2.5835168,-3.3038907
1751444492397,1464520495,5.3370724,0.7191584,-1.5581598
1751444492397,1464520495,5.3370724,0.7191584,-1.5581598
1751444492414,1464537162,5.046798,-1.6439964,-2.5951471
1751444492414,1464537162,5.046798,-1.6439964,-2.5951471
1751444492431,1464553829,4.339688,-3.8884065,-8.236458
1751444492431,1464553829,4.339688,-3.8884065,-8.236458
1751444492447,1464570496,6.586592,0.48678696,-10.68675
1751444492447,1464570496,6.586592,0.48678696,-10.68675
1751444492464,1464587163,6.716516,2.1128569,-9.27781
1751444492464,1464587163,6.716516,2.1128569,-9.27781
1751444492481,1464603830,5.7147675,1.9670503,-9.471748
1751444492481,1464603830,5.7147675,1.9670503,-9.471748
1751444492497,1464620497,4.0303397,2.0176265,-7.9268174
1751444492497,1464620497,4.0303397,2.0176265,-7.9268174
1751444492514,1464637164,3.7291129,1.3470167,-6.067604
1751444492514,1464637164,3.7291129,1.3470167,-6.067604
1751444492531,1464653831,4.857678,2.920229,-3.6211004
1751444492531,1464653831,4.857678,2.920229,-3.6211004
1751444492547,1464670498,3.3265653,4.299433,-1.6556339
1751444492547,1464670498,3.3265653,4.299433,-1.6556339
1751444492564,1464687165,2.545483,3.8286598,0.38692188
1751444492564,1464687165,2.545483,3.8286598,0.38692188
1751444492581,1464703832,0.7595607,2.9574196,1.8356066
1751444492581,1464703832,0.7595607,2.9574196,1.8356066
1751444492597,1464720499,-0.4294351,1.9120773,3.374135
1751444492597,1464720499,-0.4294351,1.9120773,3.374135
1751444492614,1464737166,-1.6539053,0.39023128,5.193966
1751444492614,1464737166,-1.6539053,0.39023128,5.193966
1751444492631,1464753833,-4.9547896,0.54251355,6.108493
1751444492631,1464753833,-4.9547896,0.54251355,6.108493
1751444492647,1464770500,-5.178304,-1.0411792,7.5674267
1751444492647,1464770500,-5.178304,-1.0411792,7.5674267
1751444492664,1464787167,-7.0663686,-3.8180466,8.512529
1751444492664,1464787167,-7.0663686,-3.8180466,8.512529
1751444492681,1464803834,-12.505336,-5.022908,7.7150593
1751444492681,1464803834,-12.505336,-5.022908,7.7150593
1751444492697,1464820501,-13.558092,-5.93991,3.9009762
1751444492697,1464820501,-13.558092,-5.93991,3.9009762
1751444492714,1464837168,-14.975352,-4.7936754,0.0632267
1751444492714,1464837168,-14.975352,-4.7936754,0.0632267
1751444492731,1464853835,-21.812437,-5.9898825,-5.5254936
1751444492731,1464853835,-21.812437,-5.9898825,-5.5254936
1751444492747,1464870502,-22.806492,-10.644631,-14.785868
1751444492747,1464870502,-22.806492,-10.644631,-14.785868
1751444492764,1464887169,-19.49756,-5.607187,-13.063211
1751444492764,1464887169,-19.49756,-5.607187,-13.063211
1751444492781,1464903836,-13.398919,-5.260453,-6.395918
1751444492781,1464903836,-13.398919,-5.260453,-6.395918
1751444492797,1464920503,-11.386889,-3.0650835,-3.7584076
1751444492797,1464920503,-11.386889,-3.0650835,-3.7584076
1751444492814,1464937170,2.8825772,9.548239,9.110081
1751444492814,1464937170,2.8825772,9.548239,9.110081
1751444492831,1464953837,28.689613,-15.94179,22.658237
1751444492831,1464953837,28.689613,-15.94179,22.658237
1751444492847,1464970504,-30.171846,4.777388,-17.948418
1751444492847,1464970504,-30.171846,4.777388,-17.948418
1751444492864,1464987171,-8.889413,1.1847371,7.8037376
1751444492864,1464987171,-8.889413,1.1847371,7.8037376
1751444492881,1465003838,-3.3948448,3.793208,-1.2584276
1751444492881,1465003838,-3.3948448,3.793208,-1.2584276
1751444492897,1465020505,-10.133892,3.8829327,0.08990383
1751444492897,1465020505,-10.133892,3.8829327,0.08990383
1751444492914,1465037172,-3.9539115,1.2392677,0.9646654
1751444492914,1465037172,-3.9539115,1.2392677,0.9646654
1751444492931,1465053839,3.417859,-3.4099984,-1.7484722
1751444492931,1465053839,3.417859,-3.4099984,-1.7484722
1751444492947,1465070506,-0.12640236,-1.4814959,1.0814486
1751444492947,1465070506,-0.12640236,-1.4814959,1.0814486
1751444492964,1465087173,-1.9605558,0.6042647,0.6749239
1751444492964,1465087173,-1.9605558,0.6042647,0.6749239
1751444492981,1465103840,-2.2276592,0.81899136,0.26621532
1751444492981,1465103840,-2.2276592,0.81899136,0.26621532
1751444492997,1465120507,-2.1024015,0.27612466,0.99418926
1751444492997,1465120507,-2.1024015,0.27612466,0.99418926
1751444493014,1465137174,-1.5280854,0.17668162,0.38287067
1751444493014,1465137174,-1.5280854,0.17668162,0.38287067
1751444493031,1465153841,0.29576206,-1.2396358,-0.07140827
1751444493031,1465153841,0.29576206,-1.2396358,-0.07140827
1751444493047,1465170508,0.38253948,-1.5148486,-0.045599937
1751444493047,1465170508,0.38253948,-1.5148486,-0.045599937
1751444493064,1465187175,-1.0571023,-0.42209896,0.11418247
1751444493064,1465187175,-1.0571023,-0.42209896,0.11418247
1751444493081,1465203842,0.028600968,-0.80737954,0.41554928
1751444493081,1465203842,0.028600968,-0.80737954,0.41554928
1751444493097,1465220509,0.13355538,-0.7921822,-0.014187813
1751444493097,1465220509,0.13355538,-0.7921822,-0.014187813
1751444493114,1465237176,-0.20358004,-0.6809129,0.19805527
1751444493114,1465237176,-0.20358004,-0.6809129,0.19805527
1751444493131,1465253843,-0.9405718,-0.3973344,0.47582626
1751444493131,1465253843,-0.9405718,-0.3973344,0.47582626
1751444493147,1465270510,-1.1991063,-0.1416709,0.4653597
1751444493147,1465270510,-1.1991063,-0.1416709,0.4653597
1751444493164,1465287177,-0.49802765,-0.251131,0.71479034
1751444493164,1465287177,-0.49802765,-0.251131,0.71479034
1751444493181,1465303844,-0.34754136,-0.24480346,0.7842312
1751444493181,1465303844,-0.34754136,-0.24480346,0.7842312
1751444493197,1465320511,-0.08416185,-0.3340855,0.52508736
1751444493197,1465320511,-0.08416185,-0.3340855,0.52508736
1751444493214,1465337178,-0.8195863,-0.016610254,0.076631546
1751444493214,1465337178,-0.8195863,-0.016610254,0.076631546
1751444493231,1465353845,-1.1668253,0.4590261,-0.014748573
1751444493231,1465353845,-1.1668253,0.4590261,-0.014748573
1751444493247,1465370512,-0.91176367,0.14753218,-0.2594633
1751444493247,1465370512,-0.91176367,0.14753218,-0.2594633
1751444493264,1465387179,-0.822341,0.0914615,-0.31630135
1751444493264,1465387179,-0.822341,0.0914615,-0.31630135
1751444493281,1465403846,-0.5192764,0.038477086,0.056926727
1751444493281,1465403846,-0.5192764,0.038477086,0.056926727
1751444493297,1465420513,-0.053451728,0.06875583,0.40963364
1751444493297,1465420513,-0.053451728,0.06875583,0.40963364
1751444493314,1465437180,0.040516473,0.41350278,0.73784447
1751444493314,1465437180,0.040516473,0.41350278,0.73784447
1751444493331,1465453847,0.1715543,0.7627172,1.1286287
1751444493331,1465453847,0.1715543,0.7627172,1.1286287
1751444493347,1465470514,0.3109748,0.9856558,1.239378
1751444493347,1465470514,0.3109748,0.9856558,1.239378
1751444493364,1465487181,-0.32847866,1.7092066,1.0781565
1751444493364,1465487181,-0.32847866,1.7092066,1.0781565
1751444493381,1465503848,-0.45035368,2.0298288,1.4007626
1751444493381,1465503848,-0.45035368,2.0298288,1.4007626
1751444493397,1465520515,1.1161836,1.5764127,2.5354776
1751444493397,1465520515,1.1161836,1.5764127,2.5354776
1751444493414,1465537182,1.6083125,1.4178984,2.7991009
1751444493414,1465537182,1.6083125,1.4178984,2.7991009
1751444493431,1465553849,1.8759961,2.0393286,2.6900225
1751444493431,1465553849,1.8759961,2.0393286,2.6900225
1751444493447,1465570516,2.7085059,3.2923942,3.338397
1751444493447,1465570516,2.7085059,3.2923942,3.338397
1751444493464,1465587183,4.1942387,4.5241623,4.363143
1751444493464,1465587183,4.1942387,4.5241623,4.363143
1751444493481,1465603850,4.718954,5.8100348,3.505681
1751444493481,1465603850,4.718954,5.8100348,3.505681
1751444493497,1465620517,5.278007,8.149118,4.3080034
1751444493497,1465620517,5.278007,8.149118,4.3080034
1751444493514,1465637184,11.754928,3.5020914,2.4266682
1751444493514,1465637184,11.754928,3.5020914,2.4266682
1751444493531,1465653851,18.20691,-2.7149248,-3.326582
1751444493531,1465653851,18.20691,-2.7149248,-3.326582
1751444493547,1465670518,8.411699,-2.7516737,1.667737
1751444493547,1465670518,8.411699,-2.7516737,1.667737
1751444493564,1465687185,13.475001,-0.22370456,2.3231306
1751444493564,1465687185,13.475001,-0.22370456,2.3231306
1751444493581,1465703852,10.918212,1.9764106,-0.90015125
1751444493581,1465703852,10.918212,1.9764106,-0.90015125
1751444493597,1465720519,8.425177,2.0388384,-2.6362371
1751444493597,1465720519,8.425177,2.0388384,-2.6362371
1751444493614,1465737186,7.3111944,0.35453293,-2.7835379
1751444493614,1465737186,7.3111944,0.35453293,-2.7835379
1751444493631,1465753853,4.887487,-1.6644636,-3.1632142
1751444493631,1465753853,4.887487,-1.6644636,-3.1632142
1751444493647,1465770520,3.3577468,-1.1959175,-4.38114
1751444493647,1465770520,3.3577468,-1.1959175,-4.38114
1751444493664,1465787187,6.2553253,0.64622784,-8.118507
1751444493664,1465787187,6.2553253,0.64622784,-8.118507
1751444493681,1465803854,6.67196,1.8930908,-9.852723
1751444493681,1465803854,6.67196,1.8930908,-9.852723
1751444493697,1465820521,4.7948475,1.5372847,-9.177261
1751444493697,1465820521,4.7948475,1.5372847,-9.177261
1751444493714,1465837188,5.8637443,2.1047719,-7.7795
1751444493714,1465837188,5.8637443,2.1047719,-7.7795
1751444493731,1465853855,3.2269828,1.4471086,-5.7147994
1751444493731,1465853855,3.2269828,1.4471086,-5.7147994
1751444493747,1465870522,4.1709676,1.3768284,-4.603278
1751444493747,1465870522,4.1709676,1.3768284,-4.603278
1751444493764,1465887189,4.297135,2.2721436,-2.8557696
1751444493764,1465887189,4.297135,2.2721436,-2.8557696
1751444493781,1465903856,3.161205,1.8667996,-0.4351387
1751444493781,1465903856,3.161205,1.8667996,-0.4351387
1751444493797,1465920523,1.8624842,0.79765314,1.7829561
1751444493797,1465920523,1.8624842,0.79765314,1.7829561
1751444493814,1465937190,0.8293666,0.15374987,4.5383625
1751444493814,1465937190,0.8293666,0.15374987,4.5383625
1751444493831,1465953857,-1.269532,-0.2270172,6.0886364
1751444493831,1465953857,-1.269532,-0.2270172,6.0886364
1751444493847,1465970524,-3.1656744,-1.0524403,6.9970245
1751444493847,1465970524,-3.1656744,-1.0524403,6.9970245
1751444493864,1465987191,-3.8529575,-2.1895382,9.099085
1751444493864,1465987191,-3.8529575,-2.1895382,9.099085
1751444493881,1466003858,-5.60998,-4.80597,10.722033
1751444493881,1466003858,-5.60998,-4.80597,10.722033
1751444493897,1466020525,-10.879819,-7.0872893,10.346893
1751444493897,1466020525,-10.879819,-7.0872893,10.346893
1751444493914,1466037192,-11.413817,-7.018328,6.448454
1751444493914,1466037192,-11.413817,-7.018328,6.448454
1751444493931,1466053859,-23.36408,-4.2262197,-2.327311
1751444493931,1466053859,-23.36408,-4.2262197,-2.327311
1751444493947,1466070526,-31.402351,-10.112446,-16.744062
1751444493947,1466070526,-31.402351,-10.112446,-16.744062
1751444493964,1466087193,-27.57487,-8.826145,-19.956425
1751444493964,1466087193,-27.57487,-8.826145,-19.956425
1751444493981,1466103860,-11.202929,-9.52622,-5.662183
1751444493981,1466103860,-11.202929,-9.52622,-5.662183
1751444493997,1466120527,-9.6573305,-10.951952,-3.9130282
1751444493997,1466120527,-9.6573305,-10.951952,-3.9130282
1751444494014,1466137194,8.165256,-20.890179,5.872916
1751444494014,1466137194,8.165256,-20.890179,5.872916
1751444494031,1466153861,11.214871,-4.6181083,8.336763
1751444494031,1466153861,11.214871,-4.6181083,8.336763
1751444494047,1466170528,-7.0972357,3.3544104,10.762281
1751444494047,1466170528,-7.0972357,3.3544104,10.762281
1751444494064,1466187195,-30.206285,19.772198,-13.138733
1751444494064,1466187195,-30.206285,19.772198,-13.138733
1751444494081,1466203862,-25.11128,18.835693,11.555717
1751444494081,1466203862,-25.11128,18.835693,11.555717
1751444494097,1466220529,2.978718,-3.6369476,-6.187503
1751444494097,1466220529,2.978718,-3.6369476,-6.187503
1751444494114,1466237196,4.3319716,-7.093705,0.6182966
1751444494114,1466237196,4.3319716,-7.093705,0.6182966
1751444494131,1466253863,-0.7674467,-1.5132761,0.7708292
1751444494131,1466253863,-0.7674467,-1.5132761,0.7708292
1751444494147,1466270530,-1.2473245,-0.822624,1.3042421
1751444494147,1466270530,-1.2473245,-0.822624,1.3042421
1751444494164,1466287197,-3.0489151,0.6933326,-0.29824066
1751444494164,1466287197,-3.0489151,0.6933326,-0.29824066
1751444494181,1466303864,-1.8608168,-0.16829185,1.1766739
1751444494181,1466303864,-1.8608168,-0.16829185,1.1766739
1751444494197,1466320531,-0.67254454,0.22036707,1.4723415
1751444494197,1466320531,-0.67254454,0.22036707,1.4723415
1751444494214,1466337198,-1.8156066,0.6722286,-0.9503851
1751444494214,1466337198,-1.8156066,0.6722286,-0.9503851
1751444494231,1466353865,1.0492195,-1.9985148,0.19274616
1751444494231,1466353865,1.0492195,-1.9985148,0.19274616
1751444494247,1466370532,-0.61157644,-0.41198596,0.4934349
1751444494247,1466370532,-0.61157644,-0.41198596,0.4934349
1751444494264,1466387199,-0.011858955,-0.7993995,0.13297462
1751444494264,1466387199,-0.011858955,-0.7993995,0.13297462
1751444494281,1466403866,-0.57102853,0.00027022717,0.1380806
1751444494281,1466403866,-0.57102853,0.00027022717,0.1380806
1751444494297,1466420533,-1.1897224,0.15605775,0.08988953
1751444494297,1466420533,-1.1897224,0.15605775,0.08988953
1751444494314,1466437200,-0.44365194,-0.43332344,0.3435259
1751444494314,1466437200,-0.44365194,-0.43332344,0.3435259
1751444494331,1466453867,-0.7852144,-0.19058709,0.4693737
1751444494331,1466453867,-0.7852144,-0.19058709,0.4693737
1751444494347,1466470534,0.44525483,-0.38444966,0.88428974
1751444494347,1466470534,0.44525483,-0.38444966,0.88428974
1751444494364,1466487201,-1.6553335,0.06461581,0.112475395
1751444494364,1466487201,-1.6553335,0.06461581,0.112475395
1751444494381,1466503868,-0.42727873,0.052169934,0.961956
1751444494381,1466503868,-0.42727873,0.052169934,0.961956
1751444494397,1466520535,-0.9362298,0.41633648,0.54088306
1751444494397,1466520535,-0.9362298,0.41633648,0.54088306
1751444494414,1466537202,-0.6477727,0.27128115,0.38905716
1751444494414,1466537202,-0.6477727,0.27128115,0.38905716
1751444494431,1466553869,-0.6039209,0.29338187,0.18175507
1751444494431,1466553869,-0.6039209,0.29338187,0.18175507
1751444494447,1466570536,-0.43229586,0.3038557,0.2983017
1751444494447,1466570536,-0.43229586,0.3038557,0.2983017
1751444494464,1466587203,-0.14484061,0.19029234,0.3190918
1751444494464,1466587203,-0.14484061,0.19029234,0.3190918
1751444494481,1466603870,0.14093107,0.12962455,0.3620386
1751444494481,1466603870,0.14093107,0.12962455,0.3620386
1751444494497,1466620537,0.0032897196,0.43540737,0.65963554
1751444494497,1466620537,0.0032897196,0.43540737,0.65963554
1751444494514,1466637204,0.2334518,0.7042376,1.043581
1751444494514,1466637204,0.2334518,0.7042376,1.043581
1751444494531,1466653871,0.62729585,0.6645143,1.2634935
1751444494531,1466653871,0.62729585,0.6645143,1.2634935
1751444494547,1466670538,0.0066802436,1.2789853,1.2638626
1751444494547,1466670538,0.0066802436,1.2789853,1.2638626
1751444494564,1466687205,0.6342533,1.006768,1.6438665
1751444494564,1466687205,0.6342533,1.006768,1.6438665
1751444494581,1466703872,1.3826056,0.73981315,2.0822144
1751444494581,1466703872,1.3826056,0.73981315,2.0822144
1751444494597,1466720539,1.7108746,1.0613153,2.2838783
1751444494597,1466720539,1.7108746,1.0613153,2.2838783
1751444494614,1466737206,2.3833022,1.5879089,2.1229286
1751444494614,1466737206,2.3833022,1.5879089,2.1229286
1751444494631,1466753873,3.5562801,2.7901134,2.7754698
1751444494631,1466753873,3.5562801,2.7901134,2.7754698
1751444494647,1466770540,5.7297335,2.9348733,3.312294
1751444494647,1466770540,5.7297335,2.9348733,3.312294
1751444494664,1466787207,6.313769,4.533905,2.7859573
1751444494664,1466787207,6.313769,4.533905,2.7859573
1751444494681,1466803874,11.485537,3.3218887,1.501441
1751444494681,1466803874,11.485537,3.3218887,1.501441
1751444494697,1466820541,15.621424,1.8254164,-2.1810346
1751444494697,1466820541,15.621424,1.8254164,-2.1810346
1751444494714,1466837208,10.726095,-0.4279796,-2.6416016
1751444494714,1466837208,10.726095,-0.4279796,-2.6416016
1751444494731,1466853875,-1.603711,-3.5099456,4.77411
1751444494731,1466853875,-1.603711,-3.5099456,4.77411
1751444494747,1466870542,5.1263857,-0.22766471,6.1789036
1751444494747,1466870542,5.1263857,-0.22766471,6.1789036
1751444494764,1466887209,13.760012,-0.94649464,0.24337006
1751444494764,1466887209,13.760012,-0.94649464,0.24337006
1751444494781,1466903876,8.42994,1.3777835,-1.4465036
1751444494781,1466903876,8.42994,1.3777835,-1.4465036
1751444494797,1466920543,4.429155,2.7825983,-2.277341
1751444494797,1466920543,4.429155,2.7825983,-2.277341
1751444494814,1466937210,7.857711,0.3986178,-6.7078333
1751444494814,1466937210,7.857711,0.3986178,-6.7078333
1751444494831,1466953877,7.686538,1.5555961,-9.159496
1751444494831,1466953877,7.686538,1.5555961,-9.159496
1751444494847,1466970544,5.669148,1.6624823,-8.455186
1751444494847,1466970544,5.669148,1.6624823,-8.455186
1751444494864,1466987211,5.610937,1.6532588,-7.7495546
1751444494864,1466987211,5.610937,1.6532588,-7.7495546
1751444494881,1467003878,4.98915,1.2733206,-6.7069426
1751444494881,1467003878,4.98915,1.2733206,-6.7069426
1751444494897,1467020545,4.306141,1.7235527,-5.087514
1751444494897,1467020545,4.306141,1.7235527,-5.087514
1751444494914,1467037212,4.033902,3.0861604,-3.9102983
1751444494914,1467037212,4.033902,3.0861604,-3.9102983
1751444494931,1467053879,2.7911296,3.5939019,-2.5567908
1751444494931,1467053879,2.7911296,3.5939019,-2.5567908
1751444494947,1467070546,0.8298216,4.0061493,-0.21398258
1751444494947,1467070546,0.8298216,4.0061493,-0.21398258
1751444494964,1467087213,-1.1613249,4.27258,2.0582342
1751444494964,1467087213,-1.1613249,4.27258,2.0582342
1751444494981,1467103880,-2.0158265,3.341548,3.6400795
1751444494981,1467103880,-2.0158265,3.341548,3.6400795
1751444494997,1467120547,-2.945581,1.9788214,5.782813
1751444494997,1467120547,-2.945581,1.9788214,5.782813
1751444495014,1467137214,-5.784004,0.7333567,6.3952923
1751444495014,1467137214,-5.784004,0.7333567,6.3952923
1751444495031,1467153881,-5.1706004,-2.4351902,6.490551
1751444495031,1467153881,-5.1706004,-2.4351902,6.490551
1751444495047,1467170548,-5.6850214,-5.011537,8.487831
1751444495047,1467170548,-5.6850214,-5.011537,8.487831
1751444495064,1467187215,-12.058765,-7.434735,9.608385
1751444495064,1467187215,-12.058765,-7.434735,9.608385
1751444495081,1467203882,-13.6844845,-10.147461,3.1125107
1751444495081,1467203882,-13.6844845,-10.147461,3.1125107
1751444495097,1467220549,-18.590038,-10.157687,-2.9018297
1751444495097,1467220549,-18.590038,-10.157687,-2.9018297
1751444495114,1467237216,-26.674618,-10.812686,-9.40212
1751444495114,1467237216,-26.674618,-10.812686,-9.40212
1751444495131,1467253883,-29.451027,-7.2202992,-18.674063
1751444495131,1467253883,-29.451027,-7.2202992,-18.674063
1751444495147,1467270550,-12.462896,-7.80414,-8.370748
1751444495147,1467270550,-12.462896,-7.80414,-8.370748
1751444495164,1467287217,-8.653068,-6.220434,-3.5144625
1751444495164,1467287217,-8.653068,-6.220434,-3.5144625
1751444495181,1467303884,-6.856873,-6.214579,-2.6539264
1751444495181,1467303884,-6.856873,-6.214579,-2.6539264
1751444495197,1467320551,12.579191,-5.43978,9.762182
1751444495197,1467320551,12.579191,-5.43978,9.762182
1751444495214,1467337218,14.278145,5.6290803,8.694237
1751444495214,1467337218,14.278145,5.6290803,8.694237
1751444495231,1467353885,-10.637565,-0.55802244,-5.76406
1751444495231,1467353885,-10.637565,-0.55802244,-5.76406
1751444495247,1467370552,-20.559742,3.7995012,5.4919796
1751444495247,1467370552,-20.559742,3.7995012,5.4919796
1751444495264,1467387219,-5.150773,7.5844774,9.333166
1751444495264,1467387219,-5.150773,7.5844774,9.333166
1751444495281,1467403886,-4.1731763,1.9667746,-7.8015385
1751444495281,1467403886,-4.1731763,1.9667746,-7.8015385
1751444495297,1467420553,0.7793738,-1.6895326,0.3498249
1751444495297,1467420553,0.7793738,-1.6895326,0.3498249
1751444495314,1467437220,0.4091091,-3.2110443,0.6313553
1751444495314,1467437220,0.4091091,-3.2110443,0.6313553
1751444495331,1467453887,-0.5079662,-0.6393153,0.2754383
1751444495331,1467453887,-0.5079662,-0.6393153,0.2754383
1751444495347,1467470554,-0.53326786,-0.70271134,-0.17517185
1751444495347,1467470554,-0.53326786,-0.70271134,-0.17517185
1751444495364,1467487221,-0.04613461,-0.62846446,-0.8116226
1751444495364,1467487221,-0.04613461,-0.62846446,-0.8116226
1751444495381,1467503888,-1.3974088,-0.11508403,-0.57774353
1751444495381,1467503888,-1.3974088,-0.11508403,-0.57774353
1751444495397,1467520555,-1.5198025,0.08615027,1.3097048
1751444495397,1467520555,-1.5198025,0.08615027,1.3097048
1751444495414,1467537222,-1.5050361,0.6071375,0.18508434
1751444495414,1467537222,-1.5050361,0.6071375,0.18508434
1751444495431,1467553889,0.8890411,-0.93831867,-0.7020712
1751444495431,1467553889,0.8890411,-0.93831867,-0.7020712
1751444495447,1467570556,0.60811245,-1.1295576,0.010889053
1751444495447,1467570556,0.60811245,-1.1295576,0.010889053
1751444495464,1467587223,-0.56551605,-0.4104316,0.06621075
1751444495464,1467587223,-0.56551605,-0.4104316,0.06621075
1751444495481,1467603890,-1.0550914,-0.2192376,0.6382408
1751444495481,1467603890,-1.0550914,-0.2192376,0.6382408
1751444495497,1467620557,-1.0783123,-0.24633385,0.45587063
1751444495497,1467620557,-1.0783123,-0.24633385,0.45587063
1751444495514,1467637224,-0.9812248,-0.3522522,0.29296398
1751444495514,1467637224,-0.9812248,-0.3522522,0.29296398
1751444495531,1467653891,-1.1063645,-0.29201743,0.56195164
1751444495531,1467653891,-1.1063645,-0.29201743,0.56195164
1751444495547,1467670558,-1.1697347,-0.076352134,0.55744934
1751444495547,1467670558,-1.1697347,-0.076352134,0.55744934
1751444495564,1467687225,-0.98030883,-0.21475035,0.27066612
1751444495564,1467687225,-0.98030883,-0.21475035,0.27066612
1751444495581,1467703892,-0.7753436,-0.20404911,0.037953377
1751444495581,1467703892,-0.7753436,-0.20404911,0.037953377
1751444495597,1467720559,-0.44467732,-0.34754246,-0.0933733
1751444495597,1467720559,-0.44467732,-0.34754246,-0.0933733
1751444495614,1467737226,-0.22964668,-0.2914309,-0.21208191
1751444495614,1467737226,-0.22964668,-0.2914309,-0.21208191
1751444495631,1467753893,-0.07676656,-0.41444543,-0.35968113
1751444495631,1467753893,-0.07676656,-0.41444543,-0.35968113
1751444495647,1467770560,0.023377443,-0.60417694,-0.38950062
1751444495647,1467770560,0.023377443,-0.60417694,-0.38950062
1751444495664,1467787227,-0.34760624,-0.4993171,-0.19902706
1751444495664,1467787227,-0.34760624,-0.4993171,-0.19902706
1751444495681,1467803894,-0.42166644,-0.2821089,-0.042399406
1751444495681,1467803894,-0.42166644,-0.2821089,-0.042399406
1751444495697,1467820561,-0.5964978,-0.2090853,-0.098649025
1751444495697,1467820561,-0.5964978,-0.2090853,-0.098649025
1751444495714,1467837228,-0.549336,-0.12100176,0.047326088
1751444495714,1467837228,-0.549336,-0.12100176,0.047326088
1751444495731,1467853895,-0.70386744,-0.05008646,0.3292389
1751444495731,1467853895,-0.70386744,-0.05008646,0.3292389
1751444495747,1467870562,-0.73862934,-0.15616001,0.2167921
1751444495747,1467870562,-0.73862934,-0.15616001,0.2167921
1751444495764,1467887229,-0.6746039,-0.2155341,0.085858345
1751444495764,1467887229,-0.6746039,-0.2155341,0.085858345
1751444495781,1467903896,-0.6113459,-0.31648785,0.13408184
1751444495781,1467903896,-0.6113459,-0.31648785,0.13408184
1751444495797,1467920563,-0.6365206,-0.37662503,0.1920147
1751444495797,1467920563,-0.6365206,-0.37662503,0.1920147
1751444495814,1467937230,-0.46985933,-0.45882237,-0.0024557114
1751444495814,1467937230,-0.46985933,-0.45882237,-0.0024557114
1751444495831,1467953897,-0.16019252,-0.56236786,-0.03314972
1751444495831,1467953897,-0.16019252,-0.56236786,-0.03314972
1751444495847,1467970564,-0.33434963,-0.49850082,-0.13375473
1751444495847,1467970564,-0.33434963,-0.49850082,-0.13375473
1751444495864,1467987231,-0.28365514,-0.3739631,-0.021256447
1751444495864,1467987231,-0.28365514,-0.3739631,-0.021256447
1751444495881,1468003898,-0.6253029,-0.16616489,0.04392433
1751444495881,1468003898,-0.6253029,-0.16616489,0.04392433
1751444495897,1468020565,-0.862882,-0.06378713,-0.0070619583
1751444495897,1468020565,-0.862882,-0.06378713,-0.0070619583
1751444495914,1468037232,-0.32957426,-0.103660166,-0.06677151
1751444495914,1468037232,-0.32957426,-0.103660166,-0.06677151
1751444495931,1468053899,0.88551176,-0.3264771,0.25541687
1751444495931,1468053899,0.88551176,-0.3264771,0.25541687
1751444495947,1468070566,0.9051321,-0.61470544,0.14835835
1751444495947,1468070566,0.9051321,-0.61470544,0.14835835
1751444495964,1468087233,-0.517636,-0.3803843,-0.013031006
1751444495964,1468087233,-0.517636,-0.3803843,-0.013031006
1751444495981,1468103900,-0.470053,-0.11884475,0.04610634
1751444495981,1468103900,-0.470053,-0.11884475,0.04610634
1751444495997,1468120567,-0.62045187,-0.08581612,-0.0351696
1751444495997,1468120567,-0.62045187,-0.08581612,-0.0351696
1751444496014,1468137234,-0.8873926,0.09737331,0.0012998581
1751444496014,1468137234,-0.8873926,0.09737331,0.0012998581
1751444496031,1468153901,-0.66020405,0.0441504,-0.08764362
1751444496031,1468153901,-0.66020405,0.0441504,-0.08764362
1751444496047,1468170568,-0.3561199,0.05718434,-0.0191288
1751444496047,1468170568,-0.3561199,0.05718434,-0.0191288
1751444496064,1468187235,0.34825268,-0.17489465,-0.0029907227
1751444496064,1468187235,0.34825268,-0.17489465,-0.0029907227
1751444496081,1468203902,1.7710103,-0.5536985,0.27873898
1751444496081,1468203902,1.7710103,-0.5536985,0.27873898
1751444496097,1468220569,3.2939804,-2.0933728,0.9516134
1751444496097,1468220569,3.2939804,-2.0933728,0.9516134
1751444496114,1468237236,-1.331346,-1.1474124,0.7801819
1751444496114,1468237236,-1.331346,-1.1474124,0.7801819
1751444496131,1468253903,0.12712193,-0.98740613,1.2110367
1751444496131,1468253903,0.12712193,-0.98740613,1.2110367
1751444496147,1468270570,-0.855512,-0.5182707,0.7375488
1751444496147,1468270570,-0.855512,-0.5182707,0.7375488
1751444496164,1468287237,0.93755245,0.91721135,1.2968712
1751444496164,1468287237,0.93755245,0.91721135,1.2968712
1751444496181,1468303904,-0.38586462,-0.3086553,0.57889366
1751444496181,1468303904,-0.38586462,-0.3086553,0.57889366
1751444496197,1468320571,-0.4836132,-0.3848446,1.2081404
1751444496197,1468320571,-0.4836132,-0.3848446,1.2081404
1751444496214,1468337238,0.30353975,0.37567297,0.38626575
1751444496214,1468337238,0.30353975,0.37567297,0.38626575
1751444496231,1468353905,-1.1584976,-0.73772085,-0.4533472
1751444496231,1468353905,-1.1584976,-0.73772085,-0.4533472
1751444496247,1468370572,-0.79707813,-0.89346266,-0.13125515
1751444496247,1468370572,-0.79707813,-0.89346266,-0.13125515
1751444496264,1468387239,-0.8692849,-0.7265624,-0.7948446
1751444496264,1468387239,-0.8692849,-0.7265624,-0.7948446
1751444496281,1468403906,-1.0633968,-1.0126237,-1.6018887
1751444496281,1468403906,-1.0633968,-1.0126237,-1.6018887
1751444496297,1468420573,-1.0864795,-1.6539778,-1.9139795
1751444496297,1468420573,-1.0864795,-1.6539778,-1.9139795
1751444496314,1468437240,-1.1734362,-0.8647108,-1.6024618
1751444496314,1468437240,-1.1734362,-0.8647108,-1.6024618
1751444496331,1468453907,-1.9577193,-0.6261517,-1.5014868
1751444496331,1468453907,-1.9577193,-0.6261517,-1.5014868
1751444496347,1468470574,-1.7441957,-1.7148906,-1.5128622
1751444496347,1468470574,-1.7441957,-1.7148906,-1.5128622
1751444496364,1468487241,-0.83240056,-1.1301206,-0.91886806
1751444496364,1468487241,-0.83240056,-1.1301206,-0.91886806
1751444496381,1468503908,-1.5081792,-2.2262182,-0.6427736
1751444496381,1468503908,-1.5081792,-2.2262182,-0.6427736
1751444496397,1468520575,-4.473853,-3.6737573,-0.6380167
1751444496397,1468520575,-4.473853,-3.6737573,-0.6380167
1751444496414,1468537242,-6.282965,-3.976047,0.5226202
1751444496414,1468537242,-6.282965,-3.976047,0.5226202
1751444496431,1468553909,-6.8572617,-3.7695286,1.7692575
1751444496431,1468553909,-6.8572617,-3.7695286,1.7692575
1751444496447,1468570576,-6.177395,-3.909418,1.98034
1751444496447,1468570576,-6.177395,-3.909418,1.98034
1751444496464,1468587243,-3.9464324,-3.5927832,1.3363457
1751444496464,1468587243,-3.9464324,-3.5927832,1.3363457
1751444496481,1468603910,-2.6216497,-3.290811,0.86798763
1751444496481,1468603910,-2.6216497,-3.290811,0.86798763
1751444496497,1468620577,-1.9154886,-2.6109858,0.48243523
1751444496497,1468620577,-1.9154886,-2.6109858,0.48243523
1751444496514,1468637244,-1.3190529,-2.0420477,0.28267765
1751444496514,1468637244,-1.3190529,-2.0420477,0.28267765
1751444496531,1468653911,-0.8119522,-1.5379384,0.17876625
1751444496531,1468653911,-0.8119522,-1.5379384,0.17876625
1751444496547,1468670578,-0.45485,-0.34781834,0.31885242
1751444496547,1468670578,-0.45485,-0.34781834,0.31885242
1751444496564,1468687245,-0.38020515,-0.17505378,0.18605614
1751444496564,1468687245,-0.38020515,-0.17505378,0.18605614
1751444496581,1468703912,-0.12794195,0.5609782,0.03800106
1751444496581,1468703912,-0.12794195,0.5609782,0.03800106
1751444496597,1468720579,-0.12657315,0.8126335,-0.16526413
1751444496597,1468720579,-0.12657315,0.8126335,-0.16526413
1751444496614,1468737246,0.25819233,1.4153758,-0.28265572
1751444496614,1468737246,0.25819233,1.4153758,-0.28265572
1751444496631,1468753913,0.26404837,1.663707,-0.28504562
1751444496631,1468753913,0.26404837,1.663707,-0.28504562
1751444496647,1468770580,0.08919195,2.076409,-0.21286488
1751444496647,1468770580,0.08919195,2.076409,-0.21286488
1751444496664,1468787247,0.2196891,1.8284607,-0.26186752
1751444496664,1468787247,0.2196891,1.8284607,-0.26186752
1751444496681,1468803914,0.83809847,2.136499,-0.49056053
1751444496681,1468803914,0.83809847,2.136499,-0.49056053
1751444496697,1468820581,0.88558424,0.83828133,0.06864929
1751444496697,1468820581,0.88558424,0.83828133,0.06864929
1751444496714,1468837248,1.6742756,0.11791538,0.21047306
1751444496714,1468837248,1.6742756,0.11791538,0.21047306
1751444496731,1468853915,2.1193037,-0.13150625,-0.10270691
1751444496731,1468853915,2.1193037,-0.13150625,-0.10270691
1751444496747,1468870582,2.4160163,-0.47573268,-0.60234165
1751444496747,1468870582,2.4160163,-0.47573268,-0.60234165
1751444496764,1468887249,3.2559235,-0.51926583,-1.0058651
1751444496764,1468887249,3.2559235,-0.51926583,-1.0058651
1751444496781,1468903916,3.4944444,0.35060918,-1.1147051
1751444496781,1468903916,3.4944444,0.35060918,-1.1147051
1751444496797,1468920583,3.563344,2.0170236,-1.5208187
1751444496797,1468920583,3.563344,2.0170236,-1.5208187
1751444496814,1468937250,3.3111148,4.018196,-1.891377
1751444496814,1468937250,3.3111148,4.018196,-1.891377
1751444496831,1468953917,3.6929505,4.616046,-1.9538383
1751444496831,1468953917,3.6929505,4.616046,-1.9538383
1751444496847,1468970584,6.9185047,8.986884,-2.6912618
1751444496847,1468970584,6.9185047,8.986884,-2.6912618
1751444496864,1468987251,-0.3151573,15.637615,2.2158232
1751444496864,1468987251,-0.3151573,15.637615,2.2158232
1751444496881,1469003918,-4.4119163,4.876096,6.826952
1751444496881,1469003918,-4.4119163,4.876096,6.826952
1751444496897,1469020585,1.9599106,-2.726198,-3.533249
1751444496897,1469020585,1.9599106,-2.726198,-3.533249
1751444496914,1469037252,1.779114,-1.3911533,-1.120636
1751444496914,1469037252,1.779114,-1.3911533,-1.120636
1751444496931,1469053919,1.2761794,-2.146313,0.89760494
1751444496931,1469053919,1.2761794,-2.146313,0.89760494
1751444496947,1469070586,0.6937891,-2.11696,-0.23470688
1751444496947,1469070586,0.6937891,-2.11696,-0.23470688
1751444496964,1469087253,-0.15346354,-0.08522781,-0.21544647
1751444496964,1469087253,-0.15346354,-0.08522781,-0.21544647
1751444496981,1469103920,0.420933,-0.7284314,0.69798565
1751444496981,1469103920,0.420933,-0.7284314,0.69798565
1751444496997,1469120587,0.5570166,-0.7872974,0.94682217
1751444496997,1469120587,0.5570166,-0.7872974,0.94682217
1751444497014,1469137254,0.30680728,-0.21593986,-0.11527538
1751444497014,1469137254,0.30680728,-0.21593986,-0.11527538
1751444497031,1469153921,0.8613876,-0.7237125,-0.47009373
1751444497031,1469153921,0.8613876,-0.7237125,-0.47009373
1751444497047,1469170588,0.8599089,-0.37674677,0.60330105
1751444497047,1469170588,0.8599089,-0.37674677,0.60330105
1751444497064,1469187255,0.58966875,-0.0375385,0.67316437
1751444497064,1469187255,0.58966875,-0.0375385,0.67316437
1751444497081,1469203922,0.6127317,-0.08854438,-0.41941547
1751444497081,1469203922,0.6127317,-0.08854438,-0.41941547
1751444497097,1469220589,0.36426488,-0.020081298,0.34001064
1751444497097,1469220589,0.36426488,-0.020081298,0.34001064
1751444497114,1469237256,0.2537489,-0.21520278,0.5347223
1751444497114,1469237256,0.2537489,-0.21520278,0.5347223
1751444497131,1469253923,0.33273077,-0.1764492,-0.026222229
1751444497131,1469253923,0.33273077,-0.1764492,-0.026222229
1751444497147,1469270590,0.43219,-0.39063415,-0.043858528
1751444497147,1469270590,0.43219,-0.39063415,-0.043858528
1751444497164,1469287257,0.3059548,0.20795856,0.2830124
1751444497164,1469287257,0.3059548,0.20795856,0.2830124
1751444497181,1469303924,0.4427881,0.05631983,0.037150383
1751444497181,1469303924,0.4427881,0.05631983,0.037150383
1751444497197,1469320591,0.3527209,0.44325414,-0.07905197
1751444497197,1469320591,0.3527209,0.44325414,-0.07905197
1751444497214,1469337258,0.24066982,0.5077777,0.061890602
1751444497214,1469337258,0.24066982,0.5077777,0.061890602
1751444497231,1469353925,0.124911554,0.4358928,0.16717815
1751444497231,1469353925,0.124911554,0.4358928,0.16717815
1751444497247,1469370592,0.01965394,0.36549017,0.25560284
1751444497247,1469370592,0.01965394,0.36549017,0.25560284
1751444497264,1469387259,0.04002223,0.13524489,0.17376137
1751444497264,1469387259,0.04002223,0.13524489,0.17376137
1751444497281,1469403926,0.22164796,-0.020850044,0.14654922
1751444497281,1469403926,0.22164796,-0.020850044,0.14654922
1751444497297,1469420593,0.29764238,-0.17899637,0.14013386
1751444497297,1469420593,0.29764238,-0.17899637,0.14013386
1751444497314,1469437260,0.30695122,0.18221453,0.18971157
1751444497314,1469437260,0.30695122,0.18221453,0.18971157
1751444497331,1469453927,0.52049416,-0.12025978,0.17619324
1751444497331,1469453927,0.52049416,-0.12025978,0.17619324
1751444497347,1469470594,0.2339309,0.27594563,0.2436037
1751444497347,1469470594,0.2339309,0.27594563,0.2436037
1751444497364,1469487261,0.4090077,-0.059411645,0.27217197
1751444497364,1469487261,0.4090077,-0.059411645,0.27217197
1751444497381,1469503928,0.44560525,-0.2680753,0.41441917
1751444497381,1469503928,0.44560525,-0.2680753,0.41441917
1751444497397,1469520595,0.4519803,-0.17259863,0.3153286
1751444497397,1469520595,0.4519803,-0.17259863,0.3153286
1751444497414,1469537262,0.49412322,-0.31085858,0.29802322
1751444497414,1469537262,0.49412322,-0.31085858,0.29802322
1751444497431,1469553929,0.19797035,0.0023770882,0.22808743
1751444497431,1469553929,0.19797035,0.0023770882,0.22808743
1751444497447,1469570596,0.102111444,0.23513675,0.30621147
1751444497447,1469570596,0.102111444,0.23513675,0.30621147
1751444497464,1469587263,0.15167277,0.14216907,0.3120699
1751444497464,1469587263,0.15167277,0.14216907,0.3120699
1751444497481,1469603930,0.22824204,0.17136443,0.26311207
1751444497481,1469603930,0.22824204,0.17136443,0.26311207
1751444497497,1469620597,0.09241456,0.15103771,0.12560558
1751444497497,1469620597,0.09241456,0.15103771,0.12560558
1751444497514,1469637264,0.03363289,0.48369697,-0.107795715
1751444497514,1469637264,0.03363289,0.48369697,-0.107795715
1751444497531,1469653931,-0.5394901,0.9783929,-0.5522766
1751444497531,1469653931,-0.5394901,0.9783929,-0.5522766
1751444497547,1469670598,-0.87352794,0.99745226,-0.71799755
1751444497547,1469670598,-0.87352794,0.99745226,-0.71799755
1751444497564,1469687265,-0.9125408,1.0781683,-0.6334572
1751444497564,1469687265,-0.9125408,1.0781683,-0.6334572
1751444497581,1469703932,-0.6201318,0.6899982,-0.39185715
1751444497581,1469703932,-0.6201318,0.6899982,-0.39185715
1751444497597,1469720599,-0.47949117,0.33505714,-0.32599735
1751444497597,1469720599,-0.47949117,0.33505714,-0.32599735
1751444497614,1469737266,-0.31507504,0.15262862,-0.059999466
1751444497614,1469737266,-0.31507504,0.15262862,-0.059999466
1751444497631,1469753933,-0.25305152,0.1676027,0.12610722
1751444497631,1469753933,-0.25305152,0.1676027,0.12610722
1751444497647,1469770600,-0.48558548,1.1103616,0.25130558
1751444497647,1469770600,-0.48558548,1.1103616,0.25130558
1751444497664,1469787267,-0.027514445,0.09277665,0.42011547
1751444497664,1469787267,-0.027514445,0.09277665,0.42011547
1751444497681,1469803934,0.0961432,-0.38298914,0.7594423
1751444497681,1469803934,0.0961432,-0.38298914,0.7594423
1751444497697,1469820601,-0.20545177,0.5247959,1.1553192
1751444497697,1469820601,-0.20545177,0.5247959,1.1553192
1751444497714,1469837268,-0.6665353,-0.523858,1.597909
1751444497714,1469837268,-0.6665353,-0.523858,1.597909
1751444497731,1469853935,-1.1796513,-1.6539024,2.3839521
1751444497731,1469853935,-1.1796513,-1.6539024,2.3839521
1751444497747,1469870602,-1.4756831,-1.8022176,3.1281376
1751444497747,1469870602,-1.4756831,-1.8022176,3.1281376
1751444497764,1469887269,-3.476751,-1.13263,4.418748
1751444497764,1469887269,-3.476751,-1.13263,4.418748
1751444497781,1469903936,-4.045563,-0.69818467,4.756098
1751444497781,1469903936,-4.045563,-0.69818467,4.756098
1751444497797,1469920603,-5.1286435,-1.3546817,3.3585453
1751444497797,1469920603,-5.1286435,-1.3546817,3.3585453
1751444497814,1469937270,-5.7712684,-2.3904643,3.1412888
1751444497814,1469937270,-5.7712684,-2.3904643,3.1412888
1751444497831,1469953937,-6.5226483,-2.8524344,2.71797
1751444497831,1469953937,-6.5226483,-2.8524344,2.71797
1751444497847,1469970604,-7.0529556,-3.5980926,2.097911
1751444497847,1469970604,-7.0529556,-3.5980926,2.097911
1751444497864,1469987271,-8.379921,-4.4151354,2.3162527
1751444497864,1469987271,-8.379921,-4.4151354,2.3162527
1751444497881,1470003938,-8.170838,0.695348,-0.43024063
1751444497881,1470003938,-8.170838,0.695348,-0.43024063
1751444497897,1470020605,-8.239044,8.102825,-5.2690706
1751444497897,1470020605,-8.239044,8.102825,-5.2690706
1751444497914,1470037272,-3.7978122,9.528647,-5.6510406
1751444497914,1470037272,-3.7978122,9.528647,-5.6510406
1751444497931,1470053939,-0.9274505,1.2207993,0.31652737
1751444497931,1470053939,-0.9274505,1.2207993,0.31652737
1751444497947,1470070606,-5.5705447,-2.8077497,1.7970123
1751444497947,1470070606,-5.5705447,-2.8077497,1.7970123
1751444497964,1470087273,-7.666162,-1.4671878,-2.4791017
1751444497964,1470087273,-7.666162,-1.4671878,-2.4791017
1751444497981,1470103940,-6.593145,0.807891,-7.017745
1751444497981,1470103940,-6.593145,0.807891,-7.017745
1751444497997,1470120607,-4.7244263,0.7410754,-7.6589155
1751444497997,1470120607,-4.7244263,0.7410754,-7.6589155
1751444498014,1470137274,-4.6024647,0.78810716,-6.9584284
1751444498014,1470137274,-4.6024647,0.78810716,-6.9584284
1751444498031,1470153941,-5.9179616,1.1122712,-6.4561453
1751444498031,1470153941,-5.9179616,1.1122712,-6.4561453
1751444498047,1470170608,-6.784556,1.1758395,-5.9501266
1751444498047,1470170608,-6.784556,1.1758395,-5.9501266
1751444498064,1470187275,-5.39314,0.8727762,-4.699187
1751444498064,1470187275,-5.39314,0.8727762,-4.699187
1751444498081,1470203942,-5.2955484,0.8109152,-3.7443504
1751444498081,1470203942,-5.2955484,0.8109152,-3.7443504
1751444498097,1470220609,-5.37873,0.2580466,-2.4974155
1751444498097,1470220609,-5.37873,0.2580466,-2.4974155
1751444498114,1470237276,-3.6262703,-0.935487,0.19866371
1751444498114,1470237276,-3.6262703,-0.935487,0.19866371
1751444498131,1470253943,-1.6229146,-1.7775193,2.8575125
1751444498131,1470253943,-1.6229146,-1.7775193,2.8575125
1751444498147,1470270610,-0.510922,-1.5668846,4.2132034
1751444498147,1470270610,-0.510922,-1.5668846,4.2132034
1751444498164,1470287277,0.40030232,-1.1485573,4.811784
1751444498164,1470287277,0.40030232,-1.1485573,4.811784
1751444498181,1470303944,2.1156158,-1.2642899,5.033888
1751444498181,1470303944,2.1156158,-1.2642899,5.033888
1751444498197,1470320611,2.3632848,-0.5623128,5.710392
1751444498197,1470320611,2.3632848,-0.5623128,5.710392
1751444498214,1470337278,2.9775975,0.37950355,6.1192274
1751444498214,1470337278,2.9775975,0.37950355,6.1192274
1751444498231,1470353945,5.162636,0.62453395,6.094183
1751444498231,1470353945,5.162636,0.62453395,6.094183
1751444498247,1470370612,7.4051867,0.42449602,5.0633144
1751444498247,1470370612,7.4051867,0.42449602,5.0633144
1751444498264,1470387279,9.809492,0.8701007,1.0476713
1751444498264,1470387279,9.809492,0.8701007,1.0476713
1751444498281,1470403946,12.577411,1.9155389,-2.676323
1751444498281,1470403946,12.577411,1.9155389,-2.676323
1751444498297,1470420613,17.137386,1.6207628,-7.4225864
1751444498297,1470420613,17.137386,1.6207628,-7.4225864
1751444498314,1470437280,15.359801,2.0946338,-7.5856524
1751444498314,1470437280,15.359801,2.0946338,-7.5856524
1751444498331,1470453947,8.587092,4.6212134,-3.7694025
1751444498331,1470453947,8.587092,4.6212134,-3.7694025
1751444498347,1470470614,6.4757333,4.1813464,-2.379992
1751444498347,1470470614,6.4757333,4.1813464,-2.379992
1751444498364,1470487281,6.4856524,2.763578,-2.048851
1751444498364,1470487281,6.4856524,2.763578,-2.048851
1751444498381,1470503948,7.730326,1.8785312,-2.3709226
1751444498381,1470503948,7.730326,1.8785312,-2.3709226
1751444498397,1470520615,8.109813,2.1253722,-2.5112872
1751444498397,1470520615,8.109813,2.1253722,-2.5112872
1751444498414,1470537282,5.5263357,3.0930955,-1.3283815
1751444498414,1470537282,5.5263357,3.0930955,-1.3283815
1751444498431,1470553949,4.5000095,1.5158718,-1.0867004
1751444498431,1470553949,4.5000095,1.5158718,-1.0867004
1751444498447,1470570616,-4.73947,-6.717472,4.2701464
1751444498447,1470570616,-4.73947,-6.717472,4.2701464
1751444498464,1470587283,-2.949316,2.3425772,13.458765
1751444498464,1470587283,-2.949316,2.3425772,13.458765
1751444498481,1470603950,20.550035,-10.439237,-1.9204884
1751444498481,1470603950,20.550035,-10.439237,-1.9204884
1751444498497,1470620617,0.31176615,-3.8594584,3.5850658
1751444498497,1470620617,0.31176615,-3.8594584,3.5850658
1751444498514,1470637284,-0.7628144,2.7640514,-4.9177785
1751444498514,1470637284,-0.7628144,2.7640514,-4.9177785
1751444498531,1470653951,-2.5962307,3.0782301,1.7632132
1751444498531,1470653951,-2.5962307,3.0782301,1.7632132
1751444498548,1470670618,-0.0002776031,0.7499938,-1.4551926
1751444498548,1470670618,-0.0002776031,0.7499938,-1.4551926
1751444498564,1470687285,-0.26827052,0.89053184,-0.064683914
1751444498564,1470687285,-0.26827052,0.89053184,-0.064683914
1751444498581,1470703952,1.0888962,-0.10758159,0.15690327
1751444498581,1470703952,1.0888962,-0.10758159,0.15690327
1751444498598,1470720619,0.63185054,0.33933043,0.2438078
1751444498598,1470720619,0.63185054,0.33933043,0.2438078
1751444498614,1470737286,0.38958263,-0.30522996,0.73824596
1751444498614,1470737286,0.38958263,-0.30522996,0.73824596
1751444498631,1470753953,1.1238616,-0.30870694,0.5191879
1751444498631,1470753953,1.1238616,-0.30870694,0.5191879
1751444498648,1470770620,-0.9819114,1.723459,-0.14832783
1751444498648,1470770620,-0.9819114,1.723459,-0.14832783
1751444498664,1470787287,0.43378186,0.8707032,0.15542221
1751444498664,1470787287,0.43378186,0.8707032,0.15542221
1751444498681,1470803954,1.0087305,-0.27440897,0.76421833
1751444498681,1470803954,1.0087305,-0.27440897,0.76421833
1751444498698,1470820621,0.7988429,-0.39669436,0.5451536
1751444498698,1470820621,0.7988429,-0.39669436,0.5451536
1751444498714,1470837288,0.52457285,-0.08471331,0.3844204
1751444498714,1470837288,0.52457285,-0.08471331,0.3844204
1751444498731,1470853955,0.075732,0.3649191,0.50287914
1751444498731,1470853955,0.075732,0.3649191,0.50287914
1751444498748,1470870622,-0.23071857,0.68456596,0.17151737
1751444498748,1470870622,-0.23071857,0.68456596,0.17151737
1751444498764,1470887289,-0.018543528,0.37901774,0.035182953
1751444498764,1470887289,-0.018543528,0.37901774,0.035182953
1751444498781,1470903956,0.07426665,0.11675445,0.32216263
1751444498781,1470903956,0.07426665,0.11675445,0.32216263
1751444498798,1470920623,0.16492082,0.07556962,0.38741112
1751444498798,1470920623,0.16492082,0.07556962,0.38741112
1751444498814,1470937290,0.09777753,0.07997171,0.46218395
1751444498814,1470937290,0.09777753,0.07997171,0.46218395
1751444498831,1470953957,0.3792246,0.008745057,0.43769932
1751444498831,1470953957,0.3792246,0.008745057,0.43769932
1751444498848,1470970624,-0.033000793,0.25800738,0.10658836
1751444498848,1470970624,-0.033000793,0.25800738,0.10658836
1751444498864,1470987291,0.17774063,0.5766224,-0.21188164
1751444498864,1470987291,0.17774063,0.5766224,-0.21188164
1751444498881,1471003958,0.1267676,0.13583095,0.02469349
1751444498881,1471003958,0.1267676,0.13583095,0.02469349
1751444498898,1471020625,-0.029471971,0.35181677,-0.2466774
1751444498898,1471020625,-0.029471971,0.35181677,-0.2466774
1751444498914,1471037292,-0.16231735,0.48086846,-0.17549133
1751444498914,1471037292,-0.16231735,0.48086846,-0.17549133
1751444498931,1471053959,-0.27291065,0.4421578,0.04351425
1751444498931,1471053959,-0.27291065,0.4421578,0.04351425
1751444498948,1471070626,-0.5716988,0.42367193,0.27250957
1751444498948,1471070626,-0.5716988,0.42367193,0.27250957
1751444498964,1471087293,-0.603012,-0.0528217,0.7135668
1751444498964,1471087293,-0.603012,-0.0528217,0.7135668
1751444498981,1471103960,-0.44970092,-0.79021466,1.1637964
1751444498981,1471103960,-0.44970092,-0.79021466,1.1637964
1751444498998,1471120627,-0.5208782,-1.2530272,1.433156
1751444498998,1471120627,-0.5208782,-1.2530272,1.433156
1751444499014,1471137294,-0.41782886,-1.5104206,1.4486094
1751444499014,1471137294,-0.41782886,-1.5104206,1.4486094
1751444499031,1471153961,-1.0364116,-1.1391894,1.7700386
1751444499031,1471153961,-1.0364116,-1.1391894,1.7700386
1751444499048,1471170628,-1.5606028,-0.89427423,2.1736355
1751444499048,1471170628,-1.5606028,-0.89427423,2.1736355
1751444499064,1471187295,-1.9483776,-0.7651784,2.2403069
1751444499064,1471187295,-1.9483776,-0.7651784,2.2403069
1751444499081,1471203962,-1.8124787,-1.2177173,1.902194
1751444499081,1471203962,-1.8124787,-1.2177173,1.902194
1751444499098,1471220629,-2.2370262,-1.6137764,1.7157955
1751444499098,1471220629,-2.2370262,-1.6137764,1.7157955
1751444499114,1471237296,-2.9084392,-2.4970524,1.9904785
1751444499114,1471237296,-2.9084392,-2.4970524,1.9904785
1751444499131,1471253963,-4.7043576,-3.915791,3.4109688
1751444499131,1471253963,-4.7043576,-3.915791,3.4109688
1751444499148,1471270630,-7.270156,-3.942714,2.845662
1751444499148,1471270630,-7.270156,-3.942714,2.845662
1751444499164,1471287297,-6.1303806,-7.249929,2.0080976
1751444499164,1471287297,-6.1303806,-7.249929,2.0080976
1751444499181,1471303964,-11.442049,-6.7127895,1.2943401
1751444499181,1471303964,-11.442049,-6.7127895,1.2943401
1751444499198,1471320631,-18.05904,-0.8735047,-4.167448
1751444499198,1471320631,-18.05904,-0.8735047,-4.167448
1751444499214,1471337298,-8.977774,2.7215934,-2.5819488
1751444499214,1471337298,-8.977774,2.7215934,-2.5819488
1751444499231,1471353965,3.299089,2.2972562,7.9906406
1751444499231,1471353965,3.299089,2.2972562,7.9906406
1751444499248,1471370632,-12.321851,-0.24066177,3.9490147
1751444499248,1471370632,-12.321851,-0.24066177,3.9490147
1751444499264,1471387299,-14.502459,0.2062287,-2.4522853
1751444499264,1471387299,-14.502459,0.2062287,-2.4522853
1751444499281,1471403966,-7.060922,-0.15674114,-3.0177016
1751444499281,1471403966,-7.060922,-0.15674114,-3.0177016
1751444499298,1471420633,-4.423041,1.4637644,-1.8255167
1751444499298,1471420633,-4.423041,1.4637644,-1.8255167
1751444499314,1471437300,-4.195274,2.6984522,-4.4084573
1751444499314,1471437300,-4.195274,2.6984522,-4.4084573
1751444499331,1471453967,-6.8863215,-0.34376538,-8.880205
1751444499331,1471453967,-6.8863215,-0.34376538,-8.880205
1751444499348,1471470634,-7.0481067,-2.387063,-9.672537
1751444499348,1471470634,-7.0481067,-2.387063,-9.672537
1751444499364,1471487301,-5.3602314,-2.1910636,-9.922487
1751444499364,1471487301,-5.3602314,-2.1910636,-9.922487
1751444499381,1471503968,-4.309707,-2.7326427,-7.815556
1751444499381,1471503968,-4.309707,-2.7326427,-7.815556
1751444499398,1471520635,-1.3302474,-0.7106742,-5.223029
1751444499398,1471520635,-1.3302474,-0.7106742,-5.223029
1751444499414,1471537302,-4.942347,-0.81015635,-5.20699
1751444499414,1471537302,-4.942347,-0.81015635,-5.20699
1751444499431,1471553969,-5.577087,-2.1620479,-3.8942447
1751444499431,1471553969,-5.577087,-2.1620479,-3.8942447
1751444499448,1471570636,-3.0893629,-2.4815464,-1.3345804
1751444499448,1471570636,-3.0893629,-2.4815464,-1.3345804
1751444499464,1471587303,-1.368948,-2.1704102,1.3733816
1751444499464,1471587303,-1.368948,-2.1704102,1.3733816
1751444499481,1471603970,-0.83682,-1.0027034,4.3949337
1751444499481,1471603970,-0.83682,-1.0027034,4.3949337
1751444499498,1471620637,-0.2817658,-0.29143697,5.8556194
1751444499498,1471620637,-0.2817658,-0.29143697,5.8556194
1751444499514,1471637304,1.3325874,0.6792467,5.416601
1751444499514,1471637304,1.3325874,0.6792467,5.416601
1751444499531,1471653971,2.3901174,1.7896796,6.103238
1751444499531,1471653971,2.3901174,1.7896796,6.103238
1751444499548,1471670638,2.0205727,2.7118783,7.55151
1751444499548,1471670638,2.0205727,2.7118783,7.55151
1751444499564,1471687305,4.185125,4.2513523,8.048702
1751444499564,1471687305,4.185125,4.2513523,8.048702
1751444499581,1471703972,6.2581334,5.3527446,7.4323273
1751444499581,1471703972,6.2581334,5.3527446,7.4323273
1751444499598,1471720639,8.414764,5.230843,6.0489426
1751444499598,1471720639,8.414764,5.230843,6.0489426
1751444499614,1471737306,12.746199,2.2155285,4.1082516
1751444499614,1471737306,12.746199,2.2155285,4.1082516
1751444499631,1471753973,19.869648,4.2023554,-4.2152414
1751444499631,1471753973,19.869648,4.2023554,-4.2152414
1751444499648,1471770640,26.380781,5.6439505,-14.26938
1751444499648,1471770640,26.380781,5.6439505,-14.26938
1751444499664,1471787307,20.551403,3.969292,-11.16865
1751444499664,1471787307,20.551403,3.969292,-11.16865
1751444499681,1471803974,9.360048,7.604426,-4.763065
1751444499681,1471803974,9.360048,7.604426,-4.763065
1751444499698,1471820641,8.47109,7.324329,-4.852757
1751444499698,1471820641,8.47109,7.324329,-4.852757
1751444499714,1471837308,10.018328,5.4549384,-3.4618998
1751444499714,1471837308,10.018328,5.4549384,-3.4618998
1751444499731,1471853975,7.1744885,3.5132735,-1.5598259
1751444499731,1471853975,7.1744885,3.5132735,-1.5598259
1751444499748,1471870642,-1.1100453,-3.4211657,1.59132
1751444499748,1471870642,-1.1100453,-3.4211657,1.59132
1751444499764,1471887309,-33.844906,9.643308,23.600037
1751444499764,1471887309,-33.844906,9.643308,23.600037
1751444499781,1471903976,29.690254,-0.6536958,-8.189434
1751444499781,1471903976,29.690254,-0.6536958,-8.189434
1751444499798,1471920643,6.519441,-5.5578523,4.3144417
1751444499798,1471920643,6.519441,-5.5578523,4.3144417
1751444499814,1471937310,-0.46013707,-1.1432406,-5.20923
1751444499814,1471937310,-0.46013707,-1.1432406,-5.20923
1751444499831,1471953977,8.921617,-2.8935254,1.6394415
1751444499831,1471953977,8.921617,-2.8935254,1.6394415
1751444499848,1471970644,1.1669196,0.7786143,4.787406
1751444499848,1471970644,1.1669196,0.7786143,4.787406
1751444499864,1471987311,-2.5307045,2.50193,-3.7090583
1751444499864,1471987311,-2.5307045,2.50193,-3.7090583
1751444499881,1472003978,0.38440472,0.78612536,-0.058390617
1751444499881,1472003978,0.38440472,0.78612536,-0.058390617
1751444499898,1472020645,1.3754858,0.4829431,1.0017672
1751444499898,1472020645,1.3754858,0.4829431,1.0017672
1751444499914,1472037312,1.2489761,-0.12981811,1.0178967
1751444499914,1472037312,1.2489761,-0.12981811,1.0178967
1751444499931,1472053979,1.484109,-0.7893702,0.72900486
1751444499931,1472053979,1.484109,-0.7893702,0.72900486
1751444499948,1472070646,0.8838413,-0.48142904,0.03379631
1751444499948,1472070646,0.8838413,-0.48142904,0.03379631
1751444499964,1472087313,-1.137679,1.1998595,-0.32916546
1751444499964,1472087313,-1.137679,1.1998595,-0.32916546
1751444499981,1472103980,-0.5346868,1.0616702,0.19135284
1751444499981,1472103980,-0.5346868,1.0616702,0.19135284
1751444499998,1472120647,0.086065,0.28302038,0.20960522
1751444499998,1472120647,0.086065,0.28302038,0.20960522
1751444500014,1472137314,-0.06396449,0.36855164,0.14088726
1751444500014,1472137314,-0.06396449,0.36855164,0.14088726
1751444500031,1472153981,-0.009310208,0.3904455,0.021842003
1751444500031,1472153981,-0.009310208,0.3904455,0.021842003
1751444500048,1472170648,0.110548615,0.3376855,0.3177271
1751444500048,1472170648,0.110548615,0.3376855,0.3177271
1751444500064,1472187315,0.2161111,0.26506534,0.40611362
1751444500064,1472187315,0.2161111,0.26506534,0.40611362
1751444500081,1472203982,0.21490145,0.25483865,0.3360424
1751444500081,1472203982,0.21490145,0.25483865,0.3360424
1751444500098,1472220649,0.06465828,0.13915168,0.43212605
1751444500098,1472220649,0.06465828,0.13915168,0.43212605
1751444500114,1472237316,0.07224788,-0.04572047,0.5672102
1751444500114,1472237316,0.07224788,-0.04572047,0.5672102
1751444500131,1472253983,0.030042376,-0.062261656,0.48274517
1751444500131,1472253983,0.030042376,-0.062261656,0.48274517
1751444500148,1472270650,-0.13041131,0.32524443,0.4078703
1751444500148,1472270650,-0.13041131,0.32524443,0.4078703
1751444500164,1472287317,-0.370078,0.3890435,0.09036636
1751444500164,1472287317,-0.370078,0.3890435,0.09036636
1751444500181,1472303984,0.4572798,0.329846,-0.4062004
1751444500181,1472303984,0.4572798,0.329846,-0.4062004
1751444500198,1472320651,-0.2544248,0.3755068,0.004831314
1751444500198,1472320651,-0.2544248,0.3755068,0.004831314
1751444500214,1472337318,-0.112992056,0.039000552,0.15253544
1751444500214,1472337318,-0.112992056,0.039000552,0.15253544
1751444500231,1472353985,-0.30398834,-0.24021094,0.61305714
1751444500231,1472353985,-0.30398834,-0.24021094,0.61305714
1751444500248,1472370652,-0.3743614,-0.55297554,0.8464184
1751444500248,1472370652,-0.3743614,-0.55297554,0.8464184
1751444500264,1472387319,-0.41968134,-0.83710855,1.1132307
1751444500264,1472387319,-0.41968134,-0.83710855,1.1132307
1751444500281,1472403986,-0.3245225,-0.9350095,1.4122448
1751444500281,1472403986,-0.3245225,-0.9350095,1.4122448
1751444500298,1472420653,-0.12312077,-1.1449895,1.2816887
1751444500298,1472420653,-0.12312077,-1.1449895,1.2816887
1751444500314,1472437320,-0.26805907,-0.9804407,1.226924
1751444500314,1472437320,-0.26805907,-0.9804407,1.226924
1751444500331,1472453987,-1.0193769,-0.6367795,1.4987087
1751444500331,1472453987,-1.0193769,-0.6367795,1.4987087
1751444500348,1472470654,-1.2772416,-0.61378235,1.597827
1751444500348,1472470654,-1.2772416,-0.61378235,1.597827
1751444500364,1472487321,-1.6036456,-1.0124109,1.6926641
1751444500364,1472487321,-1.6036456,-1.0124109,1.6926641
1751444500381,1472503988,-2.2252462,-1.8607979,2.248598
1751444500381,1472503988,-2.2252462,-1.8607979,2.248598
1751444500398,1472520655,-3.2540567,-2.756298,3.8172617
1751444500398,1472520655,-3.2540567,-2.756298,3.8172617
1751444500414,1472537322,-3.7853603,-3.1350298,3.194971
1751444500414,1472537322,-3.7853603,-3.1350298,3.194971
1751444500431,1472553989,-3.8174753,-4.3618727,2.8503304
1751444500431,1472553989,-3.8174753,-4.3618727,2.8503304
1751444500448,1472570656,-5.5936847,-5.988838,3.993413
1751444500448,1472570656,-5.5936847,-5.988838,3.993413
1751444500464,1472587323,-7.43659,-4.878939,3.9989586
1751444500464,1472587323,-7.43659,-4.878939,3.9989586
1751444500481,1472603990,-13.376814,-1.0344425,-0.052283287
1751444500481,1472603990,-13.376814,-1.0344425,-0.052283287
1751444500498,1472620657,-8.591225,1.2708486,-0.84746265
1751444500498,1472620657,-8.591225,1.2708486,-0.84746265
1751444500514,1472637324,-11.554748,-0.66283035,-0.5171156
1751444500514,1472637324,-11.554748,-0.66283035,-0.5171156
1751444500531,1472653991,-10.969109,-2.2129147,-2.0980883
1751444500531,1472653991,-10.969109,-2.2129147,-2.0980883
1751444500548,1472670658,-6.5726695,-0.2726601,-1.984909
1751444500548,1472670658,-6.5726695,-0.2726601,-1.984909
1751444500564,1472687325,-4.590579,-1.0689225,-1.8195095
1751444500564,1472687325,-4.590579,-1.0689225,-1.8195095
1751444500581,1472703992,-8.084189,-0.53850174,-6.038128
1751444500581,1472703992,-8.084189,-0.53850174,-6.038128
1751444500598,1472720659,-8.039302,-0.32987976,-9.740643
1751444500598,1472720659,-8.039302,-0.32987976,-9.740643
1751444500614,1472737326,-5.171521,-2.0500515,-8.968777
1751444500614,1472737326,-5.171521,-2.0500515,-8.968777
1751444500631,1472753993,-2.6399329,-2.4935415,-7.212163
1751444500631,1472753993,-2.6399329,-2.4935415,-7.212163
1751444500648,1472770660,-3.4021876,-1.36744,-6.736662
1751444500648,1472770660,-3.4021876,-1.36744,-6.736662
1751444500664,1472787327,-5.374453,-0.8283733,-6.34466
1751444500664,1472787327,-5.374453,-0.8283733,-6.34466
1751444500681,1472803994,-5.8607965,-1.2109684,-4.8220344
1751444500681,1472803994,-5.8607965,-1.2109684,-4.8220344
1751444500698,1472820661,-5.5151887,-1.2173389,-3.7006278
1751444500698,1472820661,-5.5151887,-1.2173389,-3.7006278
1751444500714,1472837328,-4.9305525,-0.80328184,-2.4146109
1751444500714,1472837328,-4.9305525,-0.80328184,-2.4146109
1751444500731,1472853995,-4.0549316,-1.2209576,-0.41052628
1751444500731,1472853995,-4.0549316,-1.2209576,-0.41052628
1751444500748,1472870662,-2.365096,-0.72076714,1.9208527
1751444500748,1472870662,-2.365096,-0.72076714,1.9208527
1751444500764,1472887329,-2.4069576,0.15156749,3.6124449
1751444500764,1472887329,-2.4069576,0.15156749,3.6124449
1751444500781,1472903996,-1.4144244,0.13860619,5.029848
1751444500781,1472903996,-1.4144244,0.13860619,5.029848
1751444500798,1472920663,0.79684114,0.34533557,5.9162846
1751444500798,1472920663,0.79684114,0.34533557,5.9162846
1751444500814,1472937330,1.3174287,1.269183,7.509882
1751444500814,1472937330,1.3174287,1.269183,7.509882
1751444500831,1472953997,3.2049277,4.203117,8.647541
1751444500831,1472953997,3.2049277,4.203117,8.647541
1751444500848,1472970664,4.7917786,7.5109515,9.741789
1751444500848,1472970664,4.7917786,7.5109515,9.741789
1751444500864,1472987331,8.450512,9.605254,8.576031
1751444500864,1472987331,8.450512,9.605254,8.576031
1751444500881,1473003998,14.572176,5.646585,3.2616348
1751444500881,1473003998,14.572176,5.646585,3.2616348
1751444500898,1473020665,25.462275,6.0417304,-7.591854
1751444500898,1473020665,25.462275,6.0417304,-7.591854
1751444500914,1473037332,23.914488,8.528424,-14.19179
1751444500914,1473037332,23.914488,8.528424,-14.19179
1751444500931,1473053999,18.656372,7.218518,-9.592372
1751444500931,1473053999,18.656372,7.218518,-9.592372
1751444500948,1473070666,11.161713,7.3848176,-4.0645256
1751444500948,1473070666,11.161713,7.3848176,-4.0645256
1751444500964,1473087333,8.360242,3.5439732,-2.231635
1751444500964,1473087333,8.360242,3.5439732,-2.231635
1751444500981,1473104000,-1.0439141,-9.940483,6.4471226
1751444500981,1473104000,-1.0439141,-9.940483,6.4471226
1751444500998,1473120667,-1.4392773,0.91890246,7.9919415
1751444500998,1473120667,-1.4392773,0.91890246,7.9919415
1751444501014,1473137334,7.8410616,3.3097637,-3.6780705
1751444501014,1473137334,7.8410616,3.3097637,-3.6780705
1751444501031,1473154001,2.7842402,9.637159,2.1510124
1751444501031,1473154001,2.7842402,9.637159,2.1510124
1751444501048,1473170668,-5.8419743,5.212118,1.9652224
1751444501048,1473170668,-5.8419743,5.212118,1.9652224
1751444501064,1473187335,5.52735,-1.3653305,-1.7162361
1751444501064,1473187335,5.52735,-1.3653305,-1.7162361
1751444501081,1473204002,13.067473,-7.2075443,1.2233181
1751444501081,1473204002,13.067473,-7.2075443,1.2233181
1751444501098,1473220669,-0.13848907,0.6496824,2.1687193
1751444501098,1473220669,-0.13848907,0.6496824,2.1687193
1751444501114,1473237336,-2.230904,2.046074,-1.8294764
1751444501114,1473237336,-2.230904,2.046074,-1.8294764
1751444501131,1473254003,-0.49172047,0.65441185,-0.11332989
1751444501131,1473254003,-0.49172047,0.65441185,-0.11332989
1751444501148,1473270670,-0.63282377,1.4084063,-0.17084503
1751444501148,1473270670,-0.63282377,1.4084063,-0.17084503
1751444501164,1473287337,0.72398084,-0.028513882,0.5723448
1751444501164,1473287337,0.72398084,-0.028513882,0.5723448
1751444501181,1473304004,1.8383489,-0.78283614,0.65523624
1751444501181,1473304004,1.8383489,-0.78283614,0.65523624
1751444501198,1473320671,0.23969753,0.106662504,0.043744087
1751444501198,1473320671,0.23969753,0.106662504,0.043744087
1751444501214,1473337338,-0.46848717,0.5650746,0.0112257
1751444501214,1473337338,-0.46848717,0.5650746,0.0112257
1751444501231,1473354005,0.26287806,0.28671828,-0.093753815
1751444501231,1473354005,0.26287806,0.28671828,-0.093753815
1751444501248,1473370672,0.09815661,0.14688802,0.2033062
1751444501248,1473370672,0.09815661,0.14688802,0.2033062
1751444501264,1473387339,-0.7612561,0.8640738,0.17316055
1751444501264,1473387339,-0.7612561,0.8640738,0.17316055
1751444501281,1473404006,-0.60930616,0.6778503,0.040057182
1751444501281,1473404006,-0.60930616,0.6778503,0.040057182
1751444501298,1473420673,0.109341644,0.11918404,0.005818367
1751444501298,1473420673,0.109341644,0.11918404,0.005818367
1751444501314,1473437340,0.028560933,0.19687055,0.4976797
1751444501314,1473437340,0.028560933,0.19687055,0.4976797
1751444501331,1473454007,0.3569426,-0.035439655,0.11018467
1751444501331,1473454007,0.3569426,-0.035439655,0.11018467
1751444501348,1473470674,-0.020877898,0.3471734,-0.0367918
1751444501348,1473470674,-0.020877898,0.3471734,-0.0367918
1751444501364,1473487341,-0.2806089,0.61029106,0.2336235
1751444501364,1473487341,-0.2806089,0.61029106,0.2336235
1751444501381,1473504008,0.21993987,0.32067293,0.15550327
1751444501381,1473504008,0.21993987,0.32067293,0.15550327
1751444501398,1473520675,0.36788043,0.13077463,0.08435249
1751444501398,1473520675,0.36788043,0.13077463,0.08435249
1751444501414,1473537342,0.38389602,0.1578091,0.115431786
1751444501414,1473537342,0.38389602,0.1578091,0.115431786
1751444501431,1473554009,0.31319708,0.2713739,0.042689323
1751444501431,1473554009,0.31319708,0.2713739,0.042689323
1751444501448,1473570676,0.25218162,0.29978833,0.06254864
1751444501448,1473570676,0.25218162,0.29978833,0.06254864
1751444501464,1473587343,0.26290265,0.13704741,0.028738976
1751444501464,1473587343,0.26290265,0.13704741,0.028738976
1751444501481,1473604010,-0.0005136328,0.044056974,0.033076286
1751444501481,1473604010,-0.0005136328,0.044056974,0.033076286
1751444501498,1473620677,-0.5372836,0.11790174,0.088362694
1751444501498,1473620677,-0.5372836,0.11790174,0.088362694
1751444501514,1473637344,-1.0382279,0.41115096,0.113767624
1751444501514,1473637344,-1.0382279,0.41115096,0.113767624
1751444501531,1473654011,-0.9305041,0.34948698,0.1995058
1751444501531,1473654011,-0.9305041,0.34948698,0.1995058
1751444501548,1473670678,-0.10148963,-0.27401704,0.7016401
1751444501548,1473670678,-0.10148963,-0.27401704,0.7016401
1751444501564,1473687345,-0.534491,-0.060684774,1.1482744
1751444501564,1473687345,-0.534491,-0.060684774,1.1482744
1751444501581,1473704012,-0.5180163,-0.013827741,1.1840458
1751444501581,1473704012,-0.5180163,-0.013827741,1.1840458
1751444501598,1473720679,-0.36098236,-0.41034687,1.6965294
1751444501598,1473720679,-0.36098236,-0.41034687,1.6965294
1751444501614,1473737346,-1.8456944,0.18901396,1.6310549
1751444501614,1473737346,-1.8456944,0.18901396,1.6310549
1751444501631,1473754013,-0.8098831,-0.20477083,1.559844
1751444501631,1473754013,-0.8098831,-0.20477083,1.559844
1751444501648,1473770680,-2.05523,-0.5265419,2.278121
1751444501648,1473770680,-2.05523,-0.5265419,2.278121
1751444501664,1473787347,-2.8321595,-0.7840517,3.2247562
1751444501664,1473787347,-2.8321595,-0.7840517,3.2247562
1751444501681,1473804014,-3.272411,-0.58574855,2.4358244
1751444501681,1473804014,-3.272411,-0.58574855,2.4358244
1751444501698,1473820681,-2.348823,-0.90486103,1.6275072
1751444501698,1473820681,-2.348823,-0.90486103,1.6275072
1751444501714,1473837348,-1.5405456,-1.0180416,1.4095545
1751444501714,1473837348,-1.5405456,-1.0180416,1.4095545
1751444501731,1473854015,-0.70565456,0.3489976,0.5365839
1751444501731,1473854015,-0.70565456,0.3489976,0.5365839
1751444501748,1473870682,-0.4482709,0.9143674,-0.26549435
1751444501748,1473870682,-0.4482709,0.9143674,-0.26549435
1751444501764,1473887349,0.5128529,1.5496923,-1.2970295
1751444501764,1473887349,0.5128529,1.5496923,-1.2970295
1751444501781,1473904016,1.1250784,2.2662845,-1.683855
1751444501781,1473904016,1.1250784,2.2662845,-1.683855
1751444501798,1473920683,1.6890175,2.968232,-1.8998404
1751444501798,1473920683,1.6890175,2.968232,-1.8998404
1751444501814,1473937350,1.7828346,3.3938541,-2.0798979
1751444501814,1473937350,1.7828346,3.3938541,-2.0798979
1751444501831,1473954017,1.584696,3.3226252,-1.7238016
1751444501831,1473954017,1.584696,3.3226252,-1.7238016
1751444501848,1473970684,1.0464604,3.030683,-1.7741404
1751444501848,1473970684,1.0464604,3.030683,-1.7741404
1751444501864,1473987351,0.4002451,2.7735333,-1.5342789
1751444501864,1473987351,0.4002451,2.7735333,-1.5342789
1751444501881,1474004018,-0.68227667,1.9703697,-1.2370386
1751444501881,1474004018,-0.68227667,1.9703697,-1.2370386
1751444501898,1474020685,-1.2067884,1.4879916,-0.9750204
1751444501898,1474020685,-1.2067884,1.4879916,-0.9750204
1751444501914,1474037352,-1.0602022,0.4380102,-0.7470064
1751444501914,1474037352,-1.0602022,0.4380102,-0.7470064
1751444501931,1474054019,-0.30285066,0.2955608,-0.08742142
1751444501931,1474054019,-0.30285066,0.2955608,-0.08742142
1751444501948,1474070686,-0.40343285,-0.107822426,-0.016859055
1751444501948,1474070686,-0.40343285,-0.107822426,-0.016859055
1751444501964,1474087353,0.22736408,-0.43125898,-0.13843632
1751444501964,1474087353,0.22736408,-0.43125898,-0.13843632
1751444501981,1474104020,0.7301585,-0.33444345,0.2086401
1751444501981,1474104020,0.7301585,-0.33444345,0.2086401
1751444501998,1474120687,0.74824804,-0.44663566,0.23903179
1751444501998,1474120687,0.74824804,-0.44663566,0.23903179
1751444502014,1474137354,0.3949892,-0.18877122,0.06155014
1751444502014,1474137354,0.3949892,-0.18877122,0.06155014
1751444502031,1474154021,-0.19267018,-0.49481678,0.110014915
1751444502031,1474154021,-0.19267018,-0.49481678,0.110014915
1751444502048,1474170688,-0.4597199,-0.7339403,0.5140743
1751444502048,1474170688,-0.4597199,-0.7339403,0.5140743
1751444502064,1474187355,-0.15105028,-0.8256978,0.9084425
1751444502064,1474187355,-0.15105028,-0.8256978,0.9084425
1751444502081,1474204022,-0.5552661,-1.2638311,0.96909714
1751444502081,1474204022,-0.5552661,-1.2638311,0.96909714
1751444502098,1474220689,-0.6132773,-1.5587456,1.2285461
1751444502098,1474220689,-0.6132773,-1.5587456,1.2285461
1751444502114,1474237356,0.0594388,-0.7359566,1.3612671
1751444502114,1474237356,0.0594388,-0.7359566,1.3612671
1751444502131,1474254023,0.5408715,-0.202759,1.256012
1751444502131,1474254023,0.5408715,-0.202759,1.256012
1751444502148,1474270690,0.6505618,0.091724016,0.4415846
1751444502148,1474270690,0.6505618,0.091724016,0.4415846
1751444502164,1474287357,0.5123179,0.47461578,-0.2510214
1751444502164,1474287357,0.5123179,0.47461578,-0.2510214
1751444502181,1474304024,0.051645126,-0.14839081,-0.80201054
1751444502181,1474304024,0.051645126,-0.14839081,-0.80201054
1751444502198,1474320691,-0.10837579,0.46968174,-0.91761875
1751444502198,1474320691,-0.10837579,0.46968174,-0.91761875
1751444502214,1474337358,-0.38293993,0.8534833,-1.1862288
1751444502214,1474337358,-0.38293993,0.8534833,-1.1862288
1751444502231,1474354025,-0.59243816,1.6828552,-1.826508
1751444502231,1474354025,-0.59243816,1.6828552,-1.826508
1751444502248,1474370692,-0.93202454,1.7224517,-2.2414956
1751444502248,1474370692,-0.93202454,1.7224517,-2.2414956
1751444502264,1474387359,-1.0722994,1.4866536,-2.3211045
1751444502264,1474387359,-1.0722994,1.4866536,-2.3211045
1751444502281,1474404026,-1.1948265,1.0527724,-2.055954
1751444502281,1474404026,-1.1948265,1.0527724,-2.055954
1751444502298,1474420693,-0.88583875,0.009058086,-1.1409731
1751444502298,1474420693,-0.88583875,0.009058086,-1.1409731
1751444502314,1474437360,-0.93992764,-0.06608898,-0.33000374
1751444502314,1474437360,-0.93992764,-0.06608898,-0.33000374
1751444502331,1474454027,-0.6021576,0.28840894,0.30024242
1751444502331,1474454027,-0.6021576,0.28840894,0.30024242
1751444502348,1474470694,-0.46344906,0.6842137,0.593565
1751444502348,1474470694,-0.46344906,0.6842137,0.593565
1751444502364,1474487361,-0.95852494,0.54972154,0.63541794
1751444502364,1474487361,-0.95852494,0.54972154,0.63541794
1751444502381,1474504028,-0.6755564,1.032287,0.7756214
1751444502381,1474504028,-0.6755564,1.032287,0.7756214
1751444502398,1474520695,0.17275882,2.3065796,0.99194145
1751444502398,1474520695,0.17275882,2.3065796,0.99194145
1751444502414,1474537362,-0.90905774,3.6859229,0.341465
1751444502414,1474537362,-0.90905774,3.6859229,0.341465
1751444502431,1474554029,-2.4539702,2.5524065,0.3994665
1751444502431,1474554029,-2.4539702,2.5524065,0.3994665
1751444502448,1474570696,-3.290984,2.1723208,0.0006313324
1751444502448,1474570696,-3.290984,2.1723208,0.0006313324
1751444502464,1474587363,-3.4825442,1.8658525,-0.5695839
1751444502464,1474587363,-3.4825442,1.8658525,-0.5695839
1751444502481,1474604030,-3.2482765,2.0764327,-1.40067
1751444502481,1474604030,-3.2482765,2.0764327,-1.40067
1751444502498,1474620697,-2.9624066,2.283158,-1.7126894
1751444502498,1474620697,-2.9624066,2.283158,-1.7126894
1751444502514,1474637364,-2.1560488,2.0161715,-1.5517235
1751444502514,1474637364,-2.1560488,2.0161715,-1.5517235
1751444502531,1474654031,-1.4596713,1.9151279,-1.6028891
1751444502531,1474654031,-1.4596713,1.9151279,-1.6028891
1751444502548,1474670698,-0.7661563,0.7804172,-0.78522587
1751444502548,1474670698,-0.7661563,0.7804172,-0.78522587
1751444502564,1474687365,-0.3982953,0.837914,-0.08841801
1751444502564,1474687365,-0.3982953,0.837914,-0.08841801
1751444502581,1474704032,0.387537,0.2901998,0.53187275
1751444502581,1474704032,0.387537,0.2901998,0.53187275
1751444502598,1474720699,1.8690974,0.13686235,1.0318136
1751444502598,1474720699,1.8690974,0.13686235,1.0318136
1751444502614,1474737366,2.4392006,-0.024908619,0.9139366
1751444502614,1474737366,2.4392006,-0.024908619,0.9139366
1751444502631,1474754033,2.2689645,-0.5665784,0.6738405
1751444502631,1474754033,2.2689645,-0.5665784,0.6738405
1751444502648,1474770700,2.377106,-0.898475,0.6721945
1751444502648,1474770700,2.377106,-0.898475,0.6721945
1751444502664,1474787367,2.6087353,-0.9216931,0.829834
1751444502664,1474787367,2.6087353,-0.9216931,0.829834
1751444502681,1474804034,2.3913953,-0.8343917,0.8349838
1751444502681,1474804034,2.3913953,-0.8343917,0.8349838
1751444502698,1474820701,1.9894705,-0.7383261,0.8594084
1751444502698,1474820701,1.9894705,-0.7383261,0.8594084
1751444502714,1474837368,1.5883226,-0.36686534,0.694026
1751444502714,1474837368,1.5883226,-0.36686534,0.694026
1751444502731,1474854035,1.1025406,-0.30336764,0.29964352
1751444502731,1474854035,1.1025406,-0.30336764,0.29964352
1751444502748,1474870702,0.97216594,-0.5765804,0.051659584
1751444502748,1474870702,0.97216594,-0.5765804,0.051659584
1751444502764,1474887369,0.7329682,-0.84928364,-0.20109272
1751444502764,1474887369,0.7329682,-0.84928364,-0.20109272
1751444502781,1474904036,0.62244403,-0.93807715,-0.40716553
1751444502781,1474904036,0.62244403,-0.93807715,-0.40716553
1751444502798,1474920703,0.068581715,-0.8750597,-0.66168594
1751444502798,1474920703,0.068581715,-0.8750597,-0.66168594
1751444502814,1474937370,-0.14290375,-0.9524826,-0.5276785
1751444502814,1474937370,-0.14290375,-0.9524826,-0.5276785
1751444502831,1474954037,-0.013592504,-1.0469528,-0.42608356
1751444502831,1474954037,-0.013592504,-1.0469528,-0.42608356
1751444502848,1474970704,-0.029620362,-1.2947038,-0.47252083
1751444502848,1474970704,-0.029620362,-1.2947038,-0.47252083
1751444502864,1474987371,-0.24011852,-1.4351239,-0.508893
1751444502864,1474987371,-0.24011852,-1.4351239,-0.508893
1751444502881,1475004038,-0.3397522,-1.4657503,-0.5583458
1751444502881,1475004038,-0.3397522,-1.4657503,-0.5583458
1751444502898,1475020705,-0.3769202,-1.6675717,-0.7554903
1751444502898,1475020705,-0.3769202,-1.6675717,-0.7554903
1751444502914,1475037372,-0.6887332,-1.9402168,-0.9650316
1751444502914,1475037372,-0.6887332,-1.9402168,-0.9650316
1751444502931,1475054039,-0.88635993,-2.0408266,-0.9110298
1751444502931,1475054039,-0.88635993,-2.0408266,-0.9110298
1751444502948,1475070706,-1.1673679,-2.1310387,-1.0564814
1751444502948,1475070706,-1.1673679,-2.1310387,-1.0564814
1751444502964,1475087373,-1.5083139,-2.523032,-1.2659082
1751444502964,1475087373,-1.5083139,-2.523032,-1.2659082
1751444502981,1475104040,-2.0047588,-2.9055512,-1.4073496
1751444502981,1475104040,-2.0047588,-2.9055512,-1.4073496
1751444502998,1475120707,-3.0932324,-3.1865675,-1.9078598
1751444502998,1475120707,-3.0932324,-3.1865675,-1.9078598
1751444503014,1475137374,-3.4504762,-3.4577231,-2.1774282
1751444503014,1475137374,-3.4504762,-3.4577231,-2.1774282
1751444503031,1475154041,-3.1465905,-3.1098385,-2.4733863
1751444503031,1475154041,-3.1465905,-3.1098385,-2.4733863
1751444503048,1475170708,3.179057,2.3862965,1.2619581
1751444503048,1475170708,3.179057,2.3862965,1.2619581
1751444503064,1475187375,7.2057233,-2.8516028,8.940002
1751444503064,1475187375,7.2057233,-2.8516028,8.940002
1751444503081,1475204042,-1.9748914,-4.050747,-0.17598534
1751444503081,1475204042,-1.9748914,-4.050747,-0.17598534
1751444503098,1475220709,-10.873341,3.2522552,-0.780221
1751444503098,1475220709,-10.873341,3.2522552,-0.780221
1751444503114,1475237376,1.8411671,-1.8998803,3.4383154
1751444503114,1475237376,1.8411671,-1.8998803,3.4383154
1751444503131,1475254043,-2.074416,1.5313123,-1.7331114
1751444503131,1475254043,-2.074416,1.5313123,-1.7331114
1751444503148,1475270710,-5.1070113,4.1505113,-1.4626284
1751444503148,1475270710,-5.1070113,4.1505113,-1.4626284
1751444503164,1475287377,-2.2590673,1.4959257,1.0736694
1751444503164,1475287377,-2.2590673,1.4959257,1.0736694
1751444503181,1475304044,-2.5352395,2.146076,-0.32140636
1751444503181,1475304044,-2.5352395,2.146076,-0.32140636
1751444503198,1475320711,-1.1513404,-0.3039649,0.5616884
1751444503198,1475320711,-1.1513404,-0.3039649,0.5616884
1751444503214,1475337378,-0.6829639,-1.1923842,0.6081734
1751444503214,1475337378,-0.6829639,-1.1923842,0.6081734
1751444503231,1475354045,-0.57606316,-0.7674361,0.42709446
1751444503231,1475354045,-0.57606316,-0.7674361,0.42709446
1751444503248,1475370712,-0.74382436,-0.4075718,0.56531715
1751444503248,1475370712,-0.74382436,-0.4075718,0.56531715
1751444503264,1475387379,-0.68291146,-0.8520374,0.021208763
1751444503264,1475387379,-0.68291146,-0.8520374,0.021208763
1751444503281,1475404046,-0.6303519,-1.0020813,-0.4050932
1751444503281,1475404046,-0.6303519,-1.0020813,-0.4050932
1751444503298,1475420713,-0.51884514,-0.5471877,0.24237156
1751444503298,1475420713,-0.51884514,-0.5471877,0.24237156
1751444503314,1475437380,-0.83731705,0.5983915,0.27185822
1751444503314,1475437380,-0.83731705,0.5983915,0.27185822
1751444503331,1475454047,-0.6226029,0.34818125,-0.1117115
1751444503331,1475454047,-0.6226029,0.34818125,-0.1117115
1751444503348,1475470714,-0.48916793,-0.34945548,0.078897476
1751444503348,1475470714,-0.48916793,-0.34945548,0.078897476
1751444503364,1475487381,-0.6647719,-0.12336272,0.3319416
1751444503364,1475487381,-0.6647719,-0.12336272,0.3319416
1751444503381,1475504048,-0.81889266,0.10575926,0.050266266
1751444503381,1475504048,-0.81889266,0.10575926,0.050266266
1751444503398,1475520715,-0.66111916,-0.07150312,0.102048874
1751444503398,1475520715,-0.66111916,-0.07150312,0.102048874
1751444503414,1475537382,-0.9230535,0.41832075,0.11781597
1751444503414,1475537382,-0.9230535,0.41832075,0.11781597
1751444503431,1475554049,-0.80538523,0.10606654,0.03362751
1751444503431,1475554049,-0.80538523,0.10606654,0.03362751
1751444503448,1475570716,-0.67887187,-0.17618565,-0.032714844
1751444503448,1475570716,-0.67887187,-0.17618565,-0.032714844
1751444503464,1475587383,-0.5091287,-0.42968976,0.13418293
1751444503464,1475587383,-0.5091287,-0.42968976,0.13418293
1751444503481,1475604050,-0.6415221,-0.3206817,0.13537884
1751444503481,1475604050,-0.6415221,-0.3206817,0.13537884
1751444503498,1475620717,-0.8874389,0.001878602,0.17191315
1751444503498,1475620717,-0.8874389,0.001878602,0.17191315
1751444503514,1475637384,-0.753299,-0.10206578,0.2544031
1751444503514,1475637384,-0.753299,-0.10206578,0.2544031
1751444503531,1475654051,-0.71559703,-0.08399364,0.23124313
1751444503531,1475654051,-0.71559703,-0.08399364,0.23124313
1751444503548,1475670718,-0.56557244,-0.15490322,0.26807213
1751444503548,1475670718,-0.56557244,-0.15490322,0.26807213
1751444503564,1475687385,-0.4338791,-0.2384617,0.21560478
1751444503564,1475687385,-0.4338791,-0.2384617,0.21560478
1751444503581,1475704052,-0.38215938,-0.27095485,0.37646484
1751444503581,1475704052,-0.38215938,-0.27095485,0.37646484
1751444503598,1475720719,-0.3652171,-0.15774535,0.45380306
1751444503598,1475720719,-0.3652171,-0.15774535,0.45380306
1751444503614,1475737386,-0.43082964,-0.15340832,0.47134876
1751444503614,1475737386,-0.43082964,-0.15340832,0.47134876
1751444503631,1475754053,-0.28027886,-1.1109309,0.5682516
1751444503631,1475754053,-0.28027886,-1.1109309,0.5682516
1751444503648,1475770720,-0.36608872,-0.31973517,0.50820065
1751444503648,1475770720,-0.36608872,-0.31973517,0.50820065
1751444503664,1475787387,-0.16099639,0.21915862,0.7304697
1751444503664,1475787387,-0.16099639,0.21915862,0.7304697
1751444503681,1475804054,-0.3325749,0.23691298,0.400239
1751444503681,1475804054,-0.3325749,0.23691298,0.400239
1751444503698,1475820721,-0.057942893,0.20951484,0.7579832
1751444503698,1475820721,-0.057942893,0.20951484,0.7579832
1751444503714,1475837388,-0.123313576,0.48451653,0.7593899
1751444503714,1475837388,-0.123313576,0.48451653,0.7593899
1751444503731,1475854055,0.028093072,0.37547535,0.7505808
1751444503731,1475854055,0.028093072,0.37547535,0.7505808
1751444503748,1475870722,0.017533237,0.479308,0.7682142
1751444503748,1475870722,0.017533237,0.479308,0.7682142
1751444503764,1475887389,0.100034356,0.5285606,0.7833395
1751444503764,1475887389,0.100034356,0.5285606,0.7833395
1751444503781,1475904056,0.35836172,0.33227232,0.8791933
1751444503781,1475904056,0.35836172,0.33227232,0.8791933
1751444503798,1475920723,0.51711726,0.2793175,1.1033278
1751444503798,1475920723,0.51711726,0.2793175,1.1033278
1751444503814,1475937390,0.74336475,0.36073592,1.2667322
1751444503814,1475937390,0.74336475,0.36073592,1.2667322
1751444503831,1475954057,0.9834752,0.6890318,1.272296
1751444503831,1475954057,0.9834752,0.6890318,1.272296
1751444503848,1475970724,1.618843,1.188052,1.8513021
1751444503848,1475970724,1.618843,1.188052,1.8513021
1751444503864,1475987391,3.1925893,1.7183356,2.9604473
1751444503864,1475987391,3.1925893,1.7183356,2.9604473
1751444503881,1476004058,4.637061,0.85488236,3.484414
1751444503881,1476004058,4.637061,0.85488236,3.484414
1751444503898,1476020725,5.319666,1.8798993,2.4048157
1751444503898,1476020725,5.319666,1.8798993,2.4048157
1751444503914,1476037392,6.838943,3.6435533,2.8255148
1751444503914,1476037392,6.838943,3.6435533,2.8255148
1751444503931,1476054059,8.544689,5.1048126,3.4340038
1751444503931,1476054059,8.544689,5.1048126,3.4340038
1751444503948,1476070726,13.829314,0.21960925,0.30323887
1751444503948,1476070726,13.829314,0.21960925,0.30323887
1751444503964,1476087393,8.89001,-1.9957389,-2.531537
1751444503964,1476087393,8.89001,-1.9957389,-2.531537
1751444503981,1476104060,-2.9736218,-1.58344,2.2505035
1751444503981,1476104060,-2.9736218,-1.58344,2.2505035
1751444503998,1476120727,0.09646928,-0.64097995,4.235586
1751444503998,1476120727,0.09646928,-0.64097995,4.235586
1751444504014,1476137394,10.789534,-3.1354175,-0.42592525
1751444504014,1476137394,10.789534,-3.1354175,-0.42592525
1751444504031,1476154061,5.236728,1.1668952,-0.89905834
1751444504031,1476154061,5.236728,1.1668952,-0.89905834
1751444504048,1476170728,4.17164,-0.4815923,-2.130115
1751444504048,1476170728,4.17164,-0.4815923,-2.130115
1751444504064,1476187395,3.7927291,-5.205567,-4.2550354
1751444504064,1476187395,3.7927291,-5.205567,-4.2550354
1751444504081,1476204062,4.624677,-5.29352,-6.826193
1751444504081,1476204062,4.624677,-5.29352,-6.826193
1751444504098,1476220729,3.868483,-0.6132012,-6.8481092
1751444504098,1476220729,3.868483,-0.6132012,-6.8481092
1751444504114,1476237396,7.363722,2.429608,-8.834904
1751444504114,1476237396,7.363722,2.429608,-8.834904
1751444504131,1476254063,7.063893,2.5905488,-9.239327
1751444504131,1476254063,7.063893,2.5905488,-9.239327
1751444504148,1476270730,5.9733057,3.4609644,-7.540244
1751444504148,1476270730,5.9733057,3.4609644,-7.540244
1751444504164,1476287397,1.523584,2.8890743,-5.2003007
1751444504164,1476287397,1.523584,2.8890743,-5.2003007
1751444504181,1476304064,2.4697113,2.332903,-3.8519278
1751444504181,1476304064,2.4697113,2.332903,-3.8519278
1751444504198,1476320731,3.773876,3.5913417,-2.03236
1751444504198,1476320731,3.773876,3.5913417,-2.03236
1751444504214,1476337398,2.9448874,4.0878787,0.14710808
1751444504214,1476337398,2.9448874,4.0878787,0.14710808
1751444504231,1476354065,1.1129316,3.584871,1.0712128
1751444504231,1476354065,1.1129316,3.584871,1.0712128
1751444504248,1476370732,0.27726683,2.3907785,2.8704567
1751444504248,1476370732,0.27726683,2.3907785,2.8704567
1751444504264,1476387399,-0.0817711,1.5314537,4.618002
1751444504264,1476387399,-0.0817711,1.5314537,4.618002
1751444504281,1476404066,-2.0785503,1.1999105,5.0007772
1751444504281,1476404066,-2.0785503,1.1999105,5.0007772
1751444504298,1476420733,-1.1853194,0.07618618,5.7787523
1751444504298,1476420733,-1.1853194,0.07618618,5.7787523
1751444504314,1476437400,-1.1918718,-0.49000522,7.6292152
1751444504314,1476437400,-1.1918718,-0.49000522,7.6292152
1751444504331,1476454067,-4.720611,-2.0004454,8.522083
1751444504331,1476454067,-4.720611,-2.0004454,8.522083
1751444504348,1476470734,-7.4342284,-1.8781315,8.602678
1751444504348,1476470734,-7.4342284,-1.8781315,8.602678
1751444504364,1476487401,-11.935191,-2.034296,3.0995579
1751444504364,1476487401,-11.935191,-2.034296,3.0995579
1751444504381,1476504068,-12.510712,-4.2317376,-0.91749096
1751444504381,1476504068,-12.510712,-4.2317376,-0.91749096
1751444504398,1476520735,-17.25815,-6.208902,-5.1855097
1751444504398,1476520735,-17.25815,-6.208902,-5.1855097
1751444504414,1476537402,-27.72975,-4.3178887,-15.149546
1751444504414,1476537402,-27.72975,-4.3178887,-15.149546
1751444504431,1476554069,-17.442533,-7.498002,-10.063073
1751444504431,1476554069,-17.442533,-7.498002,-10.063073
1751444504448,1476570736,-7.111491,-8.436412,-2.6211014
1751444504448,1476570736,-7.111491,-8.436412,-2.6211014
1751444504464,1476587403,-9.508681,-8.519139,-4.7623987
1751444504464,1476587403,-9.508681,-8.519139,-4.7623987
1751444504481,1476604070,-1.1432456,-12.944118,2.0115986
1751444504481,1476604070,-1.1432456,-12.944118,2.0115986
1751444504498,1476620737,6.6367087,-1.5219682,5.5511036
1751444504498,1476620737,6.6367087,-1.5219682,5.5511036
1751444504514,1476637404,0.96567464,4.050704,9.759481
1751444504514,1476637404,0.96567464,4.050704,9.759481
1751444504531,1476654071,-11.530585,5.354471,-0.31389713
1751444504531,1476654071,-11.530585,5.354471,-0.31389713
1751444504548,1476670738,-10.752637,7.891387,-2.7863503
1751444504548,1476670738,-10.752637,7.891387,-2.7863503
1751444504564,1476687405,-4.3368855,2.4085176,0.577446
1751444504564,1476687405,-4.3368855,2.4085176,0.577446
1751444504581,1476704072,-3.3111987,0.36603174,2.0080137
1751444504581,1476704072,-3.3111987,0.36603174,2.0080137
1751444504598,1476720739,0.30948195,-1.3364253,-0.2772026
1751444504598,1476720739,0.30948195,-1.3364253,-0.2772026
1751444504614,1476737406,0.8036117,-2.1788049,-0.83030415
1751444504614,1476737406,0.8036117,-2.1788049,-0.83030415
1751444504631,1476754073,-0.9121249,-1.0400058,0.6351366
1751444504631,1476754073,-0.9121249,-1.0400058,0.6351366
1751444504648,1476770740,-1.7123643,0.024981596,0.2280941
1751444504648,1476770740,-1.7123643,0.024981596,0.2280941
1751444504664,1476787407,-1.3865047,0.3796556,0.83937836
1751444504664,1476787407,-1.3865047,0.3796556,0.83937836
1751444504681,1476804074,-0.8613697,0.2210912,0.88052464
1751444504681,1476804074,-0.8613697,0.2210912,0.88052464
1751444504698,1476820741,-0.8347243,-0.15641727,-0.19527149
1751444504698,1476820741,-0.8347243,-0.15641727,-0.19527149
1751444504714,1476837408,-0.37090668,-0.68285733,0.059783936
1751444504714,1476837408,-0.37090668,-0.68285733,0.059783936
1751444504731,1476854075,-0.25215378,-0.563408,0.37381935
1751444504731,1476854075,-0.25215378,-0.563408,0.37381935
1751444504748,1476870742,-0.3346451,-0.30902064,0.13156986
1751444504748,1476870742,-0.3346451,-0.30902064,0.13156986
1751444504764,1476887409,-0.6038338,-0.035314042,0.2199173
1751444504764,1476887409,-0.6038338,-0.035314042,0.2199173
1751444504781,1476904076,-0.45392722,-0.21489279,0.43327713
1751444504781,1476904076,-0.45392722,-0.21489279,0.43327713
1751444504798,1476920743,-0.3418052,-0.40494075,0.37859917
1751444504798,1476920743,-0.3418052,-0.40494075,0.37859917
1751444504814,1476937410,-0.49041378,-0.28892043,0.22336864
1751444504814,1476937410,-0.49041378,-0.28892043,0.22336864
1751444504831,1476954077,-0.844475,0.088569745,0.49554634
1751444504831,1476954077,-0.844475,0.088569745,0.49554634
1751444504848,1476970744,-0.6487291,-0.12136474,0.7200155
1751444504848,1476970744,-0.6487291,-0.12136474,0.7200155
1751444504864,1476987411,-0.43966374,-0.33162102,0.44637203
1751444504864,1476987411,-0.43966374,-0.33162102,0.44637203
1751444504881,1477004078,-0.3051204,-0.29362082,0.113451004
1751444504881,1477004078,-0.3051204,-0.29362082,0.113451004
1751444504898,1477020745,-0.67770493,-0.047075406,-0.06037903
1751444504898,1477020745,-0.67770493,-0.047075406,-0.06037903
1751444504914,1477037412,-0.52356106,-0.022246022,-0.14845276
1751444504914,1477037412,-0.52356106,-0.022246022,-0.14845276
1751444504931,1477054079,-0.17285506,-0.1774865,-0.025450706
1751444504931,1477054079,-0.17285506,-0.1774865,-0.025450706
1751444504948,1477070746,0.07744626,-0.071810246,0.2439642
1751444504948,1477070746,0.07744626,-0.071810246,0.2439642
1751444504964,1477087413,0.081412636,0.25889406,0.53458595
1751444504964,1477087413,0.081412636,0.25889406,0.53458595
1751444504981,1477104080,0.20001705,0.59764504,0.9883709
1751444504981,1477104080,0.20001705,0.59764504,0.9883709
1751444504998,1477120747,0.25665832,0.75308925,1.3302202
1751444504998,1477120747,0.25665832,0.75308925,1.3302202
1751444505014,1477137414,0.2321458,1.0010704,1.4360762
1751444505014,1477137414,0.2321458,1.0010704,1.4360762
1751444505031,1477154081,0.28122863,1.2263765,1.2943506
1751444505031,1477154081,0.28122863,1.2263765,1.2943506
1751444505048,1477170748,0.42414272,1.120766,1.3077698
1751444505048,1477170748,0.42414272,1.120766,1.3077698
1751444505064,1477187415,0.8332048,1.1123079,1.4993048
1751444505064,1477187415,0.8332048,1.1123079,1.4993048
1751444505081,1477204082,1.5841618,0.9704168,1.7520065
1751444505081,1477204082,1.5841618,0.9704168,1.7520065
1751444505098,1477220749,2.1453714,1.6764685,2.2479486
1751444505098,1477220749,2.1453714,1.6764685,2.2479486
1751444505114,1477237416,3.5547578,2.2560396,3.7272615
1751444505114,1477237416,3.5547578,2.2560396,3.7272615
1751444505131,1477254083,4.273131,2.813687,3.4174643
1751444505131,1477254083,4.273131,2.813687,3.4174643
1751444505148,1477270750,5.960786,4.1998825,2.8873072
1751444505148,1477270750,5.960786,4.1998825,2.8873072
1751444505164,1477287417,6.563364,6.3947034,2.7766476
1751444505164,1477287417,6.563364,6.3947034,2.7766476
1751444505181,1477304084,11.036557,6.663522,1.9263506
1751444505181,1477304084,11.036557,6.663522,1.9263506
1751444505198,1477320751,16.558165,2.4493864,-3.0134444
1751444505198,1477320751,16.558165,2.4493864,-3.0134444
1751444505214,1477337418,9.396311,-1.5118357,-3.7015805
1751444505214,1477337418,9.396311,-1.5118357,-3.7015805
1751444505231,1477354085,-6.3771253,-3.1694903,5.6487503
1751444505231,1477354085,-6.3771253,-3.1694903,5.6487503
1751444505248,1477370752,6.5522203,0.6297144,5.0888243
1751444505248,1477370752,6.5522203,0.6297144,5.0888243
1751444505264,1477387419,13.150939,-1.2464563,0.33463287
1751444505264,1477387419,13.150939,-1.2464563,0.33463287
1751444505281,1477404086,6.8252373,-1.2289488,-1.5213556
1751444505281,1477404086,6.8252373,-1.2289488,-1.5213556
1751444505298,1477420753,6.1627183,-1.9759274,-3.4354153
1751444505298,1477420753,6.1627183,-1.9759274,-3.4354153
1751444505314,1477437420,5.8381305,-2.9683754,-6.410988
1751444505314,1477437420,5.8381305,-2.9683754,-6.410988
1751444505331,1477454087,4.4263325,-1.9163847,-6.5023174
1751444505331,1477454087,4.4263325,-1.9163847,-6.5023174
1751444505348,1477470754,4.904708,1.7338291,-7.7595944
1751444505348,1477470754,4.904708,1.7338291,-7.7595944
1751444505364,1477487421,6.21062,2.2536623,-8.145616
1751444505364,1477487421,6.21062,2.2536623,-8.145616
1751444505381,1477504088,5.7834177,2.3730745,-8.741839
1751444505381,1477504088,5.7834177,2.3730745,-8.741839
1751444505398,1477520755,4.185283,1.7057555,-6.6448154
1751444505398,1477520755,4.185283,1.7057555,-6.6448154
1751444505414,1477537422,2.8039324,0.37296265,-5.1316557
1751444505414,1477537422,2.8039324,0.37296265,-5.1316557
1751444505431,1477554089,4.265132,0.41066432,-4.0133505
1751444505431,1477554089,4.265132,0.41066432,-4.0133505
1751444505448,1477570756,3.1240401,0.9988461,-1.7210398
1751444505448,1477570756,3.1240401,0.9988461,-1.7210398
1751444505464,1477587423,1.3993633,0.84461164,0.11132908
1751444505464,1477587423,1.3993633,0.84461164,0.11132908
1751444505481,1477604090,0.47323102,-0.19228975,2.331067
1751444505481,1477604090,0.47323102,-0.19228975,2.331067
1751444505498,1477620757,-0.12401281,-1.3202935,4.574918
1751444505498,1477620757,-0.12401281,-1.3202935,4.574918
1751444505514,1477637424,-1.9221128,-1.8557085,5.1897564
1751444505514,1477637424,-1.9221128,-1.8557085,5.1897564
1751444505531,1477654091,-3.451374,-1.897684,5.2523794
1751444505531,1477654091,-3.451374,-1.897684,5.2523794
1751444505548,1477670758,-2.8526845,-2.4576101,6.8792934
1751444505548,1477670758,-2.8526845,-2.4576101,6.8792934
1751444505564,1477687425,-4.6715984,-4.4184227,7.544588
1751444505564,1477687425,-4.6715984,-4.4184227,7.544588
1751444505581,1477704092,-8.024015,-5.860217,7.1790657
1751444505581,1477704092,-8.024015,-5.860217,7.1790657
1751444505598,1477720759,-9.446861,-5.7040176,4.938552
1751444505598,1477720759,-9.446861,-5.7040176,4.938552
1751444505614,1477737426,-15.872692,-2.913736,-0.4438238
1751444505614,1477737426,-15.872692,-2.913736,-0.4438238
1751444505631,1477754093,-19.702389,-6.873887,-6.2032557
1751444505631,1477754093,-19.702389,-6.873887,-6.2032557
1751444505648,1477770760,-23.553942,-6.8881474,-12.70501
1751444505648,1477770760,-23.553942,-6.8881474,-12.70501
1751444505664,1477787427,-14.793458,-4.51874,-7.5953636
1751444505664,1477787427,-14.793458,-4.51874,-7.5953636
1751444505681,1477804094,-9.862851,-4.56424,-4.0049458
1751444505681,1477804094,-9.862851,-4.56424,-4.0049458
1751444505698,1477820761,-9.099073,-2.827515,-2.7357655
1751444505698,1477820761,-9.099073,-2.827515,-2.7357655
1751444505714,1477837428,-2.9983113,-6.4407663,1.065382
1751444505714,1477837428,-2.9983113,-6.4407663,1.065382
1751444505731,1477854095,4.403921,-4.9625716,3.9824314
1751444505731,1477854095,4.403921,-4.9625716,3.9824314
1751444505748,1477870762,5.4879613,3.8108404,10.424793
1751444505748,1477870762,5.4879613,3.8108404,10.424793
1751444505764,1477887429,-16.846748,2.0868487,1.1663876
1751444505764,1477887429,-16.846748,2.0868487,1.1663876
1751444505781,1477904096,-13.076154,11.491389,0.29434586
1751444505781,1477904096,-13.076154,11.491389,0.29434586
1751444505798,1477920763,-7.1178246,6.5410514,1.6561298
1751444505798,1477920763,-7.1178246,6.5410514,1.6561298
1751444505814,1477937430,0.3058844,-2.6502194,-1.7394457
1751444505814,1477937430,0.3058844,-2.6502194,-1.7394457
1751444505831,1477954097,2.6466713,-3.0336492,-0.2568617
1751444505831,1477954097,2.6466713,-3.0336492,-0.2568617
1751444505848,1477970764,-0.3640984,-0.99128306,0.20994473
1751444505848,1477970764,-0.3640984,-0.99128306,0.20994473
1751444505864,1477987431,-1.2981329,-0.41729578,0.5383806
1751444505864,1477987431,-1.2981329,-0.41729578,0.5383806
1751444505881,1478004098,-1.4457629,0.10603589,-0.19973183
1751444505881,1478004098,-1.4457629,0.10603589,-0.19973183
1751444505898,1478020765,-1.1063867,-0.059994116,0.925272
1751444505898,1478020765,-1.1063867,-0.059994116,0.925272
1751444505914,1478037432,-0.5629695,0.21763322,1.2524538
1751444505914,1478037432,-0.5629695,0.21763322,1.2524538
1751444505931,1478054099,-0.5379873,-0.3704804,-0.9443388
1751444505931,1478054099,-0.5379873,-0.3704804,-0.9443388
1751444505948,1478070766,0.28875425,-1.2323687,-0.16565132
1751444505948,1478070766,0.28875425,-1.2323687,-0.16565132
1751444505964,1478087433,-0.35748452,-0.4327645,0.96490574
1751444505964,1478087433,-0.35748452,-0.4327645,0.96490574
1751444505981,1478104100,0.00061670016,-0.40116858,0.43415642
1751444505981,1478104100,0.00061670016,-0.40116858,0.43415642
1751444505998,1478120767,-0.44779298,-0.029055567,0.3112011
1751444505998,1478120767,-0.44779298,-0.029055567,0.3112011
1751444506014,1478137434,-0.8908641,0.1962095,0.64695644
1751444506014,1478137434,-0.8908641,0.1962095,0.64695644
1751444506031,1478154101,-0.30256432,-0.37418297,0.7206135
1751444506031,1478154101,-0.30256432,-0.37418297,0.7206135
1751444506048,1478170768,-0.36563656,-0.25062513,0.59035015
1751444506048,1478170768,-0.36563656,-0.25062513,0.59035015
1751444506064,1478187435,-0.44055754,0.10780751,0.84310055
1751444506064,1478187435,-0.44055754,0.10780751,0.84310055
1751444506081,1478204102,-0.6751174,0.22176687,0.8586979
1751444506081,1478204102,-0.6751174,0.22176687,0.8586979
1751444506098,1478220769,-0.044838656,0.06426277,0.7405958
1751444506098,1478220769,-0.044838656,0.06426277,0.7405958
1751444506114,1478237436,-0.4762033,-0.1892069,0.18360043
1751444506114,1478237436,-0.4762033,-0.1892069,0.18360043
1751444506131,1478254103,-0.34456298,-0.2856637,-0.07413578
1751444506131,1478254103,-0.34456298,-0.2856637,-0.07413578
1751444506148,1478270770,-0.22677231,-0.51853466,-0.43795776
1751444506148,1478270770,-0.22677231,-0.51853466,-0.43795776
1751444506164,1478287437,-0.12316919,-0.63208115,-0.4154501
1751444506164,1478287437,-0.12316919,-0.63208115,-0.4154501
1751444506181,1478304104,0.20834567,-0.5158691,-0.2524004
1751444506181,1478304104,0.20834567,-0.5158691,-0.2524004
1751444506198,1478320771,0.29449356,-0.16869512,0.18273067
1751444506198,1478320771,0.29449356,-0.16869512,0.18273067
1751444506214,1478337438,0.27429122,0.30116817,0.6378212
1751444506214,1478337438,0.27429122,0.30116817,0.6378212
1751444506231,1478354105,0.26824856,0.6449323,0.77377033
1751444506231,1478354105,0.26824856,0.6449323,0.77377033
1751444506248,1478370772,0.3750515,0.65961736,0.9918022
1751444506248,1478370772,0.3750515,0.65961736,0.9918022
1751444506264,1478387439,0.16940488,1.0072113,1.0963707
1751444506264,1478387439,0.16940488,1.0072113,1.0963707
1751444506281,1478404106,0.28289762,0.9295772,1.0493603
1751444506281,1478404106,0.28289762,0.9295772,1.0493603
1751444506298,1478420773,1.0944881,0.40122184,1.3007231
1751444506298,1478420773,1.0944881,0.40122184,1.3007231
1751444506314,1478437440,1.8686217,0.113925785,1.9768162
1751444506314,1478437440,1.8686217,0.113925785,1.9768162
1751444506331,1478454107,2.9497755,0.79313976,3.2457504
1751444506331,1478454107,2.9497755,0.79313976,3.2457504
1751444506348,1478470774,4.1026554,0.9809472,4.235384
1751444506348,1478470774,4.1026554,0.9809472,4.235384
1751444506364,1478487441,4.4822197,2.1265259,3.3104124
1751444506364,1478487441,4.4822197,2.1265259,3.3104124
1751444506381,1478504108,4.756366,3.1370509,2.6357908
1751444506381,1478504108,4.756366,3.1370509,2.6357908
1751444506398,1478520775,6.267345,2.5038977,2.4029083
1751444506398,1478520775,6.267345,2.5038977,2.4029083
1751444506414,1478537442,13.1105,0.6719533,-0.5894642
1751444506414,1478537442,13.1105,0.6719533,-0.5894642
1751444506431,1478554109,12.560997,-0.31586537,-3.0275908
1751444506431,1478554109,12.560997,-0.31586537,-3.0275908
1751444506448,1478570776,7.3832984,-0.38272882,-1.2262115
1751444506448,1478570776,7.3832984,-0.38272882,-1.2262115
1751444506464,1478587443,-0.64414173,-3.0506277,3.3519478
1751444506464,1478587443,-0.64414173,-3.0506277,3.3519478
1751444506481,1478604110,1.2019651,-1.5778216,4.450042
1751444506481,1478604110,1.2019651,-1.5778216,4.450042
1751444506498,1478620777,9.082745,0.7541156,-0.66878414
1751444506498,1478620777,9.082745,0.7541156,-0.66878414
1751444506514,1478637444,3.1516027,6.626316,-2.0662856
1751444506514,1478637444,3.1516027,6.626316,-2.0662856
1751444506531,1478654111,5.2989407,2.0013893,-5.5113034
1751444506531,1478654111,5.2989407,2.0013893,-5.5113034
1751444506548,1478670778,9.030289,0.31745812,-7.7201653
1751444506548,1478670778,9.030289,0.31745812,-7.7201653
1751444506564,1478687445,7.4934287,-0.06893821,-9.1087675
1751444506564,1478687445,7.4934287,-0.06893821,-9.1087675
1751444506581,1478704112,7.990783,0.06412598,-8.958142
1751444506581,1478704112,7.990783,0.06412598,-8.958142
1751444506598,1478720779,6.811465,1.3943743,-6.3420506
1751444506598,1478720779,6.811465,1.3943743,-6.3420506
1751444506614,1478737446,5.6229157,1.8977363,-5.3707128
1751444506614,1478737446,5.6229157,1.8977363,-5.3707128
1751444506631,1478754113,4.335171,2.4278533,-4.283729
1751444506631,1478754113,4.335171,2.4278533,-4.283729
1751444506648,1478770780,3.1992464,3.0111716,-2.709466
1751444506648,1478770780,3.1992464,3.0111716,-2.709466
1751444506664,1478787447,2.0262907,3.7275734,-0.6433821
1751444506664,1478787447,2.0262907,3.7275734,-0.6433821
1751444506681,1478804114,-0.48689055,4.2065544,1.6785555
1751444506681,1478804114,-0.48689055,4.2065544,1.6785555
1751444506698,1478820781,-1.6361828,3.502346,2.9080887
1751444506698,1478820781,-1.6361828,3.502346,2.9080887
1751444506714,1478837448,-0.530375,1.4748256,3.7960672
1751444506714,1478837448,-0.530375,1.4748256,3.7960672
1751444506731,1478854115,-1.1165806,0.18104549,4.1274986
1751444506731,1478854115,-1.1165806,0.18104549,4.1274986
1751444506748,1478870782,-0.78732485,-0.8672182,5.0331974
1751444506748,1478870782,-0.78732485,-0.8672182,5.0331974
1751444506764,1478887449,-0.09638885,-2.4161818,6.6695633
1751444506764,1478887449,-0.09638885,-2.4161818,6.6695633
1751444506781,1478904116,-1.7312125,-4.715037,8.289068
1751444506781,1478904116,-1.7312125,-4.715037,8.289068
1751444506798,1478920783,-4.923217,-6.229807,8.8109
1751444506798,1478920783,-4.923217,-6.229807,8.8109
1751444506814,1478937450,-8.727659,-6.4851847,5.869829
1751444506814,1478937450,-8.727659,-6.4851847,5.869829
1751444506831,1478954117,-15.183024,-2.5912917,3.0103998
1751444506831,1478954117,-15.183024,-2.5912917,3.0103998
1751444506848,1478970784,-22.927647,-6.6464043,-7.8098993
1751444506848,1478970784,-22.927647,-6.6464043,-7.8098993
1751444506864,1478987451,-24.329252,-6.7544327,-16.559563
1751444506864,1478987451,-24.329252,-6.7544327,-16.559563
1751444506881,1479004118,-14.412004,-7.3824563,-9.012189
1751444506881,1479004118,-14.412004,-7.3824563,-9.012189
1751444506898,1479020785,-7.649479,-8.921245,-3.3165917
1751444506898,1479020785,-7.649479,-8.921245,-3.3165917
1751444506914,1479037452,-6.1329575,-5.9916325,-2.904583
1751444506914,1479037452,-6.1329575,-5.9916325,-2.904583
1751444506931,1479054119,-5.683039,-3.5547488,-1.066659
1751444506931,1479054119,-5.683039,-3.5547488,-1.066659
1751444506948,1479070786,14.017429,1.1980276,9.983055
1751444506948,1479070786,14.017429,1.1980276,9.983055
1751444506964,1479087453,-0.44882554,-9.20966,6.9800644
1751444506964,1479087453,-0.44882554,-9.20966,6.9800644
1751444506981,1479104120,-18.997221,5.0675,-8.386757
1751444506981,1479104120,-18.997221,5.0675,-8.386757
1751444506998,1479120787,-0.26050648,3.3475058,8.546993
1751444506998,1479120787,-0.26050648,3.3475058,8.546993
1751444507014,1479137454,-13.29582,9.195913,-5.594746
1751444507014,1479137454,-13.29582,9.195913,-5.594746
1751444507031,1479154121,-5.312929,3.8681438,5.703514
1751444507031,1479154121,-5.312929,3.8681438,5.703514
1751444507048,1479170788,2.0277596,-2.0964184,-2.2557845
1751444507048,1479170788,2.0277596,-2.0964184,-2.2557845
1751444507064,1479187455,3.8199432,-3.7771525,-0.33720016
1751444507064,1479187455,3.8199432,-3.7771525,-0.33720016
1751444507081,1479204122,-1.1245575,-1.177966,-0.4440937
1751444507081,1479204122,-1.1245575,-1.177966,-0.4440937
1751444507098,1479220789,-1.4266928,0.05911381,0.43250656
1751444507098,1479220789,-1.4266928,0.05911381,0.43250656
1751444507114,1479237456,-1.7034781,0.3876403,-0.23682976
1751444507114,1479237456,-1.7034781,0.3876403,-0.23682976
1751444507131,1479254123,-1.3033414,0.7079105,0.84965324
1751444507131,1479254123,-1.3033414,0.7079105,0.84965324
1751444507148,1479270790,-0.22883041,-0.09348055,0.3952341
1751444507148,1479270790,-0.22883041,-0.09348055,0.3952341
1751444507164,1479287457,0.1709911,-0.98823893,-0.27824402
1751444507164,1479287457,0.1709911,-0.98823893,-0.27824402
1751444507181,1479304124,-0.09639439,-1.0911657,-0.068193436
1751444507181,1479304124,-0.09639439,-1.0911657,-0.068193436
1751444507198,1479320791,-0.50619745,-0.62373894,0.35374355
1751444507198,1479320791,-0.50619745,-0.62373894,0.35374355
1751444507214,1479337458,-0.63361835,-0.2087996,0.49277592
1751444507214,1479337458,-0.63361835,-0.2087996,0.49277592
1751444507231,1479354125,-0.45914084,-0.22716253,0.25817776
1751444507231,1479354125,-0.45914084,-0.22716253,0.25817776
1751444507248,1479370792,-0.6154629,-0.09772875,0.5150814
1751444507248,1479370792,-0.6154629,-0.09772875,0.5150814
1751444507264,1479387459,-0.5658022,-0.1315818,0.4846754
1751444507264,1479387459,-0.5658022,-0.1315818,0.4846754
1751444507281,1479404126,-0.29874516,-0.24558027,0.12687588
1751444507281,1479404126,-0.29874516,-0.24558027,0.12687588
1751444507298,1479420793,-0.1750787,-0.23740429,0.07611084
1751444507298,1479420793,-0.1750787,-0.23740429,0.07611084
1751444507314,1479437460,-0.17263624,-0.24534145,0.22052002
1751444507314,1479437460,-0.17263624,-0.24534145,0.22052002
1751444507331,1479454127,-0.09336227,-0.32650778,0.035404205
1751444507331,1479454127,-0.09336227,-0.32650778,0.035404205
1751444507348,1479470794,-0.17086947,-0.40348396,-0.17450237
1751444507348,1479470794,-0.17086947,-0.40348396,-0.17450237
1751444507364,1479487461,-0.49367478,-0.31826082,-0.27864456
1751444507364,1479487461,-0.49367478,-0.31826082,-0.27864456
1751444507381,1479504128,-0.5279936,-0.44881794,-0.40778255
1751444507381,1479504128,-0.5279936,-0.44881794,-0.40778255
1751444507398,1479520795,-0.48606825,-0.5686821,-0.59459686
1751444507398,1479520795,-0.48606825,-0.5686821,-0.59459686
1751444507414,1479537462,-0.43341175,-0.5163531,-0.48596382
1751444507414,1479537462,-0.43341175,-0.5163531,-0.48596382
1751444507431,1479554129,-0.3067305,-0.3707862,-0.08410835
1751444507431,1479554129,-0.3067305,-0.3707862,-0.08410835
1751444507448,1479570796,-0.4027582,-0.11418858,0.23444843
1751444507448,1479570796,-0.4027582,-0.11418858,0.23444843
1751444507464,1479587463,-0.43014547,0.09640371,0.084285736
1751444507464,1479587463,-0.43014547,0.09640371,0.084285736
1751444507481,1479604130,0.34466788,-0.16942857,0.00042438507
1751444507481,1479604130,0.34466788,-0.16942857,0.00042438507
1751444507498,1479620797,0.22011018,-0.11840767,0.20599747
1751444507498,1479620797,0.22011018,-0.11840767,0.20599747
1751444507514,1479637464,0.025033172,-0.066755444,0.40174675
1751444507514,1479637464,0.025033172,-0.066755444,0.40174675
1751444507531,1479654131,0.2947027,-0.44011787,0.18104362
1751444507531,1479654131,0.2947027,-0.44011787,0.18104362
1751444507548,1479670798,0.20571598,-0.52063817,0.5307579
1751444507548,1479670798,0.20571598,-0.52063817,0.5307579
1751444507564,1479687465,0.2621469,-0.71857464,0.751606
1751444507564,1479687465,0.2621469,-0.71857464,0.751606
1751444507581,1479704132,-0.12184859,-0.35777622,0.4504137
1751444507581,1479704132,-0.12184859,-0.35777622,0.4504137
1751444507598,1479720799,-0.5518305,0.16849524,0.5952587
1751444507598,1479720799,-0.5518305,0.16849524,0.5952587
1751444507614,1479737466,-0.3509713,0.32424712,1.369523
1751444507614,1479737466,-0.3509713,0.32424712,1.369523
1751444507631,1479754133,1.502264,-1.1390414,1.5205059
1751444507631,1479754133,1.502264,-1.1390414,1.5205059
1751444507648,1479770800,-0.6250622,0.14653935,1.9369535
1751444507648,1479770800,-0.6250622,0.14653935,1.9369535
1751444507664,1479787467,0.6960902,0.9081993,2.158389
1751444507664,1479787467,0.6960902,0.9081993,2.158389
1751444507681,1479804134,0.16988778,0.2889258,1.1850853
1751444507681,1479804134,0.16988778,0.2889258,1.1850853
1751444507698,1479820801,0.9349417,0.56786853,0.98265934
1751444507698,1479820801,0.9349417,0.56786853,0.98265934
1751444507714,1479837468,0.4282848,0.35153738,0.421278
1751444507714,1479837468,0.4282848,0.35153738,0.421278
1751444507731,1479854135,0.7418446,0.3478959,0.36212444
1751444507731,1479854135,0.7418446,0.3478959,0.36212444
1751444507748,1479870802,1.4273832,0.43618152,0.2991085
1751444507748,1479870802,1.4273832,0.43618152,0.2991085
1751444507764,1479887469,0.4778481,0.62161255,0.3792572
1751444507764,1479887469,0.4778481,0.62161255,0.3792572
1751444507781,1479904136,-0.13850717,0.40146458,-0.6020613
1751444507781,1479904136,-0.13850717,0.40146458,-0.6020613
1751444507798,1479920803,-1.0893167,-0.28049925,-0.95575047
1751444507798,1479920803,-1.0893167,-0.28049925,-0.95575047
1751444507814,1479937470,-1.8005508,-0.9999967,-0.92745113
1751444507814,1479937470,-1.8005508,-0.9999967,-0.92745113
1751444507831,1479954137,-1.4482434,-1.8110412,-0.88866615
1751444507831,1479954137,-1.4482434,-1.8110412,-0.88866615
1751444507848,1479970804,-0.66947484,-2.4029768,-0.9369211
1751444507848,1479970804,-0.66947484,-2.4029768,-0.9369211
1751444507864,1479987471,-0.38242802,-3.1369662,-1.0344
1751444507864,1479987471,-0.38242802,-3.1369662,-1.0344
1751444507881,1480004138,-0.0539553,-4.1971846,-0.8260546
1751444507881,1480004138,-0.0539553,-4.1971846,-0.8260546
1751444507898,1480020805,1.2434192,-4.3133583,-0.69089985
1751444507898,1480020805,1.2434192,-4.3133583,-0.69089985
1751444507914,1480037472,1.7746247,-3.782279,-0.55561924
1751444507914,1480037472,1.7746247,-3.782279,-0.55561924
1751444507931,1480054139,2.6367261,-3.311156,-0.5663948
1751444507931,1480054139,2.6367261,-3.311156,-0.5663948
1751444507948,1480070806,3.1827207,-3.0134785,-0.82436275
1751444507948,1480070806,3.1827207,-3.0134785,-0.82436275
1751444507964,1480087473,3.4749358,-2.480849,-1.0669508
1751444507964,1480087473,3.4749358,-2.480849,-1.0669508
1751444507981,1480104140,3.511262,-1.440698,-1.1144953
1751444507981,1480104140,3.511262,-1.440698,-1.1144953
1751444507998,1480120807,2.6008956,-0.66605073,-1.1646729
1751444507998,1480120807,2.6008956,-0.66605073,-1.1646729
1751444508014,1480137474,3.0200093,-0.15686172,-1.440012
1751444508014,1480137474,3.0200093,-0.15686172,-1.440012
1751444508031,1480154141,2.931119,0.22034186,-1.4031439
1751444508031,1480154141,2.931119,0.22034186,-1.4031439
1751444508048,1480170808,1.7475315,0.48661298,-1.1351538
1751444508048,1480170808,1.7475315,0.48661298,-1.1351538
1751444508064,1480187475,0.63023746,1.1135385,-0.78334427
1751444508064,1480187475,0.63023746,1.1135385,-0.78334427
1751444508081,1480204142,-0.5199135,1.8233467,-0.4948721
1751444508081,1480204142,-0.5199135,1.8233467,-0.4948721
1751444508098,1480220809,-1.5440351,3.0178401,-0.10275841
1751444508098,1480220809,-1.5440351,3.0178401,-0.10275841
1751444508114,1480237476,-3.7081711,3.7124968,0.34964657
1751444508114,1480237476,-3.7081711,3.7124968,0.34964657
1751444508131,1480254143,-5.577666,3.9681633,0.8516884
1751444508131,1480254143,-5.577666,3.9681633,0.8516884
1751444508148,1480270810,-5.7825446,2.8733506,1.3318319
1751444508148,1480270810,-5.7825446,2.8733506,1.3318319
1751444508164,1480287477,-5.2634134,0.87065697,1.6201096
1751444508164,1480287477,-5.2634134,0.87065697,1.6201096
1751444508181,1480304144,-8.381908,-2.7576492,2.6422997
1751444508181,1480304144,-8.381908,-2.7576492,2.6422997
1751444508198,1480320811,-12.3748455,-10.464159,6.6364536
1751444508198,1480320811,-12.3748455,-10.464159,6.6364536
1751444508214,1480337478,-0.18485549,1.9098456,2.3213053
1751444508214,1480337478,-0.18485549,1.9098456,2.3213053
1751444508231,1480354145,2.634913,4.2355185,-2.9989676
1751444508231,1480354145,2.634913,4.2355185,-2.9989676
1751444508248,1480370812,-4.7862296,-5.238709,1.2054749
1751444508248,1480370812,-4.7862296,-5.238709,1.2054749
1751444508264,1480387479,-2.9261227,-4.452475,1.045701
1751444508264,1480387479,-2.9261227,-4.452475,1.045701
1751444508281,1480404146,-1.7987281,-1.4596595,1.3141956
1751444508281,1480404146,-1.7987281,-1.4596595,1.3141956
1751444508298,1480420813,-3.259733,-5.0167794,0.9549484
1751444508298,1480420813,-3.259733,-5.0167794,0.9549484
1751444508314,1480437480,-0.86510646,-0.99287134,0.048192978
1751444508314,1480437480,-0.86510646,-0.99287134,0.048192978
1751444508331,1480454147,-0.51806504,1.6576912,-0.4801445
1751444508331,1480454147,-0.51806504,1.6576912,-0.4801445
1751444508348,1480470814,-0.7896239,2.5799499,-0.58185196
1751444508348,1480470814,-0.7896239,2.5799499,-0.58185196
1751444508364,1480487481,-1.6314126,3.4289227,-0.1806078
1751444508364,1480487481,-1.6314126,3.4289227,-0.1806078
1751444508381,1480504148,-2.1917408,3.1576242,-0.47053146
1751444508381,1480504148,-2.1917408,3.1576242,-0.47053146
1751444508398,1480520815,-2.3528695,2.3786116,-0.4134636
1751444508398,1480520815,-2.3528695,2.3786116,-0.4134636
1751444508414,1480537482,-2.0411596,1.1165465,-0.026254654
1751444508414,1480537482,-2.0411596,1.1165465,-0.026254654
1751444508431,1480554149,-0.9547861,0.64174277,0.111130714
1751444508431,1480554149,-0.9547861,0.64174277,0.111130714
1751444508448,1480570816,0.43655077,-0.06855433,0.12450123
1751444508448,1480570816,0.43655077,-0.06855433,0.12450123
1751444508464,1480587483,1.7421092,-1.6184219,-0.47807598
1751444508464,1480587483,1.7421092,-1.6184219,-0.47807598
1751444508481,1480604150,2.8966792,-1.4934896,-0.83623886
1751444508481,1480604150,2.8966792,-1.4934896,-0.83623886
1751444508498,1480620817,3.8274105,-0.27745947,-1.0038137
1751444508498,1480620817,3.8274105,-0.27745947,-1.0038137
1751444508514,1480637484,4.7172112,1.5174434,-1.6925039
1751444508514,1480637484,4.7172112,1.5174434,-1.6925039
1751444508531,1480654151,5.456823,3.6608171,-2.5361557
1751444508531,1480654151,5.456823,3.6608171,-2.5361557
1751444508548,1480670818,4.9920163,4.792771,-2.6234875
1751444508548,1480670818,4.9920163,4.792771,-2.6234875
1751444508564,1480687485,4.784539,3.9063714,-2.8142238
1751444508564,1480687485,4.784539,3.9063714,-2.8142238
1751444508581,1480704152,4.4540896,3.7993536,-2.2765312
1751444508581,1480704152,4.4540896,3.7993536,-2.2765312
1751444508598,1480720819,4.1613593,3.9242241,-1.6559916
1751444508598,1480720819,4.1613593,3.9242241,-1.6559916
1751444508614,1480737486,3.327161,3.6060066,-1.6963558
1751444508614,1480737486,3.327161,3.6060066,-1.6963558
1751444508631,1480754153,0.922476,-1.0027131,-0.17873478
1751444508631,1480754153,0.922476,-1.0027131,-0.17873478
1751444508648,1480770820,1.4205229,-3.98354,-2.8375163
1751444508648,1480770820,1.4205229,-3.98354,-2.8375163
1751444508664,1480787487,-3.6101897,-3.6946278,1.964922
1751444508664,1480787487,-3.6101897,-3.6946278,1.964922
1751444508681,1480804154,-2.7166727,-3.086821,7.8272514
1751444508681,1480804154,-2.7166727,-3.086821,7.8272514
1751444508698,1480820821,9.707862,-5.924808,2.5422506
1751444508698,1480820821,9.707862,-5.924808,2.5422506
1751444508714,1480837488,-4.101509,6.927911,1.7697744
1751444508714,1480837488,-4.101509,6.927911,1.7697744
1751444508731,1480854155,0.4821921,2.1899168,-3.9865189
1751444508731,1480854155,0.4821921,2.1899168,-3.9865189
1751444508748,1480870822,0.61036515,0.40942976,-0.20924187
1751444508748,1480870822,0.61036515,0.40942976,-0.20924187
1751444508764,1480887489,0.79004633,-0.5087895,0.17386341
1751444508764,1480887489,0.79004633,-0.5087895,0.17386341
1751444508781,1480904156,1.1468195,-1.5069233,0.1810093
1751444508781,1480904156,1.1468195,-1.5069233,0.1810093
1751444508798,1480920823,0.8136497,-2.0457873,0.68893147
1751444508798,1480920823,0.8136497,-2.0457873,0.68893147
1751444508814,1480937490,0.7761349,-0.93330646,-0.7063446
1751444508814,1480937490,0.7761349,-0.93330646,-0.7063446
1751444508831,1480954157,0.59531426,0.3414419,-0.03182888
1751444508831,1480954157,0.59531426,0.3414419,-0.03182888
1751444508848,1480970824,0.8707868,-0.094879836,0.56876755
1751444508848,1480970824,0.8707868,-0.094879836,0.56876755
1751444508864,1480987491,0.797534,0.060382694,0.46493053
1751444508864,1480987491,0.797534,0.060382694,0.46493053
1751444508881,1481004158,0.5836911,0.058136348,-0.09871006
1751444508881,1481004158,0.5836911,0.058136348,-0.09871006
1751444508898,1481020825,0.5033749,-0.068729065,-0.07452202
1751444508898,1481020825,0.5033749,-0.068729065,-0.07452202
1751444508914,1481037492,0.42061338,-0.31406236,0.21061897
1751444508914,1481037492,0.42061338,-0.31406236,0.21061897
1751444508931,1481054159,0.60566336,-0.291482,0.20459843
1751444508931,1481054159,0.60566336,-0.291482,0.20459843
1751444508948,1481070826,0.7499584,0.21877459,0.18369389
1751444508948,1481070826,0.7499584,0.21877459,0.18369389
1751444508964,1481087493,0.57133937,0.5622271,0.23252869
1751444508964,1481087493,0.57133937,0.5622271,0.23252869
1751444508981,1481104160,0.6021095,0.11065123,0.23532295
1751444508981,1481104160,0.6021095,0.11065123,0.23532295
1751444508998,1481120827,0.65860283,-0.3388766,0.27302265
1751444508998,1481120827,0.65860283,-0.3388766,0.27302265
1751444509014,1481137494,0.6754405,-0.27378488,0.3040905
1751444509014,1481137494,0.6754405,-0.27378488,0.3040905
1751444509031,1481154161,0.66752946,-0.08610499,0.24594021
1751444509031,1481154161,0.66752946,-0.08610499,0.24594021
1751444509048,1481170828,0.6654562,-0.013880196,0.16000652
1751444509048,1481170828,0.6654562,-0.013880196,0.16000652
1751444509064,1481187495,0.59095216,0.11196645,0.047721863
1751444509064,1481187495,0.59095216,0.11196645,0.047721863
1751444509081,1481204162,0.5018018,0.17139527,0.026161194
1751444509081,1481204162,0.5018018,0.17139527,0.026161194
1751444509098,1481220829,0.3813377,0.14657041,0.038555145
1751444509098,1481220829,0.3813377,0.14657041,0.038555145
1751444509114,1481237496,0.35161448,0.021077886,-0.024794579
1751444509114,1481237496,0.35161448,0.021077886,-0.024794579
1751444509131,1481254163,0.24656609,0.2734875,-0.029515266
1751444509131,1481254163,0.24656609,0.2734875,-0.029515266
1751444509148,1481270830,0.36697027,0.2781531,-0.10578346
1751444509148,1481270830,0.36697027,0.2781531,-0.10578346
1751444509164,1481287497,0.33779067,0.4010359,-0.040376663
1751444509164,1481287497,0.33779067,0.4010359,-0.040376663
1751444509181,1481304164,0.3067961,0.3631672,-0.01617527
1751444509181,1481304164,0.3067961,0.3631672,-0.01617527
1751444509198,1481320831,0.19830874,0.3419498,0.0799942
1751444509198,1481320831,0.19830874,0.3419498,0.0799942
1751444509214,1481337498,0.3021131,0.09319915,-0.019465446
1751444509214,1481337498,0.3021131,0.09319915,-0.019465446
1751444509231,1481354165,0.22120318,0.39881876,0.011207581
1751444509231,1481354165,0.22120318,0.39881876,0.011207581
1751444509248,1481370832,0.32668117,0.44211975,-0.016448021
1751444509248,1481370832,0.32668117,0.44211975,-0.016448021
1751444509264,1481387499,0.23684193,0.47114894,0.014501572
1751444509264,1481387499,0.23684193,0.47114894,0.014501572
1751444509281,1481404166,0.1545534,0.6528617,-0.012981415
1751444509281,1481404166,0.1545534,0.6528617,-0.012981415
1751444509298,1481420833,0.2503667,0.30162194,0.017303467
1751444509298,1481420833,0.2503667,0.30162194,0.017303467
1751444509314,1481437500,0.094596945,0.48913535,0.039853096
1751444509314,1481437500,0.094596945,0.48913535,0.039853096
1751444509331,1481454167,0.24978511,0.0675726,0.106324196
1751444509331,1481454167,0.24978511,0.0675726,0.106324196
1751444509348,1481470834,0.059099507,0.2876277,0.26096916
1751444509348,1481470834,0.059099507,0.2876277,0.26096916
1751444509364,1481487501,0.13101569,0.25154343,0.21096802
1751444509364,1481487501,0.13101569,0.25154343,0.21096802
1751444509381,1481504168,-0.050042316,0.3665298,0.38182163
1751444509381,1481504168,-0.050042316,0.3665298,0.38182163
1751444509398,1481520835,0.054069124,-0.09155297,0.57333183
1751444509398,1481520835,0.054069124,-0.09155297,0.57333183
1751444509414,1481537502,1.4199295,1.7970102,0.5309849
1751444509414,1481537502,1.4199295,1.7970102,0.5309849
1751444509431,1481554169,-1.6474411,-0.70926315,1.7660818
1751444509431,1481554169,-1.6474411,-0.70926315,1.7660818
1751444509448,1481570836,-0.7548283,-1.5247068,1.8164577
1751444509448,1481570836,-0.7548283,-1.5247068,1.8164577
1751444509464,1481587503,-0.07334175,-1.2627884,1.6783733
1751444509464,1481587503,-0.07334175,-1.2627884,1.6783733
1751444509481,1481604170,-1.294946,-1.4175472,2.0729904
1751444509481,1481604170,-1.294946,-1.4175472,2.0729904
1751444509498,1481620837,-1.3384533,-0.8790691,1.9559698
1751444509498,1481620837,-1.3384533,-0.8790691,1.9559698
1751444509514,1481637504,-2.580479,-1.1814746,2.5772257
1751444509514,1481637504,-2.580479,-1.1814746,2.5772257
1751444509531,1481654171,-3.8065257,0.4132146,4.3561087
1751444509531,1481654171,-3.8065257,0.4132146,4.3561087
1751444509548,1481670838,-4.6811347,-0.9822425,3.5952902
1751444509548,1481670838,-4.6811347,-0.9822425,3.5952902
1751444509564,1481687505,-5.5236506,-1.665797,3.0926762
1751444509564,1481687505,-5.5236506,-1.665797,3.0926762
1751444509581,1481704172,-8.059193,-2.059393,3.971139
1751444509581,1481704172,-8.059193,-2.059393,3.971139
1751444509598,1481720839,-10.86346,-3.935833,4.3952093
1751444509598,1481720839,-10.86346,-3.935833,4.3952093
1751444509614,1481737506,-11.9141245,-2.6116438,1.6407642
1751444509614,1481737506,-11.9141245,-2.6116438,1.6407642
1751444509631,1481754173,-9.581663,3.9279175,-2.9787388
1751444509631,1481754173,-9.581663,3.9279175,-2.9787388
1751444509648,1481770840,-2.696025,5.6279616,-2.140275
1751444509648,1481770840,-2.696025,5.6279616,-2.140275
1751444509664,1481787507,3.0347376,1.4711206,1.6078453
1751444509664,1481787507,3.0347376,1.4711206,1.6078453
1751444509681,1481804174,-6.0621495,2.9508553,0.76801014
1751444509681,1481804174,-6.0621495,2.9508553,0.76801014
1751444509698,1481820841,-4.817625,1.0049561,0.15763378
1751444509698,1481820841,-4.817625,1.0049561,0.15763378
1751444509714,1481837508,-3.9315195,3.1757767,-0.8908329
1751444509714,1481837508,-3.9315195,3.1757767,-0.8908329
1751444509731,1481854175,-4.4413824,6.9638834,-6.8138523
1751444509731,1481854175,-4.4413824,6.9638834,-6.8138523
1751444509748,1481870842,-5.934723,4.5853252,-11.100293
1751444509748,1481870842,-5.934723,4.5853252,-11.100293
1751444509764,1481887509,-7.078788,0.49826255,-10.231183
1751444509764,1481887509,-7.078788,0.49826255,-10.231183
1751444509781,1481904176,-6.1257954,-2.4444764,-8.253674
1751444509781,1481904176,-6.1257954,-2.4444764,-8.253674
1751444509798,1481920843,-1.4842137,-3.3330305,-6.3766084
1751444509798,1481920843,-1.4842137,-3.3330305,-6.3766084
1751444509814,1481937510,-2.406564,-2.0669026,-6.381507
1751444509814,1481937510,-2.406564,-2.0669026,-6.381507
1751444509831,1481954177,-4.9767947,-2.0027194,-4.9557524
1751444509831,1481954177,-4.9767947,-2.0027194,-4.9557524
1751444509848,1481970844,-4.9293833,-2.7161224,-3.185308
1751444509848,1481970844,-4.9293833,-2.7161224,-3.185308
1751444509864,1481987511,-4.2321563,-3.4005218,-1.1369638
1751444509864,1481987511,-4.2321563,-3.4005218,-1.1369638
1751444509881,1482004178,-2.6762834,-4.03312,1.4108477
1751444509881,1482004178,-2.6762834,-4.03312,1.4108477
1751444509898,1482020845,-1.3276625,-3.8184896,3.5514812
1751444509898,1482020845,-1.3276625,-3.8184896,3.5514812
1751444509914,1482037512,-0.06538201,-2.620839,5.52594
1751444509914,1482037512,-0.06538201,-2.620839,5.52594
1751444509931,1482054179,0.6195739,-1.8150824,6.6745815
1751444509931,1482054179,0.6195739,-1.8150824,6.6745815
1751444509948,1482070846,1.787565,0.10977571,7.2823944
1751444509948,1482070846,1.787565,0.10977571,7.2823944
1751444509964,1482087513,3.7595885,1.4764766,7.79035
1751444509964,1482087513,3.7595885,1.4764766,7.79035
1751444509981,1482104180,5.531642,1.7879398,8.488764
1751444509981,1482104180,5.531642,1.7879398,8.488764
1751444509998,1482120847,7.5464277,1.600268,6.5711784
1751444509998,1482120847,7.5464277,1.600268,6.5711784
1751444510014,1482137514,9.301992,0.41565296,3.2993422
1751444510014,1482137514,9.301992,0.41565296,3.2993422
1751444510031,1482154181,10.241004,0.90775347,1.5581694
1751444510031,1482154181,10.241004,0.90775347,1.5581694
1751444510048,1482170848,12.416412,2.5428467,-1.3427305
1751444510048,1482170848,12.416412,2.5428467,-1.3427305
1751444510064,1482187515,16.719759,2.9121938,-9.365441
1751444510064,1482187515,16.719759,2.9121938,-9.365441
1751444510081,1482204182,17.042103,1.6632279,-11.214145
1751444510081,1482204182,17.042103,1.6632279,-11.214145
1751444510098,1482220849,8.3857975,4.4597907,-4.3138137
1751444510098,1482220849,8.3857975,4.4597907,-4.3138137
1751444510114,1482237516,5.1924057,3.4683287,-2.224379
1751444510114,1482237516,5.1924057,3.4683287,-2.224379
1751444510131,1482254183,6.303855,1.402358,-2.875342
1751444510131,1482254183,6.303855,1.402358,-2.875342
1751444510148,1482270850,8.93742,2.0658677,-3.9681416
1751444510148,1482270850,8.93742,2.0658677,-3.9681416
1751444510164,1482287517,9.236775,0.83200616,-3.2636294
1751444510164,1482287517,9.236775,0.83200616,-3.2636294
1751444510181,1482304184,5.9292173,-0.13855596,-2.4135656
1751444510181,1482304184,5.9292173,-0.13855596,-2.4135656
1751444510198,1482320851,5.056603,1.292465,-2.5121088
1751444510198,1482320851,5.056603,1.292465,-2.5121088
1751444510214,1482337518,-4.8332005,5.5258784,2.5988445
1751444510214,1482337518,-4.8332005,5.5258784,2.5988445
1751444510231,1482354185,-3.7865481,3.9386506,2.2706928
1751444510231,1482354185,-3.7865481,3.9386506,2.2706928
1751444510248,1482370852,-2.352072,3.447012,2.0480995
1751444510248,1482370852,-2.352072,3.447012,2.0480995
1751444510264,1482387519,-7.5370893,-1.1488302,14.402374
1751444510264,1482387519,-7.5370893,-1.1488302,14.402374
1751444510281,1482404186,19.738607,-10.8064785,-1.3295002
1751444510281,1482404186,19.738607,-10.8064785,-1.3295002
1751444510298,1482420853,6.999862,-9.936083,4.0249166
1751444510298,1482420853,6.999862,-9.936083,4.0249166
1751444510314,1482437520,-3.6712382,3.8209727,-6.0232334
1751444510314,1482437520,-3.6712382,3.8209727,-6.0232334
1751444510331,1482454187,-4.243777,5.13896,0.15892982
1751444510331,1482454187,-4.243777,5.13896,0.15892982
1751444510348,1482470854,-0.7064538,1.6543901,0.7074852
1751444510348,1482470854,-0.7064538,1.6543901,0.7074852
1751444510364,1482487521,0.72689277,0.68986684,-0.71594524
1751444510364,1482487521,0.72689277,0.68986684,-0.71594524
1751444510381,1482504188,0.66139716,0.26603183,0.18572712
1751444510381,1482504188,0.66139716,0.26603183,0.18572712
1751444510398,1482520855,1.9982849,-0.97142744,0.7080326
1751444510398,1482520855,1.9982849,-0.97142744,0.7080326
1751444510414,1482537522,1.2151719,-1.0356557,0.43720436
1751444510414,1482537522,1.2151719,-1.0356557,0.43720436
1751444510431,1482554189,0.48418763,0.18493071,0.3141327
1751444510431,1482554189,0.48418763,0.18493071,0.3141327
1751444510448,1482570856,-0.56246233,1.3796085,0.13998508
1751444510448,1482570856,-0.56246233,1.3796085,0.13998508
1751444510464,1482587523,0.29797763,0.9046668,0.13317966
1751444510464,1482587523,0.29797763,0.9046668,0.13317966
1751444510481,1482604190,0.884059,0.079647504,0.26182365
1751444510481,1482604190,0.884059,0.079647504,0.26182365
1751444510498,1482620857,0.69855845,-0.14897764,0.6674423
1751444510498,1482620857,0.69855845,-0.14897764,0.6674423
1751444510514,1482637524,0.90438706,-0.4530411,0.5777817
1751444510514,1482637524,0.90438706,-0.4530411,0.5777817
1751444510531,1482654191,0.88355833,-0.19033805,0.154253
1751444510531,1482654191,0.88355833,-0.19033805,0.154253
1751444510548,1482670858,-0.26241717,0.8142879,0.3365879
1751444510548,1482670858,-0.26241717,0.8142879,0.3365879
1751444510564,1482687525,0.03609064,0.5220708,0.19117832
1751444510564,1482687525,0.03609064,0.5220708,0.19117832
1751444510581,1482704192,0.20657827,0.16244675,0.24675083
1751444510581,1482704192,0.20657827,0.16244675,0.24675083
1751444510598,1482720859,0.39779943,-0.17613503,0.4369297
1751444510598,1482720859,0.39779943,-0.17613503,0.4369297
1751444510614,1482737526,0.3477741,-0.10933628,0.49975395
1751444510614,1482737526,0.3477741,-0.10933628,0.49975395
1751444510631,1482754193,0.42530358,-0.08206893,0.40694904
1751444510631,1482754193,0.42530358,-0.08206893,0.40694904
1751444510648,1482770860,0.5587851,0.14741898,0.2726841
1751444510648,1482770860,0.5587851,0.14741898,0.2726841
1751444510664,1482787527,-0.121352784,0.43484512,-0.028763771
1751444510664,1482787527,-0.121352784,0.43484512,-0.028763771
1751444510681,1482804194,0.5141522,0.8346986,-0.48470974
1751444510681,1482804194,0.5141522,0.8346986,-0.48470974
1751444510698,1482820861,0.10765234,0.49483344,-0.108431816
1751444510698,1482820861,0.10765234,0.49483344,-0.108431816
1751444510714,1482837528,-0.021213615,0.59388083,-0.17816544
1751444510714,1482837528,-0.021213615,0.59388083,-0.17816544
1751444510731,1482854195,-0.26924327,0.49639478,0.15051365
1751444510731,1482854195,-0.26924327,0.49639478,0.15051365
1751444510748,1482870862,-0.056005195,0.1692448,0.29525375
1751444510748,1482870862,-0.056005195,0.1692448,0.29525375
1751444510764,1482887529,0.09736314,-0.28363368,0.57759666
1751444510764,1482887529,0.09736314,-0.28363368,0.57759666
1751444510781,1482904196,0.12939925,-0.4524034,0.726593
1751444510781,1482904196,0.12939925,-0.4524034,0.726593
1751444510798,1482920863,0.023134038,-0.45464814,0.8573103
1751444510798,1482920863,0.023134038,-0.45464814,0.8573103
1751444510814,1482937530,0.017017383,-0.4564644,0.7828083
1751444510814,1482937530,0.017017383,-0.4564644,0.7828083
1751444510831,1482954197,-0.043481316,-0.18793103,0.5976343
1751444510831,1482954197,-0.043481316,-0.18793103,0.5976343
1751444510848,1482970864,-0.2462022,0.11164472,0.6662836
1751444510848,1482970864,-0.2462022,0.11164472,0.6662836
1751444510864,1482987531,-0.47433516,0.2922083,0.78799057
1751444510864,1482987531,-0.47433516,0.2922083,0.78799057
1751444510881,1483004198,-0.60743403,0.21932544,0.8850899
1751444510881,1483004198,-0.60743403,0.21932544,0.8850899
1751444510898,1483020865,-0.45717072,-0.059210595,0.93988323
1751444510898,1483020865,-0.45717072,-0.059210595,0.93988323
1751444510914,1483037532,-0.6281072,-0.50224435,1.0832472
1751444510914,1483037532,-0.6281072,-0.50224435,1.0832472
1751444510931,1483054199,-1.0076925,-0.45708376,1.184433
1751444510931,1483054199,-1.0076925,-0.45708376,1.184433
1751444510948,1483070866,-1.1655079,-0.9039883,1.1864214
1751444510948,1483070866,-1.1655079,-0.9039883,1.1864214
1751444510964,1483087533,-1.7864752,-1.3969722,1.5417604
1751444510964,1483087533,-1.7864752,-1.3969722,1.5417604
1751444510981,1483104200,-2.716137,-2.554957,2.8723345
1751444510981,1483104200,-2.716137,-2.554957,2.8723345
1751444510998,1483120867,-4.75588,-1.8511475,3.3978367
1751444510998,1483120867,-4.75588,-1.8511475,3.3978367
1751444511014,1483137534,-4.445284,-3.0020807,1.9012499
1751444511014,1483137534,-4.445284,-3.0020807,1.9012499
1751444511031,1483154201,-4.5452824,-5.120545,1.9374409
1751444511031,1483154201,-4.5452824,-5.120545,1.9374409
1751444511048,1483170868,-6.3929257,-6.0696507,1.8907928
1751444511048,1483170868,-6.3929257,-6.0696507,1.8907928
1751444511064,1483187535,-11.971389,-2.07576,-1.2395687
1751444511064,1483187535,-11.971389,-2.07576,-1.2395687
1751444511081,1483204202,-11.868476,1.3881911,-3.5028815
1751444511081,1483204202,-11.868476,1.3881911,-3.5028815
1751444511098,1483220869,-4.4417024,1.9405844,-0.4753666
1751444511098,1483220869,-4.4417024,1.9405844,-0.4753666
1751444511114,1483237536,1.4337046,1.43078,5.4609337
1751444511114,1483237536,1.4337046,1.43078,5.4609337
1751444511131,1483254203,-7.714478,0.8586706,2.5475655
1751444511131,1483254203,-7.714478,0.8586706,2.5475655
1751444511148,1483270870,-8.295156,1.9018233,0.048457146
1751444511148,1483270870,-8.295156,1.9018233,0.048457146
1751444511164,1483287537,-5.9176197,-0.30428272,-1.5975466
1751444511164,1483287537,-5.9176197,-0.30428272,-1.5975466
1751444511181,1483304204,-7.162864,-0.05564534,-5.6644597
1751444511181,1483304204,-7.162864,-0.05564534,-5.6644597
1751444511198,1483320871,-8.469307,-0.35897276,-9.5264635
1751444511198,1483320871,-8.469307,-0.35897276,-9.5264635
1751444511214,1483337538,-5.9456778,-3.1314192,-8.371544
1751444511214,1483337538,-5.9456778,-3.1314192,-8.371544
1751444511231,1483354205,-3.6345897,-2.7733328,-6.6009274
1751444511231,1483354205,-3.6345897,-2.7733328,-6.6009274
1751444511248,1483370872,-4.227403,-1.8400563,-6.1919894
1751444511248,1483370872,-4.227403,-1.8400563,-6.1919894
1751444511264,1483387539,-5.61889,-0.91434836,-5.4455404
1751444511264,1483387539,-5.61889,-0.91434836,-5.4455404
1751444511281,1483404206,-6.085451,-1.0591173,-4.416277
1751444511281,1483404206,-6.085451,-1.0591173,-4.416277
1751444511298,1483420873,-5.5629807,-1.5193803,-3.047008
1751444511298,1483420873,-5.5629807,-1.5193803,-3.047008
1751444511314,1483437540,-3.712671,-1.8574741,-1.2338028
1751444511314,1483437540,-3.712671,-1.8574741,-1.2338028
1751444511331,1483454207,-1.7614226,-2.365322,1.2152367
1751444511331,1483454207,-1.7614226,-2.365322,1.2152367
1751444511348,1483470874,0.4194623,-1.7790877,3.7283459
1751444511348,1483470874,0.4194623,-1.7790877,3.7283459
1751444511364,1483487541,-0.19411877,-1.2285873,4.086746
1751444511364,1483487541,-0.19411877,-1.2285873,4.086746
1751444511381,1483504208,1.2353704,-1.2397363,4.0771
1751444511381,1483504208,1.2353704,-1.2397363,4.0771
1751444511398,1483520875,2.501425,-0.43538937,4.2150717
1751444511398,1483520875,2.501425,-0.43538937,4.2150717
1751444511414,1483537542,1.6881294,0.278591,4.803671
1751444511414,1483537542,1.6881294,0.278591,4.803671
1751444511431,1483554209,2.934262,0.7812918,5.113984
1751444511431,1483554209,2.934262,0.7812918,5.113984
1751444511448,1483570876,4.767761,1.3544177,5.152112
1751444511448,1483570876,4.767761,1.3544177,5.152112
1751444511464,1483587543,6.112823,2.3039362,4.6470118
1751444511464,1483587543,6.112823,2.3039362,4.6470118
1751444511481,1483604210,6.6309023,2.7269874,3.4699507
1751444511481,1483604210,6.6309023,2.7269874,3.4699507
1751444511498,1483620877,8.2892275,3.7730181,2.3502264
1751444511498,1483620877,8.2892275,3.7730181,2.3502264
1751444511514,1483637544,9.632777,4.757523,1.0597391
1751444511514,1483637544,9.632777,4.757523,1.0597391
1751444511531,1483654211,10.585771,4.8318157,-0.88451767
1751444511531,1483654211,10.585771,4.8318157,-0.88451767
1751444511548,1483670878,12.394455,4.6102877,-3.2588148
1751444511548,1483670878,12.394455,4.6102877,-3.2588148
1751444511564,1483687545,13.776034,4.713363,-5.3882155
1751444511564,1483687545,13.776034,4.713363,-5.3882155
1751444511581,1483704212,14.705333,4.4404593,-6.577583
1751444511581,1483704212,14.705333,4.4404593,-6.577583
1751444511598,1483720879,13.367225,4.3625565,-6.4425097
1751444511598,1483720879,13.367225,4.3625565,-6.4425097
1751444511614,1483737546,10.876397,4.395191,-5.064813
1751444511614,1483737546,10.876397,4.395191,-5.064813
1751444511631,1483754213,9.15667,4.004269,-3.697939
1751444511631,1483754213,9.15667,4.004269,-3.697939
1751444511648,1483770880,7.5416713,3.4664521,-2.827517
1751444511648,1483770880,7.5416713,3.4664521,-2.827517
1751444511664,1483787547,0.41234118,-1.3353151,1.4654064
1751444511664,1483787547,0.41234118,-1.3353151,1.4654064
1751444511681,1483804214,-24.919756,-5.2795477,16.968866
1751444511681,1483804214,-24.919756,-5.2795477,16.968866
1751444511698,1483820881,7.0110564,4.2129445,-4.868465
1751444511698,1483820881,7.0110564,4.2129445,-4.868465
1751444511714,1483837548,12.798912,4.7239475,-5.012822
1751444511714,1483837548,12.798912,4.7239475,-5.012822
1751444511731,1483854215,-2.0370739,4.503916,8.932745
1751444511731,1483854215,-2.0370739,4.503916,8.932745
1751444511748,1483870882,-2.9417322,2.3307989,-0.84380245
1751444511748,1483870882,-2.9417322,2.3307989,-0.84380245
1751444511764,1483887549,9.337944,-4.1015053,-2.8305311
1751444511764,1483887549,9.337944,-4.1015053,-2.8305311
1751444511781,1483904216,2.0292401,-0.41730472,3.5468187
1751444511781,1483904216,2.0292401,-0.41730472,3.5468187
1751444511798,1483920883,-2.6836207,1.8601998,-1.0800142
1751444511798,1483920883,-2.6836207,1.8601998,-1.0800142
1751444511814,1483937550,0.09057058,0.9600981,-0.9430027
1751444511814,1483937550,0.09057058,0.9600981,-0.9430027
1751444511831,1483954217,-0.5791415,1.5461104,-0.07526493
1751444511831,1483954217,-0.5791415,1.5461104,-0.07526493
1751444511848,1483970884,0.3095896,0.7094596,0.2933874
1751444511848,1483970884,0.3095896,0.7094596,0.2933874
1751444511864,1483987551,1.9689529,-0.6327491,0.73090935
1751444511864,1483987551,1.9689529,-0.6327491,0.73090935
1751444511881,1484004218,1.2958252,-0.30115968,0.18769264
1751444511881,1484004218,1.2958252,-0.30115968,0.18769264
1751444511898,1484020885,-0.6246056,0.9288997,-0.04041481
1751444511898,1484020885,-0.6246056,0.9288997,-0.04041481
1751444511914,1484037552,-0.51860327,1.1020201,0.20723438
1751444511914,1484037552,-0.51860327,1.1020201,0.20723438
1751444511931,1484054219,0.70735013,0.2513945,0.14101887
1751444511931,1484054219,0.70735013,0.2513945,0.14101887
1751444511948,1484070886,0.5898167,0.22456984,0.2563219
1751444511948,1484070886,0.5898167,0.22456984,0.2563219
1751444511964,1484087553,-0.0018220777,0.35147056,0.07811165
1751444511964,1484087553,-0.0018220777,0.35147056,0.07811165
1751444511981,1484104220,-0.04412459,0.4795428,0.045781136
1751444511981,1484104220,-0.04412459,0.4795428,0.045781136
1751444511998,1484120887,0.18124755,0.366765,0.25652027
1751444511998,1484120887,0.18124755,0.366765,0.25652027
1751444512014,1484137554,0.33847684,0.2682712,0.15143871
1751444512014,1484137554,0.33847684,0.2682712,0.15143871
1751444512031,1484154221,-0.020174727,0.61463034,-0.26840878
1751444512031,1484154221,-0.020174727,0.61463034,-0.26840878
1751444512048,1484170888,-0.32222566,0.8393221,-0.3343315
1751444512048,1484170888,-0.32222566,0.8393221,-0.3343315
1751444512064,1484187555,0.20651881,0.33269167,-0.044085503
1751444512064,1484187555,0.20651881,0.33269167,-0.044085503
1751444512081,1484204222,0.428262,0.2066042,0.16930294
1751444512081,1484204222,0.428262,0.2066042,0.16930294
1751444512098,1484220889,0.24698941,0.17088427,0.06237793
1751444512098,1484220889,0.24698941,0.17088427,0.06237793
1751444512114,1484237556,0.2770975,0.15781826,0.018967628
1751444512114,1484237556,0.2770975,0.15781826,0.018967628
1751444512131,1484254223,0.27318648,0.085534275,0.15382004
1751444512131,1484254223,0.27318648,0.085534275,0.15382004
1751444512148,1484270890,0.117881626,0.20650317,0.07445145
1751444512148,1484270890,0.117881626,0.20650317,0.07445145
1751444512164,1484287557,-0.14247029,0.24784592,0.024380684
1751444512164,1484287557,-0.14247029,0.24784592,0.024380684
1751444512181,1484304224,-0.27857894,0.2112602,0.16357803
1751444512181,1484304224,-0.27857894,0.2112602,0.16357803
1751444512198,1484320891,-0.29719982,0.15803093,0.32341957
1751444512198,1484320891,-0.29719982,0.15803093,0.32341957
1751444512214,1484337558,-0.3450593,0.14905319,0.4734888
1751444512214,1484337558,-0.3450593,0.14905319,0.4734888
1751444512231,1484354225,-0.7533714,0.08502902,0.7174835
1751444512231,1484354225,-0.7533714,0.08502902,0.7174835
1751444512248,1484370892,0.4886874,-0.20052263,0.82266235
1751444512248,1484370892,0.4886874,-0.20052263,0.82266235
1751444512264,1484387559,0.0052896575,-0.41764545,1.2333298
1751444512264,1484387559,0.0052896575,-0.41764545,1.2333298
1751444512281,1484404226,-0.061192483,-0.26381993,0.97144794
1751444512281,1484404226,-0.061192483,-0.26381993,0.97144794
1751444512298,1484420893,-0.06824208,-0.28105122,1.1103125
1751444512298,1484420893,-0.06824208,-0.28105122,1.1103125
1751444512314,1484437560,-0.22555855,-0.31215617,1.273922
1751444512314,1484437560,-0.22555855,-0.31215617,1.273922
1751444512331,1484454227,-0.5366229,-0.30287045,1.3139896
1751444512331,1484454227,-0.5366229,-0.30287045,1.3139896
1751444512348,1484470894,-0.67060906,-0.277049,1.2997513
1751444512348,1484470894,-0.67060906,-0.277049,1.2997513
1751444512364,1484487561,-0.63204056,-0.5261162,1.158268
1751444512364,1484487561,-0.63204056,-0.5261162,1.158268
1751444512381,1484504228,-0.7445592,-0.6483894,0.9905472
1751444512381,1484504228,-0.7445592,-0.6483894,0.9905472
1751444512398,1484520895,-0.9714959,-0.7369771,0.8917656
1751444512398,1484520895,-0.9714959,-0.7369771,0.8917656
1751444512414,1484537562,-1.3949555,-0.7859108,1.2160482
1751444512414,1484537562,-1.3949555,-0.7859108,1.2160482
1751444512431,1484554229,-1.8400744,-1.5503111,1.8155947
1751444512431,1484554229,-1.8400744,-1.5503111,1.8155947
1751444512448,1484570896,-3.0235612,-1.3969052,3.0909863
1751444512448,1484570896,-3.0235612,-1.3969052,3.0909863
1751444512464,1484587563,-3.4526718,-1.4800245,1.7022533
1751444512464,1484587563,-3.4526718,-1.4800245,1.7022533
1751444512481,1484604230,-3.6138778,-2.6703215,1.821166
1751444512481,1484604230,-3.6138778,-2.6703215,1.821166
1751444512498,1484620897,-6.015521,-3.3476214,3.0763674
1751444512498,1484620897,-6.015521,-3.3476214,3.0763674
1751444512514,1484637564,-11.558079,-4.0749917,2.0833588
1751444512514,1484637564,-11.558079,-4.0749917,2.0833588
1751444512531,1484654231,-12.331307,-4.7035117,-0.16218662
1751444512531,1484654231,-12.331307,-4.7035117,-0.16218662
1751444512548,1484670898,-8.73288,-2.0314114,-0.37380314
1751444512548,1484670898,-8.73288,-2.0314114,-0.37380314
1751444512564,1484687565,-5.3252482,1.4713259,1.3075228
1751444512564,1484687565,-5.3252482,1.4713259,1.3075228
1751444512581,1484704232,-3.0941873,-1.2819072,3.520321
1751444512581,1484704232,-3.0941873,-1.2819072,3.520321
1751444512598,1484720899,-4.566273,-0.77736765,1.2361441
1751444512598,1484720899,-4.566273,-0.77736765,1.2361441
1751444512614,1484737566,-8.712903,3.2095358,-2.7292638
1751444512614,1484737566,-8.712903,3.2095358,-2.7292638
1751444512631,1484754233,-7.289581,-0.32475045,-3.620967
1751444512631,1484754233,-7.289581,-0.32475045,-3.620967
1751444512648,1484770900,-4.7503567,-2.042118,-5.177434
1751444512648,1484770900,-4.7503567,-2.042118,-5.177434
1751444512664,1484787567,-8.197332,-0.7118546,-10.518403
1751444512664,1484787567,-8.197332,-0.7118546,-10.518403
1751444512681,1484804234,-6.2742214,-2.0909684,-8.738937
1751444512681,1484804234,-6.2742214,-2.0909684,-8.738937
1751444512698,1484820901,-2.9113886,-3.0088603,-6.6394076
1751444512698,1484820901,-2.9113886,-3.0088603,-6.6394076
1751444512714,1484837568,-3.4432478,-1.5081933,-7.023631
1751444512714,1484837568,-3.4432478,-1.5081933,-7.023631
1751444512731,1484854235,-4.7722535,-1.2184584,-6.3647704
1751444512731,1484854235,-4.7722535,-1.2184584,-6.3647704
1751444512748,1484870902,-5.129718,-2.0109694,-4.925071
1751444512748,1484870902,-5.129718,-2.0109694,-4.925071
1751444512764,1484887569,-4.869453,-2.2144377,-3.8439174
1751444512764,1484887569,-4.869453,-2.2144377,-3.8439174
1751444512781,1484904236,-2.7513185,-1.9755648,-1.6224136
1751444512781,1484904236,-2.7513185,-1.9755648,-1.6224136
1751444512798,1484920903,-0.9774217,-2.4115794,0.7476406
1751444512798,1484920903,-0.9774217,-2.4115794,0.7476406
1751444512814,1484937570,-0.36262876,-1.5328634,2.5118208
1751444512814,1484937570,-0.36262876,-1.5328634,2.5118208
1751444512831,1484954237,-0.9189892,-0.36694255,4.2999535
1751444512831,1484954237,-0.9189892,-0.36694255,4.2999535
1751444512848,1484970904,0.86959726,0.3636339,5.3448334
1751444512848,1484970904,0.86959726,0.3636339,5.3448334
1751444512864,1484987571,1.1404856,1.5687691,5.570921
1751444512864,1484987571,1.1404856,1.5687691,5.570921
1751444512881,1485004238,0.513918,2.9823248,7.6804066
1751444512881,1485004238,0.513918,2.9823248,7.6804066
1751444512898,1485020905,3.177989,5.4984097,9.379808
1751444512898,1485020905,3.177989,5.4984097,9.379808
1751444512914,1485037572,7.780259,5.4860873,9.780048
1751444512914,1485037572,7.780259,5.4860873,9.780048
1751444512931,1485054239,13.513369,5.025258,3.7562208
1751444512931,1485054239,13.513369,5.025258,3.7562208
1751444512948,1485070906,13.878342,7.1478896,-0.078474045
1751444512948,1485070906,13.878342,7.1478896,-0.078474045
1751444512964,1485087573,22.113121,10.569337,-7.3518057
1751444512964,1485087573,22.113121,10.569337,-7.3518057
1751444512981,1485104240,25.883919,7.261427,-13.650103
1751444512981,1485104240,25.883919,7.261427,-13.650103
1751444512998,1485120907,13.961367,7.4764376,-8.203711
1751444512998,1485120907,13.961367,7.4764376,-8.203711
1751444513014,1485137574,8.307539,7.146788,-3.0967321
1751444513014,1485137574,8.307539,7.146788,-3.0967321
1751444513031,1485154241,6.489063,4.5678635,-1.7986412
1751444513031,1485154241,6.489063,4.5678635,-1.7986412
1751444513048,1485170908,-11.101037,-0.83995676,9.096043
1751444513048,1485170908,-11.101037,-0.83995676,9.096043
1751444513064,1485187575,-20.737886,6.773237,11.518742
1751444513064,1485187575,-20.737886,6.773237,11.518742
1751444513081,1485204242,24.486498,2.7418168,-13.5106735
1751444513081,1485204242,24.486498,2.7418168,-13.5106735
1751444513098,1485220909,6.2974195,-5.960479,9.654083
1751444513098,1485220909,6.2974195,-5.960479,9.654083
1751444513114,1485237576,5.046033,-2.416834,-1.1716671
1751444513114,1485237576,5.046033,-2.416834,-1.1716671
1751444513131,1485254243,9.853946,-5.8722405,-0.24737453
1751444513131,1485254243,9.853946,-5.8722405,-0.24737453
1751444513148,1485270910,1.6820754,-0.7162258,2.3398666
1751444513148,1485270910,1.6820754,-0.7162258,2.3398666
1751444513164,1485287577,-3.905896,3.4235024,-2.1291885
1751444513164,1485287577,-3.905896,3.4235024,-2.1291885
1751444513181,1485304244,-2.918047,2.3736277,0.80592346
1751444513181,1485304244,-2.918047,2.3736277,0.80592346
1751444513198,1485320911,0.7813937,0.36255032,-0.7477827
1751444513198,1485320911,0.7813937,0.36255032,-0.7477827
1751444513214,1485337578,0.07041641,0.21047623,-0.5934
1751444513214,1485337578,0.07041641,0.21047623,-0.5934
1751444513231,1485354245,1.469012,-0.60337347,0.40578842
1751444513231,1485354245,1.469012,-0.60337347,0.40578842
1751444513248,1485370912,0.85151553,-0.6328511,0.80225277
1751444513248,1485370912,0.85151553,-0.6328511,0.80225277
1751444513264,1485387579,-0.29127315,0.69484705,-0.22926235
1751444513264,1485387579,-0.29127315,0.69484705,-0.22926235
1751444513281,1485404246,-0.97603524,1.3654692,-0.09384918
1751444513281,1485404246,-0.97603524,1.3654692,-0.09384918
1751444513298,1485420913,0.4976972,0.5607172,0.032904625
1751444513298,1485420913,0.4976972,0.5607172,0.032904625
1751444513314,1485437580,0.62805355,0.27155462,0.5641937
1751444513314,1485437580,0.62805355,0.27155462,0.5641937
1751444513331,1485454247,0.45905894,0.39997095,0.37326717
1751444513331,1485454247,0.45905894,0.39997095,0.37326717
1751444513348,1485470914,0.24981506,0.4073052,0.3495474
1751444513348,1485470914,0.24981506,0.4073052,0.3495474
1751444513364,1485487581,0.50536233,0.13088371,0.37561607
1751444513364,1485487581,0.50536233,0.13088371,0.37561607
1751444513381,1485504248,0.10973637,0.35285366,0.30247784
1751444513381,1485504248,0.10973637,0.35285366,0.30247784
1751444513398,1485520915,-0.04291985,0.455527,0.1998663
1751444513398,1485520915,-0.04291985,0.455527,0.1998663
1751444513414,1485537582,0.029575681,0.34906477,0.19714546
1751444513414,1485537582,0.029575681,0.34906477,0.19714546
1751444513431,1485554249,-0.05369541,0.35567695,0.026666641
1751444513431,1485554249,-0.05369541,0.35567695,0.026666641
1751444513448,1485570916,-0.25063312,0.35958284,-0.12068272
1751444513448,1485570916,-0.25063312,0.35958284,-0.12068272
1751444513464,1485587583,-0.13394864,0.3837323,-0.118229866
1751444513464,1485587583,-0.13394864,0.3837323,-0.118229866
1751444513481,1485604250,-0.17405625,0.41476116,-0.092383385
1751444513481,1485604250,-0.17405625,0.41476116,-0.092383385
1751444513498,1485620917,-0.012959281,0.35444605,-0.057837486
1751444513498,1485620917,-0.012959281,0.35444605,-0.057837486
1751444513514,1485637584,0.04119165,0.23329365,0.0262537
1751444513514,1485637584,0.04119165,0.23329365,0.0262537
1751444513531,1485654251,0.101220526,0.2255619,0.042063713
1751444513531,1485654251,0.101220526,0.2255619,0.042063713
1751444513548,1485670918,0.023159519,0.2697978,0.053066254
1751444513548,1485670918,0.023159519,0.2697978,0.053066254
1751444513564,1485687585,-0.050333776,0.303233,0.03396797
1751444513564,1485687585,-0.050333776,0.303233,0.03396797
1751444513581,1485704252,-0.20288941,0.34299895,0.073848724
1751444513581,1485704252,-0.20288941,0.34299895,0.073848724
1751444513598,1485720919,-0.22347362,0.2782429,0.16760159
1751444513598,1485720919,-0.22347362,0.2782429,0.16760159
1751444513614,1485737586,-0.2625164,0.2413599,0.19668293
1751444513614,1485737586,-0.2625164,0.2413599,0.19668293
1751444513631,1485754253,-0.21454339,0.20001884,0.21976471
1751444513631,1485754253,-0.21454339,0.20001884,0.21976471
1751444513648,1485770920,-0.28911534,0.1930041,0.24278927
1751444513648,1485770920,-0.28911534,0.1930041,0.24278927
1751444513664,1485787587,-0.39098048,0.11093619,0.48851776
1751444513664,1485787587,-0.39098048,0.11093619,0.48851776
1751444513681,1485804254,-0.09847176,-0.11443807,0.66785717
1751444513681,1485804254,-0.09847176,-0.11443807,0.66785717
1751444513698,1485820921,-0.04459173,0.06630646,0.8558073
1751444513698,1485820921,-0.04459173,0.06630646,0.8558073
1751444513714,1485837588,-0.31541434,0.5866926,1.0177488
1751444513714,1485837588,-0.31541434,0.5866926,1.0177488
1751444513731,1485854255,-0.49731722,-0.18092982,1.0826759
1751444513731,1485854255,-0.49731722,-0.18092982,1.0826759
1751444513748,1485870922,-0.35250363,0.03499017,0.8461857
1751444513748,1485870922,-0.35250363,0.03499017,0.8461857
1751444513764,1485887589,-0.3116763,0.005256019,0.57619476
1751444513764,1485887589,-0.3116763,0.005256019,0.57619476
1751444513781,1485904256,-0.33985814,-0.19483724,0.7262373
1751444513781,1485904256,-0.33985814,-0.19483724,0.7262373
1751444513798,1485920923,-0.43683818,-0.4907351,1.3881493
1751444513798,1485920923,-0.43683818,-0.4907351,1.3881493
1751444513814,1485937590,-1.0688385,-0.63560224,2.66018
1751444513814,1485937590,-1.0688385,-0.63560224,2.66018
1751444513831,1485954257,-1.9827231,-0.6078844,3.0491333
1751444513831,1485954257,-1.9827231,-0.6078844,3.0491333
1751444513848,1485970924,-1.2474235,-0.7444548,1.8490229
1751444513848,1485970924,-1.2474235,-0.7444548,1.8490229
1751444513864,1485987591,-1.6899319,-1.0592664,1.2632923
1751444513864,1485987591,-1.6899319,-1.0592664,1.2632923
1751444513881,1486004258,-1.037051,-1.2196265,0.629035
1751444513881,1486004258,-1.037051,-1.2196265,0.629035
1751444513898,1486020925,-1.958657,-2.4241657,0.48941898
1751444513898,1486020925,-1.958657,-2.4241657,0.48941898
1751444513914,1486037592,-1.0548756,-1.5261223,0.30849266
1751444513914,1486037592,-1.0548756,-1.5261223,0.30849266
1751444513931,1486054259,-1.3942215,-1.4001399,-0.28388214
1751444513931,1486054259,-1.3942215,-1.4001399,-0.28388214
1751444513948,1486070926,-3.0341127,-0.3469083,-0.44417286
1751444513948,1486070926,-3.0341127,-0.3469083,-0.44417286
1751444513964,1486087593,-3.6351695,0.030450512,-0.27214146
1751444513964,1486087593,-3.6351695,0.030450512,-0.27214146
1751444513981,1486104260,-4.799256,-0.045195438,0.16451454
1751444513981,1486104260,-4.799256,-0.045195438,0.16451454
1751444513998,1486120927,-5.46119,-0.44122508,0.16182137
1751444513998,1486120927,-5.46119,-0.44122508,0.16182137
1751444514014,1486137594,-4.8059793,-0.1627304,-0.20269012
1751444514014,1486137594,-4.8059793,-0.1627304,-0.20269012
1751444514031,1486154261,-3.9639559,0.67490494,-0.48386478
1751444514031,1486154261,-3.9639559,0.67490494,-0.48386478
1751444514048,1486170928,-2.6549404,2.0806313,-0.28054047
1751444514048,1486170928,-2.6549404,2.0806313,-0.28054047
1751444514064,1486187595,-3.472365,1.3309331,0.5319462
1751444514064,1486187595,-3.472365,1.3309331,0.5319462
1751444514081,1486204262,-5.1298275,0.96622574,-0.047808647
1751444514081,1486204262,-5.1298275,0.96622574,-0.047808647
1751444514098,1486220929,-4.268486,-0.58039397,-1.5373507
1751444514098,1486220929,-4.268486,-0.58039397,-1.5373507
1751444514114,1486237596,-5.8863087,-0.5995215,-3.903213
1751444514114,1486237596,-5.8863087,-0.5995215,-3.903213
1751444514131,1486254263,-5.9125,-0.70774716,-5.781511
1751444514131,1486254263,-5.9125,-0.70774716,-5.781511
1751444514148,1486270930,-3.2097466,-1.3360956,-4.40697
1751444514148,1486270930,-3.2097466,-1.3360956,-4.40697
1751444514164,1486287597,-3.326053,-0.56245166,-4.1950865
1751444514164,1486287597,-3.326053,-0.56245166,-4.1950865
1751444514181,1486304264,-3.57632,-0.017512463,-4.3364406
1751444514181,1486304264,-3.57632,-0.017512463,-4.3364406
1751444514198,1486320931,-2.378164,-0.12443771,-3.384829
1751444514198,1486320931,-2.378164,-0.12443771,-3.384829
1751444514214,1486337598,-1.1741364,0.1754314,-2.17662
1751444514214,1486337598,-1.1741364,0.1754314,-2.17662
1751444514231,1486354265,-0.43332925,0.8572657,-1.1627073
1751444514231,1486354265,-0.43332925,0.8572657,-1.1627073
1751444514248,1486370932,0.64862967,1.5393928,0.11975098
1751444514248,1486370932,0.64862967,1.5393928,0.11975098
1751444514264,1486387599,1.2414515,1.7446462,1.217309
1751444514264,1486387599,1.2414515,1.7446462,1.217309
1751444514281,1486404266,2.3506503,1.6195463,1.9537277
1751444514281,1486404266,2.3506503,1.6195463,1.9537277
1751444514298,1486420933,3.3350477,1.7362467,2.2864428
1751444514298,1486420933,3.3350477,1.7362467,2.2864428
1751444514314,1486437600,3.626419,2.1537147,2.144517
1751444514314,1486437600,3.626419,2.1537147,2.144517
1751444514331,1486454267,3.5843265,2.501359,1.795599
1751444514331,1486454267,3.5843265,2.501359,1.795599
1751444514348,1486470934,3.931469,2.0690033,1.617775
1751444514348,1486470934,3.931469,2.0690033,1.617775
1751444514364,1486487601,4.6553035,2.178425,1.439352
1751444514364,1486487601,4.6553035,2.178425,1.439352
1751444514381,1486504268,4.9007387,3.248509,1.0915155
1751444514381,1486504268,4.9007387,3.248509,1.0915155
1751444514398,1486520935,4.670862,3.26707,0.62359333
1751444514398,1486520935,4.670862,3.26707,0.62359333
1751444514414,1486537602,4.368134,1.9510918,0.5474901
1751444514414,1486537602,4.368134,1.9510918,0.5474901
1751444514431,1486554269,3.8526156,0.80799395,0.60075855
1751444514431,1486554269,3.8526156,0.80799395,0.60075855
1751444514448,1486570936,2.9684024,-0.17486097,0.4369688
1751444514448,1486570936,2.9684024,-0.17486097,0.4369688
1751444514464,1486587603,2.2348409,-0.16292524,0.3806057
1751444514464,1486587603,2.2348409,-0.16292524,0.3806057
1751444514481,1486604270,1.7580935,0.6486866,0.28492355
1751444514481,1486604270,1.7580935,0.6486866,0.28492355
1751444514498,1486620937,2.2786324,0.7324623,0.114587784
1751444514498,1486620937,2.2786324,0.7324623,0.114587784
1751444514514,1486637604,2.5134363,-0.25351524,0.143013
1751444514514,1486637604,2.5134363,-0.25351524,0.143013
1751444514531,1486654271,2.4192295,-1.4339206,0.013511658
1751444514531,1486654271,2.4192295,-1.4339206,0.013511658
1751444514548,1486670938,2.304389,-2.1878955,-0.14188004
1751444514548,1486670938,2.304389,-2.1878955,-0.14188004
1751444514564,1486687605,2.071125,-2.1912398,-0.42117596
1751444514564,1486687605,2.071125,-2.1912398,-0.42117596
1751444514581,1486704272,1.6947597,-2.2712703,-0.69964504
1751444514581,1486704272,1.6947597,-2.2712703,-0.69964504
1751444514598,1486720939,3.9454114,-2.4845977,-0.7288275
1751444514598,1486720939,3.9454114,-2.4845977,-0.7288275
1751444514614,1486737606,6.042478,-3.5046167,0.6689062
1751444514614,1486737606,6.042478,-3.5046167,0.6689062
1751444514631,1486754273,6.770241,-0.6804494,0.81374264
1751444514631,1486754273,6.770241,-0.6804494,0.81374264
1751444514648,1486770940,5.338744,3.5437179,-0.12769127
1751444514648,1486770940,5.338744,3.5437179,-0.12769127
1751444514664,1486787607,0.69504124,6.2632937,-0.749033
1751444514664,1486787607,0.69504124,6.2632937,-0.749033
1751444514681,1486804274,-0.5209361,2.3281171,-3.8061447
1751444514681,1486804274,-0.5209361,2.3281171,-3.8061447
1751444514698,1486820941,1.56809,-3.5400157,2.8078537
1751444514698,1486820941,1.56809,-3.5400157,2.8078537
1751444514714,1486837608,2.4653814,5.061772,0.64024544
1751444514714,1486837608,2.4653814,5.061772,0.64024544
1751444514731,1486854275,0.43664953,4.2590494,0.14752197
1751444514731,1486854275,0.43664953,4.2590494,0.14752197
1751444514748,1486870942,-1.6140465,3.0562084,1.4847202
1751444514748,1486870942,-1.6140465,3.0562084,1.4847202
1751444514764,1486887609,-2.2942135,-1.0008712,2.4217243
1751444514764,1486887609,-2.2942135,-1.0008712,2.4217243
1751444514781,1486904276,-2.5176754,-2.344596,0.20591831
1751444514781,1486904276,-2.5176754,-2.344596,0.20591831
1751444514798,1486920943,-2.244175,-3.58201,-1.0739632
1751444514798,1486920943,-2.244175,-3.58201,-1.0739632
1751444514814,1486937610,0.05835029,0.30428874,0.29878044
1751444514814,1486937610,0.05835029,0.30428874,0.29878044
1751444514831,1486954277,1.0383433,1.5491676,-0.23247147
1751444514831,1486954277,1.0383433,1.5491676,-0.23247147
1751444514848,1486970944,0.49782884,-0.2384414,-1.0445671
1751444514848,1486970944,0.49782884,-0.2384414,-1.0445671
1751444514864,1486987611,0.617455,0.85109013,-0.00060272217
1751444514864,1486987611,0.617455,0.85109013,-0.00060272217
1751444514881,1487004278,-0.60344297,-1.1744523,1.075202
1751444514881,1487004278,-0.60344297,-1.1744523,1.075202
1751444514898,1487020945,-1.9123082,-2.7006946,1.0167999
1751444514898,1487020945,-1.9123082,-2.7006946,1.0167999
1751444514914,1487037612,-1.2303874,-1.5239074,0.4985962
1751444514914,1487037612,-1.2303874,-1.5239074,0.4985962
1751444514931,1487054279,-0.4655301,-0.4738945,0.24842167
1751444514931,1487054279,-0.4655301,-0.4738945,0.24842167
1751444514948,1487070946,-0.06923582,-0.10804359,-0.07122707
1751444514948,1487070946,-0.06923582,-0.10804359,-0.07122707
1751444514964,1487087613,0.32103345,0.3006876,0.015761375
1751444514964,1487087613,0.32103345,0.3006876,0.015761375
1751444514981,1487104280,0.14998166,0.105134234,0.15447235
1751444514981,1487104280,0.14998166,0.105134234,0.15447235
1751444514998,1487120947,-0.028102731,0.009362734,0.15758991
1751444514998,1487120947,-0.028102731,0.009362734,0.15758991
1751444515014,1487137614,-0.046678,0.07528732,-0.033003807
1751444515014,1487137614,-0.046678,0.07528732,-0.033003807
1751444515031,1487154281,-0.09585398,0.17250663,-0.14410114
1751444515031,1487154281,-0.09585398,0.17250663,-0.14410114
1751444515048,1487170948,0.12729643,0.35387164,-0.15189171
1751444515048,1487170948,0.12729643,0.35387164,-0.15189171
1751444515064,1487187615,-0.008181469,0.17341621,-0.13441086
1751444515064,1487187615,-0.008181469,0.17341621,-0.13441086
1751444515081,1487204282,0.14644212,0.32180837,-0.15177155
1751444515081,1487204282,0.14644212,0.32180837,-0.15177155
1751444515098,1487220949,0.044288646,0.2494323,-0.075003624
1751444515098,1487220949,0.044288646,0.2494323,-0.075003624
1751444515114,1487237616,-0.042181812,0.10979381,-0.06512451
1751444515114,1487237616,-0.042181812,0.10979381,-0.06512451
1751444515131,1487254283,-0.091664,-0.1711251,0.0078344345
1751444515131,1487254283,-0.091664,-0.1711251,0.0078344345
1751444515148,1487270950,-0.011410783,-0.101080604,0.0577631
1751444515148,1487270950,-0.011410783,-0.101080604,0.0577631
1751444515164,1487287617,0.14057937,0.1747165,0.026864052
1751444515164,1487287617,0.14057937,0.1747165,0.026864052
1751444515181,1487304284,0.07637974,-0.1479136,0.076135635
1751444515181,1487304284,0.07637974,-0.1479136,0.076135635
1751444515198,1487320951,-0.16498385,-0.27261215,0.11514473
1751444515198,1487320951,-0.16498385,-0.27261215,0.11514473
1751444515215,1487337618,-0.037973955,-0.19763362,0.121375084
1751444515215,1487337618,-0.037973955,-0.19763362,0.121375084
1751444515231,1487354285,-0.10207881,-0.3255189,0.059592247
1751444515231,1487354285,-0.10207881,-0.3255189,0.059592247
1751444515248,1487370952,-0.13931338,-0.20517987,0.07435322
1751444515248,1487370952,-0.13931338,-0.20517987,0.07435322
1751444515265,1487387619,-0.19740084,-0.31756407,0.11500931
1751444515265,1487387619,-0.19740084,-0.31756407,0.11500931
1751444515281,1487404286,-0.14964819,-0.31061706,0.09538174
1751444515281,1487404286,-0.14964819,-0.31061706,0.09538174
1751444515298,1487420953,0.029417882,-0.12574247,0.016137123
1751444515298,1487420953,0.029417882,-0.12574247,0.016137123
1751444515315,1487437620,0.050834,-0.021464173,0.009370804
1751444515315,1487437620,0.050834,-0.021464173,0.009370804
1751444515331,1487454287,-0.054750394,-0.12946798,0.076815605
1751444515331,1487454287,-0.054750394,-0.12946798,0.076815605
1751444515348,1487470954,0.21707444,0.15213957,0.061703682
1751444515348,1487470954,0.21707444,0.15213957,0.061703682
1751444515365,1487487621,0.035386123,0.13372478,0.052721024
1751444515365,1487487621,0.035386123,0.13372478,0.052721024
1751444515381,1487504288,-0.07310751,0.015985424,0.016016006
1751444515381,1487504288,-0.07310751,0.015985424,0.016016006
1751444515398,1487520955,0.278068,0.44742823,0.09807968
1751444515398,1487520955,0.278068,0.44742823,0.09807968
1751444515415,1487537622,0.2634842,0.3613829,0.3611307
1751444515415,1487537622,0.2634842,0.3613829,0.3611307
1751444515431,1487554289,0.5081911,0.41714737,0.98152065
1751444515431,1487554289,0.5081911,0.41714737,0.98152065
1751444515448,1487570956,0.5307011,0.61629105,0.65785503
1751444515448,1487570956,0.5307011,0.61629105,0.65785503
1751444515465,1487587623,-0.7532313,-0.5592873,0.8406286
1751444515465,1487587623,-0.7532313,-0.5592873,0.8406286
1751444515481,1487604290,-0.31693557,0.3629352,1.9903831
1751444515481,1487604290,-0.31693557,0.3629352,1.9903831
1751444515498,1487620957,-0.6195162,0.9665033,3.0198584
1751444515498,1487620957,-0.6195162,0.9665033,3.0198584
1751444515515,1487637624,-1.442107,0.6429518,4.006321
1751444515515,1487637624,-1.442107,0.6429518,4.006321
1751444515531,1487654291,-0.16788684,3.7802966,3.169942
1751444515531,1487654291,-0.16788684,3.7802966,3.169942
1751444515548,1487670958,0.3882067,2.3340335,2.220151
1751444515548,1487670958,0.3882067,2.3340335,2.220151
1751444515565,1487687625,0.9750654,3.661948,1.4599962
1751444515565,1487687625,0.9750654,3.661948,1.4599962
1751444515581,1487704292,2.0242372,3.4098272,0.32853985
1751444515581,1487704292,2.0242372,3.4098272,0.32853985
1751444515598,1487720959,1.4226155,1.7684034,-0.23276997
1751444515598,1487720959,1.4226155,1.7684034,-0.23276997
1751444515615,1487737626,3.6032157,2.3154771,-1.1264353
1751444515615,1487737626,3.6032157,2.3154771,-1.1264353
1751444515631,1487754293,6.2826657,1.2339524,-2.1903563
1751444515631,1487754293,6.2826657,1.2339524,-2.1903563
1751444515648,1487770960,7.5138173,0.05083657,-1.6565828
1751444515648,1487770960,7.5138173,0.05083657,-1.6565828
1751444515665,1487787627,8.069657,-3.1945558,-0.463192
1751444515665,1487787627,8.069657,-3.1945558,-0.463192
1751444515681,1487804294,11.170561,5.2532663,-2.3544822
1751444515681,1487804294,11.170561,5.2532663,-2.3544822
1751444515698,1487820961,7.6564255,2.5942671,-2.0161152
1751444515698,1487820961,7.6564255,2.5942671,-2.0161152
1751444515715,1487837628,5.235825,1.0841032,-1.5422888
1751444515715,1487837628,5.235825,1.0841032,-1.5422888
1751444515731,1487854295,4.786431,0.53170013,-1.1692657
1751444515731,1487854295,4.786431,0.53170013,-1.1692657
1751444515748,1487870962,4.947006,0.9923992,-1.3559313
1751444515748,1487870962,4.947006,0.9923992,-1.3559313
1751444515765,1487887629,5.0221405,1.3322024,-1.2688942
1751444515765,1487887629,5.0221405,1.3322024,-1.2688942
1751444515781,1487904296,4.48488,1.5479939,-1.1004868
1751444515781,1487904296,4.48488,1.5479939,-1.1004868
1751444515798,1487920963,3.751111,1.4366064,-1.1403522
1751444515798,1487920963,3.751111,1.4366064,-1.1403522
1751444515815,1487937630,3.7902558,1.543501,-1.6172781
1751444515815,1487937630,3.7902558,1.543501,-1.6172781
1751444515831,1487954297,4.404529,1.816737,-2.2716799
1751444515831,1487954297,4.404529,1.816737,-2.2716799
1751444515848,1487970964,4.362575,1.8734006,-2.5139184
1751444515848,1487970964,4.362575,1.8734006,-2.5139184
1751444515865,1487987631,4.187583,1.6273714,-2.556746
1751444515865,1487987631,4.187583,1.6273714,-2.556746
1751444515881,1488004298,4.636132,0.85524976,-2.4642892
1751444515881,1488004298,4.636132,0.85524976,-2.4642892
1751444515898,1488020965,4.8797503,0.3161574,-2.0943708
1751444515898,1488020965,4.8797503,0.3161574,-2.0943708
1751444515915,1488037632,4.6089344,0.043227628,-1.3624535
1751444515915,1488037632,4.6089344,0.043227628,-1.3624535
1751444515931,1488054299,4.113893,-0.42466792,-0.64442635
1751444515931,1488054299,4.113893,-0.42466792,-0.64442635
1751444515948,1488070966,3.5597987,-1.1014167,0.10774994
1751444515948,1488070966,3.5597987,-1.1014167,0.10774994
1751444515965,1488087633,2.6411335,-1.6269585,1.1244879
1751444515965,1488087633,2.6411335,-1.6269585,1.1244879
1751444515981,1488104300,1.2296728,-1.8916346,2.1366978
1751444515981,1488104300,1.2296728,-1.8916346,2.1366978
1751444515998,1488120967,-0.030768681,-2.2452216,2.558135
1751444515998,1488120967,-0.030768681,-2.2452216,2.558135
1751444516015,1488137634,-1.1578188,-2.5581508,2.7275953
1751444516015,1488137634,-1.1578188,-2.5581508,2.7275953
1751444516031,1488154301,-1.8951368,-2.9765477,2.7730188
1751444516031,1488154301,-1.8951368,-2.9765477,2.7730188
1751444516048,1488170968,-2.7305033,-3.407401,2.7429733
1751444516048,1488170968,-2.7305033,-3.407401,2.7429733
1751444516065,1488187635,-3.7785442,-3.4830592,2.741127
1751444516065,1488187635,-3.7785442,-3.4830592,2.741127
1751444516081,1488204302,-4.248818,-3.1981144,2.58257
1751444516081,1488204302,-4.248818,-3.1981144,2.58257
1751444516098,1488220969,-5.292432,-2.749788,2.3917418
1751444516098,1488220969,-5.292432,-2.749788,2.3917418
1751444516115,1488237636,-6.199615,-2.4973028,1.8552275
1751444516115,1488237636,-6.199615,-2.4973028,1.8552275
1751444516131,1488254303,-6.393711,-1.814374,1.4266586
1751444516131,1488254303,-6.393711,-1.814374,1.4266586
1751444516148,1488270970,-8.044315,-1.5847522,0.33892536
1751444516148,1488270970,-8.044315,-1.5847522,0.33892536
1751444516165,1488287637,-8.171067,-2.3816044,-0.14446068
1751444516165,1488287637,-8.171067,-2.3816044,-0.14446068
1751444516181,1488304304,-8.993431,-2.8178504,-1.4281654
1751444516181,1488304304,-8.993431,-2.8178504,-1.4281654
1751444516198,1488320971,-10.246163,-2.819252,-3.051621
1751444516198,1488320971,-10.246163,-2.819252,-3.051621
1751444516215,1488337638,-10.994789,-2.975427,-4.666008
1751444516215,1488337638,-10.994789,-2.975427,-4.666008
1751444516231,1488354305,-11.930148,-2.5980153,-5.8849173
1751444516231,1488354305,-11.930148,-2.5980153,-5.8849173
1751444516248,1488370972,-11.727206,-2.3275518,-5.8372946
1751444516248,1488370972,-11.727206,-2.3275518,-5.8372946
1751444516265,1488387639,-10.504248,-2.259595,-4.8314714
1751444516265,1488387639,-10.504248,-2.259595,-4.8314714
1751444516281,1488404306,-8.883925,-1.7972605,-3.59967
1751444516281,1488404306,-8.883925,-1.7972605,-3.59967
1751444516298,1488420973,-6.7443695,-0.3436676,-2.396617
1751444516298,1488420973,-6.7443695,-0.3436676,-2.396617
1751444516315,1488437640,9.402988,11.572929,10.008118
1751444516315,1488437640,9.402988,11.572929,10.008118
1751444516331,1488454307,3.3146653,-8.666607,8.484697
1751444516331,1488454307,3.3146653,-8.666607,8.484697
1751444516348,1488470974,-11.095498,-6.2023597,-7.767378
1751444516348,1488470974,-11.095498,-6.2023597,-7.767378
1751444516365,1488487641,-7.087479,0.55220777,6.1881657
1751444516365,1488487641,-7.087479,0.55220777,6.1881657
1751444516381,1488504308,6.1259956,-3.215128,0.672246
1751444516381,1488504308,6.1259956,-3.215128,0.672246
1751444516398,1488520975,-11.118227,5.8856378,-5.743968
1751444516398,1488520975,-11.118227,5.8856378,-5.743968
1751444516415,1488537642,-5.3239946,2.7469702,3.9350452
1751444516415,1488537642,-5.3239946,2.7469702,3.9350452
1751444516431,1488554309,1.2059623,-1.4308188,-0.8992777
1751444516431,1488554309,1.2059623,-1.4308188,-0.8992777
1751444516448,1488570976,1.2157979,-2.4848402,-1.2245512
1751444516448,1488570976,1.2157979,-2.4848402,-1.2245512
1751444516465,1488587643,-2.0445197,0.39887753,1.2290316
1751444516465,1488587643,-2.0445197,0.39887753,1.2290316
1751444516481,1488604310,-2.056274,0.49841177,1.0049362
1751444516481,1488604310,-2.056274,0.49841177,1.0049362
1751444516498,1488620977,-1.1478689,0.17770135,0.45019817
1751444516498,1488620977,-1.1478689,0.17770135,0.45019817
1751444516515,1488637644,-1.4623471,0.6206797,-0.30709553
1751444516515,1488637644,-1.4623471,0.6206797,-0.30709553
1751444516531,1488654311,-0.6539833,-0.32686725,-0.15680027
1751444516531,1488654311,-0.6539833,-0.32686725,-0.15680027
1751444516548,1488670978,-0.225041,-0.8581933,0.43577766
1751444516548,1488670978,-0.225041,-0.8581933,0.43577766
1751444516565,1488687645,-1.3009131,0.35735077,0.121432304
1751444516565,1488687645,-1.3009131,0.35735077,0.121432304
1751444516581,1488704312,-1.7197131,0.6800906,0.51280403
1751444516581,1488704312,-1.7197131,0.6800906,0.51280403
1751444516598,1488720979,-1.1524012,0.28705204,0.79332066
1751444516598,1488720979,-1.1524012,0.28705204,0.79332066
1751444516615,1488737646,-1.2038164,0.12400996,0.4706478
1751444516615,1488737646,-1.2038164,0.12400996,0.4706478
1751444516631,1488754313,-0.9684585,-0.022893539,0.32996655
1751444516631,1488754313,-0.9684585,-0.022893539,0.32996655
1751444516648,1488770980,-1.1552203,0.2362095,0.4137392
1751444516648,1488770980,-1.1552203,0.2362095,0.4137392
1751444516665,1488787647,-0.8235717,0.21660982,0.09347916
1751444516665,1488787647,-0.8235717,0.21660982,0.09347916
1751444516681,1488804314,-0.24370015,-0.29118297,-0.10766125
1751444516681,1488804314,-0.24370015,-0.29118297,-0.10766125
1751444516698,1488820981,0.20875168,-0.46975115,0.052239418
1751444516698,1488820981,0.20875168,-0.46975115,0.052239418
1751444516715,1488837648,0.13805567,-0.42881718,-0.07296562
1751444516715,1488837648,0.13805567,-0.42881718,-0.07296562
1751444516731,1488854315,-0.2180748,-0.08501265,-0.046390533
1751444516731,1488854315,-0.2180748,-0.08501265,-0.046390533
1751444516748,1488870982,-0.6019747,0.15506083,0.013537407
1751444516748,1488870982,-0.6019747,0.15506083,0.013537407
1751444516765,1488887649,-0.919167,0.01778839,-0.11204624
1751444516765,1488887649,-0.919167,0.01778839,-0.11204624
1751444516781,1488904316,-0.6222982,-1.2056856,0.1668768
1751444516781,1488904316,-0.6222982,-1.2056856,0.1668768
1751444516798,1488920983,-0.73866725,0.12721413,0.13493633
1751444516798,1488920983,-0.73866725,0.12721413,0.13493633
1751444516815,1488937650,-0.062090557,0.51496977,0.44983292
1751444516815,1488937650,-0.062090557,0.51496977,0.44983292
1751444516831,1488954317,-0.8946272,0.6431502,0.3626976
1751444516831,1488954317,-0.8946272,0.6431502,0.3626976
1751444516848,1488970984,-0.43259776,1.0712227,0.946723
1751444516848,1488970984,-0.43259776,1.0712227,0.946723
1751444516865,1488987651,-0.505881,1.2355794,1.083519
1751444516865,1488987651,-0.505881,1.2355794,1.083519
1751444516881,1489004318,-0.3398943,1.1859782,1.4032459
1751444516881,1489004318,-0.3398943,1.1859782,1.4032459
1751444516898,1489020985,-0.041696623,1.0537405,1.4402056
1751444516898,1489020985,-0.041696623,1.0537405,1.4402056
1751444516915,1489037652,0.16181405,0.95068645,1.188818
1751444516915,1489037652,0.16181405,0.95068645,1.188818
1751444516931,1489054319,0.3086074,0.92539907,1.2760191
1751444516931,1489054319,0.3086074,0.92539907,1.2760191
1751444516948,1489070986,0.859445,0.68883944,1.4574814
1751444516948,1489070986,0.859445,0.68883944,1.4574814
1751444516965,1489087653,1.3527002,0.5872712,1.5783844
1751444516965,1489087653,1.3527002,0.5872712,1.5783844
1751444516981,1489104320,1.2879255,1.0655847,1.6400881
1751444516981,1489104320,1.2879255,1.0655847,1.6400881
1751444516998,1489120987,1.9054153,1.7493664,2.186265
1751444516998,1489120987,1.9054153,1.7493664,2.186265
1751444517015,1489137654,3.2947786,3.4642344,3.4244022
1751444517015,1489137654,3.2947786,3.4642344,3.4244022
1751444517031,1489154321,5.459375,3.2799153,4.3077335
1751444517031,1489154321,5.459375,3.2799153,4.3077335
1751444517048,1489170988,5.9863296,6.5277853,2.912963
1751444517048,1489170988,5.9863296,6.5277853,2.912963
1751444517065,1489187655,8.01888,8.033182,3.695609
1751444517065,1489187655,8.01888,8.033182,3.695609
1751444517081,1489204322,16.049736,2.1320221,0.15003204
1751444517081,1489204322,16.049736,2.1320221,0.15003204
1751444517098,1489220989,14.32102,-1.2765671,-3.1769423
1751444517098,1489220989,14.32102,-1.2765671,-3.1769423
1751444517115,1489237656,5.6203885,-6.5326266,-0.95335007
1751444517115,1489237656,5.6203885,-6.5326266,-0.95335007
1751444517131,1489254323,-1.0805511,-2.633246,4.41994
1751444517131,1489254323,-1.0805511,-2.633246,4.41994
1751444517148,1489270990,7.6619964,2.3686478,3.814416
1751444517148,1489270990,7.6619964,2.3686478,3.814416
1751444517165,1489287657,8.600919,3.4361026,0.5223179
1751444517165,1489287657,8.600919,3.4361026,0.5223179
1751444517181,1489304324,6.005092,-0.26587978,-3.7585254
1751444517181,1489304324,6.005092,-0.26587978,-3.7585254
1751444517198,1489320991,5.38469,-1.7721316,-7.7042475
1751444517198,1489320991,5.38469,-1.7721316,-7.7042475
1751444517215,1489337658,5.1461015,-0.67934406,-8.572295
1751444517215,1489337658,5.1461015,-0.67934406,-8.572295
1751444517231,1489354325,5.457489,2.015128,-7.466115
1751444517231,1489354325,5.457489,2.015128,-7.466115
1751444517248,1489370992,5.1258774,1.1972142,-7.63359
1751444517248,1489370992,5.1258774,1.1972142,-7.63359
1751444517265,1489387659,5.2820005,-0.47388244,-8.01778
1751444517265,1489387659,5.2820005,-0.47388244,-8.01778
1751444517281,1489404326,5.89714,-0.30798325,-6.7957597
1751444517281,1489404326,5.89714,-0.30798325,-6.7957597
1751444517298,1489420993,5.804878,0.663691,-5.008274
1751444517298,1489420993,5.804878,0.663691,-5.008274
1751444517315,1489437660,4.3768587,1.3026135,-2.830412
1751444517315,1489437660,4.3768587,1.3026135,-2.830412
1751444517331,1489454327,2.8692207,1.8720939,-0.39042473
1751444517331,1489454327,2.8692207,1.8720939,-0.39042473
1751444517348,1489470994,1.5919158,2.0360022,2.047206
1751444517348,1489470994,1.5919158,2.0360022,2.047206
1751444517365,1489487661,-0.72262967,1.6122718,3.9277792
1751444517365,1489487661,-0.72262967,1.6122718,3.9277792
1751444517381,1489504328,-1.9091132,0.32702717,5.2459745
1751444517381,1489504328,-1.9091132,0.32702717,5.2459745
1751444517398,1489520995,-4.1534348,-0.11994331,5.377887
1751444517398,1489520995,-4.1534348,-0.11994331,5.377887
1751444517415,1489537662,-4.254512,-0.7744179,5.161376
1751444517415,1489537662,-4.254512,-0.7744179,5.161376
1751444517431,1489554329,-3.200693,-2.3876622,6.0474777
1751444517431,1489554329,-3.200693,-2.3876622,6.0474777
1751444517448,1489570996,-5.7637787,-3.4401805,6.159377
1751444517448,1489570996,-5.7637787,-3.4401805,6.159377
1751444517465,1489587663,-7.1529975,-3.7278647,5.692073
1751444517465,1489587663,-7.1529975,-3.7278647,5.692073
1751444517481,1489604330,-8.08809,-3.6074522,3.407364
1751444517481,1489604330,-8.08809,-3.6074522,3.407364
1751444517498,1489620997,-10.6212435,-2.3423471,2.221099
1751444517498,1489620997,-10.6212435,-2.3423471,2.221099
1751444517515,1489637664,-15.912122,-3.5059729,-2.1989398
1751444517515,1489637664,-15.912122,-3.5059729,-2.1989398
1751444517531,1489654331,-21.932018,-6.0614347,-12.017051
1751444517531,1489654331,-21.932018,-6.0614347,-12.017051
1751444517548,1489670998,-19.75826,-4.4673033,-11.802227
1751444517548,1489670998,-19.75826,-4.4673033,-11.802227
1751444517565,1489687665,-8.799849,-5.6285625,-3.721798
1751444517565,1489687665,-8.799849,-5.6285625,-3.721798
1751444517581,1489704332,-8.681656,-5.4343395,-3.5583568
1751444517581,1489704332,-8.681656,-5.4343395,-3.5583568
1751444517598,1489720999,-8.583203,-3.8715148,-2.3397493
1751444517598,1489720999,-8.583203,-3.8715148,-2.3397493
1751444517615,1489737666,-7.82197,-3.3706458,-1.3143578
1751444517615,1489737666,-7.82197,-3.3706458,-1.3143578
1751444517631,1489754333,-2.1843328,-6.4408627,-0.17158699
1751444517631,1489754333,-2.1843328,-6.4408627,-0.17158699
1751444517648,1489771000,0.17432211,-4.566062,-0.17080402
1751444517648,1489771000,0.17432211,-4.566062,-0.17080402
1751444517665,1489787667,5.848141,2.8716774,7.9667835
1751444517665,1489787667,5.848141,2.8716774,7.9667835
1751444517681,1489804334,2.122229,0.61047345,11.5655575
1751444517681,1489804334,2.122229,0.61047345,11.5655575
1751444517698,1489821001,-21.336172,11.44077,-5.879816
1751444517698,1489821001,-21.336172,11.44077,-5.879816
1751444517715,1489837668,-6.709351,8.415175,4.3542213
1751444517715,1489837668,-6.709351,8.415175,4.3542213
1751444517731,1489854335,0.87007684,-1.7957737,-2.2461557
1751444517731,1489854335,0.87007684,-1.7957737,-2.2461557
1751444517748,1489871002,2.0663152,-3.110876,-0.2611723
1751444517748,1489871002,2.0663152,-3.110876,-0.2611723
1751444517765,1489887669,-0.18384139,-0.9329726,-0.713953
1751444517765,1489887669,-0.18384139,-0.9329726,-0.713953
1751444517781,1489904336,-1.864404,0.008454825,0.6017246
1751444517781,1489904336,-1.864404,0.008454825,0.6017246
1751444517798,1489921003,-1.3328366,-0.041356266,0.99004936
1751444517798,1489921003,-1.3328366,-0.041356266,0.99004936
1751444517815,1489937670,-1.2636349,0.15364923,0.12107563
1751444517815,1489937670,-1.2636349,0.15364923,0.12107563
1751444517831,1489954337,-0.78290796,0.49166018,0.4271412
1751444517831,1489954337,-0.78290796,0.49166018,0.4271412
1751444517848,1489971004,-1.2592595,0.41040766,0.30990028
1751444517848,1489971004,-1.2592595,0.41040766,0.30990028
1751444517865,1489987671,-0.038077094,-0.70130545,-0.00090026855
1751444517865,1489987671,-0.038077094,-0.70130545,-0.00090026855
1751444517881,1490004338,-0.07829588,-0.94536906,0.3775282
1751444517881,1490004338,-0.07829588,-0.94536906,0.3775282
1751444517898,1490021005,-0.5463037,0.021812685,0.41016293
1751444517898,1490021005,-0.5463037,0.021812685,0.41016293
1751444517915,1490037672,-0.7055264,0.3415953,0.28070164
1751444517915,1490037672,-0.7055264,0.3415953,0.28070164
1751444517931,1490054339,-0.6716778,0.09038294,0.34486103
1751444517931,1490054339,-0.6716778,0.09038294,0.34486103
1751444517948,1490071006,-0.792641,0.06810641,0.33136177
1751444517948,1490071006,-0.792641,0.06810641,0.33136177
1751444517965,1490087673,-0.34447968,-0.36788136,0.25696754
1751444517965,1490087673,-0.34447968,-0.36788136,0.25696754
1751444517981,1490104340,-0.37267467,-0.094962835,0.38483906
1751444517981,1490104340,-0.37267467,-0.094962835,0.38483906
1751444517998,1490121007,-0.6713692,0.37907287,0.52050304
1751444517998,1490121007,-0.6713692,0.37907287,0.52050304
1751444518015,1490137674,-0.782136,0.41486144,0.38981915
1751444518015,1490137674,-0.782136,0.41486144,0.38981915
1751444518031,1490154341,-1.169355,-1.2678665,0.36763668
1751444518031,1490154341,-1.169355,-1.2678665,0.36763668
1751444518048,1490171008,0.578946,0.97736996,0.43602943
1751444518048,1490171008,0.578946,0.97736996,0.43602943
1751444518065,1490187675,-0.83211493,-0.0139842555,-0.5983753
1751444518065,1490187675,-0.83211493,-0.0139842555,-0.5983753
1751444518081,1490204342,-0.51259524,0.0500493,-0.0017118454
1751444518081,1490204342,-0.51259524,0.0500493,-0.0017118454
1751444518098,1490221009,-0.16336073,0.36373505,0.14729786
1751444518098,1490221009,-0.16336073,0.36373505,0.14729786
1751444518115,1490237676,0.17025867,0.38640898,0.64610004
1751444518115,1490237676,0.17025867,0.38640898,0.64610004
1751444518131,1490254343,0.08843603,0.64756924,0.9694252
1751444518131,1490254343,0.08843603,0.64756924,0.9694252
1751444518148,1490271010,0.3822732,0.8585547,1.1925201
1751444518148,1490271010,0.3822732,0.8585547,1.1925201
1751444518165,1490287677,0.3181242,0.89029145,1.1806517
1751444518165,1490287677,0.3181242,0.89029145,1.1806517
1751444518181,1490304344,0.34126806,1.0341402,1.2564898
1751444518181,1490304344,0.34126806,1.0341402,1.2564898
1751444518198,1490321011,-0.005668624,1.183405,1.1126928
1751444518198,1490321011,-0.005668624,1.183405,1.1126928
1751444518215,1490337678,0.5958777,0.8162738,1.1767006
1751444518215,1490337678,0.5958777,0.8162738,1.1767006
1751444518231,1490354345,1.3525195,0.4165365,1.5195904
1751444518231,1490354345,1.3525195,0.4165365,1.5195904
1751444518248,1490371012,1.8890973,0.7077977,2.2778606
1751444518248,1490371012,1.8890973,0.7077977,2.2778606
1751444518265,1490387679,3.1347373,0.7243618,3.216134
1751444518265,1490387679,3.1347373,0.7243618,3.216134
1751444518281,1490404346,3.4473543,1.6833367,3.1087713
1751444518281,1490404346,3.4473543,1.6833367,3.1087713
1751444518298,1490421013,3.695741,2.628459,2.4934301
1751444518298,1490421013,3.695741,2.628459,2.4934301
1751444518315,1490437680,5.477886,3.565799,2.7500982
1751444518315,1490437680,5.477886,3.565799,2.7500982
1751444518331,1490454347,8.665622,3.171254,2.5435848
1751444518331,1490454347,8.665622,3.171254,2.5435848
1751444518348,1490471014,12.636328,2.0530374,-0.26956558
1751444518348,1490471014,12.636328,2.0530374,-0.26956558
1751444518365,1490487681,14.3424835,1.666314,-3.0922017
1751444518365,1490487681,14.3424835,1.666314,-3.0922017
1751444518381,1490504348,7.812889,-1.0719572,-1.75142
1751444518381,1490504348,7.812889,-1.0719572,-1.75142
1751444518398,1490521015,-2.3263578,-4.352946,3.4191751
1751444518398,1490521015,-2.3263578,-4.352946,3.4191751
1751444518415,1490537682,5.041291,-2.9517632,3.116665
1751444518415,1490537682,5.041291,-2.9517632,3.116665
1751444518431,1490554349,11.977123,1.2353053,-1.4255552
1751444518431,1490554349,11.977123,1.2353053,-1.4255552
1751444518448,1490571016,5.695037,3.9006484,-3.0793304
1751444518448,1490571016,5.695037,3.9006484,-3.0793304
1751444518465,1490587683,7.1049566,1.5536865,-5.9859886
1751444518465,1490587683,7.1049566,1.5536865,-5.9859886
1751444518481,1490604350,7.9810476,0.766742,-7.389614
1751444518481,1490604350,7.9810476,0.766742,-7.389614
1751444518498,1490621017,7.1059546,0.032113895,-8.7863035
1751444518498,1490621017,7.1059546,0.032113895,-8.7863035
1751444518515,1490637684,7.570468,0.384626,-7.874978
1751444518515,1490637684,7.570468,0.384626,-7.874978
1751444518531,1490654351,6.8758636,1.8608565,-6.086891
1751444518531,1490654351,6.8758636,1.8608565,-6.086891
1751444518548,1490671018,5.2018657,2.2679045,-4.715751
1751444518548,1490671018,5.2018657,2.2679045,-4.715751
1751444518565,1490687685,4.1133823,2.8254328,-3.88876
1751444518565,1490687685,4.1133823,2.8254328,-3.88876
1751444518581,1490704352,2.9579108,3.639294,-2.1997542
1751444518581,1490704352,2.9579108,3.639294,-2.1997542
1751444518598,1490721019,0.59773713,4.8968725,0.4673605
1751444518598,1490721019,0.59773713,4.8968725,0.4673605
1751444518615,1490737686,-2.5490415,5.0671897,2.4258795
1751444518615,1490737686,-2.5490415,5.0671897,2.4258795
1751444518631,1490754353,-1.9283543,3.4492652,3.558589
1751444518631,1490754353,-1.9283543,3.4492652,3.558589
1751444518648,1490771020,-1.6184088,1.8920685,4.497493
1751444518648,1490771020,-1.6184088,1.8920685,4.497493
1751444518665,1490787687,-2.8077893,1.0278988,4.633361
1751444518665,1490787687,-2.8077893,1.0278988,4.633361
1751444518681,1490804354,-1.7716343,-0.3067029,5.7285833
1751444518681,1490804354,-1.7716343,-0.3067029,5.7285833
1751444518698,1490821021,-2.0675843,-1.49155,7.29163
1751444518698,1490821021,-2.0675843,-1.49155,7.29163
1751444518715,1490837688,-5.3473587,-3.5890071,8.031071
1751444518715,1490837688,-5.3473587,-3.5890071,8.031071
1751444518731,1490854355,-7.4466796,-5.3270783,7.4006557
1751444518731,1490854355,-7.4466796,-5.3270783,7.4006557
1751444518748,1490871022,-9.631427,-5.493409,4.2474747
1751444518748,1490871022,-9.631427,-5.493409,4.2474747
1751444518765,1490887689,-16.78481,-4.412056,0.24592686
1751444518765,1490887689,-16.78481,-4.412056,0.24592686
1751444518781,1490904356,-21.050112,-9.212413,-9.009344
1751444518781,1490904356,-21.050112,-9.212413,-9.009344
1751444518798,1490921023,-25.243021,-7.4085746,-16.868946
1751444518798,1490921023,-25.243021,-7.4085746,-16.868946
1751444518815,1490937690,-16.664858,-7.7598944,-10.014023
1751444518815,1490937690,-16.664858,-7.7598944,-10.014023
1751444518831,1490954357,-10.254623,-7.331038,-4.4492764
1751444518831,1490954357,-10.254623,-7.331038,-4.4492764
1751444518848,1490971024,-8.076498,-3.4315023,-2.7391443
1751444518848,1490971024,-8.076498,-3.4315023,-2.7391443
1751444518865,1490987691,2.23331,13.775952,6.793108
1751444518865,1490987691,2.23331,13.775952,6.793108
1751444518881,1491004358,12.290212,0.78230673,14.440338
1751444518881,1491004358,12.290212,0.78230673,14.440338
1751444518898,1491021025,-12.252805,-8.428756,-10.1231785
1751444518898,1491021025,-12.252805,-8.428756,-10.1231785
1751444518915,1491037692,-5.651611,-8.188816,6.446125
1751444518915,1491037692,-5.651611,-8.188816,6.446125
1751444518931,1491054359,8.297524,-3.4626853,4.797001
1751444518931,1491054359,8.297524,-3.4626853,4.797001
1751444518948,1491071026,-14.619701,5.7899475,-8.283503
1751444518948,1491071026,-14.619701,5.7899475,-8.283503
1751444518965,1491087693,-12.713718,5.914136,4.8499174
1751444518965,1491087693,-12.713718,5.914136,4.8499174
1751444518981,1491104360,3.1334462,-1.8452532,0.5471544
1751444518981,1491104360,3.1334462,-1.8452532,0.5471544
1751444518998,1491121027,2.9773166,-2.3700402,-3.0778837
1751444518998,1491121027,2.9773166,-2.3700402,-3.0778837
1751444519015,1491137694,0.005536472,-0.862694,0.928936
1751444519015,1491137694,0.005536472,-0.862694,0.928936
1751444519031,1491154361,-1.7903255,0.14763768,0.58350945
1751444519031,1491154361,-1.7903255,0.14763768,0.58350945
1751444519048,1491171028,-1.7826294,0.26761866,1.2986784
1751444519048,1491171028,-1.7826294,0.26761866,1.2986784
1751444519065,1491187695,-1.1818589,0.25661823,-0.014823914
1751444519065,1491187695,-1.1818589,0.25661823,-0.014823914
1751444519081,1491204362,-0.38989326,-0.2556498,-0.5756302
1751444519081,1491204362,-0.38989326,-0.2556498,-0.5756302
1751444519098,1491221029,0.6697352,-0.989045,0.54714584
1751444519098,1491221029,0.6697352,-0.989045,0.54714584
1751444519115,1491237696,-1.2429256,0.31637523,0.120946884
1751444519115,1491237696,-1.2429256,0.31637523,0.120946884
1751444519131,1491254363,-1.0432647,0.33278877,0.17879963
1751444519131,1491254363,-1.0432647,0.33278877,0.17879963
1751444519148,1491271030,0.15619275,-0.46866783,0.37802315
1751444519148,1491271030,0.15619275,-0.46866783,0.37802315
1751444519165,1491287697,-0.0413566,-0.2567598,0.112202644
1751444519165,1491287697,-0.0413566,-0.2567598,0.112202644
1751444519181,1491304364,-0.47641584,-0.13682312,0.09777641
1751444519181,1491304364,-0.47641584,-0.13682312,0.09777641
1751444519198,1491321031,-0.8796255,0.12060636,0.4083929
1751444519198,1491321031,-0.8796255,0.12060636,0.4083929
1751444519215,1491337698,-1.0842226,0.3035819,0.12759781
1751444519215,1491337698,-1.0842226,0.3035819,0.12759781
1751444519231,1491354365,-0.7158558,0.020539947,0.06680012
1751444519231,1491354365,-0.7158558,0.020539947,0.06680012
1751444519248,1491371032,-0.5258836,-0.042951927,0.38954353
1751444519248,1491371032,-0.5258836,-0.042951927,0.38954353
1751444519265,1491387699,-0.60609263,-0.016446978,0.31047726
1751444519265,1491387699,-0.60609263,-0.016446978,0.31047726
1751444519281,1491404366,-0.58576274,-0.058479708,0.1426096
1751444519281,1491404366,-0.58576274,-0.058479708,0.1426096
1751444519298,1491421033,-0.5145593,-0.13368365,-0.015246391
1751444519298,1491421033,-0.5145593,-0.13368365,-0.015246391
1751444519315,1491437700,-0.4930915,-0.052240677,-0.25418282
1751444519315,1491437700,-0.4930915,-0.052240677,-0.25418282
1751444519331,1491454367,-0.12773615,-0.083579876,-0.20194054
1751444519331,1491454367,-0.12773615,-0.083579876,-0.20194054
1751444519348,1491471034,0.30304456,-0.10447409,-0.061881065
1751444519348,1491471034,0.30304456,-0.10447409,-0.061881065
1751444519365,1491487701,0.24640301,0.1380036,0.11700249
1751444519365,1491487701,0.24640301,0.1380036,0.11700249
1751444519381,1491504368,0.0028828701,0.24608698,0.1925478
1751444519381,1491504368,0.0028828701,0.24608698,0.1925478
1751444519398,1491521035,0.092246145,0.27022582,0.40739536
1751444519398,1491521035,0.092246145,0.27022582,0.40739536
1751444519415,1491537702,-0.018295877,0.35332593,0.6607542
1751444519415,1491537702,-0.018295877,0.35332593,0.6607542
1751444519431,1491554369,-0.36946675,0.71227586,0.8651972
1751444519431,1491554369,-0.36946675,0.71227586,0.8651972
1751444519448,1491571036,0.3773619,0.13797042,0.8684721
1751444519448,1491571036,0.3773619,0.13797042,0.8684721
1751444519465,1491587703,-0.2784254,0.4185555,1.3111744
1751444519465,1491587703,-0.2784254,0.4185555,1.3111744
1751444519481,1491604370,0.9057642,0.546285,1.8041105
1751444519481,1491604370,0.9057642,0.546285,1.8041105
1751444519498,1491621037,0.43375763,0.5145976,1.6284618
1751444519498,1491621037,0.43375763,0.5145976,1.6284618
1751444519515,1491637704,0.799585,1.1482495,2.41473
1751444519515,1491637704,0.799585,1.1482495,2.41473
1751444519531,1491654371,1.0160718,1.6066936,3.3510237
1751444519531,1491654371,1.0160718,1.6066936,3.3510237
1751444519548,1491671038,1.2977309,2.3002949,2.6344376
1751444519548,1491671038,1.2977309,2.3002949,2.6344376
1751444519565,1491687705,2.4437175,2.0156171,2.7151155
1751444519565,1491687705,2.4437175,2.0156171,2.7151155
1751444519581,1491704372,3.0279148,2.1757226,2.8040895
1751444519581,1491704372,3.0279148,2.1757226,2.8040895
1751444519598,1491721039,2.7717798,2.7517486,1.8753262
1751444519598,1491721039,2.7717798,2.7517486,1.8753262
1751444519615,1491737706,3.7230592,3.9050784,1.4985704
1751444519615,1491737706,3.7230592,3.9050784,1.4985704
1751444519631,1491754373,5.2316155,3.655899,1.8548231
1751444519631,1491754373,5.2316155,3.655899,1.8548231
1751444519648,1491771040,9.517732,1.4320806,0.2576332
1751444519648,1491771040,9.517732,1.4320806,0.2576332
1751444519665,1491787707,10.226942,1.5221981,-1.1555967
1751444519665,1491787707,10.226942,1.5221981,-1.1555967
1751444519681,1491804374,10.105827,1.2466015,-2.1306458
1751444519681,1491804374,10.105827,1.2466015,-2.1306458
1751444519698,1491821041,6.3359118,-2.202953,-2.0333061
1751444519698,1491821041,6.3359118,-2.202953,-2.0333061
1751444519715,1491837708,-2.084395,-4.6101995,1.3079758
1751444519715,1491837708,-2.084395,-4.6101995,1.3079758
1751444519731,1491854375,5.55457,-0.1365368,1.8700819
1751444519731,1491854375,5.55457,-0.1365368,1.8700819
1751444519748,1491871042,8.48474,3.1732018,-0.37274742
1751444519748,1491871042,8.48474,3.1732018,-0.37274742
1751444519765,1491887709,5.6338434,2.5072258,-4.0365863
1751444519765,1491887709,5.6338434,2.5072258,-4.0365863
1751444519781,1491904376,7.211388,0.4325961,-7.5709047
1751444519781,1491904376,7.211388,0.4325961,-7.5709047
1751444519798,1491921043,7.469375,0.517677,-7.480465
1751444519798,1491921043,7.469375,0.517677,-7.480465
1751444519815,1491937710,6.713101,0.577926,-6.754341
1751444519815,1491937710,6.713101,0.577926,-6.754341
1751444519831,1491954377,7.128121,0.8081682,-5.857006
1751444519831,1491954377,7.128121,0.8081682,-5.857006
1751444519848,1491971044,6.070266,0.9910319,-5.045496
1751444519848,1491971044,6.070266,0.9910319,-5.045496
1751444519865,1491987711,5.796191,1.0810432,-4.605462
1751444519865,1491987711,5.796191,1.0810432,-4.605462
1751444519881,1492004378,4.352135,1.4461097,-3.3820553
1751444519881,1492004378,4.352135,1.4461097,-3.3820553
1751444519898,1492021045,1.1086354,2.7999701,-0.8025379
1751444519898,1492021045,1.1086354,2.7999701,-0.8025379
1751444519915,1492037712,-1.7730125,3.606614,1.7800055
1751444519915,1492037712,-1.7730125,3.606614,1.7800055
1751444519931,1492054379,-2.8841784,3.1332743,2.9255075
1751444519931,1492054379,-2.8841784,3.1332743,2.9255075
1751444519948,1492071046,-3.8093345,1.7482767,3.9360523
1751444519948,1492071046,-3.8093345,1.7482767,3.9360523
1751444519965,1492087713,-5.974227,0.39175385,5.2818565
1751444519965,1492087713,-5.974227,0.39175385,5.2818565
1751444519981,1492104380,-7.183898,-1.8341078,7.0746613
1751444519981,1492104380,-7.183898,-1.8341078,7.0746613
1751444519998,1492121047,-7.1327143,-6.226459,6.4756985
1751444519998,1492121047,-7.1327143,-6.226459,6.4756985
1751444520015,1492137714,-5.512221,-9.914005,3.4002705
1751444520015,1492137714,-5.512221,-9.914005,3.4002705
1751444520031,1492154381,-10.950304,-6.784782,0.75030327
