timestamp_ms,timestamp_μs,freeAcceleration_m/s²_x,freeAcceleration_m/s²_y,freeAcceleration_m/s²_z
1751443508527,480660696,0.06710239,-0.110028274,0.6371813
1751443508527,480660696,0.06710239,-0.110028274,0.6371813
1751443508544,480677363,-0.44407868,-0.0007487684,0.31245804
1751443508544,480677363,-0.44407868,-0.0007487684,0.31245804
1751443508560,480694030,-0.93279475,0.15060583,-0.31593513
1751443508560,480694030,-0.93279475,0.15060583,-0.31593513
1751443508577,480710697,-1.3895828,0.44587085,-0.6850214
1751443508577,480710697,-1.3895828,0.44587085,-0.6850214
1751443508594,480727364,-1.4038923,0.2901159,-0.60448074
1751443508594,480727364,-1.4038923,0.2901159,-0.60448074
1751443508610,480744031,-0.93494624,0.1506778,-0.26382065
1751443508610,480744031,-0.93494624,0.1506778,-0.26382065
1751443508627,480760698,-0.5698657,0.018052807,-0.61805725
1751443508627,480760698,-0.5698657,0.018052807,-0.61805725
1751443508644,480777365,-0.5220455,-0.29206952,-1.5007019
1751443508644,480777365,-0.5220455,-0.29206952,-1.5007019
1751443508660,480794032,-1.0423795,-0.44055143,-2.99014
1751443508660,480794032,-1.0423795,-0.44055143,-2.99014
1751443508677,480810699,-1.294359,-0.2406205,-3.4770522
1751443508677,480810699,-1.294359,-0.2406205,-3.4770522
1751443508694,480827366,-0.47800368,0.0042365203,-2.3856368
1751443508694,480827366,-0.47800368,0.0042365203,-2.3856368
1751443508710,480844033,1.1677442,0.19866636,-1.5090752
1751443508710,480844033,1.1677442,0.19866636,-1.5090752
1751443508727,480860700,2.1086001,0.5781986,-0.9052181
1751443508727,480860700,2.1086001,0.5781986,-0.9052181
1751443508744,480877367,1.8172547,0.6307752,-1.203475
1751443508744,480877367,1.8172547,0.6307752,-1.203475
1751443508760,480894034,1.487785,0.7684079,-1.338974
1751443508760,480894034,1.487785,0.7684079,-1.338974
1751443508777,480910701,1.9909946,0.962783,-0.23504734
1751443508777,480910701,1.9909946,0.962783,-0.23504734
1751443508794,480927368,2.8475883,1.0337071,1.0857248
1751443508794,480927368,2.8475883,1.0337071,1.0857248
1751443508810,480944035,3.1619134,1.0085323,1.4554186
1751443508810,480944035,3.1619134,1.0085323,1.4554186
1751443508827,480960702,3.1973753,0.93063,0.61430645
1751443508827,480960702,3.1973753,0.93063,0.61430645
1751443508844,480977369,2.751662,0.49530458,-0.23391342
1751443508844,480977369,2.751662,0.49530458,-0.23391342
1751443508860,480994036,2.3358114,0.54752606,-1.0722713
1751443508860,480994036,2.3358114,0.54752606,-1.0722713
1751443508877,481010703,1.2932773,0.8992641,-1.7810497
1751443508877,481010703,1.2932773,0.8992641,-1.7810497
1751443508894,481027370,1.370169,0.86163807,-1.4369783
1751443508894,481027370,1.370169,0.86163807,-1.4369783
1751443508910,481044037,1.6829189,1.1778567,-1.2479506
1751443508910,481044037,1.6829189,1.1778567,-1.2479506
1751443508927,481060704,2.4629333,1.3348923,-0.6451206
1751443508927,481060704,2.4629333,1.3348923,-0.6451206
1751443508944,481077371,3.0462897,1.8396162,0.14327335
1751443508944,481077371,3.0462897,1.8396162,0.14327335
1751443508960,481094038,3.331405,1.918412,0.6727209
1751443508960,481094038,3.331405,1.918412,0.6727209
1751443508977,481110705,2.6522276,1.4416255,0.7953167
1751443508977,481110705,2.6522276,1.4416255,0.7953167
1751443508994,481127372,1.8710523,1.0856032,0.89322853
1751443508994,481127372,1.8710523,1.0856032,0.89322853
1751443509010,481144039,1.7086121,-0.0919434,1.1247997
1751443509010,481144039,1.7086121,-0.0919434,1.1247997
1751443509027,481160706,1.171936,-0.67287534,0.80894756
1751443509027,481160706,1.171936,-0.67287534,0.80894756
1751443509044,481177373,1.1818742,-0.9951838,0.3441267
1751443509044,481177373,1.1818742,-0.9951838,0.3441267
1751443509060,481194040,0.6506182,-0.86129975,-0.5568104
1751443509060,481194040,0.6506182,-0.86129975,-0.5568104
1751443509077,481210707,0.91892445,-0.8353237,-1.2513466
1751443509077,481210707,0.91892445,-0.8353237,-1.2513466
1751443509094,481227374,1.6294425,-0.5057228,-1.0452099
1751443509094,481227374,1.6294425,-0.5057228,-1.0452099
1751443509110,481244041,1.5523151,-0.29538602,-1.6288643
1751443509110,481244041,1.5523151,-0.29538602,-1.6288643
1751443509127,481260708,1.9424763,-0.64049804,-0.060180664
1751443509127,481260708,1.9424763,-0.64049804,-0.060180664
1751443509144,481277375,0.6068518,-1.5287745,-0.103126526
1751443509144,481277375,0.6068518,-1.5287745,-0.103126526
1751443509160,481294042,0.42488357,-1.4684075,-0.47152805
1751443509160,481294042,0.42488357,-1.4684075,-0.47152805
1751443509177,481310709,0.5087833,-1.1190772,-0.62723446
1751443509177,481310709,0.5087833,-1.1190772,-0.62723446
1751443509194,481327376,0.95603853,-0.9215086,-0.37085247
1751443509194,481327376,0.95603853,-0.9215086,-0.37085247
1751443509210,481344043,1.1048014,-1.0047178,0.03570366
1751443509210,481344043,1.1048014,-1.0047178,0.03570366
1751443509227,481360710,0.95553476,-1.0467168,0.29806137
1751443509227,481360710,0.95553476,-1.0467168,0.29806137
1751443509244,481377377,0.8165986,-1.0233423,0.27603722
1751443509244,481377377,0.8165986,-1.0233423,0.27603722
1751443509260,481394044,0.8560523,-0.658611,0.25007725
1751443509260,481394044,0.8560523,-0.658611,0.25007725
1751443509277,481410711,1.0382844,-0.28913188,0.06260967
1751443509277,481410711,1.0382844,-0.28913188,0.06260967
1751443509294,481427378,0.8353552,0.39037493,-0.059280396
1751443509294,481427378,0.8353552,0.39037493,-0.059280396
1751443509310,481444045,0.50159794,0.5893416,-0.30117893
1751443509310,481444045,0.50159794,0.5893416,-0.30117893
1751443509327,481460712,0.25752768,0.35723004,-0.38656902
1751443509327,481460712,0.25752768,0.35723004,-0.38656902
1751443509344,481477379,0.13633902,0.37719387,-0.24386501
1751443509344,481477379,0.13633902,0.37719387,-0.24386501
1751443509360,481494046,-0.046873406,0.39796427,-0.17190647
1751443509360,481494046,-0.046873406,0.39796427,-0.17190647
1751443509377,481510713,-0.3313137,0.3504549,0.0015087128
1751443509377,481510713,-0.3313137,0.3504549,0.0015087128
1751443509394,481527380,-0.49053365,0.109918304,0.051662445
1751443509394,481527380,-0.49053365,0.109918304,0.051662445
1751443509410,481544047,-0.28803912,0.21064956,0.11452675
1751443509410,481544047,-0.28803912,0.21064956,0.11452675
1751443509427,481560714,-0.12414851,0.43619716,0.3245535
1751443509427,481560714,-0.12414851,0.43619716,0.3245535
1751443509444,481577381,-0.15544957,0.62082547,0.6204052
1751443509444,481577381,-0.15544957,0.62082547,0.6204052
1751443509460,481594048,-0.22438952,0.7800351,0.5683336
1751443509460,481594048,-0.22438952,0.7800351,0.5683336
1751443509477,481610715,-0.18011282,0.6035546,0.41140842
1751443509477,481610715,-0.18011282,0.6035546,0.41140842
1751443509494,481627382,-0.08692162,0.32787752,0.22621822
1751443509494,481627382,-0.08692162,0.32787752,0.22621822
1751443509510,481644049,0.21055332,0.24694733,0.24441338
1751443509510,481644049,0.21055332,0.24694733,0.24441338
1751443509527,481660716,0.3572521,0.27799526,0.3274107
1751443509527,481660716,0.3572521,0.27799526,0.3274107
1751443509544,481677383,0.49751303,0.3803117,0.52804565
1751443509544,481677383,0.49751303,0.3803117,0.52804565
1751443509560,481694050,0.4816048,0.54276013,0.54573536
1751443509560,481694050,0.4816048,0.54276013,0.54573536
1751443509577,481710717,0.6733968,0.3786905,0.83579254
1751443509577,481710717,0.6733968,0.3786905,0.83579254
1751443509594,481727384,0.8826051,0.18863449,1.3196173
1751443509594,481727384,0.8826051,0.18863449,1.3196173
1751443509610,481744051,0.95263827,0.25413394,1.4704151
1751443509610,481744051,0.95263827,0.25413394,1.4704151
1751443509627,481760718,1.0517943,0.21774615,0.96041584
1751443509627,481760718,1.0517943,0.21774615,0.96041584
1751443509644,481777385,1.180722,0.057624377,0.56669426
1751443509644,481777385,1.180722,0.057624377,0.56669426
1751443509660,481794052,1.2465796,-0.36503896,0.69822216
1751443509660,481794052,1.2465796,-0.36503896,0.69822216
1751443509677,481810719,1.0594686,-0.8109515,1.1502199
1751443509677,481810719,1.0594686,-0.8109515,1.1502199
1751443509694,481827386,0.6530125,-0.837435,1.4732418
1751443509694,481827386,0.6530125,-0.837435,1.4732418
1751443509710,481844053,0.43851975,-0.7677274,0.89272213
1751443509710,481844053,0.43851975,-0.7677274,0.89272213
1751443509727,481860720,0.6092902,-0.800138,1.0405626
1751443509727,481860720,0.6092902,-0.800138,1.0405626
1751443509744,481877387,0.12254416,-0.09013931,1.4805975
1751443509744,481877387,0.12254416,-0.09013931,1.4805975
1751443509760,481894054,0.31563154,0.08658076,0.9775295
1751443509760,481894054,0.31563154,0.08658076,0.9775295
1751443509777,481910721,0.41188794,0.013637699,0.6183367
1751443509777,481910721,0.41188794,0.013637699,0.6183367
1751443509794,481927388,0.32699654,0.0638372,0.29201698
1751443509794,481927388,0.32699654,0.0638372,0.29201698
1751443509810,481944055,0.38454092,0.22669695,-0.25879288
1751443509810,481944055,0.38454092,0.22669695,-0.25879288
1751443509827,481960722,0.23473121,0.081370056,-1.17661
1751443509827,481960722,0.23473121,0.081370056,-1.17661
1751443509844,481977389,-0.21362187,-0.13524668,-1.3506136
1751443509844,481977389,-0.21362187,-0.13524668,-1.3506136
1751443509860,481994056,-0.23866367,-0.41098735,-1.1983404
1751443509860,481994056,-0.23866367,-0.41098735,-1.1983404
1751443509877,482010723,-0.5452953,-0.6262422,-0.9943733
1751443509877,482010723,-0.5452953,-0.6262422,-0.9943733
1751443509894,482027390,-0.44489616,-1.0540916,-1.1032944
1751443509894,482027390,-0.44489616,-1.0540916,-1.1032944
1751443509910,482044057,-0.31731433,-1.2812773,-0.8700237
1751443509910,482044057,-0.31731433,-1.2812773,-0.8700237
1751443509927,482060724,-0.3268569,-1.5837777,-0.17574501
1751443509927,482060724,-0.3268569,-1.5837777,-0.17574501
1751443509944,482077391,0.042413484,-1.3048936,-0.5506487
1751443509944,482077391,0.042413484,-1.3048936,-0.5506487
1751443509960,482094058,0.3856725,-1.2077489,-0.9764147
1751443509960,482094058,0.3856725,-1.2077489,-0.9764147
1751443509977,482110725,0.47899777,-1.2703388,-0.9105072
1751443509977,482110725,0.47899777,-1.2703388,-0.9105072
1751443509994,482127392,0.5218824,-1.3012028,-0.8072109
1751443509994,482127392,0.5218824,-1.3012028,-0.8072109
1751443510010,482144059,0.6462905,-1.0169247,-0.60480976
1751443510010,482144059,0.6462905,-1.0169247,-0.60480976
1751443510027,482160726,0.72161055,-0.7770372,0.08524704
1751443510027,482160726,0.72161055,-0.7770372,0.08524704
1751443510044,482177393,1.1695515,-0.9171861,-0.06903839
1751443510044,482177393,1.1695515,-0.9171861,-0.06903839
1751443510060,482194060,0.997311,-0.947843,0.030130386
1751443510060,482194060,0.997311,-0.947843,0.030130386
1751443510077,482210727,0.6267112,-1.0658146,0.12748814
1751443510077,482210727,0.6267112,-1.0658146,0.12748814
1751443510094,482227394,0.7030524,-0.85952497,-0.053002357
1751443510094,482227394,0.7030524,-0.85952497,-0.053002357
1751443510110,482244061,0.84726924,-0.53720945,-0.50522995
1751443510110,482244061,0.84726924,-0.53720945,-0.50522995
1751443510127,482260728,0.83992,-0.17735915,-0.35460377
1751443510127,482260728,0.83992,-0.17735915,-0.35460377
1751443510144,482277395,0.60550714,-0.03398034,-0.4189186
1751443510144,482277395,0.60550714,-0.03398034,-0.4189186
1751443510160,482294062,0.4006573,0.04799723,-0.83835506
1751443510160,482294062,0.4006573,0.04799723,-0.83835506
1751443510177,482310729,0.2638427,0.22426979,-0.80555534
1751443510177,482310729,0.2638427,0.22426979,-0.80555534
1751443510194,482327396,0.7037687,0.73741204,-0.9699507
1751443510194,482327396,0.7037687,0.73741204,-0.9699507
1751443510210,482344063,0.7026213,0.75953454,-0.94692326
1751443510210,482344063,0.7026213,0.75953454,-0.94692326
1751443510227,482360730,0.6311542,0.504854,-1.0282593
1751443510227,482360730,0.6311542,0.504854,-1.0282593
1751443510244,482377397,0.5693919,0.2362945,-1.2294979
1751443510244,482377397,0.5693919,0.2362945,-1.2294979
1751443510260,482394064,0.7375337,0.2920687,-1.3318901
1751443510260,482394064,0.7375337,0.2920687,-1.3318901
1751443510277,482410731,1.2088529,0.26990223,-1.1153774
1751443510277,482410731,1.2088529,0.26990223,-1.1153774
1751443510294,482427398,1.4427198,-0.043017972,-0.91305256
1751443510294,482427398,1.4427198,-0.043017972,-0.91305256
1751443510310,482444065,1.1934087,-0.3010731,-0.9353199
1751443510310,482444065,1.1934087,-0.3010731,-0.9353199
1751443510327,482460732,0.7419504,-0.50483286,-0.7432556
1751443510327,482460732,0.7419504,-0.50483286,-0.7432556
1751443510344,482477399,0.38743743,-0.5123963,-0.5928364
1751443510344,482477399,0.38743743,-0.5123963,-0.5928364
1751443510360,482494066,0.16753481,-0.59156984,-0.39650917
1751443510360,482494066,0.16753481,-0.59156984,-0.39650917
1751443510377,482510733,0.0964317,-0.45905018,-0.3076296
1751443510377,482510733,0.0964317,-0.45905018,-0.3076296
1751443510394,482527400,0.25630382,-0.24580841,-0.36648083
1751443510394,482527400,0.25630382,-0.24580841,-0.36648083
1751443510410,482544067,0.5061812,-0.13949354,-0.34893227
1751443510410,482544067,0.5061812,-0.13949354,-0.34893227
1751443510427,482560734,0.60665685,0.006883417,-0.09857178
1751443510427,482560734,0.60665685,0.006883417,-0.09857178
1751443510444,482577401,0.5109183,-0.0083599435,0.11215687
1751443510444,482577401,0.5109183,-0.0083599435,0.11215687
1751443510460,482594068,0.069601156,0.06254647,0.20924473
1751443510460,482594068,0.069601156,0.06254647,0.20924473
1751443510477,482610735,-0.20067479,0.17412966,-0.01510334
1751443510477,482610735,-0.20067479,0.17412966,-0.01510334
1751443510494,482627402,-0.16170482,0.118254334,-0.23714352
1751443510494,482627402,-0.16170482,0.118254334,-0.23714352
1751443510510,482644069,-0.06315303,0.071491346,-0.26676273
1751443510510,482644069,-0.06315303,0.071491346,-0.26676273
1751443510527,482660736,0.08333935,-0.02545237,-0.29160786
1751443510527,482660736,0.08333935,-0.02545237,-0.29160786
1751443510544,482677403,0.18194938,-0.10693346,-0.44440556
1751443510544,482677403,0.18194938,-0.10693346,-0.44440556
1751443510560,482694070,0.25961438,-0.2849651,-0.7076378
1751443510560,482694070,0.25961438,-0.2849651,-0.7076378
1751443510577,482710737,0.32965216,-0.31598613,-0.8325758
1751443510577,482710737,0.32965216,-0.31598613,-0.8325758
1751443510594,482727404,0.30788276,-0.580418,-0.80904865
1751443510594,482727404,0.30788276,-0.580418,-0.80904865
1751443510610,482744071,0.4634668,-0.52992433,-0.58294487
1751443510610,482744071,0.4634668,-0.52992433,-0.58294487
1751443510627,482760738,0.56077725,-0.21316046,-0.097421646
1751443510627,482760738,0.56077725,-0.21316046,-0.097421646
1751443510644,482777405,0.6291616,0.14555684,0.13501644
1751443510644,482777405,0.6291616,0.14555684,0.13501644
1751443510660,482794072,0.3882496,0.38839945,0.045402527
1751443510660,482794072,0.3882496,0.38839945,0.045402527
1751443510677,482810739,0.07134651,0.53324527,-0.3057871
1751443510677,482810739,0.07134651,0.53324527,-0.3057871
1751443510694,482827406,-0.10900781,0.38799697,-0.68344784
1751443510694,482827406,-0.10900781,0.38799697,-0.68344784
1751443510710,482844073,-0.16520114,0.035196528,-0.82011604
1751443510710,482844073,-0.16520114,0.035196528,-0.82011604
1751443510727,482860740,-0.07861913,-0.3334344,-0.75639915
1751443510727,482860740,-0.07861913,-0.3334344,-0.75639915
1751443510744,482877407,-0.007975026,-0.7201157,-0.73051167
1751443510744,482877407,-0.007975026,-0.7201157,-0.73051167
1751443510760,482894074,-0.07163842,-0.9452964,-0.65902233
1751443510760,482894074,-0.07163842,-0.9452964,-0.65902233
1751443510777,482910741,0.0015940106,-0.8997874,-0.53818417
1751443510777,482910741,0.0015940106,-0.8997874,-0.53818417
1751443510794,482927408,0.2945111,-0.71779865,-0.32418156
1751443510794,482927408,0.2945111,-0.71779865,-0.32418156
1751443510810,482944075,0.5482831,-0.5014922,-0.100102425
1751443510810,482944075,0.5482831,-0.5014922,-0.100102425
1751443510827,482960742,0.62195617,-0.28989938,-0.17110443
1751443510827,482960742,0.62195617,-0.28989938,-0.17110443
1751443510844,482977409,0.7644257,-0.30008218,-0.49687767
1751443510844,482977409,0.7644257,-0.30008218,-0.49687767
1751443510860,482994076,0.9167651,-0.48139426,-0.8039684
1751443510860,482994076,0.9167651,-0.48139426,-0.8039684
1751443510877,483010743,1.3197858,-0.28396663,-0.37003422
1751443510877,483010743,1.3197858,-0.28396663,-0.37003422
1751443510894,483027410,1.5205197,-0.08543313,0.3272667
1751443510894,483027410,1.5205197,-0.08543313,0.3272667
1751443510910,483044077,1.2614331,-0.266944,1.391345
1751443510910,483044077,1.2614331,-0.266944,1.391345
1751443510927,483060744,0.6838276,-0.40452325,2.9981508
1751443510927,483060744,0.6838276,-0.40452325,2.9981508
1751443510944,483077411,0.033547368,-0.42150095,3.8698406
1751443510944,483077411,0.033547368,-0.42150095,3.8698406
1751443510960,483094078,-0.03920747,-1.3435836,3.536703
1751443510960,483094078,-0.03920747,-1.3435836,3.536703
1751443510977,483110745,-0.07085467,-1.8994039,2.3953962
1751443510977,483110745,-0.07085467,-1.8994039,2.3953962
1751443510994,483127412,0.28308702,-1.6652104,2.4694786
1751443510994,483127412,0.28308702,-1.6652104,2.4694786
1751443511010,483144079,0.48289472,-0.86470526,2.8742762
1751443511010,483144079,0.48289472,-0.86470526,2.8742762
1751443511027,483160746,0.32352576,-0.09024648,2.100936
1751443511027,483160746,0.32352576,-0.09024648,2.100936
1751443511044,483177413,-0.560851,1.0118431,1.0507164
1751443511044,483177413,-0.560851,1.0118431,1.0507164
1751443511060,483194080,-1.2617265,1.4673463,0.45894527
1751443511060,483194080,-1.2617265,1.4673463,0.45894527
1751443511077,483210747,-1.8795271,1.6340648,1.032834
1751443511077,483210747,-1.8795271,1.6340648,1.032834
1751443511094,483227414,-1.7940679,1.4719721,2.680253
1751443511094,483227414,-1.7940679,1.4719721,2.680253
1751443511110,483244081,-1.3977977,1.2558317,2.3384705
1751443511110,483244081,-1.3977977,1.2558317,2.3384705
1751443511127,483260748,-0.9950533,0.8237331,2.204877
1751443511127,483260748,-0.9950533,0.8237331,2.204877
1751443511144,483277415,-0.6908883,0.5850104,1.6828699
1751443511144,483277415,-0.6908883,0.5850104,1.6828699
1751443511160,483294082,-0.24317592,0.29991817,1.4833364
1751443511160,483294082,-0.24317592,0.29991817,1.4833364
1751443511177,483310749,0.005773591,0.097350396,0.96903324
1751443511177,483310749,0.005773591,0.097350396,0.96903324
1751443511194,483327416,0.019171685,-0.06538089,0.22690392
1751443511194,483327416,0.019171685,-0.06538089,0.22690392
1751443511210,483344083,-0.09065548,-0.13181666,-0.339777
1751443511210,483344083,-0.09065548,-0.13181666,-0.339777
1751443511227,483360750,0.010972335,-0.381503,-0.73093605
1751443511227,483360750,0.010972335,-0.381503,-0.73093605
1751443511244,483377417,0.021143207,-0.4095533,-1.1266851
1751443511244,483377417,0.021143207,-0.4095533,-1.1266851
1751443511260,483394084,0.12907963,-0.46840224,-1.3468437
1751443511260,483394084,0.12907963,-0.46840224,-1.3468437
1751443511277,483410751,0.16382556,-0.5846754,-1.3375072
1751443511277,483410751,0.16382556,-0.5846754,-1.3375072
1751443511294,483427418,0.19752505,-0.68733287,-1.1701279
1751443511294,483427418,0.19752505,-0.68733287,-1.1701279
1751443511310,483444085,0.485521,-0.7793833,-0.6121645
1751443511310,483444085,0.485521,-0.7793833,-0.6121645
1751443511327,483460752,0.48687795,-0.568552,-0.33604527
1751443511327,483460752,0.48687795,-0.568552,-0.33604527
1751443511344,483477419,0.5588442,-0.2537328,-0.2860012
1751443511344,483477419,0.5588442,-0.2537328,-0.2860012
1751443511360,483494086,0.7867199,0.032362554,-0.31916332
1751443511360,483494086,0.7867199,0.032362554,-0.31916332
1751443511377,483510753,0.9824543,-0.12570246,-0.37288857
1751443511377,483510753,0.9824543,-0.12570246,-0.37288857
1751443511394,483527420,1.1614996,0.20877641,-0.61119175
1751443511394,483527420,1.1614996,0.20877641,-0.61119175
1751443511410,483544087,1.2820947,0.42834973,-0.5420456
1751443511410,483544087,1.2820947,0.42834973,-0.5420456
1751443511427,483560754,1.2818007,0.50184226,-0.47091293
1751443511427,483560754,1.2818007,0.50184226,-0.47091293
1751443511444,483577421,1.20504,0.87938255,-0.3419218
1751443511444,483577421,1.20504,0.87938255,-0.3419218
1751443511460,483594088,1.0948677,1.0441768,-0.24252892
1751443511460,483594088,1.0948677,1.0441768,-0.24252892
1751443511477,483610755,0.7416573,1.1626397,-0.30519772
1751443511477,483610755,0.7416573,1.1626397,-0.30519772
1751443511494,483627422,0.2890355,1.089438,-0.43288612
1751443511494,483627422,0.2890355,1.089438,-0.43288612
1751443511510,483644089,-0.15904008,0.737057,-0.75053596
1751443511510,483644089,-0.15904008,0.737057,-0.75053596
1751443511527,483660756,-0.8096602,0.40902704,-1.2991943
1751443511527,483660756,-0.8096602,0.40902704,-1.2991943
1751443511544,483677423,-1.4516628,-0.09761123,-2.113421
1751443511544,483677423,-1.4516628,-0.09761123,-2.113421
1751443511560,483694090,-1.9656606,-0.49136496,-2.5885825
1751443511560,483694090,-1.9656606,-0.49136496,-2.5885825
1751443511577,483710757,-1.7073911,-1.2390454,-3.10958
1751443511577,483710757,-1.7073911,-1.2390454,-3.10958
1751443511594,483727424,-1.5303181,-1.4975834,-2.8432827
1751443511594,483727424,-1.5303181,-1.4975834,-2.8432827
1751443511610,483744091,-1.6817976,-1.1456071,-2.2127938
1751443511610,483744091,-1.6817976,-1.1456071,-2.2127938
1751443511627,483760758,-1.5973927,-0.8694632,-2.064756
1751443511627,483760758,-1.5973927,-0.8694632,-2.064756
1751443511644,483777425,-1.5894086,-0.78023547,-2.061861
1751443511644,483777425,-1.5894086,-0.78023547,-2.061861
1751443511660,483794092,-1.6955394,-0.41077852,-1.8844519
1751443511660,483794092,-1.6955394,-0.41077852,-1.8844519
1751443511677,483810759,-1.8118966,-0.60264206,-1.9547725
1751443511677,483810759,-1.8118966,-0.60264206,-1.9547725
1751443511694,483827426,-2.121901,-0.51961,-1.6733942
1751443511694,483827426,-2.121901,-0.51961,-1.6733942
1751443511710,483844093,-2.2310357,-0.51278144,-1.1817083
1751443511710,483844093,-2.2310357,-0.51278144,-1.1817083
1751443511727,483860760,-2.065011,-0.28790066,-0.7692871
1751443511727,483860760,-2.065011,-0.28790066,-0.7692871
1751443511744,483877427,-2.0187848,-0.07304772,-0.31781578
1751443511744,483877427,-2.0187848,-0.07304772,-0.31781578
1751443511760,483894094,-2.0840147,0.2186777,0.23751068
1751443511760,483894094,-2.0840147,0.2186777,0.23751068
1751443511777,483910761,-2.0291164,0.24575362,0.56628513
1751443511777,483910761,-2.0291164,0.24575362,0.56628513
1751443511794,483927428,-1.9234948,0.27712175,0.61525726
1751443511794,483927428,-1.9234948,0.27712175,0.61525726
1751443511810,483944095,-1.6929053,0.0935994,0.45302963
1751443511810,483944095,-1.6929053,0.0935994,0.45302963
1751443511827,483960762,-1.6007814,-0.037643492,-0.08755398
1751443511827,483960762,-1.6007814,-0.037643492,-0.08755398
1751443511844,483977429,-1.5588504,-0.08256144,-0.8155918
1751443511844,483977429,-1.5588504,-0.08256144,-0.8155918
1751443511860,483994096,-1.8231384,0.20845266,-1.0815105
1751443511860,483994096,-1.8231384,0.20845266,-1.0815105
1751443511877,484010763,-1.8831351,0.48643392,-1.0226774
1751443511877,484010763,-1.8831351,0.48643392,-1.0226774
1751443511894,484027430,-1.7672279,0.53053844,-0.69095135
1751443511894,484027430,-1.7672279,0.53053844,-0.69095135
1751443511910,484044097,-1.8827518,0.3232109,-0.32491684
1751443511910,484044097,-1.8827518,0.3232109,-0.32491684
1751443511927,484060764,-2.0042622,0.08007709,-0.27196598
1751443511927,484060764,-2.0042622,0.08007709,-0.27196598
1751443511944,484077431,-2.1817849,-0.1766851,-0.5221119
1751443511944,484077431,-2.1817849,-0.1766851,-0.5221119
1751443511960,484094098,-2.324682,-0.29216272,-0.67657185
1751443511960,484094098,-2.324682,-0.29216272,-0.67657185
1751443511977,484110765,-2.3506303,-0.30072752,-0.5186043
1751443511977,484110765,-2.3506303,-0.30072752,-0.5186043
1751443511994,484127432,-2.100506,-0.35479698,0.03998947
1751443511994,484127432,-2.100506,-0.35479698,0.03998947
1751443512010,484144099,-1.9390397,-0.41945872,0.40868664
1751443512010,484144099,-1.9390397,-0.41945872,0.40868664
1751443512027,484160766,-1.8691732,-0.5876779,0.047254562
1751443512027,484160766,-1.8691732,-0.5876779,0.047254562
1751443512044,484177433,-2.1147516,-0.5352514,-0.6968727
1751443512044,484177433,-2.1147516,-0.5352514,-0.6968727
1751443512060,484194100,-2.3368254,-0.4597007,-1.26157
1751443512060,484194100,-2.3368254,-0.4597007,-1.26157
1751443512077,484210767,-2.5933416,-0.41187382,-1.3577557
1751443512077,484210767,-2.5933416,-0.41187382,-1.3577557
1751443512094,484227434,-2.713024,-0.29115736,-1.3387222
1751443512094,484227434,-2.713024,-0.29115736,-1.3387222
1751443512110,484244101,-2.469942,-0.3217118,-1.0293484
1751443512110,484244101,-2.469942,-0.3217118,-1.0293484
1751443512127,484260768,-2.2077043,-0.28123653,-0.49685955
1751443512127,484260768,-2.2077043,-0.28123653,-0.49685955
1751443512144,484277435,-2.1155925,-0.2575637,-0.31657887
1751443512144,484277435,-2.1155925,-0.2575637,-0.31657887
1751443512160,484294102,-2.229582,-0.25164542,-0.31194496
1751443512160,484294102,-2.229582,-0.25164542,-0.31194496
1751443512177,484310769,-2.2712598,-0.19368449,-0.31968212
1751443512177,484310769,-2.2712598,-0.19368449,-0.31968212
1751443512194,484327436,-2.1493132,-0.13042127,-0.48582554
1751443512194,484327436,-2.1493132,-0.13042127,-0.48582554
1751443512210,484344103,-1.9968565,-0.107833266,-0.6578369
1751443512210,484344103,-1.9968565,-0.107833266,-0.6578369
1751443512227,484360770,-1.8099484,0.033609644,-0.7836075
1751443512227,484360770,-1.8099484,0.033609644,-0.7836075
1751443512244,484377437,-1.599374,-0.07976987,-0.9118557
1751443512244,484377437,-1.599374,-0.07976987,-0.9118557
1751443512260,484394104,-1.3929914,-0.1818136,-0.7072754
1751443512260,484394104,-1.3929914,-0.1818136,-0.7072754
1751443512277,484410771,-1.4372618,-0.12742239,-0.5964556
1751443512277,484410771,-1.4372618,-0.12742239,-0.5964556
1751443512294,484427438,-1.396668,-0.10691173,-0.79442406
1751443512294,484427438,-1.396668,-0.10691173,-0.79442406
1751443512310,484444105,-1.2048727,-0.13122502,-1.3216381
1751443512310,484444105,-1.2048727,-0.13122502,-1.3216381
1751443512327,484460772,-0.9275611,-0.2320231,-1.6147442
1751443512327,484460772,-0.9275611,-0.2320231,-1.6147442
1751443512344,484477439,-0.9520322,0.012744038,-1.4611835
1751443512344,484477439,-0.9520322,0.012744038,-1.4611835
1751443512360,484494106,-0.7393867,0.024532558,-0.9962292
1751443512360,484494106,-0.7393867,0.024532558,-0.9962292
1751443512377,484510773,-0.04169363,-0.2772343,-0.012750626
1751443512377,484510773,-0.04169363,-0.2772343,-0.012750626
1751443512394,484527440,0.51850903,-0.37396154,0.2500658
1751443512394,484527440,0.51850903,-0.37396154,0.2500658
1751443512410,484544107,0.5334368,-0.18471603,-0.23684406
1751443512410,484544107,0.5334368,-0.18471603,-0.23684406
1751443512427,484560774,0.18841578,-0.04907115,-0.80371094
1751443512427,484560774,0.18841578,-0.04907115,-0.80371094
1751443512444,484577441,-0.16308835,-0.28994492,-0.85282135
1751443512444,484577441,-0.16308835,-0.28994492,-0.85282135
1751443512460,484594108,0.033790436,-0.59908724,-0.26563358
1751443512460,484594108,0.033790436,-0.59908724,-0.26563358
1751443512477,484610775,0.47842726,-0.9345812,0.097468376
1751443512477,484610775,0.47842726,-0.9345812,0.097468376
1751443512494,484627442,0.5504828,-1.1984792,-0.17287636
1751443512494,484627442,0.5504828,-1.1984792,-0.17287636
1751443512510,484644109,0.5157785,-1.109234,-0.49395943
1751443512510,484644109,0.5157785,-1.109234,-0.49395943
1751443512527,484660776,0.4883833,-0.78451896,-0.3552103
1751443512527,484660776,0.4883833,-0.78451896,-0.3552103
1751443512544,484677443,0.40051123,-0.8580383,0.19374466
1751443512544,484677443,0.40051123,-0.8580383,0.19374466
1751443512560,484694110,-0.20649666,-1.2808024,0.12573242
1751443512560,484694110,-0.20649666,-1.2808024,0.12573242
1751443512577,484710777,-0.201726,-1.5126708,0.9575739
1751443512577,484710777,-0.201726,-1.5126708,0.9575739
1751443512594,484727444,0.1706439,-1.0273393,0.7802019
1751443512594,484727444,0.1706439,-1.0273393,0.7802019
1751443512610,484744111,-0.9048692,-0.03543988,-0.9537859
1751443512610,484744111,-0.9048692,-0.03543988,-0.9537859
1751443512627,484760778,-1.6125517,1.3508277,-2.5517411
1751443512627,484760778,-1.6125517,1.3508277,-2.5517411
1751443512644,484777445,-0.938664,1.5441363,-2.8195763
1751443512644,484777445,-0.938664,1.5441363,-2.8195763
1751443512660,484794112,-0.0102407485,1.9472203,-1.9105678
1751443512660,484794112,-0.0102407485,1.9472203,-1.9105678
1751443512677,484810779,0.25707778,1.9148196,-1.6150675
1751443512677,484810779,0.25707778,1.9148196,-1.6150675
1751443512694,484827446,-0.11958538,1.1243126,-1.4100561
1751443512694,484827446,-0.11958538,1.1243126,-1.4100561
1751443512710,484844113,-0.666964,0.4818717,-0.69594574
1751443512710,484844113,-0.666964,0.4818717,-0.69594574
1751443512727,484860780,-0.98914784,0.37218753,-0.46795845
1751443512727,484860780,-0.98914784,0.37218753,-0.46795845
1751443512744,484877447,-0.9819215,0.61956203,-0.41063404
1751443512744,484877447,-0.9819215,0.61956203,-0.41063404
1751443512760,484894114,-0.5194897,0.4471124,0.1473589
1751443512760,484894114,-0.5194897,0.4471124,0.1473589
1751443512777,484910781,-0.03142732,0.32672566,0.8055887
1751443512777,484910781,-0.03142732,0.32672566,0.8055887
1751443512794,484927448,0.104662515,0.29607734,0.7155018
1751443512794,484927448,0.104662515,0.29607734,0.7155018
1751443512810,484944115,-0.017867876,0.17127809,0.1290865
1751443512810,484944115,-0.017867876,0.17127809,0.1290865
1751443512827,484960782,0.11794362,0.006659345,0.2556305
1751443512827,484960782,0.11794362,0.006659345,0.2556305
1751443512844,484977449,0.3136911,-0.2126757,0.46423626
1751443512844,484977449,0.3136911,-0.2126757,0.46423626
1751443512860,484994116,0.5260024,-0.37008718,0.5502825
1751443512860,484994116,0.5260024,-0.37008718,0.5502825
1751443512877,485010783,0.5404039,-0.3588571,0.6846132
1751443512877,485010783,0.5404039,-0.3588571,0.6846132
1751443512894,485027450,0.40448025,-0.31995633,0.8333149
1751443512894,485027450,0.40448025,-0.31995633,0.8333149
1751443512910,485044117,-0.020942774,-0.19441034,1.0285053
1751443512910,485044117,-0.020942774,-0.19441034,1.0285053
1751443512927,485060784,-0.57554036,0.04168025,1.4123917
1751443512927,485060784,-0.57554036,0.04168025,1.4123917
1751443512944,485077451,-1.2267406,0.10040213,1.7056179
1751443512944,485077451,-1.2267406,0.10040213,1.7056179
1751443512960,485094118,-1.4987063,0.13281542,1.6074533
1751443512960,485094118,-1.4987063,0.13281542,1.6074533
1751443512977,485110785,-1.3121798,0.2611321,1.2674351
1751443512977,485110785,-1.3121798,0.2611321,1.2674351
1751443512994,485127452,-1.0253605,0.41118652,1.2116051
1751443512994,485127452,-1.0253605,0.41118652,1.2116051
1751443513010,485144119,-0.91568977,0.32177082,1.5651951
1751443513010,485144119,-0.91568977,0.32177082,1.5651951
1751443513027,485160786,-0.82174116,0.18936744,1.7835741
1751443513027,485160786,-0.82174116,0.18936744,1.7835741
1751443513044,485177453,-0.61646235,0.032503925,1.4667978
1751443513044,485177453,-0.61646235,0.032503925,1.4667978
1751443513060,485194120,-0.26463005,-0.05657504,1.0316906
1751443513060,485194120,-0.26463005,-0.05657504,1.0316906
1751443513077,485210787,-0.140519,-0.08553461,1.0030403
1751443513077,485210787,-0.140519,-0.08553461,1.0030403
1751443513094,485227454,0.11578644,-0.15155932,1.3627539
1751443513094,485227454,0.11578644,-0.15155932,1.3627539
1751443513110,485244121,0.28975388,-0.13117573,1.4485435
1751443513110,485244121,0.28975388,-0.13117573,1.4485435
1751443513127,485260788,0.3469683,-0.02913268,1.3737631
1751443513127,485260788,0.3469683,-0.02913268,1.3737631
1751443513144,485277455,-0.23956901,0.5909048,0.90775776
1751443513144,485277455,-0.23956901,0.5909048,0.90775776
1751443513160,485294122,0.5434245,0.18733448,0.4281597
1751443513160,485294122,0.5434245,0.18733448,0.4281597
1751443513177,485310789,0.5360689,0.04245282,0.81855965
1751443513177,485310789,0.5360689,0.04245282,0.81855965
1751443513194,485327456,-0.11401516,0.12532751,0.41597748
1751443513194,485327456,-0.11401516,0.12532751,0.41597748
1751443513210,485344123,-0.1430705,-0.018007433,0.27498913
1751443513210,485344123,-0.1430705,-0.018007433,0.27498913
1751443513227,485360790,-0.16749647,-0.29449716,0.029423714
1751443513227,485360790,-0.16749647,-0.29449716,0.029423714
1751443513244,485377457,-0.072216675,-0.37190333,-0.25764942
1751443513244,485377457,-0.072216675,-0.37190333,-0.25764942
1751443513260,485394124,-0.2763918,-0.17677237,-0.6090059
1751443513260,485394124,-0.2763918,-0.17677237,-0.6090059
1751443513277,485410791,-0.43981236,-0.061054017,-0.7972412
1751443513277,485410791,-0.43981236,-0.061054017,-0.7972412
1751443513294,485427458,-0.35946158,-0.07418077,-0.79644775
1751443513294,485427458,-0.35946158,-0.07418077,-0.79644775
1751443513310,485444125,-0.34325415,-0.092684954,-0.8498268
1751443513310,485444125,-0.34325415,-0.092684954,-0.8498268
1751443513327,485460792,-0.3251375,-0.23582835,-0.9546356
1751443513327,485460792,-0.3251375,-0.23582835,-0.9546356
1751443513344,485477459,-0.3260223,-0.13228816,-0.84388256
1751443513344,485477459,-0.3260223,-0.13228816,-0.84388256
1751443513360,485494126,-0.29408172,-0.0765961,-0.6903038
1751443513360,485494126,-0.29408172,-0.0765961,-0.6903038
1751443513377,485510793,-0.21901423,-0.0044567925,-0.5192404
1751443513377,485510793,-0.21901423,-0.0044567925,-0.5192404
1751443513394,485527460,-0.19280131,-0.06495488,-0.49349594
1751443513394,485527460,-0.19280131,-0.06495488,-0.49349594
1751443513410,485544127,-0.2590955,-0.13646148,-0.614686
1751443513410,485544127,-0.2590955,-0.13646148,-0.614686
1751443513427,485560794,-0.31931043,-0.24991693,-0.7309942
1751443513427,485560794,-0.31931043,-0.24991693,-0.7309942
1751443513444,485577461,-0.30674565,-0.23966752,-0.69156265
1751443513444,485577461,-0.30674565,-0.23966752,-0.69156265
1751443513460,485594128,-0.22787127,-0.23671469,-0.4968729
1751443513460,485594128,-0.22787127,-0.23671469,-0.4968729
1751443513477,485610795,-0.35021675,-0.2652691,-0.28000832
1751443513477,485610795,-0.35021675,-0.2652691,-0.28000832
1751443513494,485627462,-0.49677172,-0.3415071,0.14830112
1751443513494,485627462,-0.49677172,-0.3415071,0.14830112
1751443513510,485644129,-0.37212503,-0.2803063,-0.20819569
1751443513510,485644129,-0.37212503,-0.2803063,-0.20819569
1751443513527,485660796,-0.11377487,-0.23504102,-0.41015244
1751443513527,485660796,-0.11377487,-0.23504102,-0.41015244
1751443513544,485677463,-0.046881814,-0.26271334,-0.3740797
1751443513544,485677463,-0.046881814,-0.26271334,-0.3740797
1751443513560,485694130,0.13111152,-0.2527498,-0.25096703
1751443513560,485694130,0.13111152,-0.2527498,-0.25096703
1751443513577,485710797,0.16548476,-0.14561461,-0.13876534
1751443513577,485710797,0.16548476,-0.14561461,-0.13876534
1751443513594,485727464,0.2822162,-0.042358164,-0.1567936
1751443513594,485727464,0.2822162,-0.042358164,-0.1567936
1751443513610,485744131,0.2944883,-0.0071019568,-0.31065273
1751443513610,485744131,0.2944883,-0.0071019568,-0.31065273
1751443513627,485760798,0.42959264,0.17180666,-0.54359245
1751443513627,485760798,0.42959264,0.17180666,-0.54359245
1751443513644,485777465,0.37397045,0.18087746,-0.71797466
1751443513644,485777465,0.37397045,0.18087746,-0.71797466
1751443513660,485794132,0.4322304,0.12450482,-0.9054003
1751443513660,485794132,0.4322304,0.12450482,-0.9054003
1751443513677,485810799,0.34084356,0.104862414,-0.9722185
1751443513677,485810799,0.34084356,0.104862414,-0.9722185
1751443513694,485827466,0.33888337,0.1293437,-0.947752
1751443513694,485827466,0.33888337,0.1293437,-0.947752
1751443513710,485844133,0.22231719,0.27010843,-0.76492405
1751443513710,485844133,0.22231719,0.27010843,-0.76492405
1751443513727,485860800,-0.03258461,0.30407727,-0.48201466
1751443513727,485860800,-0.03258461,0.30407727,-0.48201466
1751443513744,485877467,-0.06838125,0.13543497,-0.4478569
1751443513744,485877467,-0.06838125,0.13543497,-0.4478569
1751443513760,485894134,-0.096373774,-0.0142609365,-0.42605114
1751443513760,485894134,-0.096373774,-0.0142609365,-0.42605114
1751443513777,485910801,-0.04212017,-0.10254394,-0.34103584
1751443513777,485910801,-0.04212017,-0.10254394,-0.34103584
1751443513794,485927468,0.041892104,-0.060130797,-0.12520981
1751443513794,485927468,0.041892104,-0.060130797,-0.12520981
1751443513810,485944135,0.03625107,0.008081921,-0.11082268
1751443513810,485944135,0.03625107,0.008081921,-0.11082268
1751443513827,485960802,-0.01126719,0.023467239,-0.20191765
1751443513827,485960802,-0.01126719,0.023467239,-0.20191765
1751443513844,485977469,-0.06683267,0.017786182,-0.22119617
1751443513844,485977469,-0.06683267,0.017786182,-0.22119617
1751443513860,485994136,-0.098295584,0.008338039,-0.20611477
1751443513860,485994136,-0.098295584,0.008338039,-0.20611477
1751443513877,486010803,-0.15191144,0.065052606,-0.30503368
1751443513877,486010803,-0.15191144,0.065052606,-0.30503368
1751443513894,486027470,-0.19059892,0.08749393,-0.49367523
1751443513894,486027470,-0.19059892,0.08749393,-0.49367523
1751443513910,486044137,-0.1897696,0.1873651,-0.64439297
1751443513910,486044137,-0.1897696,0.1873651,-0.64439297
1751443513927,486060804,-0.15373613,0.24155495,-0.65662766
1751443513927,486060804,-0.15373613,0.24155495,-0.65662766
1751443513944,486077471,-0.19583763,0.30013034,-0.58973885
1751443513944,486077471,-0.19583763,0.30013034,-0.58973885
1751443513960,486094138,-0.26617983,0.32413387,-0.4982767
1751443513960,486094138,-0.26617983,0.32413387,-0.4982767
1751443513977,486110805,-0.24574496,0.340172,-0.46547985
1751443513977,486110805,-0.24574496,0.340172,-0.46547985
1751443513994,486127472,-0.29154715,0.36537197,-0.48290253
1751443513994,486127472,-0.29154715,0.36537197,-0.48290253
1751443514010,486144139,-0.34675878,0.37587786,-0.5129795
1751443514010,486144139,-0.34675878,0.37587786,-0.5129795
1751443514027,486160806,-0.36043298,0.32380858,-0.45523167
1751443514027,486160806,-0.36043298,0.32380858,-0.45523167
1751443514044,486177473,-0.31273356,0.32478485,-0.41346836
1751443514044,486177473,-0.31273356,0.32478485,-0.41346836
1751443514060,486194140,-0.27326727,0.32424408,-0.41339397
1751443514060,486194140,-0.27326727,0.32424408,-0.41339397
1751443514077,486210807,-0.22075064,0.2657784,-0.4259405
1751443514077,486210807,-0.22075064,0.2657784,-0.4259405
1751443514094,486227474,-0.17242584,0.1973343,-0.44417667
1751443514094,486227474,-0.17242584,0.1973343,-0.44417667
1751443514110,486244141,-0.19112651,0.18998204,-0.43847942
1751443514110,486244141,-0.19112651,0.18998204,-0.43847942
1751443514127,486260808,-0.1418593,0.19384106,-0.44664
1751443514127,486260808,-0.1418593,0.19384106,-0.44664
1751443514144,486277475,-0.095074676,0.14943786,-0.44732475
1751443514144,486277475,-0.095074676,0.14943786,-0.44732475
1751443514160,486294142,-0.06786936,0.07811683,-0.51414394
1751443514160,486294142,-0.06786936,0.07811683,-0.51414394
1751443514177,486310809,-0.08742864,0.06979111,-0.53818035
1751443514177,486310809,-0.08742864,0.06979111,-0.53818035
1751443514194,486327476,-0.046512034,0.039400473,-0.54170704
1751443514194,486327476,-0.046512034,0.039400473,-0.54170704
1751443514210,486344143,0.07719819,-0.012158965,-0.5163288
1751443514210,486344143,0.07719819,-0.012158965,-0.5163288
1751443514227,486360810,0.03639472,-0.005331175,-0.54368114
1751443514227,486360810,0.03639472,-0.005331175,-0.54368114
1751443514244,486377477,0.0030139815,-0.0071991286,-0.5755501
1751443514244,486377477,0.0030139815,-0.0071991286,-0.5755501
1751443514260,486394144,-0.011094959,-0.06038398,-0.5039387
1751443514260,486394144,-0.011094959,-0.06038398,-0.5039387
1751443514277,486410811,-0.032027382,-0.032578744,-0.4255209
1751443514277,486410811,-0.032027382,-0.032578744,-0.4255209
1751443514294,486427478,0.039438233,0.07118796,-0.55498695
1751443514294,486427478,0.039438233,0.07118796,-0.55498695
1751443514310,486444145,-0.009371339,0.1148984,-0.57732105
1751443514310,486444145,-0.009371339,0.1148984,-0.57732105
1751443514327,486460812,-0.03408208,0.12218512,-0.5285759
1751443514327,486460812,-0.03408208,0.12218512,-0.5285759
1751443514344,486477479,-0.045878716,0.12455997,-0.5238886
1751443514344,486477479,-0.045878716,0.12455997,-0.5238886
1751443514360,486494146,-0.011940369,0.08270527,-0.48166847
1751443514360,486494146,-0.011940369,0.08270527,-0.48166847
1751443514377,486510813,-0.021300938,0.050671782,-0.42687988
1751443514377,486510813,-0.021300938,0.050671782,-0.42687988
1751443514394,486527480,-0.0076596076,0.035294093,-0.5122671
1751443514394,486527480,-0.0076596076,0.035294093,-0.5122671
1751443514410,486544147,-0.023342436,-0.09312723,-0.6354141
1751443514410,486544147,-0.023342436,-0.09312723,-0.6354141
1751443514427,486560814,-0.053549834,-0.07408024,-0.6594868
1751443514427,486560814,-0.053549834,-0.07408024,-0.6594868
1751443514444,486577481,-0.094037555,-0.04289141,-0.6714926
1751443514444,486577481,-0.094037555,-0.04289141,-0.6714926
1751443514460,486594148,-0.093939476,0.049091715,-0.7149992
1751443514460,486594148,-0.093939476,0.049091715,-0.7149992
1751443514477,486610815,-0.17772785,0.06472114,-0.73946
1751443514477,486610815,-0.17772785,0.06472114,-0.73946
1751443514494,486627482,-0.23095866,0.005282729,-0.471632
1751443514494,486627482,-0.23095866,0.005282729,-0.471632
1751443514510,486644149,-0.1412806,0.008054233,-0.15694714
1751443514510,486644149,-0.1412806,0.008054233,-0.15694714
1751443514527,486660816,0.26972693,-0.03675486,0.08959389
1751443514527,486660816,0.26972693,-0.03675486,0.08959389
1751443514544,486677483,0.5009684,-0.08707221,-0.13071251
1751443514544,486677483,0.5009684,-0.08707221,-0.13071251
1751443514560,486694150,0.46887094,-0.2242809,-0.25616455
1751443514560,486694150,0.46887094,-0.2242809,-0.25616455
1751443514577,486710817,0.32119676,-0.32428354,0.124168396
1751443514577,486710817,0.32119676,-0.32428354,0.124168396
1751443514594,486727484,0.17800426,-0.106661275,0.41382122
1751443514594,486727484,0.17800426,-0.106661275,0.41382122
1751443514610,486744151,-0.3093288,0.29695976,0.9839573
1751443514610,486744151,-0.3093288,0.29695976,0.9839573
1751443514627,486760818,-0.85387456,0.82661235,1.9519386
1751443514627,486760818,-0.85387456,0.82661235,1.9519386
1751443514644,486777485,-1.0956516,0.9542158,2.5493908
1751443514644,486777485,-1.0956516,0.9542158,2.5493908
1751443514660,486794152,-0.7076362,0.44658548,2.7379293
1751443514660,486794152,-0.7076362,0.44658548,2.7379293
1751443514677,486810819,-0.19210537,0.036641598,2.3582325
1751443514677,486810819,-0.19210537,0.036641598,2.3582325
1751443514694,486827486,0.23334256,-0.2388046,2.1204252
1751443514694,486827486,0.23334256,-0.2388046,2.1204252
1751443514710,486844153,0.2985643,-0.19192544,1.6832466
1751443514710,486844153,0.2985643,-0.19192544,1.6832466
1751443514727,486860820,0.030458977,0.10550471,1.302928
1751443514727,486860820,0.030458977,0.10550471,1.302928
1751443514744,486877487,-0.14640272,0.4182228,1.4996395
1751443514744,486877487,-0.14640272,0.4182228,1.4996395
1751443514760,486894154,-0.1739505,0.5773588,1.7080374
1751443514760,486894154,-0.1739505,0.5773588,1.7080374
1751443514777,486910821,-0.141662,0.67686296,1.8532639
1751443514777,486910821,-0.141662,0.67686296,1.8532639
1751443514794,486927488,-0.076657236,0.69527435,1.8127241
1751443514794,486927488,-0.076657236,0.69527435,1.8127241
1751443514810,486944155,-0.13716577,0.7254906,1.8423824
1751443514810,486944155,-0.13716577,0.7254906,1.8423824
1751443514827,486960822,-0.35090265,0.6027172,1.4801683
1751443514827,486960822,-0.35090265,0.6027172,1.4801683
1751443514844,486977489,-0.58341354,0.60461307,1.314127
1751443514844,486977489,-0.58341354,0.60461307,1.314127
1751443514860,486994156,-0.6761533,0.43677774,1.0545845
1751443514860,486994156,-0.6761533,0.43677774,1.0545845
1751443514877,487010823,-0.7971694,0.52910703,1.0056019
1751443514877,487010823,-0.7971694,0.52910703,1.0056019
1751443514894,487027490,-0.49196094,0.32664105,0.8822193
1751443514894,487027490,-0.49196094,0.32664105,0.8822193
1751443514910,487044157,-0.27306283,0.18818729,0.7240019
1751443514910,487044157,-0.27306283,0.18818729,0.7240019
1751443514927,487060824,-0.03781395,0.042951033,0.4796667
1751443514927,487060824,-0.03781395,0.042951033,0.4796667
1751443514944,487077491,0.22674163,-0.33645862,0.56893826
1751443514944,487077491,0.22674163,-0.33645862,0.56893826
1751443514960,487094158,0.23680189,-0.37332162,0.48169136
1751443514960,487094158,0.23680189,-0.37332162,0.48169136
1751443514977,487110825,0.034305662,-0.12712355,0.1393261
1751443514977,487110825,0.034305662,-0.12712355,0.1393261
1751443514994,487127492,-0.026830439,0.00946935,-0.29954338
1751443514994,487127492,-0.026830439,0.00946935,-0.29954338
1751443515010,487144159,-0.04464646,0.29498234,-0.47070217
1751443515010,487144159,-0.04464646,0.29498234,-0.47070217
1751443515027,487160826,0.2880267,0.16431578,-0.51687145
1751443515027,487160826,0.2880267,0.16431578,-0.51687145
1751443515044,487177493,0.5670338,-0.07493596,-0.49564838
1751443515044,487177493,0.5670338,-0.07493596,-0.49564838
1751443515060,487194160,0.64413303,-0.22876115,-0.39055443
1751443515060,487194160,0.64413303,-0.22876115,-0.39055443
1751443515077,487210827,0.6229358,-0.3790042,-0.33219528
1751443515077,487210827,0.6229358,-0.3790042,-0.33219528
1751443515094,487227494,0.52261394,-0.22017983,-0.60214615
1751443515094,487227494,0.52261394,-0.22017983,-0.60214615
1751443515110,487244161,-0.03573975,0.0148138795,-1.1855574
1751443515110,487244161,-0.03573975,0.0148138795,-1.1855574
1751443515127,487260828,0.04482262,0.1527625,-1.3694963
1751443515127,487260828,0.04482262,0.1527625,-1.3694963
1751443515144,487277495,-0.019687748,0.37953082,-1.563303
1751443515144,487277495,-0.019687748,0.37953082,-1.563303
1751443515160,487294162,-0.07105198,0.45188218,-1.5377359
1751443515160,487294162,-0.07105198,0.45188218,-1.5377359
1751443515177,487310829,0.24115199,0.2564182,-1.0981989
1751443515177,487310829,0.24115199,0.2564182,-1.0981989
1751443515194,487327496,0.13113368,0.16627084,-0.8621197
1751443515194,487327496,0.13113368,0.16627084,-0.8621197
1751443515210,487344163,-0.0106893955,0.11877423,-0.7418165
1751443515210,487344163,-0.0106893955,0.11877423,-0.7418165
1751443515227,487360830,-0.20848562,0.29077113,-0.58674526
1751443515227,487360830,-0.20848562,0.29077113,-0.58674526
1751443515244,487377497,-0.25867957,0.14865477,-0.8440895
1751443515244,487377497,-0.25867957,0.14865477,-0.8440895
1751443515260,487394164,-0.82967246,0.32335463,-1.3167486
1751443515260,487394164,-0.82967246,0.32335463,-1.3167486
1751443515277,487410831,-1.0356767,0.11767745,-2.1478295
1751443515277,487410831,-1.0356767,0.11767745,-2.1478295
1751443515294,487427498,-1.7075406,0.09497502,-2.6000748
1751443515294,487427498,-1.7075406,0.09497502,-2.6000748
1751443515310,487444165,-1.3518451,-0.3874172,-2.448185
1751443515310,487444165,-1.3518451,-0.3874172,-2.448185
1751443515327,487460832,-1.5741428,-0.16741087,-1.7774858
1751443515327,487460832,-1.5741428,-0.16741087,-1.7774858
1751443515344,487477499,-0.95671237,-0.14387742,-1.842577
1751443515344,487477499,-0.95671237,-0.14387742,-1.842577
1751443515360,487494166,-1.1633275,0.1467082,-1.3635426
1751443515360,487494166,-1.1633275,0.1467082,-1.3635426
1751443515377,487510833,-1.6504444,0.5807401,-0.85055923
1751443515377,487510833,-1.6504444,0.5807401,-0.85055923
1751443515394,487527500,-1.7529124,0.5904162,-1.0796671
1751443515394,487527500,-1.7529124,0.5904162,-1.0796671
1751443515410,487544167,-1.7513636,0.53489447,-1.0152292
1751443515410,487544167,-1.7513636,0.53489447,-1.0152292
1751443515427,487560834,-0.89813393,0.45448342,0.24000645
1751443515427,487560834,-0.89813393,0.45448342,0.24000645
1751443515444,487577501,0.23766178,0.40428934,1.829484
1751443515444,487577501,0.23766178,0.40428934,1.829484
1751443515460,487594168,1.1585827,-0.18684074,0.068608284
1751443515460,487594168,1.1585827,-0.18684074,0.068608284
1751443515477,487610835,-4.9409757,0.14003842,-4.065567
1751443515477,487610835,-4.9409757,0.14003842,-4.065567
1751443515494,487627502,-6.3641768,-0.3007428,-5.1938496
1751443515494,487627502,-6.3641768,-0.3007428,-5.1938496
1751443515510,487644169,-2.961537,-0.9322078,-2.8924723
1751443515510,487644169,-2.961537,-0.9322078,-2.8924723
1751443515527,487660836,-1.2511146,-0.647669,-0.3532915
1751443515527,487660836,-1.2511146,-0.647669,-0.3532915
1751443515544,487677503,-0.32067984,-0.25165322,1.1878643
1751443515544,487677503,-0.32067984,-0.25165322,1.1878643
1751443515560,487694170,-0.4061408,0.23788662,1.6082821
1751443515560,487694170,-0.4061408,0.23788662,1.6082821
1751443515577,487710837,-1.2263515,0.5298397,0.95685005
1751443515577,487710837,-1.2263515,0.5298397,0.95685005
1751443515594,487727504,-2.075182,0.59730685,0.300498
1751443515594,487727504,-2.075182,0.59730685,0.300498
1751443515610,487744171,-2.4575257,0.6569962,-0.02270317
1751443515610,487744171,-2.4575257,0.6569962,-0.02270317
1751443515627,487760838,-2.451541,0.40052763,-0.3287449
1751443515627,487760838,-2.451541,0.40052763,-0.3287449
1751443515644,487777505,-2.3547513,0.1838745,-0.45998764
1751443515644,487777505,-2.3547513,0.1838745,-0.45998764
1751443515660,487794172,-1.9777142,0.028763436,-0.49689865
1751443515660,487794172,-1.9777142,0.028763436,-0.49689865
1751443515677,487810839,-1.7077743,0.0759554,-0.720006
1751443515677,487810839,-1.7077743,0.0759554,-0.720006
1751443515694,487827506,-1.4942493,-0.028138157,-0.53328323
1751443515694,487827506,-1.4942493,-0.028138157,-0.53328323
1751443515710,487844173,-1.2949288,-0.15106358,-0.28025532
1751443515710,487844173,-1.2949288,-0.15106358,-0.28025532
1751443515727,487860840,-1.268138,-0.19353764,-0.02725029
1751443515727,487860840,-1.268138,-0.19353764,-0.02725029
1751443515744,487877507,-1.3046219,-0.16712801,0.115068436
1751443515744,487877507,-1.3046219,-0.16712801,0.115068436
1751443515760,487894174,-1.4578708,-0.055452894,0.12392044
1751443515760,487894174,-1.4578708,-0.055452894,0.12392044
1751443515777,487910841,-1.5682521,-0.008594967,0.029847145
1751443515777,487910841,-1.5682521,-0.008594967,0.029847145
1751443515794,487927508,-1.6324769,-0.03200292,-0.16259384
1751443515794,487927508,-1.6324769,-0.03200292,-0.16259384
1751443515810,487944175,-1.5629292,-0.043021213,-0.26542568
1751443515810,487944175,-1.5629292,-0.043021213,-0.26542568
1751443515827,487960842,-1.3751119,-0.01930012,-0.21348381
1751443515827,487960842,-1.3751119,-0.01930012,-0.21348381
1751443515844,487977509,-1.2875987,0.011340489,0.00055217743
1751443515844,487977509,-1.2875987,0.011340489,0.00055217743
1751443515860,487994176,-1.2879322,0.07524027,0.09181023
1751443515860,487994176,-1.2879322,0.07524027,0.09181023
1751443515877,488010843,-1.3338614,0.124007896,0.1038723
1751443515877,488010843,-1.3338614,0.124007896,0.1038723
1751443515894,488027510,-1.436207,0.13829428,-0.046507835
1751443515894,488027510,-1.436207,0.13829428,-0.046507835
1751443515910,488044177,-1.4348482,0.03970037,-0.20874596
1751443515910,488044177,-1.4348482,0.03970037,-0.20874596
1751443515927,488060844,-1.5010645,-0.107175805,-0.24281311
1751443515927,488060844,-1.5010645,-0.107175805,-0.24281311
1751443515944,488077511,-1.652421,-0.22253676,-0.37896538
1751443515944,488077511,-1.652421,-0.22253676,-0.37896538
1751443515960,488094178,-1.7540479,-0.14399387,-0.57325745
1751443515960,488094178,-1.7540479,-0.14399387,-0.57325745
1751443515977,488110845,-1.954778,-0.39968228,-0.52512836
1751443515977,488110845,-1.954778,-0.39968228,-0.52512836
1751443515994,488127512,-1.9718572,-0.49867025,-0.5185299
1751443515994,488127512,-1.9718572,-0.49867025,-0.5185299
1751443516010,488144179,-1.8820928,-0.2778588,-0.6293497
1751443516010,488144179,-1.8820928,-0.2778588,-0.6293497
1751443516027,488160846,-1.90073,-0.14090067,-1.0183134
1751443516027,488160846,-1.90073,-0.14090067,-1.0183134
1751443516044,488177513,-2.0167723,-0.08530059,-1.5768795
1751443516044,488177513,-2.0167723,-0.08530059,-1.5768795
1751443516060,488194180,-2.119434,-0.010388994,-2.2860866
1751443516060,488194180,-2.119434,-0.010388994,-2.2860866
1751443516077,488210847,-2.0426185,-0.003422207,-2.7397695
1751443516077,488210847,-2.0426185,-0.003422207,-2.7397695
1751443516094,488227514,-1.7323922,-0.046460297,-2.2623372
1751443516094,488227514,-1.7323922,-0.046460297,-2.2623372
1751443516110,488244181,-1.2599797,0.14048527,-1.1434298
1751443516110,488244181,-1.2599797,0.14048527,-1.1434298
1751443516127,488260848,-0.91752607,0.34919977,-0.26556778
1751443516127,488260848,-0.91752607,0.34919977,-0.26556778
1751443516144,488277515,-0.8920323,0.29450592,-0.3350401
1751443516144,488277515,-0.8920323,0.29450592,-0.3350401
1751443516160,488294182,-0.713799,0.035289455,-0.8496027
1751443516160,488294182,-0.713799,0.035289455,-0.8496027
1751443516177,488310849,-1.0272129,0.046577305,-0.6139059
1751443516177,488310849,-1.0272129,0.046577305,-0.6139059
1751443516194,488327516,-0.77054507,-0.061798427,-0.020433426
1751443516194,488327516,-0.77054507,-0.061798427,-0.020433426
1751443516210,488344183,-0.14023502,-0.049549915,0.513093
1751443516210,488344183,-0.14023502,-0.049549915,0.513093
1751443516227,488360850,0.5261163,-0.3108313,0.60514927
1751443516227,488360850,0.5261163,-0.3108313,0.60514927
1751443516244,488377517,0.48349988,-0.57314914,0.31694984
1751443516244,488377517,0.48349988,-0.57314914,0.31694984
1751443516260,488394184,0.085877955,-0.67414427,-0.413805
1751443516260,488394184,0.085877955,-0.67414427,-0.413805
1751443516277,488410851,-0.52219373,-0.45927778,-0.665596
1751443516277,488410851,-0.52219373,-0.45927778,-0.665596
1751443516294,488427518,-0.5390459,-0.05502062,-0.6842823
1751443516294,488427518,-0.5390459,-0.05502062,-0.6842823
1751443516310,488444185,0.19667846,0.1897483,-0.5262041
1751443516310,488444185,0.19667846,0.1897483,-0.5262041
1751443516327,488460852,0.20472702,0.39706475,-0.7241049
1751443516327,488460852,0.20472702,0.39706475,-0.7241049
1751443516344,488477519,-0.07280831,0.39698046,-1.5650225
1751443516344,488477519,-0.07280831,0.39698046,-1.5650225
1751443516360,488494186,-0.3370136,0.46090817,-1.9212089
1751443516360,488494186,-0.3370136,0.46090817,-1.9212089
1751443516377,488510853,-0.3032094,0.65941185,-1.3598919
1751443516377,488510853,-0.3032094,0.65941185,-1.3598919
1751443516394,488527520,-0.17922048,0.5060863,-0.6980972
1751443516394,488527520,-0.17922048,0.5060863,-0.6980972
1751443516410,488544187,-0.2617163,0.34346408,0.21489334
1751443516410,488544187,-0.2617163,0.34346408,0.21489334
1751443516427,488560854,0.58379227,0.19942273,0.6507416
1751443516427,488560854,0.58379227,0.19942273,0.6507416
1751443516444,488577521,-0.27554202,0.25662628,-0.66434574
1751443516444,488577521,-0.27554202,0.25662628,-0.66434574
1751443516460,488594188,0.06195388,0.20928927,-0.6832247
1751443516460,488594188,0.06195388,0.20928927,-0.6832247
1751443516477,488610855,0.2505297,0.4367508,-1.3500509
1751443516477,488610855,0.2505297,0.4367508,-1.3500509
1751443516494,488627522,0.3966893,0.52806646,-2.1230016
1751443516494,488627522,0.3966893,0.52806646,-2.1230016
1751443516510,488644189,0.3325167,0.5865434,-1.8965669
1751443516510,488644189,0.3325167,0.5865434,-1.8965669
1751443516527,488660856,0.4200379,0.37776807,-1.7395649
1751443516527,488660856,0.4200379,0.37776807,-1.7395649
1751443516544,488677523,0.54910606,0.40378198,-0.798296
1751443516544,488677523,0.54910606,0.40378198,-0.798296
1751443516560,488694190,0.12162631,0.7532326,0.59577084
1751443516560,488694190,0.12162631,0.7532326,0.59577084
1751443516577,488710857,0.07504665,0.84435016,0.24151802
1751443516577,488710857,0.07504665,0.84435016,0.24151802
1751443516594,488727524,-0.75284773,0.6373169,-0.868907
1751443516594,488727524,-0.75284773,0.6373169,-0.868907
1751443516610,488744191,-0.06001971,0.24806117,0.17069721
1751443516610,488744191,-0.06001971,0.24806117,0.17069721
1751443516627,488760858,0.35122105,0.37554523,0.7459221
1751443516627,488760858,0.35122105,0.37554523,0.7459221
1751443516644,488777525,0.4099635,0.28806016,0.6161213
1751443516644,488777525,0.4099635,0.28806016,0.6161213
1751443516660,488794192,0.2573931,-0.09226067,0.6301241
1751443516660,488794192,0.2573931,-0.09226067,0.6301241
1751443516677,488810859,0.11010986,-0.34888652,0.38992977
1751443516677,488810859,0.11010986,-0.34888652,0.38992977
1751443516694,488827526,0.10123097,-0.41228497,0.20610237
1751443516694,488827526,0.10123097,-0.41228497,0.20610237
1751443516710,488844193,-0.15564087,-0.29478866,0.28630924
1751443516710,488844193,-0.15564087,-0.29478866,0.28630924
1751443516727,488860860,-0.42799306,-0.3824214,0.11065674
1751443516727,488860860,-0.42799306,-0.3824214,0.11065674
1751443516744,488877527,-0.63403654,-0.26011232,0.10665989
1751443516744,488877527,-0.63403654,-0.26011232,0.10665989
1751443516760,488894194,-0.6604525,-0.23719396,0.25317097
1751443516760,488894194,-0.6604525,-0.23719396,0.25317097
1751443516777,488910861,-0.6097778,0.13329005,0.66049767
1751443516777,488910861,-0.6097778,0.13329005,0.66049767
1751443516794,488927528,-0.6054411,0.45666492,0.88275623
1751443516794,488927528,-0.6054411,0.45666492,0.88275623
1751443516810,488944195,-0.80589885,0.75804305,1.0314732
1751443516810,488944195,-0.80589885,0.75804305,1.0314732
1751443516827,488960862,-1.0785071,0.98473686,1.1908255
1751443516827,488960862,-1.0785071,0.98473686,1.1908255
1751443516844,488977529,-1.0199989,0.88084286,1.2679644
1751443516844,488977529,-1.0199989,0.88084286,1.2679644
1751443516861,488994196,-0.8219247,0.72822255,1.3142977
1751443516861,488994196,-0.8219247,0.72822255,1.3142977
1751443516877,489010863,-0.5813909,0.58053994,1.7170153
1751443516877,489010863,-0.5813909,0.58053994,1.7170153
1751443516894,489027530,-0.51017225,0.4031416,1.9031639
1751443516894,489027530,-0.51017225,0.4031416,1.9031639
1751443516911,489044197,-0.19086576,0.3460745,1.5610733
1751443516911,489044197,-0.19086576,0.3460745,1.5610733
1751443516927,489060864,0.3508233,0.2388561,1.2283268
1751443516927,489060864,0.3508233,0.2388561,1.2283268
1751443516944,489077531,0.78017926,0.022796981,1.4320097
1751443516944,489077531,0.78017926,0.022796981,1.4320097
1751443516961,489094198,1.0462581,-0.30480418,2.3690271
1751443516961,489094198,1.0462581,-0.30480418,2.3690271
1751443516977,489110865,0.5139315,-0.24625272,2.4433527
1751443516977,489110865,0.5139315,-0.24625272,2.4433527
1751443516994,489127532,0.31924504,-0.75254095,2.3654919
1751443516994,489127532,0.31924504,-0.75254095,2.3654919
1751443517011,489144199,-0.83713925,-0.29463902,1.9404135
1751443517011,489144199,-0.83713925,-0.29463902,1.9404135
1751443517027,489160866,-1.1347378,-0.28690514,1.296586
1751443517027,489160866,-1.1347378,-0.28690514,1.296586
1751443517044,489177533,-0.81657743,-0.14570385,0.85856915
1751443517044,489177533,-0.81657743,-0.14570385,0.85856915
1751443517061,489194200,-0.33437583,-0.15962602,0.5322447
1751443517061,489194200,-0.33437583,-0.15962602,0.5322447
1751443517077,489210867,-0.11010832,-0.2695147,0.23958302
1751443517077,489210867,-0.11010832,-0.2695147,0.23958302
1751443517094,489227534,-0.18954779,-0.50368255,-0.29143333
1751443517094,489227534,-0.18954779,-0.50368255,-0.29143333
1751443517111,489244201,-0.047624044,-0.61968684,-0.9483919
1751443517111,489244201,-0.047624044,-0.61968684,-0.9483919
1751443517127,489260868,-0.08422207,-0.5707254,-1.3265209
1751443517127,489260868,-0.08422207,-0.5707254,-1.3265209
1751443517144,489277535,0.062346146,-0.49529704,-1.2649746
1751443517144,489277535,0.062346146,-0.49529704,-1.2649746
1751443517161,489294202,-0.0057437383,-0.3824188,-1.0523043
1751443517161,489294202,-0.0057437383,-0.3824188,-1.0523043
1751443517177,489310869,0.022935964,-0.2879306,-0.92099667
1751443517177,489310869,0.022935964,-0.2879306,-0.92099667
1751443517194,489327536,0.14697231,-0.20134203,-0.91629887
1751443517194,489327536,0.14697231,-0.20134203,-0.91629887
1751443517211,489344203,0.2593988,-0.010146315,-1.0334625
1751443517211,489344203,0.2593988,-0.010146315,-1.0334625
1751443517227,489360870,0.46669987,0.030858198,-1.1523819
1751443517227,489360870,0.46669987,0.030858198,-1.1523819
1751443517244,489377537,0.6250422,0.14476235,-1.1179667
1751443517244,489377537,0.6250422,0.14476235,-1.1179667
1751443517261,489394204,0.4836247,0.2907913,-0.66449356
1751443517261,489394204,0.4836247,0.2907913,-0.66449356
1751443517277,489410871,0.302499,0.16117033,-0.292593
1751443517277,489410871,0.302499,0.16117033,-0.292593
1751443517294,489427538,0.073832795,0.10684964,-0.013473511
1751443517294,489427538,0.073832795,0.10684964,-0.013473511
1751443517311,489444205,-0.048494697,-0.10497001,-0.09066677
1751443517311,489444205,-0.048494697,-0.10497001,-0.09066677
1751443517327,489460872,0.07316089,-0.0527756,-0.4084959
1751443517327,489460872,0.07316089,-0.0527756,-0.4084959
1751443517344,489477539,0.1035742,0.07270167,-0.57713985
1751443517344,489477539,0.1035742,0.07270167,-0.57713985
1751443517361,489494206,0.19518784,0.09123883,-0.25514793
1751443517361,489494206,0.19518784,0.09123883,-0.25514793
1751443517377,489510873,0.16802152,-0.0017285375,-0.08931637
1751443517377,489510873,0.16802152,-0.0017285375,-0.08931637
1751443517394,489527540,-0.12819724,0.048403297,-0.24631119
1751443517394,489527540,-0.12819724,0.048403297,-0.24631119
1751443517411,489544207,0.058234554,0.22848187,-0.44772053
1751443517411,489544207,0.058234554,0.22848187,-0.44772053
1751443517427,489560874,0.12061398,0.18949862,-0.33454132
1751443517427,489560874,0.12061398,0.18949862,-0.33454132
1751443517444,489577541,0.11914798,0.21467684,0.002981186
1751443517444,489577541,0.11914798,0.21467684,0.002981186
1751443517461,489594208,0.13360699,0.19637465,0.08963585
1751443517461,489594208,0.13360699,0.19637465,0.08963585
1751443517477,489610875,0.19249198,0.18913713,-0.19036484
1751443517477,489610875,0.19249198,0.18913713,-0.19036484
1751443517494,489627542,0.288104,0.32798907,-0.6632948
1751443517494,489627542,0.288104,0.32798907,-0.6632948
1751443517511,489644209,0.38706174,0.32811734,-0.9328003
1751443517511,489644209,0.38706174,0.32811734,-0.9328003
1751443517527,489660876,0.3372292,0.2958338,-1.0078506
1751443517527,489660876,0.3372292,0.2958338,-1.0078506
1751443517544,489677543,0.29830852,-0.026980417,-0.85986805
1751443517544,489677543,0.29830852,-0.026980417,-0.85986805
1751443517561,489694210,0.3428537,-0.0037116003,-0.7014122
1751443517561,489694210,0.3428537,-0.0037116003,-0.7014122
1751443517577,489710877,0.33205077,0.098944046,-0.564106
1751443517577,489710877,0.33205077,0.098944046,-0.564106
1751443517594,489727544,0.34704393,0.244065,-0.5796957
1751443517594,489727544,0.34704393,0.244065,-0.5796957
1751443517611,489744211,0.36157614,0.3399961,-0.71048164
1751443517611,489744211,0.36157614,0.3399961,-0.71048164
1751443517627,489760878,0.20661509,0.41759238,-0.6148596
1751443517627,489760878,0.20661509,0.41759238,-0.6148596
1751443517644,489777545,0.087844655,0.29813388,-0.50889015
1751443517644,489777545,0.087844655,0.29813388,-0.50889015
1751443517661,489794212,0.12132456,0.18399335,-0.5649853
1751443517661,489794212,0.12132456,0.18399335,-0.5649853
1751443517677,489810879,0.20063156,0.22689952,-0.7358055
1751443517677,489810879,0.20063156,0.22689952,-0.7358055
1751443517694,489827546,0.28591278,0.294559,-0.7870436
1751443517694,489827546,0.28591278,0.294559,-0.7870436
1751443517711,489844213,0.347554,0.23654902,-0.64222527
1751443517711,489844213,0.347554,0.23654902,-0.64222527
1751443517727,489860880,0.28364646,0.19396052,-0.47704506
1751443517727,489860880,0.28364646,0.19396052,-0.47704506
1751443517744,489877547,0.057284854,0.16433461,-0.24720669
1751443517744,489877547,0.057284854,0.16433461,-0.24720669
1751443517761,489894214,-0.21389566,0.12588587,-0.067448616
1751443517761,489894214,-0.21389566,0.12588587,-0.067448616
1751443517777,489910881,-0.26106417,0.18351531,-0.10078335
1751443517777,489910881,-0.26106417,0.18351531,-0.10078335
1751443517794,489927548,-0.2652915,0.27553058,-0.16060066
1751443517794,489927548,-0.2652915,0.27553058,-0.16060066
1751443517811,489944215,-0.2838415,0.36360356,-0.1378727
1751443517811,489944215,-0.2838415,0.36360356,-0.1378727
1751443517827,489960882,-0.16217844,0.4060965,-0.23821259
1751443517827,489960882,-0.16217844,0.4060965,-0.23821259
1751443517844,489977549,-0.037969828,0.33080164,-0.280221
1751443517844,489977549,-0.037969828,0.33080164,-0.280221
1751443517861,489994216,0.063985415,0.27458435,-0.32368088
1751443517861,489994216,0.063985415,0.27458435,-0.32368088
1751443517877,490010883,0.013796624,0.22836153,-0.41713428
1751443517877,490010883,0.013796624,0.22836153,-0.41713428
1751443517894,490027550,0.041450255,0.21689951,-0.5725565
1751443517894,490027550,0.041450255,0.21689951,-0.5725565
1751443517911,490044217,0.014272818,0.16479233,-0.65497875
1751443517911,490044217,0.014272818,0.16479233,-0.65497875
1751443517927,490060884,-0.047766596,0.08312718,-0.6466017
1751443517927,490060884,-0.047766596,0.08312718,-0.6466017
1751443517944,490077551,-0.12520958,0.005874591,-0.62305355
1751443517944,490077551,-0.12520958,0.005874591,-0.62305355
1751443517961,490094218,-0.16838866,-0.032548405,-0.6957674
1751443517961,490094218,-0.16838866,-0.032548405,-0.6957674
1751443517977,490110885,-0.17664033,-0.06462374,-0.6902857
1751443517977,490110885,-0.17664033,-0.06462374,-0.6902857
1751443517994,490127552,-0.17398146,-0.089287445,-0.6212177
1751443517994,490127552,-0.17398146,-0.089287445,-0.6212177
1751443518011,490144219,-0.27264932,-0.113612086,-0.4853487
1751443518011,490144219,-0.27264932,-0.113612086,-0.4853487
1751443518027,490160886,-0.33377692,-0.13503988,-0.26524925
1751443518027,490160886,-0.33377692,-0.13503988,-0.26524925
1751443518044,490177553,-0.31787366,-0.12058831,-0.21014118
1751443518044,490177553,-0.31787366,-0.12058831,-0.21014118
1751443518061,490194220,-0.3296083,-0.083382405,-0.22917652
1751443518061,490194220,-0.3296083,-0.083382405,-0.22917652
1751443518077,490210887,-0.24032994,0.008798475,-0.37092018
1751443518077,490210887,-0.24032994,0.008798475,-0.37092018
1751443518094,490227554,-0.25913528,0.09623848,-0.34609032
1751443518094,490227554,-0.25913528,0.09623848,-0.34609032
1751443518111,490244221,-0.26794922,0.20392233,-0.32889366
1751443518111,490244221,-0.26794922,0.20392233,-0.32889366
1751443518127,490260888,-0.19177473,0.3202415,-0.43370247
1751443518127,490260888,-0.19177473,0.3202415,-0.43370247
1751443518144,490277555,-0.1589957,0.3895263,-0.42035198
1751443518144,490277555,-0.1589957,0.3895263,-0.42035198
1751443518161,490294222,-0.098922715,0.34407732,-0.36700058
1751443518161,490294222,-0.098922715,0.34407732,-0.36700058
1751443518177,490310889,-0.15532832,0.3664195,-0.3597021
1751443518177,490310889,-0.15532832,0.3664195,-0.3597021
1751443518194,490327556,-0.14541815,0.4152835,-0.4861431
1751443518194,490327556,-0.14541815,0.4152835,-0.4861431
1751443518211,490344223,-0.39480376,0.39229372,-0.32288456
1751443518211,490344223,-0.39480376,0.39229372,-0.32288456
1751443518227,490360890,-0.9356723,0.33980685,0.03717518
1751443518227,490360890,-0.9356723,0.33980685,0.03717518
1751443518244,490377557,-0.8276908,0.29068682,-0.19467354
1751443518244,490377557,-0.8276908,0.29068682,-0.19467354
1751443518261,490394224,-0.35602847,0.2041806,-0.9573593
1751443518261,490394224,-0.35602847,0.2041806,-0.9573593
1751443518277,490410891,0.042466063,0.2011437,-1.1767092
1751443518277,490410891,0.042466063,0.2011437,-1.1767092
1751443518294,490427558,0.40473068,0.26830527,-0.6239748
1751443518294,490427558,0.40473068,0.26830527,-0.6239748
1751443518311,490444225,0.8603477,0.25157216,-0.16886139
1751443518311,490444225,0.8603477,0.25157216,-0.16886139
1751443518327,490460892,1.1588852,0.116746016,-0.30205154
1751443518327,490460892,1.1588852,0.116746016,-0.30205154
1751443518344,490477559,1.0595298,-0.0011691405,-0.76530075
1751443518344,490477559,1.0595298,-0.0011691405,-0.76530075
1751443518361,490494226,0.72364336,0.023735233,-0.943799
1751443518361,490494226,0.72364336,0.023735233,-0.943799
1751443518377,490510893,0.3757806,-0.011002984,-0.8404064
1751443518377,490510893,0.3757806,-0.011002984,-0.8404064
1751443518394,490527560,0.24755974,-0.032661166,-0.6445427
1751443518394,490527560,0.24755974,-0.032661166,-0.6445427
1751443518411,490544227,0.3967821,-0.023507863,-0.55851555
1751443518411,490544227,0.3967821,-0.023507863,-0.55851555
1751443518427,490560894,0.514042,0.03388635,-0.4743929
1751443518427,490560894,0.514042,0.03388635,-0.4743929
1751443518444,490577561,0.6591288,0.0633985,-0.33950138
1751443518444,490577561,0.6591288,0.0633985,-0.33950138
1751443518461,490594228,0.8157849,0.123721346,-0.12787533
1751443518461,490594228,0.8157849,0.123721346,-0.12787533
1751443518477,490610895,0.8152482,0.064270034,-0.17611313
1751443518477,490610895,0.8152482,0.064270034,-0.17611313
1751443518494,490627562,0.57387376,0.023439469,-0.08191013
1751443518494,490627562,0.57387376,0.023439469,-0.08191013
1751443518511,490644229,0.7175846,0.18214607,-0.1506443
1751443518511,490644229,0.7175846,0.18214607,-0.1506443
1751443518527,490660896,0.8901676,0.4947096,-0.13034058
1751443518527,490660896,0.8901676,0.4947096,-0.13034058
1751443518544,490677563,0.56891626,0.764078,0.16166687
1751443518544,490677563,0.56891626,0.764078,0.16166687
1751443518561,490694230,-0.1406148,0.53825516,1.0623512
1751443518561,490694230,-0.1406148,0.53825516,1.0623512
1751443518577,490710897,-0.6737067,0.2057344,2.5951662
1751443518577,490710897,-0.6737067,0.2057344,2.5951662
1751443518594,490727564,-0.13608389,0.22637425,3.4866934
1751443518594,490727564,-0.13608389,0.22637425,3.4866934
1751443518611,490744231,0.32249418,0.5582836,3.0318651
1751443518611,490744231,0.32249418,0.5582836,3.0318651
1751443518627,490760898,0.38568106,0.32955644,2.139226
1751443518627,490760898,0.38568106,0.32955644,2.139226
1751443518644,490777565,0.5241579,0.0064746113,1.7562027
1751443518644,490777565,0.5241579,0.0064746113,1.7562027
1751443518661,490794232,0.43168038,0.0038925898,1.7811594
1751443518661,490794232,0.43168038,0.0038925898,1.7811594
1751443518677,490810899,0.20574921,0.1142016,2.0205755
1751443518677,490810899,0.20574921,0.1142016,2.0205755
1751443518694,490827566,0.22488175,0.2777666,1.9226933
1751443518694,490827566,0.22488175,0.2777666,1.9226933
1751443518711,490844233,0.12515217,0.3383774,1.6390066
1751443518711,490844233,0.12515217,0.3383774,1.6390066
1751443518727,490860900,-0.008343124,0.36771235,1.658761
1751443518727,490860900,-0.008343124,0.36771235,1.658761
1751443518744,490877567,-0.004199641,0.42837778,1.6879301
1751443518744,490877567,-0.004199641,0.42837778,1.6879301
1751443518761,490894234,-0.11289131,0.3478712,1.6709652
1751443518761,490894234,-0.11289131,0.3478712,1.6709652
1751443518777,490910901,-0.4072708,0.28289533,1.4408922
1751443518777,490910901,-0.4072708,0.28289533,1.4408922
1751443518794,490927568,-0.839348,0.08094812,1.215024
1751443518794,490927568,-0.839348,0.08094812,1.215024
1751443518811,490944235,-1.2795602,0.06228278,1.1467085
1751443518811,490944235,-1.2795602,0.06228278,1.1467085
1751443518827,490960902,-1.3649863,0.10167817,1.2570171
1751443518827,490960902,-1.3649863,0.10167817,1.2570171
1751443518844,490977569,-1.0929238,0.30386496,1.422492
1751443518844,490977569,-1.0929238,0.30386496,1.422492
1751443518861,490994236,-0.4179594,0.3199143,1.7140999
1751443518861,490994236,-0.4179594,0.3199143,1.7140999
1751443518877,491010903,0.16513702,0.5612997,1.1504278
1751443518877,491010903,0.16513702,0.5612997,1.1504278
1751443518894,491027570,0.70164496,0.41561598,0.81642246
1751443518894,491027570,0.70164496,0.41561598,0.81642246
1751443518911,491044237,1.0176641,0.30178094,0.2181921
1751443518911,491044237,1.0176641,0.30178094,0.2181921
1751443518927,491060904,0.81538934,0.26543292,-0.48791218
1751443518927,491060904,0.81538934,0.26543292,-0.48791218
1751443518944,491077571,0.32712185,0.22173703,-1.0792685
1751443518944,491077571,0.32712185,0.22173703,-1.0792685
1751443518961,491094238,0.2134117,-0.01057708,-1.0307045
1751443518961,491094238,0.2134117,-0.01057708,-1.0307045
1751443518977,491110905,0.21243107,-0.33701852,-0.8442793
1751443518977,491110905,0.21243107,-0.33701852,-0.8442793
1751443518994,491127572,0.2863414,-0.19678092,-0.816761
1751443518994,491127572,0.2863414,-0.19678092,-0.816761
1751443519011,491144239,0.6739297,0.0032521135,-0.90610313
1751443519011,491144239,0.6739297,0.0032521135,-0.90610313
1751443519027,491160906,0.823068,0.36959946,-1.3170624
1751443519027,491160906,0.823068,0.36959946,-1.3170624
1751443519044,491177573,0.8744555,0.74351627,-1.3958702
1751443519044,491177573,0.8744555,0.74351627,-1.3958702
1751443519061,491194240,0.99552983,0.90194595,-1.241684
1751443519061,491194240,0.99552983,0.90194595,-1.241684
1751443519077,491210907,0.84726477,0.90559584,-1.1605253
1751443519077,491210907,0.84726477,0.90559584,-1.1605253
1751443519094,491227574,0.81694704,0.61389333,-1.355751
1751443519094,491227574,0.81694704,0.61389333,-1.355751
1751443519111,491244241,0.20092423,0.47209346,-1.3362331
1751443519111,491244241,0.20092423,0.47209346,-1.3362331
1751443519127,491260908,0.008064068,-0.04858792,-1.4910316
1751443519127,491260908,0.008064068,-0.04858792,-1.4910316
1751443519144,491277575,-0.29441166,-0.100805014,-1.5078535
1751443519144,491277575,-0.29441166,-0.100805014,-1.5078535
1751443519161,491294242,-0.2673349,-0.061597154,-1.5349703
1751443519161,491294242,-0.2673349,-0.061597154,-1.5349703
1751443519177,491310909,-0.7683442,-0.091281906,-2.0229688
1751443519177,491310909,-0.7683442,-0.091281906,-2.0229688
1751443519194,491327576,-0.92691183,-0.12630482,-1.9582958
1751443519194,491327576,-0.92691183,-0.12630482,-1.9582958
1751443519211,491344243,-1.074094,0.10982365,-1.7082272
1751443519211,491344243,-1.074094,0.10982365,-1.7082272
1751443519227,491360910,-1.2345963,0.28797352,-1.5959101
1751443519227,491360910,-1.2345963,0.28797352,-1.5959101
1751443519244,491377577,-1.4616724,0.15910937,-1.823246
1751443519244,491377577,-1.4616724,0.15910937,-1.823246
1751443519261,491394244,-1.545649,-0.07142122,-2.0249715
1751443519261,491394244,-1.545649,-0.07142122,-2.0249715
1751443519277,491410911,-1.6141541,0.073736474,-1.7045431
1751443519277,491410911,-1.6141541,0.073736474,-1.7045431
1751443519294,491427578,-1.6042734,0.29683304,-1.3352251
1751443519294,491427578,-1.6042734,0.29683304,-1.3352251
1751443519311,491444245,-1.6968157,0.37258616,-1.2548609
1751443519311,491444245,-1.6968157,0.37258616,-1.2548609
1751443519327,491460912,-1.8321913,0.22801206,-1.2933083
1751443519327,491460912,-1.8321913,0.22801206,-1.2933083
1751443519344,491477579,-2.1432996,0.10380914,-1.4763346
1751443519344,491477579,-2.1432996,0.10380914,-1.4763346
1751443519361,491494246,-2.079784,-0.0022644098,-1.4245968
1751443519361,491494246,-2.079784,-0.0022644098,-1.4245968
1751443519377,491510913,-1.8221781,-0.07109768,-1.0336103
1751443519377,491510913,-1.8221781,-0.07109768,-1.0336103
1751443519394,491527580,-1.4184309,-0.1956363,-0.50772095
1751443519394,491527580,-1.4184309,-0.1956363,-0.50772095
1751443519411,491544247,-1.1969101,-0.19261788,-0.111662865
1751443519411,491544247,-1.1969101,-0.19261788,-0.111662865
1751443519427,491560914,-1.1615418,-0.07766315,0.25910473
1751443519427,491560914,-1.1615418,-0.07766315,0.25910473
1751443519444,491577581,-1.1557803,-0.083901174,0.27967453
1751443519444,491577581,-1.1557803,-0.083901174,0.27967453
1751443519461,491594248,-1.3453649,-0.13765973,0.22084522
1751443519461,491594248,-1.3453649,-0.13765973,0.22084522
1751443519477,491610915,-1.3941358,-0.22842622,-0.01585102
1751443519477,491610915,-1.3941358,-0.22842622,-0.01585102
1751443519494,491627582,-1.4080291,-0.26528832,-0.25886154
1751443519494,491627582,-1.4080291,-0.26528832,-0.25886154
1751443519511,491644249,-1.3072687,-0.3226633,-0.5308094
1751443519511,491644249,-1.3072687,-0.3226633,-0.5308094
1751443519527,491660916,-1.4463115,-0.25823602,-0.6293497
1751443519527,491660916,-1.4463115,-0.25823602,-0.6293497
1751443519544,491677583,-1.4046751,-0.32598907,-0.5873127
1751443519544,491677583,-1.4046751,-0.32598907,-0.5873127
1751443519561,491694250,-1.275304,-0.47564396,-0.5479536
1751443519561,491694250,-1.275304,-0.47564396,-0.5479536
1751443519577,491710917,-1.1681466,-0.45683467,-0.6473217
1751443519577,491710917,-1.1681466,-0.45683467,-0.6473217
1751443519594,491727584,-1.1764371,-0.34331667,-0.86899567
1751443519594,491727584,-1.1764371,-0.34331667,-0.86899567
1751443519611,491744251,-1.2096801,-0.26735178,-0.91213703
1751443519611,491744251,-1.2096801,-0.26735178,-0.91213703
1751443519627,491760918,-1.0768912,-0.15600768,-0.6939745
1751443519627,491760918,-1.0768912,-0.15600768,-0.6939745
1751443519644,491777585,-0.91429716,0.03882487,-0.1838789
1751443519644,491777585,-0.91429716,0.03882487,-0.1838789
1751443519661,491794252,-0.7845104,0.13295244,0.42270088
1751443519661,491794252,-0.7845104,0.13295244,0.42270088
1751443519677,491810919,-0.72732604,0.21802527,0.97087383
1751443519677,491810919,-0.72732604,0.21802527,0.97087383
1751443519694,491827586,-0.78547895,0.30154958,1.1870308
1751443519694,491827586,-0.78547895,0.30154958,1.1870308
1751443519711,491844253,-0.90246755,0.27645737,0.7732048
1751443519711,491844253,-0.90246755,0.27645737,0.7732048
1751443519727,491860920,-1.0140843,0.2696884,0.16538525
1751443519727,491860920,-1.0140843,0.2696884,0.16538525
1751443519744,491877587,-0.8474633,0.24696182,-0.15450287
1751443519744,491877587,-0.8474633,0.24696182,-0.15450287
1751443519761,491894254,-0.62420774,0.20730759,-0.09685612
1751443519761,491894254,-0.62420774,0.20730759,-0.09685612
1751443519777,491910921,-0.62275606,0.13870823,-0.097724915
1751443519777,491910921,-0.62275606,0.13870823,-0.097724915
1751443519794,491927588,-0.7859201,0.041692544,-0.20518494
1751443519794,491927588,-0.7859201,0.041692544,-0.20518494
1751443519811,491944255,-0.72433406,-0.07186299,-0.2151804
1751443519811,491944255,-0.72433406,-0.07186299,-0.2151804
1751443519827,491960922,-0.642551,-0.08076574,-0.11439133
1751443519827,491960922,-0.642551,-0.08076574,-0.11439133
1751443519844,491977589,-0.41845793,-0.08101406,0.00207901
1751443519844,491977589,-0.41845793,-0.08101406,0.00207901
1751443519861,491994256,-0.24884376,-0.13487263,-0.110318184
1751443519861,491994256,-0.24884376,-0.13487263,-0.110318184
1751443519877,492010923,-0.38314077,-0.08026529,-0.15547371
1751443519877,492010923,-0.38314077,-0.08026529,-0.15547371
1751443519894,492027590,-0.5780277,-0.04326149,-0.1468029
1751443519894,492027590,-0.5780277,-0.04326149,-0.1468029
1751443519911,492044257,-0.6070442,0.011719567,-0.043831825
1751443519911,492044257,-0.6070442,0.011719567,-0.043831825
1751443519927,492060924,-0.54232883,0.051585227,0.05372238
1751443519927,492060924,-0.54232883,0.051585227,0.05372238
1751443519944,492077591,-0.5590696,0.14714462,-0.012555122
1751443519944,492077591,-0.5590696,0.14714462,-0.012555122
1751443519961,492094258,-0.52420133,0.3222336,-0.14655495
1751443519961,492094258,-0.52420133,0.3222336,-0.14655495
1751443519977,492110925,-0.54053164,0.31547388,-0.16504383
1751443519977,492110925,-0.54053164,0.31547388,-0.16504383
1751443519994,492127592,-0.5521705,0.2068238,-0.08447552
1751443519994,492127592,-0.5521705,0.2068238,-0.08447552
1751443520011,492144259,-0.6780425,0.3261452,0.21910381
1751443520011,492144259,-0.6780425,0.3261452,0.21910381
1751443520027,492160926,-0.02260163,-0.21792682,-0.11805344
1751443520027,492160926,-0.02260163,-0.21792682,-0.11805344
1751443520044,492177593,-0.8231993,-0.08989132,-0.16190624
1751443520044,492177593,-0.8231993,-0.08989132,-0.16190624
1751443520061,492194260,-0.42609218,-0.21497968,-0.2521286
1751443520061,492194260,-0.42609218,-0.21497968,-0.2521286
1751443520077,492210927,0.29510185,-0.54294413,0.61814404
1751443520077,492210927,0.29510185,-0.54294413,0.61814404
1751443520094,492227594,-0.39042184,0.11640778,1.1063032
1751443520094,492227594,-0.39042184,0.11640778,1.1063032
1751443520111,492244261,-0.46631318,-1.020904,-0.32483292
1751443520111,492244261,-0.46631318,-1.020904,-0.32483292
1751443520127,492260928,-0.6227775,-0.5314359,-0.017440796
1751443520127,492260928,-0.6227775,-0.5314359,-0.017440796
1751443520144,492277595,-0.33126077,-0.4910676,0.40389347
1751443520144,492277595,-0.33126077,-0.4910676,0.40389347
1751443520161,492294262,-0.41249457,-0.20341769,0.64343643
1751443520161,492294262,-0.41249457,-0.20341769,0.64343643
1751443520177,492310929,-0.18101716,0.034854162,0.80562687
1751443520177,492310929,-0.18101716,0.034854162,0.80562687
1751443520194,492327596,-0.4365614,0.31931174,0.68994236
1751443520194,492327596,-0.4365614,0.31931174,0.68994236
1751443520211,492344263,-1.9899553,1.8699759,1.6741438
1751443520211,492344263,-1.9899553,1.8699759,1.6741438
1751443520227,492360930,-0.9735896,0.54852617,1.0139742
1751443520227,492360930,-0.9735896,0.54852617,1.0139742
1751443520244,492377597,-0.19418292,0.3185825,0.584054
1751443520244,492377597,-0.19418292,0.3185825,0.584054
1751443520261,492394264,-1.55923,-0.17034481,-1.4856071
1751443520261,492394264,-1.55923,-0.17034481,-1.4856071
1751443520277,492410931,-4.7811313,-0.15136895,-3.8841171
1751443520277,492410931,-4.7811313,-0.15136895,-3.8841171
1751443520294,492427598,-4.5201254,-1.8508322,-6.5871687
1751443520294,492427598,-4.5201254,-1.8508322,-6.5871687
1751443520311,492444265,2.4176726,-1.6955968,0.17005825
1751443520311,492444265,2.4176726,-1.6955968,0.17005825
1751443520327,492460932,0.41938442,0.13738559,0.9808502
1751443520327,492460932,0.41938442,0.13738559,0.9808502
1751443520344,492477599,-0.7066539,0.20409225,0.46758938
1751443520344,492477599,-0.7066539,0.20409225,0.46758938
1751443520361,492494266,-1.8784672,0.5675763,-0.35387135
1751443520361,492494266,-1.8784672,0.5675763,-0.35387135
1751443520377,492510933,-2.3706975,1.1626604,-1.2841387
1751443520377,492510933,-2.3706975,1.1626604,-1.2841387
1751443520394,492527600,-2.9758527,1.3161343,-2.2551756
1751443520394,492527600,-2.9758527,1.3161343,-2.2551756
1751443520411,492544267,-2.3186448,1.1968912,-2.1914153
1751443520411,492544267,-2.3186448,1.1968912,-2.1914153
1751443520427,492560934,-2.4218543,0.70763946,-1.4782219
1751443520427,492560934,-2.4218543,0.70763946,-1.4782219
1751443520444,492577601,-2.2845397,-0.14100203,-1.3577957
1751443520444,492577601,-2.2845397,-0.14100203,-1.3577957
1751443520461,492594268,-1.6688336,-0.7153261,-1.380044
1751443520461,492594268,-1.6688336,-0.7153261,-1.380044
1751443520477,492610935,-1.377737,-0.7731452,-1.2097006
1751443520477,492610935,-1.377737,-0.7731452,-1.2097006
1751443520494,492627602,-1.2732465,-1.2155995,-1.5289574
1751443520494,492627602,-1.2732465,-1.2155995,-1.5289574
1751443520511,492644269,-1.3585756,-1.0166029,-1.4323149
1751443520511,492644269,-1.3585756,-1.0166029,-1.4323149
1751443520527,492660936,-0.52037394,-1.0505544,-0.6960554
1751443520527,492660936,-0.52037394,-1.0505544,-0.6960554
1751443520544,492677603,-0.3908781,-0.5135481,-0.35470486
1751443520544,492677603,-0.3908781,-0.5135481,-0.35470486
1751443520561,492694270,-0.56525886,-0.008820045,-0.1089344
1751443520561,492694270,-0.56525886,-0.008820045,-0.1089344
1751443520577,492710937,-0.7738175,0.24339019,-0.036258698
1751443520577,492710937,-0.7738175,0.24339019,-0.036258698
1751443520594,492727604,-1.0612588,0.6434319,-0.65212154
1751443520594,492727604,-1.0612588,0.6434319,-0.65212154
1751443520611,492744271,-1.1091589,1.0754046,-0.9464655
1751443520611,492744271,-1.1091589,1.0754046,-0.9464655
1751443520627,492760938,-0.16906917,1.0239068,-0.12251854
1751443520627,492760938,-0.16906917,1.0239068,-0.12251854
1751443520644,492777605,0.7958124,0.8211761,0.7657423
1751443520644,492777605,0.7958124,0.8211761,0.7657423
1751443520661,492794272,1.2155364,0.4614284,0.82540226
1751443520661,492794272,1.2155364,0.4614284,0.82540226
1751443520677,492810939,1.0896548,0.109082595,0.32512856
1751443520677,492810939,1.0896548,0.109082595,0.32512856
1751443520694,492827606,0.6724215,0.123267844,-0.21197987
1751443520694,492827606,0.6724215,0.123267844,-0.21197987
1751443520711,492844273,0.121645726,0.44801664,-0.5883703
1751443520711,492844273,0.121645726,0.44801664,-0.5883703
1751443520727,492860940,-0.11973491,0.6746438,-0.7283087
1751443520727,492860940,-0.11973491,0.6746438,-0.7283087
1751443520744,492877607,0.064385615,0.50324994,-1.2496786
1751443520744,492877607,0.064385615,0.50324994,-1.2496786
1751443520761,492894274,0.7051392,0.05678034,-0.6476841
1751443520761,492894274,0.7051392,0.05678034,-0.6476841
1751443520777,492910941,0.6818481,-0.6282121,-0.627717
1751443520777,492910941,0.6818481,-0.6282121,-0.627717
1751443520794,492927608,0.6560261,-1.2697029,-0.94746685
1751443520794,492927608,0.6560261,-1.2697029,-0.94746685
1751443520811,492944275,0.48924908,-1.5787649,-1.3283682
1751443520811,492944275,0.48924908,-1.5787649,-1.3283682
1751443520827,492960942,0.6433795,-1.1634405,-1.0853338
1751443520827,492960942,0.6433795,-1.1634405,-1.0853338
1751443520844,492977609,1.0479704,-0.34848228,-0.5979481
1751443520844,492977609,1.0479704,-0.34848228,-0.5979481
1751443520861,492994276,1.2272183,0.38429388,-0.2790346
1751443520861,492994276,1.2272183,0.38429388,-0.2790346
1751443520877,493010943,0.98180807,0.52769876,-0.0038700104
1751443520877,493010943,0.98180807,0.52769876,-0.0038700104
1751443520894,493027610,0.57582164,0.26849326,-0.10952473
1751443520894,493027610,0.57582164,0.26849326,-0.10952473
1751443520911,493044277,0.19594112,-0.0087497495,-0.23242855
1751443520911,493044277,0.19594112,-0.0087497495,-0.23242855
1751443520927,493060944,-0.037258156,0.12731019,0.23309994
1751443520927,493060944,-0.037258156,0.12731019,0.23309994
1751443520944,493077611,0.18255416,0.08315699,0.0536108
1751443520944,493077611,0.18255416,0.08315699,0.0536108
1751443520961,493094278,0.21955286,-0.039990716,-0.793725
1751443520961,493094278,0.21955286,-0.039990716,-0.793725
1751443520977,493110945,0.23134284,-0.31893867,-0.91870785
1751443520977,493110945,0.23134284,-0.31893867,-0.91870785
1751443520994,493127612,0.2636813,-0.28109312,-0.68420315
1751443520994,493127612,0.2636813,-0.28109312,-0.68420315
1751443521011,493144279,-0.44379827,-0.1470447,0.28965664
1751443521011,493144279,-0.44379827,-0.1470447,0.28965664
1751443521027,493160946,-0.90318197,-0.2155322,0.29453468
1751443521027,493160946,-0.90318197,-0.2155322,0.29453468
1751443521044,493177613,-0.6358465,-0.34520704,0.14288902
1751443521044,493177613,-0.6358465,-0.34520704,0.14288902
1751443521061,493194280,-0.12728688,-0.1865656,-0.1497221
1751443521061,493194280,-0.12728688,-0.1865656,-0.1497221
1751443521077,493210947,0.29966822,0.3596204,-0.23839283
1751443521077,493210947,0.29966822,0.3596204,-0.23839283
1751443521094,493227614,0.63794583,0.65223616,-0.34800625
1751443521094,493227614,0.63794583,0.65223616,-0.34800625
1751443521111,493244281,0.6884788,0.5116623,0.030472755
1751443521111,493244281,0.6884788,0.5116623,0.030472755
1751443521127,493260948,0.37168998,0.192042,0.93679714
1751443521127,493260948,0.37168998,0.192042,0.93679714
1751443521144,493277615,0.0032274711,-0.009550373,1.4887094
1751443521144,493277615,0.0032274711,-0.009550373,1.4887094
1751443521161,493294282,-0.3350563,-0.12888762,1.4275055
1751443521161,493294282,-0.3350563,-0.12888762,1.4275055
1751443521177,493310949,-0.6651213,-0.34842038,1.2263651
1751443521177,493310949,-0.6651213,-0.34842038,1.2263651
1751443521194,493327616,-0.63813794,-0.3478502,1.1232052
1751443521194,493327616,-0.63813794,-0.3478502,1.1232052
1751443521211,493344283,-0.5004043,-0.15217534,1.3965988
1751443521211,493344283,-0.5004043,-0.15217534,1.3965988
1751443521227,493360950,-0.7579733,0.076956294,1.8120136
1751443521227,493360950,-0.7579733,0.076956294,1.8120136
1751443521244,493377617,-0.8987491,0.09633699,2.3762636
1751443521244,493377617,-0.8987491,0.09633699,2.3762636
1751443521261,493394284,-0.40784156,0.44633022,2.2876873
1751443521261,493394284,-0.40784156,0.44633022,2.2876873
1751443521277,493410951,0.32588524,0.6659027,1.8379726
1751443521277,493410951,0.32588524,0.6659027,1.8379726
1751443521294,493427618,0.3120253,0.58321905,1.4879341
1751443521294,493427618,0.3120253,0.58321905,1.4879341
1751443521311,493444285,0.17411463,0.43041676,1.3492641
1751443521311,493444285,0.17411463,0.43041676,1.3492641
1751443521327,493460952,0.4195446,0.36172712,1.2233953
1751443521327,493460952,0.4195446,0.36172712,1.2233953
1751443521344,493477619,0.29793665,0.5853626,0.8576174
1751443521344,493477619,0.29793665,0.5853626,0.8576174
1751443521361,493494286,0.51068777,0.1290366,0.35047054
1751443521361,493494286,0.51068777,0.1290366,0.35047054
1751443521377,493510953,0.4566759,-0.079469025,0.47930145
1751443521377,493510953,0.4566759,-0.079469025,0.47930145
1751443521394,493527620,0.15439853,0.13539152,0.020684242
1751443521394,493527620,0.15439853,0.13539152,0.020684242
1751443521411,493544287,0.5255933,0.26001334,0.08390713
1751443521411,493544287,0.5255933,0.26001334,0.08390713
1751443521427,493560954,0.510942,0.286378,0.016274452
1751443521427,493560954,0.510942,0.286378,0.016274452
1751443521444,493577621,0.6344779,0.30743217,-0.13973331
1751443521444,493577621,0.6344779,0.30743217,-0.13973331
1751443521461,493594288,0.39019984,0.33606178,-0.21729183
1751443521461,493594288,0.39019984,0.33606178,-0.21729183
1751443521477,493610955,0.2224891,0.28853092,-0.39279747
1751443521477,493610955,0.2224891,0.28853092,-0.39279747
1751443521494,493627622,0.26736063,0.18285383,-0.46021843
1751443521494,493627622,0.26736063,0.18285383,-0.46021843
1751443521511,493644289,0.39206707,0.20260729,-0.56849575
1751443521511,493644289,0.39206707,0.20260729,-0.56849575
1751443521527,493660956,0.55288386,0.08732908,-0.50627613
1751443521527,493660956,0.55288386,0.08732908,-0.50627613
1751443521544,493677623,0.5431209,0.2595257,-0.4882908
1751443521544,493677623,0.5431209,0.2595257,-0.4882908
1751443521561,493694290,0.46881774,0.14892958,-0.4306202
1751443521561,493694290,0.46881774,0.14892958,-0.4306202
1751443521577,493710957,0.3194682,0.12054031,-0.39639854
1751443521577,493710957,0.3194682,0.12054031,-0.39639854
1751443521594,493727624,0.41026586,0.035477765,-0.5709772
1751443521594,493727624,0.41026586,0.035477765,-0.5709772
1751443521611,493744291,0.5207933,-0.046122905,-0.75119305
1751443521611,493744291,0.5207933,-0.046122905,-0.75119305
1751443521627,493760958,0.33144414,-0.111146286,-0.7868252
1751443521627,493760958,0.33144414,-0.111146286,-0.7868252
1751443521644,493777625,0.37150863,-0.19890407,-0.75375175
1751443521644,493777625,0.37150863,-0.19890407,-0.75375175
1751443521661,493794292,0.36714357,-0.11317277,-0.7657213
1751443521661,493794292,0.36714357,-0.11317277,-0.7657213
1751443521677,493810959,0.3037494,-0.2499304,-0.72826767
1751443521677,493810959,0.3037494,-0.2499304,-0.72826767
1751443521694,493827626,0.50217766,-0.196319,-0.59105873
1751443521694,493827626,0.50217766,-0.196319,-0.59105873
1751443521711,493844293,0.43630913,-0.36232144,-0.39807796
1751443521711,493844293,0.43630913,-0.36232144,-0.39807796
1751443521727,493860960,0.39247167,-0.31745118,-0.14618492
1751443521727,493860960,0.39247167,-0.31745118,-0.14618492
1751443521744,493877627,0.37879252,-0.32727844,-0.12512398
1751443521744,493877627,0.37879252,-0.32727844,-0.12512398
1751443521761,493894294,0.35285512,-0.11140587,-0.12089729
1751443521761,493894294,0.35285512,-0.11140587,-0.12089729
1751443521777,493910961,0.4030093,0.12331584,-0.17582035
1751443521777,493910961,0.4030093,0.12331584,-0.17582035
1751443521794,493927628,0.464757,0.13734354,-0.21141815
1751443521794,493927628,0.464757,0.13734354,-0.21141815
1751443521811,493944295,0.29709417,0.30888814,-0.3228655
1751443521811,493944295,0.29709417,0.30888814,-0.3228655
1751443521827,493960962,0.21045192,0.35362747,-0.47492313
1751443521827,493960962,0.21045192,0.35362747,-0.47492313
1751443521844,493977629,0.17290655,0.29343045,-0.47024918
1751443521844,493977629,0.17290655,0.29343045,-0.47024918
1751443521861,493994296,0.16294815,0.24523951,-0.5045395
1751443521861,493994296,0.16294815,0.24523951,-0.5045395
1751443521877,494010963,0.25585926,0.17273726,-0.59209156
1751443521877,494010963,0.25585926,0.17273726,-0.59209156
1751443521894,494027630,0.21523972,0.21128176,-0.9115982
1751443521894,494027630,0.21523972,0.21128176,-0.9115982
1751443521911,494044297,0.3806776,0.33660695,-1.1887865
1751443521911,494044297,0.3806776,0.33660695,-1.1887865
1751443521927,494060964,0.2251503,0.348736,-1.184226
1751443521927,494060964,0.2251503,0.348736,-1.184226
1751443521944,494077631,0.19432333,0.124259375,-0.9338865
1751443521944,494077631,0.19432333,0.124259375,-0.9338865
1751443521961,494094298,0.13007376,0.32041395,-0.5176134
1751443521961,494094298,0.13007376,0.32041395,-0.5176134
1751443521977,494110965,0.13757887,0.3839913,-0.32641602
1751443521977,494110965,0.13757887,0.3839913,-0.32641602
1751443521994,494127632,0.13534522,0.30115694,-0.16199398
1751443521994,494127632,0.13534522,0.30115694,-0.16199398
1751443522011,494144299,0.20190872,0.20122346,-0.15760899
1751443522011,494144299,0.20190872,0.20122346,-0.15760899
1751443522027,494160966,0.17317429,0.059214253,-0.107764244
1751443522027,494160966,0.17317429,0.059214253,-0.107764244
1751443522044,494177633,0.11604424,-0.060555693,-0.07818699
1751443522044,494177633,0.11604424,-0.060555693,-0.07818699
1751443522061,494194300,0.047167044,-0.08441006,-0.18003178
1751443522061,494194300,0.047167044,-0.08441006,-0.18003178
1751443522077,494210967,0.04923077,0.011490075,-0.42858696
1751443522077,494210967,0.04923077,0.011490075,-0.42858696
1751443522094,494227634,0.024964496,0.20988697,-0.6810093
1751443522094,494227634,0.024964496,0.20988697,-0.6810093
1751443522111,494244301,-0.050836485,0.37207884,-0.8216753
1751443522111,494244301,-0.050836485,0.37207884,-0.8216753
1751443522127,494260968,-0.1134124,0.4736063,-0.8093529
1751443522127,494260968,-0.1134124,0.4736063,-0.8093529
1751443522144,494277635,-0.15793967,0.47498822,-0.55903244
1751443522144,494277635,-0.15793967,0.47498822,-0.55903244
1751443522161,494294302,-0.18444586,0.4173709,-0.38733387
1751443522161,494294302,-0.18444586,0.4173709,-0.38733387
1751443522177,494310969,-0.12367078,0.37282863,-0.4029312
1751443522177,494310969,-0.12367078,0.37282863,-0.4029312
1751443522194,494327636,-0.0793381,0.37354428,-0.47843647
1751443522194,494327636,-0.0793381,0.37354428,-0.47843647
1751443522211,494344303,0.004399629,0.36984852,-0.5744772
1751443522211,494344303,0.004399629,0.36984852,-0.5744772
1751443522227,494360970,-0.043521326,0.3523915,-0.6551609
1751443522227,494360970,-0.043521326,0.3523915,-0.6551609
1751443522244,494377637,-0.062207036,0.30034986,-0.6828041
1751443522244,494377637,-0.062207036,0.30034986,-0.6828041
1751443522261,494394304,0.02057892,0.3204984,-0.624032
1751443522261,494394304,0.02057892,0.3204984,-0.624032
1751443522277,494410971,0.09873526,0.23812659,-0.4070387
1751443522277,494410971,0.09873526,0.23812659,-0.4070387
1751443522294,494427638,0.1700978,0.19207574,-0.19766426
1751443522294,494427638,0.1700978,0.19207574,-0.19766426
1751443522311,494444305,0.22578938,0.24153547,-0.1311655
1751443522311,494444305,0.22578938,0.24153547,-0.1311655
1751443522327,494460972,0.22730736,0.29394445,-0.23705292
1751443522327,494460972,0.22730736,0.29394445,-0.23705292
1751443522344,494477639,0.24742806,0.3291199,-0.39613438
1751443522344,494477639,0.24742806,0.3291199,-0.39613438
1751443522361,494494306,0.2323454,0.40124205,-0.47963428
1751443522361,494494306,0.2323454,0.40124205,-0.47963428
1751443522377,494510973,0.19583887,0.4268853,-0.43938637
1751443522377,494510973,0.19583887,0.4268853,-0.43938637
1751443522394,494527640,0.19144668,0.4237281,-0.41595173
1751443522394,494527640,0.19144668,0.4237281,-0.41595173
1751443522411,494544307,0.1406594,0.37354356,-0.561203
1751443522411,494544307,0.1406594,0.37354356,-0.561203
1751443522427,494560974,0.119259894,0.35075152,-0.56868553
1751443522427,494560974,0.119259894,0.35075152,-0.56868553
1751443522444,494577641,0.029146397,0.32097912,-0.5130844
1751443522444,494577641,0.029146397,0.32097912,-0.5130844
1751443522461,494594308,-0.07339959,0.24778962,-0.41048813
1751443522461,494594308,-0.07339959,0.24778962,-0.41048813
1751443522477,494610975,-0.088496715,0.2272335,-0.43579674
1751443522477,494610975,-0.088496715,0.2272335,-0.43579674
1751443522494,494627642,-0.06648058,0.1645646,-0.44852924
1751443522494,494627642,-0.06648058,0.1645646,-0.44852924
1751443522511,494644309,-0.1300721,0.1068357,-0.44319344
1751443522511,494644309,-0.1300721,0.1068357,-0.44319344
1751443522527,494660976,-0.12038897,0.07162984,-0.37529373
1751443522527,494660976,-0.12038897,0.07162984,-0.37529373
1751443522544,494677643,-0.121226415,0.041204054,-0.34733963
1751443522544,494677643,-0.121226415,0.041204054,-0.34733963
1751443522561,494694310,-0.1652745,0.009511901,-0.3791809
1751443522561,494694310,-0.1652745,0.009511901,-0.3791809
1751443522577,494710977,-0.047634102,-0.029761812,-0.407032
1751443522577,494710977,-0.047634102,-0.029761812,-0.407032
1751443522594,494727644,0.112544276,-0.096135214,-0.3730545
1751443522594,494727644,0.112544276,-0.096135214,-0.3730545
1751443522611,494744311,0.2873913,-0.11130839,-0.48924446
1751443522611,494744311,0.2873913,-0.11130839,-0.48924446
1751443522627,494760978,0.34711716,-0.03399727,-0.64948845
1751443522627,494760978,0.34711716,-0.03399727,-0.64948845
1751443522644,494777645,0.37758005,0.03247157,-0.76633453
1751443522644,494777645,0.37758005,0.03247157,-0.76633453
1751443522661,494794312,0.40853208,0.112261504,-0.6535244
1751443522661,494794312,0.40853208,0.112261504,-0.6535244
1751443522677,494810979,0.3931459,0.15022677,-0.5082445
1751443522677,494810979,0.3931459,0.15022677,-0.5082445
1751443522694,494827646,0.32797003,0.21701786,-0.49792385
1751443522694,494827646,0.32797003,0.21701786,-0.49792385
1751443522711,494844313,0.33944586,0.25558108,-0.542593
1751443522711,494844313,0.33944586,0.25558108,-0.542593
1751443522727,494860980,0.30591232,0.27971178,-0.56701565
1751443522727,494860980,0.30591232,0.27971178,-0.56701565
1751443522744,494877647,0.28960833,0.30570334,-0.57958984
1751443522744,494877647,0.28960833,0.30570334,-0.57958984
1751443522761,494894314,0.26772267,0.33839065,-0.5143976
1751443522761,494894314,0.26772267,0.33839065,-0.5143976
1751443522777,494910981,0.25364843,0.35306767,-0.4770851
1751443522777,494910981,0.25364843,0.35306767,-0.4770851
1751443522794,494927648,0.09489832,0.34065464,-0.61309624
1751443522794,494927648,0.09489832,0.34065464,-0.61309624
1751443522811,494944315,-0.021816596,0.25374243,-0.5714836
1751443522811,494944315,-0.021816596,0.25374243,-0.5714836
1751443522827,494960982,0.12735514,0.15852249,-0.5651169
1751443522827,494960982,0.12735514,0.15852249,-0.5651169
1751443522844,494977649,0.38923565,0.003038882,-0.37054062
1751443522844,494977649,0.38923565,0.003038882,-0.37054062
1751443522861,494994316,0.5800882,-0.08029871,-0.34125328
1751443522861,494994316,0.5800882,-0.08029871,-0.34125328
1751443522877,495010983,0.6784165,-0.121335015,-0.22508621
1751443522877,495010983,0.6784165,-0.121335015,-0.22508621
1751443522894,495027650,0.7443464,-0.108400546,-0.23707199
1751443522894,495027650,0.7443464,-0.108400546,-0.23707199
1751443522911,495044317,0.72974664,-0.028541822,-0.5580616
1751443522911,495044317,0.72974664,-0.028541822,-0.5580616
1751443522927,495060984,0.5804732,0.3229217,-0.754549
1751443522927,495060984,0.5804732,0.3229217,-0.754549
1751443522944,495077651,0.529048,0.68998307,-0.48162365
1751443522944,495077651,0.529048,0.68998307,-0.48162365
1751443522961,495094318,0.5954024,0.84393525,0.14039135
1751443522961,495094318,0.5954024,0.84393525,0.14039135
1751443522977,495110985,0.31231087,0.89299124,0.0119924545
1751443522977,495110985,0.31231087,0.89299124,0.0119924545
1751443522994,495127652,-0.09011039,0.7182523,-0.10259056
1751443522994,495127652,-0.09011039,0.7182523,-0.10259056
1751443523011,495144319,-0.108001016,0.6966034,0.7514334
1751443523011,495144319,-0.108001016,0.6966034,0.7514334
1751443523027,495160986,-0.65955245,0.9023652,1.6787767
1751443523027,495160986,-0.65955245,0.9023652,1.6787767
1751443523044,495177653,-0.9220637,0.8800149,2.139905
1751443523044,495177653,-0.9220637,0.8800149,2.139905
1751443523061,495194320,-0.5797572,0.59646416,2.2266216
1751443523061,495194320,-0.5797572,0.59646416,2.2266216
1751443523077,495210987,-0.16630012,-0.06319818,2.1735277
1751443523077,495210987,-0.16630012,-0.06319818,2.1735277
1751443523094,495227654,0.27976844,-0.63105196,2.120595
1751443523094,495227654,0.27976844,-0.63105196,2.120595
1751443523111,495244321,0.5242783,-0.78717697,1.9386988
1751443523111,495244321,0.5242783,-0.78717697,1.9386988
1751443523127,495260988,0.53325194,-0.66873276,1.6239738
1751443523127,495260988,0.53325194,-0.66873276,1.6239738
1751443523144,495277655,0.36205444,-0.26333258,1.3623209
1751443523144,495277655,0.36205444,-0.26333258,1.3623209
1751443523161,495294322,0.15594806,0.10784545,1.2145481
1751443523161,495294322,0.15594806,0.10784545,1.2145481
1751443523177,495310989,-0.012792205,0.18671937,1.0678463
1751443523177,495310989,-0.012792205,0.18671937,1.0678463
1751443523194,495327656,0.04031738,0.23234932,1.2855682
1751443523194,495327656,0.04031738,0.23234932,1.2855682
1751443523211,495344323,0.10254428,0.4859506,1.4557772
1751443523211,495344323,0.10254428,0.4859506,1.4557772
1751443523227,495360990,0.22922757,0.5010786,1.3525362
1751443523227,495360990,0.22922757,0.5010786,1.3525362
1751443523244,495377657,0.270738,0.5846435,1.040906
1751443523244,495377657,0.270738,0.5846435,1.040906
1751443523261,495394324,0.24693063,0.54838824,0.81209373
1751443523261,495394324,0.24693063,0.54838824,0.81209373
1751443523277,495410991,0.30279776,0.46087143,0.79640484
1751443523277,495410991,0.30279776,0.46087143,0.79640484
1751443523294,495427658,0.33351308,0.5378534,0.592
1751443523294,495427658,0.33351308,0.5378534,0.592
1751443523311,495444325,0.33098966,0.685939,0.4330063
1751443523311,495444325,0.33098966,0.685939,0.4330063
1751443523327,495460992,0.31072792,0.7932983,0.57306576
1751443523327,495460992,0.31072792,0.7932983,0.57306576
1751443523344,495477659,0.35617197,0.7937319,0.6983843
1751443523344,495477659,0.35617197,0.7937319,0.6983843
1751443523361,495494326,0.65712816,0.7828899,0.8429842
1751443523361,495494326,0.65712816,0.7828899,0.8429842
1751443523377,495510993,0.8080278,0.71422607,0.9765501
1751443523377,495510993,0.8080278,0.71422607,0.9765501
1751443523394,495527660,0.60556334,0.5504449,1.1062346
1751443523394,495527660,0.60556334,0.5504449,1.1062346
1751443523411,495544327,0.114800446,0.22201933,1.1667566
1751443523411,495544327,0.114800446,0.22201933,1.1667566
1751443523427,495560994,-0.045749217,0.04326138,0.71720123
1751443523427,495560994,-0.045749217,0.04326138,0.71720123
1751443523444,495577661,0.015541778,-0.26208425,-0.21031666
1751443523444,495577661,0.015541778,-0.26208425,-0.21031666
1751443523461,495594328,0.22750394,-0.34938797,-0.6910124
1751443523461,495594328,0.22750394,-0.34938797,-0.6910124
1751443523477,495610995,0.773333,-0.41251662,-1.1866245
1751443523477,495610995,0.773333,-0.41251662,-1.1866245
1751443523494,495627662,0.977255,-0.29259253,-1.1567135
1751443523494,495627662,0.977255,-0.29259253,-1.1567135
1751443523511,495644329,0.9423506,-0.1749722,-1.3102865
1751443523511,495644329,0.9423506,-0.1749722,-1.3102865
1751443523527,495660996,0.70301074,0.041048154,-1.2409363
1751443523527,495660996,0.70301074,0.041048154,-1.2409363
1751443523544,495677663,0.35389045,0.023994675,-1.276701
1751443523544,495677663,0.35389045,0.023994675,-1.276701
1751443523561,495694330,0.21516632,-0.10891708,-1.4187975
1751443523561,495694330,0.21516632,-0.10891708,-1.4187975
1751443523577,495710997,0.12085058,-0.114572965,-1.6062479
1751443523577,495710997,0.12085058,-0.114572965,-1.6062479
1751443523594,495727664,-0.081995815,0.15338086,-1.8737922
1751443523594,495727664,-0.081995815,0.15338086,-1.8737922
1751443523611,495744331,0.090963826,0.3323859,-1.3606243
1751443523611,495744331,0.090963826,0.3323859,-1.3606243
1751443523627,495760998,0.3770431,0.61826086,-0.8258314
1751443523627,495760998,0.3770431,0.61826086,-0.8258314
1751443523644,495777665,0.49863908,0.61247134,-0.5361414
1751443523644,495777665,0.49863908,0.61247134,-0.5361414
1751443523661,495794332,0.3118336,0.5102101,-0.6289835
1751443523661,495794332,0.3118336,0.5102101,-0.6289835
1751443523677,495810999,-0.12049103,0.46476513,-1.002985
1751443523677,495810999,-0.12049103,0.46476513,-1.002985
1751443523694,495827666,-0.3978831,0.43784982,-1.4449673
1751443523694,495827666,-0.3978831,0.43784982,-1.4449673
1751443523711,495844333,-0.88603336,0.25341877,-1.8754334
1751443523711,495844333,-0.88603336,0.25341877,-1.8754334
1751443523727,495861000,-0.7364907,0.04039807,-1.9066501
1751443523727,495861000,-0.7364907,0.04039807,-1.9066501
1751443523744,495877667,-0.7067685,0.118379615,-1.4394474
1751443523744,495877667,-0.7067685,0.118379615,-1.4394474
1751443523761,495894334,-0.72538,-0.053268056,-1.059638
1751443523761,495894334,-0.72538,-0.053268056,-1.059638
1751443523777,495911001,-1.0681775,-0.15975465,-1.1037703
1751443523777,495911001,-1.0681775,-0.15975465,-1.1037703
1751443523794,495927668,-1.3374338,-0.033980116,-1.0739527
1751443523794,495927668,-1.3374338,-0.033980116,-1.0739527
1751443523811,495944335,-1.3287063,-0.0028597366,-0.95207024
1751443523811,495944335,-1.3287063,-0.0028597366,-0.95207024
1751443523827,495961002,-1.364106,0.25528085,-0.61843204
1751443523827,495961002,-1.364106,0.25528085,-0.61843204
1751443523844,495977669,-1.2300858,0.22320473,-0.5742073
1751443523844,495977669,-1.2300858,0.22320473,-0.5742073
1751443523861,495994336,-1.5748711,0.40283683,-0.9147873
1751443523861,495994336,-1.5748711,0.40283683,-0.9147873
1751443523877,496011003,-1.5308911,0.20641018,-1.4525738
1751443523877,496011003,-1.5308911,0.20641018,-1.4525738
1751443523894,496027670,-1.5450677,0.13995677,-1.5473623
1751443523894,496027670,-1.5450677,0.13995677,-1.5473623
1751443523911,496044337,-1.3685776,-0.21274388,-1.3230639
1751443523911,496044337,-1.3685776,-0.21274388,-1.3230639
1751443523927,496061004,-1.2977186,-0.29863867,-0.93108463
1751443523927,496061004,-1.2977186,-0.29863867,-0.93108463
1751443523944,496077671,-1.0216552,-0.39972845,-0.69420433
1751443523944,496077671,-1.0216552,-0.39972845,-0.69420433
1751443523961,496094338,-0.9437876,-0.3591519,-0.41430187
1751443523961,496094338,-0.9437876,-0.3591519,-0.41430187
1751443523977,496111005,-0.94212645,-0.30999815,-0.36864376
1751443523977,496111005,-0.94212645,-0.30999815,-0.36864376
1751443523994,496127672,-0.99516195,-0.24705446,-0.38054943
1751443523994,496127672,-0.99516195,-0.24705446,-0.38054943
1751443524011,496144339,-1.1470032,-0.24265863,-0.4128399
1751443524011,496144339,-1.1470032,-0.24265863,-0.4128399
1751443524027,496161006,-1.1931337,-0.21301411,-0.404994
1751443524027,496161006,-1.1931337,-0.21301411,-0.404994
1751443524044,496177673,-1.2629926,-0.12058088,-0.5329561
1751443524044,496177673,-1.2629926,-0.12058088,-0.5329561
1751443524061,496194340,-1.3152204,-0.16160008,-0.6801796
1751443524061,496194340,-1.3152204,-0.16160008,-0.6801796
1751443524077,496211007,-1.2863076,-0.1747288,-0.8704243
1751443524077,496211007,-1.2863076,-0.1747288,-0.8704243
1751443524094,496227674,-1.1242224,-0.14874887,-0.7092352
1751443524094,496227674,-1.1242224,-0.14874887,-0.7092352
1751443524111,496244341,-1.024042,-0.063906156,-0.33531666
1751443524111,496244341,-1.024042,-0.063906156,-0.33531666
1751443524127,496261008,-0.9179426,0.06067997,-0.040317535
1751443524127,496261008,-0.9179426,0.06067997,-0.040317535
1751443524144,496277675,-0.92168593,0.099337205,0.12361145
1751443524144,496277675,-0.92168593,0.099337205,0.12361145
1751443524161,496294342,-0.787617,0.062225115,0.21454525
1751443524161,496294342,-0.787617,0.062225115,0.21454525
1751443524177,496311009,-0.6314847,-0.09361147,0.22895241
1751443524177,496311009,-0.6314847,-0.09361147,0.22895241
1751443524194,496327676,-0.5888962,-0.18828732,0.09546471
1751443524194,496327676,-0.5888962,-0.18828732,0.09546471
1751443524211,496344343,-0.6282275,-0.1922788,-0.09156799
1751443524211,496344343,-0.6282275,-0.1922788,-0.09156799
1751443524227,496361010,-0.7068166,-0.21504696,-0.26919556
1751443524227,496361010,-0.7068166,-0.21504696,-0.26919556
1751443524244,496377677,-0.7587433,-0.16446598,-0.28552532
1751443524244,496377677,-0.7587433,-0.16446598,-0.28552532
1751443524261,496394344,-0.8228137,-0.03998602,-0.10953331
1751443524261,496394344,-0.8228137,-0.03998602,-0.10953331
1751443524277,496411011,-0.71080667,0.12059552,0.1121521
1751443524277,496411011,-0.71080667,0.12059552,0.1121521
1751443524294,496427678,-0.5548717,0.18485259,0.3475294
1751443524294,496427678,-0.5548717,0.18485259,0.3475294
1751443524311,496444345,-0.452612,0.19616324,0.36015415
1751443524311,496444345,-0.452612,0.19616324,0.36015415
1751443524327,496461012,-0.60844976,0.18417624,0.1513462
1751443524327,496461012,-0.60844976,0.18417624,0.1513462
1751443524344,496477679,-0.9147361,0.20654497,-0.15662289
1751443524344,496477679,-0.9147361,0.20654497,-0.15662289
1751443524361,496494346,-0.9811742,0.14297251,-0.44816113
1751443524361,496494346,-0.9811742,0.14297251,-0.44816113
1751443524377,496511013,-0.9669186,0.118991256,-0.3871317
1751443524377,496511013,-0.9669186,0.118991256,-0.3871317
1751443524394,496527680,-0.8725322,0.17455222,-0.111076355
1751443524394,496527680,-0.8725322,0.17455222,-0.111076355
1751443524411,496544347,-0.7552321,0.19193728,0.066887856
1751443524411,496544347,-0.7552321,0.19193728,0.066887856
1751443524427,496561014,-0.80279064,0.18996991,0.04267502
1751443524427,496561014,-0.80279064,0.18996991,0.04267502
1751443524444,496577681,-0.877408,0.09866823,0.027853966
1751443524444,496577681,-0.877408,0.09866823,0.027853966
1751443524461,496594348,-0.8950402,0.1498091,-0.0064172745
1751443524461,496594348,-0.8950402,0.1498091,-0.0064172745
1751443524477,496611015,-0.97998977,0.09302833,0.02308178
1751443524477,496611015,-0.97998977,0.09302833,0.02308178
1751443524494,496627682,-0.91825175,0.005417507,-0.15088749
1751443524494,496627682,-0.91825175,0.005417507,-0.15088749
1751443524511,496644349,-0.9722867,-0.04184386,-0.18873215
1751443524511,496644349,-0.9722867,-0.04184386,-0.18873215
1751443524527,496661016,-1.0126271,-0.055091027,-0.10103893
1751443524527,496661016,-1.0126271,-0.055091027,-0.10103893
1751443524544,496677683,-1.008715,-0.10229696,-0.064455986
1751443524544,496677683,-1.008715,-0.10229696,-0.064455986
1751443524561,496694350,-1.1517286,-0.099267244,-0.11294651
1751443524561,496694350,-1.1517286,-0.099267244,-0.11294651
1751443524577,496711017,-1.2723957,-0.13510755,-0.27679157
1751443524577,496711017,-1.2723957,-0.13510755,-0.27679157
1751443524594,496727684,-1.3030627,-0.12955369,-0.38746166
1751443524594,496727684,-1.3030627,-0.12955369,-0.38746166
1751443524611,496744351,-1.2407427,-0.19096544,-0.37313843
1751443524611,496744351,-1.2407427,-0.19096544,-0.37313843
1751443524627,496761018,-1.1397036,-0.32184994,-0.36046314
1751443524627,496761018,-1.1397036,-0.32184994,-0.36046314
1751443524644,496777685,-1.0511682,-0.3044155,-0.21566105
1751443524644,496777685,-1.0511682,-0.3044155,-0.21566105
1751443524661,496794352,-1.0708407,-0.37405363,-0.16845894
1751443524661,496794352,-1.0708407,-0.37405363,-0.16845894
1751443524677,496811019,-1.1288809,-0.42809415,-0.10757828
1751443524677,496811019,-1.1288809,-0.42809415,-0.10757828
1751443524694,496827686,-1.2097265,-0.43956506,-0.029922485
1751443524694,496827686,-1.2097265,-0.43956506,-0.029922485
1751443524711,496844353,-1.2514223,-0.4028231,0.123542786
1751443524711,496844353,-1.2514223,-0.4028231,0.123542786
1751443524727,496861020,-1.13508,-0.47053477,0.3596611
1751443524727,496861020,-1.13508,-0.47053477,0.3596611
1751443524744,496877687,-1.0432749,-0.50070566,0.4523239
1751443524744,496877687,-1.0432749,-0.50070566,0.4523239
1751443524761,496894354,-1.3331574,-0.6010489,0.20297623
1751443524761,496894354,-1.3331574,-0.6010489,0.20297623
1751443524777,496911021,-1.7690947,-0.77891797,-0.20101643
1751443524777,496911021,-1.7690947,-0.77891797,-0.20101643
1751443524794,496927688,-2.1237094,-0.8609005,-0.63810635
1751443524794,496927688,-2.1237094,-0.8609005,-0.63810635
1751443524811,496944355,-2.4418142,-0.71656275,-1.2630739
1751443524811,496944355,-2.4418142,-0.71656275,-1.2630739
1751443524827,496961022,-2.6429412,-0.6014682,-2.1031575
1751443524827,496961022,-2.6429412,-0.6014682,-2.1031575
1751443524844,496977689,-2.5029795,-0.5923729,-2.885651
1751443524844,496977689,-2.5029795,-0.5923729,-2.885651
1751443524861,496994356,-2.0534663,-0.6928906,-3.3451624
1751443524861,496994356,-2.0534663,-0.6928906,-3.3451624
1751443524877,497011023,-1.6215953,-0.6669126,-3.5306726
1751443524877,497011023,-1.6215953,-0.6669126,-3.5306726
1751443524894,497027690,-1.1052135,-0.5038596,-3.4583497
1751443524894,497027690,-1.1052135,-0.5038596,-3.4583497
1751443524911,497044357,-0.81476784,-0.16177097,-2.9539165
1751443524911,497044357,-0.81476784,-0.16177097,-2.9539165
1751443524927,497061024,-0.76886165,0.035273474,-2.1512218
1751443524927,497061024,-0.76886165,0.035273474,-2.1512218
1751443524944,497077691,-0.49871674,-0.22707509,-1.2740936
1751443524944,497077691,-0.49871674,-0.22707509,-1.2740936
1751443524961,497094358,0.34744364,-0.72203314,-0.104408264
1751443524961,497094358,0.34744364,-0.72203314,-0.104408264
1751443524977,497111025,1.3405826,-1.2611321,1.0950546
1751443524977,497111025,1.3405826,-1.2611321,1.0950546
1751443524994,497127692,1.3800582,-0.874614,1.3509207
1751443524994,497127692,1.3800582,-0.874614,1.3509207
1751443525011,497144359,0.8373408,-0.5677256,-0.003870964
1751443525011,497144359,0.8373408,-0.5677256,-0.003870964
1751443525027,497161026,0.24620064,-0.09484102,-0.75731564
1751443525027,497161026,0.24620064,-0.09484102,-0.75731564
1751443525044,497177693,0.3807996,0.426933,-0.6365471
1751443525044,497177693,0.3807996,0.426933,-0.6365471
1751443525061,497194360,0.62616915,1.3422906,0.11833382
1751443525061,497194360,0.62616915,1.3422906,0.11833382
1751443525077,497211027,1.9841833,1.3221543,1.2794161
1751443525077,497211027,1.9841833,1.3221543,1.2794161
1751443525094,497227694,0.9662485,1.0798552,0.2757597
1751443525094,497227694,0.9662485,1.0798552,0.2757597
1751443525111,497244361,1.1479216,0.7767028,0.80040073
1751443525111,497244361,1.1479216,0.7767028,0.80040073
1751443525127,497261028,0.5393671,0.29434532,0.086452484
1751443525127,497261028,0.5393671,0.29434532,0.086452484
1751443525144,497277695,-0.13181385,-0.09536627,-1.5945101
1751443525144,497277695,-0.13181385,-0.09536627,-1.5945101
1751443525161,497294362,0.6155517,-0.20734067,-0.7021475
1751443525161,497294362,0.6155517,-0.20734067,-0.7021475
1751443525177,497311029,0.4542289,0.1667447,-0.6098356
1751443525177,497311029,0.4542289,0.1667447,-0.6098356
1751443525194,497327696,0.96881044,0.5078011,0.16804695
1751443525194,497327696,0.96881044,0.5078011,0.16804695
1751443525211,497344363,0.013590259,0.8957685,-0.13560963
1751443525211,497344363,0.013590259,0.8957685,-0.13560963
1751443525227,497361030,-1.5093801,1.0870166,-1.0046768
1751443525227,497361030,-1.5093801,1.0870166,-1.0046768
1751443525244,497377697,-0.88335985,0.5299652,-0.7001276
1751443525244,497377697,-0.88335985,0.5299652,-0.7001276
1751443525261,497394364,0.5577539,0.3886506,0.75258636
1751443525261,497394364,0.5577539,0.3886506,0.75258636
1751443525277,497411031,0.98155594,0.47786802,1.1037054
1751443525277,497411031,0.98155594,0.47786802,1.1037054
1751443525294,497427698,0.45809147,0.3365839,0.11666298
1751443525294,497427698,0.45809147,0.3365839,0.11666298
1751443525311,497444365,0.5145206,0.07945774,-0.17825794
1751443525311,497444365,0.5145206,0.07945774,-0.17825794
1751443525327,497461032,0.6691723,0.052366402,-0.03760338
1751443525327,497461032,0.6691723,0.052366402,-0.03760338
1751443525344,497477699,0.4047929,0.013210957,-0.4939108
1751443525344,497477699,0.4047929,0.013210957,-0.4939108
1751443525361,497494366,0.08561899,-0.3854197,-0.9984493
1751443525361,497494366,0.08561899,-0.3854197,-0.9984493
1751443525377,497511033,0.11007404,-0.6451353,-1.0211945
1751443525377,497511033,0.11007404,-0.6451353,-1.0211945
1751443525394,497527700,0.487427,-0.52028215,-0.87461376
1751443525394,497527700,0.487427,-0.52028215,-0.87461376
1751443525411,497544367,0.8566151,-0.35234916,-0.75473976
1751443525411,497544367,0.8566151,-0.35234916,-0.75473976
1751443525427,497561034,0.7206722,-0.09109226,-0.3864069
1751443525427,497561034,0.7206722,-0.09109226,-0.3864069
1751443525444,497577701,0.47630265,0.13009103,-0.009860992
1751443525444,497577701,0.47630265,0.13009103,-0.009860992
1751443525461,497594368,-0.04659172,0.28053045,0.18277931
1751443525461,497594368,-0.04659172,0.28053045,0.18277931
1751443525477,497611035,-0.48261935,0.3813807,0.66898537
1751443525477,497611035,-0.48261935,0.3813807,0.66898537
1751443525494,497627702,-0.80882096,0.6547971,0.9824543
1751443525494,497627702,-0.80882096,0.6547971,0.9824543
1751443525511,497644369,-0.8987497,0.9656417,1.2278576
1751443525511,497644369,-0.8987497,0.9656417,1.2278576
1751443525527,497661036,-0.90781665,0.96709853,1.3324547
1751443525527,497661036,-0.90781665,0.96709853,1.3324547
1751443525544,497677703,-0.7760252,0.77020127,1.4919996
1751443525544,497677703,-0.7760252,0.77020127,1.4919996
1751443525561,497694370,-0.48313478,0.43316364,1.5843554
1751443525561,497694370,-0.48313478,0.43316364,1.5843554
1751443525577,497711037,-0.40918761,-0.0006506462,1.9750109
1751443525577,497711037,-0.40918761,-0.0006506462,1.9750109
1751443525594,497727704,-0.38669595,-0.21521996,2.197177
1751443525594,497727704,-0.38669595,-0.21521996,2.197177
1751443525611,497744371,0.1674402,0.13192305,1.4136305
1751443525611,497744371,0.1674402,0.13192305,1.4136305
1751443525627,497761038,0.75978154,0.5721893,0.76430225
1751443525627,497761038,0.75978154,0.5721893,0.76430225
1751443525644,497777705,0.6280441,0.639823,0.77184105
1751443525644,497777705,0.6280441,0.639823,0.77184105
1751443525661,497794372,0.5375633,0.37293562,1.4163265
1751443525661,497794372,0.5375633,0.37293562,1.4163265
1751443525677,497811039,-0.06697314,-0.019357676,1.9389277
1751443525677,497811039,-0.06697314,-0.019357676,1.9389277
1751443525694,497827706,0.2584246,-0.21443364,1.6904507
1751443525694,497827706,0.2584246,-0.21443364,1.6904507
1751443525711,497844373,0.4955374,-0.020324592,2.0427618
1751443525711,497844373,0.4955374,-0.020324592,2.0427618
1751443525727,497861040,0.63940305,-0.24457592,1.7087421
1751443525727,497861040,0.63940305,-0.24457592,1.7087421
1751443525744,497877707,1.1373277,-0.49573374,1.5725231
1751443525744,497877707,1.1373277,-0.49573374,1.5725231
1751443525761,497894374,1.1798124,-0.35076603,1.0096521
1751443525761,497894374,1.1798124,-0.35076603,1.0096521
1751443525777,497911041,0.99086267,-0.3977279,0.61190414
1751443525777,497911041,0.99086267,-0.3977279,0.61190414
1751443525794,497927708,0.781992,-0.23888561,0.02635479
1751443525794,497927708,0.781992,-0.23888561,0.02635479
1751443525811,497944375,0.70019144,-0.10305054,-0.41784763
1751443525811,497944375,0.70019144,-0.10305054,-0.41784763
1751443525827,497961042,0.6346341,-0.05726033,-0.7893095
1751443525827,497961042,0.6346341,-0.05726033,-0.7893095
1751443525844,497977709,0.6586621,-0.012405863,-1.2032642
1751443525844,497977709,0.6586621,-0.012405863,-1.2032642
1751443525861,497994376,0.6394341,-0.115949355,-1.5040331
1751443525861,497994376,0.6394341,-0.115949355,-1.5040331
1751443525877,498011043,0.5893324,-0.030759517,-1.6388016
1751443525877,498011043,0.5893324,-0.030759517,-1.6388016
1751443525894,498027710,0.582081,-0.03663847,-1.4406271
1751443525894,498027710,0.582081,-0.03663847,-1.4406271
1751443525911,498044377,0.5882423,-0.010899721,-1.0746298
1751443525911,498044377,0.5882423,-0.010899721,-1.0746298
1751443525927,498061044,0.40134156,0.12017436,-0.75268173
1751443525927,498061044,0.40134156,0.12017436,-0.75268173
1751443525944,498077711,0.34328172,0.2578709,-0.6000223
1751443525944,498077711,0.34328172,0.2578709,-0.6000223
1751443525961,498094378,0.3237607,0.14865075,-0.25535965
1751443525961,498094378,0.3237607,0.14865075,-0.25535965
1751443525977,498111045,0.30262175,0.2077007,-0.14936733
1751443525977,498111045,0.30262175,0.2077007,-0.14936733
1751443525994,498127712,0.12586164,0.15000133,-0.142025
1751443525994,498127712,0.12586164,0.15000133,-0.142025
1751443526011,498144379,0.18873432,0.22133102,-0.14913177
1751443526011,498144379,0.18873432,0.22133102,-0.14913177
1751443526027,498161046,0.3703609,0.26995605,-0.073322296
1751443526027,498161046,0.3703609,0.26995605,-0.073322296
1751443526044,498177713,0.42063594,0.0629931,0.10012627
1751443526044,498177713,0.42063594,0.0629931,0.10012627
1751443526061,498194380,0.26129252,0.12664887,0.02331829
1751443526061,498194380,0.26129252,0.12664887,0.02331829
1751443526077,498211047,0.29946697,0.047673024,-0.21432495
1751443526077,498211047,0.29946697,0.047673024,-0.21432495
1751443526094,498227714,0.3579463,0.22488381,-0.4697466
1751443526094,498227714,0.3579463,0.22488381,-0.4697466
1751443526111,498244381,0.16180798,0.23626347,-0.56298065
1751443526111,498244381,0.16180798,0.23626347,-0.56298065
1751443526127,498261048,-0.009315461,0.11820064,-0.58653164
1751443526127,498261048,-0.009315461,0.11820064,-0.58653164
1751443526144,498277715,-0.03895543,0.09363511,-0.69104767
1751443526144,498277715,-0.03895543,0.09363511,-0.69104767
1751443526161,498294382,-0.026704587,0.026968682,-0.8060713
1751443526161,498294382,-0.026704587,0.026968682,-0.8060713
1751443526177,498311049,-0.038439967,-0.03493055,-0.8201494
1751443526177,498311049,-0.038439967,-0.03493055,-0.8201494
1751443526194,498327716,-0.12705317,-0.0706919,-0.738081
1751443526194,498327716,-0.12705317,-0.0706919,-0.738081
1751443526211,498344383,0.0070667393,0.021951152,-0.6242838
1751443526211,498344383,0.0070667393,0.021951152,-0.6242838
1751443526227,498361050,0.091642,0.11244484,-0.45558548
1751443526227,498361050,0.091642,0.11244484,-0.45558548
1751443526244,498377717,0.15204307,0.021861635,-0.326519
1751443526244,498377717,0.15204307,0.021861635,-0.326519
1751443526261,498394384,0.24638402,0.07079365,-0.26983738
1751443526261,498394384,0.24638402,0.07079365,-0.26983738
1751443526277,498411051,0.35767654,0.17640072,-0.3353262
1751443526277,498411051,0.35767654,0.17640072,-0.3353262
1751443526294,498427718,0.34646758,0.24810499,-0.4902277
1751443526294,498427718,0.34646758,0.24810499,-0.4902277
1751443526311,498444385,0.37073982,0.2737266,-0.5380707
1751443526311,498444385,0.37073982,0.2737266,-0.5380707
1751443526327,498461052,0.24997494,0.30123815,-0.5580311
1751443526327,498461052,0.24997494,0.30123815,-0.5580311
1751443526344,498477719,0.20128635,0.319556,-0.5351238
1751443526344,498477719,0.20128635,0.319556,-0.5351238
1751443526361,498494386,0.1576853,0.33826816,-0.4820118
1751443526361,498494386,0.1576853,0.33826816,-0.4820118
1751443526377,498511053,0.102224156,0.26845905,-0.48697853
1751443526377,498511053,0.102224156,0.26845905,-0.48697853
1751443526394,498527720,0.10802767,0.239927,-0.64769554
1751443526394,498527720,0.10802767,0.239927,-0.64769554
1751443526411,498544387,0.27806622,0.29622936,-0.757267
1751443526411,498544387,0.27806622,0.29622936,-0.757267
1751443526427,498561054,0.29977724,0.20557906,-0.7693901
1751443526427,498561054,0.29977724,0.20557906,-0.7693901
1751443526444,498577721,0.31456056,0.2020841,-0.6033001
1751443526444,498577721,0.31456056,0.2020841,-0.6033001
1751443526461,498594388,0.22160795,0.2129842,-0.3508625
1751443526461,498594388,0.22160795,0.2129842,-0.3508625
1751443526477,498611055,0.044248525,0.0746231,-0.18766117
1751443526477,498611055,0.044248525,0.0746231,-0.18766117
1751443526494,498627722,0.067760065,0.14491786,-0.18094826
1751443526494,498627722,0.067760065,0.14491786,-0.18094826
1751443526511,498644389,0.10852845,0.18498436,-0.24619484
1751443526511,498644389,0.10852845,0.18498436,-0.24619484
1751443526527,498661056,0.13025029,0.15601858,-0.29160595
1751443526527,498661056,0.13025029,0.15601858,-0.29160595
1751443526544,498677723,0.12165513,0.15143622,-0.36650276
1751443526544,498677723,0.12165513,0.15143622,-0.36650276
1751443526561,498694390,0.11767221,0.1833499,-0.5286484
1751443526561,498694390,0.11767221,0.1833499,-0.5286484
1751443526577,498711057,0.12184109,0.23432223,-0.59942055
1751443526577,498711057,0.12184109,0.23432223,-0.59942055
1751443526594,498727724,0.044766948,0.2503576,-0.5895786
1751443526594,498727724,0.044766948,0.2503576,-0.5895786
1751443526611,498744391,-0.028045427,0.20768256,-0.52699184
1751443526611,498744391,-0.028045427,0.20768256,-0.52699184
1751443526627,498761058,-0.055522364,0.18012396,-0.47270966
1751443526627,498761058,-0.055522364,0.18012396,-0.47270966
1751443526644,498777725,-0.08539614,0.13949214,-0.5059757
1751443526644,498777725,-0.08539614,0.13949214,-0.5059757
1751443526661,498794392,-0.088117346,0.12729084,-0.4936161
1751443526661,498794392,-0.088117346,0.12729084,-0.4936161
1751443526677,498811059,-0.040727176,0.07778782,-0.46229458
1751443526677,498811059,-0.040727176,0.07778782,-0.46229458
1751443526694,498827726,-0.026389923,0.07218815,-0.3937292
1751443526694,498827726,-0.026389923,0.07218815,-0.3937292
1751443526711,498844393,0.016314825,0.075105496,-0.34478474
1751443526711,498844393,0.016314825,0.075105496,-0.34478474
1751443526727,498861060,0.07125231,0.072914846,-0.37181664
1751443526727,498861060,0.07125231,0.072914846,-0.37181664
1751443526744,498877727,0.022488657,0.068457715,-0.3768978
1751443526744,498877727,0.022488657,0.068457715,-0.3768978
1751443526761,498894394,-0.08601204,0.05735024,-0.38350868
1751443526761,498894394,-0.08601204,0.05735024,-0.38350868
1751443526777,498911061,-0.19790201,0.05113451,-0.3983202
1751443526777,498911061,-0.19790201,0.05113451,-0.3983202
1751443526794,498927728,-0.3134179,0.07810677,-0.38842106
1751443526794,498927728,-0.3134179,0.07810677,-0.38842106
1751443526811,498944395,-0.3246386,0.12909141,-0.35762691
1751443526811,498944395,-0.3246386,0.12909141,-0.35762691
1751443526827,498961062,-0.24051431,0.17402048,-0.35782623
1751443526827,498961062,-0.24051431,0.17402048,-0.35782623
1751443526844,498977729,-0.13103038,0.26838988,-0.43208408
1751443526844,498977729,-0.13103038,0.26838988,-0.43208408
1751443526861,498994396,0.018460046,0.3024952,-0.49204826
1751443526861,498994396,0.018460046,0.3024952,-0.49204826
1751443526877,499011063,0.09379329,0.30819833,-0.44459152
1751443526877,499011063,0.09379329,0.30819833,-0.44459152
1751443526894,499027730,0.09068915,0.25425246,-0.39517975
1751443526894,499027730,0.09068915,0.25425246,-0.39517975
1751443526911,499044397,0.11257318,0.25540832,-0.49834347
1751443526911,499044397,0.11257318,0.25540832,-0.49834347
1751443526927,499061064,0.12765387,0.25421432,-0.58440685
1751443526927,499061064,0.12765387,0.25421432,-0.58440685
1751443526944,499077731,0.14679211,0.22710715,-0.49333382
1751443526944,499077731,0.14679211,0.22710715,-0.49333382
1751443526961,499094398,0.182912,0.13439113,-0.4203949
1751443526961,499094398,0.182912,0.13439113,-0.4203949
1751443526977,499111065,0.21266879,0.084196046,-0.43168163
1751443526977,499111065,0.21266879,0.084196046,-0.43168163
1751443526994,499127732,0.2364622,0.05837203,-0.48726368
1751443526994,499127732,0.2364622,0.05837203,-0.48726368
1751443527011,499144399,0.24987058,0.076114655,-0.5790758
1751443527011,499144399,0.24987058,0.076114655,-0.5790758
1751443527027,499161066,0.30693632,0.078057595,-0.4921608
1751443527027,499161066,0.30693632,0.078057595,-0.4921608
1751443527044,499177733,0.49576133,0.1474497,-0.5474777
1751443527044,499177733,0.49576133,0.1474497,-0.5474777
1751443527061,499194400,0.5208671,0.21787193,-0.40316677
1751443527061,499194400,0.5208671,0.21787193,-0.40316677
1751443527077,499211067,0.40614605,0.28984675,-0.31687737
1751443527077,499211067,0.40614605,0.28984675,-0.31687737
1751443527094,499227734,0.24172115,0.33817336,-0.2933836
1751443527094,499227734,0.24172115,0.33817336,-0.2933836
1751443527111,499244401,0.038131785,0.3550256,-0.38458538
1751443527111,499244401,0.038131785,0.3550256,-0.38458538
1751443527127,499261068,-0.02791044,0.31846222,-0.5014372
1751443527127,499261068,-0.02791044,0.31846222,-0.5014372
1751443527144,499277735,-0.052109573,0.3820187,-0.5411072
1751443527144,499277735,-0.052109573,0.3820187,-0.5411072
1751443527161,499294402,-0.007991888,0.3501829,-0.51306343
1751443527161,499294402,-0.007991888,0.3501829,-0.51306343
1751443527177,499311069,0.1654788,0.30158067,-0.5149555
1751443527177,499311069,0.1654788,0.30158067,-0.5149555
1751443527194,499327736,0.2492925,0.33591583,-0.6825056
1751443527194,499327736,0.2492925,0.33591583,-0.6825056
1751443527211,499344403,0.20233181,0.32839844,-0.7919464
1751443527211,499344403,0.20233181,0.32839844,-0.7919464
1751443527227,499361070,0.25937623,0.37326914,-0.77730083
1751443527227,499361070,0.25937623,0.37326914,-0.77730083
1751443527244,499377737,0.2380479,0.19193745,-0.5940504
1751443527244,499377737,0.2380479,0.19193745,-0.5940504
1751443527261,499394404,0.25721386,0.2383388,-0.5549755
1751443527261,499394404,0.25721386,0.2383388,-0.5549755
1751443527277,499411071,0.39092478,0.36323482,-0.48402882
1751443527277,499411071,0.39092478,0.36323482,-0.48402882
1751443527294,499427738,0.6020963,0.4496158,-0.25734997
1751443527294,499427738,0.6020963,0.4496158,-0.25734997
1751443527311,499444405,0.7455192,0.53716934,-0.15922832
1751443527311,499444405,0.7455192,0.53716934,-0.15922832
1751443527327,499461072,1.0627784,0.6832039,0.10022926
1751443527327,499461072,1.0627784,0.6832039,0.10022926
1751443527344,499477739,0.8595276,0.6758814,0.78032017
1751443527344,499477739,0.8595276,0.6758814,0.78032017
1751443527361,499494406,0.6082169,0.45298767,1.2510166
1751443527361,499494406,0.6082169,0.45298767,1.2510166
1751443527377,499511073,0.2553013,0.097628444,1.3327637
1751443527377,499511073,0.2553013,0.097628444,1.3327637
1751443527394,499527740,0.2757894,-0.108489946,1.731988
1751443527394,499527740,0.2757894,-0.108489946,1.731988
1751443527411,499544407,0.50509006,-0.15547875,2.1017408
1751443527411,499544407,0.50509006,-0.15547875,2.1017408
1751443527427,499561074,0.45985028,-0.329982,2.494547
1751443527427,499561074,0.45985028,-0.329982,2.494547
1751443527444,499577741,0.38249874,-0.35995933,2.530655
1751443527444,499577741,0.38249874,-0.35995933,2.530655
1751443527461,499594408,0.5877474,-0.11191405,2.3576813
1751443527461,499594408,0.5877474,-0.11191405,2.3576813
1751443527477,499611075,0.6110361,0.14108473,2.0930805
1751443527477,499611075,0.6110361,0.14108473,2.0930805
1751443527494,499627742,0.37379125,0.39391768,1.852685
1751443527494,499627742,0.37379125,0.39391768,1.852685
1751443527511,499644409,0.045604747,0.48799986,1.6543713
1751443527511,499644409,0.045604747,0.48799986,1.6543713
1751443527527,499661076,-0.07529372,0.7417596,1.388588
1751443527527,499661076,-0.07529372,0.7417596,1.388588
1751443527544,499677743,0.18822917,0.6066913,1.4273987
1751443527544,499677743,0.18822917,0.6066913,1.4273987
1751443527561,499694410,0.34977138,0.56772584,1.3393526
1751443527561,499694410,0.34977138,0.56772584,1.3393526
1751443527577,499711077,0.36913797,0.5162834,1.1359701
1751443527577,499711077,0.36913797,0.5162834,1.1359701
1751443527594,499727744,0.35197154,0.3381371,0.7929516
1751443527594,499727744,0.35197154,0.3381371,0.7929516
1751443527611,499744411,0.2778304,0.353475,0.3900385
1751443527611,499744411,0.2778304,0.353475,0.3900385
1751443527627,499761078,0.4237021,0.26227278,0.3721876
1751443527627,499761078,0.4237021,0.26227278,0.3721876
1751443527644,499777745,0.3953436,0.28253624,0.42559338
1751443527644,499777745,0.3953436,0.28253624,0.42559338
1751443527661,499794412,0.32239085,0.29575816,0.5326023
1751443527661,499794412,0.32239085,0.29575816,0.5326023
1751443527677,499811079,0.2272219,0.36763948,0.6707926
1751443527677,499811079,0.2272219,0.36763948,0.6707926
1751443527694,499827746,0.24255168,0.3649124,0.4765215
1751443527694,499827746,0.24255168,0.3649124,0.4765215
1751443527711,499844413,0.28148767,0.28063014,0.43512344
1751443527711,499844413,0.28148767,0.28063014,0.43512344
1751443527727,499861080,0.22029038,0.1469553,0.43007946
1751443527727,499861080,0.22029038,0.1469553,0.43007946
1751443527744,499877747,0.102296546,0.10818094,0.20048428
1751443527744,499877747,0.102296546,0.10818094,0.20048428
1751443527761,499894414,0.20617212,-0.07592087,-0.69066334
1751443527761,499894414,0.20617212,-0.07592087,-0.69066334
1751443527777,499911081,0.24567996,0.28149647,-0.8535423
1751443527777,499911081,0.24567996,0.28149647,-0.8535423
1751443527794,499927748,0.673503,0.40620574,-0.89280987
1751443527794,499927748,0.673503,0.40620574,-0.89280987
1751443527811,499944415,0.8850478,0.34266144,-0.9775934
1751443527811,499944415,0.8850478,0.34266144,-0.9775934
1751443527827,499961082,0.80648893,0.3072038,-0.7483673
1751443527827,499961082,0.80648893,0.3072038,-0.7483673
1751443527844,499977749,0.9651258,-0.2122783,-0.8502464
1751443527844,499977749,0.9651258,-0.2122783,-0.8502464
1751443527861,499994416,0.5838024,-0.40172073,-0.64763355
1751443527861,499994416,0.5838024,-0.40172073,-0.64763355
1751443527877,500011083,0.17870188,-0.13936166,-0.7945738
1751443527877,500011083,0.17870188,-0.13936166,-0.7945738
1751443527894,500027750,-0.054266293,0.042193435,-0.8323593
1751443527894,500027750,-0.054266293,0.042193435,-0.8323593
1751443527911,500044417,0.19921236,0.4664454,-0.7074423
1751443527911,500044417,0.19921236,0.4664454,-0.7074423
1751443527927,500061084,0.39561418,0.7824089,-0.5574064
1751443527927,500061084,0.39561418,0.7824089,-0.5574064
1751443527944,500077751,0.4434777,1.0198175,-0.33759975
1751443527944,500077751,0.4434777,1.0198175,-0.33759975
1751443527961,500094418,0.31948087,0.9381686,-0.38995457
1751443527961,500094418,0.31948087,0.9381686,-0.38995457
1751443527977,500111085,-0.16202453,0.6221937,-0.8417072
1751443527977,500111085,-0.16202453,0.6221937,-0.8417072
1751443527994,500127752,-0.53754854,0.53433275,-0.9084568
1751443527994,500127752,-0.53754854,0.53433275,-0.9084568
1751443528011,500144419,-0.7114114,0.7914285,-1.1902866
1751443528011,500144419,-0.7114114,0.7914285,-1.1902866
1751443528027,500161086,-1.1675333,0.9457079,-1.4112701
1751443528027,500161086,-1.1675333,0.9457079,-1.4112701
1751443528044,500177753,-0.9192521,0.70345426,-1.269433
1751443528044,500177753,-0.9192521,0.70345426,-1.269433
1751443528061,500194420,-0.93933547,0.30228585,-1.3955297
1751443528061,500194420,-0.93933547,0.30228585,-1.3955297
1751443528077,500211087,-0.9283572,-0.30144143,-1.5016336
1751443528077,500211087,-0.9283572,-0.30144143,-1.5016336
1751443528094,500227754,-1.0373518,-0.5248071,-1.3943968
1751443528094,500227754,-1.0373518,-0.5248071,-1.3943968
1751443528111,500244421,-1.2790742,-0.42981037,-1.557682
1751443528111,500244421,-1.2790742,-0.42981037,-1.557682
1751443528127,500261088,-1.536117,-0.6485526,-1.8856473
1751443528127,500261088,-1.536117,-0.6485526,-1.8856473
1751443528144,500277755,-1.6072782,-0.761526,-1.9322944
1751443528144,500277755,-1.6072782,-0.761526,-1.9322944
1751443528161,500294422,-1.4665673,-0.8636319,-1.6363039
1751443528161,500294422,-1.4665673,-0.8636319,-1.6363039
1751443528177,500311089,-1.2035493,-0.84733975,-1.0212669
1751443528177,500311089,-1.2035493,-0.84733975,-1.0212669
1751443528194,500327756,-0.95297265,-0.8040142,-0.6263437
1751443528194,500327756,-0.95297265,-0.8040142,-0.6263437
1751443528211,500344423,-1.0603297,-0.72595453,-0.6435728
1751443528211,500344423,-1.0603297,-0.72595453,-0.6435728
1751443528227,500361090,-1.1685374,-0.8863475,-1.1503983
1751443528227,500361090,-1.1685374,-0.8863475,-1.1503983
1751443528244,500377757,-1.3133339,-1.0350792,-1.5117798
1751443528244,500377757,-1.3133339,-1.0350792,-1.5117798
1751443528261,500394424,-1.5827937,-0.96838987,-1.5679855
1751443528261,500394424,-1.5827937,-0.96838987,-1.5679855
1751443528277,500411091,-1.4688598,-0.83503723,-1.4048042
1751443528277,500411091,-1.4688598,-0.83503723,-1.4048042
1751443528294,500427758,-1.2360487,-0.729631,-0.9851675
1751443528294,500427758,-1.2360487,-0.729631,-0.9851675
1751443528311,500444425,-1.095779,-0.76737744,-0.48742008
1751443528311,500444425,-1.095779,-0.76737744,-0.48742008
1751443528327,500461092,-0.93779397,-0.7800148,-0.16720295
1751443528327,500461092,-0.93779397,-0.7800148,-0.16720295
1751443528344,500477759,-0.88631284,-0.60709804,-0.009320259
1751443528344,500477759,-0.88631284,-0.60709804,-0.009320259
1751443528361,500494426,-0.8611932,-0.4360197,0.2663479
1751443528361,500494426,-0.8611932,-0.4360197,0.2663479
1751443528377,500511093,-0.80375814,-0.26379156,0.40620804
1751443528377,500511093,-0.80375814,-0.26379156,0.40620804
1751443528394,500527760,-0.7873367,-0.23664613,0.15670681
1751443528394,500527760,-0.7873367,-0.23664613,0.15670681
1751443528411,500544427,-0.94889855,-0.19244376,-0.2934904
1751443528411,500544427,-0.94889855,-0.19244376,-0.2934904
1751443528427,500561094,-1.0105292,-0.038207974,-0.48616886
1751443528427,500561094,-1.0105292,-0.038207974,-0.48616886
1751443528444,500577761,-0.8622471,-0.057840906,-0.318058
1751443528444,500577761,-0.8622471,-0.057840906,-0.318058
1751443528461,500594428,-0.8038109,0.01920155,-0.21482563
1751443528461,500594428,-0.8038109,0.01920155,-0.21482563
1751443528477,500611095,-0.79023063,0.095634714,-0.26908588
1751443528477,500611095,-0.79023063,0.095634714,-0.26908588
1751443528494,500627762,-0.9101639,0.165491,-0.40137196
1751443528494,500627762,-0.9101639,0.165491,-0.40137196
1751443528511,500644429,-0.9266911,0.14111938,-0.27204418
1751443528511,500644429,-0.9266911,0.14111938,-0.27204418
1751443528527,500661096,-0.7963384,0.118744835,-0.08412361
1751443528527,500661096,-0.7963384,0.118744835,-0.08412361
1751443528544,500677763,-0.7873207,0.10620732,0.06763363
1751443528544,500677763,-0.7873207,0.10620732,0.06763363
1751443528561,500694430,-0.6559466,0.10854303,0.19812775
1751443528561,500694430,-0.6559466,0.10854303,0.19812775
1751443528577,500711097,-0.52564746,0.12723878,0.25331306
1751443528577,500711097,-0.52564746,0.12723878,0.25331306
1751443528594,500727764,-0.5659705,0.09401871,0.21922207
1751443528594,500727764,-0.5659705,0.09401871,0.21922207
1751443528611,500744431,-0.6273245,0.06275506,0.10266304
1751443528611,500744431,-0.6273245,0.06275506,0.10266304
1751443528627,500761098,-0.5463484,0.08242085,0.0940218
1751443528627,500761098,-0.5463484,0.08242085,0.0940218
1751443528644,500777765,-0.62481934,0.13299558,-0.0026903152
1751443528644,500777765,-0.62481934,0.13299558,-0.0026903152
1751443528661,500794432,-0.6269448,0.13267483,-0.13368511
1751443528661,500794432,-0.6269448,0.13267483,-0.13368511
1751443528677,500811099,-0.6863981,0.06892089,-0.33585072
1751443528677,500811099,-0.6863981,0.06892089,-0.33585072
1751443528694,500827766,-0.7572812,0.019243125,-0.43963146
1751443528694,500827766,-0.7572812,0.019243125,-0.43963146
1751443528711,500844433,-0.8261529,0.0059116944,-0.47825336
1751443528711,500844433,-0.8261529,0.0059116944,-0.47825336
1751443528727,500861100,-0.82971716,-0.022150135,-0.39886856
1751443528727,500861100,-0.82971716,-0.022150135,-0.39886856
1751443528744,500877767,-0.75406396,-0.05453649,-0.20335102
1751443528744,500877767,-0.75406396,-0.05453649,-0.20335102
1751443528761,500894434,-0.67741895,-0.057663213,0.030749321
1751443528761,500894434,-0.67741895,-0.057663213,0.030749321
1751443528777,500911101,-0.6586413,-0.13485542,0.18762302
1751443528777,500911101,-0.6586413,-0.13485542,0.18762302
1751443528794,500927768,-0.60335225,-0.11388276,0.22287655
1751443528794,500927768,-0.60335225,-0.11388276,0.22287655
1751443528811,500944435,-0.63366127,-0.15512738,0.269516
1751443528811,500944435,-0.63366127,-0.15512738,0.269516
1751443528827,500961102,-0.7038637,-0.20836973,0.17600346
1751443528827,500961102,-0.7038637,-0.20836973,0.17600346
1751443528844,500977769,-0.73060596,-0.27512255,-0.0024471283
1751443528844,500977769,-0.73060596,-0.27512255,-0.0024471283
1751443528861,500994436,-0.7812432,-0.37663564,-0.12631512
1751443528861,500994436,-0.7812432,-0.37663564,-0.12631512
1751443528877,501011103,-0.7729858,-0.48583,-0.24294281
1751443528877,501011103,-0.7729858,-0.48583,-0.24294281
1751443528894,501027770,-0.7534766,-0.5152727,-0.36393642
1751443528894,501027770,-0.7534766,-0.5152727,-0.36393642
1751443528911,501044437,-0.7415213,-0.5562502,-0.40808678
1751443528911,501044437,-0.7415213,-0.5562502,-0.40808678
1751443528927,501061104,-0.84100044,-0.500846,-0.3444376
1751443528927,501061104,-0.84100044,-0.500846,-0.3444376
1751443528944,501077771,-0.93057,-0.51987594,-0.35520554
1751443528944,501077771,-0.93057,-0.51987594,-0.35520554
1751443528961,501094438,-0.8691048,-0.63454074,-0.43387794
1751443528961,501094438,-0.8691048,-0.63454074,-0.43387794
1751443528977,501111105,-1.085424,-0.66382384,-0.4652052
1751443528977,501111105,-1.085424,-0.66382384,-0.4652052
1751443528994,501127772,-1.2686986,-0.8117223,-0.7267237
1751443528994,501127772,-1.2686986,-0.8117223,-0.7267237
1751443529011,501144439,-1.6367449,-0.8710234,-0.9891548
1751443529011,501144439,-1.6367449,-0.8710234,-0.9891548
1751443529027,501161106,-1.7671709,-1.0405035,-1.531848
1751443529027,501161106,-1.7671709,-1.0405035,-1.531848
1751443529044,501177773,-1.5773098,-1.3110286,-2.1607451
1751443529044,501177773,-1.5773098,-1.3110286,-2.1607451
1751443529061,501194440,-1.6824011,-1.191577,-2.5479355
1751443529061,501194440,-1.6824011,-1.191577,-2.5479355
1751443529077,501211107,-1.8811114,-0.78101844,-2.561017
1751443529077,501211107,-1.8811114,-0.78101844,-2.561017
1751443529094,501227774,-1.8970042,-0.2515103,-2.0637736
1751443529094,501227774,-1.8970042,-0.2515103,-2.0637736
1751443529111,501244441,-1.5995743,0.05576134,-1.5756016
1751443529111,501244441,-1.5995743,0.05576134,-1.5756016
1751443529127,501261108,-1.1521037,0.10837674,-1.067893
1751443529127,501261108,-1.1521037,0.10837674,-1.067893
1751443529144,501277775,-0.70702267,0.07652726,-0.5486269
1751443529144,501277775,-0.70702267,0.07652726,-0.5486269
1751443529161,501294442,-0.24077973,-0.082870334,-0.13174725
1751443529161,501294442,-0.24077973,-0.082870334,-0.13174725
1751443529177,501311109,-0.00400714,-0.3055545,0.33096504
1751443529177,501311109,-0.00400714,-0.3055545,0.33096504
1751443529194,501327776,-0.24614447,-0.20732324,0.51327896
1751443529194,501327776,-0.24614447,-0.20732324,0.51327896
1751443529211,501344443,-0.57032704,0.14692065,0.2802744
1751443529211,501344443,-0.57032704,0.14692065,0.2802744
1751443529227,501361110,-0.54805857,0.48047954,0.054831505
1751443529227,501361110,-0.54805857,0.48047954,0.054831505
1751443529244,501377777,-0.5040683,0.74204177,-0.10132408
1751443529244,501377777,-0.5040683,0.74204177,-0.10132408
1751443529261,501394444,-0.35161662,0.75683385,-0.44359207
1751443529261,501394444,-0.35161662,0.75683385,-0.44359207
1751443529277,501411111,0.17234628,0.66128725,-0.6244335
1751443529277,501411111,0.17234628,0.66128725,-0.6244335
1751443529294,501427778,0.12154939,0.83250505,-0.24597073
1751443529294,501427778,0.12154939,0.83250505,-0.24597073
1751443529311,501444445,0.3702056,0.27941668,-0.1292677
1751443529311,501444445,0.3702056,0.27941668,-0.1292677
1751443529327,501461112,0.21284989,-0.017169818,-0.6665869
1751443529327,501461112,0.21284989,-0.017169818,-0.6665869
1751443529344,501477779,0.59782356,0.118716225,-0.5999813
1751443529344,501477779,0.59782356,0.118716225,-0.5999813
1751443529361,501494446,0.52723724,0.5477062,-0.05741024
1751443529361,501494446,0.52723724,0.5477062,-0.05741024
1751443529377,501511113,0.16299179,0.5013232,-0.37675858
1751443529377,501511113,0.16299179,0.5013232,-0.37675858
1751443529394,501527780,-0.029107366,0.09341389,-0.601284
1751443529394,501527780,-0.029107366,0.09341389,-0.601284
1751443529411,501544447,0.4885687,-0.3975549,-0.82793903
1751443529411,501544447,0.4885687,-0.3975549,-0.82793903
1751443529427,501561114,0.57111233,-0.6531511,-1.607193
1751443529427,501561114,0.57111233,-0.6531511,-1.607193
1751443529444,501577781,-0.11915333,-0.10233854,-1.6808615
1751443529444,501577781,-0.11915333,-0.10233854,-1.6808615
1751443529461,501594448,0.057026535,0.34547013,-1.1294765
1751443529461,501594448,0.057026535,0.34547013,-1.1294765
1751443529477,501611115,0.26505238,0.5140647,-1.248023
1751443529477,501611115,0.26505238,0.5140647,-1.248023
1751443529494,501627782,0.48438945,0.46502116,-1.2982626
1751443529494,501627782,0.48438945,0.46502116,-1.2982626
1751443529511,501644449,0.56304055,0.25703365,-0.7763853
1751443529511,501644449,0.56304055,0.25703365,-0.7763853
1751443529527,501661116,0.4498008,0.06139901,-0.3980646
1751443529527,501661116,0.4498008,0.06139901,-0.3980646
1751443529544,501677783,0.36582386,0.25073573,-0.28791618
1751443529544,501677783,0.36582386,0.25073573,-0.28791618
1751443529561,501694450,0.43221238,0.32900885,0.001449585
1751443529561,501694450,0.43221238,0.32900885,0.001449585
1751443529577,501711117,0.6262612,0.06808317,-0.29556942
1751443529577,501711117,0.6262612,0.06808317,-0.29556942
1751443529594,501727784,0.780252,0.42954808,-0.085534096
1751443529594,501727784,0.780252,0.42954808,-0.085534096
1751443529611,501744451,0.8089395,0.46656048,-0.05330181
1751443529611,501744451,0.8089395,0.46656048,-0.05330181
1751443529627,501761118,0.47055042,0.2796413,0.2714033
1751443529627,501761118,0.47055042,0.2796413,0.2714033
1751443529644,501777785,0.31540665,-0.10006586,-0.05027008
1751443529644,501777785,0.31540665,-0.10006586,-0.05027008
1751443529661,501794452,0.40966973,-0.26341495,0.28209114
1751443529661,501794452,0.40966973,-0.26341495,0.28209114
1751443529677,501811119,0.35591698,-0.18396816,0.77425575
1751443529677,501811119,0.35591698,-0.18396816,0.77425575
1751443529694,501827786,0.15830836,-0.17538369,1.0240202
1751443529694,501827786,0.15830836,-0.17538369,1.0240202
1751443529711,501844453,0.06653145,-0.13083197,1.1227808
1751443529711,501844453,0.06653145,-0.13083197,1.1227808
1751443529727,501861120,0.10714239,-0.12632103,1.1524277
1751443529727,501861120,0.10714239,-0.12632103,1.1524277
1751443529744,501877787,0.008637183,-0.010776677,1.0887003
1751443529744,501877787,0.008637183,-0.010776677,1.0887003
1751443529761,501894454,0.017899169,0.21140929,1.2643127
1751443529761,501894454,0.017899169,0.21140929,1.2643127
1751443529777,501911121,0.04476431,0.23943266,1.8444986
1751443529777,501911121,0.04476431,0.23943266,1.8444986
1751443529794,501927788,-0.19364592,0.12409506,2.209632
1751443529794,501927788,-0.19364592,0.12409506,2.209632
1751443529811,501944455,-0.42165717,-0.098164655,2.4390993
1751443529811,501944455,-0.42165717,-0.098164655,2.4390993
1751443529827,501961122,-0.26782313,0.23733254,1.799303
1751443529827,501961122,-0.26782313,0.23733254,1.799303
1751443529844,501977789,0.3118511,0.77834857,0.8091669
1751443529844,501977789,0.3118511,0.77834857,0.8091669
1751443529861,501994456,0.766377,0.75906026,0.9994421
1751443529861,501994456,0.766377,0.75906026,0.9994421
1751443529877,502011123,0.40463912,0.606062,1.5613441
1751443529877,502011123,0.40463912,0.606062,1.5613441
1751443529894,502027790,1.451662,0.28504652,2.2605162
1751443529894,502027790,1.451662,0.28504652,2.2605162
1751443529911,502044457,1.0337543,-0.42968577,3.0018873
1751443529911,502044457,1.0337543,-0.42968577,3.0018873
1751443529927,502061124,0.18968128,-1.0014046,2.4003153
1751443529927,502061124,0.18968128,-1.0014046,2.4003153
1751443529944,502077791,-0.03106513,-0.77708983,1.7085533
1751443529944,502077791,-0.03106513,-0.77708983,1.7085533
1751443529961,502094458,-0.1932808,-0.54549843,1.11131
1751443529961,502094458,-0.1932808,-0.54549843,1.11131
1751443529977,502111125,0.085793994,-0.40739226,0.6690464
1751443529977,502111125,0.085793994,-0.40739226,0.6690464
1751443529994,502127792,0.25767088,-0.50790906,0.21042633
1751443529994,502127792,0.25767088,-0.50790906,0.21042633
1751443530011,502144459,0.3123773,-0.28347075,-0.14249039
1751443530011,502144459,0.3123773,-0.28347075,-0.14249039
1751443530027,502161126,0.24163888,-0.092338234,-0.7575102
1751443530027,502161126,0.24163888,-0.092338234,-0.7575102
1751443530044,502177793,0.37460482,-0.12486853,-1.3683357
1751443530044,502177793,0.37460482,-0.12486853,-1.3683357
1751443530061,502194460,0.5763953,-0.086774096,-1.5595016
1751443530061,502194460,0.5763953,-0.086774096,-1.5595016
1751443530077,502211127,0.632704,0.073018886,-1.5379381
1751443530077,502211127,0.632704,0.073018886,-1.5379381
1751443530094,502227794,0.6474948,0.18381174,-1.4732275
1751443530094,502227794,0.6474948,0.18381174,-1.4732275
1751443530111,502244461,0.5781138,0.35176906,-1.2517424
1751443530111,502244461,0.5781138,0.35176906,-1.2517424
1751443530127,502261128,0.3822707,0.54949313,-1.1007671
1751443530127,502261128,0.3822707,0.54949313,-1.1007671
1751443530144,502277795,0.4383484,0.5096529,-0.90557575
1751443530144,502277795,0.4383484,0.5096529,-0.90557575
1751443530161,502294462,0.43571958,0.523863,-0.63349247
1751443530161,502294462,0.43571958,0.523863,-0.63349247
1751443530177,502311129,0.40822116,0.4126997,-0.27147293
1751443530177,502311129,0.40822116,0.4126997,-0.27147293
1751443530194,502327796,0.29404175,0.122900054,-0.022666931
1751443530194,502327796,0.29404175,0.122900054,-0.022666931
1751443530211,502344463,0.38190034,-0.022802569,-0.14420605
1751443530211,502344463,0.38190034,-0.022802569,-0.14420605
1751443530227,502361130,0.39709657,-0.18442903,-0.4930296
1751443530227,502361130,0.39709657,-0.18442903,-0.4930296
1751443530244,502377797,0.3137269,-0.08352724,-0.77702045
1751443530244,502377797,0.3137269,-0.08352724,-0.77702045
1751443530261,502394464,0.29452178,-0.2874564,-0.59558296
1751443530261,502394464,0.29452178,-0.2874564,-0.59558296
1751443530277,502411131,0.20792009,-0.11123379,-0.33477497
1751443530277,502411131,0.20792009,-0.11123379,-0.33477497
1751443530294,502427798,0.13910516,-0.22740957,0.08452988
1751443530294,502427798,0.13910516,-0.22740957,0.08452988
1751443530311,502444465,0.22838429,-0.06119226,0.360075
1751443530311,502444465,0.22838429,-0.06119226,0.360075
1751443530327,502461132,0.2504063,-0.0018572808,0.15039158
1751443530327,502461132,0.2504063,-0.0018572808,0.15039158
1751443530344,502477799,0.41091138,0.1424258,-0.35138512
1751443530344,502477799,0.41091138,0.1424258,-0.35138512
1751443530361,502494466,0.59585965,0.34633577,-0.5000315
1751443530361,502494466,0.59585965,0.34633577,-0.5000315
1751443530377,502511133,0.5875537,0.50833684,-0.320549
1751443530377,502511133,0.5875537,0.50833684,-0.320549
1751443530394,502527800,0.5154185,0.37084907,-0.37539387
1751443530394,502527800,0.5154185,0.37084907,-0.37539387
1751443530411,502544467,0.32580423,0.29364517,-0.7050047
1751443530411,502544467,0.32580423,0.29364517,-0.7050047
1751443530427,502561134,0.40889135,0.2797551,-1.0629301
1751443530427,502561134,0.40889135,0.2797551,-1.0629301
1751443530444,502577801,0.5395259,0.081753604,-0.9430399
1751443530444,502577801,0.5395259,0.081753604,-0.9430399
1751443530461,502594468,0.47209048,-0.12627873,-0.62301826
1751443530461,502594468,0.47209048,-0.12627873,-0.62301826
1751443530477,502611135,0.48331738,-0.2425461,-0.44324207
1751443530477,502611135,0.48331738,-0.2425461,-0.44324207
1751443530494,502627802,0.32681465,-0.11277514,-0.41291618
1751443530494,502627802,0.32681465,-0.11277514,-0.41291618
1751443530511,502644469,0.3527398,0.07303616,-0.5036211
1751443530511,502644469,0.3527398,0.07303616,-0.5036211
1751443530527,502661136,0.3537254,0.22446747,-0.5203209
1751443530527,502661136,0.3537254,0.22446747,-0.5203209
1751443530544,502677803,0.26326582,0.3846963,-0.5249853
1751443530544,502677803,0.26326582,0.3846963,-0.5249853
1751443530561,502694470,0.34023416,0.5395108,-0.54539585
1751443530561,502694470,0.34023416,0.5395108,-0.54539585
1751443530577,502711137,0.381104,0.5220172,-0.4558735
1751443530577,502711137,0.381104,0.5220172,-0.4558735
1751443530594,502727804,0.41552114,0.48614627,-0.3682413
1751443530594,502727804,0.41552114,0.48614627,-0.3682413
1751443530611,502744471,0.23263659,0.4376409,-0.37728786
1751443530611,502744471,0.23263659,0.4376409,-0.37728786
1751443530627,502761138,0.2576509,0.312049,-0.404109
1751443530627,502761138,0.2576509,0.312049,-0.404109
1751443530644,502777805,0.24361253,0.27393162,-0.4236641
1751443530644,502777805,0.24361253,0.27393162,-0.4236641
1751443530661,502794472,0.30775568,0.2541045,-0.438797
1751443530661,502794472,0.30775568,0.2541045,-0.438797
1751443530677,502811139,0.35802713,0.2618839,-0.39463902
1751443530677,502811139,0.35802713,0.2618839,-0.39463902
1751443530694,502827806,0.31839526,0.23025282,-0.34808636
1751443530694,502827806,0.31839526,0.23025282,-0.34808636
1751443530711,502844473,0.2533132,0.2431203,-0.40913486
1751443530711,502844473,0.2533132,0.2431203,-0.40913486
1751443530727,502861140,0.21141854,0.26996768,-0.45527363
1751443530727,502861140,0.21141854,0.26996768,-0.45527363
1751443530744,502877807,0.16615266,0.2870328,-0.48898888
1751443530744,502877807,0.16615266,0.2870328,-0.48898888
1751443530761,502894474,0.12879083,0.3741698,-0.4968319
1751443530761,502894474,0.12879083,0.3741698,-0.4968319
1751443530777,502911141,-0.0056627495,0.36573848,-0.4893999
1751443530777,502911141,-0.0056627495,0.36573848,-0.4893999
1751443530794,502927808,-0.042021506,0.35035232,-0.48520088
1751443530794,502927808,-0.042021506,0.35035232,-0.48520088
1751443530811,502944475,-0.10774886,0.36833596,-0.4469881
1751443530811,502944475,-0.10774886,0.36833596,-0.4469881
1751443530827,502961142,-0.0768048,0.41017863,-0.44515705
1751443530827,502961142,-0.0768048,0.41017863,-0.44515705
1751443530844,502977809,-0.18681464,0.34070528,-0.5733881
1751443530844,502977809,-0.18681464,0.34070528,-0.5733881
1751443530861,502994476,-0.13778435,0.24725723,-0.62533855
1751443530861,502994476,-0.13778435,0.24725723,-0.62533855
1751443530877,503011143,-0.02427688,0.16666053,-0.5928602
1751443530877,503011143,-0.02427688,0.16666053,-0.5928602
1751443530894,503027810,0.01064514,0.08348779,-0.51226044
1751443530894,503027810,0.01064514,0.08348779,-0.51226044
1751443530911,503044477,0.083611056,0.0351069,-0.37379074
1751443530911,503044477,0.083611056,0.0351069,-0.37379074
1751443530927,503061144,0.14864944,0.03043196,-0.24430656
1751443530927,503061144,0.14864944,0.03043196,-0.24430656
1751443530944,503077811,0.19094226,0.10173231,-0.20328712
1751443530944,503077811,0.19094226,0.10173231,-0.20328712
1751443530961,503094478,0.16947024,0.21105312,-0.40614033
1751443530961,503094478,0.16947024,0.21105312,-0.40614033
1751443530977,503111145,0.18496642,0.21416447,-0.50719357
1751443530977,503111145,0.18496642,0.21416447,-0.50719357
1751443530994,503127812,0.101011366,0.20578173,-0.4687109
1751443530994,503127812,0.101011366,0.20578173,-0.4687109
1751443531011,503144479,0.09863951,0.16119011,-0.4644661
1751443531011,503144479,0.09863951,0.16119011,-0.4644661
1751443531027,503161146,0.062600195,0.06798968,-0.38482475
1751443531027,503161146,0.062600195,0.06798968,-0.38482475
1751443531044,503177813,0.03868308,0.062184267,-0.4099264
1751443531044,503177813,0.03868308,0.062184267,-0.4099264
1751443531061,503194480,0.09319141,0.049078528,-0.36557388
1751443531061,503194480,0.09319141,0.049078528,-0.36557388
1751443531077,503211147,0.08734408,0.028593343,-0.2579193
1751443531077,503211147,0.08734408,0.028593343,-0.2579193
1751443531094,503227814,0.037935298,-0.07220117,-0.20839214
1751443531094,503227814,0.037935298,-0.07220117,-0.20839214
1751443531111,503244481,-0.007623887,-0.13706072,-0.2826891
1751443531111,503244481,-0.007623887,-0.13706072,-0.2826891
1751443531127,503261148,-0.052266136,-0.1531227,-0.45320797
1751443531127,503261148,-0.052266136,-0.1531227,-0.45320797
1751443531144,503277815,0.005433013,-0.10805398,-0.47405052
1751443531144,503277815,0.005433013,-0.10805398,-0.47405052
1751443531161,503294482,-0.021479128,-0.069175474,-0.39973164
1751443531161,503294482,-0.021479128,-0.069175474,-0.39973164
1751443531177,503311149,0.05647309,-0.013299803,-0.4119215
1751443531177,503311149,0.05647309,-0.013299803,-0.4119215
1751443531194,503327816,0.09127163,0.06832461,-0.52179146
1751443531194,503327816,0.09127163,0.06832461,-0.52179146
1751443531211,503344483,0.15867643,0.103474095,-0.7112255
1751443531211,503344483,0.15867643,0.103474095,-0.7112255
1751443531227,503361150,0.2725799,0.13838212,-0.7146549
1751443531227,503361150,0.2725799,0.13838212,-0.7146549
1751443531244,503377817,0.3549812,0.13626434,-0.6656828
1751443531244,503377817,0.3549812,0.13626434,-0.6656828
1751443531261,503394484,0.30564046,0.19475456,-0.635787
1751443531261,503394484,0.30564046,0.19475456,-0.635787
1751443531277,503411151,0.3193477,0.30214784,-0.55421925
1751443531277,503411151,0.3193477,0.30214784,-0.55421925
1751443531294,503427818,0.47689524,0.42433956,-0.4987898
1751443531294,503427818,0.47689524,0.42433956,-0.4987898
1751443531311,503444485,0.38818455,0.45384836,-0.57437134
1751443531311,503444485,0.38818455,0.45384836,-0.57437134
1751443531327,503461152,0.48529905,0.45367515,-0.61310863
1751443531327,503461152,0.48529905,0.45367515,-0.61310863
1751443531344,503477819,0.53796697,0.48081985,-0.60700226
1751443531344,503477819,0.53796697,0.48081985,-0.60700226
1751443531361,503494486,0.53463787,0.536218,-0.58171463
1751443531361,503494486,0.53463787,0.536218,-0.58171463
1751443531377,503511153,0.40965712,0.5214079,-0.54396915
1751443531377,503511153,0.40965712,0.5214079,-0.54396915
1751443531394,503527820,0.44865024,0.53790873,-0.5814829
1751443531394,503527820,0.44865024,0.53790873,-0.5814829
1751443531411,503544487,0.45857763,0.490633,-0.4945469
1751443531411,503544487,0.45857763,0.490633,-0.4945469
1751443531427,503561154,0.37222764,0.2598471,-0.26434422
1751443531427,503561154,0.37222764,0.2598471,-0.26434422
1751443531444,503577821,0.2564757,0.01667686,-0.046767235
1751443531444,503577821,0.2564757,0.01667686,-0.046767235
1751443531461,503594488,0.33885193,-0.025899787,-0.05844307
1751443531461,503594488,0.33885193,-0.025899787,-0.05844307
1751443531477,503611155,0.74094045,0.14975737,-0.027513504
1751443531477,503611155,0.74094045,0.14975737,-0.027513504
1751443531494,503627822,0.9959667,0.47176734,0.071517944
1751443531494,503627822,0.9959667,0.47176734,0.071517944
1751443531511,503644489,0.857481,0.6074044,0.14451694
1751443531511,503644489,0.857481,0.6074044,0.14451694
1751443531527,503661156,0.4363555,0.63117623,0.592535
1751443531527,503661156,0.4363555,0.63117623,0.592535
1751443531544,503677823,0.078983516,0.34820312,1.5271387
1751443531544,503677823,0.078983516,0.34820312,1.5271387
1751443531561,503694490,0.1409068,0.17185152,2.546361
1751443531561,503694490,0.1409068,0.17185152,2.546361
1751443531577,503711157,0.45509383,0.3839758,2.7608957
1751443531577,503711157,0.45509383,0.3839758,2.7608957
1751443531594,503727824,0.5543472,0.41558346,2.312539
1751443531594,503727824,0.5543472,0.41558346,2.312539
1751443531611,503744491,0.41536358,-0.028919,1.7713251
1751443531611,503744491,0.41536358,-0.028919,1.7713251
1751443531627,503761158,0.66607004,-0.49624905,1.7095709
1751443531627,503761158,0.66607004,-0.49624905,1.7095709
1751443531644,503777825,0.72906876,-0.57243097,1.5321779
1751443531644,503777825,0.72906876,-0.57243097,1.5321779
1751443531661,503794492,0.4274191,-0.17964965,1.4234724
1751443531661,503794492,0.4274191,-0.17964965,1.4234724
1751443531677,503811159,-0.008062922,0.1361033,1.3303633
1751443531677,503811159,-0.008062922,0.1361033,1.3303633
1751443531694,503827826,-0.3350107,0.27066973,1.2179136
1751443531694,503827826,-0.3350107,0.27066973,1.2179136
1751443531711,503844493,-0.4283528,0.3989836,1.4283266
1751443531711,503844493,-0.4283528,0.3989836,1.4283266
1751443531727,503861160,-0.41029385,0.42271084,1.5834799
1751443531727,503861160,-0.41029385,0.42271084,1.5834799
1751443531744,503877827,-0.29110417,0.4350662,1.5065327
1751443531744,503877827,-0.29110417,0.4350662,1.5065327
1751443531761,503894494,-0.100380756,0.29703778,1.537056
1751443531761,503894494,-0.100380756,0.29703778,1.537056
1751443531777,503911161,-0.09196197,0.13367595,1.253025
1751443531777,503911161,-0.09196197,0.13367595,1.253025
1751443531794,503927828,-0.059217326,0.12405059,0.9902897
1751443531794,503927828,-0.059217326,0.12405059,0.9902897
1751443531811,503944495,0.004489202,0.13356262,0.9803276
1751443531811,503944495,0.004489202,0.13356262,0.9803276
1751443531827,503961162,0.070479974,0.19854611,0.79536724
1751443531827,503961162,0.070479974,0.19854611,0.79536724
1751443531844,503977829,0.2976022,0.32489508,0.7374153
1751443531844,503977829,0.2976022,0.32489508,0.7374153
1751443531861,503994496,0.56534475,0.4272944,0.72978497
1751443531861,503994496,0.56534475,0.4272944,0.72978497
1751443531877,504011163,0.7069422,0.5923185,0.6369953
1751443531877,504011163,0.7069422,0.5923185,0.6369953
1751443531894,504027830,1.0955925,0.5934658,0.2848835
1751443531894,504027830,1.0955925,0.5934658,0.2848835
1751443531911,504044497,1.0560436,0.48838967,-0.52962303
1751443531911,504044497,1.0560436,0.48838967,-0.52962303
1751443531927,504061164,1.0879605,0.39769214,-0.5944433
1751443531927,504061164,1.0879605,0.39769214,-0.5944433
1751443531944,504077831,0.9955588,0.41600835,-0.4855671
1751443531944,504077831,0.9955588,0.41600835,-0.4855671
1751443531961,504094498,1.0134563,0.44341907,-0.8120651
1751443531961,504094498,1.0134563,0.44341907,-0.8120651
1751443531977,504111165,0.9753406,0.49297637,-0.9273653
1751443531977,504111165,0.9753406,0.49297637,-0.9273653
1751443531994,504127832,1.0514785,0.43714598,-0.98583317
1751443531994,504127832,1.0514785,0.43714598,-0.98583317
1751443532011,504144499,0.89559263,0.6495595,-0.7110443
1751443532011,504144499,0.89559263,0.6495595,-0.7110443
1751443532027,504161166,0.63570344,0.6621156,-0.40060425
1751443532027,504161166,0.63570344,0.6621156,-0.40060425
1751443532044,504177833,0.3299738,0.72580266,-0.67830944
1751443532044,504177833,0.3299738,0.72580266,-0.67830944
1751443532061,504194500,0.3417126,0.7156259,-0.67659664
1751443532061,504194500,0.3417126,0.7156259,-0.67659664
1751443532077,504211167,0.5231198,0.67643154,-0.59186363
1751443532077,504211167,0.5231198,0.67643154,-0.59186363
1751443532094,504227834,0.60518,0.6672834,-0.64882183
1751443532094,504227834,0.60518,0.6672834,-0.64882183
1751443532111,504244501,0.45232975,0.51553196,-0.92020226
1751443532111,504244501,0.45232975,0.51553196,-0.92020226
1751443532127,504261168,0.13389069,0.34030384,-1.0613956
1751443532127,504261168,0.13389069,0.34030384,-1.0613956
1751443532144,504277835,-0.18009531,0.2936589,-1.091835
1751443532144,504277835,-0.18009531,0.2936589,-1.091835
1751443532161,504294502,-0.15212129,0.0032067404,-1.1933889
1751443532161,504294502,-0.15212129,0.0032067404,-1.1933889
1751443532177,504311169,-0.3872626,-0.15085873,-1.1993046
1751443532177,504311169,-0.3872626,-0.15085873,-1.1993046
1751443532194,504327836,-0.64953005,-0.16525923,-1.2374144
1751443532194,504327836,-0.64953005,-0.16525923,-1.2374144
1751443532211,504344503,-0.654717,-0.2453144,-1.2596579
1751443532211,504344503,-0.654717,-0.2453144,-1.2596579
1751443532227,504361170,-0.8678712,-0.3291767,-1.2677441
1751443532227,504361170,-0.8678712,-0.3291767,-1.2677441
1751443532244,504377837,-1.1541212,-0.33964917,-1.4752169
1751443532244,504377837,-1.1541212,-0.33964917,-1.4752169
1751443532261,504394504,-1.3063709,-0.47141653,-1.6381836
1751443532261,504394504,-1.3063709,-0.47141653,-1.6381836
1751443532277,504411171,-1.3748416,-0.45676482,-1.5674171
1751443532277,504411171,-1.3748416,-0.45676482,-1.5674171
1751443532294,504427838,-1.5425915,-0.62852806,-1.780385
1751443532294,504427838,-1.5425915,-0.62852806,-1.780385
1751443532311,504444505,-1.7587656,-0.5743087,-2.0429912
1751443532311,504444505,-1.7587656,-0.5743087,-2.0429912
1751443532327,504461172,-1.2687258,-0.51485485,-2.0897117
1751443532327,504461172,-1.2687258,-0.51485485,-2.0897117
1751443532344,504477839,-0.9047823,-0.65729696,-1.7736187
1751443532344,504477839,-0.9047823,-0.65729696,-1.7736187
1751443532361,504494506,-0.9379083,-0.76943064,-1.5202217
1751443532361,504494506,-0.9379083,-0.76943064,-1.5202217
1751443532377,504511173,-1.1222426,-1.0164568,-1.5843058
1751443532377,504511173,-1.1222426,-1.0164568,-1.5843058
1751443532394,504527840,-1.6406561,-0.73902714,-2.1326718
1751443532394,504527840,-1.6406561,-0.73902714,-2.1326718
1751443532411,504544507,-1.8732147,-0.65900004,-2.421998
1751443532411,504544507,-1.8732147,-0.65900004,-2.421998
1751443532427,504561174,-1.6721076,-0.8366736,-1.9872174
1751443532427,504561174,-1.6721076,-0.8366736,-1.9872174
1751443532444,504577841,-1.3557013,-0.79579264,-1.1731634
1751443532444,504577841,-1.3557013,-0.79579264,-1.1731634
1751443532461,504594508,-0.78289604,-0.77714115,-0.11610794
1751443532461,504594508,-0.78289604,-0.77714115,-0.11610794
1751443532477,504611175,-0.6373893,-0.53672767,0.75551414
1751443532477,504611175,-0.6373893,-0.53672767,0.75551414
1751443532494,504627842,-0.7214434,-0.09935732,1.2624378
1751443532494,504627842,-0.7214434,-0.09935732,1.2624378
1751443532511,504644509,-0.5428231,0.2429588,1.3846092
1751443532511,504644509,-0.5428231,0.2429588,1.3846092
1751443532527,504661176,-0.14938597,0.041294243,1.0828495
1751443532527,504661176,-0.14938597,0.041294243,1.0828495
1751443532544,504677843,-0.35190243,-0.22906792,0.34247112
1751443532544,504677843,-0.35190243,-0.22906792,0.34247112
1751443532561,504694510,-0.763453,-0.4029628,-0.27191257
1751443532561,504694510,-0.763453,-0.4029628,-0.27191257
1751443532577,504711177,-0.99984086,-0.4286603,-0.5632038
1751443532577,504711177,-0.99984086,-0.4286603,-0.5632038
1751443532594,504727844,-1.127263,-0.30561373,-0.61326885
1751443532594,504727844,-1.127263,-0.30561373,-0.61326885
1751443532611,504744511,-0.96427727,-0.0965491,-0.54619503
1751443532611,504744511,-0.96427727,-0.0965491,-0.54619503
1751443532627,504761178,-1.0122242,-0.0054633273,-0.36835957
1751443532627,504761178,-1.0122242,-0.0054633273,-0.36835957
1751443532644,504777845,-1.1116368,-0.009587364,-0.27193642
1751443532644,504777845,-1.1116368,-0.009587364,-0.27193642
1751443532661,504794512,-0.8725006,-0.095529884,-0.09930897
1751443532661,504794512,-0.8725006,-0.095529884,-0.09930897
1751443532677,504811179,-0.6467063,-0.11062953,0.14546776
1751443532677,504811179,-0.6467063,-0.11062953,0.14546776
1751443532694,504827846,-0.24561134,-0.12917015,0.44205666
1751443532694,504827846,-0.24561134,-0.12917015,0.44205666
1751443532711,504844513,-0.008373536,-0.076131865,0.6775532
1751443532711,504844513,-0.008373536,-0.076131865,0.6775532
1751443532727,504861180,-0.09902231,-0.09899367,0.5545597
1751443532727,504861180,-0.09902231,-0.09899367,0.5545597
1751443532744,504877847,-0.36908618,-0.21479103,0.07749367
1751443532744,504877847,-0.36908618,-0.21479103,0.07749367
1751443532761,504894514,-0.5658453,-0.33262214,-0.2996006
1751443532761,504894514,-0.5658453,-0.33262214,-0.2996006
1751443532777,504911181,-0.66498715,-0.34815204,-0.4880829
1751443532777,504911181,-0.66498715,-0.34815204,-0.4880829
1751443532794,504927848,-0.52419144,-0.27967438,-0.44515705
1751443532794,504927848,-0.52419144,-0.27967438,-0.44515705
1751443532811,504944515,-0.43919304,-0.19043393,-0.25564098
1751443532811,504944515,-0.43919304,-0.19043393,-0.25564098
1751443532827,504961182,-0.4265406,-0.16007954,-0.11369133
1751443532827,504961182,-0.4265406,-0.16007954,-0.11369133
1751443532844,504977849,-0.5145524,-0.26570305,-0.06344032
1751443532844,504977849,-0.5145524,-0.26570305,-0.06344032
1751443532861,504994516,-0.46672878,-0.3380649,-0.03528309
1751443532861,504994516,-0.46672878,-0.3380649,-0.03528309
1751443532877,505011183,-0.43247193,-0.31989622,0.06785011
1751443532877,505011183,-0.43247193,-0.31989622,0.06785011
1751443532894,505027850,-0.32146066,-0.30066562,0.13417244
1751443532894,505027850,-0.32146066,-0.30066562,0.13417244
1751443532911,505044517,-0.2455477,-0.2701693,0.15080929
1751443532911,505044517,-0.2455477,-0.2701693,0.15080929
1751443532927,505061184,-0.32955033,-0.23643222,0.07036686
1751443532927,505061184,-0.32955033,-0.23643222,0.07036686
1751443532944,505077851,-0.5004213,-0.2110615,-0.15747166
1751443532944,505077851,-0.5004213,-0.2110615,-0.15747166
1751443532961,505094518,-0.6955832,-0.25446773,-0.32687855
1751443532961,505094518,-0.6955832,-0.25446773,-0.32687855
1751443532977,505111185,-0.8097511,-0.26574817,-0.35470772
1751443532977,505111185,-0.8097511,-0.26574817,-0.35470772
1751443532994,505127852,-0.69406277,-0.21634847,-0.3457775
1751443532994,505127852,-0.69406277,-0.21634847,-0.3457775
1751443533011,505144519,-0.51368064,-0.17623103,-0.23225689
1751443533011,505144519,-0.51368064,-0.17623103,-0.23225689
1751443533027,505161186,-0.6512555,-0.15329435,-0.07603836
1751443533027,505161186,-0.6512555,-0.15329435,-0.07603836
1751443533044,505177853,-0.6508592,-0.31797802,0.026601791
1751443533044,505177853,-0.6508592,-0.31797802,0.026601791
1751443533061,505194520,-0.41638008,-0.40648738,0.042998314
1751443533061,505194520,-0.41638008,-0.40648738,0.042998314
1751443533077,505211187,-0.48852813,-0.4277801,-0.0018606186
1751443533077,505211187,-0.48852813,-0.4277801,-0.0018606186
1751443533094,505227854,-0.87315804,-0.56885207,-0.093146324
1751443533094,505227854,-0.87315804,-0.56885207,-0.093146324
1751443533111,505244521,-0.86817914,-0.62123793,-0.48634148
1751443533111,505244521,-0.86817914,-0.62123793,-0.48634148
1751443533127,505261188,-0.9853456,-0.5246352,-0.7121105
1751443533127,505261188,-0.9853456,-0.5246352,-0.7121105
1751443533144,505277855,-0.8820652,-0.33729982,-0.53889847
1751443533144,505277855,-0.8820652,-0.33729982,-0.53889847
1751443533161,505294522,-0.6500883,-0.19176294,-0.022418022
1751443533161,505294522,-0.6500883,-0.19176294,-0.022418022
1751443533177,505311189,-0.6444223,-0.09990381,0.19765282
1751443533177,505311189,-0.6444223,-0.09990381,0.19765282
1751443533194,505327856,-0.8230586,-0.3101343,0.14038944
1751443533194,505327856,-0.8230586,-0.3101343,0.14038944
1751443533211,505344523,-1.1307309,-0.56456465,-0.33615208
1751443533211,505344523,-1.1307309,-0.56456465,-0.33615208
1751443533227,505361190,-1.1682258,-0.26045763,0.11063671
1751443533227,505361190,-1.1682258,-0.26045763,0.11063671
1751443533244,505377857,-1.1502994,-0.4454772,0.14305878
1751443533244,505377857,-1.1502994,-0.4454772,0.14305878
1751443533261,505394524,-0.99580723,-0.4720207,0.61026096
1751443533261,505394524,-0.99580723,-0.4720207,0.61026096
1751443533277,505411191,-1.0434341,-0.56826717,0.7131338
1751443533277,505411191,-1.0434341,-0.56826717,0.7131338
1751443533294,505427858,-1.6466892,-0.75844026,0.426589
1751443533294,505427858,-1.6466892,-0.75844026,0.426589
1751443533311,505444525,-1.1177918,-1.0921929,-1.8265448
1751443533311,505444525,-1.1177918,-1.0921929,-1.8265448
1751443533327,505461192,-1.5691304,-1.282805,-2.8066278
1751443533327,505461192,-1.5691304,-1.282805,-2.8066278
1751443533344,505477859,-1.7918509,-1.406899,-3.207378
1751443533344,505477859,-1.7918509,-1.406899,-3.207378
1751443533361,505494526,-1.7131109,-1.1166421,-3.1114411
1751443533361,505494526,-1.7131109,-1.1166421,-3.1114411
1751443533377,505511193,-1.7134404,-0.707757,-2.692751
1751443533377,505511193,-1.7134404,-0.707757,-2.692751
1751443533394,505527860,-1.81038,-0.18330207,-2.2313151
1751443533394,505527860,-1.81038,-0.18330207,-2.2313151
1751443533411,505544527,-1.3984932,-0.3096144,-1.7827559
1751443533411,505544527,-1.3984932,-0.3096144,-1.7827559
1751443533427,505561194,-0.92892957,-0.3584627,-0.7432127
1751443533427,505561194,-0.92892957,-0.3584627,-0.7432127
1751443533444,505577861,-0.18139109,-0.5982608,0.030086517
1751443533444,505577861,-0.18139109,-0.5982608,0.030086517
1751443533461,505594528,-0.0026780877,-0.9422879,0.04174137
1751443533461,505594528,-0.0026780877,-0.9422879,0.04174137
1751443533477,505611195,0.1431445,-0.7070886,0.024439812
1751443533477,505611195,0.1431445,-0.7070886,0.024439812
1751443533494,505627862,0.4462857,-0.06928566,0.37465382
1751443533494,505627862,0.4462857,-0.06928566,0.37465382
1751443533511,505644529,0.8292701,0.49119207,0.47960758
1751443533511,505644529,0.8292701,0.49119207,0.47960758
1751443533528,505661196,0.43033952,0.5375207,-0.1714077
1751443533528,505661196,0.43033952,0.5375207,-0.1714077
1751443533544,505677863,-0.2775353,0.094471104,-0.7932701
1751443533544,505677863,-0.2775353,0.094471104,-0.7932701
1751443533561,505694530,-0.62210476,-0.4647753,-1.3600645
1751443533561,505694530,-0.62210476,-0.4647753,-1.3600645
1751443533578,505711197,-0.38413316,-0.88192135,-1.5738211
1751443533578,505711197,-0.38413316,-0.88192135,-1.5738211
1751443533594,505727864,-0.23158675,-0.9453775,-1.4103651
1751443533594,505727864,-0.23158675,-0.9453775,-1.4103651
1751443533611,505744531,0.38255772,-0.8384197,-1.0269899
1751443533611,505744531,0.38255772,-0.8384197,-1.0269899
1751443533628,505761198,0.95718306,0.30557194,-0.043100357
1751443533628,505761198,0.95718306,0.30557194,-0.043100357
1751443533644,505777865,1.0373362,0.8515195,0.6097307
1751443533644,505777865,1.0373362,0.8515195,0.6097307
1751443533661,505794532,1.0764874,0.9184673,0.58836746
1751443533661,505794532,1.0764874,0.9184673,0.58836746
1751443533678,505811199,0.13227063,1.427953,1.1008749
1751443533678,505811199,0.13227063,1.427953,1.1008749
1751443533694,505827866,-0.10385649,1.4699147,0.38322544
1751443533694,505827866,-0.10385649,1.4699147,0.38322544
1751443533711,505844533,-1.0331991,1.3664489,-0.5866804
1751443533711,505844533,-1.0331991,1.3664489,-0.5866804
1751443533728,505861200,-0.11079852,1.2561302,-0.8462124
1751443533728,505861200,-0.11079852,1.2561302,-0.8462124
1751443533744,505877867,0.74167234,1.0677663,-0.9649124
1751443533744,505877867,0.74167234,1.0677663,-0.9649124
1751443533761,505894534,0.7025659,0.77974665,-1.4436846
1751443533761,505894534,0.7025659,0.77974665,-1.4436846
1751443533778,505911201,0.59295815,0.46066847,-1.432107
1751443533778,505911201,0.59295815,0.46066847,-1.432107
1751443533794,505927868,0.3071696,0.2497223,-1.122963
1751443533794,505927868,0.3071696,0.2497223,-1.122963
1751443533811,505944535,0.005788874,-0.09135153,-0.43000412
1751443533811,505944535,0.005788874,-0.09135153,-0.43000412
1751443533828,505961202,0.090168394,-0.36049443,-0.38894558
1751443533828,505961202,0.090168394,-0.36049443,-0.38894558
1751443533844,505977869,0.41099793,-0.12309484,-0.16993237
1751443533844,505977869,0.41099793,-0.12309484,-0.16993237
1751443533861,505994536,0.6026073,0.06964239,-0.10521603
1751443533861,505994536,0.6026073,0.06964239,-0.10521603
1751443533878,506011203,0.68036556,0.032297175,-0.07980633
1751443533878,506011203,0.68036556,0.032297175,-0.07980633
1751443533894,506027870,0.33564523,0.0284494,-0.10865116
1751443533894,506027870,0.33564523,0.0284494,-0.10865116
1751443533911,506044537,0.24749224,0.029131114,-0.050831795
1751443533911,506044537,0.24749224,0.029131114,-0.050831795
1751443533928,506061204,0.43702927,0.068459116,0.03559971
1751443533928,506061204,0.43702927,0.068459116,0.03559971
1751443533944,506077871,0.5613735,0.024169127,0.1786356
1751443533944,506077871,0.5613735,0.024169127,0.1786356
1751443533961,506094538,0.6222977,-0.11359689,0.24637413
1751443533961,506094538,0.6222977,-0.11359689,0.24637413
1751443533978,506111205,0.90939957,-0.20602731,0.7854452
1751443533978,506111205,0.90939957,-0.20602731,0.7854452
1751443533994,506127872,1.0898768,-0.22986408,1.3289051
1751443533994,506127872,1.0898768,-0.22986408,1.3289051
1751443534011,506144539,0.83542615,-0.47933045,1.5510979
1751443534011,506144539,0.83542615,-0.47933045,1.5510979
1751443534028,506161206,0.6393012,-0.73924744,1.5040216
1751443534028,506161206,0.6393012,-0.73924744,1.5040216
1751443534044,506177873,0.5058455,-0.6508199,1.5054188
1751443534044,506177873,0.5058455,-0.6508199,1.5054188
1751443534061,506194540,0.16077152,-0.37756816,1.3853226
1751443534061,506194540,0.16077152,-0.37756816,1.3853226
1751443534078,506211207,-0.29734495,-0.32725358,1.6028509
1751443534078,506211207,-0.29734495,-0.32725358,1.6028509
1751443534094,506227874,-0.45526874,-0.20247234,1.5323639
1751443534094,506227874,-0.45526874,-0.20247234,1.5323639
1751443534111,506244541,-0.26916358,0.32060754,0.9016075
1751443534111,506244541,-0.26916358,0.32060754,0.9016075
1751443534128,506261208,0.20360631,0.5087307,1.1025896
1751443534128,506261208,0.20360631,0.5087307,1.1025896
1751443534144,506277875,0.00819446,0.17228848,1.5716372
1751443534144,506277875,0.00819446,0.17228848,1.5716372
1751443534161,506294542,-0.2819222,-0.1113061,2.3184395
1751443534161,506294542,-0.2819222,-0.1113061,2.3184395
1751443534178,506311209,0.09786628,0.3098379,2.426015
1751443534178,506311209,0.09786628,0.3098379,2.426015
1751443534194,506327876,0.7008401,0.5847338,2.4157705
1751443534194,506327876,0.7008401,0.5847338,2.4157705
1751443534211,506344543,0.3044471,0.6746153,2.0072737
1751443534211,506344543,0.3044471,0.6746153,2.0072737
1751443534228,506361210,1.4678639,0.45736954,1.2756157
1751443534228,506361210,1.4678639,0.45736954,1.2756157
1751443534244,506377877,0.74785244,0.05186495,1.1634865
1751443534244,506377877,0.74785244,0.05186495,1.1634865
1751443534261,506394544,0.5690754,0.05219966,0.36465263
1751443534261,506394544,0.5690754,0.05219966,0.36465263
1751443534278,506411211,0.6995218,-0.18413287,0.25653744
1751443534278,506411211,0.6995218,-0.18413287,0.25653744
1751443534294,506427878,0.54815,-0.35532123,-0.4470539
1751443534294,506427878,0.54815,-0.35532123,-0.4470539
1751443534311,506444545,0.4889529,-0.019566882,-1.3499107
1751443534311,506444545,0.4889529,-0.019566882,-1.3499107
1751443534328,506461212,0.49040452,-0.35096017,-1.668786
1751443534328,506461212,0.49040452,-0.35096017,-1.668786
1751443534344,506477879,0.72806543,-0.49293748,-1.4796963
1751443534344,506477879,0.72806543,-0.49293748,-1.4796963
1751443534361,506494546,0.57653713,-0.2490986,-1.3244343
1751443534361,506494546,0.57653713,-0.2490986,-1.3244343
1751443534378,506511213,0.37552792,0.10553572,-1.3290548
1751443534378,506511213,0.37552792,0.10553572,-1.3290548
1751443534394,506527880,0.31356874,0.3650707,-1.269578
1751443534394,506527880,0.31356874,0.3650707,-1.269578
1751443534411,506544547,0.38128933,0.57629484,-0.9472847
1751443534411,506544547,0.38128933,0.57629484,-0.9472847
1751443534428,506561214,0.23981865,0.41415727,-0.60490704
1751443534428,506561214,0.23981865,0.41415727,-0.60490704
1751443534444,506577881,0.2391133,0.37903658,-0.4531412
1751443534444,506577881,0.2391133,0.37903658,-0.4531412
1751443534461,506594548,0.25119925,0.17249137,-0.17314911
1751443534461,506594548,0.25119925,0.17249137,-0.17314911
1751443534478,506611215,0.3531067,-0.030133793,0.025687218
1751443534478,506611215,0.3531067,-0.030133793,0.025687218
1751443534494,506627882,0.3131931,-0.1499597,-0.13733768
1751443534494,506627882,0.3131931,-0.1499597,-0.13733768
1751443534511,506644549,0.52119553,-0.2935327,-0.410614
1751443534511,506644549,0.52119553,-0.2935327,-0.410614
1751443534528,506661216,0.5891422,-0.2942617,-0.3283081
1751443534528,506661216,0.5891422,-0.2942617,-0.3283081
1751443534544,506677883,0.5803091,-0.2611374,-0.13014412
1751443534544,506677883,0.5803091,-0.2611374,-0.13014412
1751443534561,506694550,0.44385925,-0.04070305,-0.031944275
1751443534561,506694550,0.44385925,-0.04070305,-0.031944275
1751443534578,506711217,0.41253042,0.025967848,-0.049663544
1751443534578,506711217,0.41253042,0.025967848,-0.049663544
1751443534594,506727884,0.2997301,0.2764193,-0.3264532
1751443534594,506727884,0.2997301,0.2764193,-0.3264532
1751443534611,506744551,0.19699079,0.62987846,-0.68243694
1751443534611,506744551,0.19699079,0.62987846,-0.68243694
1751443534628,506761218,0.15076183,0.7009549,-0.81456184
1751443534628,506761218,0.15076183,0.7009549,-0.81456184
1751443534644,506777885,0.22378896,0.7478064,-0.7153349
1751443534644,506777885,0.22378896,0.7478064,-0.7153349
1751443534661,506794552,0.26297402,0.5579402,-0.66127205
1751443534661,506794552,0.26297402,0.5579402,-0.66127205
1751443534678,506811219,0.08937073,0.37111098,-0.49185085
1751443534678,506811219,0.08937073,0.37111098,-0.49185085
1751443534694,506827886,0.0393026,0.26341164,-0.31352425
1751443534694,506827886,0.0393026,0.26341164,-0.31352425
1751443534711,506844553,0.12420292,0.15897588,-0.24210262
1751443534711,506844553,0.12420292,0.15897588,-0.24210262
1751443534728,506861220,0.19552054,0.03744507,-0.39680862
1751443534728,506861220,0.19552054,0.03744507,-0.39680862
1751443534744,506877887,0.34201342,0.029552156,-0.5849962
1751443534744,506877887,0.34201342,0.029552156,-0.5849962
1751443534761,506894554,0.49416065,0.024794627,-0.6403341
1751443534761,506894554,0.49416065,0.024794627,-0.6403341
1751443534778,506911221,0.4246262,-0.029064283,-0.5526171
1751443534778,506911221,0.4246262,-0.029064283,-0.5526171
1751443534794,506927888,0.47016633,0.03790802,-0.44662857
1751443534794,506927888,0.47016633,0.03790802,-0.44662857
1751443534811,506944555,0.4268189,0.32510507,-0.3416481
1751443534811,506944555,0.4268189,0.32510507,-0.3416481
1751443534828,506961222,0.33649746,0.38895276,-0.31575775
1751443534828,506961222,0.33649746,0.38895276,-0.31575775
1751443534844,506977889,0.276775,0.44496077,-0.28664017
1751443534844,506977889,0.276775,0.44496077,-0.28664017
1751443534861,506994556,0.17428687,0.29791176,-0.37602043
1751443534861,506994556,0.17428687,0.29791176,-0.37602043
1751443534878,507011223,0.15929817,0.193756,-0.49261856
1751443534878,507011223,0.15929817,0.193756,-0.49261856
1751443534894,507027890,0.036562804,0.05576123,-0.51125336
1751443534894,507027890,0.036562804,0.05576123,-0.51125336
1751443534911,507044557,0.14199248,0.047125302,-0.54269505
1751443534911,507044557,0.14199248,0.047125302,-0.54269505
1751443534928,507061224,0.33352938,0.22931558,-0.556921
1751443534928,507061224,0.33352938,0.22931558,-0.556921
1751443534944,507077891,0.44080698,0.3223505,-0.47834206
1751443534944,507077891,0.44080698,0.3223505,-0.47834206
1751443534961,507094558,0.33208036,0.3812747,-0.3403921
1751443534961,507094558,0.33208036,0.3812747,-0.3403921
1751443534978,507111225,0.19661601,0.51739293,-0.29112625
1751443534978,507111225,0.19661601,0.51739293,-0.29112625
1751443534994,507127892,0.099963434,0.54097325,-0.34181404
1751443534994,507127892,0.099963434,0.54097325,-0.34181404
1751443535011,507144559,0.14703608,0.59223974,-0.45114136
1751443535011,507144559,0.14703608,0.59223974,-0.45114136
1751443535028,507161226,0.2779659,0.5474676,-0.53779125
1751443535028,507161226,0.2779659,0.5474676,-0.53779125
1751443535044,507177893,0.39309204,0.3332239,-0.5223398
1751443535044,507177893,0.39309204,0.3332239,-0.5223398
1751443535061,507194560,0.45081252,0.22628541,-0.52761173
1751443535061,507194560,0.45081252,0.22628541,-0.52761173
1751443535078,507211227,0.46619692,0.22983128,-0.5087967
1751443535078,507211227,0.46619692,0.22983128,-0.5087967
1751443535094,507227894,0.3116823,0.1969286,-0.47211456
1751443535094,507227894,0.3116823,0.1969286,-0.47211456
1751443535111,507244561,0.20149457,0.21089761,-0.5112915
1751443535111,507244561,0.20149457,0.21089761,-0.5112915
1751443535128,507261228,0.1260164,0.2901731,-0.58022404
1751443535128,507261228,0.1260164,0.2901731,-0.58022404
1751443535144,507277895,0.042246364,0.29620534,-0.54074
1751443535144,507277895,0.042246364,0.29620534,-0.54074
1751443535161,507294562,0.16781342,0.32245347,-0.47341633
1751443535161,507294562,0.16781342,0.32245347,-0.47341633
1751443535178,507311229,0.22623685,0.35935956,-0.44691086
1751443535178,507311229,0.22623685,0.35935956,-0.44691086
1751443535194,507327896,0.19156718,0.33432907,-0.3639412
1751443535194,507327896,0.19156718,0.33432907,-0.3639412
1751443535211,507344563,0.18687782,0.19978918,-0.35289383
1751443535211,507344563,0.18687782,0.19978918,-0.35289383
1751443535228,507361230,0.13268983,0.19218197,-0.52923775
1751443535228,507361230,0.13268983,0.19218197,-0.52923775
1751443535244,507377897,0.18595672,0.32047674,-0.73078537
1751443535244,507377897,0.18595672,0.32047674,-0.73078537
1751443535261,507394564,0.20496967,0.3936277,-0.6917696
1751443535261,507394564,0.20496967,0.3936277,-0.6917696
1751443535278,507411231,0.11945859,0.31277117,-0.45823383
1751443535278,507411231,0.11945859,0.31277117,-0.45823383
1751443535294,507427898,0.07269343,0.20533264,-0.26659393
1751443535294,507427898,0.07269343,0.20533264,-0.26659393
1751443535311,507444565,0.014901071,0.19281395,-0.251482
1751443535311,507444565,0.014901071,0.19281395,-0.251482
1751443535328,507461232,-0.04079266,0.23238608,-0.31994534
1751443535328,507461232,-0.04079266,0.23238608,-0.31994534
1751443535344,507477899,-0.07389398,0.20504962,-0.3941269
1751443535344,507477899,-0.07389398,0.20504962,-0.3941269
1751443535361,507494566,-0.033180233,0.18887079,-0.4183874
1751443535361,507494566,-0.033180233,0.18887079,-0.4183874
1751443535378,507511233,0.042193253,0.20426072,-0.42398262
1751443535378,507511233,0.042193253,0.20426072,-0.42398262
1751443535394,507527900,0.10763067,0.20528385,-0.40104103
1751443535394,507527900,0.10763067,0.20528385,-0.40104103
1751443535411,507544567,0.113943316,0.16323486,-0.33730412
1751443535411,507544567,0.113943316,0.16323486,-0.33730412
1751443535428,507561234,0.04566403,0.054353155,-0.34002686
1751443535428,507561234,0.04566403,0.054353155,-0.34002686
1751443535444,507577901,0.009327874,-0.0036092873,-0.37984943
1751443535444,507577901,0.009327874,-0.0036092873,-0.37984943
1751443535461,507594568,0.076628394,-0.03216564,-0.43460178
1751443535461,507594568,0.076628394,-0.03216564,-0.43460178
1751443535478,507611235,0.14803293,-0.043059323,-0.47586823
1751443535478,507611235,0.14803293,-0.043059323,-0.47586823
1751443535494,507627902,0.22251779,-0.023275914,-0.54895306
1751443535494,507627902,0.22251779,-0.023275914,-0.54895306
1751443535511,507644569,0.25949937,0.013544103,-0.608346
1751443535511,507644569,0.25949937,0.013544103,-0.608346
1751443535528,507661236,0.27671653,-0.005469809,-0.6417284
1751443535528,507661236,0.27671653,-0.005469809,-0.6417284
1751443535544,507677903,0.25895914,0.0200357,-0.5696163
1751443535544,507677903,0.25895914,0.0200357,-0.5696163
1751443535561,507694570,0.26305923,0.10325779,-0.57649326
1751443535561,507694570,0.26305923,0.10325779,-0.57649326
1751443535578,507711237,0.1867266,0.137572,-0.5390415
1751443535578,507711237,0.1867266,0.137572,-0.5390415
1751443535594,507727904,0.16451228,0.18796596,-0.43785095
1751443535594,507727904,0.16451228,0.18796596,-0.43785095
1751443535611,507744571,0.27239838,0.27658293,-0.3778181
1751443535611,507744571,0.27239838,0.27658293,-0.3778181
1751443535628,507761238,0.4471554,0.34233066,-0.40669155
1751443535628,507761238,0.4471554,0.34233066,-0.40669155
1751443535644,507777905,0.49988437,0.36760902,-0.37919426
1751443535644,507777905,0.49988437,0.36760902,-0.37919426
1751443535661,507794572,0.5157931,0.45084736,-0.47623158
1751443535661,507794572,0.5157931,0.45084736,-0.47623158
1751443535678,507811239,0.6089986,0.4075665,-0.5446892
1751443535678,507811239,0.6089986,0.4075665,-0.5446892
1751443535694,507827906,0.68155,0.4184007,-0.6661978
1751443535694,507827906,0.68155,0.4184007,-0.6661978
1751443535711,507844573,0.53544754,0.40905777,-0.7524195
1751443535711,507844573,0.53544754,0.40905777,-0.7524195
1751443535728,507861240,0.4038727,0.3175325,-0.56964874
1751443535728,507861240,0.4038727,0.3175325,-0.56964874
1751443535744,507877907,0.36582038,0.17883807,-0.40540886
1751443535744,507877907,0.36582038,0.17883807,-0.40540886
1751443535761,507894574,0.1835854,0.03320173,-0.29280758
1751443535761,507894574,0.1835854,0.03320173,-0.29280758
1751443535778,507911241,0.25351918,-0.09155817,-0.22124386
1751443535778,507911241,0.25351918,-0.09155817,-0.22124386
1751443535794,507927908,0.2980556,-0.08095695,-0.06613827
1751443535794,507927908,0.2980556,-0.08095695,-0.06613827
1751443535811,507944575,0.1929121,-0.082349546,0.012215614
1751443535811,507944575,0.1929121,-0.082349546,0.012215614
1751443535828,507961242,0.15381575,0.07105891,-0.081383705
1751443535828,507961242,0.15381575,0.07105891,-0.081383705
1751443535844,507977909,0.17431393,0.2974469,-0.27002525
1751443535844,507977909,0.17431393,0.2974469,-0.27002525
1751443535861,507994576,0.22687683,0.453294,-0.45831966
1751443535861,507994576,0.22687683,0.453294,-0.45831966
1751443535878,508011243,0.27845332,0.47481784,-0.40415096
1751443535878,508011243,0.27845332,0.47481784,-0.40415096
1751443535894,508027910,0.30635315,0.4906772,-0.53647804
1751443535894,508027910,0.30635315,0.4906772,-0.53647804
1751443535911,508044577,0.504881,0.5876426,-0.34067345
1751443535911,508044577,0.504881,0.5876426,-0.34067345
1751443535928,508061244,0.52948755,0.62266284,0.16960144
1751443535928,508061244,0.52948755,0.62266284,0.16960144
1751443535944,508077911,0.1654704,0.6416919,0.44157124
1751443535944,508077911,0.1654704,0.6416919,0.44157124
1751443535961,508094578,0.025097655,0.47869,0.95608807
1751443535961,508094578,0.025097655,0.47869,0.95608807
1751443535978,508111245,-0.060531206,0.3832867,1.5407343
1751443535978,508111245,-0.060531206,0.3832867,1.5407343
1751443535994,508127912,0.13332196,0.012589367,1.9750013
1751443535994,508127912,0.13332196,0.012589367,1.9750013
1751443536011,508144579,0.35065344,-0.09909648,2.1217556
1751443536011,508144579,0.35065344,-0.09909648,2.1217556
1751443536028,508161246,0.3521656,0.14421861,2.1464758
1751443536028,508161246,0.3521656,0.14421861,2.1464758
1751443536044,508177913,0.23382643,0.539824,2.0867004
1751443536044,508177913,0.23382643,0.539824,2.0867004
1751443536061,508194580,0.16630654,0.5808751,2.061183
1751443536061,508194580,0.16630654,0.5808751,2.061183
1751443536078,508211247,0.27367765,0.3815592,2.128335
1751443536078,508211247,0.27367765,0.3815592,2.128335
1751443536094,508227914,0.4681201,0.4151105,1.9981995
1751443536094,508227914,0.4681201,0.4151105,1.9981995
1751443536111,508244581,0.64207995,0.6723739,1.7192059
1751443536111,508244581,0.64207995,0.6723739,1.7192059
1751443536128,508261248,0.69233197,0.7969808,1.5035257
1751443536128,508261248,0.69233197,0.7969808,1.5035257
1751443536144,508277915,0.77349836,0.7725504,1.5531597
1751443536144,508277915,0.77349836,0.7725504,1.5531597
1751443536161,508294582,0.8355749,0.9663185,1.6916227
1751443536161,508294582,0.8355749,0.9663185,1.6916227
1751443536178,508311249,0.75911915,1.2254679,1.5688276
1751443536178,508311249,0.75911915,1.2254679,1.5688276
1751443536194,508327916,0.55955386,1.3518417,1.4673615
1751443536194,508327916,0.55955386,1.3518417,1.4673615
1751443536211,508344583,0.34218028,1.3504633,1.4295053
1751443536211,508344583,0.34218028,1.3504633,1.4295053
1751443536228,508361250,-0.0025527275,1.0793483,1.4834843
1751443536228,508361250,-0.0025527275,1.0793483,1.4834843
1751443536244,508377917,-0.7137511,0.52497625,1.6304731
1751443536244,508377917,-0.7137511,0.52497625,1.6304731
1751443536261,508394584,-1.564026,-0.28027362,1.166192
1751443536261,508394584,-1.564026,-0.28027362,1.166192
1751443536278,508411251,-1.0404298,-0.48256022,1.6842899
1751443536278,508411251,-1.0404298,-0.48256022,1.6842899
1751443536294,508427918,0.122605935,-0.09611079,1.5432825
1751443536294,508427918,0.122605935,-0.09611079,1.5432825
1751443536311,508444585,1.0899082,0.29728273,1.0267372
1751443536311,508444585,1.0899082,0.29728273,1.0267372
1751443536328,508461252,1.416114,0.2384738,0.057248116
1751443536328,508461252,1.416114,0.2384738,0.057248116
1751443536344,508477919,1.4286088,-0.27304858,-0.93144417
1751443536344,508477919,1.4286088,-0.27304858,-0.93144417
1751443536361,508494586,1.504849,-0.8261238,-1.6297703
1751443536361,508494586,1.504849,-0.8261238,-1.6297703
1751443536378,508511253,1.1732152,-1.0289937,-2.3441086
1751443536378,508511253,1.1732152,-1.0289937,-2.3441086
1751443536394,508527920,1.1652575,-1.186071,-2.4717546
1751443536394,508527920,1.1652575,-1.186071,-2.4717546
1751443536411,508544587,1.1516428,-0.94950783,-2.0582266
1751443536411,508544587,1.1516428,-0.94950783,-2.0582266
1751443536428,508561254,0.82571626,-0.7951167,-1.8317652
1751443536428,508561254,0.82571626,-0.7951167,-1.8317652
1751443536444,508577921,0.5400135,-0.5603736,-1.7173386
1751443536444,508577921,0.5400135,-0.5603736,-1.7173386
1751443536461,508594588,0.04519488,-0.08803281,-1.6275578
1751443536461,508594588,0.04519488,-0.08803281,-1.6275578
1751443536478,508611255,-0.23990652,0.591162,-1.0277615
1751443536478,508611255,-0.23990652,0.591162,-1.0277615
1751443536494,508627922,-0.57476103,1.2664392,-0.74782467
1751443536494,508627922,-0.57476103,1.2664392,-0.74782467
1751443536511,508644589,-0.7267996,1.4169892,-0.7518301
1751443536511,508644589,-0.7267996,1.4169892,-0.7518301
1751443536528,508661256,-0.66469574,1.4952341,-0.53211117
1751443536528,508661256,-0.66469574,1.4952341,-0.53211117
1751443536544,508677923,-0.2805947,1.4367154,-0.40073967
1751443536544,508677923,-0.2805947,1.4367154,-0.40073967
1751443536561,508694590,-0.43548557,1.2669892,-0.21177387
1751443536561,508694590,-0.43548557,1.2669892,-0.21177387
1751443536578,508711257,-0.20850533,0.7935586,-0.4952402
1751443536578,508711257,-0.20850533,0.7935586,-0.4952402
1751443536594,508727924,-0.10572363,0.33219746,-1.0059166
1751443536594,508727924,-0.10572363,0.33219746,-1.0059166
1751443536611,508744591,-0.5563178,-0.015689045,-1.8247943
1751443536611,508744591,-0.5563178,-0.015689045,-1.8247943
1751443536628,508761258,-0.8574697,-0.43409503,-2.2886357
1751443536628,508761258,-0.8574697,-0.43409503,-2.2886357
1751443536644,508777925,-0.9422859,-0.83209115,-2.4696884
1751443536644,508777925,-0.9422859,-0.83209115,-2.4696884
1751443536661,508794592,-0.70761085,-1.0606384,-2.2407475
1751443536661,508794592,-0.70761085,-1.0606384,-2.2407475
1751443536678,508811259,-0.5285265,-1.1715827,-1.9356995
1751443536678,508811259,-0.5285265,-1.1715827,-1.9356995
1751443536694,508827926,-0.18280031,-1.0566617,-1.3706522
1751443536694,508827926,-0.18280031,-1.0566617,-1.3706522
1751443536711,508844593,-0.45630938,-0.9788361,-1.3286123
1751443536711,508844593,-0.45630938,-0.9788361,-1.3286123
1751443536728,508861260,-0.483599,-1.013355,-1.4288769
1751443536728,508861260,-0.483599,-1.013355,-1.4288769
1751443536744,508877927,-0.75611,-0.8036402,-1.1673536
1751443536744,508877927,-0.75611,-0.8036402,-1.1673536
1751443536761,508894594,-0.93325204,-0.5064757,-0.60498714
1751443536761,508894594,-0.93325204,-0.5064757,-0.60498714
1751443536778,508911261,-0.9325478,-0.45188463,-0.20380592
1751443536778,508911261,-0.9325478,-0.45188463,-0.20380592
1751443536794,508927928,-1.01466,-0.307451,0.1216526
1751443536794,508927928,-1.01466,-0.307451,0.1216526
1751443536811,508944595,-1.0905201,-0.19453874,0.10380459
1751443536811,508944595,-1.0905201,-0.19453874,0.10380459
1751443536828,508961262,-0.9977389,-0.03231282,0.032212257
1751443536828,508961262,-0.9977389,-0.03231282,0.032212257
1751443536844,508977929,-1.0847502,0.042190306,0.04876709
1751443536844,508977929,-1.0847502,0.042190306,0.04876709
1751443536861,508994596,-1.2558947,-0.12724191,-0.16021919
1751443536861,508994596,-1.2558947,-0.12724191,-0.16021919
1751443536878,509011263,-1.5398979,-0.48456693,-0.5801687
1751443536878,509011263,-1.5398979,-0.48456693,-0.5801687
1751443536894,509027930,-1.6200008,-0.82756186,-1.217555
1751443536894,509027930,-1.6200008,-0.82756186,-1.217555
1751443536911,509044597,-1.5758853,-0.8994163,-1.5912094
1751443536911,509044597,-1.5758853,-0.8994163,-1.5912094
1751443536928,509061264,-1.6355025,-0.77952737,-1.7548265
1751443536928,509061264,-1.6355025,-0.77952737,-1.7548265
1751443536944,509077931,-1.5829172,-0.72831404,-1.6380997
1751443536944,509077931,-1.5829172,-0.72831404,-1.6380997
1751443536961,509094598,-1.4790916,-0.6407392,-1.1554241
1751443536961,509094598,-1.4790916,-0.6407392,-1.1554241
1751443536978,509111265,-1.2595469,-0.47782665,-0.35644913
1751443536978,509111265,-1.2595469,-0.47782665,-0.35644913
1751443536994,509127932,-1.0151976,-0.27581677,0.37469387
1751443536994,509127932,-1.0151976,-0.27581677,0.37469387
1751443537011,509144599,-0.7468948,-0.061863467,0.673831
1751443537011,509144599,-0.7468948,-0.061863467,0.673831
1751443537028,509161266,-0.6775686,-0.11168965,0.6046829
1751443537028,509161266,-0.6775686,-0.11168965,0.6046829
1751443537044,509177933,-0.721939,-0.42249537,0.31744766
1751443537044,509177933,-0.721939,-0.42249537,0.31744766
1751443537061,509194600,-0.6519476,-0.6197131,0.05819416
1751443537061,509194600,-0.6519476,-0.6197131,0.05819416
1751443537078,509211267,-0.45635453,-0.47683963,-0.11337662
1751443537078,509211267,-0.45635453,-0.47683963,-0.11337662
1751443537094,509227934,-0.37401772,-0.3037112,-0.21954536
1751443537094,509227934,-0.37401772,-0.3037112,-0.21954536
1751443537111,509244601,-0.34070638,-0.26397237,-0.21406078
1751443537111,509244601,-0.34070638,-0.26397237,-0.21406078
1751443537128,509261268,-0.35330522,-0.24245635,-0.23383522
1751443537128,509261268,-0.35330522,-0.24245635,-0.23383522
1751443537144,509277935,-0.38026282,-0.33945024,-0.20972824
1751443537144,509277935,-0.38026282,-0.33945024,-0.20972824
1751443537161,509294602,-0.39732033,-0.3959599,-0.16703033
1751443537161,509294602,-0.39732033,-0.3959599,-0.16703033
1751443537178,509311269,-0.3951841,-0.36600313,-0.1707325
1751443537178,509311269,-0.3951841,-0.36600313,-0.1707325
1751443537194,509327936,-0.44332594,-0.32023886,-0.11999893
1751443537194,509327936,-0.44332594,-0.32023886,-0.11999893
1751443537211,509344603,-0.3605719,-0.31894448,-0.12532425
1751443537211,509344603,-0.3605719,-0.31894448,-0.12532425
1751443537228,509361270,-0.29805586,-0.19945402,-0.047530174
1751443537228,509361270,-0.29805586,-0.19945402,-0.047530174
1751443537244,509377937,-0.2274287,-0.119378045,0.15738773
1751443537244,509377937,-0.2274287,-0.119378045,0.15738773
1751443537261,509394604,-0.15013346,-0.036641598,0.256464
1751443537261,509394604,-0.15013346,-0.036641598,0.256464
1751443537278,509411271,-0.12720267,-0.052475926,0.09425545
1751443537278,509411271,-0.12720267,-0.052475926,0.09425545
1751443537294,509427938,-0.11847626,-0.18042189,-0.06355572
1751443537294,509427938,-0.11847626,-0.18042189,-0.06355572
1751443537311,509444605,-0.10981965,-0.14756548,-0.0147743225
1751443537311,509444605,-0.10981965,-0.14756548,-0.0147743225
1751443537328,509461272,-0.0027628716,0.014168039,0.18881798
1751443537328,509461272,-0.0027628716,0.014168039,0.18881798
1751443537344,509477939,0.0714726,0.16860946,0.28095436
1751443537344,509477939,0.0714726,0.16860946,0.28095436
1751443537361,509494606,0.013103754,0.12776604,0.056725502
1751443537361,509494606,0.013103754,0.12776604,0.056725502
1751443537378,509511273,-0.015958294,-0.03698156,-0.25250626
1751443537378,509511273,-0.015958294,-0.03698156,-0.25250626
1751443537394,509527940,-0.0109846005,-0.1445751,-0.3932476
1751443537394,509527940,-0.0109846005,-0.1445751,-0.3932476
1751443537411,509544607,0.149589,-0.1625632,-0.3241024
1751443537411,509544607,0.149589,-0.1625632,-0.3241024
1751443537428,509561274,0.26924455,-0.20246609,-0.20259285
1751443537428,509561274,0.26924455,-0.20246609,-0.20259285
1751443537444,509577941,0.3179669,-0.29251185,-0.19683552
1751443537444,509577941,0.3179669,-0.29251185,-0.19683552
1751443537461,509594608,0.29138014,-0.3783236,-0.19012928
1751443537461,509594608,0.29138014,-0.3783236,-0.19012928
1751443537478,509611275,0.28994173,-0.3696493,-0.13951015
1751443537478,509611275,0.28994173,-0.3696493,-0.13951015
1751443537494,509627942,0.2927111,-0.28942,0.011249542
1751443537494,509627942,0.2927111,-0.28942,0.011249542
1751443537511,509644609,0.3835753,-0.12800677,0.14218998
1751443537511,509644609,0.3835753,-0.12800677,0.14218998
1751443537528,509661276,0.4503439,0.040931482,0.24755478
1751443537528,509661276,0.4503439,0.040931482,0.24755478
1751443537544,509677943,0.45620912,0.095538154,0.2297678
1751443537544,509677943,0.45620912,0.095538154,0.2297678
1751443537561,509694610,0.44972917,0.02168858,0.035723686
1751443537561,509694610,0.44972917,0.02168858,0.035723686
1751443537578,509711277,0.3936135,-0.08147897,-0.103655815
1751443537578,509711277,0.3936135,-0.08147897,-0.103655815
1751443537594,509727944,0.35488245,-0.17965546,-0.21447468
1751443537594,509727944,0.35488245,-0.17965546,-0.21447468
1751443537611,509744611,0.36872488,-0.21789965,-0.12706947
1751443537611,509744611,0.36872488,-0.21789965,-0.12706947
1751443537628,509761278,0.47038168,-0.17868006,-0.2082777
1751443537628,509761278,0.47038168,-0.17868006,-0.2082777
1751443537644,509777945,0.41920778,-0.25302026,-0.3567934
1751443537644,509777945,0.41920778,-0.25302026,-0.3567934
1751443537661,509794612,0.34348023,-0.24106833,-0.42447948
1751443537661,509794612,0.34348023,-0.24106833,-0.42447948
1751443537678,509811279,0.29112557,-0.24692325,-0.34748936
1751443537678,509811279,0.29112557,-0.24692325,-0.34748936
1751443537694,509827946,0.2647989,-0.20417863,-0.19925117
1751443537694,509827946,0.2647989,-0.20417863,-0.19925117
1751443537711,509844613,0.31262803,-0.18964985,-0.09479427
1751443537711,509844613,0.31262803,-0.18964985,-0.09479427
1751443537728,509861280,0.280451,-0.18339372,-0.12947083
1751443537728,509861280,0.280451,-0.18339372,-0.12947083
1751443537744,509877947,0.29767138,-0.2402914,-0.17265224
1751443537744,509877947,0.29767138,-0.2402914,-0.17265224
1751443537761,509894614,0.30453172,-0.21684042,-0.09719658
1751443537761,509894614,0.30453172,-0.21684042,-0.09719658
1751443537778,509911281,0.32138234,-0.16770042,0.02248478
1751443537778,509911281,0.32138234,-0.16770042,0.02248478
1751443537794,509927948,0.3471497,-0.11189371,0.05657482
1751443537794,509927948,0.3471497,-0.11189371,0.05657482
1751443537811,509944615,0.27721238,-0.040633984,0.017644882
1751443537811,509944615,0.27721238,-0.040633984,0.017644882
1751443537828,509961282,0.21261333,-0.091276206,0.04861164
1751443537828,509961282,0.21261333,-0.091276206,0.04861164
1751443537844,509977949,0.15953812,-0.19870302,0.11028004
1751443537844,509977949,0.15953812,-0.19870302,0.11028004
1751443537861,509994616,0.13360493,-0.13486414,0.1577053
1751443537861,509994616,0.13360493,-0.13486414,0.1577053
1751443537878,510011283,0.090513915,-0.05020794,0.18305588
1751443537878,510011283,0.090513915,-0.05020794,0.18305588
1751443537894,510027950,0.00062205055,0.04016662,0.13568592
1751443537894,510027950,0.00062205055,0.04016662,0.13568592
1751443537911,510044617,-0.13049519,0.05375442,0.055455208
1751443537911,510044617,-0.13049519,0.05375442,0.055455208
1751443537928,510061284,-0.17722325,0.023434663,0.068326
1751443537928,510061284,-0.17722325,0.023434663,0.068326
1751443537944,510077951,-0.21986005,0.016176527,0.15964794
1751443537944,510077951,-0.21986005,0.016176527,0.15964794
1751443537961,510094618,-0.21421109,-0.011620215,0.27105904
1751443537961,510094618,-0.21421109,-0.011620215,0.27105904
1751443537978,510111285,-0.25710678,-0.008965105,0.31470776
1751443537978,510111285,-0.25710678,-0.008965105,0.31470776
1751443537994,510127952,-0.26559013,0.001147739,0.2665739
1751443537994,510127952,-0.26559013,0.001147739,0.2665739
1751443538011,510144619,-0.5004532,-0.0118953595,0.14680195
1751443538011,510144619,-0.5004532,-0.0118953595,0.14680195
1751443538028,510161286,-0.71170187,0.009053169,0.02070427
1751443538028,510161286,-0.71170187,0.009053169,0.02070427
1751443538044,510177953,-0.8679355,0.10548761,-0.09710312
1751443538044,510177953,-0.8679355,0.10548761,-0.09710312
1751443538061,510194620,-0.8180326,0.17235889,-0.09203529
1751443538061,510194620,-0.8180326,0.17235889,-0.09203529
1751443538078,510211287,-0.7896776,0.23480237,0.050793648
1751443538078,510211287,-0.7896776,0.23480237,0.050793648
1751443538094,510227954,-0.88509667,0.22101766,0.16579819
1751443538094,510227954,-0.88509667,0.22101766,0.16579819
1751443538111,510244621,-0.9520379,0.1492367,0.18437481
1751443538111,510244621,-0.9520379,0.1492367,0.18437481
1751443538128,510261288,-1.0546548,0.11918069,0.073506355
1751443538128,510261288,-1.0546548,0.11918069,0.073506355
1751443538144,510277955,-1.0766023,0.09978133,-0.16189861
1751443538144,510277955,-1.0766023,0.09978133,-0.16189861
1751443538161,510294622,-1.1102284,0.009310432,-0.24091625
1751443538161,510294622,-1.1102284,0.009310432,-0.24091625
1751443538178,510311289,-1.1468565,-0.014442736,-0.27912617
1751443538178,510311289,-1.1468565,-0.014442736,-0.27912617
1751443538194,510327956,-1.0127809,0.021225238,-0.33258343
1751443538194,510327956,-1.0127809,0.021225238,-0.33258343
1751443538211,510344623,-1.01002,0.11543528,-0.34552574
1751443538211,510344623,-1.01002,0.11543528,-0.34552574
1751443538228,510361290,-0.9524836,0.17147757,-0.41453743
1751443538228,510361290,-0.9524836,0.17147757,-0.41453743
1751443538244,510377957,-0.9724073,0.2036384,-0.4225893
1751443538244,510377957,-0.9724073,0.2036384,-0.4225893
1751443538261,510394624,-0.7974703,0.15878204,-0.3188839
