timestamp_ms,timestamp_μs,freeAcceleration_m/s²_x,freeAcceleration_m/s²_y,freeAcceleration_m/s²_z
1751443655227,627358633,-0.043756407,0.1551338,0.22702694
1751443655227,627358633,-0.043756407,0.1551338,0.22702694
1751443655244,627375300,-0.062056024,0.11734464,0.23564816
1751443655244,627375300,-0.062056024,0.11734464,0.23564816
1751443655260,627391967,-0.010248544,0.08162995,0.21203041
1751443655260,627391967,-0.010248544,0.08162995,0.21203041
1751443655277,627408634,0.11182384,0.053893108,0.14533424
1751443655277,627408634,0.11182384,0.053893108,0.14533424
1751443655294,627425301,0.25443643,-0.30604583,-0.21468544
1751443655294,627425301,0.25443643,-0.30604583,-0.21468544
1751443655310,627441968,0.08273258,-0.17198193,-0.08288288
1751443655310,627441968,0.08273258,-0.17198193,-0.08288288
1751443655327,627458635,-0.25110087,-0.16734242,0.5876951
1751443655327,627458635,-0.25110087,-0.16734242,0.5876951
1751443655344,627475302,0.13385414,-0.95457715,0.16169548
1751443655344,627475302,0.13385414,-0.95457715,0.16169548
1751443655360,627491969,0.23790358,-0.597829,0.3360157
1751443655360,627491969,0.23790358,-0.597829,0.3360157
1751443655377,627508636,0.231676,-0.5983377,0.41087627
1751443655377,627508636,0.231676,-0.5983377,0.41087627
1751443655394,627525303,0.09431994,-0.5346902,0.2582512
1751443655394,627525303,0.09431994,-0.5346902,0.2582512
1751443655410,627541970,-0.11470396,-0.43010095,0.028437614
1751443655410,627541970,-0.11470396,-0.43010095,0.028437614
1751443655427,627558637,-0.23993568,-0.25293148,0.030406952
1751443655427,627558637,-0.23993568,-0.25293148,0.030406952
1751443655444,627575304,-0.08851881,-0.1594794,0.022039413
1751443655444,627575304,-0.08851881,-0.1594794,0.022039413
1751443655460,627591971,0.0019101975,-0.18805179,-0.0009813309
1751443655460,627591971,0.0019101975,-0.18805179,-0.0009813309
1751443655477,627608638,-0.07147359,-0.15650137,-0.08850956
1751443655477,627608638,-0.07147359,-0.15650137,-0.08850956
1751443655494,627625305,-0.12944542,-0.43472654,-0.069208145
1751443655494,627625305,-0.12944542,-0.43472654,-0.069208145
1751443655510,627641972,-0.0026690066,-0.5784764,0.020694733
1751443655510,627641972,-0.0026690066,-0.5784764,0.020694733
1751443655527,627658639,0.20584583,-0.6536955,0.3472519
1751443655527,627658639,0.20584583,-0.6536955,0.3472519
1751443655544,627675306,0.13761348,-1.043377,0.17849731
1751443655544,627675306,0.13761348,-1.043377,0.17849731
1751443655560,627691973,-0.4060385,-0.60600084,0.02500248
1751443655560,627691973,-0.4060385,-0.60600084,0.02500248
1751443655577,627708640,-1.71348,1.0474848,0.84238625
1751443655577,627708640,-1.71348,1.0474848,0.84238625
1751443655594,627725307,-1.9296975,0.4220176,0.6619797
1751443655594,627725307,-1.9296975,0.4220176,0.6619797
1751443655610,627741974,-0.9598595,0.18376252,-0.51885414
1751443655610,627741974,-0.9598595,0.18376252,-0.51885414
1751443655627,627758641,-0.023415217,0.3140692,-0.6436701
1751443655627,627758641,-0.023415217,0.3140692,-0.6436701
1751443655644,627775308,0.28220916,0.34688756,-0.1479187
1751443655644,627775308,0.28220916,0.34688756,-0.1479187
1751443655660,627791975,0.11923769,-0.038887706,-0.28106117
1751443655660,627791975,0.11923769,-0.038887706,-0.28106117
1751443655677,627808642,-0.584532,-0.0518938,-0.39605808
1751443655677,627808642,-0.584532,-0.0518938,-0.39605808
1751443655694,627825309,-1.3686266,0.11818035,-0.08473396
1751443655694,627825309,-1.3686266,0.11818035,-0.08473396
1751443655710,627841976,-1.0091137,0.09383828,0.33251095
1751443655710,627841976,-1.0091137,0.09383828,0.33251095
1751443655727,627858643,0.18976006,-0.047789555,0.6352949
1751443655727,627858643,0.18976006,-0.047789555,0.6352949
1751443655744,627875310,0.25036624,0.043336146,0.7750139
1751443655744,627875310,0.25036624,0.043336146,0.7750139
1751443655760,627891977,-0.056575656,0.19995348,-0.20622349
1751443655760,627891977,-0.056575656,0.19995348,-0.20622349
1751443655777,627908644,-0.45092565,0.41526204,-0.4121151
1751443655777,627908644,-0.45092565,0.41526204,-0.4121151
1751443655794,627925311,-0.44032088,0.54232985,-0.44303513
1751443655794,627925311,-0.44032088,0.54232985,-0.44303513
1751443655810,627941978,0.020605044,0.28975636,-1.140111
1751443655810,627941978,0.020605044,0.28975636,-1.140111
1751443655827,627958645,-0.04738215,0.26018232,-1.6810646
1751443655827,627958645,-0.04738215,0.26018232,-1.6810646
1751443655844,627975312,0.1557091,0.53754956,-1.6762896
1751443655844,627975312,0.1557091,0.53754956,-1.6762896
1751443655860,627991979,0.694281,0.8372067,-0.8282852
1751443655860,627991979,0.694281,0.8372067,-0.8282852
1751443655877,628008646,1.4043206,1.0971051,0.3132887
1751443655877,628008646,1.4043206,1.0971051,0.3132887
1751443655894,628025313,1.7947726,1.2726954,0.73649216
1751443655894,628025313,1.7947726,1.2726954,0.73649216
1751443655910,628041980,1.1524683,1.8354504,1.6044722
1751443655910,628041980,1.1524683,1.8354504,1.6044722
1751443655927,628058647,0.71550876,0.19306822,0.90374947
1751443655927,628058647,0.71550876,0.19306822,0.90374947
1751443655944,628075314,-0.41730672,0.5525336,-0.47220802
1751443655944,628075314,-0.41730672,0.5525336,-0.47220802
1751443655960,628091981,-0.08440998,0.07500332,-1.1541729
1751443655960,628091981,-0.08440998,0.07500332,-1.1541729
1751443655977,628108648,0.67847055,-0.027835969,-1.1213417
1751443655977,628108648,0.67847055,-0.027835969,-1.1213417
1751443655994,628125315,1.1709086,0.04396835,-0.9843521
1751443655994,628125315,1.1709086,0.04396835,-0.9843521
1751443656010,628141982,1.0976181,0.0599198,-1.0015478
1751443656010,628141982,1.0976181,0.0599198,-1.0015478
1751443656027,628158649,0.9109462,-0.43473443,-0.9364853
1751443656027,628158649,0.9109462,-0.43473443,-0.9364853
1751443656044,628175316,0.66168976,-0.82028866,-0.6950016
1751443656044,628175316,0.66168976,-0.82028866,-0.6950016
1751443656060,628191983,0.8701796,-0.9131298,-0.5051899
1751443656060,628191983,0.8701796,-0.9131298,-0.5051899
1751443656077,628208650,1.0797954,-1.2216635,0.07246399
1751443656077,628208650,1.0797954,-1.2216635,0.07246399
1751443656094,628225317,1.0678589,-1.5697639,0.23634338
1751443656094,628225317,1.0678589,-1.5697639,0.23634338
1751443656110,628241984,0.5328564,-1.1466254,-0.16788864
1751443656110,628241984,0.5328564,-1.1466254,-0.16788864
1751443656127,628258651,0.15898392,-0.5676401,-0.39726067
1751443656127,628258651,0.15898392,-0.5676401,-0.39726067
1751443656144,628275318,0.33497152,-0.25158238,-0.5374193
1751443656144,628275318,0.33497152,-0.25158238,-0.5374193
1751443656160,628291985,0.7270689,0.11641578,-0.5857296
1751443656160,628291985,0.7270689,0.11641578,-0.5857296
1751443656177,628308652,0.67578477,0.088824384,-0.7983799
1751443656177,628308652,0.67578477,0.088824384,-0.7983799
1751443656194,628325319,0.57365286,-0.19871196,-0.7664976
1751443656194,628325319,0.57365286,-0.19871196,-0.7664976
1751443656210,628341986,0.30294436,-0.5373666,-0.5001354
1751443656210,628341986,0.30294436,-0.5373666,-0.5001354
1751443656227,628358653,-0.5709116,-0.7014287,-0.3564825
1751443656227,628358653,-0.5709116,-0.7014287,-0.3564825
1751443656244,628375320,-0.6559946,-0.43688333,-0.1635828
1751443656244,628375320,-0.6559946,-0.43688333,-0.1635828
1751443656260,628391987,-0.28393772,0.07555856,-0.18484974
1751443656260,628391987,-0.28393772,0.07555856,-0.18484974
1751443656277,628408654,0.22852004,0.16511539,0.16919518
1751443656277,628408654,0.22852004,0.16511539,0.16919518
1751443656294,628425321,0.15361528,0.7930954,0.45759106
1751443656294,628425321,0.15361528,0.7930954,0.45759106
1751443656310,628441988,0.06449673,0.9287435,-0.22914219
1751443656310,628441988,0.06449673,0.9287435,-0.22914219
1751443656327,628458655,0.0139986165,0.7602032,0.04646492
1751443656327,628458655,0.0139986165,0.7602032,0.04646492
1751443656344,628475322,0.05558798,0.42667404,0.3011608
1751443656344,628475322,0.05558798,0.42667404,0.3011608
1751443656360,628491989,0.00654865,0.3794047,0.10234833
1751443656360,628491989,0.00654865,0.3794047,0.10234833
1751443656377,628508656,0.18919955,0.32814014,0.18231392
1751443656377,628508656,0.18919955,0.32814014,0.18231392
1751443656394,628525323,0.7029859,0.289739,0.10589695
1751443656394,628525323,0.7029859,0.289739,0.10589695
1751443656410,628541990,0.98585844,0.18411109,-0.03721428
1751443656410,628541990,0.98585844,0.18411109,-0.03721428
1751443656427,628558657,0.60934234,0.17882824,-0.002445221
1751443656427,628558657,0.60934234,0.17882824,-0.002445221
1751443656444,628575324,0.55389047,-0.34567955,-0.23676968
1751443656444,628575324,0.55389047,-0.34567955,-0.23676968
1751443656460,628591991,0.31601387,-0.7278597,-0.24577141
1751443656460,628591991,0.31601387,-0.7278597,-0.24577141
1751443656477,628608658,0.59516513,-0.5870522,0.21474361
1751443656477,628608658,0.59516513,-0.5870522,0.21474361
1751443656494,628625325,0.7823612,-0.30606714,0.27568626
1751443656494,628625325,0.7823612,-0.30606714,0.27568626
1751443656510,628641992,0.69714487,-0.02318243,-0.03759861
1751443656510,628641992,0.69714487,-0.02318243,-0.03759861
1751443656527,628658659,0.8246056,0.07502492,0.1848011
1751443656527,628658659,0.8246056,0.07502492,0.1848011
1751443656544,628675326,0.85880667,0.37969387,0.53102016
1751443656544,628675326,0.85880667,0.37969387,0.53102016
1751443656560,628691993,0.7681645,0.27966544,0.4656601
1751443656560,628691993,0.7681645,0.27966544,0.4656601
1751443656577,628708660,0.51577157,0.12771888,0.19573593
1751443656577,628708660,0.51577157,0.12771888,0.19573593
1751443656594,628725327,0.44679812,0.00027492092,0.11032581
1751443656594,628725327,0.44679812,0.00027492092,0.11032581
1751443656610,628741994,0.56575656,-0.13895823,0.13543892
1751443656610,628741994,0.56575656,-0.13895823,0.13543892
1751443656627,628758661,0.47112504,-0.23660254,0.33326244
1751443656627,628758661,0.47112504,-0.23660254,0.33326244
1751443656644,628775328,0.441846,-0.35144854,0.65711594
1751443656644,628775328,0.441846,-0.35144854,0.65711594
1751443656660,628791995,0.12947075,-0.32339507,0.6693258
1751443656660,628791995,0.12947075,-0.32339507,0.6693258
1751443656677,628808662,-0.06787362,-0.23105842,0.5544939
1751443656677,628808662,-0.06787362,-0.23105842,0.5544939
1751443656694,628825329,-0.11835819,-0.12173186,0.42594242
1751443656694,628825329,-0.11835819,-0.12173186,0.42594242
1751443656710,628841996,-0.11284795,-0.05582616,0.37698936
1751443656710,628841996,-0.11284795,-0.05582616,0.37698936
1751443656727,628858663,-0.13056141,-0.06160833,0.3289442
1751443656727,628858663,-0.13056141,-0.06160833,0.3289442
1751443656744,628875330,-0.10030876,-0.061580278,0.5301657
1751443656744,628875330,-0.10030876,-0.061580278,0.5301657
1751443656760,628891997,0.125585,-0.011707162,0.8498068
1751443656760,628891997,0.125585,-0.011707162,0.8498068
1751443656777,628908664,0.36510384,-0.033128418,1.3629713
1751443656777,628908664,0.36510384,-0.033128418,1.3629713
1751443656794,628925331,0.48365355,0.013267394,1.5509329
1751443656794,628925331,0.48365355,0.013267394,1.5509329
1751443656810,628941998,0.55084884,0.11087807,1.1370506
1751443656810,628941998,0.55084884,0.11087807,1.1370506
1751443656827,628958665,0.5233531,0.1254738,0.699873
1751443656827,628958665,0.5233531,0.1254738,0.699873
1751443656844,628975332,0.48817113,-0.14594848,0.88744545
1751443656844,628975332,0.48817113,-0.14594848,0.88744545
1751443656860,628991999,0.6781261,-0.38565427,1.3570137
1751443656860,628991999,0.6781261,-0.38565427,1.3570137
1751443656877,629008666,0.9721669,-0.625088,1.7171144
1751443656877,629008666,0.9721669,-0.625088,1.7171144
1751443656894,629025333,1.0434508,-0.82636595,1.5414972
1751443656894,629025333,1.0434508,-0.82636595,1.5414972
1751443656910,629042000,0.92110175,-0.9641433,1.1525831
1751443656910,629042000,0.92110175,-0.9641433,1.1525831
1751443656927,629058667,0.86735433,-1.0229005,0.9099159
1751443656927,629058667,0.86735433,-1.0229005,0.9099159
1751443656944,629075334,0.58511984,-0.83374417,0.5869894
1751443656944,629075334,0.58511984,-0.83374417,0.5869894
1751443656960,629092001,0.8142786,-1.0374694,0.29077148
1751443656960,629092001,0.8142786,-1.0374694,0.29077148
1751443656977,629108668,0.66839087,-0.54405487,0.5792961
1751443656977,629108668,0.66839087,-0.54405487,0.5792961
1751443656994,629125335,-0.010315095,-0.24541773,-0.037290573
1751443656994,629125335,-0.010315095,-0.24541773,-0.037290573
1751443657010,629142002,0.014099393,-0.108195305,-0.48812008
1751443657010,629142002,0.014099393,-0.108195305,-0.48812008
1751443657027,629158669,-0.007006405,-0.13693242,-0.5358734
1751443657027,629158669,-0.007006405,-0.13693242,-0.5358734
1751443657044,629175336,0.14347546,-0.18993858,-0.6669512
1751443657044,629175336,0.14347546,-0.18993858,-0.6669512
1751443657060,629192003,0.031216014,-0.046440404,-0.83178043
1751443657060,629192003,0.031216014,-0.046440404,-0.83178043
1751443657077,629208670,-0.0299751,-0.16956955,-0.82786846
1751443657077,629208670,-0.0299751,-0.16956955,-0.82786846
1751443657094,629225337,-0.10724741,-0.36953184,-0.72562885
1751443657094,629225337,-0.10724741,-0.36953184,-0.72562885
1751443657110,629242004,-0.121922575,-0.42372385,-0.8673029
1751443657110,629242004,-0.121922575,-0.42372385,-0.8673029
1751443657127,629258671,-0.153961,-0.41424266,-0.87201595
1751443657127,629258671,-0.153961,-0.41424266,-0.87201595
1751443657144,629275338,-0.030724678,-0.36069265,-0.79349613
1751443657144,629275338,-0.030724678,-0.36069265,-0.79349613
1751443657160,629292005,0.12158635,-0.35382792,-0.6636362
1751443657160,629292005,0.12158635,-0.35382792,-0.6636362
1751443657177,629308672,0.24707767,-0.41933054,-0.5081663
1751443657177,629308672,0.24707767,-0.41933054,-0.5081663
1751443657194,629325339,0.29257604,-0.44288993,-0.3925619
1751443657194,629325339,0.29257604,-0.44288993,-0.3925619
1751443657210,629342006,0.2568434,-0.38615295,-0.25984478
1751443657210,629342006,0.2568434,-0.38615295,-0.25984478
1751443657227,629358673,0.29562268,-0.34511653,-0.2266941
1751443657227,629358673,0.29562268,-0.34511653,-0.2266941
1751443657244,629375340,0.24039276,-0.26888353,-0.18998718
1751443657244,629375340,0.24039276,-0.26888353,-0.18998718
1751443657260,629392007,0.15896143,-0.25061,-0.111026764
1751443657260,629392007,0.15896143,-0.25061,-0.111026764
1751443657277,629408674,0.047098875,-0.29794678,-0.0446167
1751443657277,629408674,0.047098875,-0.29794678,-0.0446167
1751443657294,629425341,-0.08350282,-0.26403803,-0.005928993
1751443657294,629425341,-0.08350282,-0.26403803,-0.005928993
1751443657310,629442008,-0.118392326,-0.30457368,0.032354355
1751443657310,629442008,-0.118392326,-0.30457368,0.032354355
1751443657327,629458675,-0.00368327,-0.14397442,-0.043102264
1751443657327,629458675,-0.00368327,-0.14397442,-0.043102264
1751443657344,629475342,0.030879851,0.045332674,-0.07209396
1751443657344,629475342,0.030879851,0.045332674,-0.07209396
1751443657360,629492009,0.11834757,0.23004982,-0.17508698
1751443657360,629492009,0.11834757,0.23004982,-0.17508698
1751443657377,629508676,0.26966256,0.311997,-0.46860313
1751443657377,629508676,0.26966256,0.311997,-0.46860313
1751443657394,629525343,0.30725563,0.0031734928,-0.72016907
1751443657394,629525343,0.30725563,0.0031734928,-0.72016907
1751443657410,629542010,0.30241966,-0.3870272,-0.9040642
1751443657410,629542010,0.30241966,-0.3870272,-0.9040642
1751443657427,629558677,0.4174955,-0.64765286,-0.9503403
1751443657427,629558677,0.4174955,-0.64765286,-0.9503403
1751443657444,629575344,0.45329523,-0.7867392,-0.8436575
1751443657444,629575344,0.45329523,-0.7867392,-0.8436575
1751443657460,629592011,0.67457217,-0.6787718,-0.6672573
1751443657460,629592011,0.67457217,-0.6787718,-0.6672573
1751443657477,629608678,0.76619995,-0.38825428,-0.45960712
1751443657477,629608678,0.76619995,-0.38825428,-0.45960712
1751443657494,629625345,0.7952286,-0.20555626,-0.4309969
1751443657494,629625345,0.7952286,-0.20555626,-0.4309969
1751443657510,629642012,0.8020002,-0.0263253,-0.43161392
1751443657510,629642012,0.8020002,-0.0263253,-0.43161392
1751443657527,629658679,0.80311775,-0.023282003,-0.47838116
1751443657527,629658679,0.80311775,-0.023282003,-0.47838116
1751443657544,629675346,0.759956,-0.07685421,-0.5587702
1751443657544,629675346,0.759956,-0.07685421,-0.5587702
1751443657560,629692013,0.6800441,-0.18623775,-0.6773186
1751443657560,629692013,0.6800441,-0.18623775,-0.6773186
1751443657577,629708680,0.7106882,-0.22184354,-0.7603712
1751443657577,629708680,0.7106882,-0.22184354,-0.7603712
1751443657594,629725347,0.7708496,-0.1454249,-0.703495
1751443657594,629725347,0.7708496,-0.1454249,-0.703495
1751443657610,629742014,0.70441675,-0.06926326,-0.56336975
1751443657610,629742014,0.70441675,-0.06926326,-0.56336975
1751443657627,629758681,0.5974222,-0.0249669,-0.41896725
1751443657627,629758681,0.5974222,-0.0249669,-0.41896725
1751443657644,629775348,0.49293777,0.019252121,-0.36148167
1751443657644,629775348,0.49293777,0.019252121,-0.36148167
1751443657660,629792015,0.34643745,0.06313917,-0.35956383
1751443657660,629792015,0.34643745,0.06313917,-0.35956383
1751443657677,629808682,0.22194965,0.056925062,-0.3975706
1751443657677,629808682,0.22194965,0.056925062,-0.3975706
1751443657694,629825349,0.1751418,0.044447508,-0.35196304
1751443657694,629825349,0.1751418,0.044447508,-0.35196304
1751443657710,629842016,0.09923942,0.03096135,-0.33084488
1751443657710,629842016,0.09923942,0.03096135,-0.33084488
1751443657727,629858683,0.086935334,0.01999927,-0.34438515
1751443657727,629858683,0.086935334,0.01999927,-0.34438515
1751443657744,629875350,0.09520777,0.018030567,-0.3748436
1751443657744,629875350,0.09520777,0.018030567,-0.3748436
1751443657760,629892017,0.034562673,-0.01096929,-0.31756115
1751443657760,629892017,0.034562673,-0.01096929,-0.31756115
1751443657777,629908684,-0.10416737,0.022053968,-0.21848392
1751443657777,629908684,-0.10416737,0.022053968,-0.21848392
1751443657794,629925351,-0.2096713,0.015997494,-0.18330288
1751443657794,629925351,-0.2096713,0.015997494,-0.18330288
1751443657810,629942018,-0.2096927,0.012693636,-0.26861095
1751443657810,629942018,-0.2096927,0.012693636,-0.26861095
1751443657827,629958685,-0.16539961,-0.07858827,-0.36895657
1751443657827,629958685,-0.16539961,-0.07858827,-0.36895657
1751443657844,629975352,-0.061929993,-0.09488069,-0.355196
1751443657844,629975352,-0.061929993,-0.09488069,-0.355196
1751443657860,629992019,0.00094582303,0.028987842,-0.3146
1751443657860,629992019,0.00094582303,0.028987842,-0.3146
1751443657877,630008686,-0.0119343065,0.10845134,-0.23859501
1751443657877,630008686,-0.0119343065,0.10845134,-0.23859501
1751443657894,630025353,-0.07220606,0.10912987,-0.23461533
1751443657894,630025353,-0.07220606,0.10912987,-0.23461533
1751443657910,630042020,-0.11898975,0.08833042,-0.32259655
1751443657910,630042020,-0.11898975,0.08833042,-0.32259655
1751443657927,630058687,-0.17449825,0.024972096,-0.4331789
1751443657927,630058687,-0.17449825,0.024972096,-0.4331789
1751443657944,630075354,-0.09718536,-0.116699636,-0.46498108
1751443657944,630075354,-0.09718536,-0.116699636,-0.46498108
1751443657960,630092021,0.018427022,-0.21510361,-0.44157124
1751443657960,630092021,0.018427022,-0.21510361,-0.44157124
1751443657977,630108688,0.112299696,-0.18717466,-0.37378216
1751443657977,630108688,0.112299696,-0.18717466,-0.37378216
1751443657994,630125355,0.11720882,-0.09785632,-0.40848446
1751443657994,630125355,0.11720882,-0.09785632,-0.40848446
1751443658010,630142022,0.112145394,-0.020240774,-0.4100361
1751443658010,630142022,0.112145394,-0.020240774,-0.4100361
1751443658027,630158689,0.12456947,0.027251203,-0.40702724
1751443658027,630158689,0.12456947,0.027251203,-0.40702724
1751443658044,630175356,0.115034856,0.016897859,-0.44880867
1751443658044,630175356,0.115034856,0.016897859,-0.44880867
1751443658060,630192023,0.15589358,-0.01942607,-0.48470974
1751443658060,630192023,0.15589358,-0.01942607,-0.48470974
1751443658077,630208690,0.12167,-0.1412018,-0.44178867
1751443658077,630208690,0.12167,-0.1412018,-0.44178867
1751443658094,630225357,0.19703798,-0.20702413,-0.40651035
1751443658094,630225357,0.19703798,-0.20702413,-0.40651035
1751443658110,630242024,0.20661683,-0.22221631,-0.37833023
1751443658110,630242024,0.20661683,-0.22221631,-0.37833023
1751443658127,630258691,0.21618706,-0.2241556,-0.40716267
1751443658127,630258691,0.21618706,-0.2241556,-0.40716267
1751443658144,630275358,0.20748232,-0.1587503,-0.47237682
1751443658144,630275358,0.20748232,-0.1587503,-0.47237682
1751443658160,630292025,0.16588777,-0.10220538,-0.4608631
1751443658160,630292025,0.16588777,-0.10220538,-0.4608631
1751443658177,630308692,0.13207959,-0.08480981,-0.3654604
1751443658177,630308692,0.13207959,-0.08480981,-0.3654604
1751443658194,630325359,0.057747256,-0.09256912,-0.33487988
1751443658194,630325359,0.057747256,-0.09256912,-0.33487988
1751443658210,630342026,0.021301148,-0.06938597,-0.44232178
1751443658210,630342026,0.021301148,-0.06938597,-0.44232178
1751443658227,630358693,-0.0070179156,-0.025560495,-0.46734715
1751443658227,630358693,-0.0070179156,-0.025560495,-0.46734715
1751443658244,630375360,-0.043473884,-0.059880573,-0.48219776
1751443658244,630375360,-0.043473884,-0.059880573,-0.48219776
1751443658260,630392027,-0.06749644,-0.1372944,-0.4446497
1751443658260,630392027,-0.06749644,-0.1372944,-0.4446497
1751443658277,630408694,-0.111827165,-0.18777111,-0.35136604
1751443658277,630408694,-0.111827165,-0.18777111,-0.35136604
1751443658294,630425361,-0.20349614,-0.28456134,-0.37211895
1751443658294,630425361,-0.20349614,-0.28456134,-0.37211895
1751443658310,630442028,-0.25863835,-0.33299062,-0.5208702
1751443658310,630442028,-0.25863835,-0.33299062,-0.5208702
1751443658327,630458695,-0.24830605,-0.30998626,-0.56361485
1751443658327,630458695,-0.24830605,-0.30998626,-0.56361485
1751443658344,630475362,-0.1458008,-0.3560022,-0.5819864
1751443658344,630475362,-0.1458008,-0.3560022,-0.5819864
1751443658360,630492029,0.013124262,-0.33874846,-0.5132456
1751443658360,630492029,0.013124262,-0.33874846,-0.5132456
1751443658377,630508696,0.06461081,-0.30979392,-0.57603836
1751443658377,630508696,0.06461081,-0.30979392,-0.57603836
1751443658394,630525363,0.18095751,-0.25551644,-0.49249077
1751443658394,630525363,0.18095751,-0.25551644,-0.49249077
1751443658410,630542030,0.23782419,-0.17710485,-0.48697853
1751443658410,630542030,0.23782419,-0.17710485,-0.48697853
1751443658427,630558697,0.29577824,-0.11908625,-0.17007542
1751443658427,630558697,0.29577824,-0.11908625,-0.17007542
1751443658444,630575364,0.3790141,-0.19827399,-0.011148453
1751443658444,630575364,0.3790141,-0.19827399,-0.011148453
1751443658460,630592031,0.34562367,-0.2709363,0.14452553
1751443658460,630592031,0.34562367,-0.2709363,0.14452553
1751443658477,630608698,0.28969905,-0.5132694,0.20993042
1751443658477,630608698,0.28969905,-0.5132694,0.20993042
1751443658494,630625365,-0.0512487,-0.5410517,0.21248531
1751443658494,630625365,-0.0512487,-0.5410517,0.21248531
1751443658510,630642032,-0.41511336,-0.4794408,-0.008310318
1751443658510,630642032,-0.41511336,-0.4794408,-0.008310318
1751443658527,630658699,-0.60936105,-0.33748338,-0.15888119
1751443658527,630658699,-0.60936105,-0.33748338,-0.15888119
1751443658544,630675366,-0.50536406,-0.10551952,-0.06293583
1751443658544,630675366,-0.50536406,-0.10551952,-0.06293583
1751443658560,630692033,-0.5944924,0.21812049,-0.050024986
1751443658560,630692033,-0.5944924,0.21812049,-0.050024986
1751443658577,630708700,-0.7096704,0.45346788,0.13706684
1751443658577,630708700,-0.7096704,0.45346788,0.13706684
1751443658594,630725367,-0.75338674,0.46452814,0.46335793
1751443658594,630725367,-0.75338674,0.46452814,0.46335793
1751443658610,630742034,-0.6763613,0.25796106,0.9553261
1751443658610,630742034,-0.6763613,0.25796106,0.9553261
1751443658627,630758701,-0.8197769,0.08615246,1.3952017
1751443658627,630758701,-0.8197769,0.08615246,1.3952017
1751443658644,630775368,-0.65560997,-0.03882096,1.6097355
1751443658644,630775368,-0.65560997,-0.03882096,1.6097355
1751443658660,630792035,-0.29353815,0.14670233,1.6637621
1751443658660,630792035,-0.29353815,0.14670233,1.6637621
1751443658677,630808702,0.15472576,0.36663768,1.5246544
1751443658677,630808702,0.15472576,0.36663768,1.5246544
1751443658694,630825369,0.52747035,0.43285322,1.3710232
1751443658694,630825369,0.52747035,0.43285322,1.3710232
1751443658710,630842036,0.71270883,0.34571594,1.2428131
1751443658710,630842036,0.71270883,0.34571594,1.2428131
1751443658727,630858703,0.79807377,0.30023307,1.0807247
1751443658727,630858703,0.79807377,0.30023307,1.0807247
1751443658744,630875370,0.8075729,0.23956265,0.8783703
1751443658744,630875370,0.8075729,0.23956265,0.8783703
1751443658760,630892037,0.923511,0.22429347,0.825861
1751443658760,630892037,0.923511,0.22429347,0.825861
1751443658777,630908704,0.87935215,0.2612277,1.0859995
1751443658777,630908704,0.87935215,0.2612277,1.0859995
1751443658794,630925371,0.46966493,0.31279045,1.3909035
1751443658794,630925371,0.46966493,0.31279045,1.3909035
1751443658810,630942038,-0.047406875,0.22840275,1.6510887
1751443658810,630942038,-0.047406875,0.22840275,1.6510887
1751443658827,630958705,-0.46343318,0.13662364,1.6388979
1751443658827,630958705,-0.46343318,0.13662364,1.6388979
1751443658844,630975372,-0.60313654,0.04796264,1.3726377
1751443658844,630975372,-0.60313654,0.04796264,1.3726377
1751443658860,630992039,-0.5265515,-0.047811825,1.2203989
1751443658860,630992039,-0.5265515,-0.047811825,1.2203989
1751443658877,631008706,-0.25883082,-0.037681937,1.2404957
1751443658877,631008706,-0.25883082,-0.037681937,1.2404957
1751443658894,631025373,0.15118106,0.022741772,1.2479324
1751443658894,631025373,0.15118106,0.022741772,1.2479324
1751443658910,631042040,0.34822488,0.10651566,1.20467
1751443658910,631042040,0.34822488,0.10651566,1.20467
1751443658927,631058707,0.45503953,0.17118478,1.380475
1751443658927,631058707,0.45503953,0.17118478,1.380475
1751443658944,631075374,0.37718046,0.21510619,1.3230476
1751443658944,631075374,0.37718046,0.21510619,1.3230476
1751443658960,631092041,0.23598339,0.025956672,1.1987076
1751443658960,631092041,0.23598339,0.025956672,1.1987076
1751443658977,631108708,0.025656158,-0.19432937,1.1388836
1751443658977,631108708,0.025656158,-0.19432937,1.1388836
1751443658994,631125375,-0.4692554,-0.19020908,0.92328453
1751443658994,631125375,-0.4692554,-0.19020908,0.92328453
1751443659010,631142042,-0.6022233,-0.38353688,0.8741245
1751443659010,631142042,-0.6022233,-0.38353688,0.8741245
1751443659027,631158709,-0.22714649,-0.10177919,0.2930708
1751443659027,631158709,-0.22714649,-0.10177919,0.2930708
1751443659044,631175376,-0.29033786,-0.4278081,-0.33532143
1751443659044,631175376,-0.29033786,-0.4278081,-0.33532143
1751443659060,631192043,-0.3232066,-0.36675927,-0.56297207
1751443659060,631192043,-0.3232066,-0.36675927,-0.56297207
1751443659077,631208710,0.0001971105,-0.3355951,-0.7005682
1751443659077,631208710,0.0001971105,-0.3355951,-0.7005682
1751443659094,631225377,-0.018812219,-0.52217895,-0.92629147
1751443659094,631225377,-0.018812219,-0.52217895,-0.92629147
1751443659110,631242044,-0.17727575,-0.42050925,-1.1701698
1751443659110,631242044,-0.17727575,-0.42050925,-1.1701698
1751443659127,631258711,-0.22600842,-0.22181101,-1.2756348
1751443659127,631258711,-0.22600842,-0.22181101,-1.2756348
1751443659144,631275378,-0.22512087,-0.13562006,-1.3415651
1751443659144,631275378,-0.22512087,-0.13562006,-1.3415651
1751443659160,631292045,-0.056405015,-0.056373097,-1.2807436
1751443659160,631292045,-0.056405015,-0.056373097,-1.2807436
1751443659177,631308712,-0.05277968,0.0041099004,-1.3979692
1751443659177,631308712,-0.05277968,0.0041099004,-1.3979692
1751443659194,631325379,0.08770609,0.010813389,-1.1604204
1751443659194,631325379,0.08770609,0.010813389,-1.1604204
1751443659210,631342046,0.37583518,-0.16043022,-0.77258587
1751443659210,631342046,0.37583518,-0.16043022,-0.77258587
1751443659227,631358713,0.6105157,-0.19276786,-0.17300892
1751443659227,631358713,0.6105157,-0.19276786,-0.17300892
1751443659244,631375380,0.67627347,-0.2524381,0.17468357
1751443659244,631375380,0.67627347,-0.2524381,0.17468357
1751443659260,631392047,0.24417092,-0.29973897,0.22466278
1751443659260,631392047,0.24417092,-0.29973897,0.22466278
1751443659277,631408714,-0.4203978,0.121611275,-0.11960983
1751443659277,631408714,-0.4203978,0.121611275,-0.11960983
1751443659294,631425381,-0.44008186,0.049834084,-0.5680866
1751443659294,631425381,-0.44008186,0.049834084,-0.5680866
1751443659310,631442048,-0.56109977,-0.02583399,-0.65067863
1751443659310,631442048,-0.56109977,-0.02583399,-0.65067863
1751443659327,631458715,-0.23234636,0.49809673,-0.9505024
1751443659327,631458715,-0.23234636,0.49809673,-0.9505024
1751443659344,631475382,0.29943442,0.443639,-1.1562796
1751443659344,631475382,0.29943442,0.443639,-1.1562796
1751443659360,631492049,0.05045291,0.48718822,-1.1456861
1751443659360,631492049,0.05045291,0.48718822,-1.1456861
1751443659377,631508716,-0.30614483,0.36675525,-1.3676491
1751443659377,631508716,-0.30614483,0.36675525,-1.3676491
1751443659394,631525383,-0.6851224,0.10148947,-1.5857582
1751443659394,631525383,-0.6851224,0.10148947,-1.5857582
1751443659410,631542050,-0.75388676,-0.031043882,-1.6834288
1751443659410,631542050,-0.75388676,-0.031043882,-1.6834288
1751443659427,631558717,-0.6124595,0.107980676,-1.1642933
1751443659427,631558717,-0.6124595,0.107980676,-1.1642933
1751443659444,631575384,-0.64943993,0.2336058,-0.63268375
1751443659444,631575384,-0.64943993,0.2336058,-0.63268375
1751443659460,631592051,-0.43357438,-0.010107926,-0.14539433
1751443659460,631592051,-0.43357438,-0.010107926,-0.14539433
1751443659477,631608718,-0.5222153,-0.24225278,0.32909012
1751443659477,631608718,-0.5222153,-0.24225278,0.32909012
1751443659494,631625385,-0.6000593,-0.26356825,0.59751225
1751443659494,631625385,-0.6000593,-0.26356825,0.59751225
1751443659510,631642052,-0.7825911,-0.069932535,0.9701395
1751443659510,631642052,-0.7825911,-0.069932535,0.9701395
1751443659527,631658719,-1.0479718,0.18780145,0.7286253
1751443659527,631658719,-1.0479718,0.18780145,0.7286253
1751443659544,631675386,-1.2615491,0.19607134,0.21998787
1751443659544,631675386,-1.2615491,0.19607134,0.21998787
1751443659560,631692053,-1.3981116,0.28338867,-0.18593788
1751443659560,631692053,-1.3981116,0.28338867,-0.18593788
1751443659577,631708720,-1.5540913,0.4072544,-0.43046188
1751443659577,631708720,-1.5540913,0.4072544,-0.43046188
1751443659594,631725387,-1.6005411,0.46501175,-0.8042145
1751443659594,631725387,-1.6005411,0.46501175,-0.8042145
1751443659610,631742054,-1.7235417,0.5663645,-1.2630415
1751443659610,631742054,-1.7235417,0.5663645,-1.2630415
1751443659627,631758721,-2.042616,0.5755747,-1.5534792
1751443659627,631758721,-2.042616,0.5755747,-1.5534792
1751443659644,631775388,-2.2218971,0.74342376,-1.7913656
1751443659644,631775388,-2.2218971,0.74342376,-1.7913656
1751443659660,631792055,-2.2779756,0.65630597,-1.7107191
1751443659660,631792055,-2.2779756,0.65630597,-1.7107191
1751443659677,631808722,-1.9234887,0.38082984,-1.4973783
1751443659677,631808722,-1.9234887,0.38082984,-1.4973783
1751443659694,631825389,-1.6188964,9.849937E-05,-1.2789164
1751443659694,631825389,-1.6188964,9.849937E-05,-1.2789164
1751443659710,631842056,-1.2465743,-0.27126318,-1.1480885
1751443659710,631842056,-1.2465743,-0.27126318,-1.1480885
1751443659727,631858723,-1.2465779,-0.24618074,-0.9950285
1751443659727,631858723,-1.2465779,-0.24618074,-0.9950285
1751443659744,631875390,-1.4267603,0.0445487,-0.8093748
1751443659744,631875390,-1.4267603,0.0445487,-0.8093748
1751443659760,631892057,-1.4077842,0.27088678,-0.32510185
1751443659760,631892057,-1.4077842,0.27088678,-0.32510185
1751443659777,631908724,-1.2750661,0.21217129,0.46907043
1751443659777,631908724,-1.2750661,0.21217129,0.46907043
1751443659794,631925391,-0.83582973,-0.093978986,1.0920572
1751443659794,631925391,-0.83582973,-0.093978986,1.0920572
1751443659810,631942058,-0.4493723,0.11755469,1.2926292
1751443659810,631942058,-0.4493723,0.11755469,1.2926292
1751443659827,631958725,-0.4429242,-0.003022398,0.7507181
1751443659827,631958725,-0.4429242,-0.003022398,0.7507181
1751443659844,631975392,-0.75383466,0.2299023,0.1852274
1751443659844,631975392,-0.75383466,0.2299023,0.1852274
1751443659860,631992059,-0.8623455,0.40863928,-0.01919651
1751443659860,631992059,-0.8623455,0.40863928,-0.01919651
1751443659877,632008726,-0.7239708,0.45611256,-0.122597694
1751443659877,632008726,-0.7239708,0.45611256,-0.122597694
1751443659894,632025393,-0.56436193,0.47721484,-0.049212456
1751443659894,632025393,-0.56436193,0.47721484,-0.049212456
1751443659910,632042060,-0.53178185,0.39037204,0.03405094
1751443659910,632042060,-0.53178185,0.39037204,0.03405094
1751443659927,632058727,-0.6130667,0.30450186,0.024050713
1751443659927,632058727,-0.6130667,0.30450186,0.024050713
1751443659944,632075394,-0.72988,0.21942301,-0.023200035
1751443659944,632075394,-0.72988,0.21942301,-0.023200035
1751443659960,632092061,-0.8308722,0.12030501,-0.0012722015
1751443659960,632092061,-0.8308722,0.12030501,-0.0012722015
1751443659977,632108728,-0.76330477,0.061051838,0.076420784
1751443659977,632108728,-0.76330477,0.061051838,0.076420784
1751443659994,632125395,-0.5406547,0.07982257,0.29135418
1751443659994,632125395,-0.5406547,0.07982257,0.29135418
1751443660010,632142062,-0.31739637,0.03532142,0.4688778
1751443660010,632142062,-0.31739637,0.03532142,0.4688778
1751443660027,632158729,-0.27702755,0.0032990512,0.47095776
1751443660027,632158729,-0.27702755,0.0032990512,0.47095776
1751443660044,632175396,-0.39194816,-0.050342996,0.30356503
1751443660044,632175396,-0.39194816,-0.050342996,0.30356503
1751443660060,632192063,-0.57716656,-0.099607825,0.129632
1751443660060,632192063,-0.57716656,-0.099607825,0.129632
1751443660077,632208730,-0.6987784,-0.08263006,-0.021923065
1751443660077,632208730,-0.6987784,-0.08263006,-0.021923065
1751443660094,632225397,-0.6998237,-0.09110556,-0.104958534
1751443660094,632225397,-0.6998237,-0.09110556,-0.104958534
1751443660110,632242064,-0.6550587,-0.032333106,-0.018553734
1751443660110,632242064,-0.6550587,-0.032333106,-0.018553734
1751443660127,632258731,-0.62722164,0.009009137,0.06429863
1751443660127,632258731,-0.62722164,0.009009137,0.06429863
1751443660144,632275398,-0.67115587,-0.041060112,0.1059885
1751443660144,632275398,-0.67115587,-0.041060112,0.1059885
1751443660160,632292065,-0.7047582,-0.009305124,0.036717415
1751443660160,632292065,-0.7047582,-0.009305124,0.036717415
1751443660177,632308732,-0.7733917,0.00519947,-0.024234772
1751443660177,632308732,-0.7733917,0.00519947,-0.024234772
1751443660194,632325399,-0.8084138,0.01732935,-0.019522667
1751443660194,632325399,-0.8084138,0.01732935,-0.019522667
1751443660210,632342066,-0.8315758,0.00960491,-0.050686836
1751443660210,632342066,-0.8315758,0.00960491,-0.050686836
1751443660227,632358733,-0.8412822,0.05099599,0.02741623
1751443660227,632358733,-0.8412822,0.05099599,0.02741623
1751443660244,632375400,-0.7467427,0.013958831,0.1243906
1751443660244,632375400,-0.7467427,0.013958831,0.1243906
1751443660260,632392067,-0.65356493,0.048155643,0.16931248
1751443660260,632392067,-0.65356493,0.048155643,0.16931248
1751443660277,632408734,-0.65279686,0.06725879,0.099526405
1751443660277,632408734,-0.65279686,0.06725879,0.099526405
1751443660294,632425401,-0.7002212,0.09186511,-0.008911133
1751443660294,632425401,-0.7002212,0.09186511,-0.008911133
1751443660310,632442068,-0.7798805,0.09166691,-0.060851097
1751443660310,632442068,-0.7798805,0.09166691,-0.060851097
1751443660327,632458735,-0.8426968,0.032545276,-0.14610958
1751443660327,632458735,-0.8426968,0.032545276,-0.14610958
1751443660344,632475402,-0.89244395,0.012190788,-0.19342518
1751443660344,632475402,-0.89244395,0.012190788,-0.19342518
1751443660360,632492069,-0.99362093,0.110096276,-0.2066555
1751443660360,632492069,-0.99362093,0.110096276,-0.2066555
1751443660377,632508736,-0.9805907,0.24689174,-0.07297897
1751443660377,632508736,-0.9805907,0.24689174,-0.07297897
1751443660394,632525403,-0.8458005,0.24310315,0.18671799
1751443660394,632525403,-0.8458005,0.24310315,0.18671799
1751443660410,632542070,-0.6910275,0.23224092,0.3579607
1751443660410,632542070,-0.6910275,0.23224092,0.3579607
1751443660427,632558737,-0.59033597,0.13964257,0.41415024
1751443660427,632558737,-0.59033597,0.13964257,0.41415024
1751443660444,632575404,-0.62244564,0.06617649,0.2875719
1751443660444,632575404,-0.62244564,0.06617649,0.2875719
1751443660460,632592071,-0.76712024,0.089583546,0.049248695
1751443660460,632592071,-0.76712024,0.089583546,0.049248695
1751443660477,632608738,-0.8712831,0.15633714,-0.092879295
1751443660477,632608738,-0.8712831,0.15633714,-0.092879295
1751443660494,632625405,-0.8868967,0.20183147,-0.123049736
1751443660494,632625405,-0.8868967,0.20183147,-0.123049736
1751443660510,632642072,-0.8464312,0.1761366,-0.04969883
1751443660510,632642072,-0.8464312,0.1761366,-0.04969883
1751443660527,632658739,-0.7739614,0.10017046,0.057772636
1751443660527,632658739,-0.7739614,0.10017046,0.057772636
1751443660544,632675406,-0.7194236,0.15743527,0.22906399
1751443660544,632675406,-0.7194236,0.15743527,0.22906399
1751443660560,632692073,-0.7497703,0.2025229,0.33895397
1751443660560,632692073,-0.7497703,0.2025229,0.33895397
1751443660577,632708740,-0.7472994,0.25157958,0.37433052
1751443660577,632708740,-0.7472994,0.25157958,0.37433052
1751443660594,632725407,-0.7989178,0.26553416,0.33817196
1751443660594,632725407,-0.7989178,0.26553416,0.33817196
1751443660610,632742074,-0.8449599,0.23906091,0.2539997
1751443660610,632742074,-0.8449599,0.23906091,0.2539997
1751443660627,632758741,-0.9278317,0.24265969,0.12028694
1751443660627,632758741,-0.9278317,0.24265969,0.12028694
1751443660644,632775408,-1.0633878,0.15631607,-0.051374435
1751443660644,632775408,-1.0633878,0.15631607,-0.051374435
1751443660660,632792075,-1.0958395,0.06585005,-0.20005608
1751443660660,632792075,-1.0958395,0.06585005,-0.20005608
1751443660677,632808742,-1.0646459,0.028716665,-0.21327686
1751443660677,632808742,-1.0646459,0.028716665,-0.21327686
1751443660694,632825409,-1.0703975,0.057879295,-0.0507555
1751443660694,632825409,-1.0703975,0.057879295,-0.0507555
1751443660710,632842076,-0.97762746,0.021196516,0.020280838
1751443660710,632842076,-0.97762746,0.021196516,0.020280838
1751443660727,632858743,-1.0085323,-0.08798616,0.120794296
1751443660727,632858743,-1.0085323,-0.08798616,0.120794296
1751443660744,632875410,-1.1529051,-0.13092187,0.11824894
1751443660744,632875410,-1.1529051,-0.13092187,0.11824894
1751443660760,632892077,-1.2044342,-0.16826676,-0.2012062
1751443660760,632892077,-1.2044342,-0.16826676,-0.2012062
1751443660777,632908744,-1.3830479,-0.115369394,-0.3708582
1751443660777,632908744,-1.3830479,-0.115369394,-0.3708582
1751443660794,632925411,-1.4135913,-0.05035132,-0.45673656
1751443660794,632925411,-1.4135913,-0.05035132,-0.45673656
1751443660810,632942078,-1.2405758,0.0063990084,-0.3974371
1751443660810,632942078,-1.2405758,0.0063990084,-0.3974371
1751443660827,632958745,-1.0506047,-0.0027049538,-0.23197937
1751443660827,632958745,-1.0506047,-0.0027049538,-0.23197937
1751443660844,632975412,-1.0348147,-0.013710173,-0.057502747
1751443660844,632975412,-1.0348147,-0.013710173,-0.057502747
1751443660860,632992079,-1.1872814,-0.008065912,0.006775856
1751443660860,632992079,-1.1872814,-0.008065912,0.006775856
1751443660877,633008746,-1.384926,0.046511427,0.084394455
1751443660877,633008746,-1.384926,0.046511427,0.084394455
1751443660894,633025413,-1.4922729,-0.060030773,0.1480856
1751443660894,633025413,-1.4922729,-0.060030773,0.1480856
1751443660910,633042080,-1.537716,-0.11902194,-0.0617218
1751443660910,633042080,-1.537716,-0.11902194,-0.0617218
1751443660927,633058747,-1.5433452,-0.36814842,-0.5781965
1751443660927,633058747,-1.5433452,-0.36814842,-0.5781965
1751443660944,633075414,-1.7859075,-0.38762137,-1.1870098
1751443660944,633075414,-1.7859075,-0.38762137,-1.1870098
1751443660960,633092081,-2.1805375,-0.7211521,-1.5721045
1751443660960,633092081,-2.1805375,-0.7211521,-1.5721045
1751443660977,633108748,-2.2047396,-0.50831527,-1.7917833
1751443660977,633108748,-2.2047396,-0.50831527,-1.7917833
1751443660994,633125415,-2.151081,-0.3438334,-1.8607111
1751443660994,633125415,-2.151081,-0.3438334,-1.8607111
1751443661010,633142082,-1.747116,-0.4701213,-1.5995064
1751443661010,633142082,-1.747116,-0.4701213,-1.5995064
1751443661027,633158749,-1.1797163,-0.36554316,-1.0879583
1751443661027,633158749,-1.1797163,-0.36554316,-1.0879583
1751443661044,633175416,-0.5857913,-0.29974267,-0.7098255
1751443661044,633175416,-0.5857913,-0.29974267,-0.7098255
1751443661060,633192083,-0.5448421,-0.13783686,-0.9977598
1751443661060,633192083,-0.5448421,-0.13783686,-0.9977598
1751443661077,633208750,-1.0401548,0.3308561,-1.5974779
1751443661077,633208750,-1.0401548,0.3308561,-1.5974779
1751443661094,633225417,-0.97549367,0.4665961,-1.4419594
1751443661094,633225417,-0.97549367,0.4665961,-1.4419594
1751443661110,633242084,-0.36581933,0.17184357,-0.39032936
1751443661110,633242084,-0.36581933,0.17184357,-0.39032936
1751443661127,633258751,1.0569642,0.32678416,0.3759632
1751443661127,633258751,1.0569642,0.32678416,0.3759632
1751443661144,633275418,0.59381783,-0.086427264,-0.21942997
1751443661144,633275418,0.59381783,-0.086427264,-0.21942997
1751443661160,633292085,-0.5517423,-0.048955288,-1.0822859
1751443661160,633292085,-0.5517423,-0.048955288,-1.0822859
1751443661177,633308752,-1.0113763,-0.12315564,-1.4630251
1751443661177,633308752,-1.0113763,-0.12315564,-1.4630251
1751443661194,633325419,-0.45866817,-0.559774,-1.0588913
1751443661194,633325419,-0.45866817,-0.559774,-1.0588913
1751443661210,633342086,0.43285128,-0.5632748,-0.87540245
1751443661210,633342086,0.43285128,-0.5632748,-0.87540245
1751443661227,633358753,0.7114691,-0.47788864,-0.9594555
1751443661227,633358753,0.7114691,-0.47788864,-0.9594555
1751443661244,633375420,0.88587236,0.28300485,-0.48253155
1751443661244,633375420,0.88587236,0.28300485,-0.48253155
1751443661260,633392087,1.3432585,1.0027544,-0.016601562
1751443661260,633392087,1.3432585,1.0027544,-0.016601562
1751443661277,633408754,1.7183149,1.3959731,0.44140625
1751443661277,633408754,1.7183149,1.3959731,0.44140625
1751443661294,633425421,1.4885501,1.6455779,1.4465437
1751443661294,633425421,1.4885501,1.6455779,1.4465437
1751443661310,633442088,1.0999686,1.9628953,1.8703909
1751443661310,633442088,1.0999686,1.9628953,1.8703909
1751443661327,633458755,0.75183505,1.1231421,1.6124172
1751443661327,633458755,0.75183505,1.1231421,1.6124172
1751443661344,633475422,-0.038063083,0.6704347,0.8119364
1751443661344,633475422,-0.038063083,0.6704347,0.8119364
1751443661360,633492089,-0.6594386,-0.36303574,-0.43323708
1751443661360,633492089,-0.6594386,-0.36303574,-0.43323708
1751443661377,633508756,-0.031801257,-1.193593,-0.38449478
1751443661377,633508756,-0.031801257,-1.193593,-0.38449478
1751443661394,633525423,-0.20151079,-0.6662138,-0.89881325
1751443661394,633525423,-0.20151079,-0.6662138,-0.89881325
1751443661410,633542090,2.1010217E-05,-0.30676383,-1.2063398
1751443661410,633542090,2.1010217E-05,-0.30676383,-1.2063398
1751443661427,633558757,-0.74312156,0.11009605,-1.6515465
1751443661427,633558757,-0.74312156,0.11009605,-1.6515465
1751443661444,633575424,-0.91343933,0.05080243,-1.0543346
1751443661444,633575424,-0.91343933,0.05080243,-1.0543346
1751443661460,633592091,-0.24572006,-0.15596259,-0.1450386
1751443661460,633592091,-0.24572006,-0.15596259,-0.1450386
1751443661477,633608758,0.3730986,-0.6740357,0.9276171
1751443661477,633608758,0.3730986,-0.6740357,0.9276171
1751443661494,633625425,0.1323147,-0.4501725,1.0494003
1751443661494,633625425,0.1323147,-0.4501725,1.0494003
1751443661510,633642092,-0.41735595,0.079715446,0.1306181
1751443661510,633642092,-0.41735595,0.079715446,0.1306181
1751443661527,633658759,-0.2889708,0.30528918,-0.26873302
1751443661527,633658759,-0.2889708,0.30528918,-0.26873302
1751443661544,633675426,0.05794171,0.2529313,-0.03670883
1751443661544,633675426,0.05794171,0.2529313,-0.03670883
1751443661560,633692093,0.6905007,0.12096197,0.48823452
1751443661560,633692093,0.6905007,0.12096197,0.48823452
1751443661577,633708760,0.8437205,0.18717076,0.25357628
1751443661577,633708760,0.8437205,0.18717076,0.25357628
1751443661594,633725427,0.9321696,0.031779744,0.032995224
1751443661594,633725427,0.9321696,0.031779744,0.032995224
1751443661610,633742094,0.64700276,-0.27410522,-0.31433105
1751443661610,633742094,0.64700276,-0.27410522,-0.31433105
1751443661627,633758761,0.43234777,-0.58966786,-0.24633026
1751443661627,633758761,0.43234777,-0.58966786,-0.24633026
1751443661644,633775428,0.1883219,-0.7423433,0.13366508
1751443661644,633775428,0.1883219,-0.7423433,0.13366508
1751443661660,633792095,-0.025832007,-0.50334984,0.55811596
1751443661660,633792095,-0.025832007,-0.50334984,0.55811596
1751443661677,633808762,-0.25277627,-0.37048313,1.0227442
1751443661677,633808762,-0.25277627,-0.37048313,1.0227442
1751443661694,633825429,-0.2774447,-0.26217857,1.5646114
1751443661694,633825429,-0.2774447,-0.26217857,1.5646114
1751443661710,633842096,-0.16794461,0.010812998,1.7242041
1751443661710,633842096,-0.16794461,0.010812998,1.7242041
1751443661727,633858763,-0.18872485,0.4775931,1.5778627
1751443661727,633858763,-0.18872485,0.4775931,1.5778627
1751443661744,633875430,-0.5239493,0.8334281,1.4573011
1751443661744,633875430,-0.5239493,0.8334281,1.4573011
1751443661760,633892097,-0.63208073,0.7208323,1.520463
1751443661760,633892097,-0.63208073,0.7208323,1.520463
1751443661777,633908764,-0.9334996,0.42853814,1.7671165
1751443661777,633908764,-0.9334996,0.42853814,1.7671165
1751443661794,633925431,-1.0018358,-4.034409E-05,2.0561876
1751443661794,633925431,-1.0018358,-4.034409E-05,2.0561876
1751443661810,633942098,-0.7993771,-0.3430146,1.9695282
1751443661810,633942098,-0.7993771,-0.3430146,1.9695282
1751443661827,633958765,-0.4544352,-0.19750923,1.1991444
1751443661827,633958765,-0.4544352,-0.19750923,1.1991444
1751443661844,633975432,-0.087750964,0.00049463415,0.37295246
1751443661844,633975432,-0.087750964,0.00049463415,0.37295246
1751443661860,633992099,0.00818795,0.12737031,0.08613682
1751443661860,633992099,0.00818795,0.12737031,0.08613682
1751443661877,634008766,-0.026816247,0.10626566,0.4143343
1751443661877,634008766,-0.026816247,0.10626566,0.4143343
1751443661894,634025433,0.13833977,-0.12681991,0.5842867
1751443661894,634025433,0.13833977,-0.12681991,0.5842867
1751443661910,634042100,0.40313405,-0.30547795,0.37710953
1751443661910,634042100,0.40313405,-0.30547795,0.37710953
1751443661927,634058767,0.14311926,-0.3240554,0.17635822
1751443661927,634058767,0.14311926,-0.3240554,0.17635822
1751443661944,634075434,0.49447337,-0.34360483,-0.21820354
1751443661944,634075434,0.49447337,-0.34360483,-0.21820354
1751443661960,634092101,0.829724,-0.7203272,-0.021859169
1751443661960,634092101,0.829724,-0.7203272,-0.021859169
1751443661977,634108768,0.034807894,-0.36505416,0.3963337
1751443661977,634108768,0.034807894,-0.36505416,0.3963337
1751443661994,634125435,0.07860347,-0.23993926,0.52677536
1751443661994,634125435,0.07860347,-0.23993926,0.52677536
1751443662010,634142102,-0.1620132,-0.21496147,0.56148815
1751443662010,634142102,-0.1620132,-0.21496147,0.56148815
1751443662027,634158769,-0.16808677,-0.328442,0.17542553
1751443662027,634158769,-0.16808677,-0.328442,0.17542553
1751443662044,634175436,-0.30640346,-0.33004525,-0.104753494
1751443662044,634175436,-0.30640346,-0.33004525,-0.104753494
1751443662060,634192103,-0.25031003,-0.29051465,-0.30630207
1751443662060,634192103,-0.25031003,-0.29051465,-0.30630207
1751443662077,634208770,-0.16192572,-0.12263407,-0.47181988
1751443662077,634208770,-0.16192572,-0.12263407,-0.47181988
1751443662094,634225437,-0.041241072,-0.19526735,-0.49063683
1751443662094,634225437,-0.041241072,-0.19526735,-0.49063683
1751443662110,634242104,-0.036819875,-0.28019354,-0.39609623
1751443662110,634242104,-0.036819875,-0.28019354,-0.39609623
1751443662127,634258771,0.006575863,-0.4206268,-0.50858974
1751443662127,634258771,0.006575863,-0.4206268,-0.50858974
1751443662144,634275438,-0.08822696,-0.5313337,-0.5133419
1751443662144,634275438,-0.08822696,-0.5313337,-0.5133419
1751443662160,634292105,-0.032255128,-0.554131,-0.48866558
1751443662160,634292105,-0.032255128,-0.554131,-0.48866558
1751443662177,634308772,0.04596656,-0.67181957,-0.53937054
1751443662177,634308772,0.04596656,-0.67181957,-0.53937054
1751443662194,634325439,0.27648267,-0.6334257,-0.6131792
1751443662194,634325439,0.27648267,-0.6334257,-0.6131792
1751443662210,634342106,0.27956304,-0.6186978,-0.7100105
1751443662210,634342106,0.27956304,-0.6186978,-0.7100105
1751443662227,634358773,0.3424648,-0.43893403,-0.7676449
1751443662227,634358773,0.3424648,-0.43893403,-0.7676449
1751443662244,634375440,0.28057072,-0.37597153,-0.6648865
1751443662244,634375440,0.28057072,-0.37597153,-0.6648865
1751443662260,634392107,0.39472285,-0.26457325,-0.55534077
1751443662260,634392107,0.39472285,-0.26457325,-0.55534077
1751443662277,634408774,0.3660647,-0.26288643,-0.48668194
1751443662277,634408774,0.3660647,-0.26288643,-0.48668194
1751443662294,634425441,0.32989898,-0.2524433,-0.44065666
1751443662294,634425441,0.32989898,-0.2524433,-0.44065666
1751443662310,634442108,0.35499924,-0.23639128,-0.37777042
1751443662310,634442108,0.35499924,-0.23639128,-0.37777042
1751443662327,634458775,0.38185817,-0.17016226,-0.3042469
1751443662327,634458775,0.38185817,-0.17016226,-0.3042469
1751443662344,634475442,0.43658873,-0.05101253,-0.17903614
1751443662344,634475442,0.43658873,-0.05101253,-0.17903614
1751443662360,634492109,0.3336432,-0.031100431,-0.041939735
1751443662360,634492109,0.3336432,-0.031100431,-0.041939735
1751443662377,634508776,0.23298289,0.11862118,-0.0426445
1751443662377,634508776,0.23298289,0.11862118,-0.0426445
1751443662394,634525443,0.101980075,0.1502535,-0.22844028
1751443662394,634525443,0.101980075,0.1502535,-0.22844028
1751443662410,634542110,-0.118676186,0.088471904,-0.5070505
1751443662410,634542110,-0.118676186,0.088471904,-0.5070505
1751443662427,634558777,-0.28084123,-0.04346433,-0.6595783
1751443662427,634558777,-0.28084123,-0.04346433,-0.6595783
1751443662444,634575444,-0.37257972,-0.2376811,-0.46629143
1751443662444,634575444,-0.37257972,-0.2376811,-0.46629143
1751443662460,634592111,-0.3619761,-0.24183834,-0.21135998
1751443662460,634592111,-0.3619761,-0.24183834,-0.21135998
1751443662477,634608778,-0.29624766,-0.120473035,-0.17001247
1751443662477,634608778,-0.29624766,-0.120473035,-0.17001247
1751443662494,634625445,-0.13513373,-0.033659823,-0.17470264
1751443662494,634625445,-0.13513373,-0.033659823,-0.17470264
1751443662510,634642112,0.14037786,-0.021114208,-0.43557262
1751443662510,634642112,0.14037786,-0.021114208,-0.43557262
1751443662527,634658779,0.3378118,-0.06898906,-0.90911674
1751443662527,634658779,0.3378118,-0.06898906,-0.90911674
1751443662544,634675446,0.3763312,0.056070432,-1.4731789
1751443662544,634675446,0.3763312,0.056070432,-1.4731789
1751443662560,634692113,0.34744495,0.13286345,-1.6054125
1751443662560,634692113,0.34744495,0.13286345,-1.6054125
1751443662577,634708780,0.16645284,-0.047469404,-1.0195713
1751443662577,634708780,0.16645284,-0.047469404,-1.0195713
1751443662594,634725447,0.0009200352,-0.2536193,-0.18074036
1751443662594,634725447,0.0009200352,-0.2536193,-0.18074036
1751443662610,634742114,-0.042980842,-0.22646557,0.15857697
1751443662610,634742114,-0.042980842,-0.22646557,0.15857697
1751443662627,634758781,0.09759185,-0.0856472,-0.1723671
1751443662627,634758781,0.09759185,-0.0856472,-0.1723671
1751443662644,634775448,0.15295075,-0.0021207468,-0.5402479
1751443662644,634775448,0.15295075,-0.0021207468,-0.5402479
1751443662660,634792115,0.10230439,0.032109704,-0.47177982
1751443662660,634792115,0.10230439,0.032109704,-0.47177982
1751443662677,634808782,-0.028564006,-0.016129477,-0.05772209
1751443662677,634808782,-0.028564006,-0.016129477,-0.05772209
1751443662694,634825449,-0.13377704,-0.09640103,0.28436375
1751443662694,634825449,-0.13377704,-0.09640103,0.28436375
1751443662710,634842116,-0.16022682,-0.06345862,0.088321686
1751443662710,634842116,-0.16022682,-0.06345862,0.088321686
1751443662727,634858783,-0.09175232,-0.03567999,-0.35156345
1751443662727,634858783,-0.09175232,-0.03567999,-0.35156345
1751443662744,634875450,-0.058340598,0.02991637,-0.5655813
1751443662744,634875450,-0.058340598,0.02991637,-0.5655813
1751443662760,634892117,-0.07239716,0.079393364,-0.594079
1751443662760,634892117,-0.07239716,0.079393364,-0.594079
1751443662777,634908784,-0.23711467,0.08951912,-0.6094332
1751443662777,634908784,-0.23711467,0.08951912,-0.6094332
1751443662794,634925451,-0.39367276,0.0922339,-0.685936
1751443662794,634925451,-0.39367276,0.0922339,-0.685936
1751443662810,634942118,-0.46159682,0.04203921,-0.63484097
1751443662810,634942118,-0.46159682,0.04203921,-0.63484097
1751443662827,634958785,-0.4886786,0.075581685,-0.43615055
1751443662827,634958785,-0.4886786,0.075581685,-0.43615055
1751443662844,634975452,-0.4994021,0.13225575,-0.448184
1751443662844,634975452,-0.4994021,0.13225575,-0.448184
1751443662860,634992119,-0.33339086,0.19093555,-0.5484762
1751443662860,634992119,-0.33339086,0.19093555,-0.5484762
1751443662877,635008786,-0.1661508,0.20144698,-0.3892374
1751443662877,635008786,-0.1661508,0.20144698,-0.3892374
1751443662894,635025453,-0.17442395,0.18357024,-0.08961868
1751443662894,635025453,-0.17442395,0.18357024,-0.08961868
1751443662910,635042120,-0.21050705,0.12802218,0.011861801
1751443662910,635042120,-0.21050705,0.12802218,0.011861801
1751443662927,635058787,-0.19878206,-0.010329987,-0.19194698
1751443662927,635058787,-0.19878206,-0.010329987,-0.19194698
1751443662944,635075454,-0.18591884,-0.09444601,-0.41052723
1751443662944,635075454,-0.18591884,-0.09444601,-0.41052723
1751443662960,635092121,-0.18277758,-0.17390259,-0.3972664
1751443662960,635092121,-0.18277758,-0.17390259,-0.3972664
1751443662977,635108788,-0.15804127,-0.12734438,-0.3365221
1751443662977,635108788,-0.15804127,-0.12734438,-0.3365221
1751443662994,635125455,-0.13394709,-0.12996842,-0.33440876
1751443662994,635125455,-0.13394709,-0.12996842,-0.33440876
1751443663010,635142122,-0.11053794,-0.0851676,-0.32782745
1751443663010,635142122,-0.11053794,-0.0851676,-0.32782745
1751443663027,635158789,-0.12616183,-0.07718132,-0.29136658
1751443663027,635158789,-0.12616183,-0.07718132,-0.29136658
1751443663044,635175456,-0.06977303,-0.07181259,-0.39402294
1751443663044,635175456,-0.06977303,-0.07181259,-0.39402294
1751443663060,635192123,-0.047178835,-0.059862636,-0.5028
1751443663060,635192123,-0.047178835,-0.059862636,-0.5028
1751443663077,635208790,-0.08099682,-0.02810005,-0.54171276
1751443663077,635208790,-0.08099682,-0.02810005,-0.54171276
1751443663094,635225457,-0.14623779,-0.03707102,-0.4325924
1751443663094,635225457,-0.14623779,-0.03707102,-0.4325924
1751443663110,635242124,-0.17625591,-0.0566274,-0.29782295
1751443663110,635242124,-0.17625591,-0.0566274,-0.29782295
1751443663127,635258791,-0.15967539,-0.06982489,-0.34853458
1751443663127,635258791,-0.15967539,-0.06982489,-0.34853458
1751443663144,635275458,-0.16548231,-0.023242554,-0.5008478
1751443663144,635275458,-0.16548231,-0.023242554,-0.5008478
1751443663160,635292125,-0.1673196,-0.024033118,-0.5253668
1751443663160,635292125,-0.1673196,-0.024033118,-0.5253668
1751443663177,635308792,-0.17370452,0.054745365,-0.43402195
1751443663177,635308792,-0.17370452,0.054745365,-0.43402195
1751443663194,635325459,-0.17997615,0.07787778,-0.4065838
1751443663194,635325459,-0.17997615,0.07787778,-0.4065838
1751443663210,635342126,-0.21666005,0.110932775,-0.39661312
1751443663210,635342126,-0.21666005,0.110932775,-0.39661312
1751443663227,635358793,-0.3240515,0.11783178,-0.42432213
1751443663227,635358793,-0.3240515,0.11783178,-0.42432213
1751443663244,635375460,-0.28165334,0.015178765,-0.5490122
1751443663244,635375460,-0.28165334,0.015178765,-0.5490122
1751443663260,635392127,-0.14943704,-0.07971014,-0.60591316
1751443663260,635392127,-0.14943704,-0.07971014,-0.60591316
1751443663277,635408794,0.120745026,-0.1652257,-0.41506195
1751443663277,635408794,0.120745026,-0.1652257,-0.41506195
1751443663294,635425461,0.42741632,-0.22976053,-0.27578068
1751443663294,635425461,0.42741632,-0.22976053,-0.27578068
1751443663310,635442128,0.53683823,-0.26802847,-0.43829918
1751443663310,635442128,0.53683823,-0.26802847,-0.43829918
1751443663327,635458795,0.4945195,-0.3441815,-0.55151176
1751443663327,635458795,0.4945195,-0.3441815,-0.55151176
1751443663344,635475462,0.43978825,-0.45346773,-0.64184
1751443663344,635475462,0.43978825,-0.45346773,-0.64184
1751443663360,635492129,0.2061392,-0.44995165,-0.59178925
1751443663360,635492129,0.2061392,-0.44995165,-0.59178925
1751443663377,635508796,0.1784183,-0.4127328,-0.47472382
1751443663377,635508796,0.1784183,-0.4127328,-0.47472382
1751443663394,635525463,0.18232843,-0.45576024,-0.4613285
1751443663394,635525463,0.18232843,-0.45576024,-0.4613285
1751443663410,635542130,0.2322405,-0.3925238,-0.5613642
1751443663410,635542130,0.2322405,-0.3925238,-0.5613642
1751443663427,635558797,0.22540717,-0.26199782,-0.6213789
1751443663427,635558797,0.22540717,-0.26199782,-0.6213789
1751443663444,635575464,0.10294314,-0.102079704,-0.59705925
1751443663444,635575464,0.10294314,-0.102079704,-0.59705925
1751443663460,635592131,0.16712922,0.021587888,-0.38464355
1751443663460,635592131,0.16712922,0.021587888,-0.38464355
1751443663477,635608798,0.34696734,0.046960965,-0.06618595
1751443663477,635608798,0.34696734,0.046960965,-0.06618595
1751443663494,635625465,0.5547676,-0.0119756,-0.014066696
1751443663494,635625465,0.5547676,-0.0119756,-0.014066696
1751443663510,635642132,0.96539515,-0.14581957,-0.17534542
1751443663510,635642132,0.96539515,-0.14581957,-0.17534542
1751443663527,635658799,1.0171615,-0.072544426,-0.52646923
1751443663527,635658799,1.0171615,-0.072544426,-0.52646923
1751443663544,635675466,0.800885,0.11180705,-0.5643654
1751443663544,635675466,0.800885,0.11180705,-0.5643654
1751443663561,635692133,0.12251843,0.24325898,0.31612778
1751443663561,635692133,0.12251843,0.24325898,0.31612778
1751443663577,635708800,-0.5461192,0.14734499,1.4249506
1751443663577,635708800,-0.5461192,0.14734499,1.4249506
1751443663594,635725467,-0.8229875,-0.03268743,2.3574047
1751443663594,635725467,-0.8229875,-0.03268743,2.3574047
1751443663611,635742134,-0.48924533,-0.036990725,2.7314596
1751443663611,635742134,-0.48924533,-0.036990725,2.7314596
1751443663627,635758801,0.16780716,-0.07289216,2.581976
1751443663627,635758801,0.16780716,-0.07289216,2.581976
1751443663644,635775468,0.45687824,-0.38784102,2.3083067
1751443663644,635775468,0.45687824,-0.38784102,2.3083067
1751443663661,635792135,0.44213444,-0.74093854,2.0111456
1751443663661,635792135,0.44213444,-0.74093854,2.0111456
1751443663677,635808802,0.45438123,-0.8030164,1.6894789
1751443663677,635808802,0.45438123,-0.8030164,1.6894789
1751443663694,635825469,0.45411083,-0.36515668,1.5224075
1751443663694,635825469,0.45411083,-0.36515668,1.5224075
1751443663711,635842136,0.42914012,0.30314672,1.6373491
1751443663711,635842136,0.42914012,0.30314672,1.6373491
1751443663727,635858803,0.17366901,0.7997573,1.5834665
1751443663727,635858803,0.17366901,0.7997573,1.5834665
1751443663744,635875470,-0.07991069,0.86207753,1.5325584
1751443663744,635875470,-0.07991069,0.86207753,1.5325584
1751443663761,635892137,-0.2666215,0.7991244,1.7424402
1751443663761,635892137,-0.2666215,0.7991244,1.7424402
1751443663777,635908804,-0.38890058,0.5616411,1.913023
1751443663777,635908804,-0.38890058,0.5616411,1.913023
1751443663794,635925471,-0.2792954,0.5060902,1.6765938
1751443663794,635925471,-0.2792954,0.5060902,1.6765938
1751443663811,635942138,-0.050389208,0.39816052,1.4341688
1751443663811,635942138,-0.050389208,0.39816052,1.4341688
1751443663827,635958805,0.14807996,0.36232054,1.1672049
1751443663827,635958805,0.14807996,0.36232054,1.1672049
1751443663844,635975472,0.43030813,0.22370395,1.0315819
1751443663844,635975472,0.43030813,0.22370395,1.0315819
1751443663861,635992139,0.4097098,-0.019448087,0.9405651
1751443663861,635992139,0.4097098,-0.019448087,0.9405651
1751443663877,636008806,0.30497187,-0.1417508,0.73596096
1751443663877,636008806,0.30497187,-0.1417508,0.73596096
1751443663894,636025473,0.13879746,-0.052205585,0.6179333
1751443663894,636025473,0.13879746,-0.052205585,0.6179333
1751443663911,636042140,0.101771146,-0.17226736,0.36938477
1751443663911,636042140,0.101771146,-0.17226736,0.36938477
1751443663927,636058807,0.22461474,-0.16086909,0.13717651
1751443663927,636058807,0.22461474,-0.16086909,0.13717651
1751443663944,636075474,0.5842859,-0.005395603,-0.39691734
1751443663944,636075474,0.5842859,-0.005395603,-0.39691734
1751443663961,636092141,0.6128959,0.058400583,-0.73318005
1751443663961,636092141,0.6128959,0.058400583,-0.73318005
1751443663977,636108808,0.34785184,-0.1629876,-0.84470654
1751443663977,636108808,0.34785184,-0.1629876,-0.84470654
1751443663994,636125475,0.103950426,-0.33594579,-0.97117233
1751443663994,636125475,0.103950426,-0.33594579,-0.97117233
1751443664011,636142142,-0.06741059,-0.19360653,-0.98520374
1751443664011,636142142,-0.06741059,-0.19360653,-0.98520374
1751443664027,636158809,0.08127451,-0.15649572,-1.0379124
1751443664027,636158809,0.08127451,-0.15649572,-1.0379124
1751443664044,636175476,0.34651256,-0.050649434,-1.1120911
1751443664044,636175476,0.34651256,-0.050649434,-1.1120911
1751443664061,636192143,0.65122455,0.15618677,-0.8772192
1751443664061,636192143,0.65122455,0.15618677,-0.8772192
1751443664077,636208810,0.854998,0.09603519,-0.579834
1751443664077,636208810,0.854998,0.09603519,-0.579834
1751443664094,636225477,1.0802006,0.28306335,-0.18379784
1751443664094,636225477,1.0802006,0.28306335,-0.18379784
1751443664111,636242144,1.0086505,0.5582688,-0.0142326355
1751443664111,636242144,1.0086505,0.5582688,-0.0142326355
1751443664127,636258811,1.0154084,0.9697541,0.46557426
1751443664127,636258811,1.0154084,0.9697541,0.46557426
1751443664144,636275478,0.9053688,0.57573724,0.26650333
1751443664144,636275478,0.9053688,0.57573724,0.26650333
1751443664161,636292145,0.46803653,0.32351533,-0.10034275
1751443664161,636292145,0.46803653,0.32351533,-0.10034275
1751443664177,636308812,-0.06175814,0.23327583,-0.25600147
1751443664177,636308812,-0.06175814,0.23327583,-0.25600147
1751443664194,636325479,-0.4656369,0.13091472,-1.0443106
1751443664194,636325479,-0.4656369,0.13091472,-1.0443106
1751443664211,636342146,-0.6208655,-0.15704341,-1.7462931
1751443664211,636342146,-0.6208655,-0.15704341,-1.7462931
1751443664227,636358813,-0.5251219,-0.211797,-1.6766481
1751443664227,636358813,-0.5251219,-0.211797,-1.6766481
1751443664244,636375480,-0.44783708,0.09498004,-1.7410603
1751443664244,636375480,-0.44783708,0.09498004,-1.7410603
1751443664261,636392147,-0.62811273,0.04661318,-1.5283871
1751443664261,636392147,-0.62811273,0.04661318,-1.5283871
1751443664277,636408814,-0.80273247,-0.106426254,-1.4453382
1751443664277,636408814,-0.80273247,-0.106426254,-1.4453382
1751443664294,636425481,-0.96676475,-0.10571204,-1.3084402
1751443664294,636425481,-0.96676475,-0.10571204,-1.3084402
1751443664311,636442148,-1.2921345,-0.042984113,-1.2585354
1751443664311,636442148,-1.2921345,-0.042984113,-1.2585354
1751443664327,636458815,-1.4798183,0.22781418,-1.2059813
1751443664327,636458815,-1.4798183,0.22781418,-1.2059813
1751443664344,636475482,-1.5228578,0.47224668,-1.2795095
1751443664344,636475482,-1.5228578,0.47224668,-1.2795095
1751443664361,636492149,-1.5304575,0.6405099,-1.1064472
1751443664361,636492149,-1.5304575,0.6405099,-1.1064472
1751443664377,636508816,-1.2954808,0.44177407,-1.0003176
1751443664377,636508816,-1.2954808,0.44177407,-1.0003176
1751443664394,636525483,-1.3444215,0.19766036,-1.2477102
1751443664394,636525483,-1.3444215,0.19766036,-1.2477102
1751443664411,636542150,-1.5782902,0.30465046,-1.7340603
1751443664411,636542150,-1.5782902,0.30465046,-1.7340603
1751443664427,636558817,-2.0292828,0.28403142,-1.9304247
1751443664427,636558817,-2.0292828,0.28403142,-1.9304247
1751443664444,636575484,-2.469805,0.2822258,-1.7895031
1751443664444,636575484,-2.469805,0.2822258,-1.7895031
1751443664461,636592151,-2.282754,0.28747863,-1.6421347
1751443664461,636592151,-2.282754,0.28747863,-1.6421347
1751443664477,636608818,-1.8100103,0.4085639,-0.8671303
1751443664477,636608818,-1.8100103,0.4085639,-0.8671303
1751443664494,636625485,-1.1557198,0.25164038,0.38386536
1751443664494,636625485,-1.1557198,0.25164038,0.38386536
1751443664511,636642152,-0.7102974,-0.045743883,1.1776953
1751443664511,636642152,-0.7102974,-0.045743883,1.1776953
1751443664527,636658819,-0.6355845,0.09103443,0.9895725
1751443664527,636658819,-0.6355845,0.09103443,0.9895725
1751443664544,636675486,-1.0083828,0.4335016,0.39004993
1751443664544,636675486,-1.0083828,0.4335016,0.39004993
1751443664561,636692153,-1.2504334,0.4721825,-0.23138618
1751443664561,636692153,-1.2504334,0.4721825,-0.23138618
1751443664577,636708820,-1.1209459,0.40622917,-0.5436506
1751443664577,636708820,-1.1209459,0.40622917,-0.5436506
1751443664594,636725487,-1.2610254,0.4241433,-0.6167116
1751443664594,636725487,-1.2610254,0.4241433,-0.6167116
1751443664611,636742154,-1.189048,0.22200575,-0.6814308
1751443664611,636742154,-1.189048,0.22200575,-0.6814308
1751443664627,636758821,-1.1582667,0.065485105,-0.6443043
1751443664627,636758821,-1.1582667,0.065485105,-0.6443043
1751443664644,636775488,-1.0587541,0.06902924,-0.4547577
1751443664644,636775488,-1.0587541,0.06902924,-0.4547577
1751443664661,636792155,-0.87852985,0.02759815,-0.2785473
1751443664661,636792155,-0.87852985,0.02759815,-0.2785473
1751443664677,636808822,-0.7950635,0.08324561,-0.09084511
1751443664677,636808822,-0.7950635,0.08324561,-0.09084511
1751443664694,636825489,-0.7021315,0.12524839,0.089987755
1751443664694,636825489,-0.7021315,0.12524839,0.089987755
1751443664711,636842156,-0.6658927,0.24232492,0.17335606
1751443664711,636842156,-0.6658927,0.24232492,0.17335606
1751443664727,636858823,-0.8548029,0.32250294,0.21348763
1751443664727,636858823,-0.8548029,0.32250294,0.21348763
1751443664744,636875490,-1.0349593,0.3566057,0.2607727
1751443664744,636875490,-1.0349593,0.3566057,0.2607727
1751443664761,636892157,-1.0421137,0.3505674,0.1940918
1751443664761,636892157,-1.0421137,0.3505674,0.1940918
1751443664777,636908824,-1.1067935,0.40099123,0.22204399
1751443664777,636908824,-1.1067935,0.40099123,0.22204399
1751443664794,636925491,-1.1812446,0.41600847,0.24649715
1751443664794,636925491,-1.1812446,0.41600847,0.24649715
1751443664811,636942158,-1.1926913,0.3077523,0.31246853
1751443664811,636942158,-1.1926913,0.3077523,0.31246853
1751443664827,636958825,-1.12412,0.17107548,0.37997723
1751443664827,636958825,-1.12412,0.17107548,0.37997723
1751443664844,636975492,-1.0017076,0.10102361,0.45124817
1751443664844,636975492,-1.0017076,0.10102361,0.45124817
1751443664861,636992159,-0.862772,-0.033325724,0.4010601
1751443664861,636992159,-0.862772,-0.033325724,0.4010601
1751443664877,637008826,-0.75126266,-0.07743623,0.28892803
1751443664877,637008826,-0.75126266,-0.07743623,0.28892803
1751443664894,637025493,-0.7096655,-0.10364955,0.17277718
1751443664894,637025493,-0.7096655,-0.10364955,0.17277718
1751443664911,637042160,-0.66078824,-0.16895093,0.0007390976
1751443664911,637042160,-0.66078824,-0.16895093,0.0007390976
1751443664927,637058827,-0.5996601,-0.113051064,-0.16513824
1751443664927,637058827,-0.5996601,-0.113051064,-0.16513824
1751443664944,637075494,-0.6765097,-0.03893333,-0.26274586
1751443664944,637075494,-0.6765097,-0.03893333,-0.26274586
1751443664961,637092161,-0.73825526,-0.033442456,-0.3709154
1751443664961,637092161,-0.73825526,-0.033442456,-0.3709154
1751443664977,637108828,-0.80507433,0.0923722,-0.34313297
1751443664977,637108828,-0.80507433,0.0923722,-0.34313297
1751443664994,637125495,-0.72634244,0.19859584,-0.3244524
1751443664994,637125495,-0.72634244,0.19859584,-0.3244524
1751443665011,637142162,-0.581504,0.22577038,-0.21739674
1751443665011,637142162,-0.581504,0.22577038,-0.21739674
1751443665027,637158829,-0.5334757,0.23596928,-0.08763695
1751443665027,637158829,-0.5334757,0.23596928,-0.08763695
1751443665044,637175496,-0.5144783,0.18356661,-0.13803959
1751443665044,637175496,-0.5144783,0.18356661,-0.13803959
1751443665061,637192163,-0.58926594,0.041591905,-0.017015457
1751443665061,637192163,-0.58926594,0.041591905,-0.017015457
1751443665077,637208830,-0.57943565,-0.115102075,0.096157074
1751443665077,637208830,-0.57943565,-0.115102075,0.096157074
1751443665094,637225497,-0.5524681,-0.06066203,0.40628338
1751443665094,637225497,-0.5524681,-0.06066203,0.40628338
1751443665111,637242164,-0.38519728,-0.17928869,0.6044636
1751443665111,637242164,-0.38519728,-0.17928869,0.6044636
1751443665127,637258831,-0.22143616,-0.22005102,0.7438488
1751443665127,637258831,-0.22143616,-0.22005102,0.7438488
1751443665144,637275498,-0.1506148,-0.2749696,0.5900116
1751443665144,637275498,-0.1506148,-0.2749696,0.5900116
1751443665161,637292165,-0.26943454,-0.13630071,0.2433033
1751443665161,637292165,-0.26943454,-0.13630071,0.2433033
1751443665177,637308832,-0.40776625,-0.012593614,-0.08802986
1751443665177,637308832,-0.40776625,-0.012593614,-0.08802986
1751443665194,637325499,-0.5097178,0.025960192,-0.31513882
1751443665194,637325499,-0.5097178,0.025960192,-0.31513882
1751443665211,637342166,-0.5339852,0.119047195,-0.30517292
1751443665211,637342166,-0.5339852,0.119047195,-0.30517292
1751443665227,637358833,-0.47054446,0.13164556,-0.1811409
1751443665227,637358833,-0.47054446,0.13164556,-0.1811409
1751443665244,637375500,-0.4355855,0.19409044,-0.0391531
1751443665244,637375500,-0.4355855,0.19409044,-0.0391531
1751443665261,637392167,-0.49776918,0.24297205,0.055800438
1751443665261,637392167,-0.49776918,0.24297205,0.055800438
1751443665277,637408834,-0.5037642,0.2596345,0.13356686
1751443665277,637408834,-0.5037642,0.2596345,0.13356686
1751443665294,637425501,-0.50246423,0.3104745,0.20568275
1751443665294,637425501,-0.50246423,0.3104745,0.20568275
1751443665311,637442168,-0.49776694,0.36649194,0.3056736
1751443665311,637442168,-0.49776694,0.36649194,0.3056736
1751443665327,637458835,-0.595542,0.37389895,0.32919502
1751443665327,637458835,-0.595542,0.37389895,0.32919502
1751443665344,637475502,-0.7698389,0.32053065,0.048383713
1751443665344,637475502,-0.7698389,0.32053065,0.048383713
1751443665361,637492169,-1.0045673,0.33120492,-0.28596783
1751443665361,637492169,-1.0045673,0.33120492,-0.28596783
1751443665377,637508836,-1.1548815,0.33273995,-0.46843338
1751443665377,637508836,-1.1548815,0.33273995,-0.46843338
1751443665394,637525503,-1.1716028,0.25798017,-0.44572926
1751443665394,637525503,-1.1716028,0.25798017,-0.44572926
1751443665411,637542170,-0.9741754,0.25449002,-0.23862743
1751443665411,637542170,-0.9741754,0.25449002,-0.23862743
1751443665427,637558837,-0.76696914,0.2502693,-0.056303024
1751443665427,637558837,-0.76696914,0.2502693,-0.056303024
1751443665444,637575504,-0.758029,0.19159906,-0.014339447
1751443665444,637575504,-0.758029,0.19159906,-0.014339447
1751443665461,637592171,-0.95640767,0.055405006,-0.15596294
1751443665461,637592171,-0.95640767,0.055405006,-0.15596294
1751443665477,637608838,-1.145934,-0.0559387,-0.16972828
1751443665477,637608838,-1.145934,-0.0559387,-0.16972828
1751443665494,637625505,-1.1136873,-0.02140293,-0.034028053
1751443665494,637625505,-1.1136873,-0.02140293,-0.034028053
1751443665511,637642172,-0.953977,0.22134751,0.18403721
1751443665511,637642172,-0.953977,0.22134751,0.18403721
1751443665527,637658839,-0.9265537,0.36742625,0.23837566
1751443665527,637658839,-0.9265537,0.36742625,0.23837566
1751443665544,637675506,-0.93051183,0.47772798,0.009688377
1751443665544,637675506,-0.93051183,0.47772798,0.009688377
1751443665561,637692173,-0.97219753,0.47584152,-0.2505474
1751443665561,637692173,-0.97219753,0.47584152,-0.2505474
1751443665577,637708840,-0.9847755,0.349318,-0.44972706
1751443665577,637708840,-0.9847755,0.349318,-0.44972706
1751443665594,637725507,-1.1626476,0.14301136,-0.69946384
1751443665594,637725507,-1.1626476,0.14301136,-0.69946384
1751443665611,637742174,-1.2173215,-0.198039,-0.8525562
1751443665611,637742174,-1.2173215,-0.198039,-0.8525562
1751443665627,637758841,-1.2522856,-0.4402988,-0.84998226
1751443665627,637758841,-1.2522856,-0.4402988,-0.84998226
1751443665644,637775508,-1.0030078,-0.49504146,-0.4783697
1751443665644,637775508,-1.0030078,-0.49504146,-0.4783697
1751443665661,637792175,-0.81833446,-0.5561346,-0.30421734
1751443665661,637792175,-0.81833446,-0.5561346,-0.30421734
1751443665677,637808842,-0.7911364,-0.5649087,-0.1957922
1751443665677,637808842,-0.7911364,-0.5649087,-0.1957922
1751443665694,637825509,-1.0432523,-0.44728258,-0.15499687
1751443665694,637825509,-1.0432523,-0.44728258,-0.15499687
1751443665711,637842176,-1.0158507,-0.34753823,0.053486824
1751443665711,637842176,-1.0158507,-0.34753823,0.053486824
1751443665727,637858843,-0.6461262,-0.16251677,0.17502975
1751443665727,637858843,-0.6461262,-0.16251677,0.17502975
1751443665744,637875510,-0.63699,0.09446613,0.033341408
1751443665744,637875510,-0.63699,0.09446613,0.033341408
1751443665761,637892177,-0.8049779,0.34988812,-0.5399637
1751443665761,637892177,-0.8049779,0.34988812,-0.5399637
1751443665777,637908844,-0.78302777,0.5214362,-0.7214794
1751443665777,637908844,-0.78302777,0.5214362,-0.7214794
1751443665794,637925511,-0.602525,0.42930374,-0.73767567
1751443665794,637925511,-0.602525,0.42930374,-0.73767567
1751443665811,637942178,-0.3595869,0.0051952233,-0.56132317
1751443665811,637942178,-0.3595869,0.0051952233,-0.56132317
1751443665827,637958845,-0.48712057,-0.34099185,-0.53622437
1751443665827,637958845,-0.48712057,-0.34099185,-0.53622437
1751443665844,637975512,-0.57419854,-0.5090087,-0.8070736
1751443665844,637975512,-0.57419854,-0.5090087,-0.8070736
1751443665861,637992179,-0.7272592,-0.44082543,-1.0758896
1751443665861,637992179,-0.7272592,-0.44082543,-1.0758896
1751443665877,638008846,-0.7212875,-0.07994824,-1.2539473
1751443665877,638008846,-0.7212875,-0.07994824,-1.2539473
1751443665894,638025513,-0.5589972,0.06251165,-1.2508698
1751443665894,638025513,-0.5589972,0.06251165,-1.2508698
1751443665911,638042180,-0.5690578,0.4508699,-0.79920006
1751443665911,638042180,-0.5690578,0.4508699,-0.79920006
1751443665927,638058847,-0.50526863,0.2477712,-1.0772839
1751443665927,638058847,-0.50526863,0.2477712,-1.0772839
1751443665944,638075514,-0.2215604,0.20421238,-0.6626415
1751443665944,638075514,-0.2215604,0.20421238,-0.6626415
1751443665961,638092181,-0.112837836,-0.071255095,-0.9925585
1751443665961,638092181,-0.112837836,-0.071255095,-0.9925585
1751443665977,638108848,0.019856974,-0.1632594,-0.7782316
1751443665977,638108848,0.019856974,-0.1632594,-0.7782316
1751443665994,638125515,0.14656256,-0.20768349,-0.6418495
1751443665994,638125515,0.14656256,-0.20768349,-0.6418495
1751443666011,638142182,0.42919573,-0.040891025,-0.096037865
1751443666011,638142182,0.42919573,-0.040891025,-0.096037865
1751443666027,638158849,0.6016516,-0.16418424,0.46605968
1751443666027,638158849,0.6016516,-0.16418424,0.46605968
1751443666044,638175516,0.5523911,-0.016992237,0.4614296
1751443666044,638175516,0.5523911,-0.016992237,0.4614296
1751443666061,638192183,0.33671623,0.04064762,0.4791193
1751443666061,638192183,0.33671623,0.04064762,0.4791193
1751443666077,638208850,0.005943796,-0.0677627,-0.20768452
1751443666077,638208850,0.005943796,-0.0677627,-0.20768452
1751443666094,638225517,-0.06298081,0.02425138,-0.7807121
1751443666094,638225517,-0.06298081,0.02425138,-0.7807121
1751443666111,638242184,0.048681375,0.064151965,-1.2436419
1751443666111,638242184,0.048681375,0.064151965,-1.2436419
1751443666127,638258851,0.40754196,0.004708859,-1.1527462
1751443666127,638258851,0.40754196,0.004708859,-1.1527462
1751443666144,638275518,0.9682559,0.07641852,-0.753067
1751443666144,638275518,0.9682559,0.07641852,-0.753067
1751443666161,638292185,0.62429464,0.27034485,-0.8152075
1751443666161,638292185,0.62429464,0.27034485,-0.8152075
1751443666177,638308852,0.2510872,0.25261033,-0.96919346
1751443666177,638308852,0.2510872,0.25261033,-0.96919346
1751443666194,638325519,0.008322952,0.12220124,-1.2367125
1751443666194,638325519,0.008322952,0.12220124,-1.2367125
1751443666211,638342186,-0.05546435,0.07653039,-0.8397112
1751443666211,638342186,-0.05546435,0.07653039,-0.8397112
1751443666227,638358853,0.15328357,0.25913188,0.040081978
1751443666227,638358853,0.15328357,0.25913188,0.040081978
1751443666244,638375520,0.57488525,0.34464803,0.7641554
1751443666244,638375520,0.57488525,0.34464803,0.7641554
1751443666261,638392187,0.5845122,0.26861095,0.17288685
1751443666261,638392187,0.5845122,0.26861095,0.17288685
1751443666277,638408854,0.6685145,0.24153827,-0.1951046
1751443666277,638408854,0.6685145,0.24153827,-0.1951046
1751443666294,638425521,0.8238052,0.508216,0.035128593
1751443666294,638425521,0.8238052,0.508216,0.035128593
1751443666311,638442188,0.87762564,0.6871837,0.26912212
1751443666311,638442188,0.87762564,0.6871837,0.26912212
1751443666327,638458855,0.65775293,0.28787285,0.298007
1751443666327,638458855,0.65775293,0.28787285,0.298007
1751443666344,638475522,0.5393661,-0.33783054,0.5810375
1751443666344,638475522,0.5393661,-0.33783054,0.5810375
1751443666361,638492189,0.26687306,-0.5747459,0.6982527
1751443666361,638492189,0.26687306,-0.5747459,0.6982527
1751443666377,638508856,-0.2621951,-0.6237369,0.8407059
1751443666377,638508856,-0.2621951,-0.6237369,0.8407059
1751443666394,638525523,-0.77601755,-0.32426533,0.8082218
1751443666394,638525523,-0.77601755,-0.32426533,0.8082218
1751443666411,638542190,-1.0301263,0.19670011,1.0568962
1751443666411,638542190,-1.0301263,0.19670011,1.0568962
1751443666427,638558857,-0.93759257,0.34815374,1.4188337
1751443666427,638558857,-0.93759257,0.34815374,1.4188337
1751443666444,638575524,-0.8050236,0.19007397,2.0361252
1751443666444,638575524,-0.8050236,0.19007397,2.0361252
1751443666461,638592191,-1.0085611,-0.04316393,2.9257364
1751443666461,638592191,-1.0085611,-0.04316393,2.9257364
1751443666477,638608858,-1.0950521,-0.05976759,3.1054058
1751443666477,638608858,-1.0950521,-0.05976759,3.1054058
1751443666494,638625525,-0.7716266,-0.062226567,2.026967
1751443666494,638625525,-0.7716266,-0.062226567,2.026967
1751443666511,638642192,0.09248648,-0.19335234,0.320858
1751443666511,638642192,0.09248648,-0.19335234,0.320858
1751443666527,638658859,0.4220461,-0.5045482,0.30570698
1751443666527,638658859,0.4220461,-0.5045482,0.30570698
1751443666544,638675526,-0.36812544,0.06351121,2.2036772
1751443666544,638675526,-0.36812544,0.06351121,2.2036772
1751443666561,638692193,0.06176786,-0.1572807,3.0017538
1751443666561,638692193,0.06176786,-0.1572807,3.0017538
1751443666577,638708860,-0.19505239,-0.2799875,3.1040668
1751443666577,638708860,-0.19505239,-0.2799875,3.1040668
1751443666594,638725527,-0.71195924,-0.25353432,2.2939835
1751443666594,638725527,-0.71195924,-0.25353432,2.2939835
1751443666611,638742194,-0.22378732,-0.33903316,1.9752169
1751443666611,638742194,-0.22378732,-0.33903316,1.9752169
1751443666627,638758861,0.47298935,-0.38680145,1.310607
1751443666627,638758861,0.47298935,-0.38680145,1.310607
1751443666644,638775528,1.1480486,-0.27947813,0.783617
1751443666644,638775528,1.1480486,-0.27947813,0.783617
1751443666661,638792195,1.3904891,-0.29102448,0.08011818
1751443666661,638792195,1.3904891,-0.29102448,0.08011818
1751443666677,638808862,1.420857,-0.30371705,-0.77678204
1751443666677,638808862,1.420857,-0.30371705,-0.77678204
1751443666694,638825529,1.4224691,-0.3611924,-1.1924152
1751443666694,638825529,1.4224691,-0.3611924,-1.1924152
1751443666711,638842196,1.1398591,-0.35340282,-1.5546293
1751443666711,638842196,1.1398591,-0.35340282,-1.5546293
1751443666727,638858863,0.93937904,-0.4894632,-1.7906742
1751443666727,638858863,0.93937904,-0.4894632,-1.7906742
1751443666744,638875530,0.74217826,-0.5670552,-2.0932565
1751443666744,638875530,0.74217826,-0.5670552,-2.0932565
1751443666761,638892197,0.7691362,-0.4346248,-2.0681043
1751443666761,638892197,0.7691362,-0.4346248,-2.0681043
1751443666777,638908864,0.9607521,-0.429399,-1.4136562
1751443666777,638908864,0.9607521,-0.429399,-1.4136562
1751443666794,638925531,1.0637733,-0.23979905,-0.61508656
1751443666794,638925531,1.0637733,-0.23979905,-0.61508656
1751443666811,638942198,1.2102482,0.034520403,-0.34360504
1751443666811,638942198,1.2102482,0.034520403,-0.34360504
1751443666827,638958865,0.9970542,0.060249146,-0.27478695
1751443666827,638958865,0.9970542,0.060249146,-0.27478695
1751443666844,638975532,0.81705797,0.17729305,-0.37081623
1751443666844,638975532,0.81705797,0.17729305,-0.37081623
1751443666861,638992199,0.49087435,0.14828017,-0.105436325
1751443666861,638992199,0.49087435,0.14828017,-0.105436325
1751443666877,639008866,0.22676241,0.11695662,0.14473915
1751443666877,639008866,0.22676241,0.11695662,0.14473915
1751443666894,639025533,-0.09420166,-0.042238474,0.20143795
1751443666894,639025533,-0.09420166,-0.042238474,0.20143795
1751443666911,639042200,-0.32969755,-0.17251344,-0.0011444092
1751443666911,639042200,-0.32969755,-0.17251344,-0.0011444092
1751443666927,639058867,-0.22745703,-0.19415408,-0.22441292
1751443666927,639058867,-0.22745703,-0.19415408,-0.22441292
1751443666944,639075534,-0.1586383,-0.19365716,-0.33520985
1751443666944,639075534,-0.1586383,-0.19365716,-0.33520985
1751443666961,639092201,-0.11918781,-0.20080857,-0.4595747
1751443666961,639092201,-0.11918781,-0.20080857,-0.4595747
1751443666977,639108868,-0.24233244,-0.14075404,-0.37298965
1751443666977,639108868,-0.24233244,-0.14075404,-0.37298965
1751443666994,639125535,-0.34049264,-0.21616463,-0.30613518
1751443666994,639125535,-0.34049264,-0.21616463,-0.30613518
1751443667011,639142202,-0.642001,-0.18275073,-0.44258976
1751443667011,639142202,-0.642001,-0.18275073,-0.44258976
1751443667027,639158869,-0.8187438,-0.13402413,-0.6128845
1751443667027,639158869,-0.8187438,-0.13402413,-0.6128845
1751443667044,639175536,-0.8633377,-0.17138548,-0.6528969
1751443667044,639175536,-0.8633377,-0.17138548,-0.6528969
1751443667061,639192203,-0.7747749,-0.17321712,-0.7574587
1751443667061,639192203,-0.7747749,-0.17321712,-0.7574587
1751443667077,639208870,-0.57528424,-0.15235844,-0.83040047
1751443667077,639208870,-0.57528424,-0.15235844,-0.83040047
1751443667094,639225537,-0.31675807,-0.06953086,-0.8707981
1751443667094,639225537,-0.31675807,-0.06953086,-0.8707981
1751443667111,639242204,-0.09800867,0.008279535,-0.70719147
1751443667111,639242204,-0.09800867,0.008279535,-0.70719147
1751443667127,639258871,0.07545814,-0.008464492,-0.5566702
1751443667127,639258871,0.07545814,-0.008464492,-0.5566702
1751443667144,639275538,0.25916842,-0.039525807,-0.5081072
1751443667144,639275538,0.25916842,-0.039525807,-0.5081072
1751443667161,639292205,0.41791666,-0.08088571,-0.528203
1751443667161,639292205,0.41791666,-0.08088571,-0.528203
1751443667177,639308872,0.49523023,-0.09525826,-0.5166311
1751443667177,639308872,0.49523023,-0.09525826,-0.5166311
1751443667194,639325539,0.4810009,-0.057641868,-0.39374352
1751443667194,639325539,0.4810009,-0.057641868,-0.39374352
1751443667211,639342206,0.4675212,0.009283387,-0.2505226
1751443667211,639342206,0.4675212,0.009283387,-0.2505226
1751443667227,639358873,0.43417165,0.14168017,-0.24895668
1751443667227,639358873,0.43417165,0.14168017,-0.24895668
1751443667244,639375540,0.48936608,0.26815587,-0.3908577
1751443667244,639375540,0.48936608,0.26815587,-0.3908577
1751443667261,639392207,0.49924973,0.34450784,-0.3889284
1751443667261,639392207,0.49924973,0.34450784,-0.3889284
1751443667277,639408874,0.33631167,0.32007033,-0.19159126
1751443667277,639408874,0.33631167,0.32007033,-0.19159126
1751443667294,639425541,0.15243575,0.26706082,-0.19612503
1751443667294,639425541,0.15243575,0.26706082,-0.19612503
1751443667311,639442208,-0.030197382,0.21403338,-0.44865322
1751443667311,639442208,-0.030197382,0.21403338,-0.44865322
1751443667327,639458875,-0.15911466,0.18311635,-0.5604391
1751443667327,639458875,-0.15911466,0.18311635,-0.5604391
1751443667344,639475542,-0.2619575,0.18945567,-0.48825645
1751443667344,639475542,-0.2619575,0.18945567,-0.48825645
1751443667361,639492209,-0.3333116,0.19371963,-0.48322964
1751443667361,639492209,-0.3333116,0.19371963,-0.48322964
1751443667377,639508876,-0.3738496,0.16765109,-0.42439365
1751443667377,639508876,-0.3738496,0.16765109,-0.42439365
1751443667394,639525543,-0.26178306,0.03667216,-0.38000584
1751443667394,639525543,-0.26178306,0.03667216,-0.38000584
1751443667411,639542210,-0.20826803,-0.14530957,-0.32823563
1751443667411,639542210,-0.20826803,-0.14530957,-0.32823563
1751443667427,639558877,-0.15425138,-0.2356396,-0.39881134
1751443667427,639558877,-0.15425138,-0.2356396,-0.39881134
1751443667444,639575544,-0.045947753,-0.24527574,-0.6125984
1751443667444,639575544,-0.045947753,-0.24527574,-0.6125984
1751443667461,639592211,-0.013632866,-0.18431051,-0.8184309
1751443667461,639592211,-0.013632866,-0.18431051,-0.8184309
1751443667477,639608878,-0.004832881,-0.1526965,-0.73945427
1751443667477,639608878,-0.004832881,-0.1526965,-0.73945427
1751443667494,639625545,0.03647952,-0.14577101,-0.61133766
1751443667494,639625545,0.03647952,-0.14577101,-0.61133766
1751443667511,639642212,0.22813426,-0.16027477,-0.5208435
1751443667511,639642212,0.22813426,-0.16027477,-0.5208435
1751443667527,639658879,0.4027887,-0.08952728,-0.53235626
1751443667527,639658879,0.4027887,-0.08952728,-0.53235626
1751443667544,639675546,0.47324163,-0.019299561,-0.59202194
1751443667544,639675546,0.47324163,-0.019299561,-0.59202194
1751443667561,639692213,0.40338165,-0.0029001923,-0.6863432
1751443667561,639692213,0.40338165,-0.0029001923,-0.6863432
1751443667577,639708880,0.2618597,0.012686484,-0.6422796
1751443667577,639708880,0.2618597,0.012686484,-0.6422796
1751443667594,639725547,0.12281291,0.050749958,-0.4946556
1751443667594,639725547,0.12281291,0.050749958,-0.4946556
1751443667611,639742214,0.07733783,0.0070066284,-0.33994484
1751443667611,639742214,0.07733783,0.0070066284,-0.33994484
1751443667627,639758881,0.095108196,0.0013479508,-0.44197845
1751443667627,639758881,0.095108196,0.0013479508,-0.44197845
1751443667644,639775548,0.27554125,-0.07541294,-0.44705868
1751443667644,639775548,0.27554125,-0.07541294,-0.44705868
1751443667661,639792215,0.52270293,-0.08160654,-0.39448643
1751443667661,639792215,0.52270293,-0.08160654,-0.39448643
1751443667677,639808882,0.46963537,-0.13478781,-0.07827568
1751443667677,639808882,0.46963537,-0.13478781,-0.07827568
1751443667694,639825549,0.19354339,-0.17985232,-0.048840523
1751443667694,639825549,0.19354339,-0.17985232,-0.048840523
1751443667711,639842216,-0.15293698,-0.2845934,-0.22418594
1751443667711,639842216,-0.15293698,-0.2845934,-0.22418594
1751443667727,639858883,0.096875906,-0.61883533,-0.103899
1751443667727,639858883,0.096875906,-0.61883533,-0.103899
1751443667744,639875550,0.65247935,-0.73232496,0.04170704
1751443667744,639875550,0.65247935,-0.73232496,0.04170704
1751443667761,639892217,0.7279463,-0.6404805,-0.27995396
1751443667761,639892217,0.7279463,-0.6404805,-0.27995396
1751443667777,639908884,0.5059895,-0.3820505,-1.0275669
1751443667777,639908884,0.5059895,-0.3820505,-1.0275669
1751443667794,639925551,0.37984666,0.028551713,-1.1150227
1751443667794,639925551,0.37984666,0.028551713,-1.1150227
1751443667811,639942218,0.41848212,0.33247632,-0.46160698
1751443667811,639942218,0.41848212,0.33247632,-0.46160698
1751443667827,639958885,-0.013108308,0.24866532,0.47380352
1751443667827,639958885,-0.013108308,0.24866532,0.47380352
1751443667844,639975552,-0.5583144,0.22114584,1.284297
1751443667844,639975552,-0.5583144,0.22114584,1.284297
1751443667861,639992219,-0.56379056,0.16498184,1.9977484
1751443667861,639992219,-0.56379056,0.16498184,1.9977484
1751443667877,640008886,-0.39021719,0.05816053,2.5814772
1751443667877,640008886,-0.39021719,0.05816053,2.5814772
1751443667894,640025553,-0.20460644,-0.07520607,2.709114
1751443667894,640025553,-0.20460644,-0.07520607,2.709114
1751443667911,640042220,0.17364822,-0.2751811,2.1857004
1751443667911,640042220,0.17364822,-0.2751811,2.1857004
1751443667927,640058887,0.4700146,-0.32550997,1.8115158
1751443667927,640058887,0.4700146,-0.32550997,1.8115158
1751443667944,640075554,0.48571482,-0.19118974,1.7056541
1751443667944,640075554,0.48571482,-0.19118974,1.7056541
1751443667961,640092221,0.27415535,-0.006962987,1.6443806
1751443667961,640092221,0.27415535,-0.006962987,1.6443806
1751443667977,640108888,0.14752285,0.118061334,1.6392832
1751443667977,640108888,0.14752285,0.118061334,1.6392832
1751443667994,640125555,-0.0009033835,0.17202306,1.5564909
1751443667994,640125555,-0.0009033835,0.17202306,1.5564909
1751443668011,640142222,-0.1361223,0.0065104854,1.4897041
1751443668011,640142222,-0.1361223,0.0065104854,1.4897041
1751443668027,640158889,-0.14493647,0.007751541,1.4685307
1751443668027,640158889,-0.14493647,0.007751541,1.4685307
1751443668044,640175556,-0.1480899,0.09198587,1.2363853
1751443668044,640175556,-0.1480899,0.09198587,1.2363853
1751443668061,640192223,-0.08141426,0.14515479,0.9533739
1751443668061,640192223,-0.08141426,0.14515479,0.9533739
1751443668077,640208890,0.22956295,0.2857232,0.71942616
1751443668077,640208890,0.22956295,0.2857232,0.71942616
1751443668094,640225557,0.537276,0.19493482,0.63137627
1751443668094,640225557,0.537276,0.19493482,0.63137627
1751443668111,640242224,0.7504957,0.11420048,0.5602007
1751443668111,640242224,0.7504957,0.11420048,0.5602007
1751443668127,640258891,0.9751554,0.13590996,0.6899557
1751443668127,640258891,0.9751554,0.13590996,0.6899557
1751443668144,640275558,1.0055124,0.1390492,0.8483782
1751443668144,640275558,1.0055124,0.1390492,0.8483782
1751443668161,640292225,0.82506466,0.016511125,0.7118902
1751443668161,640292225,0.82506466,0.016511125,0.7118902
1751443668177,640308892,0.4541044,-0.063890845,0.6621008
1751443668177,640308892,0.4541044,-0.063890845,0.6621008
1751443668194,640325559,0.07223614,-0.17952974,0.59280396
1751443668194,640325559,0.07223614,-0.17952974,0.59280396
1751443668211,640342226,-0.17974432,-0.2658804,0.50891113
1751443668211,640342226,-0.17974432,-0.2658804,0.50891113
1751443668227,640358893,-0.31159958,-0.29650345,0.33948803
1751443668227,640358893,-0.31159958,-0.29650345,0.33948803
1751443668244,640375560,-0.13813749,-0.33510605,-0.057660103
1751443668244,640375560,-0.13813749,-0.33510605,-0.057660103
1751443668261,640392227,0.030901225,-0.194141,-0.5159159
1751443668261,640392227,0.030901225,-0.194141,-0.5159159
1751443668277,640408894,0.30347383,-0.1601543,-0.7103653
1751443668277,640408894,0.30347383,-0.1601543,-0.7103653
1751443668294,640425561,0.3254263,0.033026833,-0.9744139
1751443668294,640425561,0.3254263,0.033026833,-0.9744139
1751443668311,640442228,0.08196743,0.10929415,-1.1050625
1751443668311,640442228,0.08196743,0.10929415,-1.1050625
1751443668327,640458895,-0.055738263,0.12965629,-1.1102505
1751443668327,640458895,-0.055738263,0.12965629,-1.1102505
1751443668344,640475562,-0.21966682,0.27986237,-1.0739965
1751443668344,640475562,-0.21966682,0.27986237,-1.0739965
1751443668361,640492229,-0.34579566,0.81312406,-0.8804264
1751443668361,640492229,-0.34579566,0.81312406,-0.8804264
1751443668377,640508896,-0.07690589,1.0673258,-0.6885462
1751443668377,640508896,-0.07690589,1.0673258,-0.6885462
1751443668394,640525563,0.33259884,0.95164275,-0.50481224
1751443668394,640525563,0.33259884,0.95164275,-0.50481224
1751443668411,640542230,0.7292214,0.6189145,-0.4053173
1751443668411,640542230,0.7292214,0.6189145,-0.4053173
1751443668427,640558897,0.8723922,0.32035375,-0.0888176
1751443668427,640558897,0.8723922,0.32035375,-0.0888176
1751443668444,640575564,0.95384926,0.06455512,0.14378166
1751443668444,640575564,0.95384926,0.06455512,0.14378166
1751443668461,640592231,0.8573057,-0.08470336,0.55460453
1751443668461,640592231,0.8573057,-0.08470336,0.55460453
1751443668477,640608898,0.6509646,-0.11420607,0.48845577
1751443668477,640608898,0.6509646,-0.11420607,0.48845577
1751443668494,640625565,0.35839778,-0.13935205,0.21123505
1751443668494,640625565,0.35839778,-0.13935205,0.21123505
1751443668511,640642232,-0.009676966,-0.09605615,-0.3286953
1751443668511,640642232,-0.009676966,-0.09605615,-0.3286953
1751443668527,640658899,-0.22906122,-0.16166468,-1.1527977
1751443668527,640658899,-0.22906122,-0.16166468,-1.1527977
1751443668544,640675566,-0.20927493,-0.11274787,-1.777751
1751443668544,640675566,-0.20927493,-0.11274787,-1.777751
1751443668561,640692233,-0.08678393,0.20958598,-1.8925681
1751443668561,640692233,-0.08678393,0.20958598,-1.8925681
1751443668577,640708900,-0.14498737,0.3764252,-1.8695774
1751443668577,640708900,-0.14498737,0.3764252,-1.8695774
1751443668594,640725567,-0.12160795,0.18756793,-1.8599753
1751443668594,640725567,-0.12160795,0.18756793,-1.8599753
1751443668611,640742234,-0.43010843,0.27375627,-1.5643473
1751443668611,640742234,-0.43010843,0.27375627,-1.5643473
1751443668627,640758901,-0.48185983,0.016946696,-1.0945873
1751443668627,640758901,-0.48185983,0.016946696,-1.0945873
1751443668644,640775568,-0.26366755,-0.32474023,-0.37647343
1751443668644,640775568,-0.26366755,-0.32474023,-0.37647343
1751443668661,640792235,-0.067869544,-0.32525465,0.21478653
1751443668661,640792235,-0.067869544,-0.32525465,0.21478653
1751443668677,640808902,-0.22964744,0.0077186287,0.40421867
1751443668677,640808902,-0.22964744,0.0077186287,0.40421867
1751443668694,640825569,-0.55738854,0.07952853,0.28307152
1751443668694,640825569,-0.55738854,0.07952853,0.28307152
1751443668711,640842236,-1.1472453,0.48897198,-0.23761177
1751443668711,640842236,-1.1472453,0.48897198,-0.23761177
1751443668727,640858903,-1.3243583,0.24279553,-0.6620817
1751443668727,640858903,-1.3243583,0.24279553,-0.6620817
1751443668744,640875570,-1.3098725,0.42250514,-0.9245615
1751443668744,640875570,-1.3098725,0.42250514,-0.9245615
1751443668761,640892237,-1.1048632,0.47400382,-0.86912537
1751443668761,640892237,-1.1048632,0.47400382,-0.86912537
1751443668777,640908904,-1.3540651,0.7652531,-0.62651825
1751443668777,640908904,-1.3540651,0.7652531,-0.62651825
1751443668794,640925571,-1.4645445,0.9931761,-0.6427641
1751443668794,640925571,-1.4645445,0.9931761,-0.6427641
1751443668811,640942238,-1.6174047,0.84273255,-0.81596565
1751443668811,640942238,-1.6174047,0.84273255,-0.81596565
1751443668827,640958905,-1.6470934,0.677791,-1.1888399
1751443668827,640958905,-1.6470934,0.677791,-1.1888399
1751443668844,640975572,-1.6594225,0.38760254,-1.6655455
1751443668844,640975572,-1.6594225,0.38760254,-1.6655455
1751443668861,640992239,-1.7904075,0.2443628,-1.8729434
1751443668861,640992239,-1.7904075,0.2443628,-1.8729434
1751443668877,641008906,-1.8496549,0.32819474,-1.8101807
1751443668877,641008906,-1.8496549,0.32819474,-1.8101807
1751443668894,641025573,-1.6235632,0.12407048,-1.571949
1751443668894,641025573,-1.6235632,0.12407048,-1.571949
1751443668911,641042240,-1.548834,0.05991086,-1.0274582
1751443668911,641042240,-1.548834,0.05991086,-1.0274582
1751443668927,641058907,-1.4709723,0.24703217,-0.30270863
1751443668927,641058907,-1.4709723,0.24703217,-0.30270863
1751443668944,641075574,-1.1524502,0.23253393,0.5646486
1751443668944,641075574,-1.1524502,0.23253393,0.5646486
1751443668961,641092241,-0.74507374,-0.0560523,1.1416502
1751443668961,641092241,-0.74507374,-0.0560523,1.1416502
1751443668977,641108908,-0.39362517,-0.32647365,1.1488895
1751443668977,641108908,-0.39362517,-0.32647365,1.1488895
1751443668994,641125575,-0.4288217,-0.38847595,0.7673073
1751443668994,641125575,-0.4288217,-0.38847595,0.7673073
1751443669011,641142242,-0.6198714,-0.3250762,0.22983742
1751443669011,641142242,-0.6198714,-0.3250762,0.22983742
1751443669027,641158909,-0.8071457,-0.20818505,-0.15828991
1751443669027,641158909,-0.8071457,-0.20818505,-0.15828991
1751443669044,641175576,-0.8607566,-0.14948826,-0.37831688
1751443669044,641175576,-0.8607566,-0.14948826,-0.37831688
1751443669061,641192243,-1.0346303,-0.1281083,-0.43360996
1751443669061,641192243,-1.0346303,-0.1281083,-0.43360996
1751443669077,641208910,-1.1364499,-0.20961073,-0.3898859
1751443669077,641208910,-1.1364499,-0.20961073,-0.3898859
1751443669094,641225577,-1.0963368,-0.3138043,-0.20892715
1751443669094,641225577,-1.0963368,-0.3138043,-0.20892715
1751443669111,641242244,-0.89534336,-0.18098643,0.13671017
1751443669111,641242244,-0.89534336,-0.18098643,0.13671017
1751443669127,641258911,-0.5537537,-0.10714988,0.46356392
1751443669127,641258911,-0.5537537,-0.10714988,0.46356392
1751443669144,641275578,-0.44163215,0.08785322,0.6098604
1751443669144,641275578,-0.44163215,0.08785322,0.6098604
1751443669161,641292245,-0.51177657,0.10076512,0.3596859
1751443669161,641292245,-0.51177657,0.10076512,0.3596859
1751443669177,641308912,-0.72916585,0.17653064,0.07318306
1751443669177,641308912,-0.72916585,0.17653064,0.07318306
1751443669194,641325579,-0.7783792,0.19589424,-0.0048007965
1751443669194,641325579,-0.7783792,0.19589424,-0.0048007965
1751443669211,641342246,-0.6564076,0.2689025,0.081954956
1751443669211,641342246,-0.6564076,0.2689025,0.081954956
1751443669227,641358913,-0.562154,0.36705118,0.23658562
1751443669227,641358913,-0.562154,0.36705118,0.23658562
1751443669244,641375580,-0.58476305,0.3978535,0.15909576
1751443669244,641375580,-0.58476305,0.3978535,0.15909576
1751443669261,641392247,-0.68316334,0.26244655,-0.060746193
1751443669261,641392247,-0.68316334,0.26244655,-0.060746193
1751443669277,641408914,-0.7200336,0.23753336,-0.20410919
1751443669277,641408914,-0.7200336,0.23753336,-0.20410919
1751443669294,641425581,-0.7315213,0.1267029,-0.24728584
1751443669294,641425581,-0.7315213,0.1267029,-0.24728584
1751443669311,641442248,-0.65829426,0.035505593,-0.27433777
1751443669311,641442248,-0.65829426,0.035505593,-0.27433777
1751443669327,641458915,-0.62826866,-0.0058831964,-0.14949703
1751443669327,641458915,-0.62826866,-0.0058831964,-0.14949703
1751443669344,641475582,-0.55185366,-0.084320374,0.02528572
1751443669344,641475582,-0.55185366,-0.084320374,0.02528572
1751443669361,641492249,-0.46880686,-0.1328609,0.09292984
1751443669361,641492249,-0.46880686,-0.1328609,0.09292984
1751443669377,641508916,-0.5201852,-0.14104204,0.0060367584
1751443669377,641508916,-0.5201852,-0.14104204,0.0060367584
1751443669394,641525583,-0.6510866,-0.12006926,-0.10647297
1751443669394,641525583,-0.6510866,-0.12006926,-0.10647297
1751443669411,641542250,-0.65843564,-0.11858759,-0.13531685
1751443669411,641542250,-0.65843564,-0.11858759,-0.13531685
1751443669427,641558917,-0.61540055,-0.09071821,-0.0671587
1751443669427,641558917,-0.61540055,-0.09071821,-0.0671587
1751443669444,641575584,-0.51507044,-0.11206627,0.04490757
1751443669444,641575584,-0.51507044,-0.11206627,0.04490757
1751443669461,641592251,-0.48761776,-0.09977339,0.07289219
1751443669461,641592251,-0.48761776,-0.09977339,0.07289219
1751443669477,641608918,-0.5426195,-0.08664882,0.03090763
1751443669477,641608918,-0.5426195,-0.08664882,0.03090763
1751443669494,641625585,-0.64314187,-0.069693685,-0.03743553
1751443669494,641625585,-0.64314187,-0.069693685,-0.03743553
1751443669511,641642252,-0.6579164,-0.08674918,-0.10226631
1751443669511,641642252,-0.6579164,-0.08674918,-0.10226631
1751443669527,641658919,-0.68026704,-0.076797485,-0.10316658
1751443669527,641658919,-0.68026704,-0.076797485,-0.10316658
1751443669544,641675586,-0.6325704,0.011270082,-0.06005001
1751443669544,641675586,-0.6325704,0.011270082,-0.06005001
1751443669561,641692253,-0.5991676,0.029498793,0.056890488
1751443669561,641692253,-0.5991676,0.029498793,0.056890488
1751443669577,641708920,-0.4816023,0.05367127,0.13554001
1751443669577,641708920,-0.4816023,0.05367127,0.13554001
1751443669594,641725587,-0.3904657,-0.09406029,0.19961262
1751443669594,641725587,-0.3904657,-0.09406029,0.19961262
1751443669611,641742254,-0.48475066,-0.052991234,0.36647797
1751443669611,641742254,-0.48475066,-0.052991234,0.36647797
1751443669627,641758921,-0.50128263,-0.05598832,0.43496513
1751443669627,641758921,-0.50128263,-0.05598832,0.43496513
1751443669644,641775588,-0.5896368,-0.04508569,0.4631033
1751443669644,641775588,-0.5896368,-0.04508569,0.4631033
1751443669661,641792255,-0.6121089,0.027950518,0.48101234
1751443669661,641792255,-0.6121089,0.027950518,0.48101234
1751443669677,641808922,-0.6354852,0.053419933,0.42630005
1751443669677,641808922,-0.6354852,0.053419933,0.42630005
1751443669694,641825589,-0.7569857,0.040617667,0.28978348
1751443669694,641825589,-0.7569857,0.040617667,0.28978348
1751443669711,641842256,-0.95704895,0.15035002,0.35965157
1751443669711,641842256,-0.95704895,0.15035002,0.35965157
1751443669727,641858923,-0.90553635,0.18688142,0.35085392
1751443669727,641858923,-0.90553635,0.18688142,0.35085392
1751443669744,641875590,-0.8842309,0.15665397,0.102622986
1751443669744,641875590,-0.8842309,0.15665397,0.102622986
1751443669761,641892257,-1.2280573,-0.016878692,-0.0913353
1751443669761,641892257,-1.2280573,-0.016878692,-0.0913353
1751443669777,641908924,-1.5362593,-0.21424241,-0.14257812
1751443669777,641908924,-1.5362593,-0.21424241,-0.14257812
1751443669794,641925591,-1.5081061,-0.39404026,-0.13408756
1751443669794,641925591,-1.5081061,-0.39404026,-0.13408756
1751443669811,641942258,-1.4674411,-0.49770483,-0.44521713
1751443669811,641942258,-1.4674411,-0.49770483,-0.44521713
1751443669827,641958925,-1.6439296,-0.5611271,-0.85349464
1751443669827,641958925,-1.6439296,-0.5611271,-0.85349464
1751443669844,641975592,-1.9079312,-0.4373357,-1.0743866
1751443669844,641975592,-1.9079312,-0.4373357,-1.0743866
1751443669861,641992259,-2.1079252,-0.2042294,-1.2265701
1751443669861,641992259,-2.1079252,-0.2042294,-1.2265701
1751443669877,642008926,-1.8682603,-0.20431632,-1.5304489
1751443669877,642008926,-1.8682603,-0.20431632,-1.5304489
1751443669894,642025593,-1.5166116,-0.41145647,-2.0525131
1751443669894,642025593,-1.5166116,-0.41145647,-2.0525131
1751443669911,642042260,-1.2616779,-0.13204308,-2.6690292
1751443669911,642042260,-1.2616779,-0.13204308,-2.6690292
1751443669927,642058927,-0.90372604,0.15684608,-2.0241733
1751443669927,642058927,-0.90372604,0.15684608,-2.0241733
1751443669944,642075594,-0.2888037,0.12330953,-0.7952814
1751443669944,642075594,-0.2888037,0.12330953,-0.7952814
1751443669961,642092261,-0.28043175,0.34495068,-0.18683338
1751443669961,642092261,-0.28043175,0.34495068,-0.18683338
1751443669977,642108928,-0.8053761,0.30668873,-0.13722897
1751443669977,642108928,-0.8053761,0.30668873,-0.13722897
1751443669994,642125595,-0.86162543,0.52527755,-0.39584637
1751443669994,642125595,-0.86162543,0.52527755,-0.39584637
1751443670011,642142262,-0.59514993,0.63783276,-0.4021101
1751443670011,642142262,-0.59514993,0.63783276,-0.4021101
1751443670027,642158929,0.091175124,0.8753333,0.4563856
1751443670027,642158929,0.091175124,0.8753333,0.4563856
1751443670044,642175596,0.50440574,1.0139992,1.3490763
1751443670044,642175596,0.50440574,1.0139992,1.3490763
1751443670061,642192263,0.5285754,0.4216562,1.4193487
1751443670061,642192263,0.5285754,0.4216562,1.4193487
1751443670077,642208930,0.09402553,-0.035766877,0.47727966
1751443670077,642208930,0.09402553,-0.035766877,0.47727966
1751443670094,642225597,-0.28208664,-0.15919794,-0.7550707
1751443670094,642225597,-0.28208664,-0.15919794,-0.7550707
1751443670111,642242264,-0.15774418,0.032811087,-1.3778639
1751443670111,642242264,-0.15774418,0.032811087,-1.3778639
1751443670127,642258931,0.080457315,-0.01551381,-1.0433426
1751443670127,642258931,0.080457315,-0.01551381,-1.0433426
1751443670144,642275598,0.45699072,-0.09360443,-0.9074955
1751443670144,642275598,0.45699072,-0.09360443,-0.9074955
1751443670161,642292265,0.3825331,-0.2041569,-1.0000925
1751443670161,642292265,0.3825331,-0.2041569,-1.0000925
1751443670177,642308932,-0.14429468,-0.18097587,-0.86208344
1751443670177,642308932,-0.14429468,-0.18097587,-0.86208344
1751443670194,642325599,-0.3261543,-0.17397365,-1.0738077
1751443670194,642325599,-0.3261543,-0.17397365,-1.0738077
1751443670211,642342266,-0.13209657,-0.20267501,-0.71078396
1751443670211,642342266,-0.13209657,-0.20267501,-0.71078396
1751443670227,642358933,0.1830774,0.1502672,-0.58998203
1751443670227,642358933,0.1830774,0.1502672,-0.58998203
1751443670244,642375600,0.5035804,0.3485261,-0.03391266
1751443670244,642375600,0.5035804,0.3485261,-0.03391266
1751443670261,642392267,0.40367663,0.59795034,0.42395115
1751443670261,642392267,0.40367663,0.59795034,0.42395115
1751443670277,642408934,0.45332545,0.21317084,0.4827776
1751443670277,642408934,0.45332545,0.21317084,0.4827776
1751443670294,642425601,0.20944315,0.29518786,0.50867176
1751443670294,642425601,0.20944315,0.29518786,0.50867176
1751443670311,642442268,-0.055651933,0.74662894,0.7163124
1751443670311,642442268,-0.055651933,0.74662894,0.7163124
1751443670327,642458935,-0.10118426,0.8596117,0.4526577
1751443670327,642458935,-0.10118426,0.8596117,0.4526577
1751443670344,642475602,0.15880746,0.9538784,0.1818142
1751443670344,642475602,0.15880746,0.9538784,0.1818142
1751443670361,642492269,0.5535779,0.34461474,-0.04106331
1751443670361,642492269,0.5535779,0.34461474,-0.04106331
1751443670377,642508936,0.9247755,-0.0897799,0.37055874
1751443670377,642508936,0.9247755,-0.0897799,0.37055874
1751443670394,642525603,0.97546655,-0.547595,0.1583786
1751443670394,642525603,0.97546655,-0.547595,0.1583786
1751443670411,642542270,0.91713655,-0.6303031,0.12746239
1751443670411,642542270,0.91713655,-0.6303031,0.12746239
1751443670427,642558937,0.5614026,-0.6423452,0.06912708
1751443670427,642558937,0.5614026,-0.6423452,0.06912708
1751443670444,642575604,0.34279144,-0.370137,-0.17305756
1751443670444,642575604,0.34279144,-0.370137,-0.17305756
1751443670461,642592271,0.41897628,-0.077969365,0.08326721
1751443670461,642592271,0.41897628,-0.077969365,0.08326721
1751443670477,642608938,0.6176668,0.009143803,0.4098959
1751443670477,642608938,0.6176668,0.009143803,0.4098959
1751443670494,642625605,0.5014491,0.041153874,0.40589333
1751443670494,642625605,0.5014491,0.041153874,0.40589333
1751443670511,642642272,0.36805287,-0.00143093,0.48391724
1751443670511,642642272,0.36805287,-0.00143093,0.48391724
1751443670527,642658939,0.03260618,0.10701968,0.10877609
1751443670527,642658939,0.03260618,0.10701968,0.10877609
1751443670544,642675606,-0.22129805,0.3373955,-0.27512074
1751443670544,642675606,-0.22129805,0.3373955,-0.27512074
1751443670561,642692273,-0.3269614,0.38668278,-0.6111374
1751443670561,642692273,-0.3269614,0.38668278,-0.6111374
1751443670577,642708940,-0.305618,0.27895567,-0.76453686
1751443670577,642708940,-0.305618,0.27895567,-0.76453686
1751443670594,642725607,-0.13031133,0.057270166,-0.8320141
1751443670594,642725607,-0.13031133,0.057270166,-0.8320141
1751443670611,642742274,0.06344465,-0.3574035,-0.7991934
1751443670611,642742274,0.06344465,-0.3574035,-0.7991934
1751443670627,642758941,0.11880197,-0.57258505,-0.586051
1751443670627,642758941,0.11880197,-0.57258505,-0.586051
1751443670644,642775608,0.15341619,-0.6512661,-0.32441616
1751443670644,642775608,0.15341619,-0.6512661,-0.32441616
1751443670661,642792275,-0.107475005,-0.20856933,-0.16775131
1751443670661,642792275,-0.107475005,-0.20856933,-0.16775131
1751443670677,642808942,-0.24378547,0.013405078,0.004934311
1751443670677,642808942,-0.24378547,0.013405078,0.004934311
1751443670694,642825609,-0.39027062,0.19636105,-0.061372757
1751443670694,642825609,-0.39027062,0.19636105,-0.061372757
1751443670711,642842276,-0.23063268,0.17434032,-0.021094322
1751443670711,642842276,-0.23063268,0.17434032,-0.021094322
1751443670727,642858943,-0.023516469,0.03273392,0.27288532
1751443670727,642858943,-0.023516469,0.03273392,0.27288532
1751443670744,642875610,-0.120531596,-0.038301293,0.37227345
1751443670744,642875610,-0.120531596,-0.038301293,0.37227345
1751443670761,642892277,-0.21918887,0.014026779,0.109889984
1751443670761,642892277,-0.21918887,0.014026779,0.109889984
1751443670777,642908944,-0.22501296,0.062493104,-0.35697365
1751443670777,642908944,-0.22501296,0.062493104,-0.35697365
1751443670794,642925611,-0.031470735,-0.025058037,-0.3607502
1751443670794,642925611,-0.031470735,-0.025058037,-0.3607502
1751443670811,642942278,0.11123362,-0.21235585,0.097364426
1751443670811,642942278,0.11123362,-0.21235585,0.097364426
1751443670827,642958945,0.0013301815,-0.29753867,0.4292059
1751443670827,642958945,0.0013301815,-0.29753867,0.4292059
1751443670844,642975612,-0.15966731,-0.26003957,0.6174402
1751443670844,642975612,-0.15966731,-0.26003957,0.6174402
1751443670861,642992279,-0.33180955,-0.2418246,0.6032934
1751443670861,642992279,-0.33180955,-0.2418246,0.6032934
1751443670877,643008946,-0.36782783,-0.017597286,0.4170351
1751443670877,643008946,-0.36782783,-0.017597286,0.4170351
1751443670894,643025613,-0.37998885,0.22956982,0.29887962
1751443670894,643025613,-0.37998885,0.22956982,0.29887962
1751443670911,643042280,-0.51010114,0.24065606,0.33320045
1751443670911,643042280,-0.51010114,0.24065606,0.33320045
1751443670927,643058947,-0.5257556,0.1194964,0.6503315
1751443670927,643058947,-0.5257556,0.1194964,0.6503315
1751443670944,643075614,-0.44794717,0.11214003,1.2750416
1751443670944,643075614,-0.44794717,0.11214003,1.2750416
1751443670961,643092281,-0.49032366,0.07491327,1.689292
1751443670961,643092281,-0.49032366,0.07491327,1.689292
1751443670977,643108948,-0.5514526,0.1270784,1.5426416
1751443670977,643108948,-0.5514526,0.1270784,1.5426416
1751443670994,643125615,-0.28367516,-0.011428217,0.8828306
1751443670994,643125615,-0.28367516,-0.011428217,0.8828306
1751443671011,643142282,-0.09623026,-0.02632368,0.23294163
1751443671011,643142282,-0.09623026,-0.02632368,0.23294163
1751443671027,643158949,0.08145874,-0.23151964,0.12220287
1751443671027,643158949,0.08145874,-0.23151964,0.12220287
1751443671044,643175616,0.2095791,-0.3434052,0.7242298
1751443671044,643175616,0.2095791,-0.3434052,0.7242298
1751443671061,643192283,0.58336174,-0.49107942,1.2056742
1751443671061,643192283,0.58336174,-0.49107942,1.2056742
1751443671077,643208950,1.073695,-0.576682,1.4353266
1751443671077,643208950,1.073695,-0.576682,1.4353266
1751443671094,643225617,1.0636727,-0.30503964,1.3741856
1751443671094,643225617,1.0636727,-0.30503964,1.3741856
1751443671111,643242284,1.4958211,-0.6372476,0.9905443
1751443671111,643242284,1.4958211,-0.6372476,0.9905443
1751443671127,643258951,0.7152294,-0.47481012,1.0197401
1751443671127,643258951,0.7152294,-0.47481012,1.0197401
1751443671144,643275618,-0.162574,-0.5432617,0.6954441
1751443671144,643275618,-0.162574,-0.5432617,0.6954441
1751443671161,643292285,-0.2460524,-0.3935324,0.7637167
1751443671161,643292285,-0.2460524,-0.3935324,0.7637167
1751443671177,643308952,-0.22717187,-0.2558897,0.47737885
1751443671177,643308952,-0.22717187,-0.2558897,0.47737885
1751443671194,643325619,0.011332945,-0.057654385,0.048311234
1751443671194,643325619,0.011332945,-0.057654385,0.048311234
1751443671211,643342286,0.0790291,-0.008840831,-0.44948006
1751443671211,643342286,0.0790291,-0.008840831,-0.44948006
1751443671227,643358953,0.034382578,-0.14147247,-0.95054436
1751443671227,643358953,0.034382578,-0.14147247,-0.95054436
1751443671244,643375620,0.08044561,-0.2528893,-1.0684214
1751443671244,643375620,0.08044561,-0.2528893,-1.0684214
1751443671261,643392287,-0.063609354,-0.43650964,-0.8474512
1751443671261,643392287,-0.063609354,-0.43650964,-0.8474512
1751443671277,643408954,-0.17762597,-0.2986223,-0.68830204
1751443671277,643408954,-0.17762597,-0.2986223,-0.68830204
1751443671294,643425621,-0.10896804,-0.35235694,-0.5806198
1751443671294,643425621,-0.10896804,-0.35235694,-0.5806198
1751443671311,643442288,0.21495543,-0.1649905,-0.53103924
1751443671311,643442288,0.21495543,-0.1649905,-0.53103924
1751443671327,643458955,0.5035108,-0.10268375,-0.53392315
1751443671327,643458955,0.5035108,-0.10268375,-0.53392315
1751443671344,643475622,0.8787717,7.2306444E-05,-0.6212425
1751443671344,643475622,0.8787717,7.2306444E-05,-0.6212425
1751443671361,643492289,0.9432231,-0.057079006,-0.48682308
1751443671361,643492289,0.9432231,-0.057079006,-0.48682308
1751443671377,643508956,0.9318706,-0.20263734,-0.35583782
1751443671377,643508956,0.9318706,-0.20263734,-0.35583782
1751443671394,643525623,0.908413,-0.1888808,-0.30010414
1751443671394,643525623,0.908413,-0.1888808,-0.30010414
1751443671411,643542290,0.81818926,-0.3452944,-0.30264664
1751443671411,643542290,0.81818926,-0.3452944,-0.30264664
1751443671427,643558957,0.7856392,-0.12593435,-0.28666306
1751443671427,643558957,0.7856392,-0.12593435,-0.28666306
1751443671444,643575624,0.6082731,0.06865346,-0.30467606
1751443671444,643575624,0.6082731,0.06865346,-0.30467606
1751443671461,643592291,0.62914073,0.05276297,-0.660244
1751443671461,643592291,0.62914073,0.05276297,-0.660244
1751443671477,643608958,0.38634193,0.22301324,-0.71242046
1751443671477,643608958,0.38634193,0.22301324,-0.71242046
1751443671494,643625625,-0.074091725,0.20552765,-0.5360508
1751443671494,643625625,-0.074091725,0.20552765,-0.5360508
1751443671511,643642292,-0.35012358,0.015447875,-0.81223583
1751443671511,643642292,-0.35012358,0.015447875,-0.81223583
1751443671527,643658959,-0.51181906,-0.12104383,-0.8817673
1751443671527,643658959,-0.51181906,-0.12104383,-0.8817673
1751443671544,643675626,-0.6213172,-0.25638562,-0.46059418
1751443671544,643675626,-0.6213172,-0.25638562,-0.46059418
1751443671561,643692293,-0.54169315,-0.14286713,-0.3179264
1751443671561,643692293,-0.54169315,-0.14286713,-0.3179264
1751443671577,643708960,-0.37782913,-0.0935718,-0.56878567
1751443671577,643708960,-0.37782913,-0.0935718,-0.56878567
1751443671594,643725627,0.058025528,-0.17025596,-0.8603058
1751443671594,643725627,0.058025528,-0.17025596,-0.8603058
1751443671611,643742294,0.280709,-0.12672654,-0.466053
1751443671611,643742294,0.280709,-0.12672654,-0.466053
1751443671627,643758961,0.06557638,0.0805377,0.24985695
1751443671627,643758961,0.06557638,0.0805377,0.24985695
1751443671644,643775628,-0.1862206,0.11607458,0.21555614
1751443671644,643775628,-0.1862206,0.11607458,0.21555614
1751443671661,643792295,-0.20128663,0.051248893,-0.47063923
1751443671661,643792295,-0.20128663,0.051248893,-0.47063923
1751443671677,643808962,0.004561592,-0.12290419,-0.65958977
1751443671677,643808962,0.004561592,-0.12290419,-0.65958977
1751443671694,643825629,0.07529137,-0.09097167,-0.42204094
1751443671694,643825629,0.07529137,-0.09097167,-0.42204094
1751443671711,643842296,0.22372027,0.039773125,-0.2898388
1751443671711,643842296,0.22372027,0.039773125,-0.2898388
1751443671727,643858963,0.26703689,0.14127186,-0.23905182
1751443671727,643858963,0.26703689,0.14127186,-0.23905182
1751443671744,643875630,0.20541832,0.16395597,-0.06937122
1751443671744,643875630,0.20541832,0.16395597,-0.06937122
1751443671761,643892297,0.1186352,0.20020436,0.18055439
1751443671761,643892297,0.1186352,0.20020436,0.18055439
1751443671777,643908964,0.11953518,0.20146334,0.27791977
1751443671777,643908964,0.11953518,0.20146334,0.27791977
1751443671794,643925631,0.10813582,0.20698574,0.03172207
1751443671794,643925631,0.10813582,0.20698574,0.03172207
1751443671811,643942298,0.14560975,0.14277689,-0.5147791
1751443671811,643942298,0.14560975,0.14277689,-0.5147791
1751443671827,643958965,0.42680338,0.07404252,-1.1173811
1751443671827,643958965,0.42680338,0.07404252,-1.1173811
1751443671844,643975632,0.6806933,0.09250827,-1.328371
1751443671844,643975632,0.6806933,0.09250827,-1.328371
1751443671861,643992299,0.776764,0.19746305,-0.9108257
1751443671861,643992299,0.776764,0.19746305,-0.9108257
1751443671877,644008966,0.55501306,0.0965419,-0.2924137
1751443671877,644008966,0.55501306,0.0965419,-0.2924137
1751443671894,644025633,0.3078324,-0.036966026,-0.052167892
1751443671894,644025633,0.3078324,-0.036966026,-0.052167892
1751443671911,644042300,-0.23831268,-0.087343946,-0.11660957
1751443671911,644042300,-0.23831268,-0.087343946,-0.11660957
1751443671927,644058967,-0.50668603,-0.18940727,-0.52024174
1751443671927,644058967,-0.50668603,-0.18940727,-0.52024174
1751443671944,644075634,-0.48441482,-0.22278492,-0.9658594
1751443671944,644075634,-0.48441482,-0.22278492,-0.9658594
1751443671961,644092301,-0.44043016,-0.03732331,-0.9935503
1751443671961,644092301,-0.44043016,-0.03732331,-0.9935503
1751443671977,644108968,-0.2683344,0.07078739,-0.80906963
1751443671977,644108968,-0.2683344,0.07078739,-0.80906963
1751443671994,644125635,-0.25320542,0.29776335,-0.30138588
1751443671994,644125635,-0.25320542,0.29776335,-0.30138588
1751443672011,644142302,-0.40809047,0.38737348,0.16202259
1751443672011,644142302,-0.40809047,0.38737348,0.16202259
1751443672027,644158969,-0.65264803,0.375458,0.41521072
1751443672027,644158969,-0.65264803,0.375458,0.41521072
1751443672044,644175636,-0.8843948,0.3229627,0.16822338
1751443672044,644175636,-0.8843948,0.3229627,0.16822338
1751443672061,644192303,-0.6863181,0.12734807,-0.39815617
1751443672061,644192303,-0.6863181,0.12734807,-0.39815617
1751443672077,644208970,-0.43405306,-0.021465681,-0.7545147
1751443672077,644208970,-0.43405306,-0.021465681,-0.7545147
1751443672094,644225637,-0.03141089,-0.0071615227,-1.4353352
1751443672094,644225637,-0.03141089,-0.0071615227,-1.4353352
1751443672111,644242304,0.3001416,0.180553,-1.7630205
1751443672111,644242304,0.3001416,0.180553,-1.7630205
1751443672127,644258971,0.26413104,0.12826252,-1.2818117
1751443672127,644258971,0.26413104,0.12826252,-1.2818117
1751443672144,644275638,0.11528167,0.063851,-0.48810673
1751443672144,644275638,0.11528167,0.063851,-0.48810673
1751443672161,644292305,-0.22877032,0.14304332,0.31567574
1751443672161,644292305,-0.22877032,0.14304332,0.31567574
1751443672177,644308972,-0.43345907,0.19999135,0.6843977
1751443672177,644308972,-0.43345907,0.19999135,0.6843977
1751443672194,644325639,-0.24172865,0.23033641,0.48779774
1751443672194,644325639,-0.24172865,0.23033641,0.48779774
1751443672211,644342306,0.19844307,0.26653048,-0.04875374
1751443672211,644342306,0.19844307,0.26653048,-0.04875374
1751443672227,644358973,0.5838873,0.2497344,-0.32068634
1751443672227,644358973,0.5838873,0.2497344,-0.32068634
1751443672244,644375640,0.72657233,0.13549842,-0.33716965
1751443672244,644375640,0.72657233,0.13549842,-0.33716965
1751443672261,644392307,0.7325548,0.021626052,-0.40171528
1751443672261,644392307,0.7325548,0.021626052,-0.40171528
1751443672277,644408974,0.5795436,-0.13267255,-0.5498581
1751443672277,644408974,0.5795436,-0.13267255,-0.5498581
1751443672294,644425641,0.41427532,-0.2473748,-0.72788525
1751443672294,644425641,0.41427532,-0.2473748,-0.72788525
1751443672311,644442308,0.3044423,-0.229079,-0.88048744
1751443672311,644442308,0.3044423,-0.229079,-0.88048744
1751443672327,644458975,0.048851747,-0.18021062,-0.8262968
1751443672327,644458975,0.048851747,-0.18021062,-0.8262968
1751443672344,644475642,-0.0029578586,-0.10002998,-0.5154829
1751443672344,644475642,-0.0029578586,-0.10002998,-0.5154829
1751443672361,644492309,-0.03867453,0.0017114945,-0.279253
1751443672361,644492309,-0.03867453,0.0017114945,-0.279253
1751443672377,644508976,0.016272135,0.05220838,-0.31982708
1751443672377,644508976,0.016272135,0.05220838,-0.31982708
1751443672394,644525643,0.093283325,0.07232963,-0.577302
1751443672394,644525643,0.093283325,0.07232963,-0.577302
1751443672411,644542310,0.21791606,0.031055449,-0.75425434
1751443672411,644542310,0.21791606,0.031055449,-0.75425434
1751443672427,644558977,0.3735242,-0.013252027,-0.46742535
1751443672427,644558977,0.3735242,-0.013252027,-0.46742535
1751443672444,644575644,0.35265294,0.06324651,-0.09189701
1751443672444,644575644,0.35265294,0.06324651,-0.09189701
1751443672461,644592311,0.14092271,0.14239898,-0.050840378
1751443672461,644592311,0.14092271,0.14239898,-0.050840378
1751443672477,644608978,-0.08220494,0.19447902,-0.33547592
1751443672477,644608978,-0.08220494,0.19447902,-0.33547592
1751443672494,644625645,-0.25176248,0.11164584,-0.56916714
1751443672494,644625645,-0.25176248,0.11164584,-0.56916714
1751443672511,644642312,-0.38385144,-0.009876702,-0.5727625
1751443672511,644642312,-0.38385144,-0.009876702,-0.5727625
1751443672527,644658979,-0.33910063,-0.09397133,-0.47680473
1751443672527,644658979,-0.33910063,-0.09397133,-0.47680473
1751443672544,644675646,-0.14556317,-0.15363929,-0.45258617
1751443672544,644675646,-0.14556317,-0.15363929,-0.45258617
1751443672561,644692313,-0.04032126,-0.19783416,-0.48244572
1751443672561,644692313,-0.04032126,-0.19783416,-0.48244572
1751443672577,644708980,-0.02361244,-0.2067468,-0.45192814
1751443672577,644708980,-0.02361244,-0.2067468,-0.45192814
1751443672594,644725647,0.0014084948,-0.13543472,-0.42257977
1751443672594,644725647,0.0014084948,-0.13543472,-0.42257977
1751443672611,644742314,0.06091326,-0.060556307,-0.4775381
1751443672611,644742314,0.06091326,-0.060556307,-0.4775381
1751443672627,644758981,0.08086229,0.0017538503,-0.4091406
1751443672627,644758981,0.08086229,0.0017538503,-0.4091406
1751443672644,644775648,0.10372099,0.0565086,-0.28746796
1751443672644,644775648,0.10372099,0.0565086,-0.28746796
1751443672661,644792315,0.21315797,0.13128497,-0.2481165
1751443672661,644792315,0.21315797,0.13128497,-0.2481165
1751443672677,644808982,0.35546455,0.18764818,-0.42431164
1751443672677,644808982,0.35546455,0.18764818,-0.42431164
1751443672694,644825649,0.40117788,0.2376787,-0.6088238
1751443672694,644825649,0.40117788,0.2376787,-0.6088238
1751443672711,644842316,0.5016245,0.22993273,-0.84068584
1751443672711,644842316,0.5016245,0.22993273,-0.84068584
1751443672727,644858983,0.5842194,0.21448499,-0.8131943
1751443672727,644858983,0.5842194,0.21448499,-0.8131943
1751443672744,644875650,0.6170209,0.21094717,-0.55439186
1751443672744,644875650,0.6170209,0.21094717,-0.55439186
1751443672761,644892317,0.5292745,0.12823273,-0.5104084
1751443672761,644892317,0.5292745,0.12823273,-0.5104084
1751443672777,644908984,0.39112902,-0.014114843,-0.73309135
1751443672777,644908984,0.39112902,-0.014114843,-0.73309135
1751443672794,644925651,0.51834756,-0.19607517,-0.62115765
1751443672794,644925651,0.51834756,-0.19607517,-0.62115765
1751443672811,644942318,0.6371674,-0.25842026,-0.40334606
1751443672811,644942318,0.6371674,-0.25842026,-0.40334606
1751443672827,644958985,0.74585617,-0.18011457,-0.2632475
1751443672827,644958985,0.74585617,-0.18011457,-0.2632475
1751443672844,644975652,0.8166641,-0.02802914,0.01296711
1751443672844,644975652,0.8166641,-0.02802914,0.01296711
1751443672861,644992319,1.1242145,0.29219887,0.08040714
1751443672861,644992319,1.1242145,0.29219887,0.08040714
1751443672877,645008986,1.2443378,0.5422191,0.04902363
1751443672877,645008986,1.2443378,0.5422191,0.04902363
1751443672894,645025653,1.2335068,0.44603515,-0.15926075
1751443672894,645025653,1.2335068,0.44603515,-0.15926075
1751443672911,645042320,1.0183239,0.2976169,-0.07456398
1751443672911,645042320,1.0183239,0.2976169,-0.07456398
1751443672927,645058987,0.6968616,0.40858525,1.0709457
1751443672927,645058987,0.6968616,0.40858525,1.0709457
1751443672944,645075654,0.11173273,0.5922597,1.7723303
1751443672944,645075654,0.11173273,0.5922597,1.7723303
1751443672961,645092321,-0.16624911,0.1380026,2.3156986
1751443672961,645092321,-0.16624911,0.1380026,2.3156986
1751443672977,645108988,-0.35094243,-0.51186097,2.5584736
1751443672977,645108988,-0.35094243,-0.51186097,2.5584736
1751443672994,645125655,-0.5528929,-1.0944245,2.749319
1751443672994,645125655,-0.5528929,-1.0944245,2.749319
1751443673011,645142322,-0.35583442,-1.2011275,2.6632328
1751443673011,645142322,-0.35583442,-1.2011275,2.6632328
1751443673027,645158989,0.040196404,-0.63119644,2.1249876
1751443673027,645158989,0.040196404,-0.63119644,2.1249876
1751443673044,645175656,0.26186615,-0.11660291,1.683979
1751443673044,645175656,0.26186615,-0.11660291,1.683979
1751443673061,645192323,0.30113354,0.2693358,1.6431236
1751443673061,645192323,0.30113354,0.2693358,1.6431236
1751443673077,645208990,0.32400936,0.5662266,1.7814045
1751443673077,645208990,0.32400936,0.5662266,1.7814045
1751443673094,645225657,0.47086373,0.6735381,1.7642298
1751443673094,645225657,0.47086373,0.6735381,1.7642298
1751443673111,645242324,0.7577473,0.5627787,1.9426384
1751443673111,645242324,0.7577473,0.5627787,1.9426384
1751443673127,645258991,0.6184158,0.4034258,1.8124361
1751443673127,645258991,0.6184158,0.4034258,1.8124361
1751443673144,645275658,0.31398585,0.22228599,1.6867685
1751443673144,645275658,0.31398585,0.22228599,1.6867685
1751443673161,645292325,0.026849102,0.1824562,1.3330412
1751443673161,645292325,0.026849102,0.1824562,1.3330412
1751443673177,645308992,-0.20885737,0.35656822,0.98418045
1751443673177,645308992,-0.20885737,0.35656822,0.98418045
1751443673194,645325659,-0.5346184,0.5200058,0.71222687
1751443673194,645325659,-0.5346184,0.5200058,0.71222687
1751443673211,645342326,-0.7412737,0.4615146,0.62616444
1751443673211,645342326,-0.7412737,0.4615146,0.62616444
1751443673227,645358993,-0.4094463,0.32897744,0.9108362
1751443673227,645358993,-0.4094463,0.32897744,0.9108362
1751443673244,645375660,-0.016388193,0.15475489,0.9244652
1751443673244,645375660,-0.016388193,0.15475489,0.9244652
1751443673261,645392327,0.17766586,0.12202142,0.52210236
1751443673261,645392327,0.17766586,0.12202142,0.52210236
1751443673277,645408994,0.6184408,0.06724276,0.23794556
1751443673277,645408994,0.6184408,0.06724276,0.23794556
1751443673294,645425661,1.0404309,0.059969533,0.07142067
1751443673294,645425661,1.0404309,0.059969533,0.07142067
1751443673311,645442328,1.0345583,0.17191242,-0.3341217
1751443673311,645442328,1.0345583,0.17191242,-0.3341217
1751443673327,645458995,0.89472735,0.26380888,-0.8365631
1751443673327,645458995,0.89472735,0.26380888,-0.8365631
1751443673344,645475662,0.7785304,0.35864988,-1.1432171
1751443673344,645475662,0.7785304,0.35864988,-1.1432171
1751443673361,645492329,0.7183547,0.49066272,-1.0807037
1751443673361,645492329,0.7183547,0.49066272,-1.0807037
1751443673377,645508996,0.71680605,0.15098417,-1.217536
1751443673377,645508996,0.71680605,0.15098417,-1.217536
1751443673394,645525663,0.67847043,-0.11293238,-1.1459188
1751443673394,645525663,0.67847043,-0.11293238,-1.1459188
1751443673411,645542330,0.73995787,-0.21169873,-0.9397478
1751443673411,645542330,0.73995787,-0.21169873,-0.9397478
1751443673427,645558997,0.8121475,-0.33900005,-0.7735872
1751443673427,645558997,0.8121475,-0.33900005,-0.7735872
1751443673444,645575664,1.0591049,-0.3610098,-0.57319355
1751443673444,645575664,1.0591049,-0.3610098,-0.57319355
1751443673461,645592331,1.303828,-0.12555729,-0.38406467
1751443673461,645592331,1.303828,-0.12555729,-0.38406467
1751443673477,645608998,1.4256359,-0.05163462,-0.23889732
1751443673477,645608998,1.4256359,-0.05163462,-0.23889732
1751443673494,645625665,1.3850936,-0.25882298,-0.4408102
1751443673494,645625665,1.3850936,-0.25882298,-0.4408102
1751443673511,645642332,1.0312383,-0.14318542,-0.5207424
1751443673511,645642332,1.0312383,-0.14318542,-0.5207424
1751443673527,645658999,0.63411194,0.13373876,-0.3765478
1751443673527,645658999,0.63411194,0.13373876,-0.3765478
1751443673544,645675666,0.34145555,0.35029894,-0.51868916
1751443673544,645675666,0.34145555,0.35029894,-0.51868916
1751443673561,645692333,-0.23115009,0.49839818,-1.1381845
1751443673561,645692333,-0.23115009,0.49839818,-1.1381845
1751443673577,645709000,-0.5117696,0.4001254,-1.7031498
1751443673577,645709000,-0.5117696,0.4001254,-1.7031498
1751443673594,645725667,-0.7642374,0.21514201,-1.8695946
1751443673594,645725667,-0.7642374,0.21514201,-1.8695946
1751443673611,645742334,-0.9726372,0.14688237,-1.8244834
1751443673611,645742334,-0.9726372,0.14688237,-1.8244834
1751443673627,645759001,-1.0342504,0.06664664,-1.8743362
1751443673627,645759001,-1.0342504,0.06664664,-1.8743362
1751443673644,645775668,-0.75545394,0.108625226,-1.599865
1751443673644,645775668,-0.75545394,0.108625226,-1.599865
1751443673661,645792335,-1.1150253,0.31344876,-1.1368141
1751443673661,645792335,-1.1150253,0.31344876,-1.1368141
1751443673677,645809002,-1.2207277,0.45922253,-1.1518927
1751443673677,645809002,-1.2207277,0.45922253,-1.1518927
1751443673694,645825669,-1.2013927,0.4875115,-1.0609026
1751443673694,645825669,-1.2013927,0.4875115,-1.0609026
1751443673711,645842336,-1.1907482,0.24865872,-0.70808506
1751443673711,645842336,-1.1907482,0.24865872,-0.70808506
1751443673727,645859003,-0.92436266,0.092474125,-0.5174818
1751443673727,645859003,-0.92436266,0.092474125,-0.5174818
1751443673744,645875670,-1.0273914,0.18106627,-0.43190002
1751443673744,645875670,-1.0273914,0.18106627,-0.43190002
1751443673761,645892337,-1.3097486,0.3158778,-0.6774092
1751443673761,645892337,-1.3097486,0.3158778,-0.6774092
1751443673777,645909004,-1.4925225,0.64397585,-0.9807825
1751443673777,645909004,-1.4925225,0.64397585,-0.9807825
1751443673794,645925671,-1.5474573,0.8511029,-1.1683197
1751443673794,645925671,-1.5474573,0.8511029,-1.1683197
1751443673811,645942338,-1.4646786,0.42924276,-1.2104588
1751443673811,645942338,-1.4646786,0.42924276,-1.2104588
1751443673827,645959005,-1.1674224,-0.032410216,-1.3990126
1751443673827,645959005,-1.1674224,-0.032410216,-1.3990126
1751443673844,645975672,-0.989785,-0.55410284,-1.0124598
1751443673844,645975672,-0.989785,-0.55410284,-1.0124598
1751443673861,645992339,-0.9125816,-0.5661981,-0.89224625
1751443673861,645992339,-0.9125816,-0.5661981,-0.89224625
1751443673877,646009006,-1.2699858,-0.11387711,-1.0854445
1751443673877,646009006,-1.2699858,-0.11387711,-1.0854445
1751443673894,646025673,-1.6559407,0.14045727,-1.0786877
1751443673894,646025673,-1.6559407,0.14045727,-1.0786877
1751443673911,646042340,-1.5401543,0.28566486,-0.9920893
1751443673911,646042340,-1.5401543,0.28566486,-0.9920893
1751443673927,646059007,-1.1001898,0.18686873,-0.34981728
1751443673927,646059007,-1.1001898,0.18686873,-0.34981728
1751443673944,646075674,-0.78120345,0.26890284,0.38711262
1751443673944,646075674,-0.78120345,0.26890284,0.38711262
1751443673961,646092341,-0.2505169,0.065196045,1.0938692
1751443673961,646092341,-0.2505169,0.065196045,1.0938692
1751443673977,646109008,-0.16569775,0.14894344,1.0830727
1751443673977,646109008,-0.16569775,0.14894344,1.0830727
1751443673994,646125675,-0.46096182,0.18674406,0.6569023
1751443673994,646125675,-0.46096182,0.18674406,0.6569023
1751443674011,646142342,-0.5303645,0.16365284,0.11580372
1751443674011,646142342,-0.5303645,0.16365284,0.11580372
1751443674027,646159009,-0.8214185,0.1905686,-0.07187271
1751443674027,646159009,-0.8214185,0.1905686,-0.07187271
1751443674044,646175676,-0.7657838,0.100285456,-0.2510128
1751443674044,646175676,-0.7657838,0.100285456,-0.2510128
1751443674061,646192343,-0.75330675,0.038702387,-0.3284111
1751443674061,646192343,-0.75330675,0.038702387,-0.3284111
1751443674077,646209010,-0.84051305,-0.048852835,-0.19441986
1751443674077,646209010,-0.84051305,-0.048852835,-0.19441986
1751443674094,646225677,-0.73499686,0.024198854,0.06501293
1751443674094,646225677,-0.73499686,0.024198854,0.06501293
1751443674111,646242344,-0.5570019,0.15591034,0.47996616
1751443674111,646242344,-0.5570019,0.15591034,0.47996616
1751443674127,646259011,-0.43723884,0.2784731,0.59985733
1751443674127,646259011,-0.43723884,0.2784731,0.59985733
1751443674144,646275678,-0.47830823,0.3077779,0.5991192
1751443674144,646275678,-0.47830823,0.3077779,0.5991192
1751443674161,646292345,-0.54907674,0.32400292,0.47803688
1751443674161,646292345,-0.54907674,0.32400292,0.47803688
1751443674177,646309012,-0.7448038,0.2656104,0.1934843
1751443674177,646309012,-0.7448038,0.2656104,0.1934843
1751443674194,646325679,-0.9368622,0.1879288,-0.02295971
1751443674194,646325679,-0.9368622,0.1879288,-0.02295971
1751443674211,646342346,-0.88808554,0.05184439,-0.027263641
1751443674211,646342346,-0.88808554,0.05184439,-0.027263641
1751443674227,646359013,-0.72022504,-0.082017854,0.13872242
1751443674227,646359013,-0.72022504,-0.082017854,0.13872242
1751443674244,646375680,-0.5389322,-0.08343571,0.2291956
1751443674244,646375680,-0.5389322,-0.08343571,0.2291956
1751443674261,646392347,-0.6957564,-0.03351286,0.19542122
1751443674261,646392347,-0.6957564,-0.03351286,0.19542122
1751443674277,646409014,-0.8546953,0.0056302915,0.15391445
1751443674277,646409014,-0.8546953,0.0056302915,0.15391445
1751443674294,646425681,-0.90236855,0.03968953,0.15124321
1751443674294,646425681,-0.90236855,0.03968953,0.15124321
1751443674311,646442348,-0.80156374,-0.018095274,0.11601925
1751443674311,646442348,-0.80156374,-0.018095274,0.11601925
1751443674327,646459015,-0.73404133,-0.10290916,0.04143238
1751443674327,646459015,-0.73404133,-0.10290916,0.04143238
1751443674344,646475682,-0.7130191,-0.044449016,-0.23784828
1751443674344,646475682,-0.7130191,-0.044449016,-0.23784828
1751443674361,646492349,-0.7439306,-0.09277207,-0.4617281
1751443674361,646492349,-0.7439306,-0.09277207,-0.4617281
1751443674377,646509016,-0.7759499,0.01978872,-0.48708248
1751443674377,646509016,-0.7759499,0.01978872,-0.48708248
1751443674394,646525683,-0.69967467,0.014909431,-0.2544651
1751443674394,646525683,-0.69967467,0.014909431,-0.2544651
1751443674411,646542350,-0.49694696,-0.077877946,-0.018753052
1751443674411,646542350,-0.49694696,-0.077877946,-0.018753052
1751443674427,646559017,-0.4036977,-0.015154178,0.06393337
1751443674427,646559017,-0.4036977,-0.015154178,0.06393337
1751443674444,646575684,-0.4974273,0.042908117,-0.08824825
1751443674444,646575684,-0.4974273,0.042908117,-0.08824825
1751443674461,646592351,-0.6372682,0.07856681,-0.3041048
1751443674461,646592351,-0.6372682,0.07856681,-0.3041048
1751443674477,646609018,-0.6757648,0.12435736,-0.41264343
1751443674477,646609018,-0.6757648,0.12435736,-0.41264343
1751443674494,646625685,-0.70727056,0.18106148,-0.41423416
1751443674494,646625685,-0.70727056,0.18106148,-0.41423416
1751443674511,646642352,-0.7110945,0.111339964,-0.37381458
1751443674511,646642352,-0.7110945,0.111339964,-0.37381458
1751443674527,646659019,-0.70371056,0.098533005,-0.3528967
1751443674527,646659019,-0.70371056,0.098533005,-0.3528967
1751443674544,646675686,-0.70182663,0.06120433,-0.28396034
1751443674544,646675686,-0.70182663,0.06120433,-0.28396034
1751443674561,646692353,-0.6283792,0.0447369,-0.14604282
1751443674561,646692353,-0.6283792,0.0447369,-0.14604282
1751443674577,646709020,-0.5234593,0.15858412,0.010532379
1751443674577,646709020,-0.5234593,0.15858412,0.010532379
1751443674594,646725687,-0.46017292,0.18314931,0.16656399
1751443674594,646725687,-0.46017292,0.18314931,0.16656399
1751443674611,646742354,-0.44054475,0.27410153,0.19182682
1751443674611,646742354,-0.44054475,0.27410153,0.19182682
1751443674627,646759021,-0.418439,0.31374446,0.15107441
1751443674627,646759021,-0.418439,0.31374446,0.15107441
1751443674644,646775688,-0.48750076,0.55710715,0.18487549
1751443674644,646775688,-0.48750076,0.55710715,0.18487549
1751443674661,646792355,-0.45788583,0.24985653,-0.079963684
1751443674661,646792355,-0.45788583,0.24985653,-0.079963684
1751443674677,646809022,-0.5896112,-0.08457741,-0.0998888
1751443674677,646809022,-0.5896112,-0.08457741,-0.0998888
1751443674694,646825689,-0.27332258,-0.39556462,0.16188431
1751443674694,646825689,-0.27332258,-0.39556462,0.16188431
1751443674711,646842356,-0.42370832,0.3934531,0.88905525
1751443674711,646842356,-0.42370832,0.3934531,0.88905525
1751443674727,646859023,-0.14240038,0.2232387,0.92095184
1751443674727,646859023,-0.14240038,0.2232387,0.92095184
1751443674744,646875690,-0.27822953,0.17309883,0.7048607
1751443674744,646875690,-0.27822953,0.17309883,0.7048607
1751443674761,646892357,-0.3506705,-0.055168808,0.3635416
1751443674761,646892357,-0.3506705,-0.055168808,0.3635416
1751443674777,646909024,-0.2677124,-0.22752054,0.30106735
1751443674777,646909024,-0.2677124,-0.22752054,0.30106735
1751443674794,646925691,-0.13728009,-0.29636174,0.4297657
1751443674794,646925691,-0.13728009,-0.29636174,0.4297657
1751443674811,646942358,-0.28702867,-0.31855088,0.2578907
1751443674811,646942358,-0.28702867,-0.31855088,0.2578907
1751443674827,646959025,-0.7697509,-0.24343048,-0.2823038
1751443674827,646959025,-0.7697509,-0.24343048,-0.2823038
1751443674844,646975692,-1.2653347,-0.1398377,-0.8654852
1751443674844,646975692,-1.2653347,-0.1398377,-0.8654852
1751443674861,646992359,-1.493732,-0.09834637,-1.0425024
1751443674861,646992359,-1.493732,-0.09834637,-1.0425024
1751443674877,647009026,-1.4514608,0.03297397,-0.70790386
1751443674877,647009026,-1.4514608,0.03297397,-0.70790386
1751443674894,647025693,-1.2455499,0.09688253,-0.3161049
1751443674894,647025693,-1.2455499,0.09688253,-0.3161049
1751443674911,647042360,-1.1195126,0.084153466,-0.17900753
1751443674911,647042360,-1.1195126,0.084153466,-0.17900753
1751443674927,647059027,-1.0736395,0.13865235,-0.17482948
1751443674927,647059027,-1.0736395,0.13865235,-0.17482948
1751443674944,647075694,-1.2633281,0.1494549,-0.24537086
1751443674944,647075694,-1.2633281,0.1494549,-0.24537086
1751443674961,647092361,-1.4627383,0.11043692,-0.41526985
1751443674961,647092361,-1.4627383,0.11043692,-0.41526985
1751443674977,647109028,-1.3756875,0.04516409,-0.32295322
1751443674977,647109028,-1.3756875,0.04516409,-0.32295322
1751443674994,647125695,-1.4879202,0.011998511,-0.6326065
1751443674994,647125695,-1.4879202,0.011998511,-0.6326065
1751443675011,647142362,-1.7360511,-0.025860561,-1.0406961
1751443675011,647142362,-1.7360511,-0.025860561,-1.0406961
1751443675027,647159029,-1.8764232,-0.14647111,-1.4029903
1751443675027,647159029,-1.8764232,-0.14647111,-1.4029903
1751443675044,647175696,-1.7933521,-0.06825206,-1.1060925
1751443675044,647175696,-1.7933521,-0.06825206,-1.1060925
1751443675061,647192363,-1.3188251,0.012912287,-0.6896372
1751443675061,647192363,-1.3188251,0.012912287,-0.6896372
1751443675077,647209030,-1.0943934,0.13052917,-0.73044586
1751443675077,647209030,-1.0943934,0.13052917,-0.73044586
1751443675094,647225697,-0.7632686,0.2543805,-1.2850504
1751443675094,647225697,-0.7632686,0.2543805,-1.2850504
1751443675111,647242364,-0.68233776,0.63334835,-1.3152618
1751443675111,647242364,-0.68233776,0.63334835,-1.3152618
1751443675127,647259031,-0.40280053,0.4944795,-1.1640196
1751443675127,647259031,-0.40280053,0.4944795,-1.1640196
1751443675144,647275698,-0.047371726,0.34767708,-1.0848389
1751443675144,647275698,-0.047371726,0.34767708,-1.0848389
1751443675161,647292365,-0.08474326,0.13821438,-0.55889606
1751443675161,647292365,-0.08474326,0.13821438,-0.55889606
1751443675177,647309032,-0.10432101,0.1440132,-0.7524824
1751443675177,647309032,-0.10432101,0.1440132,-0.7524824
1751443675194,647325699,-0.16503657,0.189376,-0.31838512
1751443675194,647325699,-0.16503657,0.189376,-0.31838512
1751443675211,647342366,0.6070708,0.21769446,0.14485645
1751443675211,647342366,0.6070708,0.21769446,0.14485645
1751443675227,647359033,1.7700822,0.1611486,0.82655334
1751443675227,647359033,1.7700822,0.1611486,0.82655334
1751443675244,647375700,1.674524,0.44629246,1.3240366
1751443675244,647375700,1.674524,0.44629246,1.3240366
1751443675261,647392367,0.834415,0.3544233,0.27700996
1751443675261,647392367,0.834415,0.3544233,0.27700996
1751443675277,647409034,0.21398276,0.85840344,0.1276455
1751443675277,647409034,0.21398276,0.85840344,0.1276455
1751443675294,647425701,0.8478531,0.7607853,-0.28381634
1751443675294,647425701,0.8478531,0.7607853,-0.28381634
1751443675311,647442368,0.83828604,0.49278036,-1.0700607
1751443675311,647442368,0.83828604,0.49278036,-1.0700607
1751443675327,647459035,0.604526,0.42255712,-1.5191021
1751443675327,647459035,0.604526,0.42255712,-1.5191021
1751443675344,647475702,0.44367906,-0.1790673,-1.6149197
1751443675344,647475702,0.44367906,-0.1790673,-1.6149197
1751443675361,647492369,0.1259646,-0.7083637,-1.6410284
1751443675361,647492369,0.1259646,-0.7083637,-1.6410284
1751443675377,647509036,-0.12871595,-0.9958186,-1.3064528
1751443675377,647509036,-0.12871595,-0.9958186,-1.3064528
1751443675394,647525703,-0.33975607,-0.863046,-0.6323004
1751443675394,647525703,-0.33975607,-0.863046,-0.6323004
1751443675411,647542370,0.023821676,-0.54706204,-0.0829525
1751443675411,647542370,0.023821676,-0.54706204,-0.0829525
1751443675427,647559037,0.84511405,-0.029048191,0.6461067
1751443675427,647559037,0.84511405,-0.029048191,0.6461067
1751443675444,647575704,1.3305774,0.44570798,1.2694626
1751443675444,647575704,1.3305774,0.44570798,1.2694626
1751443675461,647592371,1.1388253,0.5843002,1.1422768
1751443675461,647592371,1.1388253,0.5843002,1.1422768
1751443675477,647609038,0.9833836,0.38023522,0.9726639
1751443675477,647609038,0.9833836,0.38023522,0.9726639
1751443675494,647625705,1.0540048,-0.20784359,0.6952162
1751443675494,647625705,1.0540048,-0.20784359,0.6952162
1751443675511,647642372,1.0111855,-0.3541974,0.5663204
1751443675511,647642372,1.0111855,-0.3541974,0.5663204
1751443675527,647659039,0.72016585,-0.18114507,0.362175
1751443675527,647659039,0.72016585,-0.18114507,0.362175
1751443675544,647675706,0.46503374,0.095977135,-0.14868546
1751443675544,647675706,0.46503374,0.095977135,-0.14868546
1751443675561,647692373,0.08027194,0.32132804,-0.24202156
1751443675561,647692373,0.08027194,0.32132804,-0.24202156
1751443675577,647709040,-0.43564034,0.55562896,-0.62671375
1751443675577,647709040,-0.43564034,0.55562896,-0.62671375
1751443675594,647725707,-0.61545414,0.7200147,-0.7568817
1751443675594,647725707,-0.61545414,0.7200147,-0.7568817
1751443675611,647742374,-0.4614038,0.4770134,-0.86266994
1751443675611,647742374,-0.4614038,0.4770134,-0.86266994
1751443675627,647759041,-0.3458091,-0.018658414,-0.7585249
1751443675627,647759041,-0.3458091,-0.018658414,-0.7585249
1751443675644,647775708,-0.25374126,-0.19163688,-0.51566124
1751443675644,647775708,-0.25374126,-0.19163688,-0.51566124
1751443675661,647792375,-0.02678216,0.11714761,0.07003212
1751443675661,647792375,-0.02678216,0.11714761,0.07003212
1751443675677,647809042,0.060619283,0.3675978,0.40857887
1751443675677,647809042,0.060619283,0.3675978,0.40857887
1751443675694,647825709,0.2309675,0.30440855,0.451746
1751443675694,647825709,0.2309675,0.30440855,0.451746
1751443675711,647842376,0.47356373,-0.04433178,0.37053776
1751443675711,647842376,0.47356373,-0.04433178,0.37053776
1751443675727,647859043,0.47037828,-0.4494725,0.17330837
1751443675727,647859043,0.47037828,-0.4494725,0.17330837
1751443675744,647875710,0.06356443,-0.8441316,-0.3190775
1751443675744,647875710,0.06356443,-0.8441316,-0.3190775
1751443675761,647892377,-0.13180906,-1.1325963,-0.57577324
1751443675761,647892377,-0.13180906,-1.1325963,-0.57577324
1751443675777,647909044,0.18619674,-1.031817,-0.27061558
1751443675777,647909044,0.18619674,-1.031817,-0.27061558
1751443675794,647925711,0.39039338,-0.48131615,0.2279625
1751443675794,647925711,0.39039338,-0.48131615,0.2279625
1751443675811,647942378,0.2450715,0.2734632,0.6200018
1751443675811,647942378,0.2450715,0.2734632,0.6200018
1751443675827,647959045,0.02071451,0.8964166,0.73110867
1751443675827,647959045,0.02071451,0.8964166,0.73110867
1751443675844,647975712,-0.19857226,0.96771497,0.9637184
1751443675844,647975712,-0.19857226,0.96771497,0.9637184
1751443675861,647992379,-0.4657132,0.79211295,1.101057
1751443675861,647992379,-0.4657132,0.79211295,1.101057
1751443675877,648009046,-0.6551895,0.7012996,1.6886234
1751443675877,648009046,-0.6551895,0.7012996,1.6886234
1751443675894,648025713,-0.7308564,0.45360646,1.8249435
1751443675894,648025713,-0.7308564,0.45360646,1.8249435
1751443675911,648042380,-0.89185303,0.36007613,1.6664152
1751443675911,648042380,-0.89185303,0.36007613,1.6664152
1751443675927,648059047,-0.5025991,0.1110875,1.0968199
1751443675927,648059047,-0.5025991,0.1110875,1.0968199
1751443675944,648075714,-0.04925421,-0.20744696,0.46730423
1751443675944,648075714,-0.04925421,-0.20744696,0.46730423
1751443675961,648092381,-0.07240959,-0.39743644,0.7709799
1751443675961,648092381,-0.07240959,-0.39743644,0.7709799
1751443675977,648109048,0.31981054,-0.44284198,1.889987
1751443675977,648109048,0.31981054,-0.44284198,1.889987
1751443675994,648125715,0.9998949,-0.8460267,2.5699005
1751443675994,648125715,0.9998949,-0.8460267,2.5699005
1751443676011,648142382,0.6859315,-0.44081873,2.8585634
1751443676011,648142382,0.6859315,-0.44081873,2.8585634
1751443676027,648159049,0.69286346,-0.8330244,1.929863
1751443676027,648159049,0.69286346,-0.8330244,1.929863
1751443676044,648175716,-0.6349033,-0.11513097,1.8615427
1751443676044,648175716,-0.6349033,-0.11513097,1.8615427
1751443676061,648192383,-0.57243645,-0.122836575,0.8366966
1751443676061,648192383,-0.57243645,-0.122836575,0.8366966
1751443676077,648209050,0.16732934,-0.07159785,0.67322636
1751443676077,648209050,0.16732934,-0.07159785,0.67322636
1751443676094,648225717,1.016224,0.28583357,0.15604496
1751443676094,648225717,1.016224,0.28583357,0.15604496
1751443676111,648242384,1.3614074,0.6446011,-0.4282694
1751443676111,648242384,1.3614074,0.6446011,-0.4282694
1751443676127,648259051,1.099729,0.6364017,-1.1116533
1751443676127,648259051,1.099729,0.6364017,-1.1116533
1751443676144,648275718,0.658354,0.42891577,-1.6494732
1751443676144,648275718,0.658354,0.42891577,-1.6494732
1751443676161,648292385,0.3360175,0.10620933,-1.6528006
1751443676161,648292385,0.3360175,0.10620933,-1.6528006
1751443676177,648309052,0.3183786,-0.1925644,-1.3968401
1751443676177,648309052,0.3183786,-0.1925644,-1.3968401
1751443676194,648325719,0.5558267,-0.118186,-1.281662
1751443676194,648325719,0.5558267,-0.118186,-1.281662
1751443676211,648342386,0.3966197,-0.26678512,-1.1456509
1751443676211,648342386,0.3966197,-0.26678512,-1.1456509
1751443676227,648359053,0.5864305,-0.21114208,-0.97654057
1751443676227,648359053,0.5864305,-0.21114208,-0.97654057
1751443676244,648375720,0.82406557,-0.11283426,-0.8495407
1751443676244,648375720,0.82406557,-0.11283426,-0.8495407
1751443676261,648392387,0.7944113,0.03602012,-0.5575695
1751443676261,648392387,0.7944113,0.03602012,-0.5575695
1751443676277,648409054,0.9676029,0.19875112,-0.3803749
1751443676277,648409054,0.9676029,0.19875112,-0.3803749
1751443676294,648425721,1.0036857,-0.0026462257,-0.18156338
1751443676294,648425721,1.0036857,-0.0026462257,-0.18156338
1751443676311,648442388,1.0601523,-0.21414252,0.027549744
1751443676311,648442388,1.0601523,-0.21414252,0.027549744
1751443676327,648459055,0.8535427,-0.32902437,0.11085224
1751443676327,648459055,0.8535427,-0.32902437,0.11085224
1751443676344,648475722,0.68041736,-0.46558934,0.10828209
1751443676344,648475722,0.68041736,-0.46558934,0.10828209
1751443676361,648492389,0.42904073,-0.43492508,0.19990253
1751443676361,648492389,0.42904073,-0.43492508,0.19990253
1751443676377,648509056,0.25044343,-0.2951668,0.08507824
1751443676377,648509056,0.25044343,-0.2951668,0.08507824
1751443676394,648525723,0.14020482,-0.08704069,-0.39449406
1751443676394,648525723,0.14020482,-0.08704069,-0.39449406
1751443676411,648542390,-0.0036160764,-0.24166399,-0.71419525
1751443676411,648542390,-0.0036160764,-0.24166399,-0.71419525
1751443676427,648559057,-0.15663177,-0.3607751,-0.8597212
1751443676427,648559057,-0.15663177,-0.3607751,-0.8597212
1751443676444,648575724,-0.21125774,-0.57513857,-0.9748535
1751443676444,648575724,-0.21125774,-0.57513857,-0.9748535
1751443676461,648592391,-0.124509595,-0.6294498,-1.1168327
1751443676461,648592391,-0.124509595,-0.6294498,-1.1168327
1751443676477,648609058,0.08887322,-0.5836469,-0.87583256
1751443676477,648609058,0.08887322,-0.5836469,-0.87583256
1751443676494,648625725,0.15145567,-0.2906165,-0.5192394
1751443676494,648625725,0.15145567,-0.2906165,-0.5192394
1751443676511,648642392,0.29315495,-0.08477165,-0.51535034
1751443676511,648642392,0.29315495,-0.08477165,-0.51535034
1751443676527,648659059,0.38414106,0.09988833,-0.5911865
1751443676527,648659059,0.38414106,0.09988833,-0.5911865
1751443676544,648675726,0.37123662,0.22055717,-0.614954
1751443676544,648675726,0.37123662,0.22055717,-0.614954
1751443676561,648692393,0.47244504,0.25798187,-0.43353176
1751443676561,648692393,0.47244504,0.25798187,-0.43353176
1751443676577,648709060,0.5027309,0.24191324,-0.29559994
1751443676577,648709060,0.5027309,0.24191324,-0.29559994
1751443676594,648725727,0.55858135,0.29630852,-0.32626343
1751443676594,648725727,0.55858135,0.29630852,-0.32626343
1751443676611,648742394,0.5980355,0.27304402,-0.45914936
1751443676611,648742394,0.5980355,0.27304402,-0.45914936
1751443676627,648759061,0.48053733,0.4621961,-0.60565567
1751443676627,648759061,0.48053733,0.4621961,-0.60565567
1751443676644,648775728,0.42667133,0.3046211,-0.6771679
1751443676644,648775728,0.42667133,0.3046211,-0.6771679
1751443676661,648792395,0.22713973,0.27145526,-0.5228853
1751443676661,648792395,0.22713973,0.27145526,-0.5228853
1751443676677,648809062,0.10356794,0.14727072,-0.2373457
1751443676677,648809062,0.10356794,0.14727072,-0.2373457
1751443676694,648825729,-0.008885032,0.10591452,0.09890747
1751443676694,648825729,-0.008885032,0.10591452,0.09890747
1751443676711,648842396,-0.054480474,0.11630273,0.1926117
1751443676711,648842396,-0.054480474,0.11630273,0.1926117
1751443676727,648859063,-0.17877947,0.08120505,-0.08742046
1751443676727,648859063,-0.17877947,0.08120505,-0.08742046
1751443676744,648875730,-0.17256038,0.12238402,-0.6023693
1751443676744,648875730,-0.17256038,0.12238402,-0.6023693
1751443676761,648892397,-0.005036585,0.113598675,-0.97058487
1751443676761,648892397,-0.005036585,0.113598675,-0.97058487
1751443676777,648909064,0.06218544,0.12817457,-0.95748043
1751443676777,648909064,0.06218544,0.12817457,-0.95748043
1751443676794,648925731,0.042409293,0.06369907,-0.7005539
1751443676794,648925731,0.042409293,0.06369907,-0.7005539
1751443676811,648942398,0.015839217,-0.010288357,-0.2719326
1751443676811,648942398,0.015839217,-0.010288357,-0.2719326
1751443676827,648959065,-0.10114601,-0.1336816,-0.07682419
1751443676827,648959065,-0.10114601,-0.1336816,-0.07682419
1751443676844,648975732,-0.20758802,-0.16927804,-0.15309238
1751443676844,648975732,-0.20758802,-0.16927804,-0.15309238
1751443676861,648992399,-0.36101216,-0.106301084,-0.1283493
1751443676861,648992399,-0.36101216,-0.106301084,-0.1283493
1751443676877,649009066,-0.5541701,-0.13122585,-0.019433022
1751443676877,649009066,-0.5541701,-0.13122585,-0.019433022
1751443676894,649025733,-0.6236153,-0.10741384,0.008778572
1751443676894,649025733,-0.6236153,-0.10741384,0.008778572
1751443676911,649042400,-0.52491003,-0.02785072,-0.10935116
1751443676911,649042400,-0.52491003,-0.02785072,-0.10935116
1751443676927,649059067,-0.35116974,0.12858053,-0.41068554
1751443676927,649059067,-0.35116974,0.12858053,-0.41068554
1751443676944,649075734,-0.19582498,0.3101431,-0.7402744
1751443676944,649075734,-0.19582498,0.3101431,-0.7402744
1751443676961,649092401,-0.022195619,0.26033905,-0.9031143
1751443676961,649092401,-0.022195619,0.26033905,-0.9031143
1751443676977,649109068,0.124991015,0.017207649,-0.7244997
1751443676977,649109068,0.124991015,0.017207649,-0.7244997
1751443676994,649125735,0.15085864,-0.16226594,-0.3861866
1751443676994,649125735,0.15085864,-0.16226594,-0.3861866
1751443677011,649142402,0.15117872,-0.1059813,-0.20421791
1751443677011,649142402,0.15117872,-0.1059813,-0.20421791
1751443677027,649159069,0.100841254,0.024010153,-0.18620205
1751443677027,649159069,0.100841254,0.024010153,-0.18620205
1751443677044,649175736,0.1314564,0.044774562,-0.21394348
1751443677044,649175736,0.1314564,0.044774562,-0.21394348
1751443677061,649192403,0.21504664,0.054054484,-0.1983509
1751443677061,649192403,0.21504664,0.054054484,-0.1983509
1751443677077,649209070,0.26204827,0.07154448,-0.19812202
1751443677077,649209070,0.26204827,0.07154448,-0.19812202
1751443677094,649225737,0.29278085,0.034678146,-0.31678772
1751443677094,649225737,0.29278085,0.034678146,-0.31678772
1751443677111,649242404,0.24682687,-0.004782004,-0.42966366
1751443677111,649242404,0.24682687,-0.004782004,-0.42966366
1751443677127,649259071,0.13142626,-0.010055065,-0.49153328
1751443677127,649259071,0.13142626,-0.010055065,-0.49153328
1751443677144,649275738,0.10354232,-0.0057432214,-0.4627657
1751443677144,649275738,0.10354232,-0.0057432214,-0.4627657
1751443677161,649292405,0.10664181,0.043362074,-0.48249435
1751443677161,649292405,0.10664181,0.043362074,-0.48249435
1751443677177,649309072,0.05312953,0.14415619,-0.46487522
1751443677177,649309072,0.05312953,0.14415619,-0.46487522
1751443677194,649325739,0.06093223,0.1382346,-0.49289894
1751443677194,649325739,0.06093223,0.1382346,-0.49289894
1751443677211,649342406,0.16381985,0.14484349,-0.548481
1751443677211,649342406,0.16381985,0.14484349,-0.548481
1751443677227,649359073,0.10275257,0.20818281,-0.5122328
1751443677227,649359073,0.10275257,0.20818281,-0.5122328
1751443677244,649375740,0.10528916,0.312289,-0.5226803
1751443677244,649375740,0.10528916,0.312289,-0.5226803
1751443677261,649392407,0.11637288,0.33215874,-0.5257797
1751443677261,649392407,0.11637288,0.33215874,-0.5257797
1751443677277,649409074,0.14040267,0.38251242,-0.4924221
1751443677277,649409074,0.14040267,0.38251242,-0.4924221
1751443677294,649425741,0.14478374,0.33862296,-0.38593006
1751443677294,649425741,0.14478374,0.33862296,-0.38593006
1751443677311,649442408,0.13185242,0.22141182,-0.3209057
1751443677311,649442408,0.13185242,0.22141182,-0.3209057
1751443677327,649459075,0.17472018,0.10923357,-0.35225868
1751443677327,649459075,0.17472018,0.10923357,-0.35225868
1751443677344,649475742,0.1779991,-0.0053472123,-0.39572048
1751443677344,649475742,0.1779991,-0.0053472123,-0.39572048
1751443677361,649492409,0.13072501,-0.052130934,-0.38449
1751443677361,649492409,0.13072501,-0.052130934,-0.38449
1751443677377,649509076,0.10454338,-0.06921174,-0.32848454
1751443677377,649509076,0.10454338,-0.06921174,-0.32848454
1751443677394,649525743,0.0740646,-0.119162135,-0.30040836
1751443677394,649525743,0.0740646,-0.119162135,-0.30040836
1751443677411,649542410,0.029319396,-0.10166727,-0.33666706
1751443677411,649542410,0.029319396,-0.10166727,-0.33666706
1751443677427,649559077,0.0017954516,-0.048741527,-0.36562634
1751443677427,649559077,0.0017954516,-0.048741527,-0.36562634
1751443677444,649575744,-0.021536535,-0.021428633,-0.40825462
1751443677444,649575744,-0.021536535,-0.021428633,-0.40825462
1751443677461,649592411,-0.06767151,0.012839478,-0.52792454
1751443677461,649592411,-0.06767151,0.012839478,-0.52792454
1751443677477,649609078,-0.06610432,0.027391624,-0.6078148
1751443677477,649609078,-0.06610432,0.027391624,-0.6078148
1751443677494,649625745,-0.035909593,0.07478436,-0.59194374
1751443677494,649625745,-0.035909593,0.07478436,-0.59194374
1751443677511,649642412,0.08231354,0.1156874,-0.48084736
1751443677511,649642412,0.08231354,0.1156874,-0.48084736
1751443677527,649659079,0.17721897,0.14694737,-0.45228004
1751443677527,649659079,0.17721897,0.14694737,-0.45228004
1751443677544,649675746,0.26930758,0.1747782,-0.49822712
1751443677544,649675746,0.26930758,0.1747782,-0.49822712
1751443677561,649692413,0.5063313,0.2322213,-0.6404352
1751443677561,649692413,0.5063313,0.2322213,-0.6404352
1751443677577,649709080,0.38061577,0.20946959,-0.44377708
1751443677577,649709080,0.38061577,0.20946959,-0.44377708
1751443677594,649725747,0.1557452,0.16082183,-0.12330341
1751443677594,649725747,0.1557452,0.16082183,-0.12330341
1751443677611,649742414,0.101621844,0.19515112,-0.21820164
1751443677611,649742414,0.101621844,0.19515112,-0.21820164
1751443677627,649759081,-0.051421557,0.16986588,-0.5148306
1751443677627,649759081,-0.051421557,0.16986588,-0.5148306
1751443677644,649775748,-0.06958992,0.11044893,-0.59357166
1751443677644,649775748,-0.06958992,0.11044893,-0.59357166
1751443677661,649792415,0.0813265,0.0057527204,-0.40048027
1751443677661,649792415,0.0813265,0.0057527204,-0.40048027
1751443677677,649809082,0.4036319,-0.12183736,-0.45993328
1751443677677,649809082,0.4036319,-0.12183736,-0.45993328
1751443677694,649825749,0.5274972,-0.23625337,-0.6253662
1751443677694,649825749,0.5274972,-0.23625337,-0.6253662
1751443677711,649842416,0.5318124,-0.1127933,-0.7012577
1751443677711,649842416,0.5318124,-0.1127933,-0.7012577
1751443677727,649859083,0.5255957,-0.011833446,-0.6729088
1751443677727,649859083,0.5255957,-0.011833446,-0.6729088
1751443677744,649875750,0.4759515,0.09292909,-0.6595106
1751443677744,649875750,0.4759515,0.09292909,-0.6595106
1751443677761,649892417,0.39595208,0.23305646,-0.6623287
1751443677761,649892417,0.39595208,0.23305646,-0.6623287
1751443677777,649909084,0.27570027,0.32888463,-0.51633644
1751443677777,649909084,0.27570027,0.32888463,-0.51633644
1751443677794,649925751,0.17919894,0.35478553,-0.33702564
1751443677794,649925751,0.17919894,0.35478553,-0.33702564
1751443677811,649942418,0.27008387,0.25735062,-0.16430378
1751443677811,649942418,0.27008387,0.25735062,-0.16430378
1751443677827,649959085,0.5053392,0.17654987,-0.08216858
1751443677827,649959085,0.5053392,0.17654987,-0.08216858
1751443677844,649975752,0.6514952,0.057642426,-0.09971237
1751443677844,649975752,0.6514952,0.057642426,-0.09971237
1751443677861,649992419,0.8186767,0.021797765,-0.24652767
1751443677861,649992419,0.8186767,0.021797765,-0.24652767
1751443677877,650009086,0.9870731,0.006390012,-0.5192728
1751443677877,650009086,0.9870731,0.006390012,-0.5192728
1751443677894,650025753,1.3626481,0.00309856,-0.78525925
1751443677894,650025753,1.3626481,0.00309856,-0.78525925
1751443677911,650042420,1.7242862,-0.19389966,-0.6650486
1751443677911,650042420,1.7242862,-0.19389966,-0.6650486
1751443677927,650059087,1.4828326,-0.15171349,-0.17247868
1751443677927,650059087,1.4828326,-0.15171349,-0.17247868
1751443677944,650075754,0.82636213,-0.018770618,0.6430578
1751443677944,650075754,0.82636213,-0.018770618,0.6430578
1751443677961,650092421,0.09541986,0.17171572,1.4340429
1751443677961,650092421,0.09541986,0.17171572,1.4340429
1751443677977,650109088,-0.319514,0.12391737,2.0864477
1751443677977,650109088,-0.319514,0.12391737,2.0864477
1751443677994,650125755,-0.30409223,-0.026807362,2.1771936
1751443677994,650125755,-0.30409223,-0.026807362,2.1771936
1751443678011,650142422,0.0029172911,-0.32909602,1.9341555
1751443678011,650142422,0.0029172911,-0.32909602,1.9341555
1751443678027,650159089,0.10838825,-0.51839584,1.7778492
1751443678027,650159089,0.10838825,-0.51839584,1.7778492
1751443678044,650175756,0.067181565,-0.39124545,1.7491131
1751443678044,650175756,0.067181565,-0.39124545,1.7491131
1751443678061,650192423,-0.07921953,0.074784644,1.7814846
1751443678061,650192423,-0.07921953,0.074784644,1.7814846
1751443678077,650209090,-0.2290439,0.2621493,1.7871943
1751443678077,650209090,-0.2290439,0.2621493,1.7871943
1751443678094,650225757,-0.24797527,0.23804343,1.7806807
1751443678094,650225757,-0.24797527,0.23804343,1.7806807
1751443678111,650242424,-0.2803779,0.32154754,1.5819206
1751443678111,650242424,-0.2803779,0.32154754,1.5819206
1751443678127,650259091,-0.19098774,0.4491846,1.3734255
1751443678127,650259091,-0.19098774,0.4491846,1.3734255
1751443678144,650275758,0.0099822,0.4033925,1.3565903
1751443678144,650275758,0.0099822,0.4033925,1.3565903
1751443678161,650292425,0.14908326,0.39965346,1.2605906
1751443678161,650292425,0.14908326,0.39965346,1.2605906
1751443678177,650309092,0.23401086,0.45112437,1.0386362
1751443678177,650309092,0.23401086,0.45112437,1.0386362
1751443678194,650325759,0.48392645,0.634596,0.85355854
1751443678194,650325759,0.48392645,0.634596,0.85355854
1751443678211,650342426,0.7632663,0.8544124,0.72322655
1751443678211,650342426,0.7632663,0.8544124,0.72322655
1751443678227,650359093,0.9371887,1.1053191,0.52202606
1751443678227,650359093,0.9371887,1.1053191,0.52202606
1751443678244,650375760,1.2768146,1.054858,0.35742664
1751443678244,650375760,1.2768146,1.054858,0.35742664
1751443678261,650392427,1.4455823,0.8324168,0.38994122
1751443678261,650392427,1.4455823,0.8324168,0.38994122
1751443678277,650409094,1.2450148,0.3846239,0.37674713
1751443678277,650409094,1.2450148,0.3846239,0.37674713
1751443678294,650425761,0.73099643,-0.1299121,0.4322405
1751443678294,650425761,0.73099643,-0.1299121,0.4322405
1751443678311,650442428,-0.0013036951,-0.5049503,0.4796133
1751443678311,650442428,-0.0013036951,-0.5049503,0.4796133
1751443678327,650459095,-0.6095251,-0.70631784,0.15868568
1751443678327,650459095,-0.6095251,-0.70631784,0.15868568
1751443678344,650475762,-0.5753191,-0.62097675,0.5535917
1751443678344,650475762,-0.5753191,-0.62097675,0.5535917
1751443678361,650492429,-0.13102075,-0.52876973,0.46775436
1751443678361,650492429,-0.13102075,-0.52876973,0.46775436
1751443678377,650509096,0.2697735,-0.45238027,0.20557785
1751443678377,650509096,0.2697735,-0.45238027,0.20557785
1751443678394,650525763,0.703729,-0.36955196,0.08484268
1751443678394,650525763,0.703729,-0.36955196,0.08484268
1751443678411,650542430,0.88783056,-0.23960689,-0.47707462
1751443678411,650542430,0.88783056,-0.23960689,-0.47707462
1751443678427,650559097,0.815696,-0.14110652,-0.9627447
1751443678427,650559097,0.815696,-0.14110652,-0.9627447
1751443678444,650575764,0.6053695,-0.089126796,-1.194623
1751443678444,650575764,0.6053695,-0.089126796,-1.194623
1751443678461,650592431,0.22852351,-0.010396705,-1.4434023
1751443678461,650592431,0.22852351,-0.010396705,-1.4434023
1751443678477,650609098,0.061673343,0.16509673,-1.3430204
1751443678477,650609098,0.061673343,0.16509673,-1.3430204
1751443678494,650625765,0.05710298,0.104821876,-0.872489
1751443678494,650625765,0.05710298,0.104821876,-0.872489
1751443678511,650642432,0.114117526,0.26223657,-0.9475889
1751443678511,650642432,0.114117526,0.26223657,-0.9475889
1751443678527,650659099,0.3052626,0.51354605,-0.60555553
1751443678527,650659099,0.3052626,0.51354605,-0.60555553
1751443678544,650675766,0.7204111,0.59838545,-0.25039387
1751443678544,650675766,0.7204111,0.59838545,-0.25039387
1751443678561,650692433,0.92114615,0.82345545,0.11537933
1751443678561,650692433,0.92114615,0.82345545,0.11537933
1751443678577,650709100,1.0633633,0.8196242,0.18043232
1751443678577,650709100,1.0633633,0.8196242,0.18043232
1751443678594,650725767,1.1103142,0.6340697,0.16874981
1751443678594,650725767,1.1103142,0.6340697,0.16874981
1751443678611,650742434,0.8419107,0.53548443,0.07937908
1751443678611,650742434,0.8419107,0.53548443,0.07937908
1751443678627,650759101,0.47909075,0.30168727,-0.3268509
1751443678627,650759101,0.47909075,0.30168727,-0.3268509
1751443678644,650775768,0.23518218,0.062122464,-0.58918
1751443678644,650775768,0.23518218,0.062122464,-0.58918
1751443678661,650792435,-0.06862312,0.18289982,-0.905653
1751443678661,650792435,-0.06862312,0.18289982,-0.905653
1751443678677,650809102,-0.07145687,-0.07290557,-1.3363886
1751443678677,650809102,-0.07145687,-0.07290557,-1.3363886
1751443678694,650825769,-0.3967796,-0.29114825,-1.6822166
1751443678694,650825769,-0.3967796,-0.29114825,-1.6822166
1751443678711,650842436,-0.7193651,-0.010217224,-1.7697773
1751443678711,650842436,-0.7193651,-0.010217224,-1.7697773
1751443678727,650859103,-0.8182151,-0.16487311,-1.6784563
1751443678727,650859103,-0.8182151,-0.16487311,-1.6784563
1751443678744,650875770,-0.9273328,0.18184388,-1.7106705
1751443678744,650875770,-0.9273328,0.18184388,-1.7106705
1751443678761,650892437,-0.617516,-0.16977257,-1.3195066
1751443678761,650892437,-0.617516,-0.16977257,-1.3195066
1751443678777,650909104,-0.51994425,-0.18288814,-0.89822865
1751443678777,650909104,-0.51994425,-0.18288814,-0.89822865
1751443678794,650925771,-0.23037997,-0.29066408,-0.40491486
1751443678794,650925771,-0.23037997,-0.29066408,-0.40491486
1751443678811,650942438,-0.14986737,-0.18879497,-0.44898415
1751443678811,650942438,-0.14986737,-0.18879497,-0.44898415
1751443678827,650959105,-0.8076229,0.19687803,-0.32286167
1751443678827,650959105,-0.8076229,0.19687803,-0.32286167
1751443678844,650975772,-1.1839385,0.5460903,-0.56163025
1751443678844,650975772,-1.1839385,0.5460903,-0.56163025
1751443678861,650992439,-1.6788306,0.30611032,-0.67514515
1751443678861,650992439,-1.6788306,0.30611032,-0.67514515
1751443678877,651009106,-2.0990582,0.4435434,-0.92651176
1751443678877,651009106,-2.0990582,0.4435434,-0.92651176
1751443678894,651025773,-2.0671027,0.30054364,-0.90236187
1751443678894,651025773,-2.0671027,0.30054364,-0.90236187
1751443678911,651042440,-1.8081867,0.27484846,-0.7882385
1751443678911,651042440,-1.8081867,0.27484846,-0.7882385
1751443678927,651059107,-1.3692917,0.31466612,-0.493021
1751443678927,651059107,-1.3692917,0.31466612,-0.493021
1751443678944,651075774,-1.0776907,0.5566169,-0.26166153
1751443678944,651075774,-1.0776907,0.5566169,-0.26166153
1751443678961,651092441,-0.99942464,0.3455593,-0.15415955
1751443678961,651092441,-0.99942464,0.3455593,-0.15415955
1751443678977,651109108,-1.0895799,0.32917005,-0.27237034
1751443678977,651109108,-1.0895799,0.32917005,-0.27237034
1751443678994,651125775,-1.2487227,0.412561,-0.6561127
1751443678994,651125775,-1.2487227,0.412561,-0.6561127
1751443679011,651142442,-1.3964754,0.3127446,-0.84970474
1751443679011,651142442,-1.3964754,0.3127446,-0.84970474
1751443679027,651159109,-1.5463701,0.36022595,-0.7744379
1751443679027,651159109,-1.5463701,0.36022595,-0.7744379
1751443679044,651175776,-1.5686142,0.39051127,-0.46310425
1751443679044,651175776,-1.5686142,0.39051127,-0.46310425
1751443679061,651192443,-1.345769,0.31308934,-0.05939865
1751443679061,651192443,-1.345769,0.31308934,-0.05939865
1751443679077,651209110,-1.063697,0.2507459,0.357893
1751443679077,651209110,-1.063697,0.2507459,0.357893
1751443679094,651225777,-0.801771,0.069807455,0.58734226
1751443679094,651225777,-0.801771,0.069807455,0.58734226
1751443679111,651242444,-0.6779053,-0.22699316,0.5307989
1751443679111,651242444,-0.6779053,-0.22699316,0.5307989
1751443679127,651259111,-0.68294495,-0.20841706,0.18294239
1751443679127,651259111,-0.68294495,-0.20841706,0.18294239
1751443679144,651275778,-0.82528484,-0.08407378,-0.12626266
1751443679144,651275778,-0.82528484,-0.08407378,-0.12626266
1751443679161,651292445,-0.8749007,0.086016506,-0.30691624
1751443679161,651292445,-0.8749007,0.086016506,-0.30691624
1751443679177,651309112,-0.7225244,0.19533758,-0.23655128
1751443679177,651309112,-0.7225244,0.19533758,-0.23655128
1751443679194,651325779,-0.38860047,0.14261669,-0.05879402
1751443679194,651325779,-0.38860047,0.14261669,-0.05879402
1751443679211,651342446,-0.16686387,0.07653162,0.03643608
1751443679211,651342446,-0.16686387,0.07653162,0.03643608
1751443679227,651359113,-0.23215444,0.09320937,-0.002204895
1751443679227,651359113,-0.23215444,0.09320937,-0.002204895
1751443679244,651375780,-0.5053659,0.041179355,-0.29854202
1751443679244,651375780,-0.5053659,0.041179355,-0.29854202
1751443679261,651392447,-0.71761817,-0.10391822,-0.69887066
1751443679261,651392447,-0.71761817,-0.10391822,-0.69887066
1751443679277,651409114,-0.74414337,-0.032165024,-0.8665037
1751443679277,651409114,-0.74414337,-0.032165024,-0.8665037
1751443679294,651425781,-0.56360245,-0.064915486,-0.6547632
1751443679294,651425781,-0.56360245,-0.064915486,-0.6547632
1751443679311,651442448,-0.46052957,0.034832705,-0.29068565
1751443679311,651442448,-0.46052957,0.034832705,-0.29068565
1751443679327,651459115,-0.29629228,0.10718955,-0.021094322
1751443679327,651459115,-0.29629228,0.10718955,-0.021094322
1751443679344,651475782,-0.28032553,0.20212276,0.030183792
1751443679344,651475782,-0.28032553,0.20212276,0.030183792
1751443679361,651492449,-0.3858089,0.21179014,-0.15858364
1751443679361,651492449,-0.3858089,0.21179014,-0.15858364
1751443679377,651509116,-0.54298306,0.24328066,-0.15925026
1751443679377,651509116,-0.54298306,0.24328066,-0.15925026
1751443679394,651525783,-0.49517402,0.31341267,-0.032421112
1751443679394,651525783,-0.49517402,0.31341267,-0.032421112
1751443679411,651542450,-0.25503612,0.33789772,0.25834656
1751443679411,651542450,-0.25503612,0.33789772,0.25834656
1751443679427,651559117,-0.0350432,0.3411116,0.63000965
1751443679427,651559117,-0.0350432,0.3411116,0.63000965
1751443679444,651575784,0.031844504,0.33973712,0.8512125
1751443679444,651575784,0.031844504,0.33973712,0.8512125
1751443679461,651592451,-0.059938073,0.42305022,0.7925358
1751443679461,651592451,-0.059938073,0.42305022,0.7925358
1751443679477,651609118,-0.22375223,0.52501595,0.50545883
1751443679477,651609118,-0.22375223,0.52501595,0.50545883
1751443679494,651625785,-0.41645285,0.6512393,0.23127365
1751443679494,651625785,-0.41645285,0.6512393,0.23127365
1751443679511,651642452,-0.62159663,0.6736045,0.07967758
1751443679511,651642452,-0.62159663,0.6736045,0.07967758
1751443679527,651659119,-0.6491877,0.6087184,0.0036497116
1751443679527,651659119,-0.6491877,0.6087184,0.0036497116
1751443679544,651675786,-0.68351704,0.63632774,0.101573944
1751443679544,651675786,-0.68351704,0.63632774,0.101573944
1751443679561,651692453,-0.6021189,0.5701526,0.25409698
1751443679561,651692453,-0.6021189,0.5701526,0.25409698
1751443679577,651709120,-0.4440264,0.38501894,0.40337372
1751443679577,651709120,-0.4440264,0.38501894,0.40337372
1751443679594,651725787,-0.1644891,0.08005876,0.47237206
1751443679594,651725787,-0.1644891,0.08005876,0.47237206
1751443679611,651742454,0.026986005,-0.15257363,0.47085762
1751443679611,651742454,0.026986005,-0.15257363,0.47085762
1751443679627,651759121,-0.0014140268,-0.27007595,0.3002138
1751443679627,651759121,-0.0014140268,-0.27007595,0.3002138
1751443679644,651775788,-0.120385975,-0.30168247,-0.020646095
1751443679644,651775788,-0.120385975,-0.30168247,-0.020646095
1751443679661,651792455,-0.28329262,-0.16464646,-0.23556232
1751443679661,651792455,-0.28329262,-0.16464646,-0.23556232
1751443679677,651809122,-0.3137206,0.0015748723,-0.32002354
1751443679677,651809122,-0.3137206,0.0015748723,-0.32002354
1751443679694,651825789,-0.26039144,0.016723128,-0.29060936
1751443679694,651825789,-0.26039144,0.016723128,-0.29060936
1751443679711,651842456,-0.28521618,0.11246256,-0.21475315
1751443679711,651842456,-0.28521618,0.11246256,-0.21475315
1751443679727,651859123,-0.351334,0.21748169,-0.19904137
1751443679727,651859123,-0.351334,0.21748169,-0.19904137
1751443679744,651875790,-0.41387948,0.27981162,-0.15320015
1751443679744,651875790,-0.41387948,0.27981162,-0.15320015
1751443679761,651892457,-0.46805972,0.26115054,0.04508972
1751443679761,651892457,-0.46805972,0.26115054,0.04508972
1751443679777,651909124,-0.36738023,0.22797863,0.24969101
1751443679777,651909124,-0.36738023,0.22797863,0.24969101
1751443679794,651925791,-0.31944048,0.18286645,0.3402834
1751443679794,651925791,-0.31944048,0.18286645,0.3402834
1751443679811,651942458,-0.35428458,0.086051255,0.29288006
1751443679811,651942458,-0.35428458,0.086051255,0.29288006
1751443679827,651959125,-0.43260083,-0.0037554647,0.1945076
1751443679827,651959125,-0.43260083,-0.0037554647,0.1945076
1751443679844,651975792,-0.47510484,0.04262001,0.17495918
1751443679844,651975792,-0.47510484,0.04262001,0.17495918
1751443679861,651992459,-0.48119265,0.1376537,0.28095245
1751443679861,651992459,-0.48119265,0.1376537,0.28095245
1751443679877,652009126,-0.47399765,0.23667474,0.3616743
1751443679877,652009126,-0.47399765,0.23667474,0.3616743
1751443679894,652025793,-0.5589675,0.34713966,0.2865715
1751443679894,652025793,-0.5589675,0.34713966,0.2865715
1751443679911,652042460,-0.61048406,0.22176966,0.10093784
1751443679911,652042460,-0.61048406,0.22176966,0.10093784
1751443679927,652059127,-0.79469484,0.1622304,-0.02376175
1751443679927,652059127,-0.79469484,0.1622304,-0.02376175
1751443679944,652075794,-0.99801767,0.14034277,0.03427887
1751443679944,652075794,-0.99801767,0.14034277,0.03427887
1751443679961,652092461,-1.0440224,-0.026720136,-0.15298939
1751443679961,652092461,-1.0440224,-0.026720136,-0.15298939
1751443679977,652109128,-1.0989155,-0.1147116,-0.18770123
1751443679977,652109128,-1.0989155,-0.1147116,-0.18770123
1751443679994,652125795,-1.0379242,-0.074740104,-0.038394928
1751443679994,652125795,-1.0379242,-0.074740104,-0.038394928
1751443680011,652142462,-1.0747381,-0.17283385,0.027604103
1751443680011,652142462,-1.0747381,-0.17283385,0.027604103
1751443680027,652159129,-1.1194923,-0.25748855,0.12486935
1751443680027,652159129,-1.1194923,-0.25748855,0.12486935
1751443680044,652175796,-1.2199297,-0.37904924,0.06920147
1751443680044,652175796,-1.2199297,-0.37904924,0.06920147
1751443680061,652192463,-1.4240783,-0.35573775,-0.1689434
1751443680061,652192463,-1.4240783,-0.35573775,-0.1689434
1751443680077,652209130,-1.6218511,-0.33636454,-0.59919167
1751443680077,652209130,-1.6218511,-0.33636454,-0.59919167
1751443680094,652225797,-1.7980254,-0.2611109,-1.0920687
1751443680094,652225797,-1.7980254,-0.2611109,-1.0920687
1751443680111,652242464,-1.8608458,-0.2556797,-1.4084196
1751443680111,652242464,-1.8608458,-0.2556797,-1.4084196
1751443680127,652259131,-1.5473856,-0.14298141,-1.5857916
1751443680127,652259131,-1.5473856,-0.14298141,-1.5857916
1751443680144,652275798,-0.635518,-0.13739575,-1.7157917
1751443680144,652275798,-0.635518,-0.13739575,-1.7157917
1751443680161,652292465,-0.4182221,0.30277044,-1.5736666
1751443680161,652292465,-0.4182221,0.30277044,-1.5736666
1751443680177,652309132,-0.17667648,0.2601741,-1.2616177
1751443680177,652309132,-0.17667648,0.2601741,-1.2616177
1751443680194,652325799,-0.48544154,0.46235645,-0.6985493
1751443680194,652325799,-0.48544154,0.46235645,-0.6985493
1751443680211,652342466,-0.54303235,0.16173275,0.084114075
1751443680211,652342466,-0.54303235,0.16173275,0.084114075
1751443680228,652359133,-0.34263557,0.05413808,0.7706747
1751443680228,652359133,-0.34263557,0.05413808,0.7706747
1751443680244,652375800,-0.40627393,-0.33281916,1.104228
1751443680244,652375800,-0.40627393,-0.33281916,1.104228
1751443680261,652392467,-0.7693441,-0.5998704,0.54356384
1751443680261,652392467,-0.7693441,-0.5998704,0.54356384
1751443680278,652409134,-0.7483723,-0.55177826,0.07471466
1751443680278,652409134,-0.7483723,-0.55177826,0.07471466
1751443680294,652425801,-0.25557867,-0.45058116,0.14990807
1751443680294,652425801,-0.25557867,-0.45058116,0.14990807
1751443680311,652442468,0.14471583,-0.22644322,0.21524334
1751443680311,652442468,0.14471583,-0.22644322,0.21524334
1751443680328,652459135,0.13008812,-0.020123877,-0.5890522
1751443680328,652459135,0.13008812,-0.020123877,-0.5890522
1751443680344,652475802,-0.93597925,0.67409897,-1.67591
1751443680344,652475802,-0.93597925,0.67409897,-1.67591
1751443680361,652492469,-1.6916444,0.88589036,-2.8230515
1751443680361,652492469,-1.6916444,0.88589036,-2.8230515
1751443680378,652509136,-1.2229791,0.44094765,-2.61022
1751443680378,652509136,-1.2229791,0.44094765,-2.61022
1751443680394,652525803,-0.27799308,0.15827847,-1.2667418
1751443680394,652525803,-0.27799308,0.15827847,-1.2667418
1751443680411,652542470,0.7223734,-0.018282019,0.14401722
1751443680411,652542470,0.7223734,-0.018282019,0.14401722
1751443680428,652559137,1.3484046,-0.33248124,1.0311975
1751443680428,652559137,1.3484046,-0.33248124,1.0311975
1751443680444,652575804,1.0365891,-0.6763701,0.9308853
1751443680444,652575804,1.0365891,-0.6763701,0.9308853
1751443680461,652592471,0.24099089,-0.8629185,0.18533611
1751443680461,652592471,0.24099089,-0.8629185,0.18533611
1751443680478,652609138,-0.5671098,-0.24315421,-0.48250484
1751443680478,652609138,-0.5671098,-0.24315421,-0.48250484
1751443680494,652625805,-0.49411,0.05520457,-0.64197254
1751443680494,652625805,-0.49411,0.05520457,-0.64197254
1751443680511,652642472,-0.13293242,0.5825711,-0.4873085
1751443680511,652642472,-0.13293242,0.5825711,-0.4873085
1751443680528,652659139,0.29103577,0.8176146,-0.6763611
1751443680528,652659139,0.29103577,0.8176146,-0.6763611
1751443680544,652675806,0.48546568,0.63529694,-0.9081259
1751443680544,652675806,0.48546568,0.63529694,-0.9081259
1751443680561,652692473,0.5706327,0.24326782,-1.1296797
1751443680561,652692473,0.5706327,0.24326782,-1.1296797
1751443680578,652709140,0.46211994,0.3226527,-0.7009697
1751443680578,652709140,0.46211994,0.3226527,-0.7009697
1751443680594,652725807,0.5436905,0.30953425,-0.46512985
1751443680594,652725807,0.5436905,0.30953425,-0.46512985
1751443680611,652742474,0.5843404,0.74897283,-0.06841469
1751443680611,652742474,0.5843404,0.74897283,-0.06841469
1751443680628,652759141,0.6388853,0.82679653,0.33048058
1751443680628,652759141,0.6388853,0.82679653,0.33048058
1751443680644,652775808,0.6675955,0.5772659,0.27014828
1751443680644,652775808,0.6675955,0.5772659,0.27014828
1751443680661,652792475,0.23532179,-0.07269949,-0.4492035
1751443680661,652792475,0.23532179,-0.07269949,-0.4492035
1751443680678,652809142,0.05135188,-0.58512974,-1.1524115
1751443680678,652809142,0.05135188,-0.58512974,-1.1524115
1751443680694,652825809,0.29676887,-0.61975384,-1.214468
1751443680694,652825809,0.29676887,-0.61975384,-1.214468
1751443680711,652842476,0.7798132,-0.15245852,-0.6892357
1751443680711,652842476,0.7798132,-0.15245852,-0.6892357
1751443680728,652859143,1.1246586,0.31557035,-0.23125172
1751443680728,652859143,1.1246586,0.31557035,-0.23125172
1751443680744,652875810,0.87921226,0.42033702,-0.20517445
1751443680744,652875810,0.87921226,0.42033702,-0.20517445
1751443680761,652892477,0.44828373,0.44128442,-0.26120853
1751443680761,652892477,0.44828373,0.44128442,-0.26120853
1751443680778,652909144,0.16031975,0.293191,-0.19793987
1751443680778,652909144,0.16031975,0.293191,-0.19793987
1751443680794,652925811,0.13341293,0.03222766,-0.21457481
1751443680794,652925811,0.13341293,0.03222766,-0.21457481
1751443680811,652942478,0.3043435,-0.160295,-0.41446877
1751443680811,652942478,0.3043435,-0.160295,-0.41446877
1751443680828,652959145,0.6085609,0.036106955,-0.20139408
1751443680828,652959145,0.6085609,0.036106955,-0.20139408
1751443680844,652975812,0.60343415,0.54249257,0.27860546
1751443680844,652975812,0.60343415,0.54249257,0.27860546
1751443680861,652992479,-0.22615778,0.83732086,-0.10508537
1751443680861,652992479,-0.22615778,0.83732086,-0.10508537
1751443680878,653009146,-0.43880895,0.5051144,-0.11866379
1751443680878,653009146,-0.43880895,0.5051144,-0.11866379
1751443680894,653025813,-0.32840893,-0.09391511,-0.03408909
1751443680894,653025813,-0.32840893,-0.09391511,-0.03408909
1751443680911,653042480,0.15131794,-0.36322063,0.18875122
1751443680911,653042480,0.15131794,-0.36322063,0.18875122
1751443680928,653059147,0.23297264,-0.24107414,0.47793388
1751443680928,653059147,0.23297264,-0.24107414,0.47793388
1751443680944,653075814,0.22112897,-0.20250095,0.8669939
1751443680944,653075814,0.22112897,-0.20250095,0.8669939
1751443680961,653092481,-0.014682398,-0.10347141,1.062727
1751443680961,653092481,-0.014682398,-0.10347141,1.062727
1751443680978,653109148,-0.19913496,-0.086386085,1.0782595
1751443680978,653109148,-0.19913496,-0.086386085,1.0782595
1751443680994,653125815,-0.4016112,-0.12876268,0.8715162
1751443680994,653125815,-0.4016112,-0.12876268,0.8715162
1751443681011,653142482,-0.38024125,-0.05309416,0.8174324
1751443681011,653142482,-0.38024125,-0.05309416,0.8174324
1751443681028,653159149,-0.35952646,0.07281616,1.257988
1751443681028,653159149,-0.35952646,0.07281616,1.257988
1751443681044,653175816,-0.3715892,0.13942526,1.7243776
1751443681044,653175816,-0.3715892,0.13942526,1.7243776
1751443681061,653192483,-0.6848943,0.40098482,2.0793571
1751443681061,653192483,-0.6848943,0.40098482,2.0793571
1751443681078,653209150,-0.4366547,0.6747875,1.9466496
1751443681078,653209150,-0.4366547,0.6747875,1.9466496
1751443681094,653225817,0.27683377,0.70553845,1.1897888
1751443681094,653225817,0.27683377,0.70553845,1.1897888
1751443681111,653242484,0.6508485,0.5267076,0.6622057
1751443681111,653242484,0.6508485,0.5267076,0.6622057
1751443681128,653259151,0.6116515,0.56955904,0.8367615
1751443681128,653259151,0.6116515,0.56955904,0.8367615
1751443681144,653275818,1.0586395,0.14221492,1.7808819
1751443681144,653275818,1.0586395,0.14221492,1.7808819
1751443681161,653292485,0.78731513,-0.6688528,2.6400127
1751443681161,653292485,0.78731513,-0.6688528,2.6400127
1751443681178,653309152,0.47456813,-0.7977627,2.1597948
1751443681178,653309152,0.47456813,-0.7977627,2.1597948
1751443681194,653325819,0.9992303,-1.2799923,1.6523829
1751443681194,653325819,0.9992303,-1.2799923,1.6523829
1751443681211,653342486,0.47922748,-0.98661983,1.2179918
1751443681211,653342486,0.47922748,-0.98661983,1.2179918
1751443681228,653359153,0.910586,-0.82767975,0.97118473
1751443681228,653359153,0.910586,-0.82767975,0.97118473
1751443681244,653375820,1.0650792,-0.42233053,0.64753056
1751443681244,653375820,1.0650792,-0.42233053,0.64753056
1751443681261,653392487,1.2647169,0.12109781,-0.07242012
1751443681261,653392487,1.2647169,0.12109781,-0.07242012
1751443681278,653409154,1.1186773,0.34279567,-0.42355537
1751443681278,653409154,1.1186773,0.34279567,-0.42355537
1751443681294,653425821,0.8092398,0.24030364,-0.92545986
1751443681294,653425821,0.8092398,0.24030364,-0.92545986
1751443681311,653442488,0.5423984,0.15138902,-1.4445324
1751443681311,653442488,0.5423984,0.15138902,-1.4445324
1751443681328,653459155,0.5531767,-0.0137483375,-1.5245552
1751443681328,653459155,0.5531767,-0.0137483375,-1.5245552
1751443681344,653475822,0.57781804,-0.049745657,-1.3040829
1751443681344,653475822,0.57781804,-0.049745657,-1.3040829
1751443681361,653492489,0.55343235,0.05930514,-1.0980625
1751443681361,653492489,0.55343235,0.05930514,-1.0980625
1751443681378,653509156,0.544444,0.2827392,-0.9706793
1751443681378,653509156,0.544444,0.2827392,-0.9706793
1751443681394,653525823,0.65242517,0.5019135,-0.96595097
1751443681394,653525823,0.65242517,0.5019135,-0.96595097
1751443681411,653542490,0.63912493,0.5454614,-0.70419216
1751443681411,653542490,0.63912493,0.5454614,-0.70419216
1751443681428,653559157,0.72392696,0.48296803,-0.46767616
1751443681428,653559157,0.72392696,0.48296803,-0.46767616
1751443681444,653575824,0.513291,0.39823085,-0.30837727
1751443681444,653575824,0.513291,0.39823085,-0.30837727
1751443681461,653592491,0.27518085,0.2871924,-0.29032898
1751443681461,653592491,0.27518085,0.2871924,-0.29032898
1751443681478,653609158,0.17823401,0.04956165,-0.1822195
1751443681478,653609158,0.17823401,0.04956165,-0.1822195
1751443681494,653625825,0.19315201,-0.20552893,0.075354576
1751443681494,653625825,0.19315201,-0.20552893,0.075354576
1751443681511,653642492,0.18889652,-0.5007563,0.2580986
1751443681511,653642492,0.18889652,-0.5007563,0.2580986
1751443681528,653659159,0.14166237,-0.55776924,0.2928877
1751443681528,653659159,0.14166237,-0.55776924,0.2928877
1751443681544,653675826,0.062378526,-0.58940667,0.22585773
1751443681544,653675826,0.062378526,-0.58940667,0.22585773
1751443681561,653692493,-0.16252194,-0.49304545,-0.076462746
1751443681561,653692493,-0.16252194,-0.49304545,-0.076462746
1751443681578,653709160,-0.3065865,-0.3961699,-0.41875458
1751443681578,653709160,-0.3065865,-0.3961699,-0.41875458
1751443681594,653725827,-0.45511112,-0.3388932,-0.5884619
1751443681594,653725827,-0.45511112,-0.3388932,-0.5884619
1751443681611,653742494,-0.49633175,-0.13651238,-0.83493805
1751443681611,653742494,-0.49633175,-0.13651238,-0.83493805
1751443681628,653759161,-0.49665707,-0.19447085,-1.064928
1751443681628,653759161,-0.49665707,-0.19447085,-1.064928
1751443681644,653775828,-0.28100324,-0.23356321,-0.92121506
1751443681644,653775828,-0.28100324,-0.23356321,-0.92121506
1751443681661,653792495,0.032171477,-0.14144346,-0.53785706
1751443681661,653792495,0.032171477,-0.14144346,-0.53785706
1751443681678,653809162,0.28316563,-0.0551792,-0.5545473
1751443681678,653809162,0.28316563,-0.0551792,-0.5545473
1751443681694,653825829,0.3084925,0.16941713,-0.9240742
1751443681694,653825829,0.3084925,0.16941713,-0.9240742
1751443681711,653842496,0.59783393,0.47383848,-1.1140871
1751443681711,653842496,0.59783393,0.47383848,-1.1140871
1751443681728,653859163,0.6252931,0.53797257,-0.8579998
1751443681728,653859163,0.6252931,0.53797257,-0.8579998
1751443681744,653875830,0.60264784,0.59573615,-0.5392704
1751443681744,653875830,0.60264784,0.59573615,-0.5392704
1751443681761,653892497,0.70520514,0.49115965,-0.13683891
1751443681761,653892497,0.70520514,0.49115965,-0.13683891
1751443681778,653909164,0.6850597,0.40950978,0.1253252
1751443681778,653909164,0.6850597,0.40950978,0.1253252
1751443681794,653925831,0.7017218,0.2580547,0.02192688
1751443681794,653925831,0.7017218,0.2580547,0.02192688
1751443681811,653942498,0.7549823,0.0726426,-0.23010921
1751443681811,653942498,0.7549823,0.0726426,-0.23010921
1751443681828,653959165,0.6302052,-8.353797E-05,-0.2514181
1751443681828,653959165,0.6302052,-8.353797E-05,-0.2514181
1751443681844,653975832,0.5302634,0.011732363,-0.10661125
1751443681844,653975832,0.5302634,0.011732363,-0.10661125
1751443681861,653992499,0.34717208,0.18529828,0.04835701
1751443681861,653992499,0.34717208,0.18529828,0.04835701
1751443681878,654009166,0.2378984,0.2805195,0.09401131
1751443681878,654009166,0.2378984,0.2805195,0.09401131
1751443681894,654025833,0.014193604,0.29309958,-0.082188606
1751443681894,654025833,0.014193604,0.29309958,-0.082188606
1751443681911,654042500,-0.30243847,0.29227343,-0.40101337
1751443681911,654042500,-0.30243847,0.29227343,-0.40101337
1751443681928,654059167,-0.50974244,0.14198348,-0.7833595
1751443681928,654059167,-0.50974244,0.14198348,-0.7833595
1751443681944,654075834,-0.4392586,-0.061282504,-1.0319977
1751443681944,654075834,-0.4392586,-0.061282504,-1.0319977
1751443681961,654092501,-0.16461319,-0.21887691,-1.1599979
1751443681961,654092501,-0.16461319,-0.21887691,-1.1599979
1751443681978,654109168,0.03079732,-0.22084008,-0.9666443
1751443681978,654109168,0.03079732,-0.22084008,-0.9666443
1751443681994,654125835,-0.03401719,-0.119419396,-0.5059471
1751443681994,654125835,-0.03401719,-0.119419396,-0.5059471
1751443682011,654142502,-0.33699083,-0.012668323,-0.14326572
1751443682011,654142502,-0.33699083,-0.012668323,-0.14326572
1751443682028,654159169,-0.6152954,0.17755266,0.07176685
1751443682028,654159169,-0.6152954,0.17755266,0.07176685
1751443682044,654175836,-0.69991595,0.10722945,0.19555569
1751443682044,654175836,-0.69991595,0.10722945,0.19555569
1751443682061,654192503,-0.6574238,0.04728724,0.113349915
1751443682061,654192503,-0.6574238,0.04728724,0.113349915
1751443682078,654209170,-0.4588565,-0.08973883,-0.21915436
1751443682078,654209170,-0.4588565,-0.08973883,-0.21915436
1751443682094,654225837,-0.14744794,-0.20978256,-0.72579765
1751443682094,654225837,-0.14744794,-0.20978256,-0.72579765
1751443682111,654242504,0.15256058,-0.29687864,-0.9615307
1751443682111,654242504,0.15256058,-0.29687864,-0.9615307
1751443682128,654259171,0.33565488,-0.27349827,-0.7805624
1751443682128,654259171,0.33565488,-0.27349827,-0.7805624
1751443682144,654275838,0.29670286,-0.1361446,-0.3436842
1751443682144,654275838,0.29670286,-0.1361446,-0.3436842
1751443682161,654292505,0.27981788,0.027104074,-0.010836601
1751443682161,654292505,0.27981788,0.027104074,-0.010836601
1751443682178,654309172,0.3422185,0.11823953,-0.059020042
1751443682178,654309172,0.3422185,0.11823953,-0.059020042
1751443682194,654325839,0.3426131,0.10458171,-0.33786488
1751443682194,654325839,0.3426131,0.10458171,-0.33786488
1751443682211,654342506,0.3878224,0.08686775,-0.51244926
1751443682211,654342506,0.3878224,0.08686775,-0.51244926
1751443682228,654359173,0.42451417,0.0236817,-0.54401875
1751443682228,654359173,0.42451417,0.0236817,-0.54401875
1751443682244,654375840,0.44717652,-0.037771624,-0.4739895
1751443682244,654375840,0.44717652,-0.037771624,-0.4739895
1751443682261,654392507,0.47147757,-0.064060375,-0.3968439
1751443682261,654392507,0.47147757,-0.064060375,-0.3968439
1751443682278,654409174,0.42929277,-0.06081525,-0.35644913
1751443682278,654409174,0.42929277,-0.06081525,-0.35644913
1751443682294,654425841,0.32728088,-0.04731691,-0.29612255
1751443682294,654425841,0.32728088,-0.04731691,-0.29612255
1751443682311,654442508,0.13662417,-0.038400196,-0.25665855
1751443682311,654442508,0.13662417,-0.038400196,-0.25665855
1751443682328,654459175,0.02421841,0.050313044,-0.32235336
1751443682328,654459175,0.02421841,0.050313044,-0.32235336
1751443682344,654475842,-0.017174065,0.07626033,-0.41681576
1751443682344,654475842,-0.017174065,0.07626033,-0.41681576
1751443682361,654492509,-0.14075737,0.0699595,-0.4408474
1751443682361,654492509,-0.14075737,0.0699595,-0.4408474
1751443682378,654509176,-0.19192551,0.07759599,-0.5316248
1751443682378,654509176,-0.19192551,0.07759599,-0.5316248
1751443682394,654525843,-0.0840198,0.086585395,-0.5270128
1751443682394,654525843,-0.0840198,0.086585395,-0.5270128
1751443682411,654542510,-0.05902678,0.12966947,-0.36999607
1751443682411,654542510,-0.05902678,0.12966947,-0.36999607
1751443682428,654559177,-0.018730553,0.19228473,-0.30642033
1751443682428,654559177,-0.018730553,0.19228473,-0.30642033
1751443682444,654575844,0.046442248,0.22577502,-0.35534477
1751443682444,654575844,0.046442248,0.22577502,-0.35534477
1751443682461,654592511,0.09966638,0.23444128,-0.3952484
1751443682461,654592511,0.09966638,0.23444128,-0.3952484
1751443682478,654609178,0.14151502,0.22780776,-0.34802914
1751443682478,654609178,0.14151502,0.22780776,-0.34802914
1751443682494,654625845,0.14633891,0.19066818,-0.282032
1751443682494,654625845,0.14633891,0.19066818,-0.282032
1751443682511,654642512,0.16119923,0.1675994,-0.3405838
1751443682511,654642512,0.16119923,0.1675994,-0.3405838
1751443682528,654659179,0.21460521,0.17808618,-0.47272205
1751443682528,654659179,0.21460521,0.17808618,-0.47272205
1751443682544,654675846,0.24043043,0.18526235,-0.50130653
1751443682544,654675846,0.24043043,0.18526235,-0.50130653
1751443682561,654692513,0.22657114,0.17096522,-0.49917698
1751443682561,654692513,0.22657114,0.17096522,-0.49917698
1751443682578,654709180,0.20257086,0.09113819,-0.45465946
1751443682578,654709180,0.20257086,0.09113819,-0.45465946
1751443682594,654725847,0.16293818,0.044840556,-0.35208225
1751443682594,654725847,0.16293818,0.044840556,-0.35208225
1751443682611,654742514,0.014411836,0.05490903,-0.27008247
1751443682611,654742514,0.014411836,0.05490903,-0.27008247
1751443682628,654759181,-0.045598738,0.045658443,-0.2451067
1751443682628,654759181,-0.045598738,0.045658443,-0.2451067
1751443682644,654775848,-0.050915133,0.03370089,-0.25340176
1751443682644,654775848,-0.050915133,0.03370089,-0.25340176
1751443682661,654792515,-0.053898,0.016816948,-0.28084373
1751443682661,654792515,-0.053898,0.016816948,-0.28084373
1751443682678,654809182,-0.042372383,0.029811598,-0.31239414
1751443682678,654809182,-0.042372383,0.029811598,-0.31239414
1751443682694,654825849,-0.06188881,0.055854715,-0.28899288
1751443682694,654825849,-0.06188881,0.055854715,-0.28899288
1751443682711,654842516,-0.072877295,0.06798169,-0.27624607
1751443682711,654842516,-0.072877295,0.06798169,-0.27624607
1751443682728,654859183,-0.06654671,0.044912748,-0.22682762
1751443682728,654859183,-0.06654671,0.044912748,-0.22682762
1751443682744,654875850,-0.14903028,0.009568422,-0.298069
1751443682744,654875850,-0.14903028,0.009568422,-0.298069
1751443682761,654892517,-0.17231067,0.017821638,-0.38541317
1751443682761,654892517,-0.17231067,0.017821638,-0.38541317
1751443682778,654909184,-0.1192961,0.10262,-0.4424677
1751443682778,654909184,-0.1192961,0.10262,-0.4424677
1751443682794,654925851,-0.056538273,0.08648543,-0.4105358
1751443682794,654925851,-0.056538273,0.08648543,-0.4105358
1751443682811,654942518,0.020649776,0.07178526,-0.38089752
1751443682811,654942518,0.020649776,0.07178526,-0.38089752
1751443682828,654959185,0.12223479,0.05408991,-0.36102486
1751443682828,654959185,0.12223479,0.05408991,-0.36102486
1751443682844,654975852,0.19819112,0.048547182,-0.37613106
1751443682844,654975852,0.19819112,0.048547182,-0.37613106
1751443682861,654992519,0.26211137,0.06554886,-0.44071007
1751443682861,654992519,0.26211137,0.06554886,-0.44071007
1751443682878,655009186,0.3007756,0.019157575,-0.49304867
1751443682878,655009186,0.3007756,0.019157575,-0.49304867
1751443682894,655025853,0.32622907,-0.051170666,-0.5778351
1751443682894,655025853,0.32622907,-0.051170666,-0.5778351
1751443682911,655042520,0.26869422,-0.13181359,-0.6286354
1751443682911,655042520,0.26869422,-0.13181359,-0.6286354
1751443682928,655059187,0.093257286,-0.025069213,-0.74865913
1751443682928,655059187,0.093257286,-0.025069213,-0.74865913
1751443682944,655075854,-0.0688673,0.25268537,-0.8024597
1751443682944,655075854,-0.0688673,0.25268537,-0.8024597
1751443682961,655092521,-0.026613828,0.29041094,-0.6459522
1751443682961,655092521,-0.026613828,0.29041094,-0.6459522
1751443682978,655109188,0.017471533,0.25054276,-0.34860516
1751443682978,655109188,0.017471533,0.25054276,-0.34860516
1751443682994,655125855,0.021918043,0.3422357,-0.27693272
1751443682994,655125855,0.021918043,0.3422357,-0.27693272
1751443683011,655142522,-0.051570587,0.40413713,-0.34646702
1751443683011,655142522,-0.051570587,0.40413713,-0.34646702
1751443683028,655159189,-0.03926916,0.34408525,-0.2579279
1751443683028,655159189,-0.03926916,0.34408525,-0.2579279
1751443683044,655175856,0.048908517,0.16498005,-0.18589401
1751443683044,655175856,0.048908517,0.16498005,-0.18589401
1751443683061,655192523,0.14378437,0.06593705,-0.16477776
1751443683061,655192523,0.14378437,0.06593705,-0.16477776
1751443683078,655209190,0.05848038,0.045706835,-0.20633125
1751443683078,655209190,0.05848038,0.045706835,-0.20633125
1751443683094,655225857,0.061842654,0.11216109,-0.33138847
1751443683094,655225857,0.061842654,0.11216109,-0.33138847
1751443683111,655242524,0.12554273,0.10751057,-0.3942051
1751443683111,655242524,0.12554273,0.10751057,-0.3942051
1751443683128,655259191,0.15928905,0.07189428,-0.458663
1751443683128,655259191,0.15928905,0.07189428,-0.458663
1751443683144,655275858,0.15778886,0.08674449,-0.5125027
1751443683144,655275858,0.15778886,0.08674449,-0.5125027
1751443683161,655292525,0.11728239,0.037185796,-0.5587244
1751443683161,655292525,0.11728239,0.037185796,-0.5587244
1751443683178,655309192,0.1619607,-0.005773116,-0.54273605
1751443683178,655309192,0.1619607,-0.005773116,-0.54273605
1751443683194,655325859,0.17437746,-0.041403875,-0.5550661
1751443683194,655325859,0.17437746,-0.041403875,-0.5550661
1751443683211,655342526,0.14535066,-0.004687346,-0.6056881
1751443683211,655342526,0.14535066,-0.004687346,-0.6056881
1751443683228,655359193,0.08987065,0.060945835,-0.6441927
1751443683228,655359193,0.08987065,0.060945835,-0.6441927
1751443683244,655375860,0.10623716,0.0722742,-0.605361
1751443683244,655375860,0.10623716,0.0722742,-0.605361
1751443683261,655392527,0.29532304,0.16515663,-0.58697414
1751443683261,655392527,0.29532304,0.16515663,-0.58697414
1751443683278,655409194,0.36944613,0.24561912,-0.49414062
1751443683278,655409194,0.36944613,0.24561912,-0.49414062
1751443683294,655425861,0.39279786,0.24832636,-0.5064659
1751443683294,655425861,0.39279786,0.24832636,-0.5064659
1751443683311,655442528,0.39744416,0.16901273,-0.48547554
1751443683311,655442528,0.39744416,0.16901273,-0.48547554
1751443683328,655459195,0.5414627,0.08403858,-0.46493244
1751443683328,655459195,0.5414627,0.08403858,-0.46493244
1751443683344,655475862,0.6946387,-0.07726949,-0.47305965
1751443683344,655475862,0.6946387,-0.07726949,-0.47305965
1751443683361,655492529,0.8121701,-0.15463196,-0.56246376
1751443683361,655492529,0.8121701,-0.15463196,-0.56246376
1751443683378,655509196,0.80364776,-0.22978003,-0.85881805
1751443683378,655509196,0.80364776,-0.22978003,-0.85881805
1751443683394,655525863,0.8090695,-0.19128087,-1.0626183
1751443683394,655525863,0.8090695,-0.19128087,-1.0626183
1751443683411,655542530,0.83330435,0.053994305,-0.9518852
1751443683411,655542530,0.83330435,0.053994305,-0.9518852
1751443683428,655559197,0.82076055,0.2987024,-0.6535568
1751443683428,655559197,0.82076055,0.2987024,-0.6535568
1751443683444,655575864,0.7807742,0.5797831,-0.45141602
1751443683444,655575864,0.7807742,0.5797831,-0.45141602
1751443683461,655592531,0.5805887,0.7842453,-0.4767065
1751443683461,655592531,0.5805887,0.7842453,-0.4767065
1751443683478,655609198,0.556498,0.8688846,-0.35290432
1751443683478,655609198,0.556498,0.8688846,-0.35290432
1751443683494,655625865,0.7883637,0.77046555,-0.021966934
1751443683494,655625865,0.7883637,0.77046555,-0.021966934
1751443683511,655642532,0.75130516,0.6419358,-0.07710838
1751443683511,655642532,0.75130516,0.6419358,-0.07710838
1751443683528,655659199,0.7952544,0.511782,-0.15296078
1751443683528,655659199,0.7952544,0.511782,-0.15296078
1751443683544,655675866,1.1117908,0.32505834,-0.11684513
1751443683544,655675866,1.1117908,0.32505834,-0.11684513
1751443683561,655692533,1.4811785,0.21988891,0.5164337
1751443683561,655692533,1.4811785,0.21988891,0.5164337
1751443683578,655709200,1.0208223,0.13331151,1.2344446
1751443683578,655709200,1.0208223,0.13331151,1.2344446
1751443683594,655725867,-0.40398178,-0.011782932,1.2588215
1751443683594,655725867,-0.40398178,-0.011782932,1.2588215
1751443683611,655742534,-1.1752222,-0.13280593,1.6011877
1751443683611,655742534,-1.1752222,-0.13280593,1.6011877
1751443683628,655759201,-0.6873071,-0.2041079,2.403677
1751443683628,655759201,-0.6873071,-0.2041079,2.403677
1751443683644,655775868,0.24196658,-0.22386779,2.9532518
1751443683644,655775868,0.24196658,-0.22386779,2.9532518
1751443683661,655792535,0.5941743,0.13081029,3.132885
1751443683661,655792535,0.5941743,0.13081029,3.132885
1751443683678,655809202,0.57450366,0.2646153,3.0193176
1751443683678,655809202,0.57450366,0.2646153,3.0193176
1751443683694,655825869,0.53023255,0.23849715,2.8996897
1751443683694,655825869,0.53023255,0.23849715,2.8996897
1751443683711,655842536,0.53559506,0.3275939,2.8117895
1751443683711,655842536,0.53559506,0.3275939,2.8117895
1751443683728,655859203,0.6383361,0.38023466,2.432434
1751443683728,655859203,0.6383361,0.38023466,2.432434
1751443683744,655875870,0.68168813,0.26364014,2.2110891
1751443683744,655875870,0.68168813,0.26364014,2.2110891
1751443683761,655892537,0.68774116,0.088613056,2.2943945
1751443683761,655892537,0.68774116,0.088613056,2.2943945
1751443683778,655909204,0.6609913,0.08315006,2.1772776
1751443683778,655909204,0.6609913,0.08315006,2.1772776
1751443683794,655925871,0.4564708,0.060061954,1.9697475
1751443683794,655925871,0.4564708,0.060061954,1.9697475
1751443683811,655942538,0.39312443,0.059000604,1.7145109
1751443683811,655942538,0.39312443,0.059000604,1.7145109
1751443683828,655959205,0.388329,0.07209746,1.2073212
1751443683828,655959205,0.388329,0.07209746,1.2073212
1751443683844,655975872,0.6365337,0.040857162,0.7425823
1751443683844,655975872,0.6365337,0.040857162,0.7425823
1751443683861,655992539,0.72333276,0.11706111,0.37481594
1751443683861,655992539,0.72333276,0.11706111,0.37481594
1751443683878,656009206,0.90373784,0.08223746,0.35118675
1751443683878,656009206,0.90373784,0.08223746,0.35118675
1751443683894,656025873,1.3083737,-0.27757517,0.44186497
1751443683894,656025873,1.3083737,-0.27757517,0.44186497
1751443683911,656042540,1.2770017,-0.43659154,0.22112656
1751443683911,656042540,1.2770017,-0.43659154,0.22112656
1751443683928,656059207,1.031751,-0.6470766,-0.022180557
1751443683928,656059207,1.031751,-0.6470766,-0.022180557
1751443683944,656075874,0.6412175,-0.57417214,-0.3491335
1751443683944,656075874,0.6412175,-0.57417214,-0.3491335
1751443683961,656092541,0.49157852,-0.45256177,-0.6241207
1751443683961,656092541,0.49157852,-0.45256177,-0.6241207
1751443683978,656109208,0.48661038,-0.31303895,-1.0343122
1751443683978,656109208,0.48661038,-0.31303895,-1.0343122
1751443683994,656125875,0.9165674,-0.39532715,-1.4477015
1751443683994,656125875,0.9165674,-0.39532715,-1.4477015
1751443684011,656142542,0.98906606,-0.3240245,-1.6605883
1751443684011,656142542,0.98906606,-0.3240245,-1.6605883
1751443684028,656159209,0.96419424,-0.13142796,-1.9301949
1751443684028,656159209,0.96419424,-0.13142796,-1.9301949
1751443684044,656175876,0.653468,-0.021919524,-2.0243063
1751443684044,656175876,0.653468,-0.021919524,-2.0243063
1751443684061,656192543,0.44259745,-0.120375976,-1.64013
1751443684061,656192543,0.44259745,-0.120375976,-1.64013
1751443684078,656209210,0.8177417,-0.20085153,-0.8225565
1751443684078,656209210,0.8177417,-0.20085153,-0.8225565
1751443684094,656225877,1.1990867,-0.43653467,-0.28171158
1751443684094,656225877,1.1990867,-0.43653467,-0.28171158
1751443684111,656242544,1.0191375,-0.2730003,-0.093670845
1751443684111,656242544,1.0191375,-0.2730003,-0.093670845
1751443684128,656259211,0.8039833,-0.21775895,-0.12562752
1751443684128,656259211,0.8039833,-0.21775895,-0.12562752
1751443684144,656275878,0.72523564,-0.3212919,-0.4538021
1751443684144,656275878,0.72523564,-0.3212919,-0.4538021
1751443684161,656292545,0.5975677,-0.35933864,-0.5698652
1751443684161,656292545,0.5975677,-0.35933864,-0.5698652
1751443684178,656309212,0.14136302,-0.07247732,-0.74608517
1751443684178,656309212,0.14136302,-0.07247732,-0.74608517
1751443684194,656325879,-0.12932342,-0.14008753,-0.7601032
1751443684194,656325879,-0.12932342,-0.14008753,-0.7601032
1751443684211,656342546,-0.24910729,0.07076699,-0.44554806
1751443684211,656342546,-0.24910729,0.07076699,-0.44554806
1751443684228,656359213,-0.77341396,0.027615584,-0.614171
1751443684228,656359213,-0.77341396,0.027615584,-0.614171
1751443684244,656375880,-1.1743032,0.03353035,-1.1986027
1751443684244,656375880,-1.1743032,0.03353035,-1.1986027
1751443684261,656392547,-1.6455184,0.24543332,-1.8667235
1751443684261,656392547,-1.6455184,0.24543332,-1.8667235
1751443684278,656409214,-1.9970475,0.22130431,-2.1665525
1751443684278,656409214,-1.9970475,0.22130431,-2.1665525
1751443684294,656425881,-2.358308,0.47119704,-2.3290434
1751443684294,656425881,-2.358308,0.47119704,-2.3290434
1751443684311,656442548,-2.4348109,0.8087004,-2.412136
1751443684311,656442548,-2.4348109,0.8087004,-2.412136
1751443684328,656459215,-2.499495,0.45289183,-2.4198432
1751443684328,656459215,-2.499495,0.45289183,-2.4198432
1751443684344,656475882,-2.4687393,0.43704075,-2.4016147
1751443684344,656475882,-2.4687393,0.43704075,-2.4016147
1751443684361,656492549,-2.381785,0.44827926,-2.0588346
1751443684361,656492549,-2.381785,0.44827926,-2.0588346
1751443684378,656509216,-2.497386,0.50350434,-1.7670918
1751443684378,656509216,-2.497386,0.50350434,-1.7670918
1751443684394,656525883,-2.842702,0.89180464,-1.4872446
1751443684394,656525883,-2.842702,0.89180464,-1.4872446
1751443684411,656542550,-2.817447,0.7627536,-1.4003897
1751443684411,656542550,-2.817447,0.7627536,-1.4003897
1751443684428,656559217,-2.7111814,0.6702766,-0.9384699
1751443684428,656559217,-2.7111814,0.6702766,-0.9384699
1751443684444,656575884,-2.259998,0.7111058,-0.32927895
1751443684444,656575884,-2.259998,0.7111058,-0.32927895
1751443684461,656592551,-1.9942966,0.723395,0.21325302
1751443684461,656592551,-1.9942966,0.723395,0.21325302
1751443684478,656609218,-1.8043164,0.74554133,0.56302166
1751443684478,656609218,-1.8043164,0.74554133,0.56302166
1751443684494,656625885,-1.4749238,0.8023826,0.8875246
1751443684494,656625885,-1.4749238,0.8023826,0.8875246
1751443684511,656642552,-1.2353865,0.83493453,0.93871975
1751443684511,656642552,-1.2353865,0.83493453,0.93871975
1751443684528,656659219,-1.1478603,0.77746737,0.58930874
1751443684528,656659219,-1.1478603,0.77746737,0.58930874
1751443684544,656675886,-1.1287389,0.67670995,0.05299568
1751443684544,656675886,-1.1287389,0.67670995,0.05299568
1751443684561,656692553,-1.0646956,0.6872371,-0.24742508
1751443684561,656692553,-1.0646956,0.6872371,-0.24742508
1751443684578,656709220,-0.8870509,0.73332196,-0.39799404
1751443684578,656709220,-0.8870509,0.73332196,-0.39799404
1751443684594,656725887,-0.4959107,0.5324042,-0.77653694
1751443684594,656725887,-0.4959107,0.5324042,-0.77653694
1751443684611,656742554,-0.39385256,0.39623037,-1.0543737
1751443684611,656742554,-0.39385256,0.39623037,-1.0543737
1751443684628,656759221,-0.4380874,0.3454728,-1.1522398
1751443684628,656759221,-0.4380874,0.3454728,-1.1522398
1751443684644,656775888,-0.27571893,0.3082741,-0.7787628
1751443684644,656775888,-0.27571893,0.3082741,-0.7787628
1751443684661,656792555,0.339709,0.36275515,-0.08953667
1751443684661,656792555,0.339709,0.36275515,-0.08953667
1751443684678,656809222,0.7207179,0.51057166,0.58246136
1751443684678,656809222,0.7207179,0.51057166,0.58246136
1751443684694,656825889,0.626051,0.76001716,0.7478018
1751443684694,656825889,0.626051,0.76001716,0.7478018
1751443684711,656842556,0.5339677,0.8921475,0.6634159
1751443684711,656842556,0.5339677,0.8921475,0.6634159
1751443684728,656859223,0.44139284,1.2232254,0.69094086
1751443684728,656859223,0.44139284,1.2232254,0.69094086
1751443684744,656875890,0.44636136,1.4061124,0.7000952
1751443684744,656875890,0.44636136,1.4061124,0.7000952
1751443684761,656892557,0.50159746,1.452878,0.46122456
1751443684761,656892557,0.50159746,1.452878,0.46122456
1751443684778,656909224,0.28113326,1.4713069,-0.083969116
1751443684778,656909224,0.28113326,1.4713069,-0.083969116
1751443684794,656925891,0.07459119,1.3088566,-0.77025795
1751443684794,656925891,0.07459119,1.3088566,-0.77025795
1751443684811,656942558,0.06757188,1.0244057,-1.246602
1751443684811,656942558,0.06757188,1.0244057,-1.246602
1751443684828,656959225,0.33463198,0.80383426,-1.1725559
1751443684828,656959225,0.33463198,0.80383426,-1.1725559
1751443684844,656975892,0.7581996,0.5579622,-0.78504276
1751443684844,656975892,0.7581996,0.5579622,-0.78504276
1751443684861,656992559,1.2242571,0.4397994,-0.357481
1751443684861,656992559,1.2242571,0.4397994,-0.357481
1751443684878,657009226,1.4063846,0.6287051,0.04377842
1751443684878,657009226,1.4063846,0.6287051,0.04377842
1751443684894,657025893,1.4764613,0.85578024,0.13054657
1751443684894,657025893,1.4764613,0.85578024,0.13054657
1751443684911,657042560,1.2995442,1.1411501,0.28663445
1751443684911,657042560,1.2995442,1.1411501,0.28663445
1751443684928,657059227,1.2783825,1.0539923,0.4000578
1751443684928,657059227,1.2783825,1.0539923,0.4000578
1751443684944,657075894,1.2803133,0.95809364,0.70743275
1751443684944,657075894,1.2803133,0.95809364,0.70743275
1751443684961,657092561,0.9165426,0.9118117,0.97045803
1751443684961,657092561,0.9165426,0.9118117,0.97045803
1751443684978,657109228,-0.072753415,0.886926,0.99272823
1751443684978,657109228,-0.072753415,0.886926,0.99272823
1751443684994,657125895,-1.3264352,0.8549906,0.825057
1751443684994,657125895,-1.3264352,0.8549906,0.825057
1751443685011,657142562,-1.6519159,0.88687515,0.67916775
