timestamp_ms,timestamp_μs,freeAcceleration_m/s²_x,freeAcceleration_m/s²_y,freeAcceleration_m/s²_z
1751444616637,1588755252,-0.36491156,-0.42648268,0.20676231
1751444616637,1588755252,-0.36491156,-0.42648268,0.20676231
1751444616654,1588771919,0.44252333,0.20346473,0.15293217
1751444616654,1588771919,0.44252333,0.20346473,0.15293217
1751444616670,1588788586,-0.1329262,-0.116322234,-0.06472206
1751444616670,1588788586,-0.1329262,-0.116322234,-0.06472206
1751444616687,1588805253,-0.10572051,0.2424174,0.1571827
1751444616687,1588805253,-0.10572051,0.2424174,0.1571827
1751444616704,1588821920,-0.055504527,0.09812699,0.04347992
1751444616704,1588821920,-0.055504527,0.09812699,0.04347992
1751444616720,1588838587,-0.03848298,0.0011461744,0.021057129
1751444616720,1588838587,-0.03848298,0.0011461744,0.021057129
1751444616737,1588855254,0.012224175,-0.11794225,0.036634445
1751444616737,1588855254,0.012224175,-0.11794225,0.036634445
1751444616754,1588871921,0.11446521,-0.18720876,0.09395409
1751444616754,1588871921,0.11446521,-0.18720876,0.09395409
1751444616770,1588888588,0.03524281,-0.08640938,0.26843262
1751444616770,1588888588,0.03524281,-0.08640938,0.26843262
1751444616787,1588905255,0.096120626,-0.038328227,0.22528648
1751444616787,1588905255,0.096120626,-0.038328227,0.22528648
1751444616804,1588921922,-0.0049951794,0.14744411,0.2686386
1751444616804,1588921922,-0.0049951794,0.14744411,0.2686386
1751444616820,1588938589,-0.051776692,0.1426491,0.30454636
1751444616820,1588938589,-0.051776692,0.1426491,0.30454636
1751444616837,1588955256,-0.046988457,0.11006119,0.2717228
1751444616837,1588955256,-0.046988457,0.11006119,0.2717228
1751444616854,1588971923,0.055923164,0.0074099014,0.24910831
1751444616854,1588971923,0.055923164,0.0074099014,0.24910831
1751444616870,1588988590,0.06646792,0.01712668,0.18861103
1751444616870,1588988590,0.06646792,0.01712668,0.18861103
1751444616887,1589005257,-0.00138497,0.1424086,0.2882023
1751444616887,1589005257,-0.00138497,0.1424086,0.2882023
1751444616904,1589021924,-0.047065765,0.14227068,0.28745747
1751444616904,1589021924,-0.047065765,0.14227068,0.28745747
1751444616920,1589038591,0.09796302,0.044520706,0.30504322
1751444616920,1589038591,0.09796302,0.044520706,0.30504322
1751444616937,1589055258,0.14854017,0.057519104,0.3747139
1751444616937,1589055258,0.14854017,0.057519104,0.3747139
1751444616954,1589071925,0.11239388,0.15508379,0.45354462
1751444616954,1589071925,0.11239388,0.15508379,0.45354462
1751444616970,1589088592,0.1876976,0.18198866,0.4684477
1751444616970,1589088592,0.1876976,0.18198866,0.4684477
1751444616987,1589105259,0.3610907,0.1788193,0.47068787
1751444616987,1589105259,0.3610907,0.1788193,0.47068787
1751444617004,1589121926,0.347834,0.23559517,0.47838974
1751444617004,1589121926,0.347834,0.23559517,0.47838974
1751444617020,1589138593,0.5425409,0.10681086,0.4410677
1751444617020,1589138593,0.5425409,0.10681086,0.4410677
1751444617037,1589155260,0.44400743,0.10566944,0.40578938
1751444617037,1589155260,0.44400743,0.10566944,0.40578938
1751444617054,1589171927,0.55850446,0.11560056,0.3495531
1751444617054,1589171927,0.55850446,0.11560056,0.3495531
1751444617070,1589188594,0.39553168,0.19033894,0.33380127
1751444617070,1589188594,0.39553168,0.19033894,0.33380127
1751444617087,1589205261,0.48591956,0.08769095,0.36300468
1751444617087,1589205261,0.48591956,0.08769095,0.36300468
1751444617104,1589221928,0.67869633,0.08728209,0.47857666
1751444617104,1589221928,0.67869633,0.08728209,0.47857666
1751444617120,1589238595,0.9673775,0.26565307,1.0250521
1751444617120,1589238595,0.9673775,0.26565307,1.0250521
1751444617137,1589255262,1.4789706,0.35441488,1.6210442
1751444617137,1589255262,1.4789706,0.35441488,1.6210442
1751444617154,1589271929,1.3412638,0.7995246,1.4150419
1751444617154,1589271929,1.3412638,0.7995246,1.4150419
1751444617170,1589288596,1.7932045,0.7865866,1.3081322
1751444617170,1589288596,1.7932045,0.7865866,1.3081322
1751444617187,1589305263,2.0805135,0.930275,1.2565718
1751444617187,1589305263,2.0805135,0.930275,1.2565718
1751444617204,1589321930,2.181505,1.1339105,1.0776262
1751444617204,1589321930,2.181505,1.1339105,1.0776262
1751444617220,1589338597,2.5437932,1.4293357,1.0820866
1751444617220,1589338597,2.5437932,1.4293357,1.0820866
1751444617237,1589355264,2.9240568,1.8674114,1.1250887
1751444617237,1589355264,2.9240568,1.8674114,1.1250887
1751444617254,1589371931,4.823675,1.2908539,0.71210766
1751444617254,1589371931,4.823675,1.2908539,0.71210766
1751444617270,1589388598,7.1474385,0.72503376,0.22357082
1751444617270,1589388598,7.1474385,0.72503376,0.22357082
1751444617287,1589405265,7.9908357,1.9561999,-0.09010315
1751444617287,1589405265,7.9908357,1.9561999,-0.09010315
1751444617304,1589421932,9.233707,1.8684154,-0.5873184
1751444617304,1589421932,9.233707,1.8684154,-0.5873184
1751444617320,1589438599,8.224168,1.7671629,-1.0084534
1751444617320,1589438599,8.224168,1.7671629,-1.0084534
1751444617337,1589455266,-0.21818608,-0.17188549,1.5678959
1751444617337,1589455266,-0.21818608,-0.17188549,1.5678959
1751444617354,1589471933,-5.832789,0.6604821,6.6736565
1751444617354,1589471933,-5.832789,0.6604821,6.6736565
1751444617370,1589488600,5.8316107,-1.047209,3.134839
1751444617370,1589488600,5.8316107,-1.047209,3.134839
1751444617387,1589505267,9.053385,-2.702065,-2.0057354
1751444617387,1589505267,9.053385,-2.702065,-2.0057354
1751444617404,1589521934,4.6936793,-0.36581895,-1.4266071
1751444617404,1589521934,4.6936793,-0.36581895,-1.4266071
1751444617420,1589538601,3.0791345,-1.2189299,-1.8184061
1751444617420,1589538601,3.0791345,-1.2189299,-1.8184061
1751444617437,1589555268,4.1322646,-4.248304,-5.0922494
1751444617437,1589555268,4.1322646,-4.248304,-5.0922494
1751444617454,1589571935,4.6398597,-3.3274734,-6.28716
1751444617454,1589571935,4.6398597,-3.3274734,-6.28716
1751444617470,1589588602,5.685136,0.85294956,-7.086627
1751444617470,1589588602,5.685136,0.85294956,-7.086627
1751444617487,1589605269,6.982356,1.6404077,-7.61578
1751444617487,1589605269,6.982356,1.6404077,-7.61578
1751444617504,1589621936,5.506197,1.7003082,-8.259815
1751444617504,1589621936,5.506197,1.7003082,-8.259815
1751444617520,1589638603,3.2822666,2.1768088,-5.9167004
1751444617520,1589638603,3.2822666,2.1768088,-5.9167004
1751444617537,1589655270,2.3000636,1.3269776,-4.1236944
1751444617537,1589655270,2.3000636,1.3269776,-4.1236944
1751444617554,1589671937,3.7536297,1.3701062,-2.6265192
1751444617554,1589671937,3.7536297,1.3701062,-2.6265192
1751444617570,1589688604,3.4912932,1.6035846,-0.8991356
1751444617570,1589688604,3.4912932,1.6035846,-0.8991356
1751444617587,1589705271,2.677454,1.5163177,0.5167656
1751444617587,1589705271,2.677454,1.5163177,0.5167656
1751444617604,1589721938,1.1550612,0.71588695,2.2179413
1751444617604,1589721938,1.1550612,0.71588695,2.2179413
1751444617620,1589738605,0.223791,-0.14056574,3.8432941
1751444617620,1589738605,0.223791,-0.14056574,3.8432941
1751444617637,1589755272,-0.71376663,-0.59682673,4.4106016
1751444617637,1589755272,-0.71376663,-0.59682673,4.4106016
1751444617654,1589771939,-2.474493,-1.1361727,5.3887653
1751444617654,1589771939,-2.474493,-1.1361727,5.3887653
1751444617670,1589788606,-3.1044514,-2.197261,6.9267883
1751444617670,1589788606,-3.1044514,-2.197261,6.9267883
1751444617687,1589805273,-6.502329,-3.4394815,7.0839157
1751444617687,1589805273,-6.502329,-3.4394815,7.0839157
1751444617704,1589821940,-10.352452,-3.3038418,5.0605364
1751444617704,1589821940,-10.352452,-3.3038418,5.0605364
1751444617720,1589838607,-12.690127,-3.0943625,1.0137644
1751444617720,1589838607,-12.690127,-3.0943625,1.0137644
1751444617737,1589855274,-15.852223,-3.8279686,-0.69203377
1751444617737,1589855274,-15.852223,-3.8279686,-0.69203377
1751444617754,1589871941,-19.685041,-3.273065,-5.461419
1751444617754,1589871941,-19.685041,-3.273065,-5.461419
1751444617770,1589888608,-24.312088,-0.94049335,-12.311441
1751444617770,1589888608,-24.312088,-0.94049335,-12.311441
1751444617787,1589905275,-16.207117,-3.2527676,-8.9349
1751444617787,1589905275,-16.207117,-3.2527676,-8.9349
1751444617804,1589921942,-8.306467,-6.912187,-2.9304028
1751444617804,1589921942,-8.306467,-6.912187,-2.9304028
1751444617820,1589938609,-2.5656211,-9.091673,-0.4235506
1751444617820,1589938609,-2.5656211,-9.091673,-0.4235506
1751444617837,1589955276,3.2996063,-0.75126,3.945118
1751444617837,1589955276,3.2996063,-0.75126,3.945118
1751444617854,1589971943,-4.834795,1.434186,7.0040703
1751444617854,1589971943,-4.834795,1.434186,7.0040703
1751444617870,1589988610,-14.713028,10.754479,-0.45874977
1751444617870,1589988610,-14.713028,10.754479,-0.45874977
1751444617887,1590005277,-6.126492,7.188149,4.0338163
1751444617887,1590005277,-6.126492,7.188149,4.0338163
1751444617904,1590021944,-0.71993107,0.3846166,-1.5123405
1751444617904,1590021944,-0.71993107,0.3846166,-1.5123405
1751444617920,1590038611,0.53852534,-1.8090174,-0.5719719
1751444617920,1590038611,0.53852534,-1.8090174,-0.5719719
1751444617937,1590055278,-0.11843658,-0.49008003,-0.7491064
1751444617937,1590055278,-0.11843658,-0.49008003,-0.7491064
1751444617954,1590071945,0.15389347,-0.57840914,0.188344
1751444617954,1590071945,0.15389347,-0.57840914,0.188344
1751444617970,1590088612,0.22722828,-0.72284424,0.3870287
1751444617970,1590088612,0.22722828,-0.72284424,0.3870287
1751444617987,1590105279,-0.68913215,1.0189015,0.15475655
1751444617987,1590105279,-0.68913215,1.0189015,0.15475655
1751444618004,1590121946,-0.36914957,0.98444784,0.9959583
1751444618004,1590121946,-0.36914957,0.98444784,0.9959583
1751444618020,1590138613,0.54967815,0.47459355,1.3871098
1751444618020,1590138613,0.54967815,0.47459355,1.3871098
1751444618037,1590155280,0.7425654,-0.049734425,-0.6125927
1751444618037,1590155280,0.7425654,-0.049734425,-0.6125927
1751444618054,1590171947,1.4964054,-0.83508193,-0.5529003
1751444618054,1590171947,1.4964054,-0.83508193,-0.5529003
1751444618070,1590188614,1.438663,-0.19590692,0.32907104
1751444618070,1590188614,1.438663,-0.19590692,0.32907104
1751444618087,1590205281,1.472913,0.063494556,0.43428898
1751444618087,1590205281,1.472913,0.063494556,0.43428898
1751444618104,1590221948,1.3513259,-0.006750762,-0.05478382
1751444618104,1590221948,1.3513259,-0.006750762,-0.05478382
1751444618120,1590238615,1.0625851,0.32686514,0.3170128
1751444618120,1590238615,1.0625851,0.32686514,0.3170128
1751444618137,1590255282,1.147418,0.008566357,0.5608425
1751444618137,1590255282,1.147418,0.008566357,0.5608425
1751444618154,1590271949,1.0830706,0.2375123,0.545063
1751444618154,1590271949,1.0830706,0.2375123,0.545063
1751444618170,1590288616,0.9195237,0.6757101,0.9148197
1751444618170,1590288616,0.9195237,0.6757101,0.9148197
1751444618187,1590305283,1.1446819,0.781829,0.8234453
1751444618187,1590305283,1.1446819,0.781829,0.8234453
1751444618204,1590321950,1.0448936,0.89347,0.8150816
1751444618204,1590321950,1.0448936,0.89347,0.8150816
1751444618220,1590338617,1.5379009,0.22056097,0.79225254
1751444618220,1590338617,1.5379009,0.22056097,0.79225254
1751444618237,1590355284,1.1519513,0.64181614,0.6060686
1751444618237,1590355284,1.1519513,0.64181614,0.6060686
1751444618254,1590371951,1.2468727,0.6678271,0.118504524
1751444618254,1590371951,1.2468727,0.6678271,0.118504524
1751444618270,1590388618,1.0148193,0.31023923,-0.2401743
1751444618270,1590388618,1.0148193,0.31023923,-0.2401743
1751444618287,1590405285,1.3661885,0.10480305,-0.16624355
1751444618287,1590405285,1.3661885,0.10480305,-0.16624355
1751444618304,1590421952,1.5142834,0.21401773,-0.19046593
1751444618304,1590421952,1.5142834,0.21401773,-0.19046593
1751444618320,1590438619,1.8025373,0.5412941,0.2282772
1751444618320,1590438619,1.8025373,0.5412941,0.2282772
1751444618337,1590455286,1.2507983,1.5774965,0.54828167
1751444618337,1590455286,1.2507983,1.5774965,0.54828167
1751444618354,1590471953,1.520148,1.7079936,0.6142025
1751444618354,1590471953,1.520148,1.7079936,0.6142025
1751444618370,1590488620,2.85747,0.5795406,0.4569521
1751444618370,1590488620,2.85747,0.5795406,0.4569521
1751444618387,1590505287,3.636982,0.67382026,1.1751976
1751444618387,1590505287,3.636982,0.67382026,1.1751976
1751444618404,1590521954,5.2107234,1.1278664,3.5799932
1751444618404,1590521954,5.2107234,1.1278664,3.5799932
1751444618420,1590538621,7.046812,0.5287591,3.7744722
1751444618420,1590538621,7.046812,0.5287591,3.7744722
1751444618437,1590555288,4.866392,2.7030427,1.861433
1751444618437,1590555288,4.866392,2.7030427,1.861433
1751444618454,1590571955,5.3601866,4.7299194,1.932209
1751444618454,1590571955,5.3601866,4.7299194,1.932209
1751444618470,1590588622,7.7442017,5.015906,1.5301418
1751444618470,1590588622,7.7442017,5.015906,1.5301418
1751444618487,1590605289,10.208914,2.0364783,-0.7497654
1751444618487,1590605289,10.208914,2.0364783,-0.7497654
1751444618504,1590621956,10.91114,0.39409995,-2.5916862
1751444618504,1590621956,10.91114,0.39409995,-2.5916862
1751444618520,1590638623,10.516716,-0.82046187,-3.9052901
1751444618520,1590638623,10.516716,-0.82046187,-3.9052901
1751444618537,1590655290,7.351933,-3.9752808,-3.9499445
1751444618537,1590655290,7.351933,-3.9752808,-3.9499445
1751444618554,1590671957,4.931288,-3.7083623,-1.8564296
1751444618554,1590671957,4.931288,-3.7083623,-1.8564296
1751444618570,1590688624,5.7845197,1.0114558,1.1088886
1751444618570,1590688624,5.7845197,1.0114558,1.1088886
1751444618587,1590705291,6.237867,3.9914143,-0.2815218
1751444618587,1590705291,6.237867,3.9914143,-0.2815218
1751444618604,1590721958,8.5504875,-0.3903382,-7.783378
1751444618604,1590721958,8.5504875,-0.3903382,-7.783378
1751444618620,1590738625,6.8293896,-1.0575013,-9.628059
1751444618620,1590738625,6.8293896,-1.0575013,-9.628059
1751444618637,1590755292,4.63663,1.1229439,-6.448311
1751444618637,1590755292,4.63663,1.1229439,-6.448311
1751444618654,1590771959,5.825163,1.3884097,-6.6045084
1751444618654,1590771959,5.825163,1.3884097,-6.6045084
1751444618670,1590788626,6.487511,0.7184639,-7.140829
1751444618670,1590788626,6.487511,0.7184639,-7.140829
1751444618687,1590805293,5.1085253,1.7559899,-5.0847487
1751444618687,1590805293,5.1085253,1.7559899,-5.0847487
1751444618704,1590821960,5.2316446,2.3591444,-3.9258409
1751444618704,1590821960,5.2316446,2.3591444,-3.9258409
1751444618720,1590838627,5.612327,2.6914136,-3.31843
1751444618720,1590838627,5.612327,2.6914136,-3.31843
1751444618737,1590855294,4.219525,3.6082041,-0.84957314
1751444618737,1590855294,4.219525,3.6082041,-0.84957314
1751444618754,1590871961,2.1704323,4.8155465,1.8853655
1751444618754,1590871961,2.1704323,4.8155465,1.8853655
1751444618770,1590888628,0.5849099,4.7434015,3.2089825
1751444618770,1590888628,0.5849099,4.7434015,3.2089825
1751444618787,1590905295,0.54492503,3.0942867,3.2813778
1751444618787,1590905295,0.54492503,3.0942867,3.2813778
1751444618804,1590921962,0.018105444,2.0327725,4.011239
1751444618804,1590921962,0.018105444,2.0327725,4.011239
1751444618820,1590938629,-0.50660163,0.8352076,5.2663965
1751444618820,1590938629,-0.50660163,0.8352076,5.2663965
1751444618837,1590955296,0.032327015,-2.1262822,6.571722
1751444618837,1590955296,0.032327015,-2.1262822,6.571722
1751444618854,1590971963,-1.9828404,-2.8534665,7.927658
1751444618854,1590971963,-1.9828404,-2.8534665,7.927658
1751444618870,1590988630,-8.415991,-3.5854719,7.3944054
1751444618870,1590988630,-8.415991,-3.5854719,7.3944054
1751444618887,1591005297,-10.807664,-5.4521585,1.6523762
1751444618887,1591005297,-10.807664,-5.4521585,1.6523762
1751444618904,1591021964,-18.900225,-8.686015,-3.1784396
1751444618904,1591021964,-18.900225,-8.686015,-3.1784396
1751444618920,1591038631,-27.169641,-8.627808,-9.045871
1751444618920,1591038631,-27.169641,-8.627808,-9.045871
1751444618937,1591055298,-14.624474,-8.663758,-7.491661
1751444618937,1591055298,-14.624474,-8.663758,-7.491661
1751444618954,1591071965,-6.455439,-9.863013,-3.034215
1751444618954,1591071965,-6.455439,-9.863013,-3.034215
1751444618970,1591088632,1.8135477,-10.321916,0.70146847
1751444618970,1591088632,1.8135477,-10.321916,0.70146847
1751444618987,1591105299,16.18215,1.1606067,5.533598
1751444618987,1591105299,16.18215,1.1606067,5.533598
1751444619004,1591121966,-0.9033806,1.5702531,9.644756
1751444619004,1591121966,-0.9033806,1.5702531,9.644756
1751444619020,1591138633,-20.11425,7.755608,-0.7050133
1751444619020,1591138633,-20.11425,7.755608,-0.7050133
1751444619037,1591155300,-4.7730684,5.623235,2.8330832
1751444619037,1591155300,-4.7730684,5.623235,2.8330832
1751444619054,1591171967,-6.0535684,5.1264205,0.5088444
1751444619054,1591171967,-6.0535684,5.1264205,0.5088444
1751444619070,1591188634,-1.2545701,0.61547446,1.3741074
1751444619070,1591188634,-1.2545701,0.61547446,1.3741074
1751444619087,1591205301,4.4868293,-2.4705615,-1.4667721
1751444619087,1591205301,4.4868293,-2.4705615,-1.4667721
1751444619104,1591221968,2.103672,-1.8589218,0.1319933
1751444619104,1591221968,2.103672,-1.8589218,0.1319933
1751444619120,1591238635,0.36726552,0.017693061,0.9205446
1751444619120,1591238635,0.36726552,0.017693061,0.9205446
1751444619137,1591255302,-0.9201002,0.9620847,0.52893925
1751444619137,1591255302,-0.9201002,0.9620847,0.52893925
1751444619154,1591271969,0.26711765,0.8125161,0.9605913
1751444619154,1591271969,0.26711765,0.8125161,0.9605913
1751444619170,1591288636,1.4202944,0.27074817,0.85501575
1751444619170,1591288636,1.4202944,0.27074817,0.85501575
1751444619187,1591305303,1.0920832,-0.21604745,-0.7160702
1751444619187,1591305303,1.0920832,-0.21604745,-0.7160702
1751444619204,1591321970,1.56059,-0.4274349,0.22413158
1751444619204,1591321970,1.56059,-0.4274349,0.22413158
1751444619220,1591338637,1.4790052,-0.13709252,0.27260685
1751444619220,1591338637,1.4790052,-0.13709252,0.27260685
1751444619237,1591355304,1.5867234,-0.045951582,0.03268528
1751444619237,1591355304,1.5867234,-0.045951582,0.03268528
1751444619254,1591371971,1.1733384,0.2479922,0.1868105
1751444619254,1591371971,1.1733384,0.2479922,0.1868105
1751444619270,1591388638,1.1828777,0.16095704,0.36555672
1751444619270,1591388638,1.1828777,0.16095704,0.36555672
1751444619287,1591405305,1.2840475,0.099027194,0.49777508
1751444619287,1591405305,1.2840475,0.099027194,0.49777508
1751444619304,1591421972,1.2442627,0.22259331,0.56984043
1751444619304,1591421972,1.2442627,0.22259331,0.56984043
1751444619320,1591438639,1.2557214,0.5227521,0.66679955
1751444619320,1591438639,1.2557214,0.5227521,0.66679955
1751444619337,1591455306,1.2631211,0.7126078,0.8011141
1751444619337,1591455306,1.2631211,0.7126078,0.8011141
1751444619354,1591471973,1.4683954,0.55370486,0.536952
1751444619354,1591471973,1.4683954,0.55370486,0.536952
1751444619370,1591488640,1.0546789,0.7475399,0.3020525
1751444619370,1591488640,1.0546789,0.7475399,0.3020525
1751444619387,1591505307,0.9829702,0.76645935,0.2986107
1751444619387,1591505307,0.9829702,0.76645935,0.2986107
1751444619404,1591521974,1.2004755,0.45535043,0.1307745
1751444619404,1591521974,1.2004755,0.45535043,0.1307745
1751444619420,1591538641,1.5136302,0.26965418,0.15322876
1751444619420,1591538641,1.5136302,0.26965418,0.15322876
1751444619437,1591555308,1.806478,0.27876928,0.21676254
1751444619437,1591555308,1.806478,0.27876928,0.21676254
1751444619454,1591571975,1.8524673,0.48585212,0.24457645
1751444619454,1591571975,1.8524673,0.48585212,0.24457645
1751444619470,1591588642,1.9827658,0.6921444,0.44963074
1751444619470,1591588642,1.9827658,0.6921444,0.44963074
1751444619487,1591605309,1.8936657,0.8568687,0.54070187
1751444619487,1591605309,1.8936657,0.8568687,0.54070187
1751444619504,1591621976,2.0585914,1.1379095,0.6846714
1751444619504,1591621976,2.0585914,1.1379095,0.6846714
1751444619520,1591638643,1.8953483,1.4094045,0.74608517
1751444619520,1591638643,1.8953483,1.4094045,0.74608517
1751444619537,1591655310,2.166756,1.5652874,0.8374882
1751444619537,1591655310,2.166756,1.5652874,0.8374882
1751444619554,1591671977,2.463446,1.6297859,0.7304697
1751444619554,1591671977,2.463446,1.6297859,0.7304697
1751444619570,1591688644,2.8534057,1.5015663,0.71266174
1751444619570,1591688644,2.8534057,1.5015663,0.71266174
1751444619587,1591705311,3.343976,1.8420883,0.7945833
1751444619587,1591705311,3.343976,1.8420883,0.7945833
1751444619604,1591721978,3.9032493,2.48489,1.0406885
1751444619604,1591721978,3.9032493,2.48489,1.0406885
1751444619620,1591738645,5.279689,3.8958213,1.7450113
1751444619620,1591738645,5.279689,3.8958213,1.7450113
1751444619637,1591755312,8.676749,3.5302513,1.1733828
1751444619637,1591755312,8.676749,3.5302513,1.1733828
1751444619654,1591771979,8.340581,6.4380913,0.77014065
1751444619654,1591771979,8.340581,6.4380913,0.77014065
1751444619670,1591788646,11.515454,6.961794,0.7544842
1751444619670,1591788646,11.515454,6.961794,0.7544842
1751444619687,1591805313,18.122393,1.4916381,-4.8454685
1751444619687,1591805313,18.122393,1.4916381,-4.8454685
1751444619704,1591821980,10.103029,-2.0609593,-4.85471
1751444619704,1591821980,10.103029,-2.0609593,-4.85471
1751444619720,1591838647,-2.1430404,-0.89686096,5.1189337
1751444619720,1591838647,-2.1430404,-0.89686096,5.1189337
1751444619737,1591855314,6.9856505,2.1282818,3.6475906
1751444619737,1591855314,6.9856505,2.1282818,3.6475906
1751444619754,1591871981,13.254004,0.7947686,-0.1480608
1751444619754,1591871981,13.254004,0.7947686,-0.1480608
1751444619770,1591888648,9.587592,-1.2762737,-1.2337208
1751444619770,1591888648,9.587592,-1.2762737,-1.2337208
1751444619787,1591905315,5.540543,-3.4662864,-3.23322
1751444619787,1591905315,5.540543,-3.4662864,-3.23322
1751444619804,1591921982,5.4376426,-3.6270149,-7.8456316
1751444619804,1591921982,5.4376426,-3.6270149,-7.8456316
1751444619820,1591938649,4.8315983,0.16790886,-8.889999
1751444619820,1591938649,4.8315983,0.16790886,-8.889999
1751444619837,1591955316,6.451613,4.2301555,-9.561453
1751444619837,1591955316,6.451613,4.2301555,-9.561453
1751444619854,1591971983,5.5681233,4.128124,-10.366075
1751444619854,1591971983,5.5681233,4.128124,-10.366075
1751444619870,1591988650,1.9886256,2.5136752,-7.278714
1751444619870,1591988650,1.9886256,2.5136752,-7.278714
1751444619887,1592005317,3.5053504,0.597278,-6.609686
1751444619887,1592005317,3.5053504,0.597278,-6.609686
1751444619904,1592021984,6.4624324,2.0397005,-5.3387938
1751444619904,1592021984,6.4624324,2.0397005,-5.3387938
1751444619920,1592038651,4.993768,2.2352507,-3.3199172
1751444619920,1592038651,4.993768,2.2352507,-3.3199172
1751444619937,1592055318,4.5611134,2.6109965,-1.879427
1751444619937,1592055318,4.5611134,2.6109965,-1.879427
1751444619954,1592071985,3.1219203,1.5890915,1.0864534
1751444619954,1592071985,3.1219203,1.5890915,1.0864534
1751444619970,1592088652,1.5555278,0.48372874,3.7330198
1751444619970,1592088652,1.5555278,0.48372874,3.7330198
1751444619987,1592105319,2.050944,-0.15244076,4.062375
1751444619987,1592105319,2.050944,-0.15244076,4.062375
1751444620004,1592121986,0.13342293,-0.6644575,5.079237
1751444620004,1592121986,0.13342293,-0.6644575,5.079237
1751444620020,1592138653,-0.3231062,-1.8377217,6.635168
1751444620020,1592138653,-0.3231062,-1.8377217,6.635168
1751444620037,1592155320,-0.1884916,-4.3017125,7.642111
1751444620037,1592155320,-0.1884916,-4.3017125,7.642111
1751444620054,1592171987,-4.462491,-6.355413,7.954832
1751444620054,1592171987,-4.462491,-6.355413,7.954832
1751444620070,1592188654,-7.975776,-5.7432475,6.9667206
1751444620070,1592188654,-7.975776,-5.7432475,6.9667206
1751444620087,1592205321,-12.803571,-3.4102113,2.972806
1751444620087,1592205321,-12.803571,-3.4102113,2.972806
1751444620104,1592221988,-13.062082,-6.0345707,-0.365263
1751444620104,1592221988,-13.062082,-6.0345707,-0.365263
1751444620120,1592238655,-19.096886,-7.8282347,-4.543036
1751444620120,1592238655,-19.096886,-7.8282347,-4.543036
1751444620137,1592255322,-22.913353,-4.362298,-8.397676
1751444620137,1592255322,-22.913353,-4.362298,-8.397676
1751444620154,1592271989,-11.996761,-6.082057,-4.3142176
1751444620154,1592271989,-11.996761,-6.082057,-4.3142176
1751444620170,1592288656,-2.023713,-14.864532,-1.5979223
1751444620170,1592288656,-2.023713,-14.864532,-1.5979223
1751444620187,1592305323,5.1222982,-0.06742771,7.094057
1751444620187,1592305323,5.1222982,-0.06742771,7.094057
1751444620204,1592321990,-16.36608,4.5094404,11.527033
1751444620204,1592321990,-16.36608,4.5094404,11.527033
1751444620220,1592338657,-11.256148,12.248981,0.083004
1751444620220,1592338657,-11.256148,12.248981,0.083004
1751444620237,1592355324,-3.9080482,3.1332989,0.42017937
1751444620237,1592355324,-3.9080482,3.1332989,0.42017937
1751444620254,1592371991,4.6795106,-2.628033,-0.61643124
1751444620254,1592371991,4.6795106,-2.628033,-0.61643124
1751444620270,1592388658,1.7603697,-2.999855,-0.28954315
1751444620270,1592388658,1.7603697,-2.999855,-0.28954315
1751444620287,1592405325,-0.59298486,0.524485,-0.49521542
1751444620287,1592405325,-0.59298486,0.524485,-0.49521542
1751444620304,1592421992,0.42686933,-0.4647587,0.07016373
1751444620304,1592421992,0.42686933,-0.4647587,0.07016373
1751444620320,1592438659,0.14637762,-0.28656986,0.39073658
1751444620320,1592438659,0.14637762,-0.28656986,0.39073658
1751444620337,1592455326,-0.40983236,0.6623875,0.63826466
1751444620337,1592455326,-0.40983236,0.6623875,0.63826466
1751444620354,1592471993,0.42134517,0.44269222,1.2521639
1751444620354,1592471993,0.42134517,0.44269222,1.2521639
1751444620370,1592488660,0.849834,0.035804763,0.5790615
1751444620370,1592488660,0.849834,0.035804763,0.5790615
1751444620387,1592505327,0.8216294,0.053513918,-0.38165283
1751444620387,1592505327,0.8216294,0.053513918,-0.38165283
1751444620404,1592521994,1.2565169,-0.0018521401,0.06203556
1751444620404,1592521994,1.2565169,-0.0018521401,0.06203556
1751444620420,1592538661,1.9645448,-0.2495264,0.07980156
1751444620420,1592538661,1.9645448,-0.2495264,0.07980156
1751444620437,1592555328,1.687696,0.08706897,0.14024925
1751444620437,1592555328,1.687696,0.08706897,0.14024925
1751444620454,1592571995,1.0827668,0.37759563,0.3370695
1751444620454,1592571995,1.0827668,0.37759563,0.3370695
1751444620470,1592588662,1.27096,0.12767316,0.712945
1751444620470,1592588662,1.27096,0.12767316,0.712945
1751444620487,1592605329,0.9401643,0.30739278,0.73970604
1751444620487,1592605329,0.9401643,0.30739278,0.73970604
1751444620504,1592621996,0.8880837,0.43432212,0.87576675
1751444620504,1592621996,0.8880837,0.43432212,0.87576675
1751444620520,1592638663,0.70971906,0.75375384,0.96907425
1751444620520,1592638663,0.70971906,0.75375384,0.96907425
1751444620537,1592655330,1.1768447,0.6705526,1.0879002
1751444620537,1592655330,1.1768447,0.6705526,1.0879002
1751444620554,1592671997,1.2753329,0.28203112,0.8563442
1751444620554,1592671997,1.2753329,0.28203112,0.8563442
1751444620570,1592688664,1.0951558,0.31656152,0.5328827
1751444620570,1592688664,1.0951558,0.31656152,0.5328827
1751444620587,1592705331,1.1028012,0.064026065,0.16143322
1751444620587,1592705331,1.1028012,0.064026065,0.16143322
1751444620604,1592721998,1.0889261,-0.029752927,-0.13324356
1751444620604,1592721998,1.0889261,-0.029752927,-0.13324356
1751444620620,1592738665,0.9097508,-0.017186806,-0.38931084
1751444620620,1592738665,0.9097508,-0.017186806,-0.38931084
1751444620637,1592755332,0.93324625,0.03468865,-0.43370533
1751444620637,1592755332,0.93324625,0.03468865,-0.43370533
1751444620654,1592771999,1.248548,0.118310325,-0.17376614
1751444620654,1592771999,1.248548,0.118310325,-0.17376614
1751444620670,1592788666,1.4791675,0.31178302,0.13164234
1751444620670,1592788666,1.4791675,0.31178302,0.13164234
1751444620687,1592805333,1.5964972,0.5613063,0.18784237
1751444620687,1592805333,1.5964972,0.5613063,0.18784237
1751444620704,1592822000,1.7095704,0.6854033,0.12152767
1751444620704,1592822000,1.7095704,0.6854033,0.12152767
1751444620720,1592838667,1.5331615,0.92474943,0.2492342
1751444620720,1592838667,1.5331615,0.92474943,0.2492342
1751444620737,1592855334,1.5106722,1.1436411,0.39852524
1751444620737,1592855334,1.5106722,1.1436411,0.39852524
1751444620754,1592872001,2.7226193,1.0825285,1.0707607
1751444620754,1592872001,2.7226193,1.0825285,1.0707607
1751444620770,1592888668,4.1676607,1.0605352,2.6830425
1751444620770,1592888668,4.1676607,1.0605352,2.6830425
1751444620787,1592905335,4.6997747,1.2869786,2.9095802
1751444620787,1592905335,4.6997747,1.2869786,2.9095802
1751444620804,1592922002,4.7738585,2.157976,2.4676628
1751444620804,1592922002,4.7738585,2.157976,2.4676628
1751444620820,1592938669,5.032814,3.4956765,2.1203785
1751444620820,1592938669,5.032814,3.4956765,2.1203785
1751444620837,1592955336,5.9138713,7.2040896,2.5281773
1751444620837,1592955336,5.9138713,7.2040896,2.5281773
1751444620854,1592972003,5.706155,5.395993,0.5091286
1751444620854,1592972003,5.706155,5.395993,0.5091286
1751444620870,1592988670,9.578271,1.0719726,-2.0981793
1751444620870,1592988670,9.578271,1.0719726,-2.0981793
1751444620887,1593005337,11.596808,-0.98451334,-4.223332
1751444620887,1593005337,11.596808,-0.98451334,-4.223332
1751444620904,1593022004,10.106356,-2.6647668,-4.3471584
1751444620904,1593022004,10.106356,-2.6647668,-4.3471584
1751444620920,1593038671,5.383812,-5.6064405,-1.8206291
1751444620920,1593038671,5.383812,-5.6064405,-1.8206291
1751444620937,1593055338,2.8459845,0.2945713,2.2967834
1751444620937,1593055338,2.8459845,0.2945713,2.2967834
1751444620954,1593072005,5.781984,5.5007534,1.7053127
1751444620954,1593072005,5.781984,5.5007534,1.7053127
1751444620970,1593088672,7.523144,1.8715023,-3.9625306
1751444620970,1593088672,7.523144,1.8715023,-3.9625306
1751444620987,1593105339,8.262619,-0.19911271,-8.050881
1751444620987,1593105339,8.262619,-0.19911271,-8.050881
1751444621004,1593122006,6.9684796,0.9469824,-6.8602133
1751444621004,1593122006,6.9684796,0.9469824,-6.8602133
1751444621020,1593138673,6.2878675,1.1227183,-6.8735113
1751444621020,1593138673,6.2878675,1.1227183,-6.8735113
1751444621037,1593155340,7.507051,0.9218514,-6.9968357
1751444621037,1593155340,7.507051,0.9218514,-6.9968357
1751444621054,1593172007,7.110699,0.9427099,-6.0921316
1751444621054,1593172007,7.110699,0.9427099,-6.0921316
1751444621070,1593188674,6.836572,1.4037662,-5.034723
1751444621070,1593188674,6.836572,1.4037662,-5.034723
1751444621087,1593205341,6.148648,1.8399297,-3.4160762
1751444621087,1593205341,6.148648,1.8399297,-3.4160762
1751444621104,1593222008,4.713366,2.1978037,-1.5232191
1751444621104,1593222008,4.713366,2.1978037,-1.5232191
1751444621120,1593238675,3.2971034,2.848694,0.29612446
1751444621120,1593238675,3.2971034,2.848694,0.29612446
1751444621137,1593255342,1.1971143,2.9673047,2.3377638
1751444621137,1593255342,1.1971143,2.9673047,2.3377638
1751444621154,1593272009,0.5575998,1.8741924,3.0137796
1751444621154,1593272009,0.5575998,1.8741924,3.0137796
1751444621170,1593288676,-0.01644329,0.9272234,2.931137
1751444621170,1593288676,-0.01644329,0.9272234,2.931137
1751444621187,1593305343,-0.31873617,0.277988,3.1171312
1751444621187,1593305343,-0.31873617,0.277988,3.1171312
1751444621204,1593322010,0.06646292,-0.39717156,4.0631104
1751444621204,1593322010,0.06646292,-0.39717156,4.0631104
1751444621220,1593338677,-1.0410358,-1.4310547,5.282484
1751444621220,1593338677,-1.0410358,-1.4310547,5.282484
1751444621237,1593355344,-3.733631,-3.3626285,6.620653
1751444621237,1593355344,-3.733631,-3.3626285,6.620653
1751444621254,1593372011,-4.96662,-5.3185124,6.088073
1751444621254,1593372011,-4.96662,-5.3185124,6.088073
1751444621270,1593388678,-9.387078,-5.4131575,3.5730534
1751444621270,1593388678,-9.387078,-5.4131575,3.5730534
1751444621287,1593405345,-13.770851,-5.0238395,0.9594755
1751444621287,1593405345,-13.770851,-5.0238395,0.9594755
1751444621304,1593422012,-15.8653145,-4.1509733,-2.339139
1751444621304,1593422012,-15.8653145,-4.1509733,-2.339139
1751444621320,1593438679,-17.721184,-3.6859083,-5.522974
1751444621320,1593438679,-17.721184,-3.6859083,-5.522974
1751444621337,1593455346,-15.919812,-4.02572,-6.138218
1751444621337,1593455346,-15.919812,-4.02572,-6.138218
1751444621354,1593472013,-9.408385,-7.9814296,-3.623293
1751444621354,1593472013,-9.408385,-7.9814296,-3.623293
1751444621370,1593488680,-3.7949872,-12.82308,-1.9502926
1751444621370,1593488680,-3.7949872,-12.82308,-1.9502926
1751444621387,1593505347,12.713118,-0.046046518,7.8915577
1751444621387,1593505347,12.713118,-0.046046518,7.8915577
1751444621404,1593522014,-2.2647405,-2.8355708,4.642152
1751444621404,1593522014,-2.2647405,-2.8355708,4.642152
1751444621420,1593538681,-13.184126,10.030923,-1.351099
1751444621420,1593538681,-13.184126,10.030923,-1.351099
1751444621437,1593555348,-8.08779,8.389852,5.4898167
1751444621437,1593555348,-8.08779,8.389852,5.4898167
1751444621454,1593572015,0.83033913,-0.31464785,-0.9319296
1751444621454,1593572015,0.83033913,-0.31464785,-0.9319296
1751444621470,1593588682,1.4119408,-1.5661817,-0.051350594
1751444621470,1593588682,1.4119408,-1.5661817,-0.051350594
1751444621487,1593605349,0.85380363,-0.9400177,-0.43206787
1751444621487,1593605349,0.85380363,-0.9400177,-0.43206787
1751444621504,1593622016,0.13196194,-0.102946825,0.4437952
1751444621504,1593622016,0.13196194,-0.102946825,0.4437952
1751444621520,1593638683,0.7303764,-0.96862066,0.36358833
1751444621520,1593638683,0.7303764,-0.96862066,0.36358833
1751444621537,1593655350,0.2026695,-0.06347455,-0.60487175
1751444621537,1593655350,0.2026695,-0.06347455,-0.60487175
1751444621554,1593672017,0.27378193,0.31341714,-0.6993227
1751444621554,1593672017,0.27378193,0.31341714,-0.6993227
1751444621570,1593688684,1.0401244,0.57798594,0.9080248
1751444621570,1593688684,1.0401244,0.57798594,0.9080248
1751444621587,1593705351,0.76907533,0.6703028,-0.0003643036
1751444621587,1593705351,0.76907533,0.6703028,-0.0003643036
1751444621604,1593722018,1.9544686,-0.68375057,-0.87063694
1751444621604,1593722018,1.9544686,-0.68375057,-0.87063694
1751444621620,1593738685,2.1810634,-0.9115843,-0.11498737
1751444621620,1593738685,2.1810634,-0.9115843,-0.11498737
1751444621637,1593755352,1.1699644,0.07782911,0.1669445
1751444621637,1593755352,1.1699644,0.07782911,0.1669445
1751444621654,1593772019,1.0447136,0.029376196,0.19505787
1751444621654,1593772019,1.0447136,0.029376196,0.19505787
1751444621670,1593788686,0.6050968,-0.05844769,0.2510605
1751444621670,1593788686,0.6050968,-0.05844769,0.2510605
1751444621687,1593805353,0.62585336,0.03146375,0.53512573
1751444621687,1593805353,0.62585336,0.03146375,0.53512573
1751444621704,1593822020,0.7593737,-0.06721705,0.4425602
1751444621704,1593822020,0.7593737,-0.06721705,0.4425602
1751444621720,1593838687,0.5263124,0.2157636,0.34786606
1751444621720,1593838687,0.5263124,0.2157636,0.34786606
1751444621737,1593855354,0.32359973,0.4288791,0.34722042
1751444621737,1593855354,0.32359973,0.4288791,0.34722042
1751444621754,1593872021,0.765948,0.10138542,0.16429806
1751444621754,1593872021,0.765948,0.10138542,0.16429806
1751444621770,1593888688,1.0637001,-0.110119805,-0.060355186
1751444621770,1593888688,1.0637001,-0.110119805,-0.060355186
1751444621787,1593905355,0.63995385,0.13108638,-0.021107674
1751444621787,1593905355,0.63995385,0.13108638,-0.021107674
1751444621804,1593922022,0.77524227,0.06290241,-0.001004219
1751444621804,1593922022,0.77524227,0.06290241,-0.001004219
1751444621820,1593938689,1.0943764,-0.17034185,-0.19392014
1751444621820,1593938689,1.0943764,-0.17034185,-0.19392014
1751444621837,1593955356,1.2340889,-0.13797975,-0.1645031
1751444621837,1593955356,1.2340889,-0.13797975,-0.1645031
1751444621854,1593972023,1.0029107,0.13544555,-0.090296745
1751444621854,1593972023,1.0029107,0.13544555,-0.090296745
1751444621870,1593988690,1.1498277,0.10426131,-0.103447914
1751444621870,1593988690,1.1498277,0.10426131,-0.103447914
1751444621887,1594005357,1.1875527,0.097063236,-0.20935726
1751444621887,1594005357,1.1875527,0.097063236,-0.20935726
1751444621904,1594022024,1.3547324,0.13695471,-0.17112923
1751444621904,1594022024,1.3547324,0.13695471,-0.17112923
1751444621920,1594038691,1.3735355,0.19350791,-0.06797409
1751444621920,1594038691,1.3735355,0.19350791,-0.06797409
1751444621937,1594055358,1.2630918,0.29580754,-0.044649124
1751444621937,1594055358,1.2630918,0.29580754,-0.044649124
1751444621954,1594072025,1.2083462,0.25369245,-0.06570721
1751444621954,1594072025,1.2083462,0.25369245,-0.06570721
1751444621970,1594088692,1.1347048,0.22765644,-0.025359154
1751444621970,1594088692,1.1347048,0.22765644,-0.025359154
1751444621987,1594105359,1.1011487,0.08873565,0.081168175
1751444621987,1594105359,1.1011487,0.08873565,0.081168175
1751444622004,1594122026,1.0265746,0.07698837,0.15062523
1751444622004,1594122026,1.0265746,0.07698837,0.15062523
1751444622020,1594138693,0.99501264,0.13483967,0.13463974
1751444622020,1594138693,0.99501264,0.13483967,0.13463974
1751444622037,1594155360,1.0190113,0.11581458,0.28522396
1751444622037,1594155360,1.0190113,0.11581458,0.28522396
1751444622054,1594172027,1.0626494,0.21358764,0.6371212
1751444622054,1594172027,1.0626494,0.21358764,0.6371212
1751444622070,1594188694,1.1614454,0.30762333,1.1583138
1751444622070,1594188694,1.1614454,0.30762333,1.1583138
1751444622087,1594205361,1.2932256,0.40069088,1.353219
1751444622087,1594205361,1.2932256,0.40069088,1.353219
1751444622104,1594222028,1.149363,0.1871845,1.0691032
1751444622104,1594222028,1.149363,0.1871845,1.0691032
1751444622120,1594238695,1.9587419,0.8970362,0.89517117
1751444622120,1594238695,1.9587419,0.8970362,0.89517117
1751444622137,1594255362,0.5118532,0.7355762,0.58690834
1751444622137,1594255362,0.5118532,0.7355762,0.58690834
1751444622154,1594272029,1.2052048,1.5027739,1.0172625
1751444622154,1594272029,1.2052048,1.5027739,1.0172625
1751444622170,1594288696,1.0967667,1.0722755,0.32753372
1751444622170,1594288696,1.0967667,1.0722755,0.32753372
1751444622187,1594305363,1.2432197,0.9844616,0.31205177
1751444622187,1594305363,1.2432197,0.9844616,0.31205177
1751444622204,1594322030,1.4416388,1.0843374,0.32621574
1751444622204,1594322030,1.4416388,1.0843374,0.32621574
1751444622220,1594338697,1.5864844,1.0535407,0.084052086
1751444622220,1594338697,1.5864844,1.0535407,0.084052086
1751444622237,1594355364,1.5020446,0.8441302,-0.032034874
1751444622237,1594355364,1.5020446,0.8441302,-0.032034874
1751444622254,1594372031,2.8383412,0.59286284,0.24080181
1751444622254,1594372031,2.8383412,0.59286284,0.24080181
1751444622270,1594388698,4.6254263,2.388705,0.7541189
1751444622270,1594388698,4.6254263,2.388705,0.7541189
1751444622287,1594405365,3.3904045,1.4309942,0.7082081
1751444622287,1594405365,3.3904045,1.4309942,0.7082081
1751444622304,1594422032,4.0415463,1.390269,1.2949114
1751444622304,1594422032,4.0415463,1.390269,1.2949114
1751444622320,1594438699,4.277233,1.5448663,1.7474461
1751444622320,1594438699,4.277233,1.5448663,1.7474461
1751444622337,1594455366,4.6979623,1.3730803,1.5583534
1751444622337,1594455366,4.6979623,1.3730803,1.5583534
1751444622354,1594472033,4.5275,1.1234529,0.6551399
1751444622354,1594472033,4.5275,1.1234529,0.6551399
1751444622370,1594488700,3.4664857,0.7998058,0.022506714
1751444622370,1594488700,3.4664857,0.7998058,0.022506714
1751444622387,1594505367,3.971755,1.5302721,-0.63750744
1751444622387,1594505367,3.971755,1.5302721,-0.63750744
1751444622404,1594522034,9.735775,2.6208396,-5.0866914
1751444622404,1594522034,9.735775,2.6208396,-5.0866914
1751444622420,1594538701,4.533342,5.4626355,-6.1140485
1751444622420,1594538701,4.533342,5.4626355,-6.1140485
1751444622437,1594555368,5.329479,3.2308533,-5.8418865
1751444622437,1594555368,5.329479,3.2308533,-5.8418865
1751444622454,1594572035,6.466806,1.7278428,-5.001364
1751444622454,1594572035,6.466806,1.7278428,-5.001364
1751444622470,1594588702,6.2904058,0.21836388,-5.326954
1751444622470,1594588702,6.2904058,0.21836388,-5.326954
1751444622487,1594605369,5.478734,-0.8730119,-3.9690275
1751444622487,1594605369,5.478734,-0.8730119,-3.9690275
1751444622504,1594622036,4.309221,-1.3544004,-2.7904935
1751444622504,1594622036,4.309221,-1.3544004,-2.7904935
1751444622520,1594638703,2.8868794,-1.6167697,-1.920322
1751444622520,1594638703,2.8868794,-1.6167697,-1.920322
1751444622537,1594655370,1.2344198,-1.9484767,-0.255682
1751444622537,1594655370,1.2344198,-1.9484767,-0.255682
1751444622554,1594672037,-0.013338289,-2.933063,0.8106699
1751444622554,1594672037,-0.013338289,-2.933063,0.8106699
1751444622570,1594688704,-1.9964492,-2.5821342,1.9525461
1751444622570,1594688704,-1.9964492,-2.5821342,1.9525461
1751444622587,1594705371,-3.7015147,-1.7300212,3.2248135
1751444622587,1594705371,-3.7015147,-1.7300212,3.2248135
1751444622604,1594722038,-5.4613004,-1.7411581,4.0292606
1751444622604,1594722038,-5.4613004,-1.7411581,4.0292606
1751444622620,1594738705,-6.6443896,-4.3432345,2.7856464
1751444622620,1594738705,-6.6443896,-4.3432345,2.7856464
1751444622637,1594755372,-6.878005,-4.831091,1.1023016
1751444622637,1594755372,-6.878005,-4.831091,1.1023016
1751444622654,1594772039,-6.4798093,-4.628099,-0.3815918
1751444622654,1594772039,-6.4798093,-4.628099,-0.3815918
1751444622670,1594788706,-6.7660394,-1.5093163,0.28040123
1751444622670,1594788706,-6.7660394,-1.5093163,0.28040123
1751444622687,1594805373,-9.847714,3.2227583,1.9369211
1751444622687,1594805373,-9.847714,3.2227583,1.9369211
1751444622704,1594822040,-17.957726,6.7588816,3.166812
1751444622704,1594822040,-17.957726,6.7588816,3.166812
1751444622720,1594838707,-3.2701735,-3.3689077,3.2713137
1751444622720,1594838707,-3.2701735,-3.3689077,3.2713137
1751444622737,1594855374,0.3657034,-8.349077,-3.7270465
1751444622737,1594855374,0.3657034,-8.349077,-3.7270465
1751444622754,1594872041,-3.4053504,-4.6099606,-1.6054964
1751444622754,1594872041,-3.4053504,-4.6099606,-1.6054964
1751444622770,1594888708,1.556622,-3.7596989,2.8109465
1751444622770,1594888708,1.556622,-3.7596989,2.8109465
1751444622787,1594905375,2.5387034,4.8211565,2.5056667
1751444622787,1594905375,2.5387034,4.8211565,2.5056667
1751444622804,1594922042,6.655875,6.941614,3.2782888
1751444622804,1594922042,6.655875,6.941614,3.2782888
1751444622820,1594938709,5.609068,6.099302,0.62481976
1751444622820,1594938709,5.609068,6.099302,0.62481976
1751444622837,1594955376,1.2507522,0.59299093,-1.4337788
1751444622837,1594955376,1.2507522,0.59299093,-1.4337788
1751444622854,1594972043,0.04128519,-0.8228587,-0.13468647
1751444622854,1594972043,0.04128519,-0.8228587,-0.13468647
1751444622870,1594988710,0.24710888,-0.29513177,0.08038616
1751444622870,1594988710,0.24710888,-0.29513177,0.08038616
1751444622887,1595005377,0.413216,-0.65562093,0.27626133
1751444622887,1595005377,0.413216,-0.65562093,0.27626133
1751444622904,1595022044,0.4535758,0.20763537,0.2203741
1751444622904,1595022044,0.4535758,0.20763537,0.2203741
1751444622920,1595038711,1.0167382,0.5790314,0.38579845
1751444622920,1595038711,1.0167382,0.5790314,0.38579845
1751444622937,1595055378,0.8530584,-0.0798072,0.012032509
1751444622937,1595055378,0.8530584,-0.0798072,0.012032509
1751444622954,1595072045,0.62230927,0.2449028,-0.22590446
1751444622954,1595072045,0.62230927,0.2449028,-0.22590446
1751444622970,1595088712,0.88756293,0.32458696,0.06654644
1751444622970,1595088712,0.88756293,0.32458696,0.06654644
1751444622987,1595105379,0.84573424,0.17283474,-0.22961426
1751444622987,1595105379,0.84573424,0.17283474,-0.22961426
1751444623004,1595122046,0.77574986,0.26568896,-0.2668066
1751444623004,1595122046,0.77574986,0.26568896,-0.2668066
1751444623020,1595138713,0.7881367,0.19427791,0.03891468
1751444623020,1595138713,0.7881367,0.19427791,0.03891468
1751444623037,1595155380,0.67800456,0.46986625,0.06388283
1751444623037,1595155380,0.67800456,0.46986625,0.06388283
1751444623054,1595172047,0.5599007,0.035743743,-0.024959564
1751444623054,1595172047,0.5599007,0.035743743,-0.024959564
1751444623070,1595188714,0.4622989,-0.007440523,-0.11525822
1751444623070,1595188714,0.4622989,-0.007440523,-0.11525822
1751444623087,1595205381,0.6402044,0.09412913,-0.021115303
1751444623087,1595205381,0.6402044,0.09412913,-0.021115303
1751444623104,1595222048,0.9389217,0.5797699,-0.16099072
1751444623104,1595222048,0.9389217,0.5797699,-0.16099072
1751444623120,1595238715,0.7521293,0.23988181,-0.10800171
1751444623120,1595238715,0.7521293,0.23988181,-0.10800171
1751444623137,1595255382,0.8820999,0.34052122,-0.060415268
1751444623137,1595255382,0.8820999,0.34052122,-0.060415268
1751444623154,1595272049,0.56740874,-0.37160626,-0.010897636
1751444623154,1595272049,0.56740874,-0.37160626,-0.010897636
1751444623170,1595288716,0.43360367,0.3632944,-0.3480463
1751444623170,1595288716,0.43360367,0.3632944,-0.3480463
1751444623187,1595305383,0.70512885,-0.126644,0.17897987
1751444623187,1595305383,0.70512885,-0.126644,0.17897987
1751444623204,1595322050,0.61022085,0.26800835,-0.0111989975
1751444623204,1595322050,0.61022085,0.26800835,-0.0111989975
1751444623220,1595338717,0.45836434,-0.04361833,0.065176964
1751444623220,1595338717,0.45836434,-0.04361833,0.065176964
1751444623237,1595355384,0.55860955,0.45435545,0.11142826
1751444623237,1595355384,0.55860955,0.45435545,0.11142826
1751444623254,1595372051,0.8445616,0.22770147,0.25476456
1751444623254,1595372051,0.8445616,0.22770147,0.25476456
1751444623270,1595388718,0.44059244,0.686034,0.00975132
1751444623270,1595388718,0.44059244,0.686034,0.00975132
1751444623287,1595405385,0.52336794,0.007880843,0.42930317
1751444623287,1595405385,0.52336794,0.007880843,0.42930317
1751444623304,1595422052,0.28154144,-0.20663884,0.41293812
1751444623304,1595422052,0.28154144,-0.20663884,0.41293812
1751444623320,1595438719,0.4368201,-0.14642724,0.4080038
1751444623320,1595438719,0.4368201,-0.14642724,0.4080038
1751444623337,1595455386,0.5423952,0.042850114,0.83417606
1751444623337,1595455386,0.5423952,0.042850114,0.83417606
1751444623354,1595472053,1.0095662,0.15151463,0.97902775
1751444623354,1595472053,1.0095662,0.15151463,0.97902775
1751444623370,1595488720,1.3489872,-0.5594013,2.9118357
1751444623370,1595488720,1.3489872,-0.5594013,2.9118357
1751444623387,1595505387,1.5123415,-0.67267877,3.3781843
1751444623387,1595505387,1.5123415,-0.67267877,3.3781843
1751444623404,1595522054,3.1434524,-0.33418864,2.5017014
1751444623404,1595522054,3.1434524,-0.33418864,2.5017014
1751444623420,1595538721,1.8281415,-0.8838184,1.9216709
1751444623420,1595538721,1.8281415,-0.8838184,1.9216709
1751444623437,1595555388,1.1376635,-2.8400893,2.1568213
1751444623437,1595555388,1.1376635,-2.8400893,2.1568213
1751444623454,1595572055,-0.04800265,-3.6812012,1.518939
1751444623454,1595572055,-0.04800265,-3.6812012,1.518939
1751444623470,1595588722,-0.5942807,-3.511464,1.0850801
1751444623470,1595588722,-0.5942807,-3.511464,1.0850801
1751444623487,1595605389,-0.44050044,-4.0052066,0.89452076
1751444623487,1595605389,-0.44050044,-4.0052066,0.89452076
1751444623504,1595622056,-0.89394563,-3.2260792,-0.049793243
1751444623504,1595622056,-0.89394563,-3.2260792,-0.049793243
1751444623520,1595638723,0.30712524,-1.1993889,-0.20022964
1751444623520,1595638723,0.30712524,-1.1993889,-0.20022964
1751444623537,1595655390,-4.2447605,-1.0439359,-1.2372837
1751444623537,1595655390,-4.2447605,-1.0439359,-1.2372837
1751444623554,1595672057,-6.8948364,0.64462703,-1.5095005
1751444623554,1595672057,-6.8948364,0.64462703,-1.5095005
1751444623570,1595688724,-7.8326063,0.4204985,-0.45833683
1751444623570,1595688724,-7.8326063,0.4204985,-0.45833683
1751444623587,1595705391,-8.35534,-3.7667682,-1.9701786
1751444623587,1595705391,-8.35534,-3.7667682,-1.9701786
1751444623604,1595722058,-5.614621,-2.6457903,-2.1912913
1751444623604,1595722058,-5.614621,-2.6457903,-2.1912913
1751444623620,1595738725,-3.1218076,-0.8321839,-1.8506889
1751444623620,1595738725,-3.1218076,-0.8321839,-1.8506889
1751444623637,1595755392,-4.5463405,-1.8648566,-2.2752795
1751444623637,1595755392,-4.5463405,-1.8648566,-2.2752795
1751444623654,1595772059,-4.8144245,-1.6892726,-1.7695665
1751444623654,1595772059,-4.8144245,-1.6892726,-1.7695665
1751444623670,1595788726,-3.7027411,-0.9638053,-1.452117
1751444623670,1595788726,-3.7027411,-0.9638053,-1.452117
1751444623687,1595805393,-3.3749979,-0.55761987,-1.3621721
1751444623687,1595805393,-3.3749979,-0.55761987,-1.3621721
1751444623704,1595822060,-3.676557,-0.48125625,-1.5065365
1751444623704,1595822060,-3.676557,-0.48125625,-1.5065365
1751444623720,1595838727,-3.1714673,-0.53818434,-1.4603062
1751444623720,1595838727,-3.1714673,-0.53818434,-1.4603062
1751444623737,1595855394,-2.990057,-0.61686623,-1.2547951
1751444623737,1595855394,-2.990057,-0.61686623,-1.2547951
1751444623754,1595872061,-3.546106,-0.29084265,-1.0166416
1751444623754,1595872061,-3.546106,-0.29084265,-1.0166416
1751444623770,1595888728,-4.2140865,-0.43665847,-0.79007816
1751444623770,1595888728,-4.2140865,-0.43665847,-0.79007816
1751444623787,1595905395,-4.189226,0.13233174,-0.57615185
1751444623787,1595905395,-4.189226,0.13233174,-0.57615185
1751444623804,1595922062,-4.420459,0.659793,-0.3650589
1751444623804,1595922062,-4.420459,0.659793,-0.3650589
1751444623820,1595938729,-4.5260005,1.345311,-0.10880947
1751444623820,1595938729,-4.5260005,1.345311,-0.10880947
1751444623837,1595955396,-4.115169,1.6946824,0.2578497
1751444623837,1595955396,-4.115169,1.6946824,0.2578497
1751444623854,1595972063,-3.2658331,2.5380418,0.6340275
1751444623854,1595972063,-3.2658331,2.5380418,0.6340275
1751444623870,1595988730,-2.6423373,2.7862425,1.063612
1751444623870,1595988730,-2.6423373,2.7862425,1.063612
1751444623887,1596005397,-1.8188843,3.2608378,1.3211317
1751444623887,1596005397,-1.8188843,3.2608378,1.3211317
1751444623904,1596022064,-1.0178069,3.4781394,1.5442333
1751444623904,1596022064,-1.0178069,3.4781394,1.5442333
1751444623920,1596038731,0.05939924,3.85661,1.6814566
1751444623920,1596038731,0.05939924,3.85661,1.6814566
1751444623937,1596055398,0.6890842,4.145181,1.8932323
1751444623937,1596055398,0.6890842,4.145181,1.8932323
1751444623954,1596072065,0.99019414,4.078222,2.225173
1751444623954,1596072065,0.99019414,4.078222,2.225173
1751444623970,1596088732,2.1651359,3.940267,2.3306007
1751444623970,1596088732,2.1651359,3.940267,2.3306007
1751444623987,1596105399,3.5738,3.5015955,2.3594828
1751444623987,1596105399,3.5738,3.5015955,2.3594828
1751444624004,1596122066,4.011922,2.8137765,2.4841824
1751444624004,1596122066,4.011922,2.8137765,2.4841824
1751444624020,1596138733,4.8120184,2.125236,2.0901165
1751444624020,1596138733,4.8120184,2.125236,2.0901165
1751444624037,1596155400,5.626281,1.5646899,1.8048277
1751444624037,1596155400,5.626281,1.5646899,1.8048277
1751444624054,1596172067,7.574828,1.6186479,0.6129656
1751444624054,1596172067,7.574828,1.6186479,0.6129656
1751444624070,1596188734,9.645098,4.333481,-1.4482756
1751444624070,1596188734,9.645098,4.333481,-1.4482756
1751444624087,1596205401,12.18546,5.6562157,-3.147071
1751444624087,1596205401,12.18546,5.6562157,-3.147071
1751444624104,1596222068,11.612752,3.4765434,-3.899365
1751444624104,1596222068,11.612752,3.4765434,-3.899365
1751444624120,1596238735,13.451777,1.4523251,-8.912305
1751444624120,1596238735,13.451777,1.4523251,-8.912305
1751444624137,1596255402,14.440275,2.427589,-8.147817
1751444624137,1596255402,14.440275,2.427589,-8.147817
1751444624154,1596272069,11.877402,3.1352108,-5.1050053
1751444624154,1596272069,11.877402,3.1352108,-5.1050053
1751444624170,1596288736,9.866259,2.3031638,-4.3015046
1751444624170,1596288736,9.866259,2.3031638,-4.3015046
1751444624187,1596305403,8.8234005,1.7578455,-3.6778183
1751444624187,1596305403,8.8234005,1.7578455,-3.6778183
1751444624204,1596322070,6.9145966,0.03800564,-2.2750149
1751444624204,1596322070,6.9145966,0.03800564,-2.2750149
1751444624220,1596338737,-5.403652,-9.267418,9.122824
1751444624220,1596338737,-5.403652,-9.267418,9.122824
1751444624237,1596355404,1.7609433,3.2888315,6.6176357
1751444624237,1596355404,1.7609433,3.2888315,6.6176357
1751444624254,1596372071,8.343813,4.6382203,-4.9396
1751444624254,1596372071,8.343813,4.6382203,-4.9396
1751444624270,1596388738,9.71235,1.7802217,1.4597044
1751444624270,1596388738,9.71235,1.7802217,1.4597044
1751444624287,1596405405,-4.280779,4.0816913,4.1351185
1751444624287,1596405405,-4.280779,4.0816913,4.1351185
1751444624304,1596422072,9.516002,-5.46895,-4.3101897
1751444624304,1596422072,9.516002,-5.46895,-4.3101897
1751444624320,1596438739,5.9172616,-2.7613354,1.3278809
1751444624320,1596438739,5.9172616,-2.7613354,1.3278809
1751444624337,1596455406,-2.332068,3.4567163,-0.44826984
1751444624337,1596455406,-2.332068,3.4567163,-0.44826984
1751444624354,1596472073,-0.3128245,2.1666307,-1.3805981
1751444624354,1596472073,-0.3128245,2.1666307,-1.3805981
1751444624370,1596488740,1.3878725,0.98987174,-0.03971958
1751444624370,1596488740,1.3878725,0.98987174,-0.03971958
1751444624387,1596505407,1.8005685,0.14581415,0.15400028
1751444624387,1596505407,1.8005685,0.14581415,0.15400028
1751444624404,1596522074,2.6839,-0.84941083,0.49055862
1751444624404,1596522074,2.6839,-0.84941083,0.49055862
1751444624420,1596538741,2.7565067,-1.0460476,0.32514763
1751444624420,1596538741,2.7565067,-1.0460476,0.32514763
1751444624437,1596555408,1.3137649,0.5535773,-0.0731163
1751444624437,1596555408,1.3137649,0.5535773,-0.0731163
1751444624454,1596572075,0.74617296,1.0125122,0.29830265
1751444624454,1596572075,0.74617296,1.0125122,0.29830265
1751444624470,1596588742,1.7337306,0.2623975,0.0015935898
1751444624470,1596588742,1.7337306,0.2623975,0.0015935898
1751444624487,1596605409,1.8880001,-0.06368789,0.38301754
1751444624487,1596605409,1.8880001,-0.06368789,0.38301754
1751444624504,1596622076,1.4439692,0.30385983,0.32235336
1751444624504,1596622076,1.4439692,0.30385983,0.32235336
1751444624520,1596638743,1.3212128,0.31369162,0.2872877
1751444624520,1596638743,1.3212128,0.31369162,0.2872877
1751444624537,1596655410,1.263386,0.26205677,0.4039173
1751444624537,1596655410,1.263386,0.26205677,0.4039173
1751444624554,1596672077,1.08467,0.3550074,0.29039
1751444624554,1596672077,1.08467,0.3550074,0.29039
1751444624570,1596688744,1.006056,0.4424003,0.038126945
1751444624570,1596688744,1.006056,0.4424003,0.038126945
1751444624587,1596705411,0.84507966,0.55505407,0.08760548
1751444624587,1596705411,0.84507966,0.55505407,0.08760548
1751444624604,1596722078,1.1668843,0.21712495,0.1282463
1751444624604,1596722078,1.1668843,0.21712495,0.1282463
1751444624620,1596738745,1.318448,0.14600995,0.10538292
1751444624620,1596738745,1.318448,0.14600995,0.10538292
1751444624637,1596755412,1.3463992,0.0588323,0.19814873
1751444624637,1596755412,1.3463992,0.0588323,0.19814873
1751444624654,1596772079,1.50359,0.15011431,0.1711216
1751444624654,1596772079,1.50359,0.15011431,0.1711216
1751444624670,1596788746,1.3780986,0.18451352,0.10386276
1751444624670,1596788746,1.3780986,0.18451352,0.10386276
1751444624687,1596805413,1.3291909,1.0100998,-0.055592537
1751444624687,1596805413,1.3291909,1.0100998,-0.055592537
1751444624704,1596822080,1.2547606,0.10866507,-0.17696667
1751444624704,1596822080,1.2547606,0.10866507,-0.17696667
1751444624720,1596838747,0.8400149,0.050633844,-0.18797684
1751444624720,1596838747,0.8400149,0.050633844,-0.18797684
1751444624737,1596855414,1.1000539,0.08744542,-0.15731144
1751444624737,1596855414,1.1000539,0.08744542,-0.15731144
1751444624754,1596872081,0.720068,0.028351948,0.2696886
1751444624754,1596872081,0.720068,0.028351948,0.2696886
1751444624770,1596888748,0.6310343,-0.072906576,0.49222755
1751444624770,1596888748,0.6310343,-0.072906576,0.49222755
1751444624787,1596905415,0.6455738,-0.14726777,0.6070919
1751444624787,1596905415,0.6455738,-0.14726777,0.6070919
1751444624804,1596922082,0.52661127,-0.13485509,0.78419495
1751444624804,1596922082,0.52661127,-0.13485509,0.78419495
1751444624820,1596938749,0.5388549,-0.28723282,0.89459896
1751444624820,1596938749,0.5388549,-0.28723282,0.89459896
1751444624837,1596955416,0.5427185,-0.3276978,0.9743633
1751444624837,1596955416,0.5427185,-0.3276978,0.9743633
1751444624854,1596972083,0.5414525,-0.49847054,1.0796146
1751444624854,1596972083,0.5414525,-0.49847054,1.0796146
1751444624870,1596988750,0.5484628,-0.4856742,1.2463064
1751444624870,1596988750,0.5484628,-0.4856742,1.2463064
1751444624887,1597005417,0.0994056,-0.40275896,1.4910698
1751444624887,1597005417,0.0994056,-0.40275896,1.4910698
1751444624904,1597022084,-0.08951828,-0.7698722,1.5917492
1751444624904,1597022084,-0.08951828,-0.7698722,1.5917492
1751444624920,1597038751,-0.3051229,-1.1315335,1.6942453
1751444624920,1597038751,-0.3051229,-1.1315335,1.6942453
1751444624937,1597055418,-0.84844804,-1.7510877,2.089757
1751444624937,1597055418,-0.84844804,-1.7510877,2.089757
1751444624954,1597072085,-2.0912144,-1.5528175,3.0022173
1751444624954,1597072085,-2.0912144,-1.5528175,3.0022173
1751444624971,1597088752,-3.4318936,-1.8796128,3.3139029
1751444624971,1597088752,-3.4318936,-1.8796128,3.3139029
1751444624987,1597105419,-3.286622,-3.4121554,2.842391
1751444624987,1597105419,-3.286622,-3.4121554,2.842391
1751444625004,1597122086,-5.421566,-5.6808534,3.4730825
1751444625004,1597122086,-5.421566,-5.6808534,3.4730825
1751444625021,1597138753,-9.491906,-4.470341,2.8682537
1751444625021,1597138753,-9.491906,-4.470341,2.8682537
1751444625037,1597155420,-12.514348,-2.1445756,0.26058483
1751444625037,1597155420,-12.514348,-2.1445756,0.26058483
1751444625054,1597172087,-8.971519,-0.7566982,-1.6418905
1751444625054,1597172087,-8.971519,-0.7566982,-1.6418905
1751444625071,1597188754,-3.3917406,2.2938166,-2.0338855
1751444625071,1597188754,-3.3917406,2.2938166,-2.0338855
1751444625087,1597205421,2.85968,1.7866564,2.4744282
1751444625087,1597205421,2.85968,1.7866564,2.4744282
1751444625104,1597222088,-6.5016975,0.30255988,2.2883034
1751444625104,1597222088,-6.5016975,0.30255988,2.2883034
1751444625121,1597238755,-6.8366556,1.0320901,0.99363136
1751444625121,1597238755,-6.8366556,1.0320901,0.99363136
1751444625137,1597255422,-1.7959201,2.7434406,0.095360756
1751444625137,1597255422,-1.7959201,2.7434406,0.095360756
1751444625154,1597272089,-1.5645093,5.1483,-3.223495
1751444625154,1597272089,-1.5645093,5.1483,-3.223495
1751444625171,1597288756,-4.076867,4.7347493,-5.9063225
1751444625171,1597288756,-4.076867,4.7347493,-5.9063225
1751444625187,1597305423,-4.790398,0.6946735,-7.298567
1751444625187,1597305423,-4.790398,0.6946735,-7.298567
1751444625204,1597322090,-6.0489497,-0.5884497,-8.43741
1751444625204,1597322090,-6.0489497,-0.5884497,-8.43741
1751444625221,1597338757,-5.0273314,-1.4889485,-8.728686
1751444625221,1597338757,-5.0273314,-1.4889485,-8.728686
1751444625237,1597355424,-4.82044,-2.08353,-6.4938164
1751444625237,1597355424,-4.82044,-2.08353,-6.4938164
1751444625254,1597372091,-2.0785415,-1.2846273,-5.080024
1751444625254,1597372091,-2.0785415,-1.2846273,-5.080024
1751444625271,1597388758,-2.632449,-0.6760279,-3.9242454
1751444625271,1597388758,-2.632449,-0.6760279,-3.9242454
1751444625287,1597405425,-2.9204922,-1.3672189,-2.1909337
1751444625287,1597405425,-2.9204922,-1.3672189,-2.1909337
1751444625304,1597422092,-2.8905349,-1.5641795,-0.5108309
1751444625304,1597422092,-2.8905349,-1.5641795,-0.5108309
1751444625321,1597438759,-2.0760036,-0.37331825,1.2443676
1751444625321,1597438759,-2.0760036,-0.37331825,1.2443676
1751444625337,1597455426,-0.020308834,0.6881262,3.5370054
1751444625337,1597455426,-0.020308834,0.6881262,3.5370054
1751444625354,1597472093,0.30347115,0.8789419,4.1132803
1751444625354,1597472093,0.30347115,0.8789419,4.1132803
1751444625371,1597488760,0.93372494,1.1341857,4.8588314
1751444625371,1597488760,0.93372494,1.1341857,4.8588314
1751444625387,1597505427,2.0737169,2.2621944,6.8283825
1751444625387,1597505427,2.0737169,2.2621944,6.8283825
1751444625404,1597522094,4.271415,2.3993201,8.705673
1751444625404,1597522094,4.271415,2.3993201,8.705673
1751444625421,1597538761,10.862169,2.2209208,6.831978
1751444625421,1597538761,10.862169,2.2209208,6.831978
1751444625437,1597555428,12.161367,4.352881,2.6421528
1751444625437,1597555428,12.161367,4.352881,2.6421528
1751444625454,1597572095,16.109838,4.5649877,0.8141508
1751444625454,1597572095,16.109838,4.5649877,0.8141508
1751444625471,1597588762,18.524263,2.3269756,-3.221127
1751444625471,1597588762,18.524263,2.3269756,-3.221127
1751444625487,1597605429,21.75185,0.9158691,-10.711133
1751444625487,1597605429,21.75185,0.9158691,-10.711133
1751444625504,1597622096,18.280794,2.084509,-10.182705
1751444625504,1597622096,18.280794,2.084509,-10.182705
1751444625521,1597638763,15.113211,4.4398584,-6.2958355
1751444625521,1597638763,15.113211,4.4398584,-6.2958355
1751444625537,1597655430,11.961565,-3.4126267,3.0432367
1751444625537,1597655430,11.961565,-3.4126267,3.0432367
1751444625554,1597672097,-6.4898896,3.3071213,10.646366
1751444625554,1597672097,-6.4898896,3.3071213,10.646366
1751444625571,1597688764,3.7850633,6.1045094,-4.5101542
1751444625571,1597688764,3.7850633,6.1045094,-4.5101542
1751444625587,1597705431,6.7613287,0.43332592,-3.1565752
1751444625587,1597705431,6.7613287,0.43332592,-3.1565752
1751444625604,1597722098,-3.005096,2.5901616,5.210284
1751444625604,1597722098,-3.005096,2.5901616,5.210284
1751444625621,1597738765,4.7513404,-1.2455084,-3.364843
1751444625621,1597738765,4.7513404,-1.2455084,-3.364843
1751444625637,1597755432,6.4412894,-2.3152483,0.32497215
1751444625637,1597755432,6.4412894,-2.3152483,0.32497215
1751444625654,1597772099,2.340407,-0.39057046,1.5765562
1751444625654,1597772099,2.340407,-0.39057046,1.5765562
1751444625671,1597788766,2.2480206,-0.106540695,-0.77449703
1751444625671,1597788766,2.2480206,-0.106540695,-0.77449703
1751444625687,1597805433,1.4450443,0.41612422,0.5646982
1751444625687,1597805433,1.4450443,0.41612422,0.5646982
1751444625704,1597822100,0.9385837,0.5904718,0.17106152
1751444625704,1597822100,0.9385837,0.5904718,0.17106152
1751444625721,1597838767,0.70215255,0.73993987,-0.19385147
1751444625721,1597838767,0.70215255,0.73993987,-0.19385147
1751444625737,1597855434,1.1972748,0.116145715,-0.072175026
1751444625737,1597855434,1.1972748,0.116145715,-0.072175026
1751444625754,1597872101,1.6958938,-0.43713048,0.13181973
1751444625754,1597872101,1.6958938,-0.43713048,0.13181973
1751444625771,1597888768,1.0241663,0.33472687,0.10663605
1751444625771,1597888768,1.0241663,0.33472687,0.10663605
1751444625787,1597905435,0.3796229,0.74245214,-0.058066368
1751444625787,1597905435,0.3796229,0.74245214,-0.058066368
1751444625804,1597922102,0.4872967,0.75638753,-0.07285023
1751444625804,1597922102,0.4872967,0.75638753,-0.07285023
1751444625821,1597938769,0.55038905,0.67061657,0.038348198
1751444625821,1597938769,0.55038905,0.67061657,0.038348198
1751444625837,1597955436,0.7205772,0.6197441,0.24685764
1751444625837,1597955436,0.7205772,0.6197441,0.24685764
1751444625854,1597972103,0.7364448,0.36154038,0.33318996
1751444625854,1597972103,0.7364448,0.36154038,0.33318996
1751444625871,1597988770,1.0451063,0.14256138,0.35439873
1751444625871,1597988770,1.0451063,0.14256138,0.35439873
1751444625887,1598005437,1.0794827,0.09827094,0.45886135
1751444625887,1598005437,1.0794827,0.09827094,0.45886135
1751444625904,1598022104,1.0808179,0.19195136,0.38956833
1751444625904,1598022104,1.0808179,0.19195136,0.38956833
1751444625921,1598038771,1.027633,0.37468505,0.33289528
1751444625921,1598038771,1.027633,0.37468505,0.33289528
1751444625937,1598055438,1.4358369,0.061537474,0.27793026
1751444625937,1598055438,1.4358369,0.061537474,0.27793026
1751444625954,1598072105,1.3527853,-0.12448654,0.34314823
1751444625954,1598072105,1.3527853,-0.12448654,0.34314823
1751444625971,1598088772,1.4381704,-0.07864147,0.23965263
1751444625971,1598088772,1.4381704,-0.07864147,0.23965263
1751444625987,1598105439,1.2089584,0.107626185,0.2693329
1751444625987,1598105439,1.2089584,0.107626185,0.2693329
1751444626004,1598122106,1.3303097,0.33960536,0.29004192
1751444626004,1598122106,1.3303097,0.33960536,0.29004192
1751444626021,1598138773,0.58569694,0.1571543,0.18663406
1751444626021,1598138773,0.58569694,0.1571543,0.18663406
1751444626037,1598155440,1.2014568,0.15505306,-0.30351925
1751444626037,1598155440,1.2014568,0.15505306,-0.30351925
1751444626054,1598172107,0.71297324,0.3445829,0.04271698
1751444626054,1598172107,0.71297324,0.3445829,0.04271698
1751444626071,1598188774,0.5218375,0.15595762,0.30408478
1751444626071,1598188774,0.5218375,0.15595762,0.30408478
1751444626087,1598205441,0.47660607,0.054432556,0.57064724
1751444626087,1598205441,0.47660607,0.054432556,0.57064724
1751444626104,1598222108,0.59027267,-0.3372728,0.71011543
1751444626104,1598222108,0.59027267,-0.3372728,0.71011543
1751444626121,1598238775,0.4243255,-0.25805834,0.8035326
1751444626121,1598238775,0.4243255,-0.25805834,0.8035326
1751444626137,1598255442,0.36978385,-0.27723688,0.82498455
1751444626137,1598255442,0.36978385,-0.27723688,0.82498455
1751444626154,1598272109,0.42067596,-0.1255118,0.83754444
1751444626154,1598272109,0.42067596,-0.1255118,0.83754444
1751444626171,1598288776,0.357395,0.0056239213,0.77250767
1751444626171,1598288776,0.357395,0.0056239213,0.77250767
1751444626187,1598305443,0.23751113,0.08464581,0.7340565
1751444626187,1598305443,0.23751113,0.08464581,0.7340565
1751444626204,1598322110,-0.11971264,0.2683103,0.8634882
1751444626204,1598322110,-0.11971264,0.2683103,0.8634882
1751444626221,1598338777,-0.35807133,0.0017161325,1.2812777
1751444626221,1598338777,-0.35807133,0.0017161325,1.2812777
1751444626237,1598355444,-0.88871926,-0.37809977,2.1666203
1751444626237,1598355444,-0.88871926,-0.37809977,2.1666203
1751444626254,1598372111,-1.7899535,-0.4853444,3.0192194
1751444626254,1598372111,-1.7899535,-0.4853444,3.0192194
1751444626271,1598388778,-1.7915087,-1.2040304,2.5092907
1751444626271,1598388778,-1.7915087,-1.2040304,2.5092907
1751444626287,1598405445,-2.6108851,-1.365857,2.3541565
1751444626287,1598405445,-2.6108851,-1.365857,2.3541565
1751444626304,1598422112,-2.8322167,-2.372499,2.373744
1751444626304,1598422112,-2.8322167,-2.372499,2.373744
1751444626321,1598438779,-3.3631468,-3.4585247,2.6065817
1751444626321,1598438779,-3.3631468,-3.4585247,2.6065817
1751444626337,1598455446,-7.161428,-0.77032375,1.8155708
1751444626337,1598455446,-7.161428,-0.77032375,1.8155708
1751444626354,1598472113,-10.595957,0.75051427,-0.23908615
1751444626354,1598472113,-10.595957,0.75051427,-0.23908615
1751444626371,1598488780,-7.365975,-0.27738762,-0.7517147
1751444626371,1598488780,-7.365975,-0.27738762,-0.7517147
1751444626387,1598505447,-3.7507458,0.54922676,-0.5205736
1751444626387,1598505447,-3.7507458,0.54922676,-0.5205736
1751444626404,1598522114,0.3407397,0.86008734,0.9681883
1751444626404,1598522114,0.3407397,0.86008734,0.9681883
1751444626421,1598538781,0.29003355,1.7622776,2.8454514
1751444626421,1598538781,0.29003355,1.7622776,2.8454514
1751444626437,1598555448,-6.01643,3.8617682,0.97696686
1751444626437,1598555448,-6.01643,3.8617682,0.97696686
1751444626454,1598572115,-5.486764,1.5851642,-1.4774799
1751444626454,1598572115,-5.486764,1.5851642,-1.4774799
1751444626471,1598588782,-4.7937756,-1.160467,-4.039857
1751444626471,1598588782,-4.7937756,-1.160467,-4.039857
1751444626487,1598605449,-7.171967,0.82724863,-8.074069
1751444626487,1598605449,-7.171967,0.82724863,-8.074069
1751444626504,1598622116,-6.288744,-0.47269705,-7.72184
1751444626504,1598622116,-6.288744,-0.47269705,-7.72184
1751444626521,1598638783,-3.333946,-1.6206844,-5.2629843
1751444626521,1598638783,-3.333946,-1.6206844,-5.2629843
1751444626537,1598655450,-4.434856,-0.99628216,-5.451916
1751444626537,1598655450,-4.434856,-0.99628216,-5.451916
1751444626554,1598672117,-4.622851,-0.43130112,-4.802155
1751444626554,1598672117,-4.622851,-0.43130112,-4.802155
1751444626571,1598688784,-4.3650703,-0.5807018,-3.542336
1751444626571,1598688784,-4.3650703,-0.5807018,-3.542336
1751444626587,1598705451,-3.7423584,-1.1075872,-2.4683013
1751444626587,1598705451,-3.7423584,-1.1075872,-2.4683013
1751444626604,1598722118,-1.1814886,-1.9236108,-0.60219383
1751444626604,1598722118,-1.1814886,-1.9236108,-0.60219383
1751444626621,1598738785,0.70609576,-2.0369892,1.5965242
1751444626621,1598738785,0.70609576,-2.0369892,1.5965242
1751444626637,1598755452,0.40954414,-1.0506414,2.5411835
1751444626637,1598755452,0.40954414,-1.0506414,2.5411835
1751444626654,1598772119,1.1658851,-0.114750884,2.7776709
1751444626654,1598772119,1.1658851,-0.114750884,2.7776709
1751444626671,1598788786,2.5347674,0.20409381,2.5996685
1751444626671,1598788786,2.5347674,0.20409381,2.5996685
1751444626687,1598805453,2.045376,0.9080501,2.9773493
1751444626687,1598805453,2.045376,0.9080501,2.9773493
1751444626704,1598822120,2.2719927,1.3334863,3.6563206
1751444626704,1598822120,2.2719927,1.3334863,3.6563206
1751444626721,1598838787,3.5225034,1.2769791,4.079072
1751444626721,1598838787,3.5225034,1.2769791,4.079072
1751444626737,1598855454,4.4911118,1.6196853,4.409046
1751444626737,1598855454,4.4911118,1.6196853,4.409046
1751444626754,1598872121,5.8618183,2.5804648,3.9625235
1751444626754,1598872121,5.8618183,2.5804648,3.9625235
1751444626771,1598888788,7.187565,2.248678,3.3890848
1751444626771,1598888788,7.187565,2.248678,3.3890848
1751444626787,1598905455,9.286668,1.149044,2.1235313
1751444626787,1598905455,9.286668,1.149044,2.1235313
1751444626804,1598922122,10.974741,0.8721152,0.019805908
1751444626804,1598922122,10.974741,0.8721152,0.019805908
1751444626821,1598938789,12.739368,1.0206416,-2.9515233
1751444626821,1598938789,12.739368,1.0206416,-2.9515233
1751444626837,1598955456,14.717644,1.3589402,-6.736273
1751444626837,1598955456,14.717644,1.3589402,-6.736273
1751444626854,1598972123,14.85565,2.3936155,-8.508645
1751444626854,1598972123,14.85565,2.3936155,-8.508645
1751444626871,1598988790,10.04743,4.842673,-5.4931927
1751444626871,1598988790,10.04743,4.842673,-5.4931927
1751444626887,1599005457,6.4590583,5.191702,-3.554697
1751444626887,1599005457,6.4590583,5.191702,-3.554697
1751444626904,1599022124,6.4851675,3.5430918,-3.5058603
1751444626904,1599022124,6.4851675,3.5430918,-3.5058603
1751444626921,1599038791,6.670539,2.3457124,-2.8689227
1751444626921,1599038791,6.670539,2.3457124,-2.8689227
1751444626937,1599055458,6.435378,1.2319764,-2.7573023
1751444626937,1599055458,6.435378,1.2319764,-2.7573023
1751444626954,1599072125,2.7269123,-0.5806215,-0.74953365
1751444626954,1599072125,2.7269123,-0.5806215,-0.74953365
1751444626971,1599088792,-28.780788,-4.123029,19.330303
1751444626971,1599088792,-28.780788,-4.123029,19.330303
1751444626987,1599105459,1.3657943,12.117369,0.039298058
1751444626987,1599105459,1.3657943,12.117369,0.039298058
1751444627004,1599122126,21.41879,-1.2732147,-12.743546
1751444627004,1599122126,21.41879,-1.2732147,-12.743546
1751444627021,1599138793,1.8104335,-6.4043064,15.066351
1751444627021,1599138793,1.8104335,-6.4043064,15.066351
1751444627037,1599155460,9.21689,-6.0977354,-7.8740125
1751444627037,1599155460,9.21689,-6.0977354,-7.8740125
1751444627054,1599172127,0.7161181,0.16171318,3.8974743
1751444627054,1599172127,0.7161181,0.16171318,3.8974743
1751444627071,1599188794,-0.011302827,1.3201354,-1.8466611
1751444627071,1599188794,-0.011302827,1.3201354,-1.8466611
1751444627087,1599205461,-1.3492923,2.262737,-1.146018
1751444627087,1599205461,-1.3492923,2.262737,-1.146018
1751444627104,1599222128,0.4912095,1.0029619,0.35042572
1751444627104,1599222128,0.4912095,1.0029619,0.35042572
1751444627121,1599238795,1.7009832,0.30343828,-0.20144081
1751444627121,1599238795,1.7009832,0.30343828,-0.20144081
1751444627137,1599255462,1.2765102,0.16239266,0.22873974
1751444627137,1599255462,1.2765102,0.16239266,0.22873974
1751444627154,1599272129,1.8616233,-0.54078186,0.50254154
1751444627154,1599272129,1.8616233,-0.54078186,0.50254154
1751444627171,1599288796,1.7434444,-0.5788062,0.23011303
1751444627171,1599288796,1.7434444,-0.5788062,0.23011303
1751444627187,1599305463,-0.07364037,1.3923968,0.047389984
1751444627187,1599305463,-0.07364037,1.3923968,0.047389984
1751444627204,1599322130,0.24285756,1.3317649,0.08796024
1751444627204,1599322130,0.24285756,1.3317649,0.08796024
1751444627221,1599338797,1.4396322,0.22408168,0.11309624
1751444627221,1599338797,1.4396322,0.22408168,0.11309624
1751444627237,1599355464,1.5070522,-0.07522239,0.49317932
1751444627237,1599355464,1.5070522,-0.07522239,0.49317932
1751444627254,1599372131,1.2304107,0.1514288,0.26247025
1751444627254,1599372131,1.2304107,0.1514288,0.26247025
1751444627271,1599388798,1.0808144,0.2544941,0.2798214
1751444627271,1599388798,1.0808144,0.2544941,0.2798214
1751444627287,1599405465,0.80931985,0.3897563,0.26298523
1751444627287,1599405465,0.80931985,0.3897563,0.26298523
1751444627304,1599422132,0.5362277,0.5346586,0.021344185
1751444627304,1599422132,0.5362277,0.5346586,0.021344185
1751444627321,1599438799,0.21641731,0.48792365,0.008599281
1751444627321,1599438799,0.21641731,0.48792365,0.008599281
1751444627337,1599455466,0.41531032,0.334287,0.05107975
1751444627337,1599455466,0.41531032,0.334287,0.05107975
1751444627354,1599472133,0.3667463,0.36632487,0.0773468
1751444627354,1599472133,0.3667463,0.36632487,0.0773468
1751444627371,1599488800,0.5974577,0.42924345,-0.005019188
1751444627371,1599488800,0.5974577,0.42924345,-0.005019188
1751444627387,1599505467,0.79943746,0.4846285,0.08480358
1751444627387,1599505467,0.79943746,0.4846285,0.08480358
1751444627404,1599522134,1.1838887,0.33192936,0.07988739
1751444627404,1599522134,1.1838887,0.33192936,0.07988739
1751444627421,1599538801,1.2876885,0.18974909,0.020914078
1751444627421,1599538801,1.2876885,0.18974909,0.020914078
1751444627437,1599555468,1.151456,0.22543718,-0.061035156
1751444627437,1599555468,1.151456,0.22543718,-0.061035156
1751444627454,1599572135,0.9573471,0.23646386,-0.05942726
1751444627454,1599572135,0.9573471,0.23646386,-0.05942726
1751444627471,1599588802,0.7243782,0.3756465,0.034261703
1751444627471,1599588802,0.7243782,0.3756465,0.034261703
1751444627487,1599605469,0.6647369,0.2610563,0.13125134
1751444627487,1599605469,0.6647369,0.2610563,0.13125134
1751444627504,1599622136,0.62772495,0.13398215,0.1861
1751444627504,1599622136,0.62772495,0.13398215,0.1861
1751444627521,1599638803,0.5725615,0.3057083,0.21608734
1751444627521,1599638803,0.5725615,0.3057083,0.21608734
1751444627537,1599655470,-0.89515376,0.47582555,0.5402365
1751444627537,1599655470,-0.89515376,0.47582555,0.5402365
1751444627554,1599672137,1.2733222,0.5157415,-0.16067314
1751444627554,1599672137,1.2733222,0.5157415,-0.16067314
1751444627571,1599688804,0.36888042,-0.20352173,0.8726015
1751444627571,1599688804,0.36888042,-0.20352173,0.8726015
1751444627587,1599705471,0.86840683,-0.1636583,0.34994507
1751444627587,1599705471,0.86840683,-0.1636583,0.34994507
1751444627604,1599722138,0.42861515,0.016977597,0.6185465
1751444627604,1599722138,0.42861515,0.016977597,0.6185465
1751444627621,1599738805,0.58102995,-0.089044094,0.69094753
1751444627621,1599738805,0.58102995,-0.089044094,0.69094753
1751444627637,1599755472,0.46323866,-0.020154834,0.72376156
1751444627637,1599755472,0.46323866,-0.020154834,0.72376156
1751444627654,1599772139,0.14427628,0.12271051,0.8334303
1751444627654,1599772139,0.14427628,0.12271051,0.8334303
1751444627671,1599788806,0.096119955,0.24807547,0.84772396
1751444627671,1599788806,0.096119955,0.24807547,0.84772396
1751444627687,1599805473,0.21117191,0.1258435,0.9776249
1751444627687,1599805473,0.21117191,0.1258435,0.9776249
1751444627704,1599822140,0.17833383,-0.059554357,0.872715
1751444627704,1599822140,0.17833383,-0.059554357,0.872715
1751444627721,1599838807,0.12905996,-0.20342775,0.9348297
1751444627721,1599838807,0.12905996,-0.20342775,0.9348297
1751444627737,1599855474,-0.75598115,-0.78395104,2.646202
1751444627737,1599855474,-0.75598115,-0.78395104,2.646202
1751444627754,1599872141,-0.7903409,-1.1533026,2.201661
1751444627754,1599872141,-0.7903409,-1.1533026,2.201661
1751444627771,1599888808,-0.83681595,-1.2233922,1.9149551
1751444627771,1599888808,-0.83681595,-1.2233922,1.9149551
1751444627787,1599905475,-1.9434649,-1.4510103,2.1124353
1751444627787,1599905475,-1.9434649,-1.4510103,2.1124353
1751444627804,1599922142,-0.86955255,-2.6126387,1.7689619
1751444627804,1599922142,-0.86955255,-2.6126387,1.7689619
1751444627821,1599938809,-1.7863876,-3.0407248,1.4201727
1751444627821,1599938809,-1.7863876,-3.0407248,1.4201727
1751444627837,1599955476,-2.0049586,-3.8553245,1.3136463
1751444627837,1599955476,-2.0049586,-3.8553245,1.3136463
1751444627854,1599972143,-5.347559,-3.5751565,1.3569126
1751444627854,1599972143,-5.347559,-3.5751565,1.3569126
1751444627871,1599988810,-7.4789686,-1.3449094,0.22280312
1751444627871,1599988810,-7.4789686,-1.3449094,0.22280312
1751444627887,1600005477,-7.3885074,-1.479917,-0.0802269
1751444627887,1600005477,-7.3885074,-1.479917,-0.0802269
1751444627904,1600022144,-6.5081444,0.10733628,-0.8474617
1751444627904,1600022144,-6.5081444,0.10733628,-0.8474617
1751444627921,1600038811,-4.392191,3.5011115,-1.4479055
1751444627921,1600038811,-4.392191,3.5011115,-1.4479055
1751444627937,1600055478,-0.071829915,2.688699,1.0382338
1751444627937,1600055478,-0.071829915,2.688699,1.0382338
1751444627954,1600072145,-2.9453154,1.2667668,1.95014
1751444627954,1600072145,-2.9453154,1.2667668,1.95014
1751444627971,1600088812,-6.199887,-1.7800137,-0.12553215
1751444627971,1600088812,-6.199887,-1.7800137,-0.12553215
1751444627987,1600105479,-6.4075913,-2.771088,-4.0516725
1751444627987,1600105479,-6.4075913,-2.771088,-4.0516725
1751444628004,1600122146,-5.195581,-2.3407812,-6.4640036
1751444628004,1600122146,-5.195581,-2.3407812,-6.4640036
1751444628021,1600138813,-3.6351128,-2.0286736,-5.612222
1751444628021,1600138813,-3.6351128,-2.0286736,-5.612222
1751444628037,1600155480,-4.549264,-1.6001308,-5.327399
1751444628037,1600155480,-4.549264,-1.6001308,-5.327399
1751444628054,1600172147,-6.0585628,-0.83872545,-5.4040475
1751444628054,1600172147,-6.0585628,-0.83872545,-5.4040475
1751444628071,1600188814,-5.752684,-0.47857744,-4.9134593
1751444628071,1600188814,-5.752684,-0.47857744,-4.9134593
1751444628087,1600205481,-5.4803505,0.2668217,-4.1125255
1751444628087,1600205481,-5.4803505,0.2668217,-4.1125255
1751444628104,1600222148,-4.641768,-0.15966246,-2.6826496
1751444628104,1600222148,-4.641768,-0.15966246,-2.6826496
1751444628121,1600238815,-2.5147648,-0.6815748,-0.34758663
1751444628121,1600238815,-2.5147648,-0.6815748,-0.34758663
1751444628137,1600255482,-0.65630335,-0.79266995,1.9917336
1751444628137,1600255482,-0.65630335,-0.79266995,1.9917336
1751444628154,1600272149,0.1583254,0.03663154,2.9529428
1751444628154,1600272149,0.1583254,0.03663154,2.9529428
1751444628171,1600288816,0.480788,0.5603012,2.9599352
1751444628171,1600288816,0.480788,0.5603012,2.9599352
1751444628187,1600305483,1.7453821,0.8884944,2.6660929
1751444628187,1600305483,1.7453821,0.8884944,2.6660929
1751444628204,1600322150,1.960159,0.8576458,3.057663
1751444628204,1600322150,1.960159,0.8576458,3.057663
1751444628221,1600338817,1.6200103,1.1383805,3.5441914
1751444628221,1600338817,1.6200103,1.1383805,3.5441914
1751444628237,1600355484,1.9956905,1.7696991,3.6692457
1751444628237,1600355484,1.9956905,1.7696991,3.6692457
1751444628254,1600372151,3.1315372,2.4465737,4.2708645
1751444628254,1600372151,3.1315372,2.4465737,4.2708645
1751444628271,1600388818,4.369321,3.296047,4.2616644
1751444628271,1600388818,4.369321,3.296047,4.2616644
1751444628287,1600405485,5.644829,3.5315118,3.3245
1751444628287,1600405485,5.644829,3.5315118,3.3245
1751444628304,1600422152,7.6794543,2.6101875,2.1758223
1751444628304,1600422152,7.6794543,2.6101875,2.1758223
1751444628321,1600438819,8.944331,2.423341,0.59654903
1751444628321,1600438819,8.944331,2.423341,0.59654903
1751444628337,1600455486,9.117791,3.950207,-1.515048
1751444628337,1600455486,9.117791,3.950207,-1.515048
1751444628354,1600472153,12.598766,4.0443077,-5.048218
1751444628354,1600472153,12.598766,4.0443077,-5.048218
1751444628371,1600488820,13.34572,3.6256528,-6.558323
1751444628371,1600488820,13.34572,3.6256528,-6.558323
1751444628387,1600505487,9.700758,4.3176265,-5.2627215
1751444628387,1600505487,9.700758,4.3176265,-5.2627215
1751444628404,1600522154,8.134921,4.307178,-4.352643
1751444628404,1600522154,8.134921,4.307178,-4.352643
1751444628421,1600538821,7.8958035,2.7794394,-3.4522748
1751444628421,1600538821,7.8958035,2.7794394,-3.4522748
1751444628437,1600555488,7.154141,1.873798,-2.9403644
1751444628437,1600555488,7.154141,1.873798,-2.9403644
1751444628454,1600572155,6.2667584,0.6410691,-2.835761
1751444628454,1600572155,6.2667584,0.6410691,-2.835761
1751444628471,1600588822,-0.5949007,-5.078835,3.031272
1751444628471,1600588822,-0.5949007,-5.078835,3.031272
1751444628487,1600605489,-14.505116,7.857519,11.321747
1751444628487,1600605489,-14.505116,7.857519,11.321747
1751444628504,1600622156,7.5976567,9.5574045,-5.313205
1751444628504,1600622156,7.5976567,9.5574045,-5.313205
1751444628521,1600638823,8.509287,-2.6825283,0.78793144
1751444628521,1600638823,8.509287,-2.6825283,0.78793144
1751444628537,1600655490,1.6700155,-1.9540244,2.5735931
1751444628537,1600655490,1.6700155,-1.9540244,2.5735931
1751444628554,1600672157,11.010886,-6.245907,-3.1424255
1751444628554,1600672157,11.010886,-6.245907,-3.1424255
1751444628571,1600688824,2.1092253,-1.0412012,5.0231256
1751444628571,1600688824,2.1092253,-1.0412012,5.0231256
1751444628587,1600705491,-0.6920084,1.5070657,-3.0313601
1751444628587,1600705491,-0.6920084,1.5070657,-3.0313601
1751444628604,1600722158,-0.8630921,1.7694095,-0.06411362
1751444628604,1600722158,-0.8630921,1.7694095,-0.06411362
1751444628621,1600738825,0.4831845,1.128857,0.5855646
1751444628621,1600738825,0.4831845,1.128857,0.5855646
1751444628637,1600755492,0.66581917,0.78010637,-0.18233585
1751444628637,1600755492,0.66581917,0.78010637,-0.18233585
1751444628654,1600772159,1.5660151,-0.16781174,-0.34840393
1751444628654,1600772159,1.5660151,-0.16781174,-0.34840393
1751444628671,1600788826,2.0216455,-0.5842442,0.0977211
1751444628671,1600788826,2.0216455,-0.5842442,0.0977211
1751444628687,1600805493,1.1684743,-0.34814847,0.32327557
1751444628687,1600805493,1.1684743,-0.34814847,0.32327557
1751444628704,1600822160,0.120524,0.62466085,-0.20711231
1751444628704,1600822160,0.120524,0.62466085,-0.20711231
1751444628721,1600838827,-0.34572312,1.0094719,-0.17442417
1751444628721,1600838827,-0.34572312,1.0094719,-0.17442417
1751444628737,1600855494,0.50290996,0.69833213,-0.028169632
1751444628737,1600855494,0.50290996,0.69833213,-0.028169632
1751444628754,1600872161,0.4737451,0.53862786,0.28060246
1751444628754,1600872161,0.4737451,0.53862786,0.28060246
1751444628771,1600888828,0.58313906,0.49154523,0.15402889
1751444628771,1600888828,0.58313906,0.49154523,0.15402889
1751444628787,1600905495,0.88932586,0.31339422,0.145792
1751444628787,1600905495,0.88932586,0.31339422,0.145792
1751444628804,1600922162,0.87424856,0.36097813,0.2961588
1751444628804,1600922162,0.87424856,0.36097813,0.2961588
1751444628821,1600938829,1.0324426,0.41811204,0.31834507
1751444628821,1600938829,1.0324426,0.41811204,0.31834507
1751444628837,1600955496,0.7045164,0.60532874,0.33269978
1751444628837,1600955496,0.7045164,0.60532874,0.33269978
1751444628854,1600972163,0.77832085,0.5138504,0.21389008
1751444628854,1600972163,0.77832085,0.5138504,0.21389008
1751444628871,1600988830,0.7563285,0.32846412,0.13345528
1751444628871,1600988830,0.7563285,0.32846412,0.13345528
1751444628887,1601005497,0.5189595,0.39241397,-0.016519547
1751444628887,1601005497,0.5189595,0.39241397,-0.016519547
1751444628904,1601022164,0.48456132,0.4197454,-0.13299751
1751444628904,1601022164,0.48456132,0.4197454,-0.13299751
1751444628921,1601038831,0.38720044,0.45199963,-0.12591648
1751444628921,1601038831,0.38720044,0.45199963,-0.12591648
1751444628937,1601055498,0.45016402,0.35060096,-0.17738914
1751444628937,1601055498,0.45016402,0.35060096,-0.17738914
1751444628954,1601072165,0.50842136,0.2803436,-0.13942719
1751444628954,1601072165,0.50842136,0.2803436,-0.13942719
1751444628971,1601088832,0.5314409,0.36466753,-0.048998833
1751444628971,1601088832,0.5314409,0.36466753,-0.048998833
1751444628987,1601105499,0.6074729,0.32668263,0.02149582
1751444628987,1601105499,0.6074729,0.32668263,0.02149582
1751444629004,1601122166,0.64275086,0.32867077,0.052248955
1751444629004,1601122166,0.64275086,0.32867077,0.052248955
1751444629021,1601138833,0.6569336,0.13205649,-0.001077652
1751444629021,1601138833,0.6569336,0.13205649,-0.001077652
1751444629037,1601155500,0.30304065,0.27775732,-0.0673542
1751444629037,1601155500,0.30304065,0.27775732,-0.0673542
1751444629054,1601172167,0.10759735,0.25398692,-0.07330513
1751444629054,1601172167,0.10759735,0.25398692,-0.07330513
1751444629071,1601188834,0.102906704,0.29097798,-0.0013961792
1751444629071,1601188834,0.102906704,0.29097798,-0.0013961792
1751444629087,1601205501,0.16269195,0.2335459,0.14184284
1751444629087,1601205501,0.16269195,0.2335459,0.14184284
1751444629104,1601222168,0.04253228,0.3383585,0.17653847
1751444629104,1601222168,0.04253228,0.3383585,0.17653847
1751444629121,1601238835,0.37931222,0.31309393,0.12032223
1751444629121,1601238835,0.37931222,0.31309393,0.12032223
1751444629137,1601255502,0.10380165,0.29241094,0.4210682
1751444629137,1601255502,0.10380165,0.29241094,0.4210682
1751444629154,1601272169,0.3907905,0.3161954,0.8345566
1751444629154,1601272169,0.3907905,0.3161954,0.8345566
1751444629171,1601288836,0.41097194,0.010218901,1.7824287
1751444629171,1601288836,0.41097194,0.010218901,1.7824287
1751444629187,1601305503,0.089595616,-0.14597474,1.6581659
1751444629187,1601305503,0.089595616,-0.14597474,1.6581659
1751444629204,1601322170,0.6956358,-0.8001547,1.3289127
1751444629204,1601322170,0.6956358,-0.8001547,1.3289127
1751444629221,1601338837,0.18104415,-0.99119747,1.4507961
1751444629221,1601338837,0.18104415,-0.99119747,1.4507961
1751444629237,1601355504,-0.21910483,-0.6605562,1.1030293
1751444629237,1601355504,-0.21910483,-0.6605562,1.1030293
1751444629254,1601372171,-0.36922106,-0.75102824,0.76546764
1751444629254,1601372171,-0.36922106,-0.75102824,0.76546764
1751444629271,1601388838,-0.7722985,-0.70456,0.85889244
1751444629271,1601388838,-0.7722985,-0.70456,0.85889244
1751444629287,1601405505,-0.89843315,-0.8188435,1.3248854
1751444629287,1601405505,-0.89843315,-0.8188435,1.3248854
1751444629304,1601422172,-2.0257154,-0.6197602,1.8509827
1751444629304,1601422172,-2.0257154,-0.6197602,1.8509827
1751444629321,1601438839,-2.206979,-0.856349,2.2053823
1751444629321,1601438839,-2.206979,-0.856349,2.2053823
1751444629337,1601455506,-2.122204,-1.1722469,2.1963854
1751444629337,1601455506,-2.122204,-1.1722469,2.1963854
1751444629354,1601472173,-1.492772,-1.1749727,1.604003
1751444629354,1601472173,-1.492772,-1.1749727,1.604003
1751444629371,1601488840,-1.8611463,-0.50357795,0.74299717
1751444629371,1601488840,-1.8611463,-0.50357795,0.74299717
1751444629387,1601505507,-2.2028005,0.5921879,-0.25666046
1751444629387,1601505507,-2.2028005,0.5921879,-0.25666046
1751444629404,1601522174,-2.630632,2.1337879,-1.3814907
1751444629404,1601522174,-2.630632,2.1337879,-1.3814907
1751444629421,1601538841,-1.3181511,1.5019466,-1.3919191
1751444629421,1601538841,-1.3181511,1.5019466,-1.3919191
1751444629437,1601555508,-0.1373876,0.5405834,-0.80729485
1751444629437,1601555508,-0.1373876,0.5405834,-0.80729485
1751444629454,1601572175,-0.6384536,-0.023057764,-0.52752876
1751444629454,1601572175,-0.6384536,-0.023057764,-0.52752876
1751444629471,1601588842,-0.14042336,-1.5757875,-0.48352432
1751444629471,1601588842,-0.14042336,-1.5757875,-0.48352432
1751444629487,1601605509,2.1420846,1.3565193,-0.7144251
1751444629487,1601605509,2.1420846,1.3565193,-0.7144251
1751444629504,1601622176,-1.6779721,1.7278066,-2.1702065
1751444629504,1601622176,-1.6779721,1.7278066,-2.1702065
1751444629521,1601638843,-4.6285233,-0.22575557,-3.6676192
1751444629521,1601638843,-4.6285233,-0.22575557,-3.6676192
1751444629537,1601655510,-4.1800237,-0.61232084,-4.262618
1751444629537,1601655510,-4.1800237,-0.61232084,-4.262618
1751444629554,1601672177,-3.3974228,-0.44340432,-3.4318228
1751444629554,1601672177,-3.3974228,-0.44340432,-3.4318228
1751444629571,1601688844,-3.1320612,0.22648409,-2.4986358
1751444629571,1601688844,-3.1320612,0.22648409,-2.4986358
1751444629587,1601705511,-2.9330432,1.6862128,-2.2724738
1751444629587,1601705511,-2.9330432,1.6862128,-2.2724738
1751444629604,1601722178,-2.9708745,1.6924467,-2.1097994
1751444629604,1601722178,-2.9708745,1.6924467,-2.1097994
1751444629621,1601738845,-1.9637429,0.7378648,-1.647193
1751444629621,1601738845,-1.9637429,0.7378648,-1.647193
1751444629637,1601755512,-0.90847826,1.2172511,-1.4566956
1751444629637,1601755512,-0.90847826,1.2172511,-1.4566956
1751444629654,1601772179,-0.44588688,1.9309753,-0.68791866
1751444629654,1601772179,-0.44588688,1.9309753,-0.68791866
1751444629671,1601788846,0.59426194,1.8669834,-0.024564743
1751444629671,1601788846,0.59426194,1.8669834,-0.024564743
1751444629687,1601805513,2.2021463,2.0532427,-0.008626938
1751444629687,1601805513,2.2021463,2.0532427,-0.008626938
1751444629704,1601822180,3.4158053,1.9736995,0.6570387
1751444629704,1601822180,3.4158053,1.9736995,0.6570387
1751444629721,1601838847,5.3467402,2.0862508,1.5184059
1751444629721,1601838847,5.3467402,2.0862508,1.5184059
1751444629737,1601855514,7.7804136,2.191841,2.1831636
1751444629737,1601855514,7.7804136,2.191841,2.1831636
1751444629754,1601872181,9.96835,1.8322071,1.8530998
1751444629754,1601872181,9.96835,1.8322071,1.8530998
1751444629771,1601888848,10.828542,-0.6659986,1.3412514
1751444629771,1601888848,10.828542,-0.6659986,1.3412514
1751444629787,1601905515,9.9745455,-1.7157701,0.567029
1751444629787,1601905515,9.9745455,-1.7157701,0.567029
1751444629804,1601922182,7.6227064,-1.5624683,-0.39000702
1751444629804,1601922182,7.6227064,-1.5624683,-0.39000702
1751444629821,1601938849,4.4995613,-1.1814121,-0.8042078
1751444629821,1601938849,4.4995613,-1.1814121,-0.8042078
1751444629837,1601955516,2.5663872,0.42384908,-1.0078516
1751444629837,1601955516,2.5663872,0.42384908,-1.0078516
1751444629854,1601972183,-0.4295747,-4.103777,0.16265202
1751444629854,1601972183,-0.4295747,-4.103777,0.16265202
1751444629871,1601988850,4.7510033,-1.2525347,-0.6819668
1751444629871,1601988850,4.7510033,-1.2525347,-0.6819668
1751444629887,1602005517,4.391257,-3.2442129,0.6307249
1751444629887,1602005517,4.391257,-3.2442129,0.6307249
1751444629904,1602022184,0.3835317,-0.63008034,0.54631996
1751444629904,1602022184,0.3835317,-0.63008034,0.54631996
1751444629921,1602038851,2.6683135,1.40949,-1.5271139
1751444629921,1602038851,2.6683135,1.40949,-1.5271139
1751444629937,1602055518,0.376234,-0.6178298,1.105032
1751444629937,1602055518,0.376234,-0.6178298,1.105032
1751444629954,1602072185,-0.3555519,0.44993046,1.2283564
1751444629954,1602072185,-0.3555519,0.44993046,1.2283564
1751444629971,1602088852,-0.88432455,0.98151714,2.945015
1751444629971,1602088852,-0.88432455,0.98151714,2.945015
1751444629987,1602105519,-2.0355058,3.293327,4.761754
1751444629987,1602105519,-2.0355058,3.293327,4.761754
1751444630004,1602122186,-2.5597634,-1.4405155,1.222537
1751444630004,1602122186,-2.5597634,-1.4405155,1.222537
1751444630021,1602138853,-1.3563913,-2.4678955,-1.2485695
1751444630021,1602138853,-1.3563913,-2.4678955,-1.2485695
1751444630037,1602155520,1.5578276,0.9519609,-1.1076117
1751444630037,1602155520,1.5578276,0.9519609,-1.1076117
1751444630054,1602172187,1.7288463,1.8539344,0.29505444
1751444630054,1602172187,1.7288463,1.8539344,0.29505444
1751444630071,1602188854,-0.28811023,-0.7516738,0.0863018
1751444630071,1602188854,-0.28811023,-0.7516738,0.0863018
1751444630087,1602205521,0.048779022,-0.10475717,0.15252781
1751444630087,1602205521,0.048779022,-0.10475717,0.15252781
1751444630104,1602222188,0.6593351,0.39242718,0.11459255
1751444630104,1602222188,0.6593351,0.39242718,0.11459255
1751444630121,1602238855,0.6011526,0.24737486,0.060865402
1751444630121,1602238855,0.6011526,0.24737486,0.060865402
1751444630137,1602255522,0.96645683,0.3309618,-0.09749699
1751444630137,1602255522,0.96645683,0.3309618,-0.09749699
1751444630154,1602272189,0.51165646,0.073803194,-0.13263988
1751444630154,1602272189,0.51165646,0.073803194,-0.13263988
1751444630171,1602288856,-0.09807145,-0.5745825,-0.012475014
1751444630171,1602288856,-0.09807145,-0.5745825,-0.012475014
1751444630187,1602305523,-0.17661949,-0.09034394,0.2525072
1751444630187,1602305523,-0.17661949,-0.09034394,0.2525072
1751444630204,1602322190,0.4977884,-0.27180582,0.0074853897
1751444630204,1602322190,0.4977884,-0.27180582,0.0074853897
1751444630221,1602338857,0.40151533,-0.4037785,-0.05940628
1751444630221,1602338857,0.40151533,-0.4037785,-0.05940628
1751444630237,1602355524,0.59499705,-0.22506335,0.019179344
1751444630237,1602355524,0.59499705,-0.22506335,0.019179344
1751444630254,1602372191,0.65502304,-0.081865646,0.054411888
1751444630254,1602372191,0.65502304,-0.081865646,0.054411888
1751444630271,1602388858,0.8130311,0.13552149,0.07573795
1751444630271,1602388858,0.8130311,0.13552149,0.07573795
1751444630287,1602405525,0.6571567,-0.068258286,0.061170578
1751444630287,1602405525,0.6571567,-0.068258286,0.061170578
1751444630304,1602422192,0.57040125,-0.047576856,0.0040102005
1751444630304,1602422192,0.57040125,-0.047576856,0.0040102005
1751444630321,1602438859,0.3739479,-0.09718366,-0.011689186
1751444630321,1602438859,0.3739479,-0.09718366,-0.011689186
1751444630337,1602455526,0.47938478,0.033794265,0.028579712
1751444630337,1602455526,0.47938478,0.033794265,0.028579712
1751444630354,1602472193,0.5460017,0.15989725,0.00924015
1751444630354,1602472193,0.5460017,0.15989725,0.00924015
1751444630371,1602488860,0.5398296,0.13051023,-0.054959297
1751444630371,1602488860,0.5398296,0.13051023,-0.054959297
1751444630387,1602505527,0.56013376,0.114900745,-0.06815052
1751444630387,1602505527,0.56013376,0.114900745,-0.06815052
1751444630404,1602522194,0.35937196,-0.21211335,-0.012578964
1751444630404,1602522194,0.35937196,-0.21211335,-0.012578964
1751444630421,1602538861,0.3719593,-0.014895127,-0.015767097
1751444630421,1602538861,0.3719593,-0.014895127,-0.015767097
1751444630437,1602555528,0.48166773,-0.099043734,-0.017097473
1751444630437,1602555528,0.48166773,-0.099043734,-0.017097473
1751444630454,1602572195,0.61353815,0.04911362,0.09388828
1751444630454,1602572195,0.61353815,0.04911362,0.09388828
1751444630471,1602588862,0.403463,-0.16848294,0.091362
1751444630471,1602588862,0.403463,-0.16848294,0.091362
1751444630487,1602605529,0.51827043,-0.17565548,0.08459282
1751444630487,1602605529,0.51827043,-0.17565548,0.08459282
1751444630504,1602622196,0.4458889,-0.14297788,0.098944664
1751444630504,1602622196,0.4458889,-0.14297788,0.098944664
1751444630521,1602638863,0.5199162,-0.11557028,0.08692169
1751444630521,1602638863,0.5199162,-0.11557028,0.08692169
1751444630537,1602655530,0.47021627,-0.18474329,0.14584446
1751444630537,1602655530,0.47021627,-0.18474329,0.14584446
1751444630554,1602672197,0.3351979,-0.29679504,0.18415165
1751444630554,1602672197,0.3351979,-0.29679504,0.18415165
1751444630571,1602688864,0.40777233,-0.30922616,0.17587852
1751444630571,1602688864,0.40777233,-0.30922616,0.17587852
1751444630587,1602705531,0.25264117,-0.27904767,0.14180183
1751444630587,1602705531,0.25264117,-0.27904767,0.14180183
1751444630604,1602722198,0.25375763,-0.37009746,0.18855667
1751444630604,1602722198,0.25375763,-0.37009746,0.18855667
1751444630621,1602738865,0.46348184,0.030222528,0.1072588
1751444630621,1602738865,0.46348184,0.030222528,0.1072588
1751444630637,1602755532,0.49798217,-0.14137933,0.26739597
1751444630637,1602755532,0.49798217,-0.14137933,0.26739597
1751444630654,1602772199,0.9040685,0.34732303,0.21754837
1751444630654,1602772199,0.9040685,0.34732303,0.21754837
1751444630671,1602788866,1.2031397,0.4202629,0.17194366
1751444630671,1602788866,1.2031397,0.4202629,0.17194366
1751444630687,1602805533,0.9473375,0.31245995,0.26214123
1751444630687,1602805533,0.9473375,0.31245995,0.26214123
1751444630704,1602822200,0.2577882,-0.16663964,0.45757103
1751444630704,1602822200,0.2577882,-0.16663964,0.45757103
1751444630721,1602838867,0.044445552,-0.11961028,1.0706015
1751444630721,1602838867,0.044445552,-0.11961028,1.0706015
1751444630737,1602855534,-0.0424393,0.21871011,1.872426
1751444630737,1602855534,-0.0424393,0.21871011,1.872426
1751444630754,1602872201,-0.09918298,0.9317426,2.0733337
1751444630754,1602872201,-0.09918298,0.9317426,2.0733337
1751444630771,1602888868,-1.9761094,1.4665031,3.3020573
1751444630771,1602888868,-1.9761094,1.4665031,3.3020573
1751444630787,1602905535,1.2237437,2.1352487,1.8506908
1751444630787,1602905535,1.2237437,2.1352487,1.8506908
1751444630804,1602922202,2.0607157,0.64864445,0.373209
1751444630804,1602922202,2.0607157,0.64864445,0.373209
1751444630821,1602938869,3.050978,1.9437383,-0.064813614
1751444630821,1602938869,3.050978,1.9437383,-0.064813614
1751444630837,1602955536,3.5448942,2.463846,-0.7617388
1751444630837,1602955536,3.5448942,2.463846,-0.7617388
1751444630854,1602972203,2.859208,1.2574981,-0.4818163
1751444630854,1602972203,2.859208,1.2574981,-0.4818163
1751444630871,1602988870,3.6366096,1.1241014,-0.32540035
1751444630871,1602988870,3.6366096,1.1241014,-0.32540035
1751444630887,1603005537,4.8335643,0.9968643,-0.79689026
1751444630887,1603005537,4.8335643,0.9968643,-0.79689026
1751444630904,1603022204,5.270707,0.36620474,-0.9968147
1751444630904,1603022204,5.270707,0.36620474,-0.9968147
1751444630921,1603038871,6.1511426,0.2168916,-0.8058548
1751444630921,1603038871,6.1511426,0.2168916,-0.8058548
1751444630937,1603055538,10.190009,5.374227,-2.3232942
1751444630937,1603055538,10.190009,5.374227,-2.3232942
1751444630954,1603072205,5.1264744,2.4578285,-1.963409
1751444630954,1603072205,5.1264744,2.4578285,-1.963409
1751444630971,1603088872,2.2368217,1.9803219,-0.9603529
1751444630971,1603088872,2.2368217,1.9803219,-0.9603529
1751444630987,1603105539,1.9719782,2.5129664,-0.89685535
1751444630987,1603105539,1.9719782,2.5129664,-0.89685535
1751444631004,1603122206,2.1687827,2.8121555,-1.0049877
1751444631004,1603122206,2.1687827,2.8121555,-1.0049877
1751444631021,1603138873,2.8291624,2.942583,-1.5001068
1751444631021,1603138873,2.8291624,2.942583,-1.5001068
1751444631037,1603155540,2.8131585,3.1295252,-1.5362616
1751444631037,1603155540,2.8131585,3.1295252,-1.5362616
1751444631054,1603172207,2.986337,2.4882517,-1.5998974
1751444631054,1603172207,2.986337,2.4882517,-1.5998974
1751444631071,1603188874,4.5207744,2.068765,-1.8709855
1751444631071,1603188874,4.5207744,2.068765,-1.8709855
1751444631087,1603205541,5.2074413,1.6485555,-1.8182425
1751444631087,1603205541,5.2074413,1.6485555,-1.8182425
1751444631104,1603222208,5.0835953,0.6979819,-1.6574755
1751444631104,1603222208,5.0835953,0.6979819,-1.6574755
1751444631121,1603238875,5.7166414,-0.11140064,-1.4793577
1751444631121,1603238875,5.7166414,-0.11140064,-1.4793577
1751444631137,1603255542,6.1182704,-1.0059563,-1.2996359
1751444631137,1603255542,6.1182704,-1.0059563,-1.2996359
1751444631154,1603272209,5.899705,-1.9652736,-1.1721487
1751444631154,1603272209,5.899705,-1.9652736,-1.1721487
1751444631171,1603288876,5.494598,-2.748833,-0.833519
1751444631171,1603288876,5.494598,-2.748833,-0.833519
1751444631187,1603305543,4.7727284,-3.0954878,-0.103289604
1751444631187,1603305543,4.7727284,-3.0954878,-0.103289604
1751444631204,1603322210,3.5746207,-3.0362725,0.63785744
1751444631204,1603322210,3.5746207,-3.0362725,0.63785744
1751444631221,1603338877,2.0944483,-3.0123155,1.2672434
1751444631221,1603338877,2.0944483,-3.0123155,1.2672434
1751444631237,1603355544,1.1916727,-3.2920303,1.7340508
1751444631237,1603355544,1.1916727,-3.2920303,1.7340508
1751444631254,1603372211,0.22158793,-3.5029473,2.2222834
1751444631254,1603372211,0.22158793,-3.5029473,2.2222834
1751444631271,1603388878,-0.87251747,-3.839742,2.3901234
1751444631271,1603388878,-0.87251747,-3.839742,2.3901234
1751444631287,1603405545,-1.3038987,-4.0811687,2.2266817
1751444631287,1603405545,-1.3038987,-4.0811687,2.2266817
1751444631304,1603422212,-2.1704543,-3.4640923,2.2020988
1751444631304,1603422212,-2.1704543,-3.4640923,2.2020988
1751444631321,1603438879,-4.104619,-1.7249333,2.1402035
1751444631321,1603438879,-4.104619,-1.7249333,2.1402035
1751444631337,1603455546,-3.5132864,-1.8259028,1.9302139
1751444631337,1603455546,-3.5132864,-1.8259028,1.9302139
1751444631354,1603472213,-3.8278418,-2.128867,1.6549959
1751444631354,1603472213,-3.8278418,-2.128867,1.6549959
1751444631371,1603488880,-4.334978,-2.3113205,1.2904224
1751444631371,1603488880,-4.334978,-2.3113205,1.2904224
1751444631387,1603505547,-4.698517,-2.2179394,0.60233593
1751444631387,1603505547,-4.698517,-2.2179394,0.60233593
1751444631404,1603522214,-6.16773,-2.1138113,-0.61075497
1751444631404,1603522214,-6.16773,-2.1138113,-0.61075497
1751444631421,1603538881,-6.2414546,-1.7052648,-0.7899065
1751444631421,1603538881,-6.2414546,-1.7052648,-0.7899065
1751444631437,1603555548,-6.174707,-1.4317455,-1.1740751
1751444631437,1603555548,-6.174707,-1.4317455,-1.1740751
1751444631454,1603572215,-6.546782,-1.1611341,-1.7905035
1751444631454,1603572215,-6.546782,-1.1611341,-1.7905035
1751444631471,1603588882,-7.147609,-0.717353,-2.4613967
1751444631471,1603588882,-7.147609,-0.717353,-2.4613967
1751444631487,1603605549,-7.210724,-0.79874647,-2.745565
1751444631487,1603605549,-7.210724,-0.79874647,-2.745565
1751444631504,1603622216,-7.294011,-1.0473958,-2.9092422
1751444631504,1603622216,-7.294011,-1.0473958,-2.9092422
1751444631521,1603638883,-6.956966,-0.7794938,-2.655188
1751444631521,1603638883,-6.956966,-0.7794938,-2.655188
1751444631537,1603655550,-6.425207,-0.2112602,-2.4087806
1751444631537,1603655550,-6.425207,-0.2112602,-2.4087806
1751444631554,1603672217,-6.3892007,-0.124345176,-2.488968
1751444631554,1603672217,-6.3892007,-0.124345176,-2.488968
1751444631571,1603688884,-6.4803247,-0.08744822,-2.3347044
1751444631571,1603688884,-6.4803247,-0.08744822,-2.3347044
1751444631587,1603705551,-5.9076695,0.30294454,-2.0529976
1751444631587,1603705551,-5.9076695,0.30294454,-2.0529976
1751444631604,1603722218,0.3028587,6.3337073,1.3105478
1751444631604,1603722218,0.3028587,6.3337073,1.3105478
1751444631621,1603738885,17.165638,-1.64139,12.681324
1751444631621,1603738885,17.165638,-1.64139,12.681324
1751444631637,1603755552,-7.9611826,-7.354456,-2.3811588
1751444631637,1603755552,-7.9611826,-7.354456,-2.3811588
1751444631654,1603772219,-12.752732,2.2363753,-1.4095926
1751444631654,1603772219,-12.752732,2.2363753,-1.4095926
1751444631671,1603788886,6.5919766,-2.381801,6.3577194
1751444631671,1603788886,6.5919766,-2.381801,6.3577194
1751444631687,1603805553,-5.835575,4.6867733,-4.9231973
1751444631687,1603805553,-5.835575,4.6867733,-4.9231973
1751444631704,1603822220,-5.5939913,4.113334,2.109972
1751444631704,1603822220,-5.5939913,4.113334,2.109972
1751444631721,1603838887,1.1799788,-1.1353122,0.48285484
1751444631721,1603838887,1.1799788,-1.1353122,0.48285484
1751444631737,1603855554,0.12990527,-1.2600347,-2.0886612
1751444631737,1603855554,0.12990527,-1.2600347,-2.0886612
1751444631754,1603872221,0.35801494,-1.0045257,0.6322746
1751444631754,1603872221,0.35801494,-1.0045257,0.6322746
1751444631771,1603888888,0.08429639,-0.7145291,-0.1335764
1751444631771,1603888888,0.08429639,-0.7145291,-0.1335764
1751444631787,1603905555,-1.4263917,0.6147088,-0.22523117
1751444631787,1603905555,-1.4263917,0.6147088,-0.22523117
1751444631804,1603922222,-1.9130684,1.9265887,0.9710274
1751444631804,1603922222,-1.9130684,1.9265887,0.9710274
1751444631821,1603938889,-0.88589627,0.593983,0.61613846
1751444631821,1603938889,-0.88589627,0.593983,0.61613846
1751444631837,1603955556,0.86021185,-1.3637763,0.13709736
1751444631837,1603955556,0.86021185,-1.3637763,0.13709736
1751444631854,1603972223,-0.26540342,-0.39966777,-0.08767128
1751444631854,1603972223,-0.26540342,-0.39966777,-0.08767128
1751444631871,1603988890,-0.7932205,0.4405632,0.30351448
1751444631871,1603988890,-0.7932205,0.4405632,0.30351448
1751444631887,1604005557,-0.37497276,-0.016566388,0.34557724
1751444631887,1604005557,-0.37497276,-0.016566388,0.34557724
1751444631904,1604022224,0.04651546,-0.38833705,0.1286745
1751444631904,1604022224,0.04651546,-0.38833705,0.1286745
1751444631921,1604038891,0.051943015,-0.33112714,0.25085258
1751444631921,1604038891,0.051943015,-0.33112714,0.25085258
1751444631937,1604055558,-0.22873212,-0.04796767,0.16898727
1751444631937,1604055558,-0.22873212,-0.04796767,0.16898727
1751444631954,1604072225,-0.26868677,-0.08800554,-0.05398655
1751444631954,1604072225,-0.26868677,-0.08800554,-0.05398655
1751444631971,1604088892,-0.2710844,-0.06283832,-0.04098606
1751444631971,1604088892,-0.2710844,-0.06283832,-0.04098606
1751444631987,1604105559,-0.2644525,0.053042587,0.15280533
1751444631987,1604105559,-0.2644525,0.053042587,0.15280533
1751444632004,1604122226,-0.19763356,-0.039471716,0.061361313
1751444632004,1604122226,-0.19763356,-0.039471716,0.061361313
1751444632021,1604138893,-0.23346789,-0.079976454,0.010759354
1751444632021,1604138893,-0.23346789,-0.079976454,0.010759354
1751444632037,1604155560,-0.23212917,-0.09048386,0.10347366
1751444632037,1604155560,-0.23212917,-0.09048386,0.10347366
1751444632054,1604172227,-0.100855224,-0.016576223,0.23033714
1751444632054,1604172227,-0.100855224,-0.016576223,0.23033714
1751444632071,1604188894,-0.2655282,0.07019503,0.01406765
1751444632071,1604188894,-0.2655282,0.07019503,0.01406765
1751444632087,1604205561,-0.062480237,0.07042642,0.063378334
1751444632087,1604205561,-0.062480237,0.07042642,0.063378334
1751444632104,1604222228,-0.013268554,0.038059115,0.00062179565
1751444632104,1604222228,-0.013268554,0.038059115,0.00062179565
1751444632121,1604238895,0.0789493,0.16357914,0.30660152
1751444632121,1604238895,0.0789493,0.16357914,0.30660152
1751444632137,1604255562,0.22478998,0.07178778,0.4454136
1751444632137,1604255562,0.22478998,0.07178778,0.4454136
1751444632154,1604272229,0.1630333,0.31222138,0.6614208
1751444632154,1604272229,0.1630333,0.31222138,0.6614208
1751444632171,1604288896,0.28021964,0.5553326,1.0571413
1751444632171,1604288896,0.28021964,0.5553326,1.0571413
1751444632187,1604305563,0.024239225,0.38691568,1.4763765
1751444632187,1604305563,0.024239225,0.38691568,1.4763765
1751444632204,1604322230,1.7026849,0.9383646,1.4726543
1751444632204,1604322230,1.7026849,0.9383646,1.4726543
1751444632221,1604338897,0.1096369,0.62736756,0.9176626
1751444632221,1604338897,0.1096369,0.62736756,0.9176626
1751444632237,1604355564,1.1727371,0.91644806,1.8623333
1751444632237,1604355564,1.1727371,0.91644806,1.8623333
1751444632254,1604372231,2.1918242,1.5803663,3.5886278
1751444632254,1604372231,2.1918242,1.5803663,3.5886278
1751444632271,1604388898,3.7245324,1.0723085,4.256322
1751444632271,1604388898,3.7245324,1.0723085,4.256322
1751444632287,1604405565,2.3436203,2.582435,2.8792238
1751444632287,1604405565,2.3436203,2.582435,2.8792238
1751444632304,1604422232,4.036661,3.0494254,3.07409
1751444632304,1604422232,4.036661,3.0494254,3.07409
1751444632321,1604438899,3.8510175,5.853624,3.8633528
1751444632321,1604438899,3.8510175,5.853624,3.8633528
1751444632337,1604455566,6.7894096,6.2128363,3.6240997
1751444632337,1604455566,6.7894096,6.2128363,3.6240997
1751444632354,1604472233,11.135336,3.2253778,0.66224
1751444632354,1604472233,11.135336,3.2253778,0.66224
1751444632371,1604488900,8.012913,2.6528566,-0.51600266
1751444632371,1604488900,8.012913,2.6528566,-0.51600266
1751444632387,1604505567,8.463134,-2.436891,-2.4727125
1751444632387,1604505567,8.463134,-2.436891,-2.4727125
1751444632404,1604522234,6.9481297,-7.2749624,-4.1973767
1751444632404,1604522234,6.9481297,-7.2749624,-4.1973767
1751444632421,1604538901,3.1011136,-5.6546965,-1.7417393
1751444632421,1604538901,3.1011136,-5.6546965,-1.7417393
1751444632437,1604555568,4.4837112,1.3304514,1.668766
1751444632437,1604555568,4.4837112,1.3304514,1.668766
1751444632454,1604572235,3.3609478,4.046436,1.4614716
1751444632454,1604572235,3.3609478,4.046436,1.4614716
1751444632471,1604588902,8.381929,-1.0958925,-6.353072
1751444632471,1604588902,8.381929,-1.0958925,-6.353072
1751444632487,1604605569,7.1081853,-1.446701,-9.970025
1751444632487,1604605569,7.1081853,-1.446701,-9.970025
1751444632504,1604622236,2.6933937,0.9183935,-6.8461547
1751444632504,1604622236,2.6933937,0.9183935,-6.8461547
1751444632521,1604638903,3.971359,0.6930943,-6.078717
1751444632521,1604638903,3.971359,0.6930943,-6.078717
1751444632537,1604655570,5.4798408,-0.25896895,-6.348302
1751444632537,1604655570,5.4798408,-0.25896895,-6.348302
1751444632554,1604672237,5.275805,-0.06132243,-5.2495246
1751444632554,1604672237,5.275805,-0.06132243,-5.2495246
1751444632571,1604688904,4.959486,0.27854487,-4.2709527
1751444632571,1604688904,4.959486,0.27854487,-4.2709527
1751444632587,1604705571,4.6641607,0.19974051,-3.5676904
1751444632587,1604705571,4.6641607,0.19974051,-3.5676904
1751444632604,1604722238,3.274867,0.33605653,-1.3096657
1751444632604,1604722238,3.274867,0.33605653,-1.3096657
1751444632621,1604738905,1.4288183,1.1962143,1.7125778
1751444632621,1604738905,1.4288183,1.1962143,1.7125778
1751444632637,1604755572,-0.18902536,0.39446482,3.5616922
1751444632637,1604755572,-0.18902536,0.39446482,3.5616922
1751444632654,1604772239,0.15058917,-0.578454,4.098712
1751444632654,1604772239,0.15058917,-0.578454,4.098712
1751444632671,1604788906,-1.3230611,-0.26439548,4.4693584
1751444632671,1604788906,-1.3230611,-0.26439548,4.4693584
1751444632687,1604805573,-2.9770517,-0.85602623,4.467391
1751444632687,1604805573,-2.9770517,-0.85602623,4.467391
1751444632704,1604822240,-3.5272624,-1.7146939,5.056472
1751444632704,1604822240,-3.5272624,-1.7146939,5.056472
1751444632721,1604838907,-4.32863,-1.5114123,5.005968
1751444632721,1604838907,-4.32863,-1.5114123,5.005968
1751444632737,1604855574,-6.1054406,-1.1479315,3.7636175
1751444632737,1604855574,-6.1054406,-1.1479315,3.7636175
1751444632754,1604872241,-6.921652,-1.4084532,3.2773685
1751444632754,1604872241,-6.921652,-1.4084532,3.2773685
1751444632771,1604888908,-7.672801,-1.8915186,2.796255
1751444632771,1604888908,-7.672801,-1.8915186,2.796255
1751444632787,1604905575,-10.122645,-2.3550262,0.33055687
1751444632787,1604905575,-10.122645,-2.3550262,0.33055687
1751444632804,1604922242,-13.216031,-2.7272744,-4.2117205
1751444632804,1604922242,-13.216031,-2.7272744,-4.2117205
1751444632821,1604938909,-16.718494,-2.7917237,-8.870514
1751444632821,1604938909,-16.718494,-2.7917237,-8.870514
1751444632837,1604955576,-12.348378,-3.799613,-6.097495
1751444632837,1604955576,-12.348378,-3.799613,-6.097495
1751444632854,1604972243,-6.392097,-5.2064686,-2.7352395
1751444632854,1604972243,-6.392097,-5.2064686,-2.7352395
1751444632871,1604988910,-5.924263,-3.9141057,-2.5519767
1751444632871,1604988910,-5.924263,-3.9141057,-2.5519767
1751444632887,1605005577,-5.9722176,-2.7261424,-1.8849969
1751444632887,1605005577,-5.9722176,-2.7261424,-1.8849969
1751444632904,1605022244,-1.9597875,-3.042796,0.13328457
1751444632904,1605022244,-1.9597875,-3.042796,0.13328457
1751444632921,1605038911,6.8384824,2.5032268,3.8467283
1751444632921,1605038911,6.8384824,2.5032268,3.8467283
1751444632937,1605055578,5.631172,-2.6314735,9.485819
1751444632937,1605055578,5.631172,-2.6314735,9.485819
1751444632954,1605072245,-14.451965,0.42945912,-2.8459597
1751444632954,1605072245,-14.451965,0.42945912,-2.8459597
1751444632971,1605088912,-3.8171535,5.2238803,3.1146288
1751444632971,1605088912,-3.8171535,5.2238803,3.1146288
1751444632987,1605105579,-6.1693163,5.0813313,-3.2309604
1751444632987,1605105579,-6.1693163,5.0813313,-3.2309604
1751444633004,1605122246,-6.027852,5.149166,2.2441006
1751444633004,1605122246,-6.027852,5.149166,2.2441006
1751444633021,1605138913,-0.10482109,0.20510985,1.3652706
1751444633021,1605138913,-0.10482109,0.20510985,1.3652706
1751444633037,1605155580,2.2278416,-2.726425,-2.0474792
1751444633037,1605155580,2.2278416,-2.726425,-2.0474792
1751444633054,1605172247,1.1578304,-1.9999881,-0.015913963
1751444633054,1605172247,1.1578304,-1.9999881,-0.015913963
1751444633071,1605188914,-1.5790738,0.11168914,0.38771343
1751444633071,1605188914,-1.5790738,0.11168914,0.38771343
1751444633087,1605205581,-1.61007,0.6419648,1.0294542
1751444633087,1605205581,-1.61007,0.6419648,1.0294542
1751444633104,1605222248,-1.1977104,0.68518883,0.5350113
1751444633104,1605222248,-1.1977104,0.68518883,0.5350113
1751444633121,1605238915,-0.707315,0.63211656,0.6261711
1751444633121,1605238915,-0.707315,0.63211656,0.6261711
1751444633137,1605255582,0.09945583,-0.34384584,-0.043393135
1751444633137,1605255582,0.09945583,-0.34384584,-0.043393135
1751444633154,1605272249,0.31933635,-0.8055744,-0.0025501251
1751444633154,1605272249,0.31933635,-0.8055744,-0.0025501251
1751444633171,1605288916,-0.3109644,-0.22336353,0.21535015
1751444633171,1605288916,-0.3109644,-0.22336353,0.21535015
1751444633187,1605305583,-0.3374306,0.24851054,0.35296345
1751444633187,1605305583,-0.3374306,0.24851054,0.35296345
1751444633204,1605322250,-0.036610052,-0.047634467,0.23285484
1751444633204,1605322250,-0.036610052,-0.047634467,0.23285484
1751444633221,1605338917,0.07424267,-0.25454906,0.22417831
1751444633221,1605338917,0.07424267,-0.25454906,0.22417831
1751444633237,1605355584,-0.061072875,-0.15171461,0.31507397
1751444633237,1605355584,-0.061072875,-0.15171461,0.31507397
1751444633254,1605372251,-0.1166809,0.026432699,0.2589016
1751444633254,1605372251,-0.1166809,0.026432699,0.2589016
1751444633271,1605388918,-0.18496524,0.27279025,0.17159843
1751444633271,1605388918,-0.18496524,0.27279025,0.17159843
1751444633287,1605405585,0.075740464,0.09419563,0.19823933
1751444633287,1605405585,0.075740464,0.09419563,0.19823933
1751444633304,1605422252,0.011106275,0.02999622,0.22111797
1751444633304,1605422252,0.011106275,0.02999622,0.22111797
1751444633321,1605438919,-0.0083613265,-0.0818705,0.24810219
1751444633321,1605438919,-0.0083613265,-0.0818705,0.24810219
1751444633337,1605455586,-0.10901937,-0.07305024,0.22875595
1751444633337,1605455586,-0.10901937,-0.07305024,0.22875595
1751444633354,1605472253,-0.24486034,-0.02961664,0.16035175
1751444633354,1605472253,-0.24486034,-0.02961664,0.16035175
1751444633371,1605488920,-0.25716516,0.111619405,0.172863
1751444633371,1605488920,-0.25716516,0.111619405,0.172863
1751444633387,1605505587,-0.19758925,0.27425772,0.32674217
1751444633387,1605505587,-0.19758925,0.27425772,0.32674217
1751444633404,1605522254,-0.059305113,0.39587334,0.5328045
1751444633404,1605522254,-0.059305113,0.39587334,0.5328045
1751444633421,1605538921,0.26006943,0.37677902,0.71921444
1751444633421,1605538921,0.26006943,0.37677902,0.71921444
1751444633437,1605555588,0.25871766,0.46159226,0.77052975
1751444633437,1605555588,0.25871766,0.46159226,0.77052975
1751444633454,1605572255,0.62193,0.43643156,0.83508396
1751444633454,1605572255,0.62193,0.43643156,0.83508396
1751444633471,1605588922,0.71175855,0.4404017,0.7576523
1751444633471,1605588922,0.71175855,0.4404017,0.7576523
1751444633487,1605605589,0.7332958,0.40031466,0.8283634
1751444633487,1605605589,0.7332958,0.40031466,0.8283634
1751444633504,1605622256,0.6236131,0.5279828,0.8022642
1751444633504,1605622256,0.6236131,0.5279828,0.8022642
1751444633521,1605638923,0.64891696,0.5237159,0.703166
1751444633521,1605638923,0.64891696,0.5237159,0.703166
1751444633537,1605655590,0.5508959,0.5274826,0.66574574
1751444633537,1605655590,0.5508959,0.5274826,0.66574574
1751444633554,1605672257,0.7838536,0.5411442,0.6735239
1751444633554,1605672257,0.7838536,0.5411442,0.6735239
1751444633571,1605688924,0.9843029,0.52609885,0.8217964
1751444633571,1605688924,0.9843029,0.52609885,0.8217964
1751444633587,1605705591,1.6222315,0.86903113,1.3144894
1751444633587,1605705591,1.6222315,0.86903113,1.3144894
1751444633604,1605722258,2.8148699,1.5798451,2.74222
1751444633604,1605722258,2.8148699,1.5798451,2.74222
1751444633621,1605738925,4.3436823,1.5318328,2.852067
1751444633621,1605738925,4.3436823,1.5318328,2.852067
1751444633637,1605755592,3.9473171,3.4572506,2.2521887
1751444633637,1605755592,3.9473171,3.4572506,2.2521887
1751444633654,1605772259,3.4899294,4.5390472,2.3021803
1751444633654,1605772259,3.4899294,4.5390472,2.3021803
1751444633671,1605788926,5.0787215,6.444624,2.4052534
1751444633671,1605788926,5.0787215,6.444624,2.4052534
1751444633687,1605805593,8.260761,4.4403605,1.5886297
1751444633687,1605805593,8.260761,4.4403605,1.5886297
1751444633704,1605822260,12.385055,-0.17978299,-2.5010262
1751444633704,1605822260,12.385055,-0.17978299,-2.5010262
1751444633721,1605838927,8.970191,-0.85356146,-3.0259929
1751444633721,1605838927,8.970191,-0.85356146,-3.0259929
1751444633737,1605855594,3.7327228,-1.9215543,-0.98580647
1751444633737,1605855594,3.7327228,-1.9215543,-0.98580647
1751444633754,1605872261,1.905449,-1.1888456,2.4075575
1751444633754,1605872261,1.905449,-1.1888456,2.4075575
1751444633771,1605888928,7.1723495,-1.2202141,2.0749779
1751444633771,1605888928,7.1723495,-1.2202141,2.0749779
1751444633787,1605905595,8.402925,-3.6940885,-0.13928413
1751444633787,1605905595,8.402925,-3.6940885,-0.13928413
1751444633804,1605922262,7.408204,-2.3181174,-3.916586
1751444633804,1605922262,7.408204,-2.3181174,-3.916586
1751444633821,1605938929,8.518163,-0.7375372,-9.137124
1751444633821,1605938929,8.518163,-0.7375372,-9.137124
1751444633837,1605955596,5.009028,3.556519,-8.336458
1751444633837,1605955596,5.009028,3.556519,-8.336458
1751444633854,1605972263,2.250741,4.5500593,-6.1734695
1751444633854,1605972263,2.250741,4.5500593,-6.1734695
1751444633871,1605988930,1.9640584,1.7450048,-6.0265856
1751444633871,1605988930,1.9640584,1.7450048,-6.0265856
1751444633887,1606005597,6.1221943,0.06180167,-7.234109
1751444633887,1606005597,6.1221943,0.06180167,-7.234109
1751444633904,1606022264,6.4970064,0.91148454,-5.1688943
1751444633904,1606022264,6.4970064,0.91148454,-5.1688943
1751444633921,1606038931,5.896791,1.1797493,-3.9033995
1751444633921,1606038931,5.896791,1.1797493,-3.9033995
1751444633937,1606055598,4.9826984,1.1282812,-2.7897263
1751444633937,1606055598,4.9826984,1.1282812,-2.7897263
1751444633954,1606072265,3.3370466,1.2217939,-0.23317242
1751444633954,1606072265,3.3370466,1.2217939,-0.23317242
1751444633971,1606088932,1.7142401,0.954673,2.6422386
1751444633971,1606088932,1.7142401,0.954673,2.6422386
1751444633987,1606105599,1.5435231,0.100478016,3.9547396
1751444633987,1606105599,1.5435231,0.100478016,3.9547396
1751444634004,1606122266,0.81208193,-0.9109295,4.4879713
1751444634004,1606122266,0.81208193,-0.9109295,4.4879713
1751444634021,1606138933,-1.3192463,-1.1677675,5.0945406
1751444634021,1606138933,-1.3192463,-1.1677675,5.0945406
1751444634037,1606155600,-1.1996636,-1.8717073,5.8461246
1751444634037,1606155600,-1.1996636,-1.8717073,5.8461246
1751444634054,1606172267,-1.4443896,-2.7442944,6.6461334
1751444634054,1606172267,-1.4443896,-2.7442944,6.6461334
1751444634071,1606188934,-3.533497,-3.5105445,6.7738
1751444634071,1606188934,-3.533497,-3.5105445,6.7738
1751444634087,1606205601,-6.5445843,-4.1932464,5.8574896
1751444634087,1606205601,-6.5445843,-4.1932464,5.8574896
1751444634104,1606222268,-8.715005,-1.7467102,4.089632
1751444634104,1606222268,-8.715005,-1.7467102,4.089632
1751444634121,1606238935,-15.037789,-2.392603,-1.341711
1751444634121,1606238935,-15.037789,-2.392603,-1.341711
1751444634137,1606255602,-18.302353,-5.515771,-7.371262
1751444634137,1606255602,-18.302353,-5.515771,-7.371262
1751444634154,1606272269,-19.78554,-1.9270308,-8.829057
1751444634154,1606272269,-19.78554,-1.9270308,-8.829057
1751444634171,1606288936,-11.4941635,-4.1667295,-4.6387305
1751444634171,1606288936,-11.4941635,-4.1667295,-4.6387305
1751444634187,1606305603,-8.464927,-4.0589848,-2.7991848
1751444634187,1606305603,-8.464927,-4.0589848,-2.7991848
1751444634204,1606322270,-7.558107,0.99148536,-1.6934032
1751444634204,1606322270,-7.558107,0.99148536,-1.6934032
1751444634221,1606338937,-6.7920947,-2.690843,3.7172794
1751444634221,1606338937,-6.7920947,-2.690843,3.7172794
1751444634237,1606355604,7.617113,-11.689749,11.117434
1751444634237,1606355604,7.617113,-11.689749,11.117434
1751444634254,1606372271,-14.214176,4.9711175,-2.4203982
1751444634254,1606372271,-14.214176,4.9711175,-2.4203982
1751444634271,1606388938,-5.6093407,7.0456104,0.8438301
1751444634271,1606388938,-5.6093407,7.0456104,0.8438301
1751444634287,1606405605,-6.6150904,3.8287518,-1.2272224
1751444634287,1606405605,-6.6150904,3.8287518,-1.2272224
1751444634304,1606422272,-0.1476873,-0.52079254,2.577629
1751444634304,1606422272,-0.1476873,-0.52079254,2.577629
1751444634321,1606438939,0.50206447,-1.111839,-2.0216637
1751444634321,1606438939,0.50206447,-1.111839,-2.0216637
1751444634337,1606455606,1.1630388,-1.9097763,-0.12551022
1751444634337,1606455606,1.1630388,-1.9097763,-0.12551022
1751444634354,1606472273,-0.80163825,-0.67437327,0.4276085
1751444634354,1606472273,-0.80163825,-0.67437327,0.4276085
1751444634371,1606488940,-1.8026708,0.89395875,0.48570633
1751444634371,1606488940,-1.8026708,0.89395875,0.48570633
1751444634387,1606505607,-1.0708334,0.4077529,-0.09320259
1751444634387,1606505607,-1.0708334,0.4077529,-0.09320259
1751444634404,1606522274,-0.691808,0.6374401,1.2334776
1751444634404,1606522274,-0.691808,0.6374401,1.2334776
1751444634421,1606538941,0.58435005,-0.46497142,0.55911255
1751444634421,1606538941,0.58435005,-0.46497142,0.55911255
1751444634437,1606555608,0.2725949,-0.6322615,-0.81996155
1751444634437,1606555608,0.2725949,-0.6322615,-0.81996155
1751444634454,1606572275,0.24550328,-0.27681068,0.0149383545
1751444634454,1606572275,0.24550328,-0.27681068,0.0149383545
1751444634471,1606588942,0.48554265,-0.36637366,0.3489952
1751444634471,1606588942,0.48554265,-0.36637366,0.3489952
1751444634487,1606605609,0.60621876,-0.325178,0.18028927
1751444634487,1606605609,0.60621876,-0.325178,0.18028927
1751444634504,1606622276,0.41215795,-0.26303682,0.25589657
1751444634504,1606622276,0.41215795,-0.26303682,0.25589657
1751444634521,1606638943,0.04778299,0.011091216,0.5363493
1751444634521,1606638943,0.04778299,0.011091216,0.5363493
1751444634537,1606655610,-0.24127385,0.23511519,0.72344303
1751444634537,1606655610,-0.24127385,0.23511519,0.72344303
1751444634554,1606672277,-0.2713598,0.2637074,0.5227051
1751444634554,1606672277,-0.2713598,0.2637074,0.5227051
1751444634571,1606688944,0.06299291,0.014349699,0.32388306
1751444634571,1606688944,0.06299291,0.014349699,0.32388306
1751444634587,1606705611,0.100958064,0.030821543,0.45788288
1751444634587,1606705611,0.100958064,0.030821543,0.45788288
1751444634604,1606722278,-0.09513572,0.14475615,0.51014996
1751444634604,1606722278,-0.09513572,0.14475615,0.51014996
1751444634621,1606738945,0.009515002,-0.2592639,0.5994768
1751444634621,1606738945,0.009515002,-0.2592639,0.5994768
1751444634637,1606755612,-0.20400843,0.03437808,0.08055973
1751444634637,1606755612,-0.20400843,0.03437808,0.08055973
1751444634654,1606772279,-0.13662012,0.43461066,-0.22040272
1751444634654,1606772279,-0.13662012,0.43461066,-0.22040272
1751444634671,1606788946,-0.13738048,-0.29371077,-0.78022194
1751444634671,1606788946,-0.13738048,-0.29371077,-0.78022194
1751444634687,1606805613,0.07702078,-0.4678735,-0.6689606
1751444634687,1606805613,0.07702078,-0.4678735,-0.6689606
1751444634704,1606822280,0.28827423,-0.60533565,-0.44026947
1751444634704,1606822280,0.28827423,-0.60533565,-0.44026947
1751444634721,1606838947,0.40827703,-0.5048703,-0.17794228
1751444634721,1606838947,0.40827703,-0.5048703,-0.17794228
1751444634737,1606855614,0.33225852,-0.15839726,0.121515274
1751444634737,1606855614,0.33225852,-0.15839726,0.121515274
1751444634754,1606872281,0.24925302,0.24372545,0.39217472
1751444634754,1606872281,0.24925302,0.24372545,0.39217472
1751444634771,1606888948,0.21975978,0.66225827,0.6363659
1751444634771,1606888948,0.21975978,0.66225827,0.6363659
1751444634787,1606905615,0.23645866,0.8407062,0.7417269
1751444634787,1606905615,0.23645866,0.8407062,0.7417269
1751444634804,1606922282,0.16000694,0.8535389,0.7441282
1751444634804,1606922282,0.16000694,0.8535389,0.7441282
1751444634821,1606938949,0.52348983,0.37063733,0.8386612
1751444634821,1606938949,0.52348983,0.37063733,0.8386612
1751444634837,1606955616,0.81278944,-0.080257244,0.98338604
1751444634837,1606955616,0.81278944,-0.080257244,0.98338604
1751444634854,1606972283,0.75584435,0.061024513,0.98182774
1751444634854,1606972283,0.75584435,0.061024513,0.98182774
1751444634871,1606988950,0.68806773,0.30450678,0.9653902
1751444634871,1606988950,0.68806773,0.30450678,0.9653902
1751444634887,1607005617,0.76355726,0.79202443,1.0520096
1751444634887,1607005617,0.76355726,0.79202443,1.0520096
1751444634904,1607022284,1.3546814,1.3889992,1.9598722
1751444634904,1607022284,1.3546814,1.3889992,1.9598722
1751444634921,1607038951,2.6169002,1.0752727,3.519909
1751444634921,1607038951,2.6169002,1.0752727,3.519909
1751444634937,1607055618,2.8490655,1.6184963,3.2315426
1751444634937,1607055618,2.8490655,1.6184963,3.2315426
1751444634954,1607072285,3.009169,1.5376973,2.301714
1751444634954,1607072285,3.009169,1.5376973,2.301714
1751444634971,1607088952,2.5918703,2.6397362,1.6369162
1751444634971,1607088952,2.5918703,2.6397362,1.6369162
1751444634987,1607105619,2.3645132,3.1601033,0.84959316
1751444634987,1607105619,2.3645132,3.1601033,0.84959316
1751444635004,1607122286,4.6939445,3.1447492,0.0960474
1751444635004,1607122286,4.6939445,3.1447492,0.0960474
1751444635021,1607138953,5.744726,2.1253977,-0.6928711
1751444635021,1607138953,5.744726,2.1253977,-0.6928711
1751444635037,1607155620,6.464929,1.0496101,-1.131876
1751444635037,1607155620,6.464929,1.0496101,-1.131876
1751444635054,1607172287,7.814765,9.8848606E-05,-1.4571676
1751444635054,1607172287,7.814765,9.8848606E-05,-1.4571676
1751444635071,1607188954,7.7707577,-1.7221329,-2.0679784
1751444635071,1607188954,7.7707577,-1.7221329,-2.0679784
1751444635087,1607205621,6.4257965,-4.1738424,-2.392336
1751444635087,1607205621,6.4257965,-4.1738424,-2.392336
1751444635104,1607222288,1.7477744,-3.4250443,0.22206593
1751444635104,1607222288,1.7477744,-3.4250443,0.22206593
1751444635121,1607238955,0.43632635,1.20664,3.678463
1751444635121,1607238955,0.43632635,1.20664,3.678463
1751444635137,1607255622,4.2267756,4.1220365,2.067915
1751444635137,1607255622,4.2267756,4.1220365,2.067915
1751444635154,1607272289,7.142188,1.7369547,-3.784553
1751444635154,1607272289,7.142188,1.7369547,-3.784553
1751444635171,1607288956,7.9658675,-0.8307087,-7.976935
1751444635171,1607288956,7.9658675,-0.8307087,-7.976935
1751444635187,1607305623,5.5269113,0.66382915,-6.377243
1751444635187,1607305623,5.5269113,0.66382915,-6.377243
1751444635204,1607322290,4.5638504,1.239636,-4.8407474
1751444635204,1607322290,4.5638504,1.239636,-4.8407474
1751444635221,1607338957,6.6287217,0.569992,-5.4897556
1751444635221,1607338957,6.6287217,0.569992,-5.4897556
1751444635237,1607355624,6.5565968,0.2428294,-5.2231255
1751444635237,1607355624,6.5565968,0.2428294,-5.2231255
1751444635254,1607372291,5.534615,0.2557167,-4.3834167
1751444635254,1607372291,5.534615,0.2557167,-4.3834167
1751444635271,1607388958,5.3873453,0.15242298,-3.2721
1751444635271,1607388958,5.3873453,0.15242298,-3.2721
1751444635287,1607405625,4.6824408,0.6849826,-1.6602736
1751444635287,1607405625,4.6824408,0.6849826,-1.6602736
1751444635304,1607422292,3.2445803,1.4292455,0.55314636
1751444635304,1607422292,3.2445803,1.4292455,0.55314636
1751444635321,1607438959,2.0863926,1.1573358,2.2286158
1751444635321,1607438959,2.0863926,1.1573358,2.2286158
1751444635337,1607455626,1.2543501,0.6779034,2.8196602
1751444635337,1607455626,1.2543501,0.6779034,2.8196602
1751444635354,1607472293,0.20536527,0.2742866,2.9592295
1751444635354,1607472293,0.20536527,0.2742866,2.9592295
1751444635371,1607488960,-0.6127994,-0.048473477,3.385275
1751444635371,1607488960,-0.6127994,-0.048473477,3.385275
1751444635387,1607505627,-0.42042664,-0.5720512,4.3280535
1751444635387,1607505627,-0.42042664,-0.5720512,4.3280535
1751444635404,1607522294,-0.995175,-1.3056885,4.815116
1751444635404,1607522294,-0.995175,-1.3056885,4.815116
1751444635421,1607538961,-2.7025316,-2.2505631,5.161867
1751444635421,1607538961,-2.7025316,-2.2505631,5.161867
1751444635437,1607555628,-4.220585,-2.2852366,5.495799
1751444635437,1607555628,-4.220585,-2.2852366,5.495799
1751444635454,1607572295,-6.6771054,-0.97801423,4.2898455
1751444635454,1607572295,-6.6771054,-0.97801423,4.2898455
1751444635471,1607588962,-9.6694975,-0.44750914,2.0713682
1751444635471,1607588962,-9.6694975,-0.44750914,2.0713682
1751444635487,1607605629,-13.099757,-2.459013,-1.9834948
1751444635487,1607605629,-13.099757,-2.459013,-1.9834948
1751444635504,1607622296,-17.638506,-3.0199847,-6.811145
1751444635504,1607622296,-17.638506,-3.0199847,-6.811145
1751444635521,1607638963,-15.641873,-3.603761,-7.231905
1751444635521,1607638963,-15.641873,-3.603761,-7.231905
1751444635537,1607655630,-8.050779,-6.082819,-4.617108
1751444635537,1607655630,-8.050779,-6.082819,-4.617108
1751444635554,1607672297,-5.8923364,-6.216235,-3.7052722
1751444635554,1607672297,-5.8923364,-6.216235,-3.7052722
1751444635571,1607688964,-5.9181666,-4.385907,-3.0250611
1751444635571,1607688964,-5.9181666,-4.385907,-3.0250611
1751444635587,1607705631,-5.312811,-3.5561254,-2.396999
1751444635587,1607705631,-5.312811,-3.5561254,-2.396999
1751444635604,1607722298,4.555212,1.5141473,0.7737007
1751444635604,1607722298,4.555212,1.5141473,0.7737007
1751444635621,1607738965,18.72719,6.8307896,11.917927
1751444635621,1607738965,18.72719,6.8307896,11.917927
1751444635637,1607755632,-11.144205,-12.834396,0.86176586
1751444635637,1607755632,-11.144205,-12.834396,0.86176586
1751444635654,1607772299,-18.86654,9.238623,6.3577137
1751444635654,1607772299,-18.86654,9.238623,6.3577137
1751444635671,1607788966,-13.092664,8.483486,-2.2096953
1751444635671,1607788966,-13.092664,8.483486,-2.2096953
1751444635687,1607805633,2.3341117,-2.8226016,-0.07598305
1751444635687,1607805633,2.3341117,-2.8226016,-0.07598305
1751444635704,1607822300,0.8265019,-0.94921696,-0.008146286
1751444635704,1607822300,0.8265019,-0.94921696,-0.008146286
1751444635721,1607838967,1.8481259,-1.8965448,-1.7614002
1751444635721,1607838967,1.8481259,-1.8965448,-1.7614002
1751444635737,1607855634,2.147422,-1.2690223,-0.48515606
1751444635737,1607855634,2.147422,-1.2690223,-0.48515606
1751444635754,1607872301,0.11891526,-0.47209948,0.20737553
1751444635754,1607872301,0.11891526,-0.47209948,0.20737553
1751444635771,1607888968,-0.805666,0.13400619,0.35880566
1751444635771,1607888968,-0.805666,0.13400619,0.35880566
1751444635787,1607905635,-0.8504681,0.089258224,0.5332012
1751444635787,1607905635,-0.8504681,0.089258224,0.5332012
1751444635804,1607922302,-0.41378176,0.28290057,0.9476261
1751444635804,1607922302,-0.41378176,0.28290057,0.9476261
1751444635821,1607938969,0.25679243,-0.1886987,0.0070266724
1751444635821,1607938969,0.25679243,-0.1886987,0.0070266724
1751444635837,1607955636,1.7973073,-0.92176265,-0.37648487
1751444635837,1607955636,1.7973073,-0.92176265,-0.37648487
1751444635854,1607972303,0.9532529,-0.72552234,-0.58496094
1751444635854,1607972303,0.9532529,-0.72552234,-0.58496094
1751444635871,1607988970,-0.15883759,-0.080411024,-0.12449551
1751444635871,1607988970,-0.15883759,-0.080411024,-0.12449551
1751444635887,1608005637,0.010206328,-0.11991649,0.71595955
1751444635887,1608005637,0.010206328,-0.11991649,0.71595955
1751444635904,1608022304,0.16173252,-0.22430922,0.5424633
1751444635904,1608022304,0.16173252,-0.22430922,0.5424633
1751444635921,1608038971,0.11498613,-0.16999479,0.034971237
1751444635921,1608038971,0.11498613,-0.16999479,0.034971237
1751444635937,1608055638,-0.047623683,-0.061180748,0.27304077
1751444635937,1608055638,-0.047623683,-0.061180748,0.27304077
1751444635954,1608072305,-0.18278477,-0.0034869139,0.49753952
1751444635954,1608072305,-0.18278477,-0.0034869139,0.49753952
1751444635971,1608088972,-0.11683402,0.003718138,0.17706871
1751444635971,1608088972,-0.11683402,0.003718138,0.17706871
1751444635987,1608105639,0.19508256,-0.15219478,0.039961815
1751444635987,1608105639,0.19508256,-0.15219478,0.039961815
1751444636004,1608122306,0.41026217,-0.21206619,0.071982384
1751444636004,1608122306,0.41026217,-0.21206619,0.071982384
1751444636021,1608138973,0.38111463,-0.2286675,-0.081879616
1751444636021,1608138973,0.38111463,-0.2286675,-0.081879616
1751444636037,1608155640,0.25266537,-0.23099975,-0.13023567
1751444636037,1608155640,0.25266537,-0.23099975,-0.13023567
1751444636054,1608172307,0.235374,-0.31985173,-0.07750225
1751444636054,1608172307,0.235374,-0.31985173,-0.07750225
1751444636071,1608188974,0.37800965,-0.40259254,-0.12604237
1751444636071,1608188974,0.37800965,-0.40259254,-0.12604237
1751444636087,1608205641,0.2830834,-0.3555692,-0.16302967
1751444636087,1608205641,0.2830834,-0.3555692,-0.16302967
1751444636104,1608222308,0.15288436,-0.13100787,0.053808212
1751444636104,1608222308,0.15288436,-0.13100787,0.053808212
1751444636121,1608238975,0.024071395,0.06332189,0.25933838
1751444636121,1608238975,0.024071395,0.06332189,0.25933838
1751444636137,1608255642,0.004870403,0.10217135,0.29393196
1751444636137,1608255642,0.004870403,0.10217135,0.29393196
1751444636154,1608272309,0.056232397,0.045979857,0.19659042
1751444636154,1608272309,0.056232397,0.045979857,0.19659042
1751444636171,1608288976,0.15115398,-0.06039823,0.2926464
1751444636171,1608288976,0.15115398,-0.06039823,0.2926464
1751444636187,1608305643,0.26893163,-0.18441327,0.24437618
1751444636187,1608305643,0.26893163,-0.18441327,0.24437618
1751444636204,1608322310,0.37651825,-0.31449625,0.18855381
1751444636204,1608322310,0.37651825,-0.31449625,0.18855381
1751444636221,1608338977,0.5040673,-0.3928829,0.108701706
1751444636221,1608338977,0.5040673,-0.3928829,0.108701706
1751444636237,1608355644,0.5249622,-0.3613324,0.06937504
1751444636237,1608355644,0.5249622,-0.3613324,0.06937504
1751444636254,1608372311,0.4708281,-0.27757147,0.08919716
1751444636254,1608372311,0.4708281,-0.27757147,0.08919716
1751444636271,1608388978,0.44356218,-0.14106394,0.27192307
1751444636271,1608388978,0.44356218,-0.14106394,0.27192307
1751444636287,1608405645,0.18954603,0.03188468,0.60999584
1751444636287,1608405645,0.18954603,0.03188468,0.60999584
1751444636304,1608422312,0.08984651,0.0952021,0.45280266
1751444636304,1608422312,0.08984651,0.0952021,0.45280266
1751444636321,1608438979,0.10748984,0.011733536,0.43088245
1751444636321,1608438979,0.10748984,0.011733536,0.43088245
1751444636337,1608455646,0.5179926,-0.16085479,0.3296852
1751444636337,1608455646,0.5179926,-0.16085479,0.3296852
1751444636354,1608472313,0.5408041,-0.2731459,0.1283989
1751444636354,1608472313,0.5408041,-0.2731459,0.1283989
1751444636371,1608488980,0.3572915,-0.06810898,0.27169895
1751444636371,1608488980,0.3572915,-0.06810898,0.27169895
1751444636387,1608505647,0.20992516,0.07158885,0.2812853
1751444636387,1608505647,0.20992516,0.07158885,0.2812853
1751444636404,1608522314,0.64717984,0.1490067,0.53530884
1751444636404,1608522314,0.64717984,0.1490067,0.53530884
1751444636421,1608538981,2.1093764,-1.4265399,0.6278429
1751444636421,1608538981,2.1093764,-1.4265399,0.6278429
1751444636437,1608555648,0.6571636,0.58466566,0.86755943
1751444636437,1608555648,0.6571636,0.58466566,0.86755943
1751444636454,1608572315,1.1531172,0.1574604,0.40424442
1751444636454,1608572315,1.1531172,0.1574604,0.40424442
1751444636471,1608588982,1.1715358,0.46542147,0.9510164
1751444636471,1608588982,1.1715358,0.46542147,0.9510164
1751444636487,1608605649,1.2703698,0.58585095,1.5857153
1751444636487,1608605649,1.2703698,0.58585095,1.5857153
1751444636504,1608622316,2.1656752,0.2016677,2.146099
1751444636504,1608622316,2.1656752,0.2016677,2.146099
1751444636521,1608638983,2.9369984,-0.4156684,1.7053099
1751444636521,1608638983,2.9369984,-0.4156684,1.7053099
1751444636537,1608655650,3.502907,-0.64535195,0.56041527
1751444636537,1608655650,3.502907,-0.64535195,0.56041527
1751444636554,1608672317,4.7073965,-1.0709743,-0.99430466
1751444636554,1608672317,4.7073965,-1.0709743,-0.99430466
1751444636571,1608688984,2.2003276,-2.5169637,-1.7674875
1751444636571,1608688984,2.2003276,-2.5169637,-1.7674875
1751444636587,1608705651,1.2948469,-2.534094,-1.3406286
1751444636587,1608705651,1.2948469,-2.534094,-1.3406286
1751444636604,1608722318,0.17468643,-3.0029068,-1.8447862
1751444636604,1608722318,0.17468643,-3.0029068,-1.8447862
1751444636621,1608738985,0.5720471,-2.3127046,-1.9532876
1751444636621,1608738985,0.5720471,-2.3127046,-1.9532876
1751444636637,1608755652,0.61482525,-1.3437921,-1.7939796
1751444636637,1608755652,0.61482525,-1.3437921,-1.7939796
1751444636654,1608772319,0.10245856,-0.63875043,-1.8075762
1751444636654,1608772319,0.10245856,-0.63875043,-1.8075762
1751444636671,1608788986,-1.1606362,0.17509937,-1.3860626
1751444636671,1608788986,-1.1606362,0.17509937,-1.3860626
1751444636687,1608805653,-2.169595,0.37215713,-0.6223345
1751444636687,1608805653,-2.169595,0.37215713,-0.6223345
1751444636704,1608822320,-1.9719136,1.1106095,0.4061966
1751444636704,1608822320,-1.9719136,1.1106095,0.4061966
1751444636721,1608838987,-2.5779948,0.61535645,0.7625656
1751444636721,1608838987,-2.5779948,0.61535645,0.7625656
1751444636737,1608855654,-2.4241414,0.3398729,1.0941639
1751444636737,1608855654,-2.4241414,0.3398729,1.0941639
1751444636754,1608872321,-1.202334,-0.46823952,0.6031475
1751444636754,1608872321,-1.202334,-0.46823952,0.6031475
1751444636771,1608888988,-0.48227704,-0.848252,0.6752062
1751444636771,1608888988,-0.48227704,-0.848252,0.6752062
1751444636787,1608905655,-0.27722982,-1.4699101,0.5272417
1751444636787,1608905655,-0.27722982,-1.4699101,0.5272417
1751444636804,1608922322,-0.1464039,-1.7877526,0.44627476
1751444636804,1608922322,-0.1464039,-1.7877526,0.44627476
1751444636821,1608938989,0.12183781,-1.657323,0.27008438
1751444636821,1608938989,0.12183781,-1.657323,0.27008438
1751444636837,1608955656,0.6435843,-1.570682,-0.22362328
1751444636837,1608955656,0.6435843,-1.570682,-0.22362328
1751444636854,1608972323,1.7082078,-2.2130036,-1.2710352
1751444636854,1608972323,1.7082078,-2.2130036,-1.2710352
1751444636871,1608988990,3.2625074,-2.7108924,-1.9468117
1751444636871,1608988990,3.2625074,-2.7108924,-1.9468117
1751444636887,1609005657,3.0022593,-3.1194808,-1.7064838
1751444636887,1609005657,3.0022593,-3.1194808,-1.7064838
1751444636904,1609022324,3.241748,-3.8123863,-1.4772959
1751444636904,1609022324,3.241748,-3.8123863,-1.4772959
1751444636921,1609038991,2.9710557,-3.9336095,-0.96520424
1751444636921,1609038991,2.9710557,-3.9336095,-0.96520424
1751444636937,1609055658,2.3789299,-4.433189,-0.5087013
1751444636937,1609055658,2.3789299,-4.433189,-0.5087013
1751444636954,1609072325,2.083493,-3.3600178,0.43359184
1751444636954,1609072325,2.083493,-3.3600178,0.43359184
1751444636971,1609088992,1.3264537,-1.9164016,1.2923126
1751444636971,1609088992,1.3264537,-1.9164016,1.2923126
1751444636987,1609105659,0.6886756,-0.27479693,1.335329
1751444636987,1609105659,0.6886756,-0.27479693,1.335329
1751444637004,1609122326,-0.7054793,1.5796071,0.99718666
1751444637004,1609122326,-0.7054793,1.5796071,0.99718666
1751444637021,1609138993,-2.1698952,2.22581,0.9269638
1751444637021,1609138993,-2.1698952,2.22581,0.9269638
1751444637037,1609155660,-3.1201358,2.645026,0.8281193
1751444637037,1609155660,-3.1201358,2.645026,0.8281193
1751444637054,1609172327,-3.79757,2.6825993,0.52161694
1751444637054,1609172327,-3.79757,2.6825993,0.52161694
1751444637071,1609188994,-3.7526217,2.2638433,0.38112736
1751444637071,1609188994,-3.7526217,2.2638433,0.38112736
1751444637087,1609205661,-3.2672246,1.9214553,0.56594086
1751444637087,1609205661,-3.2672246,1.9214553,0.56594086
1751444637104,1609222328,-2.7602377,1.4835312,0.7392769
1751444637104,1609222328,-2.7602377,1.4835312,0.7392769
1751444637121,1609238995,-2.1273968,1.4653498,0.7215748
1751444637121,1609238995,-2.1273968,1.4653498,0.7215748
1751444637137,1609255662,-1.4459988,1.4800086,0.60336494
1751444637137,1609255662,-1.4459988,1.4800086,0.60336494
1751444637154,1609272329,-0.45324448,1.4993173,0.3071146
1751444637154,1609272329,-0.45324448,1.4993173,0.3071146
1751444637171,1609288996,-0.040956516,1.6723279,0.104003906
1751444637171,1609288996,-0.040956516,1.6723279,0.104003906
1751444637187,1609305663,0.28118378,2.0801852,-0.16021347
1751444637187,1609305663,0.28118378,2.0801852,-0.16021347
1751444637204,1609322330,0.6112735,2.0443814,-0.46662235
1751444637204,1609322330,0.6112735,2.0443814,-0.46662235
1751444637221,1609338997,1.0782591,1.791844,-0.7556858
1751444637221,1609338997,1.0782591,1.791844,-0.7556858
1751444637237,1609355664,1.2197486,1.8894261,-0.8106432
1751444637237,1609355664,1.2197486,1.8894261,-0.8106432
1751444637254,1609372331,1.440422,2.0309498,-0.9621515
1751444637254,1609372331,1.440422,2.0309498,-0.9621515
1751444637271,1609388998,1.672507,1.8562062,-0.9874153
1751444637271,1609388998,1.672507,1.8562062,-0.9874153
1751444637287,1609405665,1.870415,1.8435516,-1.2305975
1751444637287,1609405665,1.870415,1.8435516,-1.2305975
1751444637304,1609422332,1.8790971,1.9622598,-1.2944756
1751444637304,1609422332,1.8790971,1.9622598,-1.2944756
1751444637321,1609438999,2.1347158,1.5812609,-1.4958963
1751444637321,1609438999,2.1347158,1.5812609,-1.4958963
1751444637337,1609455666,3.0716555,1.8002089,-1.7888432
1751444637337,1609455666,3.0716555,1.8002089,-1.7888432
1751444637354,1609472333,2.898969,1.5484477,-1.7169352
1751444637354,1609472333,2.898969,1.5484477,-1.7169352
1751444637371,1609489000,2.2670584,2.056341,-1.5083828
1751444637371,1609489000,2.2670584,2.056341,-1.5083828
1751444637387,1609505667,2.0125272,2.1086948,-1.5441322
1751444637387,1609505667,2.0125272,2.1086948,-1.5441322
1751444637404,1609522334,2.5805943,1.6426046,-1.7033081
1751444637404,1609522334,2.5805943,1.6426046,-1.7033081
1751444637421,1609539001,2.7995267,1.8099778,-1.5875778
1751444637421,1609539001,2.7995267,1.8099778,-1.5875778
1751444637437,1609555668,3.7409914,3.136972,-2.1452117
1751444637437,1609555668,3.7409914,3.136972,-2.1452117
1751444637454,1609572335,3.8065758,3.7649107,-1.6965761
1751444637454,1609572335,3.8065758,3.7649107,-1.6965761
1751444637471,1609589002,3.3703184,3.1788049,-1.4939327
1751444637471,1609589002,3.3703184,3.1788049,-1.4939327
1751444637487,1609605669,-0.8343305,1.9085076,-0.14738369
1751444637487,1609605669,-0.8343305,1.9085076,-0.14738369
1751444637504,1609622336,-10.138952,1.5123575,5.2944126
1751444637504,1609622336,-10.138952,1.5123575,5.2944126
1751444637521,1609639003,-0.54376096,8.007921,6.303856
1751444637521,1609639003,-0.54376096,8.007921,6.303856
1751444637537,1609655670,12.33934,-12.10706,-0.96606255
1751444637537,1609655670,12.33934,-12.10706,-0.96606255
1751444637554,1609672337,-0.66550404,-5.4962964,4.9737635
1751444637554,1609672337,-0.66550404,-5.4962964,4.9737635
1751444637571,1609689004,2.0667584,-1.9473987,-4.423015
1751444637571,1609689004,2.0667584,-1.9473987,-4.423015
1751444637587,1609705671,0.7907419,1.38436,0.35200882
1751444637587,1609705671,0.7907419,1.38436,0.35200882
1751444637604,1609722338,1.1003659,1.1908057,-0.43703938
1751444637604,1609722338,1.1003659,1.1908057,-0.43703938
1751444637621,1609739005,0.77678263,0.8733408,0.39076328
1751444637621,1609739005,0.77678263,0.8733408,0.39076328
1751444637637,1609755672,1.9666829,-1.3458353,0.255558
1751444637637,1609755672,1.9666829,-1.3458353,0.255558
1751444637654,1609772339,1.8868521,-0.27601653,0.30956078
1751444637654,1609772339,1.8868521,-0.27601653,0.30956078
1751444637671,1609789006,0.88103485,1.34305,-0.16596031
1751444637671,1609789006,0.88103485,1.34305,-0.16596031
1751444637687,1609805673,1.0323898,0.14164156,0.35967255
1751444637687,1609805673,1.0323898,0.14164156,0.35967255
1751444637704,1609822340,1.0992157,-0.39682,0.7235584
1751444637704,1609822340,1.0992157,-0.39682,0.7235584
1751444637721,1609839007,0.78383625,0.5669644,-0.26506996
1751444637721,1609839007,0.78383625,0.5669644,-0.26506996
1751444637737,1609855674,0.38491255,1.4370636,-0.47175884
1751444637737,1609855674,0.38491255,1.4370636,-0.47175884
1751444637754,1609872341,1.0802891,0.3336431,-0.050862312
1751444637754,1609872341,1.0802891,0.3336431,-0.050862312
1751444637771,1609889008,1.2927891,0.10101724,0.5512886
1751444637771,1609889008,1.2927891,0.10101724,0.5512886
1751444637787,1609905675,1.268057,0.19223946,0.41069412
1751444637787,1609905675,1.268057,0.19223946,0.41069412
1751444637804,1609922342,1.1912302,0.21231653,0.3359413
1751444637804,1609922342,1.1912302,0.21231653,0.3359413
1751444637821,1609939009,1.0871205,0.082407996,0.24978733
1751444637821,1609939009,1.0871205,0.082407996,0.24978733
1751444637837,1609955676,0.8559232,0.22990862,0.19006443
1751444637837,1609955676,0.8559232,0.22990862,0.19006443
1751444637854,1609972343,0.7324631,0.4100997,0.031630516
1751444637854,1609972343,0.7324631,0.4100997,0.031630516
1751444637871,1609989010,0.630691,0.6058916,-0.12017822
1751444637871,1609989010,0.630691,0.6058916,-0.12017822
1751444637887,1610005677,0.39488256,1.0573428,-0.18662739
1751444637887,1610005677,0.39488256,1.0573428,-0.18662739
1751444637904,1610022344,0.38309494,0.954949,-0.16709232
1751444637904,1610022344,0.38309494,0.954949,-0.16709232
1751444637921,1610039011,0.58193076,0.716012,-0.09445667
1751444637921,1610039011,0.58193076,0.716012,-0.09445667
1751444637937,1610055678,0.7278431,0.59846044,-0.0071144104
1751444637937,1610055678,0.7278431,0.59846044,-0.0071144104
1751444637954,1610072345,0.9112127,0.3496258,0.011240959
1751444637954,1610072345,0.9112127,0.3496258,0.011240959
1751444637971,1610089012,0.796859,0.38610175,0.050810814
1751444637971,1610089012,0.796859,0.38610175,0.050810814
1751444637987,1610105679,0.8084638,0.29991308,0.069540024
1751444637987,1610105679,0.8084638,0.29991308,0.069540024
1751444638004,1610122346,0.75081176,0.25295052,-0.014082909
1751444638004,1610122346,0.75081176,0.25295052,-0.014082909
1751444638021,1610139013,0.7443831,0.19952878,0.015992165
1751444638021,1610139013,0.7443831,0.19952878,0.015992165
1751444638037,1610155680,0.69980747,0.21175712,0.0063123703
1751444638037,1610155680,0.69980747,0.21175712,0.0063123703
1751444638054,1610172347,0.4997991,0.6404948,-0.0121126175
1751444638054,1610172347,0.4997991,0.6404948,-0.0121126175
1751444638071,1610189014,0.5287798,0.5196443,0.057047844
1751444638071,1610189014,0.5287798,0.5196443,0.057047844
1751444638087,1610205681,0.5139193,0.40260428,0.27253342
1751444638087,1610205681,0.5139193,0.40260428,0.27253342
1751444638104,1610222348,0.56493795,0.49306813,0.29270077
1751444638104,1610222348,0.56493795,0.49306813,0.29270077
1751444638121,1610239015,2.2463853,1.6768976,0.43572235
1751444638121,1610239015,2.2463853,1.6768976,0.43572235
1751444638137,1610255682,-2.0859141,0.124063216,0.69230175
1751444638137,1610255682,-2.0859141,0.124063216,0.69230175
1751444638154,1610272349,0.5230427,1.4033487,-0.31578064
1751444638154,1610272349,0.5230427,1.4033487,-0.31578064
1751444638171,1610289016,-0.44153106,-0.3133909,1.6362295
1751444638171,1610289016,-0.44153106,-0.3133909,1.6362295
1751444638187,1610305683,0.09927909,-0.647652,1.1838608
1751444638187,1610305683,0.09927909,-0.647652,1.1838608
1751444638204,1610322350,-0.807133,-0.5480637,2.8240128
1751444638204,1610322350,-0.807133,-0.5480637,2.8240128
1751444638221,1610339017,-0.9614848,-0.6864414,4.0503187
1751444638221,1610339017,-0.9614848,-0.6864414,4.0503187
1751444638237,1610355684,-1.5299587,-0.85468274,3.2701216
1751444638237,1610355684,-1.5299587,-0.85468274,3.2701216
1751444638254,1610372351,-1.795831,-0.5615263,2.4993572
1751444638254,1610372351,-1.795831,-0.5615263,2.4993572
1751444638271,1610389018,-2.831081,-0.47014174,2.6839256
1751444638271,1610389018,-2.831081,-0.47014174,2.6839256
1751444638287,1610405685,-3.0046775,-1.6745144,2.285472
1751444638287,1610405685,-3.0046775,-1.6745144,2.285472
1751444638304,1610422352,-3.0974967,-2.6769125,2.180789
1751444638304,1610422352,-3.0974967,-2.6769125,2.180789
1751444638321,1610439019,-5.096605,-3.0396976,2.6648989
1751444638321,1610439019,-5.096605,-3.0396976,2.6648989
1751444638337,1610455686,-7.452352,-0.096994564,1.698329
1751444638337,1610455686,-7.452352,-0.096994564,1.698329
1751444638354,1610472353,-6.9073863,2.2259216,-0.70976067
1751444638354,1610472353,-6.9073863,2.2259216,-0.70976067
1751444638371,1610489020,-5.058084,1.4797786,-1.7111607
1751444638371,1610489020,-5.058084,1.4797786,-1.7111607
1751444638387,1610505687,-4.0674343,2.3454792,-2.181705
1751444638387,1610505687,-4.0674343,2.3454792,-2.181705
1751444638404,1610522354,-3.1794913,4.0671687,-2.2405787
1751444638404,1610522354,-3.1794913,4.0671687,-2.2405787
1751444638421,1610539021,-1.9197613,3.2107532,-0.2553873
1751444638421,1610539021,-1.9197613,3.2107532,-0.2553873
1751444638437,1610555688,-1.4394904,0.8190164,2.373951
1751444638437,1610555688,-1.4394904,0.8190164,2.373951
1751444638454,1610572355,-4.9829345,2.8551447,-0.84712315
1751444638454,1610572355,-4.9829345,2.8551447,-0.84712315
1751444638471,1610589022,-3.2526398,4.3130536,-3.8530564
1751444638471,1610589022,-3.2526398,4.3130536,-3.8530564
1751444638487,1610605689,-2.0591905,5.103463,-5.9921055
1751444638487,1610605689,-2.0591905,5.103463,-5.9921055
1751444638504,1610622356,-2.3314927,1.6158077,-5.5629983
1751444638504,1610622356,-2.3314927,1.6158077,-5.5629983
1751444638521,1610639023,-3.3811247,-0.823491,-5.8088264
1751444638521,1610639023,-3.3811247,-0.823491,-5.8088264
1751444638537,1610655690,-6.186084,-0.6103184,-6.607171
1751444638537,1610655690,-6.186084,-0.6103184,-6.607171
1751444638554,1610672357,-5.559626,-0.38857946,-5.8561616
1751444638554,1610672357,-5.559626,-0.38857946,-5.8561616
1751444638571,1610689024,-2.9796708,-2.4624002,-4.7331457
1751444638571,1610689024,-2.9796708,-2.4624002,-4.7331457
1751444638587,1610705691,-3.2727437,-1.67552,-3.6378994
1751444638587,1610705691,-3.2727437,-1.67552,-3.6378994
1751444638604,1610722358,-3.771954,-1.6275854,-1.5110836
1751444638604,1610722358,-3.771954,-1.6275854,-1.5110836
1751444638621,1610739025,-3.291333,-2.005457,0.7285242
1751444638621,1610739025,-3.291333,-2.005457,0.7285242
1751444638637,1610755692,-2.267278,-1.792015,2.2289114
1751444638637,1610755692,-2.267278,-1.792015,2.2289114
1751444638654,1610772359,-0.64390105,-0.67018014,3.1958122
1751444638654,1610772359,-0.64390105,-0.67018014,3.1958122
1751444638671,1610789026,0.4531345,0.046563447,3.5261784
1751444638671,1610789026,0.4531345,0.046563447,3.5261784
1751444638687,1610805693,1.6115052,0.11053476,4.1347704
1751444638687,1610805693,1.6115052,0.11053476,4.1347704
1751444638704,1610822360,1.7971917,0.91274196,5.119355
1751444638704,1610822360,1.7971917,0.91274196,5.119355
1751444638721,1610839027,2.599098,1.2307004,5.6996737
1751444638721,1610839027,2.599098,1.2307004,5.6996737
1751444638737,1610855694,4.3123965,2.0964649,5.2097454
1751444638737,1610855694,4.3123965,2.0964649,5.2097454
1751444638754,1610872361,6.1689777,1.8913825,4.4736366
1751444638754,1610872361,6.1689777,1.8913825,4.4736366
1751444638771,1610889028,9.340781,-0.81165504,2.9084826
1751444638771,1610889028,9.340781,-0.81165504,2.9084826
1751444638787,1610905695,11.27513,-0.49839646,0.1303215
1751444638787,1610905695,11.27513,-0.49839646,0.1303215
1751444638804,1610922362,13.82547,2.2274477,-4.7659416
1751444638804,1610922362,13.82547,2.2274477,-4.7659416
1751444638821,1610939029,18.688404,1.6740097,-10.617652
1751444638821,1610939029,18.688404,1.6740097,-10.617652
1751444638837,1610955696,13.1248045,3.4377463,-6.948721
1751444638837,1610955696,13.1248045,3.4377463,-6.948721
1751444638854,1610972363,6.8128557,5.481408,-3.612063
1751444638854,1610972363,6.8128557,5.481408,-3.612063
1751444638871,1610989030,7.0978518,7.8235106,-3.4365163
1751444638871,1610989030,7.0978518,7.8235106,-3.4365163
1751444638887,1611005697,1.7965856,8.524877,0.26651764
1751444638887,1611005697,1.7965856,8.524877,0.26651764
1751444638904,1611022364,-11.988287,-2.2310317,12.9050045
1751444638904,1611022364,-11.988287,-2.2310317,12.9050045
1751444638921,1611039031,8.943188,3.616392,-0.53833675
1751444638921,1611039031,8.943188,3.616392,-0.53833675
1751444638937,1611055698,11.179406,-9.751794,-4.950743
1751444638937,1611055698,11.179406,-9.751794,-4.950743
1751444638954,1611072365,12.121773,-12.382506,3.8871298
1751444638954,1611072365,12.121773,-12.382506,3.8871298
1751444638971,1611089032,3.5356312,-5.249004,2.989005
1751444638971,1611089032,3.5356312,-5.249004,2.989005
1751444638987,1611105699,0.77754414,1.9140831,-3.1503878
1751444638987,1611105699,0.77754414,1.9140831,-3.1503878
1751444639004,1611122366,-2.7510402,4.675836,0.2226839
1751444639004,1611122366,-2.7510402,4.675836,0.2226839
1751444639021,1611139033,1.3039151,1.3727502,-0.12474346
1751444639021,1611139033,1.3039151,1.3727502,-0.12474346
1751444639037,1611155700,1.5285801,-0.23662333,0.38594246
1751444639037,1611155700,1.5285801,-0.23662333,0.38594246
1751444639054,1611172367,2.2489097,-0.61041623,-0.45454502
1751444639054,1611172367,2.2489097,-0.61041623,-0.45454502
1751444639071,1611189034,1.8979911,-1.0096941,0.5222864
1751444639071,1611189034,1.8979911,-1.0096941,0.5222864
1751444639087,1611205701,0.63533336,0.053904954,0.6244745
1751444639087,1611205701,0.63533336,0.053904954,0.6244745
1751444639104,1611222368,0.9239713,0.26313788,0.32156754
1751444639104,1611222368,0.9239713,0.26313788,0.32156754
1751444639121,1611239035,0.4798734,0.99275255,0.1178627
1751444639121,1611239035,0.4798734,0.99275255,0.1178627
1751444639137,1611255702,0.44706035,1.2937511,-0.19378853
1751444639137,1611255702,0.44706035,1.2937511,-0.19378853
1751444639154,1611272369,0.5854323,0.9121746,0.118683815
1751444639154,1611272369,0.5854323,0.9121746,0.118683815
1751444639171,1611289036,0.9383977,0.32921737,0.5904856
1751444639171,1611289036,0.9383977,0.32921737,0.5904856
1751444639187,1611305703,1.0386575,-0.09002979,0.80485725
1751444639187,1611305703,1.0386575,-0.09002979,0.80485725
1751444639204,1611322370,1.0801027,-0.18275459,0.82721806
1751444639204,1611322370,1.0801027,-0.18275459,0.82721806
1751444639221,1611339037,0.7151668,0.21108955,0.77113247
1751444639221,1611339037,0.7151668,0.21108955,0.77113247
1751444639237,1611355704,0.6321697,0.19800901,0.69803333
1751444639237,1611355704,0.6321697,0.19800901,0.69803333
1751444639254,1611372371,0.42454812,0.18988611,0.77636623
1751444639254,1611372371,0.42454812,0.18988611,0.77636623
1751444639271,1611389038,0.12238899,0.25978306,0.7068224
1751444639271,1611389038,0.12238899,0.25978306,0.7068224
1751444639287,1611405705,0.1756034,0.26545995,0.5706768
1751444639287,1611405705,0.1756034,0.26545995,0.5706768
1751444639304,1611422372,-0.071152665,0.2526215,0.42785645
1751444639304,1611422372,-0.071152665,0.2526215,0.42785645
1751444639321,1611439039,0.37141863,0.11201318,0.045132637
1751444639321,1611439039,0.37141863,0.11201318,0.045132637
1751444639337,1611455706,0.34905034,0.49334452,-0.096116066
1751444639337,1611455706,0.34905034,0.49334452,-0.096116066
1751444639354,1611472373,0.48570305,0.5881295,-0.24631786
1751444639354,1611472373,0.48570305,0.5881295,-0.24631786
1751444639371,1611489040,0.635902,0.5560239,-0.4352064
1751444639371,1611489040,0.635902,0.5560239,-0.4352064
1751444639387,1611505707,0.73933125,0.5158773,-0.48046017
1751444639387,1611505707,0.73933125,0.5158773,-0.48046017
1751444639404,1611522374,0.621763,0.5295715,-0.30641556
1751444639404,1611522374,0.621763,0.5295715,-0.30641556
1751444639421,1611539041,0.56540775,0.51233363,-0.067379
1751444639421,1611539041,0.56540775,0.51233363,-0.067379
1751444639437,1611555708,0.48910445,0.41186175,0.1203022
1751444639437,1611555708,0.48910445,0.41186175,0.1203022
1751444639454,1611572375,0.48393148,0.27175397,0.11778736
1751444639454,1611572375,0.48393148,0.27175397,0.11778736
1751444639471,1611589042,0.3674182,0.10882834,0.16946411
1751444639471,1611589042,0.3674182,0.10882834,0.16946411
1751444639487,1611605709,0.1815645,0.058015693,0.3172102
1751444639487,1611605709,0.1815645,0.058015693,0.3172102
1751444639504,1611622376,0.055335995,-0.04870459,0.42291355
1751444639504,1611622376,0.055335995,-0.04870459,0.42291355
1751444639521,1611639043,-0.006334357,-0.17398383,0.44477654
1751444639521,1611639043,-0.006334357,-0.17398383,0.44477654
1751444639537,1611655710,-0.26578596,-0.002546595,0.6756849
1751444639537,1611655710,-0.26578596,-0.002546595,0.6756849
1751444639554,1611672377,-0.66869444,0.29532006,1.0999842
1751444639554,1611672377,-0.66869444,0.29532006,1.0999842
1751444639571,1611689044,-0.855722,0.012940059,1.4747171
1751444639571,1611689044,-0.855722,0.012940059,1.4747171
1751444639587,1611705711,-1.3387233,-0.5706549,2.1418314
1751444639587,1611705711,-1.3387233,-0.5706549,2.1418314
1751444639604,1611722378,-2.148542,-1.564221,3.5079346
1751444639604,1611722378,-2.148542,-1.564221,3.5079346
1751444639621,1611739045,-3.6340265,-1.0093647,4.0471134
1751444639621,1611739045,-3.6340265,-1.0093647,4.0471134
1751444639637,1611755712,-3.1954508,-2.388746,2.873333
1751444639637,1611755712,-3.1954508,-2.388746,2.873333
1751444639654,1611772379,-4.4265265,-3.1475046,2.5778637
1751444639654,1611772379,-4.4265265,-3.1475046,2.5778637
1751444639671,1611789046,-4.3560658,-4.862069,2.1568022
1751444639671,1611789046,-4.3560658,-4.862069,2.1568022
1751444639687,1611805713,-8.2865925,-3.7017343,1.8317385
1751444639687,1611805713,-8.2865925,-3.7017343,1.8317385
1751444639704,1611822380,-10.964336,1.3636743,-1.4584894
1751444639704,1611822380,-10.964336,1.3636743,-1.4584894
1751444639721,1611839047,-8.879858,1.9523915,-2.4377475
1751444639721,1611839047,-8.879858,1.9523915,-2.4377475
1751444639737,1611855714,-4.6447573,3.4688203,-1.5322485
1751444639737,1611855714,-4.6447573,3.4688203,-1.5322485
1751444639754,1611872381,-0.6981177,3.673595,1.2830153
1751444639754,1611872381,-0.6981177,3.673595,1.2830153
1751444639771,1611889048,-4.0717354,2.5324435,2.1283607
1751444639771,1611889048,-4.0717354,2.5324435,2.1283607
1751444639787,1611905715,-7.304128,-0.99269456,0.5465679
1751444639787,1611905715,-7.304128,-0.99269456,0.5465679
1751444639804,1611922382,-6.391635,-1.3544189,-3.5010118
1751444639804,1611922382,-6.391635,-1.3544189,-3.5010118
1751444639821,1611939049,-6.844385,0.5977273,-7.6370525
1751444639821,1611939049,-6.844385,0.5977273,-7.6370525
1751444639837,1611955716,-5.4184585,-0.8440677,-6.8039923
1751444639837,1611955716,-5.4184585,-0.8440677,-6.8039923
1751444639854,1611972383,-5.133716,-0.98431426,-6.134225
1751444639854,1611972383,-5.133716,-0.98431426,-6.134225
1751444639871,1611989050,-6.0208087,-0.11145451,-6.415499
1751444639871,1611989050,-6.0208087,-0.11145451,-6.415499
1751444639887,1612005717,-6.576535,-0.5127176,-5.5274453
1751444639887,1612005717,-6.576535,-0.5127176,-5.5274453
1751444639904,1612022384,-5.6320615,-0.47508582,-4.322098
1751444639904,1612022384,-5.6320615,-0.47508582,-4.322098
1751444639921,1612039051,-5.394252,-0.588636,-3.5237675
1751444639921,1612039051,-5.394252,-0.588636,-3.5237675
1751444639937,1612055718,-4.488448,-0.930333,-1.6646347
1751444639937,1612055718,-4.488448,-0.930333,-1.6646347
1751444639954,1612072385,-2.4640458,-1.9058427,0.61785316
1751444639954,1612072385,-2.4640458,-1.9058427,0.61785316
1751444639971,1612089052,-0.34126762,-2.205459,2.816121
1751444639971,1612089052,-0.34126762,-2.205459,2.816121
1751444639987,1612105719,0.06558183,-1.1701592,3.8308449
1751444639987,1612105719,0.06558183,-1.1701592,3.8308449
1751444640004,1612122386,1.0052058,-0.49909794,4.0106506
1751444640004,1612122386,1.0052058,-0.49909794,4.0106506
1751444640021,1612139053,2.709683,-0.31413728,3.973462
1751444640021,1612139053,2.709683,-0.31413728,3.973462
1751444640037,1612155720,2.070869,0.5023127,4.6128016
1751444640037,1612155720,2.070869,0.5023127,4.6128016
1751444640054,1612172387,2.2535167,0.96204895,5.1062326
1751444640054,1612172387,2.2535167,0.96204895,5.1062326
1751444640071,1612189054,3.9524186,1.9394286,4.966367
1751444640071,1612189054,3.9524186,1.9394286,4.966367
1751444640087,1612205721,5.49595,3.4052083,4.898594
1751444640087,1612205721,5.49595,3.4052083,4.898594
1751444640104,1612222388,6.4943943,3.6671054,3.7012796
1751444640104,1612222388,6.4943943,3.6671054,3.7012796
1751444640121,1612239055,8.472638,2.4257298,2.0017023
1751444640121,1612239055,8.472638,2.4257298,2.0017023
1751444640137,1612255722,11.145379,1.8540018,-0.48964596
1751444640137,1612255722,11.145379,1.8540018,-0.48964596
1751444640154,1612272389,12.195157,2.972579,-3.1820855
1751444640154,1612272389,12.195157,2.972579,-3.1820855
1751444640171,1612289056,15.48313,2.25232,-7.2624884
1751444640171,1612289056,15.48313,2.25232,-7.2624884
1751444640187,1612305723,15.097969,2.5637813,-8.259746
1751444640187,1612305723,15.097969,2.5637813,-8.259746
1751444640204,1612322390,11.558702,3.6297188,-6.398699
1751444640204,1612322390,11.558702,3.6297188,-6.398699
1751444640221,1612339057,9.822508,3.2765663,-5.1947756
1751444640221,1612339057,9.822508,3.2765663,-5.1947756
1751444640237,1612355724,5.797289,-0.545788,-2.2344847
1751444640237,1612355724,5.797289,-0.545788,-2.2344847
1751444640254,1612372391,2.899364,-3.3817337,8.487045
1751444640254,1612372391,2.899364,-3.3817337,8.487045
1751444640271,1612389058,0.061872408,8.344776,4.1519604
1751444640271,1612389058,0.061872408,8.344776,4.1519604
1751444640287,1612405725,7.432185,9.309711,-2.8521752
1751444640287,1612405725,7.432185,9.309711,-2.8521752
1751444640304,1612422392,-2.1678715,2.0800557,5.287509
1751444640304,1612422392,-2.1678715,2.0800557,5.287509
1751444640321,1612439059,4.683386,-2.5557275,-3.0449138
1751444640321,1612439059,4.683386,-2.5557275,-3.0449138
1751444640337,1612455726,10.835979,-6.5278263,-0.949358
1751444640337,1612455726,10.835979,-6.5278263,-0.949358
1751444640354,1612472393,0.89499056,1.2067764,3.2973032
1751444640354,1612472393,0.89499056,1.2067764,3.2973032
1751444640371,1612489060,-1.4978137,2.1251261,-2.4430232
1751444640371,1612489060,-1.4978137,2.1251261,-2.4430232
1751444640387,1612505727,0.0033790688,1.4023628,0.6428766
1751444640387,1612505727,0.0033790688,1.4023628,0.6428766
1751444640404,1612522394,1.8920488,-0.18532532,0.5745125
1751444640404,1612522394,1.8920488,-0.18532532,0.5745125
1751444640421,1612539061,0.846828,0.390144,0.65794754
1751444640421,1612539061,0.846828,0.390144,0.65794754
1751444640437,1612555728,1.4891381,-0.08441492,0.1651802
1751444640437,1612555728,1.4891381,-0.08441492,0.1651802
1751444640454,1612572395,1.3627948,-0.13018344,-0.00080394745
1751444640454,1612572395,1.3627948,-0.13018344,-0.00080394745
1751444640471,1612589062,0.62724304,0.46756554,0.51194763
1751444640471,1612589062,0.62724304,0.46756554,0.51194763
1751444640487,1612605729,0.44858605,0.47477996,0.12327862
1751444640487,1612605729,0.44858605,0.47477996,0.12327862
1751444640504,1612622396,0.97184145,0.036920987,0.14274025
1751444640504,1612622396,0.97184145,0.036920987,0.14274025
1751444640521,1612639063,0.7068405,0.33080152,0.516243
1751444640521,1612639063,0.7068405,0.33080152,0.516243
1751444640537,1612655730,0.5075452,0.36898157,0.37177372
1751444640537,1612655730,0.5075452,0.36898157,0.37177372
1751444640554,1612672397,0.36290994,0.42324257,0.29673767
1751444640554,1612672397,0.36290994,0.42324257,0.29673767
1751444640571,1612689064,0.41449225,0.323706,0.21125507
1751444640571,1612689064,0.41449225,0.323706,0.21125507
1751444640587,1612705731,0.32206428,0.36025527,0.30687904
1751444640587,1612705731,0.32206428,0.36025527,0.30687904
1751444640604,1612722398,0.11238634,0.3437179,0.09049988
1751444640604,1612722398,0.11238634,0.3437179,0.09049988
1751444640621,1612739065,-0.107711785,0.56940395,-0.08752537
1751444640621,1612739065,-0.107711785,0.56940395,-0.08752537
1751444640637,1612755732,-0.1555525,0.6131939,-0.0332098
1751444640637,1612755732,-0.1555525,0.6131939,-0.0332098
1751444640654,1612772399,0.033967264,0.50037825,0.014274597
1751444640654,1612772399,0.033967264,0.50037825,0.014274597
1751444640671,1612789066,0.2003825,0.4265698,0.05114937
1751444640671,1612789066,0.2003825,0.4265698,0.05114937
1751444640687,1612805733,0.37853572,0.34589568,0.115799904
1751444640687,1612805733,0.37853572,0.34589568,0.115799904
1751444640704,1612822400,0.54581195,0.3024595,0.11933708
1751444640704,1612822400,0.54581195,0.3024595,0.11933708
1751444640721,1612839067,0.70713866,0.22511365,0.030981064
1751444640721,1612839067,0.70713866,0.22511365,0.030981064
1751444640737,1612855734,0.6453141,0.25467703,-0.024983406
1751444640737,1612855734,0.6453141,0.25467703,-0.024983406
1751444640754,1612872401,0.5325299,0.9355889,0.18686199
1751444640754,1612872401,0.5325299,0.9355889,0.18686199
1751444640771,1612889068,0.48476204,-0.031873282,0.26441956
1751444640771,1612889068,0.48476204,-0.031873282,0.26441956
1751444640787,1612905735,0.09625138,-0.21907532,0.3162117
1751444640787,1612905735,0.09625138,-0.21907532,0.3162117
1751444640804,1612922402,0.47338256,-0.028633127,0.2715702
1751444640804,1612922402,0.47338256,-0.028633127,0.2715702
1751444640821,1612939069,-0.076988146,0.038464345,0.69676304
1751444640821,1612939069,-0.076988146,0.038464345,0.69676304
1751444640837,1612955736,0.09264076,-0.03015268,0.74864864
1751444640837,1612955736,0.09264076,-0.03015268,0.74864864
1751444640854,1612972403,0.031665526,-0.00055934116,0.6520748
1751444640854,1612972403,0.031665526,-0.00055934116,0.6520748
1751444640871,1612989070,0.07244368,0.085223034,0.581687
1751444640871,1612989070,0.07244368,0.085223034,0.581687
1751444640887,1613005737,-0.09136181,0.30973318,0.6465359
1751444640887,1613005737,-0.09136181,0.30973318,0.6465359
1751444640904,1613022404,-0.1927549,0.38469297,0.73367023
1751444640904,1613022404,-0.1927549,0.38469297,0.73367023
1751444640921,1613039071,-0.06474813,0.17461112,0.8111162
1751444640921,1613039071,-0.06474813,0.17461112,0.8111162
1751444640937,1613055738,-0.32979023,0.2714937,0.77774143
1751444640937,1613055738,-0.32979023,0.2714937,0.77774143
1751444640954,1613072405,-0.047138434,0.026535235,0.6201906
1751444640954,1613072405,-0.047138434,0.026535235,0.6201906
1751444640971,1613089072,-0.10963534,-0.049286842,0.58028984
1751444640971,1613089072,-0.10963534,-0.049286842,0.58028984
1751444640987,1613105739,-0.28703177,0.0089077735,0.60309696
1751444640987,1613105739,-0.28703177,0.0089077735,0.60309696
1751444641004,1613122406,-0.3464652,-0.116832346,0.7138529
1751444641004,1613122406,-0.3464652,-0.116832346,0.7138529
1751444641021,1613139073,-0.8784725,-0.40497094,1.2231836
1751444641021,1613139073,-0.8784725,-0.40497094,1.2231836
1751444641037,1613155740,-1.651657,-0.1818859,2.2122965
1751444641037,1613155740,-1.651657,-0.1818859,2.2122965
1751444641054,1613172407,-1.6080112,-0.43665054,1.5118494
1751444641054,1613172407,-1.6080112,-0.43665054,1.5118494
1751444641071,1613189074,-2.0137033,-0.5958183,1.275444
1751444641071,1613189074,-2.0137033,-0.5958183,1.275444
1751444641087,1613205741,-2.4796505,-1.1849438,1.3914671
1751444641087,1613205741,-2.4796505,-1.1849438,1.3914671
1751444641104,1613222408,-2.8753874,-2.113493,1.7795563
1751444641104,1613222408,-2.8753874,-2.113493,1.7795563
1751444641121,1613239075,-5.28109,-1.6926442,1.4143906
1751444641121,1613239075,-5.28109,-1.6926442,1.4143906
1751444641137,1613255742,-6.8832636,-1.5209236,0.9586239
1751444641137,1613255742,-6.8832636,-1.5209236,0.9586239
1751444641154,1613272409,-7.2576137,-1.4496187,0.77803993
1751444641154,1613272409,-7.2576137,-1.4496187,0.77803993
1751444641171,1613289076,-5.20819,-0.72318184,1.1347361
1751444641171,1613289076,-5.20819,-0.72318184,1.1347361
1751444641187,1613305743,-3.3200068,1.6603183,1.7409496
1751444641187,1613305743,-3.3200068,1.6603183,1.7409496
1751444641204,1613322410,-3.4599864,1.1589477,2.115466
1751444641204,1613322410,-3.4599864,1.1589477,2.115466
1751444641221,1613339077,-2.1610618,-0.22318919,2.7466192
1751444641221,1613339077,-2.1610618,-0.22318919,2.7466192
1751444641237,1613355744,-4.037917,-0.29553676,0.30585194
1751444641237,1613355744,-4.037917,-0.29553676,0.30585194
1751444641254,1613372411,-7.941495,0.92249835,-4.154272
1751444641254,1613372411,-7.941495,0.92249835,-4.154272
1751444641271,1613389078,-5.663329,-0.8892053,-4.9969363
1751444641271,1613389078,-5.663329,-0.8892053,-4.9969363
1751444641287,1613405745,-7.0731664,-0.81972146,-7.598739
1751444641287,1613405745,-7.0731664,-0.81972146,-7.598739
1751444641304,1613422412,-7.0627136,-1.6164839,-7.522532
1751444641304,1613422412,-7.0627136,-1.6164839,-7.522532
1751444641321,1613439079,-4.1594934,-2.418791,-5.6792207
1751444641321,1613439079,-4.1594934,-2.418791,-5.6792207
1751444641337,1613455746,-5.145648,-1.1142619,-6.2218456
1751444641337,1613455746,-5.145648,-1.1142619,-6.2218456
1751444641354,1613472413,-6.0321493,-1.132909,-6.2256994
1751444641354,1613472413,-6.0321493,-1.132909,-6.2256994
1751444641371,1613489080,-5.907525,-1.5549624,-5.141243
1751444641371,1613489080,-5.907525,-1.5549624,-5.141243
1751444641387,1613505747,-4.6728168,-1.678815,-3.5977626
1751444641387,1613505747,-4.6728168,-1.678815,-3.5977626
1751444641404,1613522414,-3.7022953,-2.267703,-1.8867192
1751444641404,1613522414,-3.7022953,-2.267703,-1.8867192
1751444641421,1613539081,-2.557147,-3.0726457,0.25263405
1751444641421,1613539081,-2.557147,-3.0726457,0.25263405
1751444641437,1613555748,-0.6759926,-2.9511077,2.1889954
1751444641437,1613555748,-0.6759926,-2.9511077,2.1889954
1751444641454,1613572415,-0.5399331,-1.7433941,3.1631584
1751444641454,1613572415,-0.5399331,-1.7433941,3.1631584
1751444641471,1613589082,-0.33481884,-0.82515013,3.8607712
1751444641471,1613589082,-0.33481884,-0.82515013,3.8607712
1751444641487,1613605749,0.6433955,-0.30147427,4.2772207
1751444641487,1613605749,0.6433955,-0.30147427,4.2772207
1751444641504,1613622416,-0.17052475,0.9687751,5.0800924
1751444641504,1613622416,-0.17052475,0.9687751,5.0800924
1751444641521,1613639083,1.892756,2.33394,6.0346317
1751444641521,1613639083,1.892756,2.33394,6.0346317
1751444641537,1613655750,6.359014,3.3960083,6.550373
1751444641537,1613655750,6.359014,3.3960083,6.550373
1751444641554,1613672417,7.942566,5.7929893,4.7119284
1751444641554,1613672417,7.942566,5.7929893,4.7119284
1751444641571,1613689084,11.453474,7.031556,1.5202618
1751444641571,1613689084,11.453474,7.031556,1.5202618
1751444641587,1613705751,16.21251,6.357661,-0.44692707
1751444641587,1613705751,16.21251,6.357661,-0.44692707
1751444641604,1613722418,15.891575,5.4564953,-3.8565025
1751444641604,1613722418,15.891575,5.4564953,-3.8565025
1751444641621,1613739085,16.763687,4.9417343,-6.7493234
1751444641621,1613739085,16.763687,4.9417343,-6.7493234
1751444641638,1613755752,15.824356,5.0927453,-6.8914866
1751444641638,1613755752,15.824356,5.0927453,-6.8914866
1751444641654,1613772419,18.658476,4.5058627,-6.606469
1751444641654,1613772419,18.658476,4.5058627,-6.606469
1751444641671,1613789086,8.696426,-5.8086977,8.359205
1751444641671,1613789086,8.696426,-5.8086977,8.359205
1751444641688,1613805753,-11.701305,2.793228,8.175394
1751444641688,1613805753,-11.701305,2.793228,8.175394
1751444641704,1613822420,8.167571,4.0290184,-8.475481
1751444641704,1613822420,8.167571,4.0290184,-8.475481
1751444641721,1613839087,2.784648,2.679482,1.6797409
1751444641721,1613839087,2.784648,2.679482,1.6797409
1751444641738,1613855754,-6.461876,5.1547523,4.354622
1751444641738,1613855754,-6.461876,5.1547523,4.354622
1751444641754,1613872421,3.70037,-0.2684291,-4.2556686
1751444641754,1613872421,3.70037,-0.2684291,-4.2556686
1751444641771,1613889088,4.4388833,-1.0394899,0.9191389
1751444641771,1613889088,4.4388833,-1.0394899,0.9191389
1751444641788,1613905755,0.5291164,0.2862184,0.97009945
1751444641788,1613905755,0.5291164,0.2862184,0.97009945
1751444641804,1613922422,0.63657206,0.54617816,0.6127691
1751444641804,1613922422,0.63657206,0.54617816,0.6127691
1751444641821,1613939089,2.47527,-0.5744882,0.04852581
1751444641821,1613939089,2.47527,-0.5744882,0.04852581
1751444641838,1613955756,0.39843643,0.21093309,0.43887043
1751444641838,1613955756,0.39843643,0.21093309,0.43887043
1751444641854,1613972423,-0.6499363,0.9261617,-0.06448746
1751444641854,1613972423,-0.6499363,0.9261617,-0.06448746
1751444641871,1613989090,-0.40636086,0.7662933,-0.59764767
1751444641871,1613989090,-0.40636086,0.7662933,-0.59764767
1751444641888,1614005757,-0.408018,0.78852904,-0.81797504
1751444641888,1614005757,-0.408018,0.78852904,-0.81797504
1751444641904,1614022424,-0.5688767,1.085575,-0.11400604
1751444641904,1614022424,-0.5688767,1.085575,-0.11400604
1751444641921,1614039091,0.017928869,0.45964488,0.038664818
1751444641921,1614039091,0.017928869,0.45964488,0.038664818
1751444641938,1614055758,0.53006095,0.056352757,-0.11088848
1751444641938,1614055758,0.53006095,0.056352757,-0.11088848
1751444641954,1614072425,0.27768713,0.44706222,0.10418224
1751444641954,1614072425,0.27768713,0.44706222,0.10418224
1751444641971,1614089092,-0.02946303,0.79380035,0.30222034
1751444641971,1614089092,-0.02946303,0.79380035,0.30222034
1751444641988,1614105759,0.46835127,0.381412,0.3915558
1751444641988,1614105759,0.46835127,0.381412,0.3915558
1751444642004,1614122426,0.81587774,0.0024557367,0.42136383
1751444642004,1614122426,0.81587774,0.0024557367,0.42136383
1751444642021,1614139093,0.64067084,0.05434237,0.38817215
1751444642021,1614139093,0.64067084,0.05434237,0.38817215
1751444642038,1614155760,0.46371025,0.32161325,0.26295376
1751444642038,1614155760,0.46371025,0.32161325,0.26295376
1751444642054,1614172427,0.38921562,0.4268676,0.26214314
1751444642054,1614172427,0.38921562,0.4268676,0.26214314
1751444642071,1614189094,0.4080475,0.4102826,0.1800394
1751444642071,1614189094,0.4080475,0.4102826,0.1800394
1751444642088,1614205761,0.63810533,0.24132861,0.107572556
1751444642088,1614205761,0.63810533,0.24132861,0.107572556
1751444642104,1614222428,0.58554316,0.26284117,0.057941437
1751444642104,1614222428,0.58554316,0.26284117,0.057941437
1751444642121,1614239095,0.3832228,0.41116908,0.017172813
1751444642121,1614239095,0.3832228,0.41116908,0.017172813
1751444642138,1614255762,0.3399784,0.44734195,-0.03749466
1751444642138,1614255762,0.3399784,0.44734195,-0.03749466
1751444642154,1614272429,0.24196261,0.37126833,-0.068574905
1751444642154,1614272429,0.24196261,0.37126833,-0.068574905
1751444642171,1614289096,0.25603274,0.3180434,0.0066127777
1751444642171,1614289096,0.25603274,0.3180434,0.0066127777
1751444642188,1614305763,0.1070484,0.35927138,0.029507637
1751444642188,1614305763,0.1070484,0.35927138,0.029507637
1751444642204,1614322430,0.017392438,0.406118,-0.008193016
1751444642204,1614322430,0.017392438,0.406118,-0.008193016
1751444642221,1614339097,-0.0044175102,0.3907171,0.0135240555
1751444642221,1614339097,-0.0044175102,0.3907171,0.0135240555
1751444642238,1614355764,0.027291378,0.29846513,0.07264519
1751444642238,1614355764,0.027291378,0.29846513,0.07264519
1751444642254,1614372431,0.04010761,0.2667492,0.17390442
1751444642254,1614372431,0.04010761,0.2667492,0.17390442
1751444642271,1614389098,0.008144812,0.2731525,0.21638012
1751444642271,1614389098,0.008144812,0.2731525,0.21638012
1751444642288,1614405765,0.04415856,0.23482327,0.4373541
1751444642288,1614405765,0.04415856,0.23482327,0.4373541
1751444642304,1614422432,0.1862596,0.035355393,0.530982
1751444642304,1614422432,0.1862596,0.035355393,0.530982
1751444642321,1614439099,0.2529085,0.061951756,0.47167206
1751444642321,1614439099,0.2529085,0.061951756,0.47167206
1751444642338,1614455766,0.2038018,0.24697086,0.4401436
1751444642338,1614455766,0.2038018,0.24697086,0.4401436
1751444642354,1614472433,0.288169,1.1381088,0.65543365
1751444642354,1614472433,0.288169,1.1381088,0.65543365
1751444642371,1614489100,-0.82058716,-0.06728668,0.95052624
1751444642371,1614489100,-0.82058716,-0.06728668,0.95052624
1751444642388,1614505767,-0.20389523,0.18416104,0.6750431
1751444642388,1614505767,-0.20389523,0.18416104,0.6750431
1751444642404,1614522434,-0.1279728,-0.1574004,0.92732906
1751444642404,1614522434,-0.1279728,-0.1574004,0.92732906
1751444642421,1614539101,-0.16962488,-0.3147315,0.94697
1751444642421,1614539101,-0.16962488,-0.3147315,0.94697
1751444642438,1614555768,-0.3042445,-0.47726923,1.2305984
1751444642438,1614555768,-0.3042445,-0.47726923,1.2305984
1751444642454,1614572435,-0.6189217,-0.5734617,1.6930838
1751444642454,1614572435,-0.6189217,-0.5734617,1.6930838
1751444642471,1614589102,-1.3349781,-0.34823105,2.383891
1751444642471,1614589102,-1.3349781,-0.34823105,2.383891
1751444642488,1614605769,-1.5184495,-0.6385669,2.1241179
1751444642488,1614605769,-1.5184495,-0.6385669,2.1241179
1751444642504,1614622436,-1.8964202,-0.7652785,1.951129
1751444642504,1614622436,-1.8964202,-0.7652785,1.951129
1751444642521,1614639103,-2.2429547,-1.167743,1.9349337
1751444642521,1614639103,-2.2429547,-1.167743,1.9349337
1751444642538,1614655770,-2.0748005,-1.8101501,1.5547972
1751444642538,1614655770,-2.0748005,-1.8101501,1.5547972
1751444642554,1614672437,-3.1910274,-2.3642545,1.537714
1751444642554,1614672437,-3.1910274,-2.3642545,1.537714
1751444642571,1614689104,-2.7649474,-2.1910143,0.95495987
1751444642571,1614689104,-2.7649474,-2.1910143,0.95495987
1751444642588,1614705771,-5.291312,-1.8937846,0.54860497
1751444642588,1614705771,-5.291312,-1.8937846,0.54860497
1751444642604,1614722438,-6.588592,-1.8158042,0.41333103
1751444642604,1614722438,-6.588592,-1.8158042,0.41333103
1751444642621,1614739105,-6.41646,-1.1158454,0.25548458
1751444642621,1614739105,-6.41646,-1.1158454,0.25548458
1751444642638,1614755772,-7.3529925,0.56887466,-0.84357166
1751444642638,1614755772,-7.3529925,0.56887466,-0.84357166
1751444642654,1614772439,-6.646404,2.337847,-2.0895452
1751444642654,1614772439,-6.646404,2.337847,-2.0895452
1751444642671,1614789106,-3.3328156,3.7902567,-1.6670294
1751444642671,1614789106,-3.3328156,3.7902567,-1.6670294
1751444642688,1614805773,-0.5624632,0.62700236,1.4666061
1751444642688,1614805773,-0.5624632,0.62700236,1.4666061
1751444642704,1614822440,-3.4809582,-2.4303694,2.3286324
1751444642704,1614822440,-3.4809582,-2.4303694,2.3286324
1751444642721,1614839107,-7.0667233,-2.4697502,-2.074883
1751444642721,1614839107,-7.0667233,-2.4697502,-2.074883
1751444642738,1614855774,-7.59005,0.36319703,-6.5983562
1751444642738,1614855774,-7.59005,0.36319703,-6.5983562
1751444642754,1614872441,-5.501393,0.001134887,-7.06508
1751444642754,1614872441,-5.501393,0.001134887,-7.06508
1751444642771,1614889108,-4.9254055,-0.76944625,-5.4021254
1751444642771,1614889108,-4.9254055,-0.76944625,-5.4021254
1751444642788,1614905775,-5.863741,-0.4127236,-5.4140987
1751444642788,1614905775,-5.863741,-0.4127236,-5.4140987
1751444642804,1614922442,-5.1893344,-0.053953458,-4.8154283
1751444642804,1614922442,-5.1893344,-0.053953458,-4.8154283
1751444642821,1614939109,-5.03293,0.5700529,-4.2768755
1751444642821,1614939109,-5.03293,0.5700529,-4.2768755
1751444642838,1614955776,-5.548534,1.4513211,-3.5421038
1751444642838,1614955776,-5.548534,1.4513211,-3.5421038
1751444642854,1614972443,-4.75123,1.385728,-1.5192108
1751444642854,1614972443,-4.75123,1.385728,-1.5192108
1751444642871,1614989110,-3.1588237,0.5950563,1.1786499
1751444642871,1614989110,-3.1588237,0.5950563,1.1786499
1751444642888,1615005777,-1.4250623,0.7620428,3.529087
1751444642888,1615005777,-1.4250623,0.7620428,3.529087
1751444642904,1615022444,-0.5815007,1.2313273,3.8190308
1751444642904,1615022444,-0.5815007,1.2313273,3.8190308
1751444642921,1615039111,0.696254,1.0648855,3.269414
1751444642921,1615039111,0.696254,1.0648855,3.269414
1751444642938,1615055778,1.5746014,0.9411287,3.1117764
1751444642938,1615055778,1.5746014,0.9411287,3.1117764
1751444642954,1615072445,0.9031412,1.5992781,3.4000902
1751444642954,1615072445,0.9031412,1.5992781,3.4000902
1751444642971,1615089112,1.3898536,2.1752782,3.3879433
1751444642971,1615089112,1.3898536,2.1752782,3.3879433
1751444642988,1615105779,2.3204408,2.871213,3.5178347
1751444642988,1615105779,2.3204408,2.871213,3.5178347
1751444643004,1615122446,3.1393485,3.5797153,3.789627
1751444643004,1615122446,3.1393485,3.5797153,3.789627
1751444643021,1615139113,4.402202,4.142518,3.2043734
1751444643021,1615139113,4.402202,4.142518,3.2043734
1751444643038,1615155780,6.5552506,3.3118813,1.7050638
1751444643038,1615155780,6.5552506,3.3118813,1.7050638
1751444643054,1615172447,8.121485,2.6737719,0.11029434
1751444643054,1615172447,8.121485,2.6737719,0.11029434
1751444643071,1615189114,9.066542,3.0760274,-1.2888203
1751444643071,1615189114,9.066542,3.0760274,-1.2888203
1751444643088,1615205781,10.81998,0.83092797,-2.3951735
1751444643088,1615205781,10.81998,0.83092797,-2.3951735
1751444643104,1615222448,10.886719,-0.40630868,-3.8495178
1751444643104,1615222448,10.886719,-0.40630868,-3.8495178
1751444643121,1615239115,11.234011,-1.4891154,-4.913556
1751444643121,1615239115,11.234011,-1.4891154,-4.913556
1751444643138,1615255782,10.301081,-1.286202,-4.275019
1751444643138,1615255782,10.301081,-1.286202,-4.275019
1751444643154,1615272449,9.256177,-0.56490517,-3.4283557
1751444643154,1615272449,9.256177,-0.56490517,-3.4283557
1751444643171,1615289116,12.169409,2.4904747,-3.966457
1751444643171,1615289116,12.169409,2.4904747,-3.966457
1751444643188,1615305783,11.612259,3.8987615,-1.0000219
1751444643188,1615305783,11.612259,3.8987615,-1.0000219
1751444643204,1615322450,7.848155,-1.2135065,-0.62534046
1751444643204,1615322450,7.848155,-1.2135065,-0.62534046
1751444643221,1615339117,-3.2390008,6.9988313,4.5958185
1751444643221,1615339117,-3.2390008,6.9988313,4.5958185
1751444643238,1615355784,-1.1940358,13.497266,-1.2268763
1751444643238,1615355784,-1.1940358,13.497266,-1.2268763
1751444643254,1615372451,-0.50908697,4.346523,1.1179209
1751444643254,1615372451,-0.50908697,4.346523,1.1179209
1751444643271,1615389118,0.808728,-3.6902568,2.525117
1751444643271,1615389118,0.808728,-3.6902568,2.525117
1751444643288,1615405785,1.3162222,-13.717027,3.88089
1751444643288,1615405785,1.3162222,-13.717027,3.88089
1751444643304,1615422452,-0.72558653,-9.668241,3.902627
1751444643304,1615422452,-0.72558653,-9.668241,3.902627
1751444643321,1615439119,-0.35583508,-0.54314685,-1.8963141
1751444643321,1615439119,-0.35583508,-0.54314685,-1.8963141
1751444643338,1615455786,0.4866029,1.828844,-0.09060097
1751444643338,1615455786,0.4866029,1.828844,-0.09060097
1751444643354,1615472453,0.8764667,1.7878371,0.3179989
1751444643354,1615472453,0.8764667,1.7878371,0.3179989
1751444643371,1615489120,0.66917855,1.4849812,-0.22227669
1751444643371,1615489120,0.66917855,1.4849812,-0.22227669
1751444643388,1615505787,0.45545146,-0.18766485,-0.23911285
1751444643388,1615505787,0.45545146,-0.18766485,-0.23911285
1751444643404,1615522454,0.19003429,-0.7688139,0.06140232
1751444643404,1615522454,0.19003429,-0.7688139,0.06140232
1751444643421,1615539121,-0.09084461,-0.34544787,0.46884632
1751444643421,1615539121,-0.09084461,-0.34544787,0.46884632
1751444643438,1615555788,-0.017191276,-0.17528601,0.068899155
1751444643438,1615555788,-0.017191276,-0.17528601,0.068899155
1751444643454,1615572455,0.041579667,0.33338752,-0.23779202
1751444643454,1615572455,0.041579667,0.33338752,-0.23779202
1751444643471,1615589122,0.11644846,0.90424603,-0.19748497
1751444643471,1615589122,0.11644846,0.90424603,-0.19748497
1751444643488,1615605789,0.04021713,0.83909845,-0.19070625
1751444643488,1615605789,0.04021713,0.83909845,-0.19070625
1751444643504,1615622456,0.011861833,0.4159348,-0.083156586
1751444643504,1615622456,0.011861833,0.4159348,-0.083156586
1751444643521,1615639123,0.006502886,0.22180727,0.07698059
1751444643521,1615639123,0.006502886,0.22180727,0.07698059
1751444643538,1615655790,0.13600451,0.25566968,0.06709194
1751444643538,1615655790,0.13600451,0.25566968,0.06709194
1751444643554,1615672457,0.31670713,0.22534634,0.16763306
1751444643554,1615672457,0.31670713,0.22534634,0.16763306
1751444643571,1615689124,0.40810472,0.27708563,0.18699265
1751444643571,1615689124,0.40810472,0.27708563,0.18699265
1751444643588,1615705791,0.3205502,0.095107056,0.18582344
1751444643588,1615705791,0.3205502,0.095107056,0.18582344
1751444643604,1615722458,0.29960257,-0.06663698,0.2070036
1751444643604,1615722458,0.29960257,-0.06663698,0.2070036
1751444643621,1615739125,0.22889335,-0.22932334,0.17530441
1751444643621,1615739125,0.22889335,-0.22932334,0.17530441
1751444643638,1615755792,0.22146155,-0.1514108,0.14603901
1751444643638,1615755792,0.22146155,-0.1514108,0.14603901
1751444643654,1615772459,0.17949298,-0.06491844,0.09195614
1751444643654,1615772459,0.17949298,-0.06491844,0.09195614
1751444643671,1615789126,0.18258102,0.32829648,0.08952522
1751444643671,1615789126,0.18258102,0.32829648,0.08952522
1751444643688,1615805793,0.13625707,0.2718307,-0.0062437057
1751444643688,1615805793,0.13625707,0.2718307,-0.0062437057
1751444643704,1615822460,0.095789604,0.5743963,-0.17249584
1751444643704,1615822460,0.095789604,0.5743963,-0.17249584
1751444643721,1615839127,0.07016072,0.5247054,-0.15582752
1751444643721,1615839127,0.07016072,0.5247054,-0.15582752
1751444643738,1615855794,0.1252124,0.4570048,-0.023328781
1751444643738,1615855794,0.1252124,0.4570048,-0.023328781
1751444643754,1615872461,0.1484573,0.13563213,0.0066986084
1751444643754,1615872461,0.1484573,0.13563213,0.0066986084
1751444643771,1615889128,0.19451572,-0.011304168,0.050045013
1751444643771,1615889128,0.19451572,-0.011304168,0.050045013
1751444643788,1615905795,0.3129539,0.28433067,0.10351753
1751444643788,1615905795,0.3129539,0.28433067,0.10351753
1751444643804,1615922462,0.2222358,0.32457504,0.14054012
1751444643804,1615922462,0.2222358,0.32457504,0.14054012
1751444643821,1615939129,0.21718843,0.0052682003,0.13646793
1751444643821,1615939129,0.21718843,0.0052682003,0.13646793
1751444643838,1615955796,0.21969268,-0.11301916,0.19779587
1751444643838,1615955796,0.21969268,-0.11301916,0.19779587
1751444643854,1615972463,0.16382025,0.049579196,0.14564896
1751444643854,1615972463,0.16382025,0.049579196,0.14564896
1751444643871,1615989130,0.12614311,0.03476364,0.11402893
1751444643871,1615989130,0.12614311,0.03476364,0.11402893
1751444643888,1616005797,0.17670129,0.15766346,0.084441185
1751444643888,1616005797,0.17670129,0.15766346,0.084441185
1751444643904,1616022464,0.1869221,0.21328305,0.060790062
1751444643904,1616022464,0.1869221,0.21328305,0.060790062
1751444643921,1616039131,0.1980231,0.14983839,0.06764412
1751444643921,1616039131,0.1980231,0.14983839,0.06764412
1751444643938,1616055798,0.12995312,0.1597118,0.032239914
1751444643938,1616055798,0.12995312,0.1597118,0.032239914
1751444643954,1616072465,0.23313385,0.17452484,0.079437256
1751444643954,1616072465,0.23313385,0.17452484,0.079437256
1751444643971,1616089132,0.17182559,0.34979206,0.099116325
1751444643971,1616089132,0.17182559,0.34979206,0.099116325
1751444643988,1616105799,0.17298293,0.09706754,0.0037574768
1751444643988,1616105799,0.17298293,0.09706754,0.0037574768
1751444644004,1616122466,0.0025771044,-0.009105415,0.09623337
1751444644004,1616122466,0.0025771044,-0.009105415,0.09623337
1751444644021,1616139133,0.16226505,-0.014325951,0.01772213
1751444644021,1616139133,0.16226505,-0.014325951,0.01772213
1751444644038,1616155800,0.1257913,0.083013386,0.07548809
1751444644038,1616155800,0.1257913,0.083013386,0.07548809
1751444644054,1616172467,0.1332535,0.13889575,-0.01975441
1751444644054,1616172467,0.1332535,0.13889575,-0.01975441
1751444644071,1616189134,0.18313892,0.16116497,0.008171082
1751444644071,1616189134,0.18313892,0.16116497,0.008171082
1751444644088,1616205801,0.06009861,0.15309514,0.107987404
1751444644088,1616205801,0.06009861,0.15309514,0.107987404
1751444644104,1616222468,0.18788499,0.20485678,0.09429455
1751444644104,1616222468,0.18788499,0.20485678,0.09429455
1751444644121,1616239135,0.120805174,0.1758535,0.15935326
1751444644121,1616239135,0.120805174,0.1758535,0.15935326
1751444644138,1616255802,0.25396705,0.08332859,0.07524586
1751444644138,1616255802,0.25396705,0.08332859,0.07524586
1751444644154,1616272469,0.23325096,0.066509634,0.14989567
1751444644154,1616272469,0.23325096,0.066509634,0.14989567
1751444644171,1616289136,0.23904264,0.0022141193,0.17386055
1751444644171,1616289136,0.23904264,0.0022141193,0.17386055
1751444644188,1616305803,0.24393041,-0.03312864,0.12169361
1751444644188,1616305803,0.24393041,-0.03312864,0.12169361
1751444644204,1616322470,0.23527242,0.04301149,0.08877945
1751444644204,1616322470,0.23527242,0.04301149,0.08877945
1751444644221,1616339137,0.3075051,0.12589088,0.04858303
1751444644221,1616339137,0.3075051,0.12589088,0.04858303
1751444644238,1616355804,0.2377382,0.2788808,0.013187408
1751444644238,1616355804,0.2377382,0.2788808,0.013187408
1751444644254,1616372471,0.21669269,0.41353372,0.028260231
1751444644254,1616372471,0.21669269,0.41353372,0.028260231
1751444644271,1616389138,0.23942886,0.5354408,0.09363651
1751444644271,1616389138,0.23942886,0.5354408,0.09363651
1751444644288,1616405805,0.2636523,0.721459,0.17819881
1751444644288,1616405805,0.2636523,0.721459,0.17819881
1751444644304,1616422472,0.22348078,0.72258353,1.0424519
1751444644304,1616422472,0.22348078,0.72258353,1.0424519
1751444644321,1616439139,0.38500285,0.7554719,1.0364246
1751444644321,1616439139,0.38500285,0.7554719,1.0364246
1751444644338,1616455806,-0.11463175,-0.92654705,0.06525612
1751444644338,1616455806,-0.11463175,-0.92654705,0.06525612
1751444644354,1616472473,-0.109632656,-0.13637084,0.42993355
1751444644354,1616472473,-0.109632656,-0.13637084,0.42993355
1751444644371,1616489140,-0.15330978,1.3113251,0.9395218
1751444644371,1616489140,-0.15330978,1.3113251,0.9395218
1751444644388,1616505807,-1.212771,-0.5886518,1.8921232
1751444644388,1616505807,-1.212771,-0.5886518,1.8921232
1751444644404,1616522474,-0.4459271,2.139806,2.9388628
1751444644404,1616522474,-0.4459271,2.139806,2.9388628
1751444644421,1616539141,-0.28680736,3.5623517,3.2949152
1751444644421,1616539141,-0.28680736,3.5623517,3.2949152
1751444644438,1616555808,2.222736,3.4600933,1.2022076
1751444644438,1616555808,2.222736,3.4600933,1.2022076
1751444644454,1616572475,3.764181,2.078338,0.5412235
1751444644454,1616572475,3.764181,2.078338,0.5412235
1751444644471,1616589142,6.437182,2.1490424,-0.9562454
1751444644471,1616589142,6.437182,2.1490424,-0.9562454
1751444644488,1616605809,10.054994,2.717266,-2.284512
1751444644488,1616605809,10.054994,2.717266,-2.284512
1751444644504,1616622476,10.934706,6.0782933,-2.536065
1751444644504,1616622476,10.934706,6.0782933,-2.536065
1751444644521,1616639143,7.2703314,2.4222782,-1.5752506
1751444644521,1616639143,7.2703314,2.4222782,-1.5752506
1751444644538,1616655810,3.2893515,-0.79438245,-0.9107075
1751444644538,1616655810,3.2893515,-0.79438245,-0.9107075
1751444644554,1616672477,2.0450234,-0.17448762,-0.60661125
1751444644554,1616672477,2.0450234,-0.17448762,-0.60661125
1751444644571,1616689144,1.7626469,1.056668,-1.3362474
1751444644571,1616689144,1.7626469,1.056668,-1.3362474
1751444644588,1616705811,1.5287579,2.0022888,-1.6291351
1751444644588,1616705811,1.5287579,2.0022888,-1.6291351
1751444644604,1616722478,0.63431233,1.7755344,-1.6739435
1751444644604,1616722478,0.63431233,1.7755344,-1.6739435
1751444644621,1616739145,0.60379076,2.5384562,-1.5443983
1751444644621,1616739145,0.60379076,2.5384562,-1.5443983
1751444644638,1616755812,1.9067554,3.2568278,-1.5453196
1751444644638,1616755812,1.9067554,3.2568278,-1.5453196
1751444644654,1616772479,2.230015,3.379586,-1.409812
1751444644654,1616772479,2.230015,3.379586,-1.409812
1751444644671,1616789146,2.4085655,3.2135112,-1.3624554
1751444644671,1616789146,2.4085655,3.2135112,-1.3624554
1751444644688,1616805813,3.684442,3.0898008,-1.4903212
1751444644688,1616805813,3.684442,3.0898008,-1.4903212
1751444644704,1616822480,4.893871,2.5559824,-1.5036402
1751444644704,1616822480,4.893871,2.5559824,-1.5036402
1751444644721,1616839147,5.38282,2.1733594,-1.3024406
1751444644721,1616839147,5.38282,2.1733594,-1.3024406
1751444644738,1616855814,5.648226,1.4135379,-1.1560774
1751444644738,1616855814,5.648226,1.4135379,-1.1560774
1751444644754,1616872481,5.769448,0.6355793,-0.7191191
1751444644754,1616872481,5.769448,0.6355793,-0.7191191
1751444644771,1616889148,5.0446787,-0.28236648,-0.16043282
1751444644771,1616889148,5.0446787,-0.28236648,-0.16043282
1751444644788,1616905815,4.136495,-0.79528415,0.23622704
1751444644788,1616905815,4.136495,-0.79528415,0.23622704
1751444644804,1616922482,3.524213,-1.24194,0.66336536
1751444644804,1616922482,3.524213,-1.24194,0.66336536
1751444644821,1616939149,2.7856755,-1.5123652,1.2140789
1751444644821,1616939149,2.7856755,-1.5123652,1.2140789
1751444644838,1616955816,1.7366126,-1.657068,1.7216978
1751444644838,1616955816,1.7366126,-1.657068,1.7216978
1751444644854,1616972483,1.1275629,-1.9404355,1.812397
1751444644854,1616972483,1.1275629,-1.9404355,1.812397
1751444644871,1616989150,0.8626202,-2.328393,1.743947
1751444644871,1616989150,0.8626202,-2.328393,1.743947
1751444644888,1617005817,0.27427667,-2.775434,1.9149904
1751444644888,1617005817,0.27427667,-2.775434,1.9149904
1751444644904,1617022484,-0.012188385,-3.4313004,1.8293781
1751444644904,1617022484,-0.012188385,-3.4313004,1.8293781
1751444644921,1617039151,0.074376956,-4.0349846,1.6896391
1751444644921,1617039151,0.074376956,-4.0349846,1.6896391
1751444644938,1617055818,-0.48944363,-3.9558628,1.777875
1751444644938,1617055818,-0.48944363,-3.9558628,1.777875
1751444644954,1617072485,-1.6693902,-3.6398947,1.7756329
1751444644954,1617072485,-1.6693902,-3.6398947,1.7756329
1751444644971,1617089152,-2.688445,-3.68407,1.6138763
1751444644971,1617089152,-2.688445,-3.68407,1.6138763
1751444644988,1617105819,-3.1333544,-3.3471365,1.5908222
1751444644988,1617105819,-3.1333544,-3.3471365,1.5908222
1751444645004,1617122486,-4.8448725,-2.4962437,1.0743771
1751444645004,1617122486,-4.8448725,-2.4962437,1.0743771
1751444645021,1617139153,-6.959134,-1.8518207,-0.08340263
1751444645021,1617139153,-6.959134,-1.8518207,-0.08340263
1751444645038,1617155820,-5.8765845,-3.1224797,-0.4309454
1751444645038,1617155820,-5.8765845,-3.1224797,-0.4309454
1751444645054,1617172487,-7.774109,-2.8295152,-1.874434
1751444645054,1617172487,-7.774109,-2.8295152,-1.874434
1751444645071,1617189154,-9.747467,-2.4530942,-3.1738634
1751444645071,1617189154,-9.747467,-2.4530942,-3.1738634
1751444645088,1617205821,-9.842656,-2.7936168,-4.1027775
1751444645088,1617205821,-9.842656,-2.7936168,-4.1027775
1751444645104,1617222488,-9.869248,-2.8532293,-4.7308474
1751444645104,1617222488,-9.869248,-2.8532293,-4.7308474
1751444645121,1617239155,-9.473222,-2.6882195,-4.4626856
1751444645121,1617239155,-9.473222,-2.6882195,-4.4626856
1751444645138,1617255822,-8.6118,-2.2431068,-4.1806703
1751444645138,1617255822,-8.6118,-2.2431068,-4.1806703
1751444645154,1617272489,-7.1545568,-1.0863129,-3.5848622
1751444645154,1617272489,-7.1545568,-1.0863129,-3.5848622
1751444645171,1617289156,-0.68341655,8.502738,2.757699
1751444645171,1617289156,-0.68341655,8.502738,2.757699
1751444645188,1617305823,0.66612595,-2.9325862,8.841934
1751444645188,1617305823,0.66612595,-2.9325862,8.841934
1751444645204,1617322490,0.04777377,-15.218071,-1.2762051
1751444645204,1617322490,0.04777377,-15.218071,-1.2762051
1751444645221,1617339157,-14.562125,3.8667552,-0.57322407
1751444645221,1617339157,-14.562125,3.8667552,-0.57322407
1751444645238,1617355824,-1.1328845,2.591375,5.681988
1751444645238,1617355824,-1.1328845,2.591375,5.681988
1751444645254,1617372491,-12.24001,9.845892,-4.031615
1751444645254,1617372491,-12.24001,9.845892,-4.031615
1751444645271,1617389158,-1.1379452,0.4655271,3.331727
1751444645271,1617389158,-1.1379452,0.4655271,3.331727
1751444645288,1617405825,0.56409913,-1.7356187,-3.6371255
1751444645288,1617405825,0.56409913,-1.7356187,-3.6371255
1751444645304,1617422492,0.9929427,-2.072257,1.4054737
1751444645304,1617422492,0.9929427,-2.072257,1.4054737
1751444645321,1617439159,-1.1916502,0.08225059,0.9760895
1751444645321,1617439159,-1.1916502,0.08225059,0.9760895
1751444645338,1617455826,-1.7019017,0.4510882,-0.04349327
1751444645338,1617455826,-1.7019017,0.4510882,-0.04349327
1751444645354,1617472493,-0.9467584,-0.027318591,-0.19758987
1751444645354,1617472493,-0.9467584,-0.027318591,-0.19758987
1751444645371,1617489160,-1.2902687,0.7493703,0.01674366
1751444645371,1617489160,-1.2902687,0.7493703,0.01674366
1751444645388,1617505827,-0.8614445,0.42238998,0.66215706
1751444645388,1617505827,-0.8614445,0.42238998,0.66215706
1751444645404,1617522494,-0.39330083,-0.2046683,-0.089292526
1751444645404,1617522494,-0.39330083,-0.2046683,-0.089292526
1751444645421,1617539161,-0.35085365,-0.23435132,-0.44543648
1751444645421,1617539161,-0.35085365,-0.23435132,-0.44543648
1751444645438,1617555828,-0.25776947,-0.21473342,0.30735397
1751444645438,1617555828,-0.25776947,-0.21473342,0.30735397
1751444645454,1617572495,-0.15149984,-0.38732722,0.20596695
1751444645454,1617572495,-0.15149984,-0.38732722,0.20596695
1751444645471,1617589162,-0.37014633,-0.21293576,-0.045271873
1751444645471,1617589162,-0.37014633,-0.21293576,-0.045271873
1751444645488,1617605829,-0.65453905,0.080525294,0.24772644
1751444645488,1617605829,-0.65453905,0.080525294,0.24772644
1751444645504,1617622496,-0.8886161,0.284361,0.37576866
1751444645504,1617622496,-0.8886161,0.284361,0.37576866
1751444645521,1617639163,-0.8143017,0.18693925,0.14541721
1751444645521,1617639163,-0.8143017,0.18693925,0.14541721
1751444645538,1617655830,-0.59796196,-0.096172094,0.11972809
1751444645538,1617655830,-0.59796196,-0.096172094,0.11972809
1751444645554,1617672497,-0.610621,0.015356458,0.1372118
1751444645554,1617672497,-0.610621,0.015356458,0.1372118
1751444645571,1617689164,-0.55125314,-0.0010335239,0.013946533
1751444645571,1617689164,-0.55125314,-0.0010335239,0.013946533
1751444645588,1617705831,-0.45893863,0.008338039,-0.033554077
1751444645588,1617705831,-0.45893863,0.008338039,-0.033554077
1751444645604,1617722498,-0.6753635,0.16604386,-0.018759727
1751444645604,1617722498,-0.6753635,0.16604386,-0.018759727
1751444645621,1617739165,-0.5878207,0.06672069,0.0063152313
1751444645621,1617739165,-0.5878207,0.06672069,0.0063152313
1751444645638,1617755832,-0.5390303,-0.0047789305,-0.06572151
1751444645638,1617755832,-0.5390303,-0.0047789305,-0.06572151
1751444645654,1617772499,-0.49976635,0.07812353,-0.056485176
1751444645654,1617772499,-0.49976635,0.07812353,-0.056485176
1751444645671,1617789166,-0.47346196,0.12664574,-0.10953045
1751444645671,1617789166,-0.47346196,0.12664574,-0.10953045
1751444645688,1617805833,-0.33097056,0.1381988,-0.082927704
1751444645688,1617805833,-0.33097056,0.1381988,-0.082927704
1751444645704,1617822500,-0.07360044,0.12320593,-0.021409035
1751444645704,1617822500,-0.07360044,0.12320593,-0.021409035
1751444645721,1617839167,-0.04694187,0.046998348,0.14202309
1751444645721,1617839167,-0.04694187,0.046998348,0.14202309
1751444645738,1617855834,0.22694103,-0.1654463,0.15664196
1751444645738,1617855834,0.22694103,-0.1654463,0.15664196
1751444645754,1617872501,0.12449671,0.2051711,0.110422134
1751444645754,1617872501,0.12449671,0.2051711,0.110422134
1751444645771,1617889168,0.17070226,0.30559072,0.3122177
1751444645771,1617889168,0.17070226,0.30559072,0.3122177
1751444645788,1617905835,-0.18911129,0.4653033,0.5365143
1751444645788,1617905835,-0.18911129,0.4653033,0.5365143
1751444645804,1617922502,-0.15099393,0.43787083,0.9182577
1751444645804,1617922502,-0.15099393,0.43787083,0.9182577
1751444645821,1617939169,0.021586519,0.5505431,1.4641123
1751444645821,1617939169,0.021586519,0.5505431,1.4641123
1751444645838,1617955836,-0.61379606,-0.08132083,2.0067616
1751444645838,1617955836,-0.61379606,-0.08132083,2.0067616
1751444645854,1617972503,1.6945653,2.5572324,3.7289238
1751444645854,1617972503,1.6945653,2.5572324,3.7289238
1751444645871,1617989170,1.0566124,1.5361494,3.5876846
1751444645871,1617989170,1.0566124,1.5361494,3.5876846
1751444645888,1618005837,1.5871233,2.3439622,3.2534971
1751444645888,1618005837,1.5871233,2.3439622,3.2534971
1751444645904,1618022504,2.4227793,2.0599866,2.8283443
1751444645904,1618022504,2.4227793,2.0599866,2.8283443
1751444645921,1618039171,3.2476335,2.7730832,2.9249716
1751444645921,1618039171,3.2476335,2.7730832,2.9249716
1751444645938,1618055838,3.2094343,4.2173533,2.7765303
1751444645938,1618055838,3.2094343,4.2173533,2.7765303
1751444645954,1618072505,4.2617097,3.9463706,2.1476269
1751444645954,1618072505,4.2617097,3.9463706,2.1476269
1751444645971,1618089172,6.621215,2.2545452,1.137351
1751444645971,1618089172,6.621215,2.2545452,1.137351
1751444645988,1618105839,7.857335,1.3195591,-0.124331474
1751444645988,1618105839,7.857335,1.3195591,-0.124331474
1751444646004,1618122506,8.173525,0.2566055,-1.1487865
1751444646004,1618122506,8.173525,0.2566055,-1.1487865
1751444646021,1618139173,8.140146,-3.7992911,-3.0622296
1751444646021,1618139173,8.140146,-3.7992911,-3.0622296
1751444646038,1618155840,7.256873,-6.4375467,-4.3583565
1751444646038,1618155840,7.256873,-6.4375467,-4.3583565
1751444646054,1618172507,1.8873802,-4.2625494,-1.7311678
1751444646054,1618172507,1.8873802,-4.2625494,-1.7311678
1751444646071,1618189174,0.98675984,3.7019732,2.5029755
1751444646071,1618189174,0.98675984,3.7019732,2.5029755
1751444646088,1618205841,3.8540442,4.6293654,1.6132164
1751444646088,1618205841,3.8540442,4.6293654,1.6132164
1751444646104,1618222508,7.534907,-1.5239632,-5.753543
1751444646104,1618222508,7.534907,-1.5239632,-5.753543
1751444646121,1618239175,6.4472594,-2.220366,-8.193004
1751444646121,1618239175,6.4472594,-2.220366,-8.193004
1751444646138,1618255842,3.836193,-1.1449058,-6.2140636
1751444646138,1618255842,3.836193,-1.1449058,-6.2140636
1751444646154,1618272509,4.9213214,-1.2399336,-5.6801047
1751444646154,1618272509,4.9213214,-1.2399336,-5.6801047
1751444646171,1618289176,6.551103,-2.00342,-5.801479
1751444646171,1618289176,6.551103,-2.00342,-5.801479
1751444646188,1618305843,5.7873187,-1.7998791,-4.8126955
1751444646188,1618305843,5.7873187,-1.7998791,-4.8126955
1751444646204,1618322510,5.0712414,-1.6834625,-3.7869892
1751444646204,1618322510,5.0712414,-1.6834625,-3.7869892
1751444646221,1618339177,5.165021,-1.638323,-2.7440715
1751444646221,1618339177,5.165021,-1.638323,-2.7440715
1751444646238,1618355844,4.1248555,-0.8791166,-0.61497307
1751444646238,1618355844,4.1248555,-0.8791166,-0.61497307
1751444646254,1618372511,2.488701,0.008451025,2.1589928
1751444646254,1618372511,2.488701,0.008451025,2.1589928
1751444646271,1618389178,0.9102093,0.14166497,4.0502176
1751444646271,1618389178,0.9102093,0.14166497,4.0502176
1751444646288,1618405845,0.0023621407,-0.50480914,4.450657
1751444646288,1618405845,0.0023621407,-0.50480914,4.450657
1751444646304,1618422512,-1.3184564,-0.46856317,4.607439
1751444646304,1618422512,-1.3184564,-0.46856317,4.607439
1751444646321,1618439179,-2.9351816,0.10695072,5.3469524
1751444646321,1618439179,-2.9351816,0.10695072,5.3469524
1751444646338,1618455846,-3.3166194,-0.32251152,5.884197
1751444646338,1618455846,-3.3166194,-0.32251152,5.884197
1751444646354,1618472513,-5.3690405,-0.45958152,5.513813
1751444646354,1618472513,-5.3690405,-0.45958152,5.513813
1751444646371,1618489180,-8.291662,0.041222047,4.8625507
