timestamp_ms,timestamp_μs,freeAcceleration_m/s²_x,freeAcceleration_m/s²_y,freeAcceleration_m/s²_z
1750940648052,229400675,-0.04828939,0.21918139,0.12863731
1750940648052,229400675,-0.04828939,0.21918139,0.12863731
1750940648069,229417342,0.061990786,0.29744858,0.1624279
1750940648069,229417342,0.061990786,0.29744858,0.1624279
1750940648085,229434009,0.25934157,0.32750693,0.22373962
1750940648085,229434009,0.25934157,0.32750693,0.22373962
1750940648102,229450676,0.38217768,0.3348006,0.2512045
1750940648102,229450676,0.38217768,0.3348006,0.2512045
1750940648119,229467343,0.40915158,0.41864324,0.3004341
1750940648119,229467343,0.40915158,0.41864324,0.3004341
1750940648135,229484010,0.4369832,0.47696558,0.34514904
1750940648135,229484010,0.4369832,0.47696558,0.34514904
1750940648152,229500677,0.5349148,0.567915,0.5453701
1750940648152,229500677,0.5349148,0.567915,0.5453701
1750940648169,229517344,0.46556222,0.8150903,0.82297325
1750940648169,229517344,0.46556222,0.8150903,0.82297325
1750940648185,229534011,0.5669231,1.0762872,1.0409346
1750940648185,229534011,0.5669231,1.0762872,1.0409346
1750940648202,229550678,0.88299173,1.3550146,1.2970734
1750940648202,229550678,0.88299173,1.3550146,1.2970734
1750940648219,229567345,1.431805,1.4818387,1.8935213
1750940648219,229567345,1.431805,1.4818387,1.8935213
1750940648235,229584012,1.9042765,1.6936926,2.2578688
1750940648235,229584012,1.9042765,1.6936926,2.2578688
1750940648252,229600679,2.5248992,1.9007918,2.180584
1750940648252,229600679,2.5248992,1.9007918,2.180584
1750940648269,229617346,2.3995557,2.4092999,2.1827078
1750940648269,229617346,2.3995557,2.4092999,2.1827078
1750940648285,229634013,3.6478503,2.476651,2.343587
1750940648285,229634013,3.6478503,2.476651,2.343587
1750940648302,229650680,4.5422997,3.4798126,2.542963
1750940648302,229650680,4.5422997,3.4798126,2.542963
1750940648319,229667347,4.973781,5.0473595,2.8634682
1750940648319,229667347,4.973781,5.0473595,2.8634682
1750940648335,229684014,6.413901,5.308737,2.115613
1750940648335,229684014,6.413901,5.308737,2.115613
1750940648352,229700681,6.158189,4.6587224,1.1020756
1750940648352,229700681,6.158189,4.6587224,1.1020756
1750940648369,229717348,7.694824,1.1052711,1.0201693
1750940648369,229717348,7.694824,1.1052711,1.0201693
1750940648385,229734015,5.843829,-1.550636,2.1617413
1750940648385,229734015,5.843829,-1.550636,2.1617413
1750940648402,229750682,4.5940604,0.21863657,2.0517817
1750940648402,229750682,4.5940604,0.21863657,2.0517817
1750940648419,229767349,4.31344,2.2698429,0.5525532
1750940648419,229767349,4.31344,2.2698429,0.5525532
1750940648435,229784016,2.562688,1.4703864,0.14218807
1750940648435,229784016,2.562688,1.4703864,0.14218807
1750940648452,229800683,2.1371021,1.0373493,-0.7509327
1750940648452,229800683,2.1371021,1.0373493,-0.7509327
1750940648469,229817350,4.257724,-0.22626379,-1.160574
1750940648469,229817350,4.257724,-0.22626379,-1.160574
1750940648485,229834017,7.900548,0.74137133,-4.216531
1750940648485,229834017,7.900548,0.74137133,-4.216531
1750940648502,229850684,5.170619,2.7231174,-6.347974
1750940648502,229850684,5.170619,2.7231174,-6.347974
1750940648519,229867351,3.0328014,3.6171966,-5.887704
1750940648519,229867351,3.0328014,3.6171966,-5.887704
1750940648535,229884018,2.5267444,2.664387,-5.413467
1750940648535,229884018,2.5267444,2.664387,-5.413467
1750940648552,229900685,3.475439,1.9199923,-4.824735
1750940648552,229900685,3.475439,1.9199923,-4.824735
1750940648569,229917352,3.2994072,1.30415,-3.8779202
1750940648569,229917352,3.2994072,1.30415,-3.8779202
1750940648585,229934019,2.658031,1.8733913,-3.2129703
1750940648585,229934019,2.658031,1.8733913,-3.2129703
1750940648602,229950686,3.0272417,2.3680232,-2.46164
1750940648602,229950686,3.0272417,2.3680232,-2.46164
1750940648619,229967353,2.27658,2.7303543,-1.3912401
1750940648619,229967353,2.27658,2.7303543,-1.3912401
1750940648635,229984020,1.1364362,2.2725205,-0.14778233
1750940648635,229984020,1.1364362,2.2725205,-0.14778233
1750940648652,230000687,0.67725253,2.0854185,1.1084137
1750940648652,230000687,0.67725253,2.0854185,1.1084137
1750940648669,230017354,-0.43972194,1.9747083,2.4275331
1750940648669,230017354,-0.43972194,1.9747083,2.4275331
1750940648685,230034021,-1.474692,0.99143755,3.457139
1750940648685,230034021,-1.474692,0.99143755,3.457139
1750940648702,230050688,-2.0774488,-0.18775713,3.8305674
1750940648702,230050688,-2.0774488,-0.18775713,3.8305674
1750940648719,230067355,-2.9831889,-0.9307176,3.955162
1750940648719,230067355,-2.9831889,-0.9307176,3.955162
1750940648735,230084022,-3.7326868,-1.3529721,3.8369741
1750940648735,230084022,-3.7326868,-1.3529721,3.8369741
1750940648752,230100689,-4.1287374,-1.586919,4.0830812
1750940648752,230100689,-4.1287374,-1.586919,4.0830812
1750940648769,230117356,-5.0786996,-2.5474076,4.6901817
1750940648769,230117356,-5.0786996,-2.5474076,4.6901817
1750940648785,230134023,-5.3909807,-3.6167872,4.6801834
1750940648785,230134023,-5.3909807,-3.6167872,4.6801834
1750940648802,230150690,-5.665918,-6.2050996,4.654887
1750940648802,230150690,-5.665918,-6.2050996,4.654887
1750940648819,230167357,-10.659574,-6.9988737,-0.15215969
1750940648819,230167357,-10.659574,-6.9988737,-0.15215969
1750940648835,230184024,-11.747284,-6.2997017,-1.060689
1750940648835,230184024,-11.747284,-6.2997017,-1.060689
1750940648852,230200691,-9.698861,-6.3083496,-2.181682
1750940648852,230200691,-9.698861,-6.3083496,-2.181682
1750940648869,230217358,-10.407645,-5.7158103,-5.111236
1750940648869,230217358,-10.407645,-5.7158103,-5.111236
1750940648885,230234025,-12.225939,-6.9159656,-9.107043
1750940648885,230234025,-12.225939,-6.9159656,-9.107043
1750940648902,230250692,-11.918729,-7.403946,-11.386033
1750940648902,230250692,-11.918729,-7.403946,-11.386033
1750940648919,230267359,-8.885666,-8.601195,-9.257696
1750940648919,230267359,-8.885666,-8.601195,-9.257696
1750940648935,230284026,-8.550776,-8.6612,-8.637499
1750940648935,230284026,-8.550776,-8.6612,-8.637499
1750940648952,230300693,-9.782755,-8.147153,-8.7873
1750940648952,230300693,-9.782755,-8.147153,-8.7873
1750940648969,230317360,-5.0648656,-0.05665841,-0.18135643
1750940648969,230317360,-5.0648656,-0.05665841,-0.18135643
1750940648985,230334027,-1.4042816,3.1553888,7.10651
1750940648985,230334027,-1.4042816,3.1553888,7.10651
1750940649002,230350694,-7.947766,-1.7205654,2.7294855
1750940649002,230350694,-7.947766,-1.7205654,2.7294855
1750940649019,230367361,-5.2552953,-4.8833528,6.063837
1750940649019,230367361,-5.2552953,-4.8833528,6.063837
1750940649035,230384028,-1.8134277,-8.118772,2.4821205
1750940649035,230384028,-1.8134277,-8.118772,2.4821205
1750940649052,230400695,-1.7650263,-2.9692948,2.6573763
1750940649052,230400695,-1.7650263,-2.9692948,2.6573763
1750940649069,230417362,-2.8212123,-0.8614662,0.4793291
1750940649069,230417362,-2.8212123,-0.8614662,0.4793291
1750940649085,230434029,-1.5410811,-0.8007536,-1.0556068
1750940649085,230434029,-1.5410811,-0.8007536,-1.0556068
1750940649102,230450696,-1.9500186,0.3614278,-1.0334702
1750940649102,230450696,-1.9500186,0.3614278,-1.0334702
1750940649119,230467363,-0.851262,0.25007278,0.16248894
1750940649119,230467363,-0.851262,0.25007278,0.16248894
1750940649135,230484030,-0.21074447,0.50607455,1.2915859
1750940649135,230484030,-0.21074447,0.50607455,1.2915859
1750940649152,230500697,-0.09259091,1.3214095,1.9347305
1750940649152,230500697,-0.09259091,1.3214095,1.9347305
1750940649169,230517364,0.36845636,0.8903948,1.2837067
1750940649169,230517364,0.36845636,0.8903948,1.2837067
1750940649185,230534031,1.101293,0.3576605,-0.22061825
1750940649185,230534031,1.101293,0.3576605,-0.22061825
1750940649202,230550698,0.986803,0.26408526,-0.04454899
1750940649202,230550698,0.986803,0.26408526,-0.04454899
1750940649219,230567365,1.2773808,0.40134087,-0.12931728
1750940649219,230567365,1.2773808,0.40134087,-0.12931728
1750940649235,230584032,0.7187572,0.9895008,-0.10206604
1750940649235,230584032,0.7187572,0.9895008,-0.10206604
1750940649252,230600699,0.5385753,0.98996425,0.023907661
1750940649252,230600699,0.5385753,0.98996425,0.023907661
1750940649269,230617366,1.001257,0.84301096,0.06565666
1750940649269,230617366,1.001257,0.84301096,0.06565666
1750940649285,230634033,1.5173023,0.9257216,-0.070570946
1750940649285,230634033,1.5173023,0.9257216,-0.070570946
1750940649302,230650700,2.241639,1.0801268,-0.23742199
1750940649302,230650700,2.241639,1.0801268,-0.23742199
1750940649319,230667367,2.565871,0.80604726,-0.24483395
1750940649319,230667367,2.565871,0.80604726,-0.24483395
1750940649335,230684034,2.193299,0.9071156,-0.22768211
1750940649335,230684034,2.193299,0.9071156,-0.22768211
1750940649352,230700701,1.9925107,0.9954334,-0.15726852
1750940649352,230700701,1.9925107,0.9954334,-0.15726852
1750940649369,230717368,1.7092597,0.9842648,-0.27609062
1750940649369,230717368,1.7092597,0.9842648,-0.27609062
1750940649385,230734035,1.2333474,1.0520117,-0.35108852
1750940649385,230734035,1.2333474,1.0520117,-0.35108852
1750940649402,230750702,1.7336866,0.7898296,-0.42395973
1750940649402,230750702,1.7336866,0.7898296,-0.42395973
1750940649419,230767369,1.5874672,0.80450416,-0.09537506
1750940649419,230767369,1.5874672,0.80450416,-0.09537506
1750940649435,230784036,1.3630011,1.1360238,0.07993984
1750940649435,230784036,1.3630011,1.1360238,0.07993984
1750940649452,230800703,1.2737777,1.3179513,0.09939957
1750940649452,230800703,1.2737777,1.3179513,0.09939957
1750940649469,230817370,1.3780224,1.4001249,0.05874443
1750940649469,230817370,1.3780224,1.4001249,0.05874443
1750940649485,230834037,1.8706852,1.3213298,-0.051398277
1750940649485,230834037,1.8706852,1.3213298,-0.051398277
1750940649502,230850704,2.1429658,1.2640636,-0.07156277
1750940649502,230850704,2.1429658,1.2640636,-0.07156277
1750940649519,230867371,2.2399771,1.3169572,0.058835983
1750940649519,230867371,2.2399771,1.3169572,0.058835983
1750940649535,230884038,2.2853873,1.4571068,0.25511456
1750940649535,230884038,2.2853873,1.4571068,0.25511456
1750940649552,230900705,2.1361084,1.55031,0.28499603
1750940649552,230900705,2.1361084,1.55031,0.28499603
1750940649569,230917372,2.4114048,1.4550717,0.11922264
1750940649569,230917372,2.4114048,1.4550717,0.11922264
1750940649585,230934039,2.2408953,1.7665101,0.24933815
1750940649585,230934039,2.2408953,1.7665101,0.24933815
1750940649602,230950706,2.6398191,2.1612916,0.46486568
1750940649602,230950706,2.6398191,2.1612916,0.46486568
1750940649619,230967373,3.1948602,2.6616838,0.74322224
1750940649619,230967373,3.1948602,2.6616838,0.74322224
1750940649635,230984040,2.7360954,3.2056017,1.0385551
1750940649635,230984040,2.7360954,3.2056017,1.0385551
1750940649652,231000707,3.220239,3.4479835,0.9345293
1750940649652,231000707,3.220239,3.4479835,0.9345293
1750940649669,231017374,2.8424737,3.9363837,0.96278286
1750940649669,231017374,2.8424737,3.9363837,0.96278286
1750940649685,231034041,3.3467553,4.8105807,1.1739063
1750940649685,231034041,3.3467553,4.8105807,1.1739063
1750940649702,231050708,4.7661524,5.633466,1.1560421
1750940649702,231050708,4.7661524,5.633466,1.1560421
1750940649719,231067375,6.2462583,6.8445783,0.98563385
1750940649719,231067375,6.2462583,6.8445783,0.98563385
1750940649735,231084042,8.0011835,9.793256,0.8292723
1750940649735,231084042,8.0011835,9.793256,0.8292723
1750940649752,231100709,9.760899,11.3818655,-0.62511253
1750940649752,231100709,9.760899,11.3818655,-0.62511253
1750940649769,231117376,12.395051,11.450683,-1.7390013
1750940649769,231117376,12.395051,11.450683,-1.7390013
1750940649785,231134043,12.389715,2.936918,0.41631508
1750940649785,231134043,12.389715,2.936918,0.41631508
1750940649802,231150710,10.451324,1.7821891,2.5426846
1750940649802,231150710,10.451324,1.7821891,2.5426846
1750940649819,231167377,9.041428,7.679079,1.8030367
1750940649819,231167377,9.041428,7.679079,1.8030367
1750940649835,231184044,3.7713735,9.502172,-2.208633
1750940649835,231184044,3.7713735,9.502172,-2.208633
1750940649852,231200711,4.0683737,6.894122,-3.2105546
1750940649852,231200711,4.0683737,6.894122,-3.2105546
1750940649869,231217378,6.1046786,1.1377906,-3.6653023
1750940649869,231217378,6.1046786,1.1377906,-3.6653023
1750940649885,231234045,7.5726924,0.38131374,-1.8998141
1750940649885,231234045,7.5726924,0.38131374,-1.8998141
1750940649902,231250712,8.45831,0.033695135,-7.407859
1750940649902,231250712,8.45831,0.033695135,-7.407859
1750940649919,231267379,5.3105927,1.9419038,-8.587229
1750940649919,231267379,5.3105927,1.9419038,-8.587229
1750940649935,231284046,4.092341,3.153332,-8.580835
1750940649935,231284046,4.092341,3.153332,-8.580835
1750940649952,231300713,4.4628386,3.377327,-8.9622345
1750940649952,231300713,4.4628386,3.377327,-8.9622345
1750940649969,231317380,3.6793463,3.1697357,-8.232176
1750940649969,231317380,3.6793463,3.1697357,-8.232176
1750940649985,231334047,3.4392428,3.3316596,-6.917058
1750940649985,231334047,3.4392428,3.3316596,-6.917058
1750940650002,231350714,3.5874918,3.6685014,-5.6717052
1750940650002,231350714,3.5874918,3.6685014,-5.6717052
1750940650019,231367381,4.2102222,3.6631825,-4.5513983
1750940650019,231367381,4.2102222,3.6631825,-4.5513983
1750940650035,231384048,3.3459215,4.480171,-2.7441835
1750940650035,231384048,3.3459215,4.480171,-2.7441835
1750940650052,231400715,2.459853,4.790315,-1.1938362
1750940650052,231400715,2.459853,4.790315,-1.1938362
1750940650069,231417382,2.7695575,4.048996,0.5556917
1750940650069,231417382,2.7695575,4.048996,0.5556917
1750940650085,231434049,3.0917761,2.5899813,1.7683897
1750940650085,231434049,3.0917761,2.5899813,1.7683897
1750940650102,231450716,2.1798918,1.8971431,3.3730965
1750940650102,231450716,2.1798918,1.8971431,3.3730965
1750940650119,231467383,2.093584,1.0182179,5.175497
1750940650119,231467383,2.093584,1.0182179,5.175497
1750940650135,231484050,1.3474756,-0.05932928,6.421644
1750940650135,231484050,1.3474756,-0.05932928,6.421644
1750940650152,231500717,0.91640145,-1.2914176,8.239618
1750940650152,231500717,0.91640145,-1.2914176,8.239618
1750940650169,231517384,1.0121301,-3.7755897,10.488674
1750940650169,231517384,1.0121301,-3.7755897,10.488674
1750940650185,231534051,0.25594133,-9.159728,12.742641
1750940650185,231534051,0.25594133,-9.159728,12.742641
1750940650202,231550718,-10.408661,-9.798827,4.7275
1750940650202,231550718,-10.408661,-9.798827,4.7275
1750940650219,231567385,-11.630659,-12.907782,1.3609276
1750940650219,231567385,-11.630659,-12.907782,1.3609276
1750940650235,231584052,-18.636816,-13.389795,-7.229092
1750940650235,231584052,-18.636816,-13.389795,-7.229092
1750940650252,231600719,-17.201347,-9.998807,-10.12403
1750940650252,231600719,-17.201347,-9.998807,-10.12403
1750940650269,231617386,-8.661834,-12.637067,-7.032257
1750940650269,231617386,-8.661834,-12.637067,-7.032257
1750940650285,231634053,-8.193758,-13.088984,-4.580295
1750940650285,231634053,-8.193758,-13.088984,-4.580295
1750940650302,231650720,-3.0419517,0.21089944,2.604557
1750940650302,231650720,-3.0419517,0.21089944,2.604557
1750940650319,231667387,0.5950838,7.5553102,6.1303043
1750940650319,231667387,0.5950838,7.5553102,6.1303043
1750940650335,231684054,-7.5976844,2.4048264,1.440278
1750940650335,231684054,-7.5976844,2.4048264,1.440278
1750940650352,231700721,-2.4156055,-5.6914215,5.4715166
1750940650352,231700721,-2.4156055,-5.6914215,5.4715166
1750940650369,231717388,8.24091,-16.286453,3.9166536
1750940650369,231717388,8.24091,-16.286453,3.9166536
1750940650385,231734055,-0.6479433,-3.4313073,3.3212433
1750940650385,231734055,-0.6479433,-3.4313073,3.3212433
1750940650402,231750722,-13.125364,6.8897038,1.313448
1750940650402,231750722,-13.125364,6.8897038,1.313448
1750940650419,231767389,-4.1182575,3.7486238,2.4336195
1750940650419,231767389,-4.1182575,3.7486238,2.4336195
1750940650435,231784056,-0.28247032,-0.4552284,-2.344955
1750940650435,231784056,-0.28247032,-0.4552284,-2.344955
1750940650452,231800723,0.9256244,-0.4447091,-0.46933365
1750940650452,231800723,0.9256244,-0.4447091,-0.46933365
1750940650469,231817390,0.8187896,0.0008509138,1.8857641
1750940650469,231817390,0.8187896,0.0008509138,1.8857641
1750940650485,231834057,0.22967577,0.7826674,1.246952
1750940650485,231834057,0.22967577,0.7826674,1.246952
1750940650502,231850724,0.5215475,1.1777891,1.1029196
1750940650502,231850724,0.5215475,1.1777891,1.1029196
1750940650519,231867391,0.7973987,0.36598235,-0.0426445
1750940650519,231867391,0.7973987,0.36598235,-0.0426445
1750940650535,231884058,1.7891253,0.2342209,-0.041719437
1750940650535,231884058,1.7891253,0.2342209,-0.041719437
1750940650552,231900725,1.7870525,0.69332856,-0.12928963
1750940650552,231900725,1.7870525,0.69332856,-0.12928963
1750940650569,231917392,1.2927221,1.4788425,-0.3025236
1750940650569,231917392,1.2927221,1.4788425,-0.3025236
1750940650585,231934059,1.7215862,1.4292305,0.10247803
1750940650585,231934059,1.7215862,1.4292305,0.10247803
1750940650602,231950726,2.177851,1.2568341,-0.0013637543
1750940650602,231950726,2.177851,1.2568341,-0.0013637543
1750940650619,231967393,2.7444346,0.80250674,-0.56106377
1750940650619,231967393,2.7444346,0.80250674,-0.56106377
1750940650635,231984060,3.0911648,0.49705997,-0.67789173
1750940650635,231984060,3.0911648,0.49705997,-0.67789173
1750940650652,232000727,2.4578936,0.98032594,-0.5801115
1750940650652,232000727,2.4578936,0.98032594,-0.5801115
1750940650669,232017394,2.0341375,1.3244011,-0.27547073
1750940650669,232017394,2.0341375,1.3244011,-0.27547073
1750940650685,232034061,1.2481339,1.4079329,-0.04566288
1750940650685,232034061,1.2481339,1.4079329,-0.04566288
1750940650702,232050728,1.2656096,1.2912441,0.17862225
1750940650702,232050728,1.2656096,1.2912441,0.17862225
1750940650719,232067395,1.0481378,0.9776525,-0.101475716
1750940650719,232067395,1.0481378,0.9776525,-0.101475716
1750940650735,232084062,0.9890198,1.0406572,0.15304375
1750940650735,232084062,0.9890198,1.0406572,0.15304375
1750940650752,232100729,0.6551736,1.0356698,0.30051613
1750940650752,232100729,0.6551736,1.0356698,0.30051613
1750940650769,232117396,0.71761405,1.102693,0.32574844
1750940650769,232117396,0.71761405,1.102693,0.32574844
1750940650785,232134063,0.84527016,1.1741676,0.26018333
1750940650785,232134063,0.84527016,1.1741676,0.26018333
1750940650802,232150730,1.4165897,1.1708536,0.049922943
1750940650802,232150730,1.4165897,1.1708536,0.049922943
1750940650819,232167397,1.8071849,1.152115,0.030742645
1750940650819,232167397,1.8071849,1.152115,0.030742645
1750940650835,232184064,2.0000315,1.3109859,0.12529182
1750940650835,232184064,2.0000315,1.3109859,0.12529182
1750940650852,232200731,2.373343,1.44276,0.19810295
1750940650852,232200731,2.373343,1.44276,0.19810295
1750940650869,232217398,2.3370292,1.7921501,0.39022255
1750940650869,232217398,2.3370292,1.7921501,0.39022255
1750940650885,232234065,2.3768241,2.0530527,0.47155285
1750940650885,232234065,2.3768241,2.0530527,0.47155285
1750940650902,232250732,2.2609515,2.347839,0.4524908
1750940650902,232250732,2.2609515,2.347839,0.4524908
1750940650919,232267399,1.8807867,2.8462431,0.71812916
1750940650919,232267399,1.8807867,2.8462431,0.71812916
1750940650935,232284066,2.782407,3.0289779,0.8172188
1750940650935,232284066,2.782407,3.0289779,0.8172188
1750940650952,232300733,3.943768,3.1414747,0.9741106
1750940650952,232300733,3.943768,3.1414747,0.9741106
1750940650969,232317400,4.0665994,3.6249423,1.062314
1750940650969,232317400,4.0665994,3.6249423,1.062314
1750940650985,232334067,4.812422,4.396609,1.2558794
1750940650985,232334067,4.812422,4.396609,1.2558794
1750940651002,232350734,5.7055354,5.6642137,1.5216532
1750940651002,232350734,5.7055354,5.6642137,1.5216532
1750940651019,232367401,6.771604,8.034666,1.7938652
1750940651019,232367401,6.771604,8.034666,1.7938652
1750940651035,232384068,8.760851,10.296782,1.2546053
1750940651035,232384068,8.760851,10.296782,1.2546053
1750940651052,232400735,11.091149,12.460789,-1.5634089
1750940651052,232400735,11.091149,12.460789,-1.5634089
1750940651069,232417402,11.823167,7.786941,-0.13249874
1750940651069,232417402,11.823167,7.786941,-0.13249874
1750940651085,232434069,11.358005,-0.69166106,0.92380047
1750940651085,232434069,11.358005,-0.69166106,0.92380047
1750940651102,232450736,10.912622,3.6807475,2.0146475
1750940651102,232450736,10.912622,3.6807475,2.0146475
1750940651119,232467403,7.737241,7.8641944,0.08465958
1750940651119,232467403,7.737241,7.8641944,0.08465958
1750940651135,232484070,4.6496186,6.4228067,-1.0309505
1750940651135,232484070,4.6496186,6.4228067,-1.0309505
1750940651152,232500737,5.8935237,3.5154681,-3.3713884
1750940651152,232500737,5.8935237,3.5154681,-3.3713884
1750940651169,232517404,6.5244584,1.6481525,-1.2706146
1750940651169,232517404,6.5244584,1.6481525,-1.2706146
1750940651185,232534071,9.6987705,2.0010266,-7.271388
1750940651185,232534071,9.6987705,2.0010266,-7.271388
1750940651202,232550738,5.490402,3.0051963,-9.364245
1750940651202,232550738,5.490402,3.0051963,-9.364245
1750940651219,232567405,4.5927787,3.3885453,-9.695883
1750940651219,232567405,4.5927787,3.3885453,-9.695883
1750940651235,232584072,3.9110963,2.7146256,-9.316513
1750940651235,232584072,3.9110963,2.7146256,-9.316513
1750940651252,232600739,3.7942085,2.2081823,-7.9173594
1750940651252,232600739,3.7942085,2.2081823,-7.9173594
1750940651269,232617406,3.5831864,1.8214194,-6.6362677
1750940651269,232617406,3.5831864,1.8214194,-6.6362677
1750940651285,232634073,3.9118187,2.2151787,-6.3808684
1750940651285,232634073,3.9118187,2.2151787,-6.3808684
1750940651302,232650740,4.4914274,2.8059766,-5.9127774
1750940651302,232650740,4.4914274,2.8059766,-5.9127774
1750940651319,232667407,3.9555445,3.3904307,-4.2685885
1750940651319,232667407,3.9555445,3.3904307,-4.2685885
1750940651335,232684074,3.2551587,3.5463479,-2.6146045
1750940651335,232684074,3.2551587,3.5463479,-2.6146045
1750940651352,232700741,2.4088302,4.030607,-0.37203598
1750940651352,232700741,2.4088302,4.030607,-0.37203598
1750940651369,232717408,2.8704398,4.0235176,1.5570021
1750940651369,232717408,2.8704398,4.0235176,1.5570021
1750940651385,232734075,1.7262976,1.7981635,4.155424
1750940651385,232734075,1.7262976,1.7981635,4.155424
1750940651402,232750742,3.1073956,-0.96113366,5.2185535
1750940651402,232750742,3.1073956,-0.96113366,5.2185535
1750940651419,232767409,2.828059,-1.3346041,6.7410965
1750940651419,232767409,2.828059,-1.3346041,6.7410965
1750940651435,232784076,2.0380824,-3.027833,8.334566
1750940651435,232784076,2.0380824,-3.027833,8.334566
1750940651452,232800743,1.5614532,-4.9341817,10.236231
1750940651452,232800743,1.5614532,-4.9341817,10.236231
1750940651469,232817410,1.0283614,-6.6564536,9.674557
1750940651469,232817410,1.0283614,-6.6564536,9.674557
1750940651485,232834077,-1.6112418,-8.76324,8.199249
1750940651485,232834077,-1.6112418,-8.76324,8.199249
1750940651502,232850744,-11.93865,-4.018136,4.007495
1750940651502,232850744,-11.93865,-4.018136,4.007495
1750940651519,232867411,-11.129918,-6.054183,0.9078045
1750940651519,232867411,-11.129918,-6.054183,0.9078045
1750940651535,232884078,-6.320678,-12.47556,-4.1663127
1750940651535,232884078,-6.320678,-12.47556,-4.1663127
1750940651552,232900745,-13.527178,-8.394809,-8.438067
1750940651552,232900745,-13.527178,-8.394809,-8.438067
1750940651569,232917412,-10.074847,-7.9705067,-6.1803317
1750940651569,232917412,-10.074847,-7.9705067,-6.1803317
1750940651585,232934079,-7.542735,-7.8825965,-3.9767804
1750940651585,232934079,-7.542735,-7.8825965,-3.9767804
1750940651602,232950746,-7.164545,-5.2655864,-2.7264833
1750940651602,232950746,-7.164545,-5.2655864,-2.7264833
1750940651619,232967413,-7.3644857,-2.7229645,-3.4918199
1750940651619,232967413,-7.3644857,-2.7229645,-3.4918199
1750940651635,232984080,-6.2749953,-1.4795145,-3.0513868
1750940651635,232984080,-6.2749953,-1.4795145,-3.0513868
1750940651652,233000747,-5.7074084,-1.5166001,-4.158981
1750940651652,233000747,-5.7074084,-1.5166001,-4.158981
1750940651669,233017414,5.1204143,5.9900737,6.630083
1750940651669,233017414,5.1204143,5.9900737,6.630083
1750940651685,233034081,0.9557387,1.870432,4.4289265
1750940651685,233034081,0.9557387,1.870432,4.4289265
1750940651702,233050748,-10.336143,3.826961,3.419963
1750940651702,233050748,-10.336143,3.826961,3.419963
1750940651719,233067415,-5.26729,-3.3372066,5.659136
1750940651719,233067415,-5.26729,-3.3372066,5.659136
1750940651735,233084082,0.42422774,-7.3601565,3.8788118
1750940651735,233084082,0.42422774,-7.3601565,3.8788118
1750940651752,233100749,-1.6559525,0.06323271,2.9675617
1750940651752,233100749,-1.6559525,0.06323271,2.9675617
1750940651769,233117416,-2.058389,1.3039424,-0.36519814
1750940651769,233117416,-2.058389,1.3039424,-0.36519814
1750940651785,233134083,-1.3255861,0.07389059,-2.1507978
1750940651785,233134083,-1.3255861,0.07389059,-2.1507978
1750940651802,233150750,-2.0674245,0.7394857,-1.285243
1750940651802,233150750,-2.0674245,0.7394857,-1.285243
1750940651819,233167417,-0.27101597,-0.3481715,1.3745241
1750940651819,233167417,-0.27101597,-0.3481715,1.3745241
1750940651835,233184084,-0.13926215,0.5068746,1.2235069
1750940651835,233184084,-0.13926215,0.5068746,1.2235069
1750940651852,233200751,-0.14466959,1.4889964,1.8783627
1750940651852,233200751,-0.14466959,1.4889964,1.8783627
1750940651869,233217418,0.22819707,1.0906738,1.832263
1750940651869,233217418,0.22819707,1.0906738,1.832263
1750940651885,233234085,0.42980143,0.8077062,-0.21105862
1750940651885,233234085,0.42980143,0.8077062,-0.21105862
1750940651902,233250752,1.1948825,-0.17060398,-0.51323986
1750940651902,233250752,1.1948825,-0.17060398,-0.51323986
1750940651919,233267419,1.0137906,0.0710294,0.040504456
1750940651919,233267419,1.0137906,0.0710294,0.040504456
1750940651935,233284086,0.2293434,0.9293159,0.53707886
1750940651935,233284086,0.2293434,0.9293159,0.53707886
1750940651952,233300753,0.31525514,1.1382903,-0.06289673
1750940651952,233300753,0.31525514,1.1382903,-0.06289673
1750940651969,233317420,1.1272563,0.8794564,-0.33139992
1750940651969,233317420,1.1272563,0.8794564,-0.33139992
1750940651985,233334087,1.9761084,0.5716177,-0.00070858
1750940651985,233334087,1.9761084,0.5716177,-0.00070858
1750940652002,233350754,2.226625,0.4977068,-0.098032
1750940652002,233350754,2.226625,0.4977068,-0.098032
1750940652019,233367421,1.9106122,0.76175874,-0.09762573
1750940652019,233367421,1.9106122,0.76175874,-0.09762573
1750940652035,233384088,1.4903965,1.0638996,-0.09667015
1750940652035,233384088,1.4903965,1.0638996,-0.09667015
1750940652052,233400755,1.1894375,1.1196042,-0.22432041
1750940652052,233400755,1.1894375,1.1196042,-0.22432041
1750940652069,233417422,0.69553614,1.0732359,-0.35080147
1750940652069,233417422,0.69553614,1.0732359,-0.35080147
1750940652085,233434089,1.0027465,0.7580995,-0.3033676
1750940652085,233434089,1.0027465,0.7580995,-0.3033676
1750940652102,233450756,1.0005783,0.6628126,-0.22987366
1750940652102,233450756,1.0005783,0.6628126,-0.22987366
1750940652119,233467423,1.1845373,0.7977884,-0.22606373
1750940652119,233467423,1.1845373,0.7977884,-0.22606373
1750940652135,233484090,1.174346,1.0047511,-0.11491585
1750940652135,233484090,1.174346,1.0047511,-0.11491585
1750940652152,233500757,1.1108972,1.308447,-0.023992538
1750940652152,233500757,1.1108972,1.308447,-0.023992538
1750940652169,233517424,1.3159626,1.3609338,0.015872002
1750940652169,233517424,1.3159626,1.3609338,0.015872002
1750940652185,233534091,1.3302929,1.3302323,0.02370739
1750940652185,233534091,1.3302929,1.3302323,0.02370739
1750940652202,233550758,1.7255046,1.3326209,0.27465248
1750940652202,233550758,1.7255046,1.3326209,0.27465248
1750940652219,233567425,1.6560014,1.4536691,0.34432697
1750940652219,233567425,1.6560014,1.4536691,0.34432697
1750940652235,233584092,1.1179855,1.42623,0.15484428
1750940652235,233584092,1.1179855,1.42623,0.15484428
1750940652252,233600759,1.4018648,1.2311732,0.22987938
1750940652252,233600759,1.4018648,1.2311732,0.22987938
1750940652269,233617426,2.045531,1.2426109,0.693799
1750940652269,233617426,2.045531,1.2426109,0.693799
1750940652285,233634093,2.6902752,1.3080779,0.81527615
1750940652285,233634093,2.6902752,1.3080779,0.81527615
1750940652302,233650760,2.7153897,1.6106665,0.7771015
1750940652302,233650760,2.7153897,1.6106665,0.7771015
1750940652319,233667427,2.6485891,2.1338723,0.78512764
1750940652319,233667427,2.6485891,2.1338723,0.78512764
1750940652335,233684094,2.1270857,2.6503048,1.1561031
1750940652335,233684094,2.1270857,2.6503048,1.1561031
1750940652352,233700761,2.6394706,3.46371,1.2922277
1750940652352,233700761,2.6394706,3.46371,1.2922277
1750940652369,233717428,2.6011505,3.9213686,1.8306551
1750940652369,233717428,2.6011505,3.9213686,1.8306551
1750940652385,233734095,3.430224,4.696575,1.5139618
1750940652385,233734095,3.430224,4.696575,1.5139618
1750940652402,233750762,4.6257143,5.34035,1.5381784
1750940652402,233750762,4.6257143,5.34035,1.5381784
1750940652419,233767429,6.336407,6.3820343,1.4748621
1750940652419,233767429,6.336407,6.3820343,1.4748621
1750940652435,233784096,6.4773393,9.063256,1.2557583
1750940652435,233784096,6.4773393,9.063256,1.2557583
1750940652452,233800763,8.675727,8.833899,-1.3468676
1750940652452,233800763,8.675727,8.833899,-1.3468676
1750940652469,233817430,9.3329315,6.929979,-0.64461803
1750940652469,233817430,9.3329315,6.929979,-0.64461803
1750940652485,233834097,6.02401,1.9675653,-0.060313225
1750940652485,233834097,6.02401,1.9675653,-0.060313225
1750940652502,233850764,8.574409,4.456174,1.4208498
1750940652502,233850764,8.574409,4.456174,1.4208498
1750940652519,233867431,5.7024817,4.8414416,1.6571894
1750940652519,233867431,5.7024817,4.8414416,1.6571894
1750940652535,233884098,2.7222202,5.320493,0.17380238
1750940652535,233884098,2.7222202,5.320493,0.17380238
1750940652552,233900765,1.8346645,3.4581027,-0.35174656
1750940652552,233900765,1.8346645,3.4581027,-0.35174656
1750940652569,233917432,6.106539,1.2996393,-3.467945
1750940652569,233917432,6.106539,1.2996393,-3.467945
1750940652585,233934099,7.760658,1.6161761,-4.0998244
1750940652585,233934099,7.760658,1.6161761,-4.0998244
1750940652602,233950766,7.9203577,2.7318938,-8.803295
1750940652602,233950766,7.9203577,2.7318938,-8.803295
1750940652619,233967433,5.6706004,3.1642365,-10.124629
1750940652619,233967433,5.6706004,3.1642365,-10.124629
1750940652635,233984100,4.3013196,3.502124,-9.008086
1750940652635,233984100,4.3013196,3.502124,-9.008086
1750940652652,234000767,2.7559528,2.3301988,-6.866748
1750940652652,234000767,2.7559528,2.3301988,-6.866748
1750940652669,234017434,3.091697,1.7813467,-6.0588593
1750940652669,234017434,3.091697,1.7813467,-6.0588593
1750940652685,234034101,4.2006426,2.1509383,-5.825156
1750940652685,234034101,4.2006426,2.1509383,-5.825156
1750940652702,234050768,4.699007,3.3772511,-5.3425593
1750940652702,234050768,4.699007,3.3772511,-5.3425593
1750940652719,234067435,4.130542,4.2220416,-4.2799306
1750940652719,234067435,4.130542,4.2220416,-4.2799306
1750940652735,234084102,3.5255866,4.86047,-2.3522873
1750940652735,234084102,3.5255866,4.86047,-2.3522873
1750940652752,234100769,2.1671357,5.0210905,0.46702385
1750940652752,234100769,2.1671357,5.0210905,0.46702385
1750940652769,234117436,2.298007,3.8891518,2.5923204
1750940652769,234117436,2.298007,3.8891518,2.5923204
1750940652785,234134103,3.5183465,3.0084214,4.3944654
1750940652785,234134103,3.5183465,3.0084214,4.3944654
1750940652802,234150770,2.9768715,2.0659711,5.5000877
1750940652802,234150770,2.9768715,2.0659711,5.5000877
1750940652819,234167437,0.7550536,1.5038363,7.1814327
1750940652819,234167437,0.7550536,1.5038363,7.1814327
1750940652835,234184104,0.5487339,1.0374676,7.612671
1750940652835,234184104,0.5487339,1.0374676,7.612671
1750940652852,234200771,0.67522216,-0.5370002,8.92507
1750940652852,234200771,0.67522216,-0.5370002,8.92507
1750940652869,234217438,0.9095769,-4.352759,10.056889
1750940652869,234217438,0.9095769,-4.352759,10.056889
1750940652885,234234105,-7.2763953,-5.435586,5.30112
1750940652885,234234105,-7.2763953,-5.435586,5.30112
1750940652902,234250772,-10.654834,-5.3110847,3.007907
1750940652902,234250772,-10.654834,-5.3110847,3.007907
1750940652919,234267439,-6.5546002,-7.451411,-0.8817711
1750940652919,234267439,-6.5546002,-7.451411,-0.8817711
1750940652935,234284106,-9.941071,-7.9167967,-4.408789
1750940652935,234284106,-9.941071,-7.9167967,-4.408789
1750940652952,234300773,-9.670664,-7.728876,-5.2852254
1750940652952,234300773,-9.670664,-7.728876,-5.2852254
1750940652969,234317440,-6.221325,-7.9876904,-4.060928
1750940652969,234317440,-6.221325,-7.9876904,-4.060928
1750940652985,234334107,-6.3634458,-7.5842414,-3.6491232
1750940652985,234334107,-6.3634458,-7.5842414,-3.6491232
1750940653002,234350774,-6.1939692,-6.1876802,-3.3033
1750940653002,234350774,-6.1939692,-6.1876802,-3.3033
1750940653019,234367441,-5.6091166,-4.792281,-3.2453732
1750940653019,234367441,-5.6091166,-4.792281,-3.2453732
1750940653035,234384108,-6.3563585,-3.5999212,-3.9482093
1750940653035,234384108,-6.3563585,-3.5999212,-3.9482093
1750940653052,234400775,-5.303775,-3.505645,-2.7386537
1750940653052,234400775,-5.303775,-3.505645,-2.7386537
1750940653069,234417442,-5.0519004,1.7279792,-1.73318
1750940653069,234417442,-5.0519004,1.7279792,-1.73318
1750940653085,234434109,0.5344494,10.844069,4.923689
1750940653085,234434109,0.5344494,10.844069,4.923689
1750940653102,234450776,-2.497258,0.99451506,1.9249659
1750940653102,234450776,-2.497258,0.99451506,1.9249659
1750940653119,234467443,4.34048,-10.133946,8.116421
1750940653119,234467443,4.34048,-10.133946,8.116421
1750940653135,234484110,8.64231,-7.4066386,8.212479
1750940653135,234484110,8.64231,-7.4066386,8.212479
1750940653152,234500777,-1.8091524,-0.7146047,0.09407616
1750940653152,234500777,-1.8091524,-0.7146047,0.09407616
1750940653169,234517444,1.4960717,-0.43059468,-1.3813066
1750940653169,234517444,1.4960717,-0.43059468,-1.3813066
1750940653185,234534111,-0.5386948,-1.4147035,-1.4197817
1750940653185,234534111,-0.5386948,-1.4147035,-1.4197817
1750940653202,234550778,-5.080998,0.38659316,-1.284565
1750940653202,234550778,-5.080998,0.38659316,-1.284565
1750940653219,234567445,-4.558219,0.4459944,0.45417023
1750940653219,234567445,-4.558219,0.4459944,0.45417023
1750940653235,234584112,-1.2860782,-0.22900891,1.3967915
1750940653235,234584112,-1.2860782,-0.22900891,1.3967915
1750940653252,234600779,0.5842416,-0.13359034,0.9743509
1750940653252,234600779,0.5842416,-0.13359034,0.9743509
1750940653269,234617446,-0.6956759,0.9855699,1.6019602
1750940653269,234617446,-0.6956759,0.9855699,1.6019602
1750940653285,234634113,-0.46404073,0.8226428,1.3692436
1750940653285,234634113,-0.46404073,0.8226428,1.3692436
1750940653302,234650780,1.334461,0.20606318,-0.24975395
1750940653302,234650780,1.334461,0.20606318,-0.24975395
1750940653319,234667447,2.152319,0.01612903,-0.13986588
1750940653319,234667447,2.152319,0.01612903,-0.13986588
1750940653335,234684114,1.0899146,0.2218993,-0.22869682
1750940653335,234684114,1.0899146,0.2218993,-0.22869682
1750940653352,234700781,-0.038416736,0.6149481,-0.03276062
1750940653352,234700781,-0.038416736,0.6149481,-0.03276062
1750940653369,234717448,-0.26925096,0.85159576,-0.19181347
1750940653369,234717448,-0.26925096,0.85159576,-0.19181347
1750940653385,234734115,1.5859202,0.7618498,-0.16357613
1750940653385,234734115,1.5859202,0.7618498,-0.16357613
1750940653402,234750782,2.4069421,0.9365048,0.39061832
1750940653402,234750782,2.4069421,0.9365048,0.39061832
1750940653419,234767449,1.5416332,0.9831445,-0.07228756
1750940653419,234767449,1.5416332,0.9831445,-0.07228756
1750940653435,234784116,1.536274,0.9811475,-0.3161707
1750940653435,234784116,1.536274,0.9811475,-0.3161707
1750940653452,234800783,1.3650712,0.91908485,-0.098418236
1750940653452,234800783,1.3650712,0.91908485,-0.098418236
1750940653469,234817450,1.759196,1.074717,-0.059264183
1750940653469,234817450,1.759196,1.074717,-0.059264183
1750940653485,234834117,1.6306357,0.96260023,-0.11917782
1750940653485,234834117,1.6306357,0.96260023,-0.11917782
1750940653502,234850784,1.4971806,0.9240007,-0.3554535
1750940653502,234850784,1.4971806,0.9240007,-0.3554535
1750940653519,234867451,1.5989932,0.9179408,-0.30914974
1750940653519,234867451,1.5989932,0.9179408,-0.30914974
1750940653535,234884118,1.3164191,1.1457179,-0.24732399
1750940653535,234884118,1.3164191,1.1457179,-0.24732399
1750940653552,234900785,0.84991413,1.2022485,-0.09275627
1750940653552,234900785,0.84991413,1.2022485,-0.09275627
1750940653569,234917452,0.75941867,1.3468347,0.02818203
1750940653569,234917452,0.75941867,1.3468347,0.02818203
1750940653585,234934119,0.76353246,1.0062892,-0.15670204
1750940653585,234934119,0.76353246,1.0062892,-0.15670204
1750940653602,234950786,1.2424471,1.0736588,-0.0735178
1750940653602,234950786,1.2424471,1.0736588,-0.0735178
1750940653619,234967453,1.8732251,1.1605601,-0.08369064
1750940653619,234967453,1.8732251,1.1605601,-0.08369064
1750940653635,234984120,1.466505,1.0338724,0.3211279
1750940653635,234984120,1.466505,1.0338724,0.3211279
1750940653652,235000787,3.488164,3.87834,0.668787
1750940653652,235000787,3.488164,3.87834,0.668787
1750940653669,235017454,3.8839953,3.664444,0.2175312
1750940653669,235017454,3.8839953,3.664444,0.2175312
1750940653685,235034121,0.06551187,-1.3598492,1.1651058
1750940653685,235034121,0.06551187,-1.3598492,1.1651058
1750940653702,235050788,2.1805844,0.35461336,1.7743111
1750940653702,235050788,2.1805844,0.35461336,1.7743111
1750940653719,235067455,3.47326,0.93778616,1.2063551
1750940653719,235067455,3.47326,0.93778616,1.2063551
1750940653735,235084122,5.2499537,1.4669243,0.98834133
1750940653735,235084122,5.2499537,1.4669243,0.98834133
1750940653752,235100789,9.199821,1.5277593,-0.86467934
1750940653752,235100789,9.199821,1.5277593,-0.86467934
1750940653769,235117456,5.642709,1.4569458,-0.85760784
1750940653769,235117456,5.642709,1.4569458,-0.85760784
1750940653785,235134123,4.5602884,1.2785269,-1.791358
1750940653785,235134123,4.5602884,1.2785269,-1.791358
1750940653802,235150790,2.1873171,0.3245845,-1.8717256
1750940653802,235150790,2.1873171,0.3245845,-1.8717256
1750940653819,235167457,1.4890965,1.3203108,-1.3423309
1750940653819,235167457,1.4890965,1.3203108,-1.3423309
1750940653835,235184124,0.4034543,0.8494876,-0.77167034
1750940653835,235184124,0.4034543,0.8494876,-0.77167034
1750940653852,235200791,-0.18799093,1.3076714,-0.4245615
1750940653852,235200791,-0.18799093,1.3076714,-0.4245615
1750940653869,235217458,-0.49439412,0.08345482,-0.5626011
1750940653869,235217458,-0.49439412,0.08345482,-0.5626011
1750940653885,235234125,-0.40833515,1.1783096,-1.1402073
1750940653885,235234125,-0.40833515,1.1783096,-1.1402073
1750940653902,235250792,-1.0990802,2.2377474,-0.2504654
1750940653902,235250792,-1.0990802,2.2377474,-0.2504654
1750940653919,235267459,-2.019642,-3.7058537,1.9244738
1750940653919,235267459,-2.019642,-3.7058537,1.9244738
1750940653935,235284126,-2.004288,-9.570051,5.109373
1750940653935,235284126,-2.004288,-9.570051,5.109373
1750940653952,235300793,-0.011595852,-4.9554276,1.3006821
1750940653952,235300793,-0.011595852,-4.9554276,1.3006821
1750940653969,235317460,1.1445745,1.9091365,-0.15906143
1750940653969,235317460,1.1445745,1.9091365,-0.15906143
1750940653985,235334127,1.352472,2.0843384,0.6698971
1750940653985,235334127,1.352472,2.0843384,0.6698971
1750940654002,235350794,1.6009487,0.95678186,1.1458416
1750940654002,235350794,1.6009487,0.95678186,1.1458416
1750940654019,235367461,1.8332868,-1.5409831,1.0250463
1750940654019,235367461,1.8332868,-1.5409831,1.0250463
1750940654035,235384128,1.5450686,-3.3253675,1.090395
1750940654035,235384128,1.5450686,-3.3253675,1.090395
1750940654052,235400795,0.008459519,-1.2118864,0.65959644
1750940654052,235400795,0.008459519,-1.2118864,0.65959644
1750940654069,235417462,-1.4905283,0.09283933,0.628314
1750940654069,235417462,-1.4905283,0.09283933,0.628314
1750940654085,235434129,-1.2197683,-1.6174349,0.53113747
1750940654085,235434129,-1.2197683,-1.6174349,0.53113747
1750940654102,235450796,-1.2806206,-1.8334415,0.3983326
1750940654102,235450796,-1.2806206,-1.8334415,0.3983326
1750940654119,235467463,-1.8852826,-0.6596854,0.4675455
1750940654119,235467463,-1.8852826,-0.6596854,0.4675455
1750940654135,235484130,-1.83962,-0.7693478,0.18628025
1750940654135,235484130,-1.83962,-0.7693478,0.18628025
1750940654152,235500797,-1.5670104,-0.9551697,0.06733513
1750940654152,235500797,-1.5670104,-0.9551697,0.06733513
1750940654169,235517464,-1.3426727,-0.97043884,-0.12587547
1750940654169,235517464,-1.3426727,-0.97043884,-0.12587547
1750940654185,235534131,-1.0900848,-0.73048997,-0.056999207
1750940654185,235534131,-1.0900848,-0.73048997,-0.056999207
1750940654202,235550798,-0.8842137,-0.13196154,-0.024525642
1750940654202,235550798,-0.8842137,-0.13196154,-0.024525642
1750940654219,235567465,-0.741198,0.18255799,-0.01263237
1750940654219,235567465,-0.741198,0.18255799,-0.01263237
1750940654235,235584132,-0.5748932,0.6855033,-0.07172394
1750940654235,235584132,-0.5748932,0.6855033,-0.07172394
1750940654252,235600799,-0.42103,0.8195947,-0.098070145
1750940654252,235600799,-0.42103,0.8195947,-0.098070145
1750940654269,235617466,-0.44971165,1.050932,-0.05009556
1750940654269,235617466,-0.44971165,1.050932,-0.05009556
1750940654285,235634133,-0.5198339,1.1478581,-0.18422794
1750940654285,235634133,-0.5198339,1.1478581,-0.18422794
1750940654302,235650800,-0.62044895,1.244138,-0.4289341
1750940654302,235650800,-0.62044895,1.244138,-0.4289341
1750940654319,235667467,-0.7103257,1.1533557,-0.6174269
1750940654319,235667467,-0.7103257,1.1533557,-0.6174269
1750940654335,235684134,-1.1562756,1.3630345,-0.59402275
1750940654335,235684134,-1.1562756,1.3630345,-0.59402275
1750940654352,235700801,-1.2171313,1.5334665,-0.66932297
1750940654352,235700801,-1.2171313,1.5334665,-0.66932297
1750940654369,235717468,-1.0630192,1.3387624,-0.634223
1750940654369,235717468,-1.0630192,1.3387624,-0.634223
1750940654385,235734135,-0.44452927,1.0108968,-0.644475
1750940654385,235734135,-0.44452927,1.0108968,-0.644475
1750940654402,235750802,-0.18889304,1.2869692,-0.6083336
1750940654402,235750802,-0.18889304,1.2869692,-0.6083336
1750940654419,235767469,0.20904183,1.5852823,-0.70485497
1750940654419,235767469,0.20904183,1.5852823,-0.70485497
1750940654435,235784136,0.8225934,1.9895849,-0.87128925
1750940654435,235784136,0.8225934,1.9895849,-0.87128925
1750940654452,235800803,0.9016048,2.6070936,-0.9675102
1750940654452,235800803,0.9016048,2.6070936,-0.9675102
1750940654469,235817470,1.0703075,3.2255905,-1.4093313
1750940654469,235817470,1.0703075,3.2255905,-1.4093313
1750940654485,235834137,1.5768803,3.7506087,-2.1605654
1750940654485,235834137,1.5768803,3.7506087,-2.1605654
1750940654502,235850804,1.6558025,4.4342484,-2.6010752
1750940654502,235850804,1.6558025,4.4342484,-2.6010752
1750940654519,235867471,2.123117,4.802727,-3.5694814
1750940654519,235867471,2.123117,4.802727,-3.5694814
1750940654535,235884138,2.4078429,5.1268926,-4.343924
1750940654535,235884138,2.4078429,5.1268926,-4.343924
1750940654552,235900805,2.7965493,5.3606653,-4.9538293
1750940654552,235900805,2.7965493,5.3606653,-4.9538293
1750940654569,235917472,2.915645,5.5009475,-5.36977
1750940654569,235917472,2.915645,5.5009475,-5.36977
1750940654585,235934139,2.072943,4.8122663,-4.300438
1750940654585,235934139,2.072943,4.8122663,-4.300438
1750940654602,235950806,0.41708457,1.7198883,-1.366745
1750940654602,235950806,0.41708457,1.7198883,-1.366745
1750940654619,235967473,-1.2479198,-8.310188,8.680496
1750940654619,235967473,-1.2479198,-8.310188,8.680496
1750940654635,235984140,4.749961,0.68964,-0.03503418
1750940654635,235984140,4.749961,0.68964,-0.03503418
1750940654652,236000807,9.771899,-0.6930791,1.9482498
1750940654652,236000807,9.771899,-0.6930791,1.9482498
1750940654669,236017474,3.332501,5.2927513,2.745098
1750940654669,236017474,3.332501,5.2927513,2.745098
1750940654685,236034141,0.6190433,8.794652,1.5375757
1750940654685,236034141,0.6190433,8.794652,1.5375757
1750940654702,236050808,2.8937802,5.524993,0.90445805
1750940654702,236050808,2.8937802,5.524993,0.90445805
1750940654719,236067475,2.9143786,2.056923,-1.2403955
1750940654719,236067475,2.9143786,2.056923,-1.2403955
1750940654735,236084142,2.4847374,2.635625,-1.7067404
1750940654735,236084142,2.4847374,2.635625,-1.7067404
1750940654752,236100809,3.4096272,1.5495429,-0.5687027
1750940654752,236100809,3.4096272,1.5495429,-0.5687027
1750940654769,236117476,2.8296628,1.9234588,0.8886976
1750940654769,236117476,2.8296628,1.9234588,0.8886976
1750940654785,236134143,2.863371,1.4265109,1.028616
1750940654785,236134143,2.863371,1.4265109,1.028616
1750940654802,236150810,1.9243718,1.2778823,0.48676682
1750940654802,236150810,1.9243718,1.2778823,0.48676682
1750940654819,236167477,0.8885581,2.0950985,-0.21652126
1750940654819,236167477,0.8885581,2.0950985,-0.21652126
1750940654835,236184144,2.0062277,1.9239769,-0.021918297
1750940654835,236184144,2.0062277,1.9239769,-0.021918297
1750940654852,236200811,2.3074803,1.2978529,0.1721468
1750940654852,236200811,2.3074803,1.2978529,0.1721468
1750940654869,236217478,2.5734975,0.4109208,-1.060606
1750940654869,236217478,2.5734975,0.4109208,-1.060606
1750940654885,236234145,2.0338206,0.93024296,-0.19409943
1750940654885,236234145,2.0338206,0.93024296,-0.19409943
1750940654902,236250812,1.3413522,1.3923609,0.95807457
1750940654902,236250812,1.3413522,1.3923609,0.95807457
1750940654919,236267479,1.255176,1.4718616,0.14408493
1750940654919,236267479,1.255176,1.4718616,0.14408493
1750940654935,236284146,1.00284,1.3216944,-0.25060272
1750940654935,236284146,1.00284,1.3216944,-0.25060272
1750940654952,236300813,1.1224593,1.3041028,-0.119874
1750940654952,236300813,1.1224593,1.3041028,-0.119874
1750940654969,236317480,1.3811352,0.82111484,0.07099533
1750940654969,236317480,1.3811352,0.82111484,0.07099533
1750940654985,236334147,1.1835418,0.51250714,-0.15855122
1750940654985,236334147,1.1835418,0.51250714,-0.15855122
1750940655002,236350814,0.996385,0.7408517,0.057052612
1750940655002,236350814,0.996385,0.7408517,0.057052612
1750940655019,236367481,0.8279063,1.0190427,0.21923447
1750940655019,236367481,0.8279063,1.0190427,0.21923447
1750940655035,236384148,0.6182243,1.2050865,0.0810833
1750940655035,236384148,0.6182243,1.2050865,0.0810833
1750940655052,236400815,0.82625854,1.0535165,-0.21277142
1750940655052,236400815,0.82625854,1.0535165,-0.21277142
1750940655069,236417482,0.92333156,1.0175722,-0.28190327
1750940655069,236417482,0.92333156,1.0175722,-0.28190327
1750940655085,236434149,0.6595563,1.0367622,-0.30015278
1750940655085,236434149,0.6595563,1.0367622,-0.30015278
1750940655102,236450816,0.7692185,1.05585,0.09123325
1750940655102,236450816,0.7692185,1.05585,0.09123325
1750940655119,236467483,0.9798245,1.0278736,0.021226883
1750940655119,236467483,0.9798245,1.0278736,0.021226883
1750940655135,236484150,1.008869,1.0338993,0.10472107
1750940655135,236484150,1.008869,1.0338993,0.10472107
1750940655152,236500817,0.99866885,0.9738364,0.2230196
1750940655152,236500817,0.99866885,0.9738364,0.2230196
1750940655169,236517484,0.9988624,0.9093638,0.19574356
1750940655169,236517484,0.9988624,0.9093638,0.19574356
1750940655185,236534151,1.2994684,0.76339746,0.17457104
1750940655185,236534151,1.2994684,0.76339746,0.17457104
1750940655202,236550818,0.9121939,0.9431653,0.2540865
1750940655202,236550818,0.9121939,0.9431653,0.2540865
1750940655219,236567485,0.82756567,0.884657,0.35742474
1750940655219,236567485,0.82756567,0.884657,0.35742474
1750940655235,236584152,0.77245677,0.78084856,0.25026608
1750940655235,236584152,0.77245677,0.78084856,0.25026608
1750940655252,236600819,0.5236028,0.6904809,0.34401226
1750940655252,236600819,0.5236028,0.6904809,0.34401226
1750940655269,236617486,0.39328447,0.32353243,0.52652264
1750940655269,236617486,0.39328447,0.32353243,0.52652264
1750940655285,236634153,0.19832796,0.037530173,0.5886011
1750940655285,236634153,0.19832796,0.037530173,0.5886011
1750940655302,236650820,0.13649936,-0.30699694,0.7507181
1750940655302,236650820,0.13649936,-0.30699694,0.7507181
1750940655319,236667487,0.24238996,-0.5989945,0.90552807
1750940655319,236667487,0.24238996,-0.5989945,0.90552807
1750940655335,236684154,-0.02128335,-0.6960462,1.22647
1750940655335,236684154,-0.02128335,-0.6960462,1.22647
1750940655352,236700821,-0.192927,-0.7479226,1.44555
1750940655352,236700821,-0.192927,-0.7479226,1.44555
1750940655369,236717488,-0.14874922,-1.0971811,1.6811609
1750940655369,236717488,-0.14874922,-1.0971811,1.6811609
1750940655385,236734155,-0.14801341,-1.7186086,2.2743282
1750940655385,236734155,-0.14801341,-1.7186086,2.2743282
1750940655402,236750822,-0.25837606,-2.6288757,2.6733694
1750940655402,236750822,-0.25837606,-2.6288757,2.6733694
1750940655419,236767489,-1.3978196,-3.558299,2.9057293
1750940655419,236767489,-1.3978196,-3.558299,2.9057293
1750940655435,236784156,-3.0116434,-4.9652677,3.243579
1750940655435,236784156,-3.0116434,-4.9652677,3.243579
1750940655452,236800823,-4.360219,-7.875687,4.1155357
1750940655452,236800823,-4.360219,-7.875687,4.1155357
1750940655469,236817490,-5.06663,-10.844089,3.9099627
1750940655469,236817490,-5.06663,-10.844089,3.9099627
1750940655485,236834157,-6.6928854,-10.510509,3.810215
1750940655485,236834157,-6.6928854,-10.510509,3.810215
1750940655502,236850824,-7.679182,-1.636755,3.4268827
1750940655502,236850824,-7.679182,-1.636755,3.4268827
1750940655519,236867491,-5.750624,-2.529727,4.4515533
1750940655519,236867491,-5.750624,-2.529727,4.4515533
1750940655535,236884158,-2.7512586,-6.0895042,2.029973
1750940655535,236884158,-2.7512586,-6.0895042,2.029973
1750940655552,236900825,0.29186723,-4.0538588,0.9210224
1750940655552,236900825,0.29186723,-4.0538588,0.9210224
1750940655569,236917492,-1.847948,-1.6790135,-0.78223133
1750940655569,236917492,-1.847948,-1.6790135,-0.78223133
1750940655585,236934159,-5.5047154,-1.9847803,-1.4833555
1750940655585,236934159,-5.5047154,-1.9847803,-1.4833555
1750940655602,236950826,-7.797296,-4.230411,-6.621216
1750940655602,236950826,-7.797296,-4.230411,-6.621216
1750940655619,236967493,-4.4667993,-4.4930787,-8.69205
1750940655619,236967493,-4.4667993,-4.4930787,-8.69205
1750940655635,236984160,-2.542286,-4.282534,-7.2997646
1750940655635,236984160,-2.542286,-4.282534,-7.2997646
1750940655652,237000827,-0.9556547,-3.4635603,-6.0005074
1750940655652,237000827,-0.9556547,-3.4635603,-6.0005074
1750940655669,237017494,-1.4942069,-2.8824708,-5.7138743
1750940655669,237017494,-1.4942069,-2.8824708,-5.7138743
1750940655685,237034161,-2.5163405,-2.751442,-5.3724546
1750940655685,237034161,-2.5163405,-2.751442,-5.3724546
1750940655702,237050828,-2.5618365,-3.0118377,-4.54677
1750940655702,237050828,-2.5618365,-3.0118377,-4.54677
1750940655719,237067495,-2.2284336,-3.1728413,-3.2090125
1750940655719,237067495,-2.2284336,-3.1728413,-3.2090125
1750940655735,237084162,-1.4850806,-3.81027,-1.6538153
1750940655735,237084162,-1.4850806,-3.81027,-1.6538153
1750940655752,237100829,-0.71106666,-3.6265166,0.0016431808
1750940655752,237100829,-0.71106666,-3.6265166,0.0016431808
1750940655769,237117496,-0.011593617,-3.3350499,1.961976
1750940655769,237117496,-0.011593617,-3.3350499,1.961976
1750940655785,237134163,1.2738781,-2.4818373,3.473135
1750940655785,237134163,1.2738781,-2.4818373,3.473135
1750940655802,237150830,1.258061,0.014667368,4.502679
1750940655802,237150830,1.258061,0.014667368,4.502679
1750940655819,237167497,2.3040485,2.4330633,5.51423
1750940655819,237167497,2.3040485,2.4330633,5.51423
1750940655835,237184164,1.6423719,3.47575,5.3997965
1750940655835,237184164,1.6423719,3.47575,5.3997965
1750940655852,237200831,0.6351505,4.8742533,6.107747
1750940655852,237200831,0.6351505,4.8742533,6.107747
1750940655869,237217498,0.8061075,7.730049,6.967268
1750940655869,237217498,0.8061075,7.730049,6.967268
1750940655885,237234165,2.1641812,9.693398,5.821542
1750940655885,237234165,2.1641812,9.693398,5.821542
1750940655902,237250832,2.8522434,9.410333,3.447175
1750940655902,237250832,2.8522434,9.410333,3.447175
1750940655919,237267499,5.6559095,8.55303,0.9277086
1750940655919,237267499,5.6559095,8.55303,0.9277086
1750940655935,237284166,8.883698,8.5324335,-1.1191273
1750940655935,237284166,8.883698,8.5324335,-1.1191273
1750940655952,237300833,5.9453416,10.395842,-3.3372216
1750940655952,237300833,5.9453416,10.395842,-3.3372216
1750940655969,237317500,5.4855514,10.738283,-7.34414
1750940655969,237317500,5.4855514,10.738283,-7.34414
1750940655985,237334167,9.359476,10.1406,-10.267062
1750940655985,237334167,9.359476,10.1406,-10.267062
1750940656002,237350834,7.560458,9.7090225,-10.207645
1750940656002,237350834,7.560458,9.7090225,-10.207645
1750940656019,237367501,5.9101214,9.58374,-8.023194
1750940656019,237367501,5.9101214,9.58374,-8.023194
1750940656035,237384168,5.176231,8.84538,-6.6854954
1750940656035,237384168,5.176231,8.84538,-6.6854954
1750940656052,237400835,5.662003,7.26845,-6.7666297
1750940656052,237400835,5.662003,7.26845,-6.7666297
1750940656069,237417502,4.897523,4.949131,-3.934074
1750940656069,237417502,4.897523,4.949131,-3.934074
1750940656085,237434169,1.7210991,-0.4173882,0.08427429
1750940656085,237434169,1.7210991,-0.4173882,0.08427429
1750940656102,237450836,-2.6458614,-4.5542846,9.850399
1750940656102,237450836,-2.6458614,-4.5542846,9.850399
1750940656119,237467503,10.457673,3.2427044,0.5366297
1750940656119,237467503,10.457673,3.2427044,0.5366297
1750940656135,237484170,14.156736,1.8434837,3.9282007
1750940656135,237484170,14.156736,1.8434837,3.9282007
1750940656152,237500837,3.9907506,8.0231695,2.6728287
1750940656152,237500837,3.9907506,8.0231695,2.6728287
1750940656169,237517504,-3.2737055,9.346461,1.6699476
1750940656169,237517504,-3.2737055,9.346461,1.6699476
1750940656185,237534171,1.9717567,4.9571185,1.636344
1750940656185,237534171,1.9717567,4.9571185,1.636344
1750940656202,237550838,5.566764,0.5561707,-1.1916866
1750940656202,237550838,5.566764,0.5561707,-1.1916866
1750940656219,237567505,4.1620626,1.1547935,-2.0612898
1750940656219,237567505,4.1620626,1.1547935,-2.0612898
1750940656235,237584172,0.36648348,2.6407483,-0.5482483
1750940656235,237584172,0.36648348,2.6407483,-0.5482483
1750940656252,237600839,1.9263569,2.1024675,0.028241158
1750940656252,237600839,1.9263569,2.1024675,0.028241158
1750940656269,237617506,3.9938595,0.56575465,0.14064693
1750940656269,237617506,3.9938595,0.56575465,0.14064693
1750940656285,237634173,2.7942715,1.0043617,1.9370527
1750940656285,237634173,2.7942715,1.0043617,1.9370527
1750940656302,237650840,0.61305267,1.0453155,0.93218327
1750940656302,237650840,0.61305267,1.0453155,0.93218327
1750940656319,237667507,-0.38940048,1.1961216,-0.5374613
1750940656319,237667507,-0.38940048,1.1961216,-0.5374613
1750940656335,237684174,-0.6387703,1.6249316,-0.8310785
1750940656335,237684174,-0.6387703,1.6249316,-0.8310785
1750940656352,237700841,0.5205045,1.6940812,-0.44222736
1750940656352,237700841,0.5205045,1.6940812,-0.44222736
1750940656369,237717508,2.3085144,0.96185625,0.30920887
1750940656369,237717508,2.3085144,0.96185625,0.30920887
1750940656386,237734175,2.5940633,0.48939738,-0.010257721
1750940656386,237734175,2.5940633,0.48939738,-0.010257721
1750940656402,237750842,1.2922386,0.7150773,-0.056821823
1750940656402,237750842,1.2922386,0.7150773,-0.056821823
1750940656419,237767509,0.58104515,0.9426154,0.5499325
1750940656419,237767509,0.58104515,0.9426154,0.5499325
1750940656436,237784176,0.36495867,0.63593405,0.067873
1750940656436,237784176,0.36495867,0.63593405,0.067873
1750940656452,237800843,0.090264365,0.7664891,-0.061930656
1750940656452,237800843,0.090264365,0.7664891,-0.061930656
1750940656469,237817510,0.49976647,0.3298393,0.03292942
1750940656469,237817510,0.49976647,0.3298393,0.03292942
1750940656486,237834177,0.74370337,0.29650626,0.12357521
1750940656486,237834177,0.74370337,0.29650626,0.12357521
1750940656502,237850844,0.74026954,0.3450346,-0.10778141
1750940656502,237850844,0.74026954,0.3450346,-0.10778141
1750940656519,237867511,0.5795461,0.6329762,-0.07743645
1750940656519,237867511,0.5795461,0.6329762,-0.07743645
1750940656536,237884178,0.5319984,0.64231366,0.20166874
1750940656536,237884178,0.5319984,0.64231366,0.20166874
1750940656552,237900845,0.7263543,0.76993483,0.016775131
1750940656552,237900845,0.7263543,0.76993483,0.016775131
1750940656569,237917512,0.7978543,0.8353864,0.12643147
1750940656569,237917512,0.7978543,0.8353864,0.12643147
1750940656586,237934179,0.7574244,0.8225049,0.32740974
1750940656586,237934179,0.7574244,0.8225049,0.32740974
1750940656602,237950846,1.2307124,0.668441,0.27979183
1750940656602,237950846,1.2307124,0.668441,0.27979183
1750940656619,237967513,1.256546,0.4226421,0.28730106
1750940656619,237967513,1.256546,0.4226421,0.28730106
1750940656636,237984180,1.0570147,0.2696791,0.31187248
1750940656636,237984180,1.0570147,0.2696791,0.31187248
1750940656652,238000847,0.2230239,0.21002932,0.43619728
1750940656652,238000847,0.2230239,0.21002932,0.43619728
1750940656669,238017514,-0.42266524,0.092662886,0.47908974
1750940656669,238017514,-0.42266524,0.092662886,0.47908974
1750940656686,238034181,-0.031188104,0.03193598,0.4510193
1750940656686,238034181,-0.031188104,0.03193598,0.4510193
1750940656702,238050848,-0.16640987,-0.17657635,0.9117422
1750940656702,238050848,-0.16640987,-0.17657635,0.9117422
1750940656719,238067515,-0.3589511,-0.7354258,1.5646591
1750940656719,238067515,-0.3589511,-0.7354258,1.5646591
1750940656736,238084182,-0.335543,-1.1547539,2.3292894
1750940656736,238084182,-0.335543,-1.1547539,2.3292894
1750940656752,238100849,-0.39950883,-1.7273046,2.9102364
1750940656752,238100849,-0.39950883,-1.7273046,2.9102364
1750940656769,238117516,-0.2934412,-2.5164666,3.2642746
1750940656769,238117516,-0.2934412,-2.5164666,3.2642746
1750940656786,238134183,-0.90706074,-3.4160502,3.5646925
1750940656786,238134183,-0.90706074,-3.4160502,3.5646925
1750940656802,238150850,-2.9579203,-4.935956,4.0940876
1750940656802,238150850,-2.9579203,-4.935956,4.0940876
1750940656819,238167517,-3.6016624,-7.5687084,4.9998045
1750940656819,238167517,-3.6016624,-7.5687084,4.9998045
1750940656836,238184184,-5.7403984,-12.383707,5.402128
1750940656836,238184184,-5.7403984,-12.383707,5.402128
1750940656852,238200851,-7.408773,-11.407296,2.392849
1750940656852,238200851,-7.408773,-11.407296,2.392849
1750940656869,238217518,-7.5415916,-5.5197706,1.0952139
1750940656869,238217518,-7.5415916,-5.5197706,1.0952139
1750940656886,238234185,-5.942236,-1.9581898,4.6847496
1750940656886,238234185,-5.942236,-1.9581898,4.6847496
1750940656902,238250852,-2.8085642,-4.275441,3.258873
1750940656902,238250852,-2.8085642,-4.275441,3.258873
1750940656919,238267519,-3.426754,-2.4567428,1.5934782
1750940656919,238267519,-3.426754,-2.4567428,1.5934782
1750940656936,238284186,-3.6411986,-2.8784807,-1.1804495
1750940656936,238284186,-3.6411986,-2.8784807,-1.1804495
1750940656952,238300853,-4.474695,-5.248244,-2.3808265
1750940656952,238300853,-4.474695,-5.248244,-2.3808265
1750940656969,238317520,-5.314909,-6.1901383,-6.8837066
1750940656969,238317520,-5.314909,-6.1901383,-6.8837066
1750940656986,238334187,-5.045865,-4.356974,-8.258472
1750940656986,238334187,-5.045865,-4.356974,-8.258472
1750940657002,238350854,-3.0725856,-3.1290495,-6.9311647
1750940657002,238350854,-3.0725856,-3.1290495,-6.9311647
1750940657019,238367521,-2.3436148,-2.9612608,-6.136531
1750940657019,238367521,-2.3436148,-2.9612608,-6.136531
1750940657036,238384188,-2.6762927,-3.2296214,-5.719612
1750940657036,238384188,-2.6762927,-3.2296214,-5.719612
1750940657052,238400855,-2.1348178,-3.3294187,-5.1853213
1750940657052,238400855,-2.1348178,-3.3294187,-5.1853213
1750940657069,238417522,-1.792996,-3.5598352,-4.519998
1750940657069,238417522,-1.792996,-3.5598352,-4.519998
1750940657086,238434189,-1.7134362,-3.8235395,-3.7654915
1750940657086,238434189,-1.7134362,-3.8235395,-3.7654915
1750940657102,238450856,-1.0647172,-3.9725654,-2.54457
1750940657102,238450856,-1.0647172,-3.9725654,-2.54457
1750940657119,238467523,-0.17115192,-3.9514976,-0.9498043
1750940657119,238467523,-0.17115192,-3.9514976,-0.9498043
1750940657136,238484190,0.6444728,-3.847657,0.90626526
1750940657136,238484190,0.6444728,-3.847657,0.90626526
1750940657152,238500857,1.6400836,-2.2714097,3.0249863
1750940657152,238500857,1.6400836,-2.2714097,3.0249863
1750940657169,238517524,1.2362515,-0.1229623,4.3282585
1750940657169,238517524,1.2362515,-0.1229623,4.3282585
1750940657186,238534191,1.0529857,0.80238694,5.6397486
1750940657186,238534191,1.0529857,0.80238694,5.6397486
1750940657202,238550858,2.0617478,2.6420276,5.880601
1750940657202,238550858,2.0617478,2.6420276,5.880601
1750940657219,238567525,1.7336652,5.6195903,6.6233463
1750940657219,238567525,1.7336652,5.6195903,6.6233463
1750940657236,238584192,0.6075292,8.510765,7.139147
1750940657236,238584192,0.6075292,8.510765,7.139147
1750940657252,238600859,1.4186652,9.2444105,5.5815086
1750940657252,238600859,1.4186652,9.2444105,5.5815086
1750940657269,238617526,3.2123685,8.888497,3.4022055
1750940657269,238617526,3.2123685,8.888497,3.4022055
1750940657286,238634193,4.842823,8.804173,2.0797634
1750940657286,238634193,4.842823,8.804173,2.0797634
1750940657302,238650860,9.247118,9.0843,-0.41626644
1750940657302,238650860,9.247118,9.0843,-0.41626644
1750940657319,238667527,5.3745766,11.2512245,-3.5172944
1750940657319,238667527,5.3745766,11.2512245,-3.5172944
1750940657336,238684194,6.4600935,12.231287,-8.553327
1750940657336,238684194,6.4600935,12.231287,-8.553327
1750940657352,238700861,10.578127,11.607874,-11.938547
1750940657352,238700861,10.578127,11.607874,-11.938547
1750940657369,238717528,8.303309,10.734205,-10.808942
1750940657369,238717528,8.303309,10.734205,-10.808942
1750940657386,238734195,6.1863875,10.417756,-8.156363
1750940657386,238734195,6.1863875,10.417756,-8.156363
1750940657402,238750862,6.5102153,9.067901,-7.04263
1750940657402,238750862,6.5102153,9.067901,-7.04263
1750940657419,238767529,6.12392,6.931396,-6.129303
1750940657419,238767529,6.12392,6.931396,-6.129303
1750940657436,238784196,3.681072,1.9005244,-0.945837
1750940657436,238784196,3.681072,1.9005244,-0.945837
1750940657452,238800863,-2.3373532,-7.5475926,7.9747677
1750940657452,238800863,-2.3373532,-7.5475926,7.9747677
1750940657469,238817530,3.3499289,0.78881323,3.033844
1750940657469,238817530,3.3499289,0.78881323,3.033844
1750940657486,238834197,14.0794935,2.5245826,1.9592342
1750940657486,238834197,14.0794935,2.5245826,1.9592342
1750940657502,238850864,7.0190578,8.129498,4.2326317
1750940657502,238850864,7.0190578,8.129498,4.2326317
1750940657519,238867531,-1.1222863,10.555035,3.0035
1750940657519,238867531,-1.1222863,10.555035,3.0035
1750940657536,238884198,0.4637487,4.6471987,2.9836626
1750940657536,238884198,0.4637487,4.6471987,2.9836626
1750940657552,238900865,3.6327698,1.8578645,-1.6274128
1750940657552,238900865,3.6327698,1.8578645,-1.6274128
1750940657569,238917532,3.3159268,2.0107217,-2.8120832
1750940657569,238917532,3.3159268,2.0107217,-2.8120832
1750940657586,238934199,4.0959063,2.2401576,-1.3951263
1750940657586,238934199,4.0959063,2.2401576,-1.3951263
1750940657602,238950866,2.8397634,2.7501867,0.8279133
1750940657602,238950866,2.8397634,2.7501867,0.8279133
1750940657619,238967533,3.5416372,1.2799459,0.9389858
1750940657619,238967533,3.5416372,1.2799459,0.9389858
1750940657636,238984200,3.8987052,0.64190775,1.4693251
1750940657636,238984200,3.8987052,0.64190775,1.4693251
1750940657652,239000867,2.0177517,1.0589874,1.8852625
1750940657652,239000867,2.0177517,1.0589874,1.8852625
1750940657669,239017534,0.37334016,1.110967,-0.2802782
1750940657669,239017534,0.37334016,1.110967,-0.2802782
1750940657686,239034201,-0.799876,1.4695282,-1.0879097
1750940657686,239034201,-0.799876,1.4695282,-1.0879097
1750940657702,239050868,0.28216296,1.2724698,-0.04323578
1750940657702,239050868,0.28216296,1.2724698,-0.04323578
1750940657719,239067535,1.083929,1.2380089,0.68284416
1750940657719,239067535,1.083929,1.2380089,0.68284416
1750940657736,239084202,1.0208071,1.0904799,0.47736454
1750940657736,239084202,1.0208071,1.0904799,0.47736454
1750940657752,239100869,1.8666233,0.5883044,-0.9425297
1750940657752,239100869,1.8666233,0.5883044,-0.9425297
1750940657769,239117536,0.8294282,0.708069,-0.5718355
1750940657769,239117536,0.8294282,0.708069,-0.5718355
1750940657786,239134203,-0.08970469,0.6814208,0.14839458
1750940657786,239134203,-0.08970469,0.6814208,0.14839458
1750940657802,239150870,-0.05612455,0.47931302,0.23989964
1750940657802,239150870,-0.05612455,0.47931302,0.23989964
1750940657819,239167537,0.18619524,0.3427037,0.16208267
1750940657819,239167537,0.18619524,0.3427037,0.16208267
1750940657836,239184204,0.48111075,0.18458594,0.06896877
1750940657836,239184204,0.48111075,0.18458594,0.06896877
1750940657852,239200871,0.86407226,0.46506777,-0.24354458
1750940657852,239200871,0.86407226,0.46506777,-0.24354458
1750940657869,239217538,1.1866356,0.4617592,-0.2824955
1750940657869,239217538,1.1866356,0.4617592,-0.2824955
1750940657886,239234205,0.94432056,0.5470052,0.0036811829
1750940657886,239234205,0.94432056,0.5470052,0.0036811829
1750940657902,239250872,0.5484351,0.6375345,0.13073063
1750940657902,239250872,0.5484351,0.6375345,0.13073063
1750940657919,239267539,0.5033726,0.5899828,0.2162695
1750940657919,239267539,0.5033726,0.5899828,0.2162695
1750940657936,239284206,0.60609674,0.45357195,0.15252781
1750940657936,239284206,0.60609674,0.45357195,0.15252781
1750940657952,239300873,0.93438405,0.24894314,0.23890495
1750940657952,239300873,0.93438405,0.24894314,0.23890495
1750940657969,239317540,0.98525983,0.15851249,0.30786133
1750940657969,239317540,0.98525983,0.15851249,0.30786133
1750940657986,239334207,0.666894,-0.08088107,0.38316536
1750940657986,239334207,0.666894,-0.08088107,0.38316536
1750940658002,239350874,0.1901751,-0.07768081,0.44950962
1750940658002,239350874,0.1901751,-0.07768081,0.44950962
1750940658019,239367541,-0.049532708,-0.16027734,0.555851
1750940658019,239367541,-0.049532708,-0.16027734,0.555851
1750940658036,239384208,0.2815396,-0.19909707,0.60516834
1750940658036,239384208,0.2815396,-0.19909707,0.60516834
1750940658052,239400875,0.087538846,-0.19126809,1.217824
1750940658052,239400875,0.087538846,-0.19126809,1.217824
1750940658069,239417542,-0.48111075,-0.9830004,2.2249832
1750940658069,239417542,-0.48111075,-0.9830004,2.2249832
1750940658086,239434209,-0.032429494,-1.5919207,2.410266
1750940658086,239434209,-0.032429494,-1.5919207,2.410266
1750940658102,239450876,0.5211701,-1.9678831,2.5947008
1750940658102,239450876,0.5211701,-1.9678831,2.5947008
1750940658119,239467543,0.3439574,-2.791192,2.9371586
1750940658119,239467543,0.3439574,-2.791192,2.9371586
1750940658136,239484210,-0.24980254,-3.458985,3.379302
1750940658136,239484210,-0.24980254,-3.458985,3.379302
1750940658152,239500877,-1.404234,-5.3531775,3.35283
1750940658152,239500877,-1.404234,-5.3531775,3.35283
1750940658169,239517544,-3.0628364,-7.674676,3.4863205
1750940658169,239517544,-3.0628364,-7.674676,3.4863205
1750940658186,239534211,-2.9830906,-11.339569,3.6859665
1750940658186,239534211,-2.9830906,-11.339569,3.6859665
1750940658202,239550878,-4.5228214,-10.0738945,3.255597
1750940658202,239550878,-4.5228214,-10.0738945,3.255597
1750940658219,239567545,-7.8895583,-7.0481544,2.9509506
1750940658219,239567545,-7.8895583,-7.0481544,2.9509506
1750940658236,239584212,-7.7731752,-3.4046245,2.9767942
1750940658236,239584212,-7.7731752,-3.4046245,2.9767942
1750940658252,239600879,-5.6925006,-6.7094502,3.8291512
1750940658252,239600879,-5.6925006,-6.7094502,3.8291512
1750940658269,239617546,-3.1809618,-7.1909566,0.27341938
1750940658269,239617546,-3.1809618,-7.1909566,0.27341938
1750940658286,239634213,-0.6270267,-3.6497324,-0.16737556
1750940658286,239634213,-0.6270267,-3.6497324,-0.16737556
1750940658302,239650880,-2.1837883,-2.4177547,-0.05817318
1750940658302,239650880,-2.1837883,-2.4177547,-0.05817318
1750940658319,239667547,-6.2215858,-4.3341417,-1.8559942
1750940658319,239667547,-6.2215858,-4.3341417,-1.8559942
1750940658336,239684214,-6.38381,-4.646091,-7.3227186
1750940658336,239684214,-6.38381,-4.646091,-7.3227186
1750940658352,239700881,-3.7515774,-4.219324,-8.283106
1750940658352,239700881,-3.7515774,-4.219324,-8.283106
1750940658369,239717548,-2.9232683,-3.7353592,-7.902182
1750940658369,239717548,-2.9232683,-3.7353592,-7.902182
1750940658386,239734215,-2.625941,-3.550219,-7.2415466
1750940658386,239734215,-2.625941,-3.550219,-7.2415466
1750940658402,239750882,-2.5073688,-2.4796848,-5.9819527
1750940658402,239750882,-2.5073688,-2.4796848,-5.9819527
1750940658419,239767549,-2.4075224,-2.2384102,-5.5956473
1750940658419,239767549,-2.4075224,-2.2384102,-5.5956473
1750940658436,239784216,-2.669426,-3.2674274,-4.5703053
1750940658436,239784216,-2.669426,-3.2674274,-4.5703053
1750940658452,239800883,-1.9716173,-3.5453434,-3.405106
1750940658452,239800883,-1.9716173,-3.5453434,-3.405106
1750940658469,239817550,-0.5329036,-3.4876602,-2.0700884
1750940658469,239817550,-0.5329036,-3.4876602,-2.0700884
1750940658486,239834217,0.3467008,-3.479818,-0.22615528
1750940658486,239834217,0.3467008,-3.479818,-0.22615528
1750940658502,239850884,1.1364869,-3.062444,1.724865
1750940658502,239850884,1.1364869,-3.062444,1.724865
1750940658519,239867551,1.9207183,-1.4469969,3.282899
1750940658519,239867551,1.9207183,-1.4469969,3.282899
1750940658536,239884218,1.4136372,1.0859842,5.1943235
1750940658536,239884218,1.4136372,1.0859842,5.1943235
1750940658552,239900885,1.1929382,2.2387867,6.272665
1750940658552,239900885,1.1929382,2.2387867,6.272665
1750940658569,239917552,1.9359767,3.9507256,7.630039
1750940658569,239917552,1.9359767,3.9507256,7.630039
1750940658586,239934219,0.92391896,6.471281,9.591139
1750940658586,239934219,0.92391896,6.471281,9.591139
1750940658602,239950886,0.813922,9.969468,11.271463
1750940658602,239950886,0.813922,9.969468,11.271463
1750940658619,239967553,2.4946272,13.637513,5.9831753
1750940658619,239967553,2.4946272,13.637513,5.9831753
1750940658636,239984220,12.92954,11.472495,-0.003686905
1750940658636,239984220,12.92954,11.472495,-0.003686905
1750940658652,240000887,10.989866,11.718772,-5.51987
1750940658652,240000887,10.989866,11.718772,-5.51987
1750940658669,240017554,5.4593377,15.295787,-10.487604
1750940658669,240017554,5.4593377,15.295787,-10.487604
1750940658686,240034221,7.372879,12.721703,-11.024517
1750940658686,240034221,7.372879,12.721703,-11.024517
1750940658702,240050888,4.544213,12.685944,-8.415009
1750940658702,240050888,4.544213,12.685944,-8.415009
1750940658719,240067555,5.6157107,10.538449,-5.7859654
1750940658719,240067555,5.6157107,10.538449,-5.7859654
1750940658736,240084222,5.185281,6.99791,-2.7632709
1750940658736,240084222,5.185281,6.99791,-2.7632709
1750940658752,240100889,5.205809,6.379718,-6.462257
1750940658752,240100889,5.205809,6.379718,-6.462257
1750940658769,240117556,7.4696918,4.399847,-4.1663146
1750940658769,240117556,7.4696918,4.399847,-4.1663146
1750940658786,240134223,4.0003114,-3.91755,5.135169
1750940658786,240134223,4.0003114,-3.91755,5.135169
1750940658802,240150890,4.3368335,0.7530107,3.1597977
1750940658802,240150890,4.3368335,0.7530107,3.1597977
1750940658819,240167557,9.65412,2.8126526,1.332098
1750940658819,240167557,9.65412,2.8126526,1.332098
1750940658836,240184224,2.1655679,6.0330777,2.2808485
1750940658836,240184224,2.1655679,6.0330777,2.2808485
1750940658852,240200891,-6.2048936,10.214254,2.5500574
1750940658852,240200891,-6.2048936,10.214254,2.5500574
1750940658869,240217558,-0.022286924,7.1448174,1.7967997
1750940658869,240217558,-0.022286924,7.1448174,1.7967997
1750940658886,240234225,7.5699253,3.2452106,-0.52069855
1750940658886,240234225,7.5699253,3.2452106,-0.52069855
1750940658902,240250892,8.759583,0.6242913,-0.6680298
1750940658902,240250892,8.759583,0.6242913,-0.6680298
1750940658919,240267559,5.223488,0.52335894,-0.26712608
1750940658919,240267559,5.223488,0.52335894,-0.26712608
1750940658936,240284226,2.9810574,1.2464386,-0.42253208
1750940658936,240284226,2.9810574,1.2464386,-0.42253208
1750940658952,240300893,2.3231902,1.1148455,0.7662182
1750940658952,240300893,2.3231902,1.1148455,0.7662182
1750940658969,240317560,2.0854483,1.3351766,1.1660204
1750940658969,240317560,2.0854483,1.3351766,1.1660204
1750940658986,240334227,0.7333328,1.6404034,1.1873264
1750940658986,240334227,0.7333328,1.6404034,1.1873264
1750940659002,240350894,-0.6030985,1.558711,-0.53352356
1750940659002,240350894,-0.6030985,1.558711,-0.53352356
1750940659019,240367561,-0.39868832,1.3538897,-0.44522667
1750940659019,240367561,-0.39868832,1.3538897,-0.44522667
1750940659036,240384228,0.78345674,0.6776915,0.20981598
1750940659036,240384228,0.78345674,0.6776915,0.20981598
1750940659052,240400895,1.1053671,-0.087902054,0.2928896
1750940659052,240400895,1.1053671,-0.087902054,0.2928896
1750940659069,240417562,0.51228523,-0.020868175,-0.5556927
1750940659069,240417562,0.51228523,-0.020868175,-0.5556927
1750940659086,240434229,0.055479717,0.38952565,0.023898125
1750940659086,240434229,0.055479717,0.38952565,0.023898125
1750940659102,240450896,0.34157652,0.45589402,0.2626152
1750940659102,240450896,0.34157652,0.45589402,0.2626152
1750940659119,240467563,-0.5235143,0.75044227,0.052516937
1750940659119,240467563,-0.5235143,0.75044227,0.052516937
1750940659136,240484230,0.3091003,0.5981962,-0.25590992
1750940659136,240484230,0.3091003,0.5981962,-0.25590992
1750940659152,240500897,0.94347525,0.54515344,-0.07675552
1750940659152,240500897,0.94347525,0.54515344,-0.07675552
1750940659169,240517564,1.254929,0.5589697,-0.041306496
1750940659169,240517564,1.254929,0.5589697,-0.041306496
1750940659186,240534231,1.6378055,0.7167685,-0.09501934
1750940659186,240534231,1.6378055,0.7167685,-0.09501934
1750940659202,240550898,1.1962185,0.8756887,-0.068309784
1750940659202,240550898,1.1962185,0.8756887,-0.068309784
1750940659219,240567565,0.9137507,0.9387786,0.049227715
1750940659219,240567565,0.9137507,0.9387786,0.049227715
1750940659236,240584232,0.68430215,0.80825615,0.2142849
1750940659236,240584232,0.68430215,0.80825615,0.2142849
1750940659252,240600899,0.91613555,0.52249324,0.21514511
1750940659252,240600899,0.91613555,0.52249324,0.21514511
1750940659269,240617566,0.9318425,0.21412921,0.26047897
1750940659269,240617566,0.9318425,0.21412921,0.26047897
1750940659286,240634233,0.49248844,0.018973792,0.2881956
1750940659286,240634233,0.49248844,0.018973792,0.2881956
1750940659302,240650900,0.31641254,0.033815052,0.16636181
1750940659302,240650900,0.31641254,0.033815052,0.16636181
1750940659319,240667567,0.15387347,0.10182669,0.3084135
1750940659319,240667567,0.15387347,0.10182669,0.3084135
1750940659336,240684234,0.09303459,0.10432288,0.36641407
1750940659336,240684234,0.09303459,0.10432288,0.36641407
1750940659352,240700901,-0.1751823,0.007217457,0.42645645
1750940659352,240700901,-0.1751823,0.007217457,0.42645645
1750940659369,240717568,0.06627874,-0.2044929,0.63436794
1750940659369,240717568,0.06627874,-0.2044929,0.63436794
1750940659386,240734235,0.6052199,-0.53114325,0.7553177
1750940659386,240734235,0.6052199,-0.53114325,0.7553177
1750940659402,240750902,0.88489896,-0.97436607,1.0287752
1750940659402,240750902,0.88489896,-0.97436607,1.0287752
1750940659419,240767569,-0.000121591045,-1.3502198,1.6860323
1750940659419,240767569,-0.000121591045,-1.3502198,1.6860323
1750940659436,240784236,-0.26899114,-1.7699289,2.5436258
1750940659436,240784236,-0.26899114,-1.7699289,2.5436258
1750940659452,240800903,-0.5127271,-2.3873708,3.3488111
1750940659452,240800903,-0.5127271,-2.3873708,3.3488111
1750940659469,240817570,-0.46130615,-3.0511117,3.3801794
1750940659469,240817570,-0.46130615,-3.0511117,3.3801794
1750940659486,240834237,-1.8402872,-4.0697966,3.505785
1750940659486,240834237,-1.8402872,-4.0697966,3.505785
1750940659502,240850904,-2.6679857,-5.7356105,3.754611
1750940659502,240850904,-2.6679857,-5.7356105,3.754611
1750940659519,240867571,-1.8866849,-8.799077,4.582592
1750940659519,240867571,-1.8866849,-8.799077,4.582592
1750940659536,240884238,-3.299897,-12.931248,4.09426
1750940659536,240884238,-3.299897,-12.931248,4.09426
1750940659552,240900905,-6.063278,-10.8610525,2.0108252
1750940659552,240900905,-6.063278,-10.8610525,2.0108252
1750940659569,240917572,-7.3056364,-3.3579059,0.6436453
1750940659569,240917572,-7.3056364,-3.3579059,0.6436453
1750940659586,240934239,-5.5301833,-5.9205666,2.8704977
1750940659586,240934239,-5.5301833,-5.9205666,2.8704977
1750940659602,240950906,-2.9243495,-5.287941,2.8813648
1750940659602,240950906,-2.9243495,-5.287941,2.8813648
1750940659619,240967573,-4.172534,-3.1204376,0.95451164
1750940659619,240967573,-4.172534,-3.1204376,0.95451164
1750940659636,240984240,-3.099834,-2.324048,-1.5166578
1750940659636,240984240,-3.099834,-2.324048,-1.5166578
1750940659652,241000907,-3.7675648,-4.0663824,-1.9365482
1750940659652,241000907,-3.7675648,-4.0663824,-1.9365482
1750940659669,241017574,-4.962293,-6.696713,-6.1986723
1750940659669,241017574,-4.962293,-6.696713,-6.1986723
1750940659686,241034241,-4.33977,-4.60481,-8.442224
1750940659686,241034241,-4.33977,-4.60481,-8.442224
1750940659702,241050908,-3.0742505,-3.1916082,-7.658306
1750940659702,241050908,-3.0742505,-3.1916082,-7.658306
1750940659719,241067575,-1.6801208,-2.8510616,-6.3699923
1750940659719,241067575,-1.6801208,-2.8510616,-6.3699923
1750940659736,241084242,-1.6082757,-3.1418889,-5.8676186
1750940659736,241084242,-1.6082757,-3.1418889,-5.8676186
1750940659752,241100909,-0.6254811,-3.2716436,-5.2657113
1750940659752,241100909,-0.6254811,-3.2716436,-5.2657113
1750940659769,241117576,-0.31324425,-3.810219,-4.7077894
1750940659769,241117576,-0.31324425,-3.810219,-4.7077894
1750940659786,241134243,0.6970368,-4.0123158,-3.7884912
1750940659786,241134243,0.6970368,-4.0123158,-3.7884912
1750940659802,241150910,1.7822155,-3.6373768,-2.4969206
1750940659802,241150910,1.7822155,-3.6373768,-2.4969206
1750940659819,241167577,2.2170687,-4.007453,-0.7071533
1750940659819,241167577,2.2170687,-4.007453,-0.7071533
1750940659836,241184244,2.286852,-4.297018,1.3472347
1750940659836,241184244,2.286852,-4.297018,1.3472347
1750940659852,241200911,2.992734,-2.8938003,3.7506208
1750940659852,241200911,2.992734,-2.8938003,3.7506208
1750940659869,241217578,3.4092364,-0.112414725,5.3591223
1750940659869,241217578,3.4092364,-0.112414725,5.3591223
1750940659886,241234245,2.7532034,1.8426869,5.7494507
1750940659886,241234245,2.7532034,1.8426869,5.7494507
1750940659902,241250912,1.2967869,2.6414819,6.673832
1750940659902,241250912,1.2967869,2.6414819,6.673832
1750940659919,241267579,1.8448036,4.2025495,7.868479
1750940659919,241267579,1.8448036,4.2025495,7.868479
1750940659936,241284246,1.9016044,5.8867264,8.927219
1750940659936,241284246,1.9016044,5.8867264,8.927219
1750940659952,241300913,-1.9706591,10.621322,8.798164
1750940659952,241300913,-1.9706591,10.621322,8.798164
1750940659969,241317580,4.334442,12.494052,1.9038515
1750940659969,241317580,4.334442,12.494052,1.9038515
1750940659986,241334247,5.6440935,11.442857,-0.4984579
1750940659986,241334247,5.6440935,11.442857,-0.4984579
1750940660002,241350914,5.2467947,11.009869,-5.997543
1750940660002,241350914,5.2467947,11.009869,-5.997543
1750940660019,241367581,4.5213494,12.199862,-8.223849
1750940660019,241367581,4.5213494,12.199862,-8.223849
1750940660036,241384248,2.6012084,11.536433,-7.795957
1750940660036,241384248,2.6012084,11.536433,-7.795957
1750940660052,241400915,1.7847617,10.24326,-4.4378533
1750940660052,241400915,1.7847617,10.24326,-4.4378533
1750940660069,241417582,3.2166786,7.6462817,-3.02146
1750940660069,241417582,3.2166786,7.6462817,-3.02146
1750940660086,241434249,2.2521243,5.425703,-2.396531
1750940660086,241434249,2.2521243,5.425703,-2.396531
1750940660102,241450916,2.152139,4.0587893,-3.1753173
1750940660102,241450916,2.152139,4.0587893,-3.1753173
1750940660119,241467583,2.0248017,3.9685967,-3.9121342
1750940660119,241467583,2.0248017,3.9685967,-3.9121342
1750940660136,241484250,2.2621682,4.405515,-3.6799774
1750940660136,241484250,2.2621682,4.405515,-3.6799774
1750940660152,241500917,3.8850937,5.783251,-5.7972355
1750940660152,241500917,3.8850937,5.783251,-5.7972355
1750940660169,241517584,6.3614836,7.593599,-5.4352584
1750940660169,241517584,6.3614836,7.593599,-5.4352584
1750940660186,241534251,2.7863848,4.718382,0.24668694
1750940660186,241534251,2.7863848,4.718382,0.24668694
1750940660202,241550918,-1.0499436,-1.1713538,8.144659
1750940660202,241550918,-1.0499436,-1.1713538,8.144659
1750940660219,241567585,5.13124,1.3562429,1.7554855
1750940660219,241567585,5.13124,1.3562429,1.7554855
1750940660236,241584252,9.451911,19.35004,-1.280035
1750940660236,241584252,9.451911,19.35004,-1.280035
1750940660252,241600919,7.207315,0.69169337,10.483469
1750940660252,241600919,7.207315,0.69169337,10.483469
1750940660269,241617586,9.729363,-3.9258718,-1.3316135
1750940660269,241617586,9.729363,-3.9258718,-1.3316135
1750940660286,241634253,3.6931407,-0.62276226,-3.208716
1750940660286,241634253,3.6931407,-0.62276226,-3.208716
1750940660302,241650920,2.5192604,2.507161,0.32441998
1750940660302,241650920,2.5192604,2.507161,0.32441998
1750940660319,241667587,2.3402805,1.9906672,0.12857819
1750940660319,241667587,2.3402805,1.9906672,0.12857819
1750940660336,241684254,1.319017,2.7284644,0.7656002
1750940660336,241684254,1.319017,2.7284644,0.7656002
1750940660352,241700921,1.9031016,1.0377713,1.0294924
1750940660352,241700921,1.9031016,1.0377713,1.0294924
1750940660369,241717588,1.8363006,0.08245723,1.4949675
1750940660369,241717588,1.8363006,0.08245723,1.4949675
1750940660386,241734255,0.59875095,0.29931593,1.2812605
1750940660386,241734255,0.59875095,0.29931593,1.2812605
1750940660402,241750922,1.5224929,0.30810472,-0.1007185
1750940660402,241750922,1.5224929,0.30810472,-0.1007185
1750940660419,241767589,1.248749,0.5542886,-0.45256138
1750940660419,241767589,1.248749,0.5542886,-0.45256138
1750940660436,241784256,0.4064534,0.38673535,0.2665615
1750940660436,241784256,0.4064534,0.38673535,0.2665615
1750940660452,241800923,0.2250981,0.33004606,0.67192364
1750940660452,241800923,0.2250981,0.33004606,0.67192364
1750940660469,241817590,1.093711,0.14684561,-0.09024906
1750940660469,241817590,1.093711,0.14684561,-0.09024906
1750940660486,241834257,2.0623336,0.2758336,-0.56107616
1750940660486,241834257,2.0623336,0.2758336,-0.56107616
1750940660502,241850924,0.78952646,0.5731897,-0.19919586
1750940660502,241850924,0.78952646,0.5731897,-0.19919586
1750940660519,241867591,0.5796335,0.5078231,-0.26813126
1750940660519,241867591,0.5796335,0.5078231,-0.26813126
1750940660536,241884258,0.67808914,0.46820456,-0.0871315
1750940660536,241884258,0.67808914,0.46820456,-0.0871315
1750940660552,241900925,0.6511312,0.516418,0.04393959
1750940660552,241900925,0.6511312,0.516418,0.04393959
1750940660569,241917592,0.61668295,0.6153113,-0.014890671
1750940660569,241917592,0.61668295,0.6153113,-0.014890671
1750940660586,241934259,0.43812698,0.32904583,-0.07814884
1750940660586,241934259,0.43812698,0.32904583,-0.07814884
1750940660602,241950926,0.45544118,0.40334505,-0.09995556
1750940660602,241950926,0.45544118,0.40334505,-0.09995556
1750940660619,241967593,0.8011652,0.34805146,-0.28058147
1750940660619,241967593,0.8011652,0.34805146,-0.28058147
1750940660636,241984260,0.9424366,0.17342901,-0.21776295
1750940660636,241984260,0.9424366,0.17342901,-0.21776295
1750940660652,242000927,0.8267503,0.22304057,-0.14009762
1750940660652,242000927,0.8267503,0.22304057,-0.14009762
1750940660669,242017594,0.9075042,0.0529838,0.28937912
1750940660669,242017594,0.9075042,0.0529838,0.28937912
1750940660686,242034261,0.9950636,-0.05310461,0.35951996
1750940660686,242034261,0.9950636,-0.05310461,0.35951996
1750940660702,242050928,1.1835735,-0.10780695,0.4729929
1750940660702,242050928,1.1835735,-0.10780695,0.4729929
1750940660719,242067595,1.4697962,-0.6100216,0.49504852
1750940660719,242067595,1.4697962,-0.6100216,0.49504852
1750940660736,242084262,1.378167,-0.70018715,0.64606285
1750940660736,242084262,1.378167,-0.70018715,0.64606285
1750940660752,242100929,1.4136001,-0.6734694,0.8745165
1750940660752,242100929,1.4136001,-0.6734694,0.8745165
1750940660769,242117596,1.591292,-1.0513245,0.6683903
1750940660769,242117596,1.591292,-1.0513245,0.6683903
1750940660786,242134263,2.0332115,-2.0200138,0.43014622
1750940660786,242134263,2.0332115,-2.0200138,0.43014622
1750940660802,242150930,2.753788,-3.5414162,0.23500156
1750940660802,242150930,2.753788,-3.5414162,0.23500156
1750940660819,242167597,1.5023633,-3.3076608,0.7609587
1750940660819,242167597,1.5023633,-3.3076608,0.7609587
1750940660836,242184264,0.5880563,-2.5584493,0.9425297
1750940660836,242184264,0.5880563,-2.5584493,0.9425297
1750940660852,242200931,0.11694332,-2.2485054,0.4981947
1750940660852,242200931,0.11694332,-2.2485054,0.4981947
1750940660869,242217598,-0.5467306,-1.9974582,0.08761406
1750940660869,242217598,-0.5467306,-1.9974582,0.08761406
1750940660886,242234265,-1.0905232,-1.1108853,-0.20789623
1750940660886,242234265,-1.0905232,-1.1108853,-0.20789623
1750940660902,242250932,-1.3247125,-0.21029618,-0.34422207
1750940660902,242250932,-1.3247125,-0.21029618,-0.34422207
1750940660919,242267599,-1.4678016,0.09345658,-0.38423634
1750940660919,242267599,-1.4678016,0.09345658,-0.38423634
1750940660936,242284266,-1.411032,0.8654836,-0.40868664
1750940660936,242284266,-1.411032,0.8654836,-0.40868664
1750940660952,242300933,-0.9474902,2.2829373,-0.543437
1750940660952,242300933,-0.9474902,2.2829373,-0.543437
1750940660969,242317600,0.062283225,2.3829253,-0.9547701
1750940660969,242317600,0.062283225,2.3829253,-0.9547701
1750940660986,242334267,1.2637064,2.555401,-1.5898457
1750940660986,242334267,1.2637064,2.555401,-1.5898457
1750940661002,242350934,1.9888728,2.7266881,-1.8693814
1750940661002,242350934,1.9888728,2.7266881,-1.8693814
1750940661019,242367601,3.745178,5.144649,-1.2890635
1750940661019,242367601,3.745178,5.144649,-1.2890635
1750940661036,242384268,6.434368,4.4719844,-0.96347237
1750940661036,242384268,6.434368,4.4719844,-0.96347237
1750940661052,242400935,8.304245,6.4407763,-1.4623156
1750940661052,242400935,8.304245,6.4407763,-1.4623156
1750940661069,242417602,7.1814632,4.177661,-1.8557034
1750940661069,242417602,7.1814632,4.177661,-1.8557034
1750940661086,242434269,4.5721664,1.9269595,-1.5700674
1750940661086,242434269,4.5721664,1.9269595,-1.5700674
1750940661102,242450936,0.29608986,-0.55467826,-0.69114304
1750940661102,242450936,0.29608986,-0.55467826,-0.69114304
1750940661119,242467603,-2.742974,-2.129384,0.7368021
1750940661119,242467603,-2.742974,-2.129384,0.7368021
1750940661136,242484270,-3.544418,-2.4042869,1.631525
1750940661136,242484270,-3.544418,-2.4042869,1.631525
1750940661152,242500937,-2.2968392,-1.1727738,2.4355488
1750940661152,242500937,-2.2968392,-1.1727738,2.4355488
1750940661169,242517604,-1.118824,-0.62825155,1.8043003
1750940661169,242517604,-1.118824,-0.62825155,1.8043003
1750940661186,242534271,0.083791874,0.28358653,1.6748838
1750940661186,242534271,0.083791874,0.28358653,1.6748838
1750940661202,242550938,1.2546169,0.66259855,0.9064455
1750940661202,242550938,1.2546169,0.66259855,0.9064455
1750940661219,242567605,1.3073002,0.3335191,0.36047745
1750940661219,242567605,1.3073002,0.3335191,0.36047745
1750940661236,242584272,0.6577425,-0.2610211,0.43346405
1750940661236,242584272,0.6577425,-0.2610211,0.43346405
1750940661252,242600939,0.24805312,-0.43186504,0.6299534
1750940661252,242600939,0.24805312,-0.43186504,0.6299534
1750940661269,242617606,0.09582425,-0.4682945,0.7031698
1750940661269,242617606,0.09582425,-0.4682945,0.7031698
1750940661286,242634273,0.14717256,-0.3498874,0.56567574
1750940661286,242634273,0.14717256,-0.3498874,0.56567574
1750940661302,242650940,0.14071928,-0.48786956,0.32520485
1750940661302,242650940,0.14071928,-0.48786956,0.32520485
1750940661319,242667607,0.29824227,-0.3985303,0.022940636
1750940661319,242667607,0.29824227,-0.3985303,0.022940636
1750940661336,242684274,0.95273894,0.023597604,-0.26882172
1750940661336,242684274,0.95273894,0.023597604,-0.26882172
1750940661352,242700941,1.3470185,0.25660652,-0.3985014
1750940661352,242700941,1.3470185,0.25660652,-0.3985014
1750940661369,242717608,1.4030355,0.14899865,-0.56258297
1750940661369,242717608,1.4030355,0.14899865,-0.56258297
1750940661386,242734275,1.2976351,-0.072571754,-0.6418085
1750940661386,242734275,1.2976351,-0.072571754,-0.6418085
1750940661402,242750942,1.259415,-0.0922476,-0.57732964
1750940661402,242750942,1.259415,-0.0922476,-0.57732964
1750940661419,242767609,1.1663839,-0.10077819,-0.46425533
1750940661419,242767609,1.1663839,-0.10077819,-0.46425533
1750940661436,242784276,0.9120017,-0.24285398,-0.363019
1750940661436,242784276,0.9120017,-0.24285398,-0.363019
1750940661452,242800943,0.7311851,-0.24581419,-0.24987316
1750940661452,242800943,0.7311851,-0.24581419,-0.24987316
1750940661469,242817610,0.8335838,-0.09351491,-0.06988716
1750940661469,242817610,0.8335838,-0.09351491,-0.06988716
1750940661486,242834277,0.809285,-0.015196199,0.18193531
1750940661486,242834277,0.809285,-0.015196199,0.18193531
1750940661502,242850944,0.6847275,-0.07264417,0.16748619
1750940661502,242850944,0.6847275,-0.07264417,0.16748619
1750940661519,242867611,0.70498043,0.026408503,0.15871525
1750940661519,242867611,0.70498043,0.026408503,0.15871525
1750940661536,242884278,0.5374427,-0.080882184,0.30212688
1750940661536,242884278,0.5374427,-0.080882184,0.30212688
1750940661552,242900945,0.6027561,0.17956159,0.3525486
1750940661552,242900945,0.6027561,0.17956159,0.3525486
1750940661569,242917612,0.518158,0.23165241,0.48773098
1750940661569,242917612,0.518158,0.23165241,0.48773098
1750940661586,242934279,0.32175627,0.26481012,0.6413679
1750940661586,242934279,0.32175627,0.26481012,0.6413679
1750940661602,242950946,0.3617602,0.27471486,0.58314323
1750940661602,242950946,0.3617602,0.27471486,0.58314323
1750940661619,242967613,0.33415657,0.356452,0.54935265
1750940661619,242967613,0.33415657,0.356452,0.54935265
1750940661636,242984280,0.46859133,0.50052416,0.54271317
1750940661636,242984280,0.46859133,0.50052416,0.54271317
1750940661652,243000947,0.5170456,0.68210435,0.59660816
1750940661652,243000947,0.5170456,0.68210435,0.59660816
1750940661669,243017614,0.72037244,1.0069226,0.5579119
1750940661669,243017614,0.72037244,1.0069226,0.5579119
1750940661686,243034281,0.589327,1.0591905,0.49831104
1750940661686,243034281,0.589327,1.0591905,0.49831104
1750940661702,243050948,0.3042333,1.3513404,0.6989784
1750940661702,243050948,0.3042333,1.3513404,0.6989784
1750940661719,243067615,-0.20965336,1.4655389,0.8719635
1750940661719,243067615,-0.20965336,1.4655389,0.8719635
1750940661736,243084282,-1.0405967,2.0600955,1.6235456
1750940661736,243084282,-1.0405967,2.0600955,1.6235456
1750940661752,243100949,-0.9927399,3.4236467,2.3107777
1750940661752,243100949,-0.9927399,3.4236467,2.3107777
1750940661769,243117616,-2.084076,3.4405098,1.9626465
1750940661769,243117616,-2.084076,3.4405098,1.9626465
1750940661786,243134283,-1.6214201,6.2256494,1.6379547
1750940661786,243134283,-1.6214201,6.2256494,1.6379547
1750940661802,243150950,-1.1065139,8.950219,1.2830544
1750940661802,243150950,-1.1065139,8.950219,1.2830544
1750940661819,243167617,-0.7998961,11.015531,1.2115784
1750940661819,243167617,-0.7998961,11.015531,1.2115784
1750940661836,243184284,1.8874104,12.359573,0.57945824
1750940661836,243184284,1.8874104,12.359573,0.57945824
1750940661852,243200951,3.7062583,8.559846,2.1151705
1750940661852,243200951,3.7062583,8.559846,2.1151705
1750940661869,243217618,-0.84695005,6.145366,3.3614807
1750940661869,243217618,-0.84695005,6.145366,3.3614807
1750940661886,243234285,4.248525,8.057011,3.1542835
1750940661886,243234285,4.248525,8.057011,3.1542835
1750940661902,243250952,6.0284386,8.708186,0.079963684
1750940661902,243250952,6.0284386,8.708186,0.079963684
1750940661919,243267619,4.2247086,4.6601157,-1.1694946
1750940661919,243267619,4.2247086,4.6601157,-1.1694946
1750940661936,243284286,4.022591,5.159067,-0.9129677
1750940661936,243284286,4.022591,5.159067,-0.9129677
1750940661952,243300953,2.2224464,8.773551,-3.1545749
1750940661952,243300953,2.2224464,8.773551,-3.1545749
1750940661969,243317620,2.0557709,7.83274,-7.102665
1750940661969,243317620,2.0557709,7.83274,-7.102665
1750940661986,243334287,1.883503,7.0749125,-6.7801266
1750940661986,243334287,1.883503,7.0749125,-6.7801266
1750940662002,243350954,1.4383302,5.8685265,-5.959152
1750940662002,243350954,1.4383302,5.8685265,-5.959152
1750940662019,243367621,2.4574537,5.1584406,-5.2634583
1750940662019,243367621,2.4574537,5.1584406,-5.2634583
1750940662036,243384288,3.2274244,4.715591,-4.4359164
1750940662036,243384288,3.2274244,4.715591,-4.4359164
1750940662052,243400955,2.726262,4.409091,-3.8652864
1750940662052,243400955,2.726262,4.409091,-3.8652864
1750940662069,243417622,2.3958328,4.3816733,-3.2405987
1750940662069,243417622,2.3958328,4.3816733,-3.2405987
1750940662086,243434289,2.9304616,4.305961,-2.757884
1750940662086,243434289,2.9304616,4.305961,-2.757884
1750940662102,243450956,3.5762832,3.5295677,-2.1669335
1750940662102,243450956,3.5762832,3.5295677,-2.1669335
1750940662119,243467623,4.0051556,3.1116598,-0.92460346
1750940662119,243467623,4.0051556,3.1116598,-0.92460346
1750940662136,243484290,3.9948587,2.4437816,0.86273384
1750940662136,243484290,3.9948587,2.4437816,0.86273384
1750940662152,243500957,3.3153048,1.2204963,2.45298
1750940662152,243500957,3.3153048,1.2204963,2.45298
1750940662169,243517624,3.449496,0.5774556,3.0069513
1750940662169,243517624,3.449496,0.5774556,3.0069513
1750940662186,243534291,4.600743,0.16083881,3.1112661
1750940662186,243534291,4.600743,0.16083881,3.1112661
1750940662202,243550958,5.175866,-0.6612059,4.374732
1750940662202,243550958,5.175866,-0.6612059,4.374732
1750940662219,243567625,4.2069592,-1.6768802,5.011324
1750940662219,243567625,4.2069592,-1.6768802,5.011324
1750940662236,243584292,3.8035057,-2.9240239,5.9779816
1750940662236,243584292,3.8035057,-2.9240239,5.9779816
1750940662252,243600959,2.7489412,-5.747305,5.9868755
1750940662252,243600959,2.7489412,-5.747305,5.9868755
1750940662269,243617626,2.4147708,-7.301012,5.4887257
1750940662269,243617626,2.4147708,-7.301012,5.4887257
1750940662286,243634293,1.7813357,-7.971333,4.714761
1750940662286,243634293,1.7813357,-7.971333,4.714761
1750940662302,243650960,-2.3522131,-9.213393,3.0333242
1750940662302,243650960,-2.3522131,-9.213393,3.0333242
1750940662319,243667627,-5.929891,-12.000491,-0.5471554
1750940662319,243667627,-5.929891,-12.000491,-0.5471554
1750940662336,243684294,-3.4466279,-15.49429,-7.5003185
1750940662336,243684294,-3.4466279,-15.49429,-7.5003185
1750940662352,243700961,-5.230821,-15.547566,-12.075608
1750940662352,243700961,-5.230821,-15.547566,-12.075608
1750940662369,243717628,-0.9470469,-13.937662,-10.548093
1750940662369,243717628,-0.9470469,-13.937662,-10.548093
1750940662386,243734295,2.2055252,-13.490133,-8.511236
1750940662386,243734295,2.2055252,-13.490133,-8.511236
1750940662402,243750962,0.2723409,-11.269482,-4.4801006
1750940662402,243750962,0.2723409,-11.269482,-4.4801006
1750940662419,243767629,-2.245581,-10.864061,-7.9186907
1750940662419,243767629,-2.245581,-10.864061,-7.9186907
1750940662436,243784296,-4.1792235,1.8610185,5.3910074
1750940662436,243784296,-4.1792235,1.8610185,5.3910074
1750940662452,243800963,-2.6808603,-5.074118,8.2228775
1750940662452,243800963,-2.6808603,-5.074118,8.2228775
1750940662469,243817630,-9.492429,-7.230041,6.874111
1750940662469,243817630,-9.492429,-7.230041,6.874111
1750940662486,243834297,-1.6048123,-10.47224,1.3145838
1750940662486,243834297,-1.6048123,-10.47224,1.3145838
1750940662502,243850964,10.012784,-8.549903,1.9132004
1750940662502,243850964,10.012784,-8.549903,1.9132004
1750940662519,243867631,-1.7632804,-4.7965765,1.5880928
1750940662519,243867631,-1.7632804,-4.7965765,1.5880928
1750940662536,243884298,-6.874987,-3.1285489,-0.25183964
1750940662536,243884298,-6.874987,-3.1285489,-0.25183964
1750940662552,243900965,-6.5284276,-1.1565001,0.615119
1750940662552,243900965,-6.5284276,-1.1565001,0.615119
1750940662569,243917632,-1.2860479,-2.190719,-1.1281071
1750940662569,243917632,-1.2860479,-2.190719,-1.1281071
1750940662586,243934299,0.2809653,-1.4828824,1.0306959
1750940662586,243934299,0.2809653,-1.4828824,1.0306959
1750940662602,243950966,-1.3736248,-0.8118556,2.1936522
1750940662602,243950966,-1.3736248,-0.8118556,2.1936522
1750940662619,243967633,-1.2934355,-0.91495764,2.0883121
1750940662619,243967633,-1.2934355,-0.91495764,2.0883121
1750940662636,243984300,-1.1784391,-0.6055831,0.08865452
1750940662636,243984300,-1.1784391,-0.6055831,0.08865452
1750940662652,244000967,1.4297141,-1.2140404,-1.201251
1750940662652,244000967,1.4297141,-1.2140404,-1.201251
1750940662669,244017634,1.9923674,-0.9057024,-0.4627056
1750940662669,244017634,1.9923674,-0.9057024,-0.4627056
1750940662686,244034301,0.6160949,-0.44812068,0.2602396
1750940662686,244034301,0.6160949,-0.44812068,0.2602396
1750940662702,244050968,-0.3899397,0.16452655,0.5774679
1750940662702,244050968,-0.3899397,0.16452655,0.5774679
1750940662719,244067635,0.5341151,-0.03769792,0.47961712
1750940662719,244067635,0.5341151,-0.03769792,0.47961712
1750940662736,244084302,0.24095054,-0.09165953,0.22091484
1750940662736,244084302,0.24095054,-0.09165953,0.22091484
1750940662752,244100969,0.857913,-0.3605682,0.023489952
1750940662752,244100969,0.857913,-0.3605682,0.023489952
1750940662769,244117636,1.3351732,-0.2777933,-0.16485214
1750940662769,244117636,1.3351732,-0.2777933,-0.16485214
1750940662786,244134303,0.88572174,-0.16834101,-0.14824009
1750940662786,244134303,0.88572174,-0.16834101,-0.14824009
1750940662802,244150970,0.27650163,-0.128547,0.007941246
1750940662802,244150970,0.27650163,-0.128547,0.007941246
1750940662819,244167637,0.2346799,-0.1829239,0.0042734146
1750940662819,244167637,0.2346799,-0.1829239,0.0042734146
1750940662836,244184304,0.28384826,-0.33809307,-0.0009174347
1750940662836,244184304,0.28384826,-0.33809307,-0.0009174347
1750940662852,244200971,0.51279,-0.40834633,0.20646381
1750940662852,244200971,0.51279,-0.40834633,0.20646381
1750940662869,244217638,0.3078853,-0.48693192,0.07040405
1750940662869,244217638,0.3078853,-0.48693192,0.07040405
1750940662886,244234305,0.4460686,-0.46372545,0.14653492
1750940662886,244234305,0.4460686,-0.46372545,0.14653492
1750940662902,244250972,0.38269943,-0.32825896,0.16212463
1750940662902,244250972,0.38269943,-0.32825896,0.16212463
1750940662919,244267639,0.33515364,-0.113663934,0.26808167
1750940662919,244267639,0.33515364,-0.113663934,0.26808167
1750940662936,244284306,0.32515222,0.16132964,0.38683414
1750940662936,244284306,0.32515222,0.16132964,0.38683414
1750940662952,244300973,0.5149242,0.2882298,0.37143993
1750940662952,244300973,0.5149242,0.2882298,0.37143993
1750940662969,244317640,0.66942424,0.34595692,0.39023113
1750940662969,244317640,0.66942424,0.34595692,0.39023113
1750940662986,244334307,0.8015074,0.5239298,0.42243004
1750940662986,244334307,0.8015074,0.5239298,0.42243004
1750940663002,244350974,0.82928985,0.81402415,0.61641407
1750940663002,244350974,0.82928985,0.81402415,0.61641407
1750940663019,244367641,0.98692626,1.170692,0.7152653
1750940663019,244367641,0.98692626,1.170692,0.7152653
1750940663036,244384308,0.23568904,1.2629249,0.8086567
1750940663036,244384308,0.23568904,1.2629249,0.8086567
1750940663052,244400975,0.38778692,1.5016599,0.893404
1750940663052,244400975,0.38778692,1.5016599,0.893404
1750940663069,244417642,1.1922346,1.613512,1.1951666
1750940663069,244417642,1.1922346,1.613512,1.1951666
1750940663086,244434309,1.6414068,1.9464121,1.4043579
1750940663086,244434309,1.6414068,1.9464121,1.4043579
1750940663102,244450976,1.7308944,2.4797359,1.6461906
1750940663102,244450976,1.7308944,2.4797359,1.6461906
1750940663119,244467643,1.5883722,3.1769395,2.0940952
1750940663119,244467643,1.5883722,3.1769395,2.0940952
1750940663136,244484310,1.4402833,4.148762,2.5031157
1750940663136,244484310,1.4402833,4.148762,2.5031157
1750940663152,244500977,1.6992764,5.6101413,2.531108
1750940663152,244500977,1.6992764,5.6101413,2.531108
1750940663169,244517644,2.3358665,8.091375,2.6490211
1750940663169,244517644,2.3358665,8.091375,2.6490211
1750940663186,244534311,1.7038437,11.522679,2.6170902
1750940663186,244534311,1.7038437,11.522679,2.6170902
1750940663202,244550978,5.0898123,14.263751,1.7501507
1750940663202,244550978,5.0898123,14.263751,1.7501507
1750940663219,244567645,9.321597,10.52398,-0.42783165
1750940663219,244567645,9.321597,10.52398,-0.42783165
1750940663236,244584312,7.4077477,3.7748191,2.3958082
1750940663236,244584312,7.4077477,3.7748191,2.3958082
1750940663252,244600979,5.951639,8.929547,2.7372494
1750940663252,244600979,5.951639,8.929547,2.7372494
1750940663269,244617646,2.3308907,8.11042,1.1053686
1750940663269,244617646,2.3308907,8.11042,1.1053686
1750940663286,244634313,1.7202545,2.401497,2.0851746
1750940663286,244634313,1.7202545,2.401497,2.0851746
1750940663302,244650980,5.4976883,3.154905,-0.31092167
1750940663302,244650980,5.4976883,3.154905,-0.31092167
1750940663319,244667647,7.3992286,4.398914,-2.6877074
1750940663319,244667647,7.3992286,4.398914,-2.6877074
1750940663336,244684314,6.7416506,5.737022,-9.6605835
1750940663336,244684314,6.7416506,5.737022,-9.6605835
1750940663352,244700981,3.906774,4.710744,-9.508667
1750940663352,244700981,3.906774,4.710744,-9.508667
1750940663369,244717648,2.1879947,3.7372968,-7.329661
1750940663369,244717648,2.1879947,3.7372968,-7.329661
1750940663386,244734315,0.901622,3.3911457,-6.4979877
1750940663386,244734315,0.901622,3.3911457,-6.4979877
1750940663402,244750982,2.0416903,3.0693154,-6.7160864
1750940663402,244750982,2.0416903,3.0693154,-6.7160864
1750940663419,244767649,2.4149497,2.7758222,-6.4757094
1750940663419,244767649,2.4149497,2.7758222,-6.4757094
1750940663436,244784316,2.640197,3.3334289,-5.5295134
1750940663436,244784316,2.640197,3.3334289,-5.5295134
1750940663452,244800983,2.1639051,3.9812312,-4.2508087
1750940663452,244800983,2.1639051,3.9812312,-4.2508087
1750940663469,244817650,1.1951902,3.992527,-2.8431058
1750940663469,244817650,1.1951902,3.992527,-2.8431058
1750940663486,244834317,0.37573847,3.8877208,-0.62643623
1750940663486,244834317,0.37573847,3.8877208,-0.62643623
1750940663502,244850984,-0.5149394,3.9883714,1.771594
1750940663502,244850984,-0.5149394,3.9883714,1.771594
1750940663519,244867651,-1.4248922,2.9886327,4.3892784
1750940663519,244867651,-1.4248922,2.9886327,4.3892784
1750940663536,244884318,-0.057043187,0.47511256,6.2039375
1750940663536,244884318,-0.057043187,0.47511256,6.2039375
1750940663552,244900985,-0.65683436,-1.164056,8.499413
1750940663552,244900985,-0.65683436,-1.164056,8.499413
1750940663569,244917652,-0.4217944,-2.6476943,9.853336
1750940663569,244917652,-0.4217944,-2.6476943,9.853336
1750940663586,244934319,-0.16260567,-6.497222,10.211285
1750940663586,244934319,-0.16260567,-6.497222,10.211285
1750940663602,244950986,1.250787,-9.639631,9.15695
1750940663602,244950986,1.250787,-9.639631,9.15695
1750940663619,244967653,-4.446632,-11.401994,5.188737
1750940663619,244967653,-4.446632,-11.401994,5.188737
1750940663636,244984320,-4.0738006,-10.810231,1.9685822
1750940663636,244984320,-4.0738006,-10.810231,1.9685822
1750940663652,245000987,-4.36523,-9.795086,1.2275171
1750940663652,245000987,-4.36523,-9.795086,1.2275171
1750940663669,245017654,-2.851378,-11.185292,-2.198297
1750940663669,245017654,-2.851378,-11.185292,-2.198297
1750940663686,245034321,-4.477037,-12.388754,-6.5817842
1750940663686,245034321,-4.477037,-12.388754,-6.5817842
1750940663702,245050988,-5.789918,-11.537998,-7.4358926
1750940663702,245050988,-5.789918,-11.537998,-7.4358926
1750940663719,245067655,-3.7748415,-10.344604,-7.0113773
1750940663719,245067655,-3.7748415,-10.344604,-7.0113773
1750940663736,245084322,-3.5217903,-10.056456,-6.4236655
1750940663736,245084322,-3.5217903,-10.056456,-6.4236655
1750940663752,245100989,-4.4791512,-8.940574,-5.6487737
1750940663752,245100989,-4.4791512,-8.940574,-5.6487737
1750940663769,245117656,-4.3021293,-7.4908347,-5.553108
1750940663769,245117656,-4.3021293,-7.4908347,-5.553108
1750940663786,245134323,-4.1101427,-7.210323,-5.9352484
1750940663786,245134323,-4.1101427,-7.210323,-5.9352484
1750940663802,245150990,-3.5209649,-5.5414133,-3.4598203
1750940663802,245150990,-3.5209649,-5.5414133,-3.4598203
1750940663819,245167657,1.313403,4.1579137,3.541463
1750940663819,245167657,1.313403,4.1579137,3.541463
1750940663836,245184324,7.326519,4.3540335,6.430559
1750940663836,245184324,7.326519,4.3540335,6.430559
1750940663852,245200991,-4.769915,-2.8956492,-0.75203896
1750940663852,245200991,-4.769915,-2.8956492,-0.75203896
1750940663869,245217658,-7.313164,-2.1298192,5.3551207
1750940663869,245217658,-7.313164,-2.1298192,5.3551207
1750940663886,245234325,-3.7330513,-6.540216,4.941221
1750940663886,245234325,-3.7330513,-6.540216,4.941221
1750940663902,245250992,-2.67233,-6.667692,2.0543509
1750940663902,245250992,-2.67233,-6.667692,2.0543509
1750940663919,245267659,1.3212035,-3.057275,3.4111004
1750940663919,245267659,1.3212035,-3.057275,3.4111004
1750940663936,245284326,0.9653804,-1.7596433,-0.8591871
1750940663936,245284326,0.9653804,-1.7596433,-0.8591871
1750940663952,245300993,0.92322296,-1.9261426,-2.6659417
1750940663952,245300993,0.92322296,-1.9261426,-2.6659417
1750940663969,245317660,0.44326144,-2.900678,-0.70894146
1750940663969,245317660,0.44326144,-2.900678,-0.70894146
1750940663986,245334327,-0.5648331,-2.0802677,0.69430923
1750940663986,245334327,-0.5648331,-2.0802677,0.69430923
1750940664002,245350994,-1.0129399,-2.0181887,0.9912014
1750940664002,245350994,-1.0129399,-2.0181887,0.9912014
1750940664019,245367661,-2.0418274,-0.79233646,1.748703
1750940664019,245367661,-2.0418274,-0.79233646,1.748703
1750940664036,245384328,-1.4560728,-0.7320347,1.6161146
1750940664036,245384328,-1.4560728,-0.7320347,1.6161146
1750940664052,245400995,-0.80817276,-0.27684227,-0.35086727
1750940664052,245400995,-0.80817276,-0.27684227,-0.35086727
1750940664069,245417662,1.0586942,-0.27519786,-0.6864939
1750940664069,245417662,1.0586942,-0.27519786,-0.6864939
1750940664086,245434329,1.4228425,-0.24154575,-0.13665771
1750940664086,245434329,1.4228425,-0.24154575,-0.13665771
1750940664102,245450996,1.1041284,-0.27906486,0.04699707
1750940664102,245450996,1.1041284,-0.27906486,0.04699707
1750940664119,245467663,0.7489139,0.12657918,-0.24756908
1750940664119,245467663,0.7489139,0.12657918,-0.24756908
1750940664136,245484330,0.7170214,0.27127746,-0.3718214
1750940664136,245484330,0.7170214,0.27127746,-0.3718214
1750940664152,245500997,1.4149355,0.15072909,-0.1521225
1750940664152,245500997,1.4149355,0.15072909,-0.1521225
1750940664169,245517664,1.3316238,-0.089724585,-0.41766357
1750940664169,245517664,1.3316238,-0.089724585,-0.41766357
1750940664186,245534331,1.0886062,-0.30307394,-0.09560013
1750940664186,245534331,1.0886062,-0.30307394,-0.09560013
1750940664202,245550998,0.10494235,-0.34944126,0.22648144
1750940664202,245550998,0.10494235,-0.34944126,0.22648144
1750940664219,245567665,-0.35982254,-0.4402767,-0.0060100555
1750940664219,245567665,-0.35982254,-0.4402767,-0.0060100555
1750940664236,245584332,-0.5279176,-0.6592789,0.0108270645
1750940664236,245584332,-0.5279176,-0.6592789,0.0108270645
1750940664252,245600999,-0.38714713,-0.64276266,0.015334129
1750940664252,245600999,-0.38714713,-0.64276266,0.015334129
1750940664269,245617666,-0.113589175,-0.55182844,0.23736191
1750940664269,245617666,-0.113589175,-0.55182844,0.23736191
1750940664286,245634333,0.07504928,-0.4650634,0.14434147
1750940664286,245634333,0.07504928,-0.4650634,0.14434147
1750940664302,245651000,0.54827225,-0.14176913,-0.003378868
1750940664302,245651000,0.54827225,-0.14176913,-0.003378868
1750940664319,245667667,0.3053311,0.061585642,0.055225372
1750940664319,245667667,0.3053311,0.061585642,0.055225372
1750940664336,245684334,0.45292118,0.34541357,0.025720596
1750940664336,245684334,0.45292118,0.34541357,0.025720596
1750940664352,245701001,0.5518013,0.44109812,0.1281414
1750940664352,245701001,0.5518013,0.44109812,0.1281414
1750940664369,245717668,0.77246314,0.4365085,0.10423565
1750940664369,245717668,0.77246314,0.4365085,0.10423565
1750940664386,245734335,0.9663204,0.4604749,0.18252563
1750940664386,245734335,0.9663204,0.4604749,0.18252563
1750940664402,245751002,1.0247843,0.39145276,0.22752857
1750940664402,245751002,1.0247843,0.39145276,0.22752857
1750940664419,245767669,0.8514289,0.404233,0.32937908
1750940664419,245767669,0.8514289,0.404233,0.32937908
1750940664436,245784336,1.3142706,0.4527085,0.39205933
1750940664436,245784336,1.3142706,0.4527085,0.39205933
1750940664452,245801003,0.4274939,0.3431344,0.378726
1750940664452,245801003,0.4274939,0.3431344,0.378726
1750940664469,245817670,0.7520723,0.5405739,0.612689
1750940664469,245817670,0.7520723,0.5405739,0.612689
1750940664486,245834337,1.2581778,0.7941368,0.91767406
1750940664486,245834337,1.2581778,0.7941368,0.91767406
1750940664502,245851004,0.560231,1.025939,1.1648064
1750940664502,245851004,0.560231,1.025939,1.1648064
1750940664519,245867671,0.42025575,1.6028422,1.289504
1750940664519,245867671,0.42025575,1.6028422,1.289504
1750940664536,245884338,-0.3656871,1.4927871,1.2975864
1750940664536,245884338,-0.3656871,1.4927871,1.2975864
1750940664552,245901005,-0.13389209,2.1893966,1.4457121
1750940664552,245901005,-0.13389209,2.1893966,1.4457121
1750940664569,245917672,0.08593716,2.537302,1.7754822
1750940664569,245917672,0.08593716,2.537302,1.7754822
1750940664586,245934339,0.27903536,3.4873216,2.1083174
1750940664586,245934339,0.27903536,3.4873216,2.1083174
1750940664602,245951006,1.3297398,4.7033615,2.290924
1750940664602,245951006,1.3297398,4.7033615,2.290924
1750940664619,245967673,2.2604527,5.799648,2.070304
1750940664619,245967673,2.2604527,5.799648,2.070304
1750940664636,245984340,2.8056934,8.164907,2.4835596
1750940664636,245984340,2.8056934,8.164907,2.4835596
1750940664652,246001007,3.3136194,10.6994915,2.3249912
1750940664652,246001007,3.3136194,10.6994915,2.3249912
1750940664669,246017674,6.4193745,11.776476,1.1763792
1750940664669,246017674,6.4193745,11.776476,1.1763792
1750940664686,246034341,6.9286556,8.874715,1.4756155
1750940664686,246034341,6.9286556,8.874715,1.4756155
1750940664702,246051008,4.2703257,3.7699327,2.9023046
1750940664702,246051008,4.2703257,3.7699327,2.9023046
1750940664719,246067675,2.4567142,6.575803,3.8060455
1750940664719,246067675,2.4567142,6.575803,3.8060455
1750940664736,246084342,0.79649377,6.802817,0.1660347
1750940664736,246084342,0.79649377,6.802817,0.1660347
1750940664752,246101009,0.8272065,3.0448277,0.62424755
1750940664752,246101009,0.8272065,3.0448277,0.62424755
1750940664769,246117676,4.344122,2.525074,-1.7119226
1750940664769,246117676,4.344122,2.525074,-1.7119226
1750940664786,246134343,6.284093,3.408631,-2.6758428
1750940664786,246134343,6.284093,3.408631,-2.6758428
1750940664802,246151010,5.8881903,6.164978,-7.567012
1750940664802,246151010,5.8881903,6.164978,-7.567012
1750940664819,246167677,4.382428,5.6144056,-9.649115
1750940664819,246167677,4.382428,5.6144056,-9.649115
1750940664836,246184344,3.223916,4.632856,-8.180594
1750940664836,246184344,3.223916,4.632856,-8.180594
1750940664852,246201011,1.4064556,3.6360703,-6.5182285
1750940664852,246201011,1.4064556,3.6360703,-6.5182285
1750940664869,246217678,1.6637276,3.3129537,-5.8348036
1750940664869,246217678,1.6637276,3.3129537,-5.8348036
1750940664886,246234345,2.540404,3.692946,-5.5953765
1750940664886,246234345,2.540404,3.692946,-5.5953765
1750940664902,246251012,2.0304945,4.5326285,-4.5511518
1750940664902,246251012,2.0304945,4.5326285,-4.5511518
1750940664919,246267679,1.6037133,4.8313427,-3.3738375
1750940664919,246267679,1.6037133,4.8313427,-3.3738375
1750940664936,246284346,0.7075046,4.3826375,-1.8752599
1750940664936,246284346,0.7075046,4.3826375,-1.8752599
1750940664952,246301013,-0.124437265,4.1869464,-0.26547718
1750940664952,246301013,-0.124437265,4.1869464,-0.26547718
1750940664969,246317680,-0.5174946,4.067605,1.6881895
1750940664969,246317680,-0.5174946,4.067605,1.6881895
1750940664986,246334347,-0.6719441,3.0505517,3.0865927
1750940664986,246334347,-0.6719441,3.0505517,3.0865927
1750940665002,246351014,0.48898667,1.1834307,4.1974325
1750940665002,246351014,0.48898667,1.1834307,4.1974325
1750940665019,246367681,-0.3807581,-0.7952935,5.4685097
1750940665019,246367681,-0.3807581,-0.7952935,5.4685097
1750940665036,246384348,-0.9025677,-2.0329468,5.965869
1750940665036,246384348,-0.9025677,-2.0329468,5.965869
1750940665052,246401015,0.14785114,-2.757198,6.7178955
1750940665052,246401015,0.14785114,-2.757198,6.7178955
1750940665069,246417682,0.20272736,-4.9173636,8.443483
1750940665069,246417682,0.20272736,-4.9173636,8.443483
1750940665086,246434349,1.9643139,-8.7030325,9.527838
1750940665086,246434349,1.9643139,-8.7030325,9.527838
1750940665102,246451016,-2.06994,-11.874521,3.9709997
1750940665102,246451016,-2.06994,-11.874521,3.9709997
1750940665119,246467683,-5.586296,-12.305978,1.235939
1750940665119,246467683,-5.586296,-12.305978,1.235939
1750940665136,246484350,-2.9314106,-14.537916,-2.297727
1750940665136,246484350,-2.9314106,-14.537916,-2.297727
1750940665152,246501017,-7.9123526,-17.599884,-10.950746
1750940665152,246501017,-7.9123526,-17.599884,-10.950746
1750940665169,246517684,-7.006421,-14.770013,-11.738582
1750940665169,246517684,-7.006421,-14.770013,-11.738582
1750940665186,246534351,-1.2150973,-13.105861,-8.218781
1750940665186,246534351,-1.2150973,-13.105861,-8.218781
1750940665202,246551018,-1.3526008,-13.286359,-7.1445107
1750940665202,246551018,-1.3526008,-13.286359,-7.1445107
1750940665219,246567685,-3.101052,-8.644403,-2.9793096
1750940665219,246567685,-3.101052,-8.644403,-2.9793096
1750940665236,246584352,-0.8127727,4.6944647,6.4676857
1750940665236,246584352,-0.8127727,4.6944647,6.4676857
1750940665252,246601019,-2.2884142,0.06487866,2.5279446
1750940665252,246601019,-2.2884142,0.06487866,2.5279446
1750940665269,246617686,-9.744782,-2.404497,2.4608154
1750940665269,246617686,-9.744782,-2.404497,2.4608154
1750940665286,246634353,-3.8064399,-5.8391733,4.07769
1750940665286,246634353,-3.8064399,-5.8391733,4.07769
1750940665302,246651020,6.3453674,-7.7285056,0.80228806
1750940665302,246651020,6.3453674,-7.7285056,0.80228806
1750940665319,246667687,5.1456676,-6.2845473,1.8516254
1750940665319,246667687,5.1456676,-6.2845473,1.8516254
1750940665336,246684354,-6.2332344,-3.8159544,2.2357035
1750940665336,246684354,-6.2332344,-3.8159544,2.2357035
1750940665352,246701021,-7.3630853,-0.7164815,0.47668266
1750940665352,246701021,-7.3630853,-0.7164815,0.47668266
1750940665369,246717688,-0.8745303,-1.0023443,-0.80240726
1750940665369,246717688,-0.8745303,-1.0023443,-0.80240726
1750940665386,246734355,0.44841543,-1.3577511,-1.4602032
1750940665386,246734355,0.44841543,-1.3577511,-1.4602032
1750940665402,246751022,-0.97393024,-1.0707426,0.36836147
1750940665402,246751022,-0.97393024,-1.0707426,0.36836147
1750940665419,246767689,-1.2642888,-1.1463944,1.584856
1750940665419,246767689,-1.2642888,-1.1463944,1.584856
1750940665436,246784356,-0.30532664,-1.0059277,1.0528793
1750940665436,246784356,-0.30532664,-1.0059277,1.0528793
1750940665452,246801023,-0.9390758,-0.83734524,0.0619812
1750940665452,246801023,-0.9390758,-0.83734524,0.0619812
1750940665469,246817690,0.6755925,-0.88819534,0.01706791
1750940665469,246817690,0.6755925,-0.88819534,0.01706791
1750940665486,246834357,1.0530518,-0.37705943,-0.019007683
1750940665486,246834357,1.0530518,-0.37705943,-0.019007683
1750940665502,246851024,0.20112735,0.03575872,0.17611885
1750940665502,246851024,0.20112735,0.03575872,0.17611885
1750940665519,246867691,-0.7803944,0.2274888,-0.15961933
1750940665519,246867691,-0.7803944,0.2274888,-0.15961933
1750940665536,246884358,0.23792966,0.33670998,0.05210018
1750940665536,246884358,0.23792966,0.33670998,0.05210018
1750940665552,246901025,1.1921406,0.32123795,0.1341343
1750940665552,246901025,1.1921406,0.32123795,0.1341343
1750940665569,246917692,2.15764,0.2049331,-0.1559782
1750940665569,246917692,2.15764,0.2049331,-0.1559782
1750940665586,246934359,1.136603,0.065337084,-0.06310177
1750940665586,246934359,1.136603,0.065337084,-0.06310177
1750940665602,246951026,0.22875166,0.048006114,0.12186909
1750940665602,246951026,0.22875166,0.048006114,0.12186909
1750940665619,246967693,-0.29688466,0.04975376,0.30682564
1750940665619,246967693,-0.29688466,0.04975376,0.30682564
1750940665636,246984360,0.07714784,-0.20452821,0.034719467
1750940665636,246984360,0.07714784,-0.20452821,0.034719467
1750940665652,247001027,-0.003193106,-0.37725902,-0.06961918
1750940665652,247001027,-0.003193106,-0.37725902,-0.06961918
1750940665669,247017694,0.14717177,-0.38705203,0.037623405
1750940665669,247017694,0.14717177,-0.38705203,0.037623405
1750940665686,247034361,0.07641718,-0.41010806,0.14684105
1750940665686,247034361,0.07641718,-0.41010806,0.14684105
1750940665702,247051028,-0.11893482,-0.34919518,0.0779953
1750940665702,247051028,-0.11893482,-0.34919518,0.0779953
1750940665719,247067695,-0.13633318,-0.21802996,0.10581684
1750940665719,247067695,-0.13633318,-0.21802996,0.10581684
1750940665736,247084362,0.1421357,0.013254542,0.07840252
1750940665736,247084362,0.1421357,0.013254542,0.07840252
1750940665752,247101029,0.40604582,0.20009573,-0.02072239
1750940665752,247101029,0.40604582,0.20009573,-0.02072239
1750940665769,247117696,0.5091576,0.34114513,-0.05588913
1750940665769,247117696,0.5091576,0.34114513,-0.05588913
1750940665786,247134363,0.77210605,0.5101674,-0.11586857
1750940665786,247134363,0.77210605,0.5101674,-0.11586857
1750940665802,247151030,0.621599,0.37543628,0.08105755
1750940665802,247151030,0.621599,0.37543628,0.08105755
1750940665819,247167697,0.646953,0.4138481,0.18091393
1750940665819,247167697,0.646953,0.4138481,0.18091393
1750940665836,247184364,0.8419039,0.5071694,0.2829218
1750940665836,247184364,0.8419039,0.5071694,0.2829218
1750940665852,247201031,0.3479644,0.34257072,0.26270866
1750940665852,247201031,0.3479644,0.34257072,0.26270866
1750940665869,247217698,0.47398773,0.44642353,0.4134674
1750940665869,247217698,0.47398773,0.44642353,0.4134674
1750940665886,247234365,1.0276017,0.6076461,0.5882511
1750940665886,247234365,1.0276017,0.6076461,0.5882511
1750940665902,247251032,1.3153785,0.8900078,0.9410715
1750940665902,247251032,1.3153785,0.8900078,0.9410715
1750940665919,247267699,0.9640487,1.1059659,1.2427912
1750940665919,247267699,0.9640487,1.1059659,1.2427912
1750940665936,247284366,0.81032073,1.7019562,1.4932547
1750940665936,247284366,0.81032073,1.7019562,1.4932547
1750940665952,247301033,0.12547727,1.8659568,1.4321909
1750940665952,247301033,0.12547727,1.8659568,1.4321909
1750940665969,247317700,0.04289303,2.0832846,1.7827158
1750940665969,247317700,0.04289303,2.0832846,1.7827158
1750940665986,247334367,0.03246861,2.622192,2.0749464
1750940665986,247334367,0.03246861,2.622192,2.0749464
1750940666002,247351034,0.38705716,3.2770514,2.3862019
1750940666002,247351034,0.38705716,3.2770514,2.3862019
1750940666019,247367701,1.1035976,4.129684,2.3487806
1750940666019,247367701,1.1035976,4.129684,2.3487806
1750940666036,247384368,1.9983869,4.8588285,2.2033253
1750940666036,247384368,1.9983869,4.8588285,2.2033253
1750940666052,247401035,1.7830125,7.069814,2.53763
1750940666052,247401035,1.7830125,7.069814,2.53763
1750940666069,247417702,0.7114502,10.135102,2.9706755
1750940666069,247417702,0.7114502,10.135102,2.9706755
1750940666086,247434369,3.4377508,11.641311,1.3104935
1750940666086,247434369,3.4377508,11.641311,1.3104935
1750940666102,247451036,6.0366244,8.239855,-1.095705
1750940666102,247451036,6.0366244,8.239855,-1.095705
1750940666119,247467703,5.722438,2.871601,1.1073055
1750940666119,247467703,5.722438,2.871601,1.1073055
1750940666136,247484370,4.486641,5.7124996,2.56038
1750940666136,247484370,4.486641,5.7124996,2.56038
1750940666152,247501037,2.3315656,6.417953,0.78468704
1750940666152,247501037,2.3315656,6.417953,0.78468704
1750940666169,247517704,2.3201103,3.743367,0.36862278
1750940666169,247517704,2.3201103,3.743367,0.36862278
1750940666186,247534371,3.1811955,2.018537,-1.0418987
1750940666186,247534371,3.1811955,2.018537,-1.0418987
1750940666202,247551038,5.350885,1.9434506,-2.2379036
1750940666202,247551038,5.350885,1.9434506,-2.2379036
1750940666219,247567705,6.4542246,5.844205,-4.818485
1750940666219,247567705,6.4542246,5.844205,-4.818485
1750940666236,247584372,4.7496443,5.7353835,-8.150208
1750940666236,247584372,4.7496443,5.7353835,-8.150208
1750940666252,247601039,3.0346136,5.5352526,-8.0596285
1750940666252,247601039,3.0346136,5.5352526,-8.0596285
1750940666269,247617706,1.8538413,4.3236527,-6.826358
1750940666269,247617706,1.8538413,4.3236527,-6.826358
1750940666286,247634373,1.31835,3.5428855,-5.891657
1750940666286,247634373,1.31835,3.5428855,-5.891657
1750940666302,247651040,1.809912,3.8382397,-5.297711
1750940666302,247651040,1.809912,3.8382397,-5.297711
1750940666319,247667707,1.7067367,4.3313394,-4.738007
1750940666319,247667707,1.7067367,4.3313394,-4.738007
1750940666336,247684374,1.2819505,4.6283007,-3.939517
1750940666336,247684374,1.2819505,4.6283007,-3.939517
1750940666352,247701041,0.18548022,5.0255423,-2.3678837
1750940666352,247701041,0.18548022,5.0255423,-2.3678837
1750940666369,247717708,-0.71480787,4.6181626,-1.3525906
1750940666369,247717708,-0.71480787,4.6181626,-1.3525906
1750940666386,247734375,-0.07489271,4.1786346,0.06836796
1750940666386,247734375,-0.07489271,4.1786346,0.06836796
1750940666402,247751042,-0.048295338,3.2069826,2.024273
1750940666402,247751042,-0.048295338,3.2069826,2.024273
1750940666419,247767709,-0.2203992,1.1425911,3.8384647
1750940666419,247767709,-0.2203992,1.1425911,3.8384647
1750940666436,247784376,1.5139017,0.5033836,4.6549044
1750940666436,247784376,1.5139017,0.5033836,4.6549044
1750940666452,247801043,0.5945538,-0.7404425,5.3139706
1750940666452,247801043,0.5945538,-0.7404425,5.3139706
1750940666469,247817710,1.2103524,-1.2502626,5.8175898
1750940666469,247817710,1.2103524,-1.2502626,5.8175898
1750940666486,247834377,1.4044768,-2.3097622,7.142828
1750940666486,247834377,1.4044768,-2.3097622,7.142828
1750940666502,247851044,0.24085353,-4.986839,7.5722847
1750940666502,247851044,0.24085353,-4.986839,7.5722847
1750940666519,247867711,1.1691827,-6.600857,7.3438225
1750940666519,247867711,1.1691827,-6.600857,7.3438225
1750940666536,247884378,-3.5277426,-9.278018,2.9842825
1750940666536,247884378,-3.5277426,-9.278018,2.9842825
1750940666552,247901045,-9.673686,-9.642527,2.0792036
1750940666552,247901045,-9.673686,-9.642527,2.0792036
1750940666569,247917712,-5.1496177,-10.098884,-1.7601109
1750940666569,247917712,-5.1496177,-10.098884,-1.7601109
1750940666586,247934379,-3.2636478,-11.904971,-6.498476
1750940666586,247934379,-3.2636478,-11.904971,-6.498476
1750940666602,247951046,-3.6042233,-12.805225,-8.19286
1750940666602,247951046,-3.6042233,-12.805225,-8.19286
1750940666619,247967713,-1.0202265,-11.240827,-7.250123
1750940666619,247967713,-1.0202265,-11.240827,-7.250123
1750940666636,247984380,0.78591335,-10.669974,-5.3642316
1750940666636,247984380,0.78591335,-10.669974,-5.3642316
1750940666652,248001047,-0.09268529,-8.886511,-3.1378474
1750940666652,248001047,-0.09268529,-8.886511,-3.1378474
1750940666669,248017714,-2.8301623,-8.721221,-5.3445745
1750940666669,248017714,-2.8301623,-8.721221,-5.3445745
1750940666686,248034381,-5.0477004,-7.9194965,-5.3844495
1750940666686,248034381,-5.0477004,-7.9194965,-5.3844495
1750940666702,248051048,-2.566201,3.4473896,6.006035
1750940666702,248051048,-2.566201,3.4473896,6.006035
1750940666719,248067715,8.036303,-0.91702604,5.649235
1750940666719,248067715,8.036303,-0.91702604,5.649235
1750940666736,248084382,-0.12235837,-5.13667,5.116597
1750940666736,248084382,-0.12235837,-5.13667,5.116597
1750940666752,248101049,-6.6875186,-6.368804,2.6337833
1750940666752,248101049,-6.6875186,-6.368804,2.6337833
1750940666769,248117716,-7.21592,-3.8908844,-0.40804482
1750940666769,248117716,-7.21592,-3.8908844,-0.40804482
1750940666786,248134383,-0.7202302,-6.030008,1.1162548
1750940666786,248134383,-0.7202302,-6.030008,1.1162548
1750940666802,248151050,-7.1545157,-2.6680915,2.3838072
1750940666802,248151050,-7.1545157,-2.6680915,2.3838072
1750940666819,248167717,-6.4325438,-0.13107067,-0.14409924
1750940666819,248167717,-6.4325438,-0.13107067,-0.14409924
1750940666836,248184384,0.8654276,-0.9641475,-1.0702696
1750940666836,248184384,0.8654276,-0.9641475,-1.0702696
1750940666852,248201051,2.1265442,-1.2883493,-0.45309544
1750940666852,248201051,2.1265442,-1.2883493,-0.45309544
1750940666869,248217718,-0.6674393,-1.0046988,0.080724716
1750940666869,248217718,-0.6674393,-1.0046988,0.080724716
1750940666886,248234385,0.04992821,-0.6173669,1.3493261
1750940666886,248234385,0.04992821,-0.6173669,1.3493261
1750940666902,248251052,0.51850325,-0.3798938,0.5809355
1750940666902,248251052,0.51850325,-0.3798938,0.5809355
1750940666919,248267719,0.15090433,-0.10485015,-0.064211845
1750940666919,248267719,0.15090433,-0.10485015,-0.064211845
1750940666936,248284386,0.6281205,-0.43767145,0.1343813
1750940666936,248284386,0.6281205,-0.43767145,0.1343813
1750940666952,248301053,0.1803079,-0.04605328,0.5381279
1750940666952,248301053,0.1803079,-0.04605328,0.5381279
1750940666969,248317720,-0.96575063,0.20607135,0.29180813
1750940666969,248317720,-0.96575063,0.20607135,0.29180813
1750940666986,248334387,-0.6181947,0.13895711,-0.37047863
1750940666986,248334387,-0.6181947,0.13895711,-0.37047863
1750940667002,248351054,0.6546774,0.048606023,0.060889244
1750940667002,248351054,0.6546774,0.048606023,0.060889244
1750940667019,248367721,1.2632508,-0.03415032,0.26718616
1750940667019,248367721,1.2632508,-0.03415032,0.26718616
1750940667036,248384388,0.6130819,-0.15183079,0.12636662
1750940667036,248384388,0.6130819,-0.15183079,0.12636662
1750940667052,248401055,0.27336082,0.039984234,-0.08018494
1750940667052,248401055,0.27336082,0.039984234,-0.08018494
1750940667069,248417722,-0.034140598,0.10926833,0.016394615
1750940667069,248417722,-0.034140598,0.10926833,0.016394615
1750940667086,248434389,-0.09913079,0.044426776,0.0587368
1750940667086,248434389,-0.09913079,0.044426776,0.0587368
1750940667102,248451056,0.21387407,-0.036614105,0.1388979
1750940667102,248451056,0.21387407,-0.036614105,0.1388979
1750940667119,248467723,0.44652793,-0.14446603,0.056178093
1750940667119,248467723,0.44652793,-0.14446603,0.056178093
1750940667136,248484390,0.29204604,-0.1464743,-0.069517136
1750940667136,248484390,0.29204604,-0.1464743,-0.069517136
1750940667152,248501057,0.12902576,-0.14461645,-0.16142464
1750940667152,248501057,0.12902576,-0.14461645,-0.16142464
1750940667169,248517724,0.08641413,0.1324073,0.03996086
1750940667169,248517724,0.08641413,0.1324073,0.03996086
1750940667186,248534391,0.2941113,0.4287906,0.08289814
1750940667186,248534391,0.2941113,0.4287906,0.08289814
1750940667202,248551058,0.53693223,0.72706574,0.28521824
1750940667202,248551058,0.53693223,0.72706574,0.28521824
1750940667219,248567725,0.5021641,0.83124024,0.1618576
1750940667219,248567725,0.5021641,0.83124024,0.1618576
1750940667236,248584392,0.5662361,0.8027866,0.093587875
1750940667236,248584392,0.5662361,0.8027866,0.093587875
1750940667252,248601059,0.6430291,0.57966965,0.14002228
1750940667252,248601059,0.6430291,0.57966965,0.14002228
1750940667269,248617726,0.6510691,0.39212173,0.4009142
1750940667269,248617726,0.6510691,0.39212173,0.4009142
1750940667286,248634393,0.93227947,0.6243593,0.74598503
1750940667286,248634393,0.93227947,0.6243593,0.74598503
1750940667302,248651060,1.2318441,0.90416044,1.3409586
1750940667302,248651060,1.2318441,0.90416044,1.3409586
1750940667319,248667727,1.1122302,1.5986013,2.495142
1750940667319,248667727,1.1122302,1.5986013,2.495142
1750940667336,248684394,0.768913,2.5271132,3.235488
1750940667336,248684394,0.768913,2.5271132,3.235488
1750940667352,248701061,0.60451984,3.206078,3.6820974
1750940667352,248701061,0.60451984,3.206078,3.6820974
1750940667369,248717728,1.077459,4.2293115,3.1004162
1750940667369,248717728,1.077459,4.2293115,3.1004162
1750940667386,248734395,1.2007248,5.0128093,2.6240692
1750940667386,248734395,1.2007248,5.0128093,2.6240692
1750940667402,248751062,0.75674534,6.0783367,1.7042627
1750940667402,248751062,0.75674534,6.0783367,1.7042627
1750940667419,248767729,0.010769301,5.9057727,1.0660229
1750940667419,248767729,0.010769301,5.9057727,1.0660229
1750940667436,248784396,1.3273326,5.69984,0.072672844
1750940667436,248784396,1.3273326,5.69984,0.072672844
1750940667452,248801063,0.50535095,2.0623126,-1.8965983
1750940667452,248801063,0.50535095,2.0623126,-1.8965983
1750940667469,248817730,-0.79200965,0.4227419,-0.46144676
1750940667469,248817730,-0.79200965,0.4227419,-0.46144676
1750940667486,248834397,0.030812211,-3.3188314,0.022267342
1750940667486,248834397,0.030812211,-3.3188314,0.022267342
1750940667502,248851064,-0.42136225,-3.566133,0.39591217
1750940667502,248851064,-0.42136225,-3.566133,0.39591217
1750940667519,248867731,-0.3540057,-3.8770566,-0.49393272
1750940667519,248867731,-0.3540057,-3.8770566,-0.49393272
1750940667536,248884398,1.2063372,-2.7868533,-1.5836306
1750940667536,248884398,1.2063372,-2.7868533,-1.5836306
1750940667552,248901065,1.5851884,3.2118208,-4.7791204
1750940667552,248901065,1.5851884,3.2118208,-4.7791204
1750940667569,248917732,3.9084556,9.396496,-9.0614605
1750940667569,248917732,3.9084556,9.396496,-9.0614605
1750940667586,248934399,4.2277284,8.703006,-8.802548
1750940667586,248934399,4.2277284,8.703006,-8.802548
1750940667602,248951066,3.0872087,6.3709803,-5.312736
1750940667602,248951066,3.0872087,6.3709803,-5.312736
1750940667619,248967733,2.2788234,3.1800373,-0.997097
1750940667619,248967733,2.2788234,3.1800373,-0.997097
1750940667636,248984400,1.2152373,1.6093092,1.5248175
1750940667636,248984400,1.2152373,1.6093092,1.5248175
1750940667652,249001067,-0.35258767,0.2548535,3.1681442
1750940667652,249001067,-0.35258767,0.2548535,3.1681442
1750940667669,249017734,-1.3717935,-0.40946233,2.6907015
1750940667669,249017734,-1.3717935,-0.40946233,2.6907015
1750940667686,249034401,0.6710366,-0.8523828,1.5729132
1750940667686,249034401,0.6710366,-0.8523828,1.5729132
1750940667702,249051068,0.44310394,-0.78585345,1.5655184
1750940667702,249051068,0.44310394,-0.78585345,1.5655184
1750940667719,249067735,1.1037304,-0.3793578,1.0101109
1750940667719,249067735,1.1037304,-0.3793578,1.0101109
1750940667736,249084402,0.99602646,-0.32698178,0.62288666
1750940667736,249084402,0.99602646,-0.32698178,0.62288666
1750940667752,249101069,-0.32271338,-0.40800524,0.8019304
1750940667752,249101069,-0.32271338,-0.40800524,0.8019304
1750940667769,249117736,-0.7581448,0.8048936,1.0996256
1750940667769,249117736,-0.7581448,0.8048936,1.0996256
1750940667786,249134403,-1.7326742,-1.2985526,0.86811256
1750940667786,249134403,-1.7326742,-1.2985526,0.86811256
1750940667802,249151070,-1.2557143,0.49955258,-0.25722694
1750940667802,249151070,-1.2557143,0.49955258,-0.25722694
1750940667819,249167737,-0.17905086,2.4102547,-0.96769047
1750940667819,249167737,-0.17905086,2.4102547,-0.96769047
1750940667836,249184404,-0.23125008,1.4697455,-0.7365303
1750940667836,249184404,-0.23125008,1.4697455,-0.7365303
1750940667852,249201071,-0.50662655,1.7402252,-0.51568127
1750940667852,249201071,-0.50662655,1.7402252,-0.51568127
1750940667869,249217738,-2.2863786,0.32997084,-0.1231451
1750940667869,249217738,-2.2863786,0.32997084,-0.1231451
1750940667886,249234405,-3.027867,-0.9221885,-0.031672478
1750940667886,249234405,-3.027867,-0.9221885,-0.031672478
1750940667902,249251072,-3.8326697,-2.0792296,-0.11917114
1750940667902,249251072,-3.8326697,-2.0792296,-0.11917114
1750940667919,249267739,-3.062322,-6.9716945,-0.3075447
1750940667919,249267739,-3.062322,-6.9716945,-0.3075447
1750940667936,249284406,-1.4907693,-14.200738,-0.54561806
1750940667936,249284406,-1.4907693,-14.200738,-0.54561806
1750940667952,249301073,3.7280471,-13.536708,-1.1142292
1750940667952,249301073,3.7280471,-13.536708,-1.1142292
1750940667969,249317740,1.9827857,-6.4112835,-0.056266785
1750940667969,249317740,1.9827857,-6.4112835,-0.056266785
1750940667986,249334407,-1.349969,-5.779878,-0.91866875
1750940667986,249334407,-1.349969,-5.779878,-0.91866875
1750940668002,249351074,-1.094703,-6.7658606,0.1668911
1750940668002,249351074,-1.094703,-6.7658606,0.1668911
1750940668019,249367741,0.024878332,-7.090597,0.050577164
1750940668019,249367741,0.024878332,-7.090597,0.050577164
1750940668036,249384408,-0.34220192,-2.281419,0.8660269
1750940668036,249384408,-0.34220192,-2.281419,0.8660269
1750940668052,249401075,0.084380165,-1.6438203,1.4902401
1750940668052,249401075,0.084380165,-1.6438203,1.4902401
1750940668069,249417742,-0.12020974,2.3420627,1.9671707
1750940668069,249417742,-0.12020974,2.3420627,1.9671707
1750940668086,249434409,0.5968194,5.1444983,2.2515526
1750940668086,249434409,0.5968194,5.1444983,2.2515526
1750940668102,249451076,0.5167132,2.03031,-0.3502407
1750940668102,249451076,0.5167132,2.03031,-0.3502407
1750940668119,249467743,0.21452416,0.68693453,-1.6024752
1750940668119,249467743,0.21452416,0.68693453,-1.6024752
1750940668136,249484410,0.8582256,-0.67388576,-0.97736454
1750940668136,249484410,0.8582256,-0.67388576,-0.97736454
1750940668152,249501077,0.7847093,-1.847679,-0.15959358
1750940668152,249501077,0.7847093,-1.847679,-0.15959358
1750940668169,249517744,0.32713357,-0.7804584,0.4530859
1750940668169,249517744,0.32713357,-0.7804584,0.4530859
1750940668186,249534411,0.08038957,0.8883974,0.9603367
1750940668186,249534411,0.08038957,0.8883974,0.9603367
1750940668202,249551078,0.06727159,1.3752573,0.6718979
1750940668202,249551078,0.06727159,1.3752573,0.6718979
1750940668219,249567745,0.21149378,0.651977,0.59717464
1750940668219,249567745,0.21149378,0.651977,0.59717464
1750940668236,249584412,0.4903539,-0.28483742,0.37701416
1750940668236,249584412,0.4903539,-0.28483742,0.37701416
1750940668252,249601079,0.5583899,-0.06363402,0.22470093
1750940668252,249601079,0.5583899,-0.06363402,0.22470093
1750940668269,249617746,0.7909744,0.32677886,0.42499638
1750940668269,249617746,0.7909744,0.32677886,0.42499638
1750940668286,249634413,0.697993,0.20642494,0.6073084
1750940668286,249634413,0.697993,0.20642494,0.6073084
1750940668302,249651080,0.833938,0.29215994,0.63809204
1750940668302,249651080,0.833938,0.29215994,0.63809204
1750940668319,249667747,0.9494504,-0.028528076,0.40961456
1750940668319,249667747,0.9494504,-0.028528076,0.40961456
1750940668336,249684414,1.064041,-0.118521206,0.4012127
1750940668336,249684414,1.064041,-0.118521206,0.4012127
1750940668352,249701081,1.0177368,0.046512935,0.35473156
1750940668352,249701081,1.0177368,0.046512935,0.35473156
1750940668369,249717748,1.0430746,-0.021199422,0.18714237
1750940668369,249717748,1.0430746,-0.021199422,0.18714237
1750940668386,249734415,0.9632045,0.123935476,0.07932472
1750940668386,249734415,0.9632045,0.123935476,0.07932472
1750940668402,249751082,0.8842928,0.1848356,0.07109928
1750940668402,249751082,0.8842928,0.1848356,0.07109928
1750940668419,249767749,0.88406616,0.13704383,-0.08407974
1750940668419,249767749,0.88406616,0.13704383,-0.08407974
1750940668436,249784416,0.69331527,0.32273215,-0.0004234314
1750940668436,249784416,0.69331527,0.32273215,-0.0004234314
1750940668452,249801083,0.6036508,0.45798582,0.0038108826
1750940668452,249801083,0.6036508,0.45798582,0.0038108826
1750940668469,249817750,0.61920154,0.13171776,-0.073978424
1750940668469,249817750,0.61920154,0.13171776,-0.073978424
1750940668486,249834417,0.50065786,0.27083892,-0.11259842
1750940668486,249834417,0.50065786,0.27083892,-0.11259842
1750940668502,249851084,0.5007629,0.1382156,-0.112877846
1750940668502,249851084,0.5007629,0.1382156,-0.112877846
1750940668519,249867751,0.33260694,-0.10978107,-0.022990227
1750940668519,249867751,0.33260694,-0.10978107,-0.022990227
1750940668536,249884418,-0.33536777,0.31356877,0.33572578
1750940668536,249884418,-0.33536777,0.31356877,0.33572578
1750940668552,249901085,-0.33213624,1.0354549,0.79628086
1750940668552,249901085,-0.33213624,1.0354549,0.79628086
1750940668569,249917752,0.09153258,0.5683569,0.29586506
1750940668569,249917752,0.09153258,0.5683569,0.29586506
1750940668586,249934419,-0.028678054,1.0389168,0.101958275
1750940668586,249934419,-0.028678054,1.0389168,0.101958275
1750940668602,249951086,-0.08600421,1.1942921,0.09898949
1750940668602,249951086,-0.08600421,1.1942921,0.09898949
1750940668619,249967753,-0.13165405,0.374821,0.43416214
1750940668619,249967753,-0.13165405,0.374821,0.43416214
1750940668636,249984420,0.011336577,0.53043485,0.39495564
1750940668636,249984420,0.011336577,0.53043485,0.39495564
1750940668652,250001087,-0.008077758,0.5918414,0.2705593
1750940668652,250001087,-0.008077758,0.5918414,0.2705593
1750940668669,250017754,-0.22240657,1.3223258,0.35053635
1750940668669,250017754,-0.22240657,1.3223258,0.35053635
1750940668686,250034421,-0.059485737,1.2154706,0.5676012
1750940668686,250034421,-0.059485737,1.2154706,0.5676012
1750940668702,250051088,0.114144936,0.63591355,0.46250534
1750940668702,250051088,0.114144936,0.63591355,0.46250534
1750940668719,250067755,-0.2834685,0.8926011,0.34687328
1750940668719,250067755,-0.2834685,0.8926011,0.34687328
1750940668736,250084422,-0.7923458,2.7640364,-0.33127403
1750940668736,250084422,-0.7923458,2.7640364,-0.33127403
1750940668752,250101089,0.807829,1.8570555,-0.8332205
1750940668752,250101089,0.807829,1.8570555,-0.8332205
1750940668769,250117756,1.2218788,1.5320691,-0.67377853
1750940668769,250117756,1.2218788,1.5320691,-0.67377853
1750940668786,250134423,1.3107095,1.1991881,-0.669857
1750940668786,250134423,1.3107095,1.1991881,-0.669857
1750940668802,250151090,0.8273314,1.0122017,-0.4141779
1750940668802,250151090,0.8273314,1.0122017,-0.4141779
1750940668819,250167757,0.52386165,0.52565414,-0.113904
1750940668819,250167757,0.52386165,0.52565414,-0.113904
1750940668836,250184424,0.77971196,-0.20310566,0.018101692
1750940668836,250184424,0.77971196,-0.20310566,0.018101692
1750940668852,250201091,0.40872428,-0.42178726,0.52277756
1750940668852,250201091,0.40872428,-0.42178726,0.52277756
1750940668869,250217758,0.55913645,-0.7090842,0.89789677
1750940668869,250217758,0.55913645,-0.7090842,0.89789677
1750940668886,250234425,0.8697953,-1.1777395,0.8619375
1750940668886,250234425,0.8697953,-1.1777395,0.8619375
1750940668902,250251092,1.0968322,-1.4914263,0.8342638
1750940668902,250251092,1.0968322,-1.4914263,0.8342638
1750940668919,250267759,0.7974513,-1.3058779,0.6306429
1750940668919,250267759,0.7974513,-1.3058779,0.6306429
1750940668936,250284426,0.83568054,-1.291994,0.52335644
1750940668936,250284426,0.83568054,-1.291994,0.52335644
1750940668952,250301093,0.68155134,-1.0939466,0.60811424
1750940668952,250301093,0.68155134,-1.0939466,0.60811424
1750940668969,250317760,0.59859675,-0.983684,0.5413704
1750940668969,250317760,0.59859675,-0.983684,0.5413704
1750940668986,250334427,-0.25442034,-1.3837681,1.0474443
1750940668986,250334427,-0.25442034,-1.3837681,1.0474443
1750940669002,250351094,1.8493686,-0.70877,0.45975876
1750940669002,250351094,1.8493686,-0.70877,0.45975876
1750940669019,250367761,3.8032155,-0.8978111,-0.52629185
1750940669019,250367761,3.8032155,-0.8978111,-0.52629185
1750940669036,250384428,4.233296,-1.0650566,0.089948654
1750940669036,250384428,4.233296,-1.0650566,0.089948654
1750940669052,250401095,4.3046913,-1.0896684,0.29943657
1750940669052,250401095,4.3046913,-1.0896684,0.29943657
1750940669069,250417762,3.1922934,-0.74776673,0.6073561
1750940669069,250417762,3.1922934,-0.74776673,0.6073561
1750940669086,250434429,1.7131642,-0.91267407,0.65188694
1750940669086,250434429,1.7131642,-0.91267407,0.65188694
1750940669102,250451096,1.3648559,-1.7200531,0.49528217
1750940669102,250451096,1.3648559,-1.7200531,0.49528217
1750940669119,250467763,1.9530123,-2.169301,0.26140213
1750940669119,250467763,1.9530123,-2.169301,0.26140213
1750940669136,250484430,2.0936124,-1.8993845,0.40037727
1750940669136,250484430,2.0936124,-1.8993845,0.40037727
1750940669152,250501097,2.0344682,-1.2139165,0.34123516
1750940669152,250501097,2.0344682,-1.2139165,0.34123516
1750940669169,250517764,1.9456655,-0.5768429,0.49401188
1750940669169,250517764,1.9456655,-0.5768429,0.49401188
1750940669186,250534431,2.0328646,-0.42845264,0.52401257
1750940669186,250534431,2.0328646,-0.42845264,0.52401257
1750940669202,250551098,1.9213768,-0.23645023,0.20727348
1750940669202,250551098,1.9213768,-0.23645023,0.20727348
1750940669219,250567765,1.714313,0.045783725,-0.052822113
1750940669219,250567765,1.714313,0.045783725,-0.052822113
1750940669236,250584432,1.6923704,0.41255763,-0.15165043
1750940669236,250584432,1.6923704,0.41255763,-0.15165043
1750940669252,250601099,1.1281102,1.230878,-0.047026634
1750940669252,250601099,1.1281102,1.230878,-0.047026634
1750940669269,250617766,0.88265085,1.6119746,-0.23754692
1750940669269,250617766,0.88265085,1.6119746,-0.23754692
1750940669286,250634433,0.53844005,1.7267122,-0.49755955
1750940669286,250634433,0.53844005,1.7267122,-0.49755955
1750940669302,250651100,0.31683186,1.6396644,-0.7104225
1750940669302,250651100,0.31683186,1.6396644,-0.7104225
1750940669319,250667767,-0.2929857,1.8082923,-0.68594265
1750940669319,250667767,-0.2929857,1.8082923,-0.68594265
1750940669336,250684434,-0.6797288,2.0857434,-0.78980064
1750940669336,250684434,-0.6797288,2.0857434,-0.78980064
1750940669352,250701101,-0.609643,1.8806729,-1.0684566
1750940669352,250701101,-0.609643,1.8806729,-1.0684566
1750940669369,250717768,-0.45048812,1.8545401,-1.4112263
1750940669369,250717768,-0.45048812,1.8545401,-1.4112263
1750940669386,250734435,-0.44161087,1.8690991,-1.5277576
1750940669386,250734435,-0.44161087,1.8690991,-1.5277576
1750940669402,250751102,-0.74937147,1.9001682,-1.3924303
1750940669402,250751102,-0.74937147,1.9001682,-1.3924303
1750940669419,250767769,-0.9911894,1.866248,-1.1771765
1750940669419,250767769,-0.9911894,1.866248,-1.1771765
1750940669436,250784436,-0.8526286,1.9109021,-1.046917
1750940669436,250784436,-0.8526286,1.9109021,-1.046917
1750940669452,250801103,-0.94015896,2.0982835,-0.9521036
1750940669452,250801103,-0.94015896,2.0982835,-0.9521036
1750940669469,250817770,-1.2606747,2.220744,-0.8827057
1750940669469,250817770,-1.2606747,2.220744,-0.8827057
1750940669486,250834437,-1.4751015,2.1901305,-0.8419161
1750940669486,250834437,-1.4751015,2.1901305,-0.8419161
1750940669502,250851104,-1.416665,2.1104934,-0.7914343
1750940669502,250851104,-1.416665,2.1104934,-0.7914343
1750940669519,250867771,-1.42958,2.1125944,-0.63943577
1750940669519,250867771,-1.42958,2.1125944,-0.63943577
1750940669536,250884438,-1.3957504,2.0712104,-0.5709162
1750940669536,250884438,-1.3957504,2.0712104,-0.5709162
1750940669552,250901105,-1.3638997,1.9222339,-0.5507145
1750940669552,250901105,-1.3638997,1.9222339,-0.5507145
1750940669569,250917772,-1.319084,1.7589403,-0.6293955
1750940669569,250917772,-1.319084,1.7589403,-0.6293955
1750940669586,250934439,-1.379328,1.5502677,-0.67066574
1750940669586,250934439,-1.379328,1.5502677,-0.67066574
1750940669602,250951106,-1.2939491,1.3534362,-0.6346264
1750940669602,250951106,-1.2939491,1.3534362,-0.6346264
1750940669619,250967773,-0.8400578,1.2727547,-0.74927235
1750940669619,250967773,-0.8400578,1.2727547,-0.74927235
1750940669636,250984440,-0.8375676,1.0551345,-0.6194811
1750940669636,250984440,-0.8375676,1.0551345,-0.6194811
1750940669652,251001107,-0.92538834,0.69349813,-0.468318
1750940669652,251001107,-0.92538834,0.69349813,-0.468318
1750940669669,251017774,-0.8949338,0.27790037,-0.3647604
1750940669669,251017774,-0.8949338,0.27790037,-0.3647604
1750940669686,251034441,-0.9518576,0.1791168,-0.32994366
1750940669686,251034441,-0.9518576,0.1791168,-0.32994366
1750940669702,251051108,-0.70164067,0.35248148,-0.45380402
1750940669702,251051108,-0.70164067,0.35248148,-0.45380402
1750940669719,251067775,-0.9179518,0.030196488,-0.2826414
1750940669719,251067775,-0.9179518,0.030196488,-0.2826414
1750940669736,251084442,-0.93623585,-0.57012033,-0.0993309
1750940669736,251084442,-0.93623585,-0.57012033,-0.0993309
1750940669752,251101109,-0.62934744,-0.7804134,-0.0681715
1750940669752,251101109,-0.62934744,-0.7804134,-0.0681715
1750940669769,251117776,-0.6246172,-0.90416414,0.08693123
1750940669769,251117776,-0.6246172,-0.90416414,0.08693123
1750940669786,251134443,-0.56676716,-0.9962671,0.13787746
1750940669786,251134443,-0.56676716,-0.9962671,0.13787746
1750940669802,251151110,-0.48381546,-1.1848642,0.19010544
1750940669802,251151110,-0.48381546,-1.1848642,0.19010544
1750940669819,251167777,-0.46555224,-1.2467368,0.21689415
1750940669819,251167777,-0.46555224,-1.2467368,0.21689415
1750940669836,251184444,-0.5328435,-1.2020359,0.26292324
1750940669836,251184444,-0.5328435,-1.2020359,0.26292324
1750940669852,251201111,-0.5718199,-0.9710505,0.21743011
1750940669852,251201111,-0.5718199,-0.9710505,0.21743011
1750940669869,251217778,-0.5646608,-1.0329936,0.24908066
1750940669869,251217778,-0.5646608,-1.0329936,0.24908066
1750940669886,251234445,-0.58255345,-1.1461674,0.24862099
1750940669886,251234445,-0.58255345,-1.1461674,0.24862099
1750940669902,251251112,-0.47794938,-1.0802532,0.10653114
1750940669902,251251112,-0.47794938,-1.0802532,0.10653114
1750940669919,251267779,-0.5597283,-0.9236975,-0.0040540695
1750940669919,251267779,-0.5597283,-0.9236975,-0.0040540695
1750940669936,251284446,-0.6230616,-0.87793744,-0.0006170273
1750940669936,251284446,-0.6230616,-0.87793744,-0.0006170273
1750940669952,251301113,-0.5779549,-1.2321218,0.29379654
1750940669952,251301113,-0.5779549,-1.2321218,0.29379654
1750940669969,251317780,0.033183627,-0.53929037,-0.13179684
1750940669969,251317780,0.033183627,-0.53929037,-0.13179684
1750940669986,251334447,-0.0026696387,-0.554958,-0.045559883
1750940669986,251334447,-0.0026696387,-0.554958,-0.045559883
1750940670002,251351114,-0.112104714,-0.7009287,-0.023943901
1750940670002,251351114,-0.112104714,-0.7009287,-0.023943901
1750940670019,251367781,-0.06409815,-1.1253722,0.029499054
1750940670019,251367781,-0.06409815,-1.1253722,0.029499054
1750940670036,251384448,0.11677859,-1.0625265,-0.11938572
1750940670036,251384448,0.11677859,-1.0625265,-0.11938572
1750940670052,251401115,0.4692393,-0.23799984,-0.4999962
1750940670052,251401115,0.4692393,-0.23799984,-0.4999962
1750940670069,251417782,0.17669928,-0.4755093,-0.2416668
1750940670069,251417782,0.17669928,-0.4755093,-0.2416668
1750940670086,251434449,0.1075978,-0.88608015,-0.12409592
1750940670086,251434449,0.1075978,-0.88608015,-0.12409592
1750940670102,251451116,0.53134865,-0.004514626,-0.77251816
1750940670102,251451116,0.53134865,-0.004514626,-0.77251816
1750940670119,251467783,0.41713554,0.40423504,-0.86210155
1750940670119,251467783,0.41713554,0.40423504,-0.86210155
1750940670136,251484450,0.11940397,-0.1513366,-0.47158146
1750940670136,251484450,0.11940397,-0.1513366,-0.47158146
1750940670152,251501117,0.5643365,0.26950914,-0.9740648
1750940670152,251501117,0.5643365,0.26950914,-0.9740648
1750940670169,251517784,0.92297196,0.43580824,-1.0910625
1750940670169,251517784,0.92297196,0.43580824,-1.0910625
1750940670186,251534451,1.220037,0.1044086,-0.85066223
1750940670186,251534451,1.220037,0.1044086,-0.85066223
1750940670202,251551118,0.71436507,0.3707826,-1.2851601
1750940670202,251551118,0.71436507,0.3707826,-1.2851601
1750940670219,251567785,0.68747556,1.301651,-1.7895575
1750940670219,251567785,0.68747556,1.301651,-1.7895575
1750940670236,251584452,0.5806659,1.816679,-1.9170809
1750940670236,251584452,0.5806659,1.816679,-1.9170809
1750940670252,251601119,0.30274025,1.8447819,-2.0627685
1750940670252,251601119,0.30274025,1.8447819,-2.0627685
1750940670269,251617786,0.3815981,2.087105,-2.3948803
1750940670269,251617786,0.3815981,2.087105,-2.3948803
1750940670286,251634453,0.007058092,2.7399442,-1.8598313
1750940670286,251634453,0.007058092,2.7399442,-1.8598313
1750940670302,251651120,0.04010124,3.488972,-3.5779023
1750940670302,251651120,0.04010124,3.488972,-3.5779023
1750940670319,251667787,0.47894847,-6.8041673,5.6319313
1750940670319,251667787,0.47894847,-6.8041673,5.6319313
1750940670336,251684454,-0.72013974,-0.9027994,3.1410246
1750940670336,251684454,-0.72013974,-0.9027994,3.1410246
1750940670352,251701121,1.551761,6.135499,3.2306204
1750940670352,251701121,1.551761,6.135499,3.2306204
1750940670369,251717788,-0.74708915,4.0854735,3.1584225
1750940670369,251717788,-0.74708915,4.0854735,3.1584225
1750940670386,251734455,-1.0431681,2.6681623,0.6367817
1750940670386,251734455,-1.0431681,2.6681623,0.6367817
1750940670402,251751122,0.5880997,4.1433764,-0.4782486
1750940670402,251751122,0.5880997,4.1433764,-0.4782486
1750940670419,251767789,3.881949,4.236657,0.37772655
1750940670419,251767789,3.881949,4.236657,0.37772655
1750940670436,251784456,5.5235977,2.8206315,0.62724876
1750940670436,251784456,5.5235977,2.8206315,0.62724876
1750940670452,251801123,3.769538,2.1631937,0.11383438
1750940670452,251801123,3.769538,2.1631937,0.11383438
1750940670469,251817790,0.46149188,1.9913281,-0.10805225
1750940670469,251817790,0.46149188,1.9913281,-0.10805225
1750940670486,251834457,-0.41984138,1.6449288,1.1943293
1750940670486,251834457,-0.41984138,1.6449288,1.1943293
1750940670502,251851124,1.1801424,1.0209916,1.7364273
1750940670502,251851124,1.1801424,1.0209916,1.7364273
1750940670519,251867791,1.1184622,0.8385672,0.24810886
1750940670519,251867791,1.1184622,0.8385672,0.24810886
1750940670536,251884458,-0.11881547,0.9670284,-0.35004997
1750940670536,251884458,-0.11881547,0.9670284,-0.35004997
1750940670552,251901125,-0.7810381,0.8777946,0.5873852
1750940670552,251901125,-0.7810381,0.8777946,0.5873852
1750940670569,251917792,0.85895157,0.3857266,0.26390266
1750940670569,251917792,0.85895157,0.3857266,0.26390266
1750940670586,251934459,1.0181335,0.15363744,0.12810898
1750940670586,251934459,1.0181335,0.15363744,0.12810898
1750940670602,251951126,0.122100435,0.18603766,0.49580288
1750940670602,251951126,0.122100435,0.18603766,0.49580288
1750940670619,251967793,-0.13348037,0.22972818,0.18994808
1750940670619,251967793,-0.13348037,0.22972818,0.18994808
1750940670636,251984460,-0.33346078,0.1341793,-0.18303394
1750940670636,251984460,-0.33346078,0.1341793,-0.18303394
1750940670652,252001127,-0.34396878,-0.047262263,-0.07919502
1750940670652,252001127,-0.34396878,-0.047262263,-0.07919502
1750940670669,252017794,0.09008042,0.014065893,-0.17689514
1750940670669,252017794,0.09008042,0.014065893,-0.17689514
1750940670686,252034461,-0.022654155,0.050619874,-0.3086357
1750940670686,252034461,-0.022654155,0.050619874,-0.3086357
1750940670702,252051128,-0.16811773,0.29098192,-0.25305462
1750940670702,252051128,-0.16811773,0.29098192,-0.25305462
1750940670719,252067795,-0.14851229,0.43591508,-0.082470894
1750940670719,252067795,-0.14851229,0.43591508,-0.082470894
1750940670736,252084462,-0.09650082,0.48599404,-0.2015543
1750940670736,252084462,-0.09650082,0.48599404,-0.2015543
1750940670752,252101129,0.2510884,0.50607353,-0.20893288
1750940670752,252101129,0.2510884,0.50607353,-0.20893288
1750940670769,252117796,0.3222869,0.41673812,-0.0021181107
1750940670769,252117796,0.3222869,0.41673812,-0.0021181107
1750940670786,252134463,0.42192027,0.42284203,0.09646988
1750940670786,252134463,0.42192027,0.42284203,0.09646988
1750940670802,252151130,0.43854225,0.41299987,0.14075565
1750940670802,252151130,0.43854225,0.41299987,0.14075565
1750940670819,252167797,0.2806449,0.35773516,0.19203186
1750940670819,252167797,0.2806449,0.35773516,0.19203186
1750940670836,252184464,0.1602979,0.36653018,0.10399151
1750940670836,252184464,0.1602979,0.36653018,0.10399151
1750940670852,252201131,-0.10025249,0.27768868,0.22313213
1750940670852,252201131,-0.10025249,0.27768868,0.22313213
1750940670869,252217798,0.14108138,0.33067757,0.23311901
1750940670869,252217798,0.14108138,0.33067757,0.23311901
1750940670886,252234465,0.08944653,0.28480625,0.2306652
1750940670886,252234465,0.08944653,0.28480625,0.2306652
1750940670902,252251132,0.15860212,0.25736868,0.13317585
1750940670902,252251132,0.15860212,0.25736868,0.13317585
1750940670919,252267799,0.11405352,0.23871563,0.14479065
1750940670919,252267799,0.11405352,0.23871563,0.14479065
1750940670936,252284466,0.096164435,0.11727859,0.2465725
1750940670936,252284466,0.096164435,0.11727859,0.2465725
1750940670952,252301133,0.20936793,0.08344163,0.19700527
1750940670952,252301133,0.20936793,0.08344163,0.19700527
1750940670969,252317800,-0.008227959,-0.050574053,0.17549229
1750940670969,252317800,-0.008227959,-0.050574053,0.17549229
1750940670986,252334467,-0.109501235,-0.16234216,0.27850533
1750940670986,252334467,-0.109501235,-0.16234216,0.27850533
1750940671002,252351134,0.124797344,-0.14879683,0.21489811
1750940671002,252351134,0.124797344,-0.14879683,0.21489811
1750940671019,252367801,0.34097102,-0.21186994,0.2736311
1750940671019,252367801,0.34097102,-0.21186994,0.2736311
1750940671036,252384468,0.5518146,-0.28333285,0.43410492
1750940671036,252384468,0.5518146,-0.28333285,0.43410492
1750940671052,252401135,0.63922495,-0.45313162,0.6044159
1750940671052,252401135,0.63922495,-0.45313162,0.6044159
1750940671069,252417802,0.90741944,-0.7052618,0.8820009
1750940671069,252417802,0.90741944,-0.7052618,0.8820009
1750940671086,252434469,0.9472175,-0.7777728,0.8009777
1750940671086,252434469,0.9472175,-0.7777728,0.8009777
1750940671102,252451136,0.6051647,-0.9985153,0.8421221
1750940671102,252451136,0.6051647,-0.9985153,0.8421221
1750940671119,252467803,0.41860288,-1.1851672,0.8281851
1750940671119,252467803,0.41860288,-1.1851672,0.8281851
1750940671136,252484470,0.47974956,-1.6387616,1.182436
1750940671136,252484470,0.47974956,-1.6387616,1.182436
1750940671152,252501137,0.27097726,-2.3591135,1.8092489
1750940671152,252501137,0.27097726,-2.3591135,1.8092489
1750940671169,252517804,0.44386634,-2.9454577,1.7720652
1750940671169,252517804,0.44386634,-2.9454577,1.7720652
1750940671186,252534471,-0.08892016,-3.9762075,2.1102476
1750940671186,252534471,-0.08892016,-3.9762075,2.1102476
1750940671202,252551138,-0.51404804,-5.3628254,2.1625376
1750940671202,252551138,-0.51404804,-5.3628254,2.1625376
1750940671219,252567805,-0.24612933,-7.4047546,2.6297255
1750940671219,252567805,-0.24612933,-7.4047546,2.6297255
1750940671236,252584472,0.75841117,-10.021745,2.8332872
1750940671236,252584472,0.75841117,-10.021745,2.8332872
1750940671252,252601139,0.059743226,-10.7106495,2.0053854
1750940671252,252601139,0.059743226,-10.7106495,2.0053854
1750940671269,252617806,-1.2278197,-9.853869,2.632288
1750940671269,252617806,-1.2278197,-9.853869,2.632288
1750940671286,252634473,-4.0216517,-4.79102,3.2226944
1750940671286,252634473,-4.0216517,-4.79102,3.2226944
1750940671302,252651140,-2.6300094,-5.0237284,3.4582653
1750940671302,252651140,-2.6300094,-5.0237284,3.4582653
1750940671319,252667807,0.10988657,-6.4120736,0.91084576
1750940671319,252667807,0.10988657,-6.4120736,0.91084576
1750940671336,252684474,2.4343352,-4.2061677,-0.11451912
1750940671336,252684474,2.4343352,-4.2061677,-0.11451912
1750940671352,252701141,-0.5535336,-2.8556726,-1.5605984
1750940671352,252701141,-0.5535336,-2.8556726,-1.5605984
1750940671369,252717808,-3.4993842,-3.8239977,-1.7240372
1750940671369,252717808,-3.4993842,-3.8239977,-1.7240372
1750940671386,252734475,-4.8847213,-7.5556946,-5.685202
1750940671386,252734475,-4.8847213,-7.5556946,-5.685202
1750940671402,252751142,-1.7722248,-6.3988366,-8.684606
1750940671402,252751142,-1.7722248,-6.3988366,-8.684606
1750940671419,252767809,-0.2786221,-5.4372544,-7.6299286
1750940671419,252767809,-0.2786221,-5.4372544,-7.6299286
1750940671436,252784476,-0.11372786,-4.4147296,-6.5664682
1750940671436,252784476,-0.11372786,-4.4147296,-6.5664682
1750940671452,252801143,-0.9479301,-4.0957756,-5.976831
1750940671452,252801143,-0.9479301,-4.0957756,-5.976831
1750940671469,252817810,-1.2079401,-4.026029,-5.5475955
1750940671469,252817810,-1.2079401,-4.026029,-5.5475955
1750940671486,252834477,-1.0264726,-4.765102,-4.6991262
1750940671486,252834477,-1.0264726,-4.765102,-4.6991262
1750940671502,252851144,-0.3215824,-4.798757,-3.3366413
1750940671502,252851144,-0.3215824,-4.798757,-3.3366413
1750940671519,252867811,0.482307,-4.703392,-2.0933042
1750940671519,252867811,0.482307,-4.703392,-2.0933042
1750940671536,252884478,0.7521101,-4.594251,-0.38793373
1750940671536,252884478,0.7521101,-4.594251,-0.38793373
1750940671552,252901145,1.427434,-4.103696,1.5746965
1750940671552,252901145,1.427434,-4.103696,1.5746965
1750940671569,252917812,2.3887951,-2.9662068,3.207366
1750940671569,252917812,2.3887951,-2.9662068,3.207366
1750940671586,252934479,1.1805854,-1.109276,4.7092943
1750940671586,252934479,1.1805854,-1.109276,4.7092943
1750940671602,252951146,0.13977495,0.49664602,5.7950335
1750940671602,252951146,0.13977495,0.49664602,5.7950335
1750940671619,252967813,0.29573938,1.4804558,6.2513695
1750940671619,252967813,0.29573938,1.4804558,6.2513695
1750940671636,252984480,-1.1604428,2.3825715,6.404623
1750940671636,252984480,-1.1604428,2.3825715,6.404623
1750940671652,253001147,-2.1124456,4.58519,6.9607773
1750940671652,253001147,-2.1124456,4.58519,6.9607773
1750940671669,253017814,-1.984027,6.3166647,5.9124184
1750940671669,253017814,-1.984027,6.3166647,5.9124184
1750940671686,253034481,-1.7579886,6.531271,4.523596
1750940671686,253034481,-1.7579886,6.531271,4.523596
1750940671702,253051148,1.2199014,7.7308464,2.3573446
1750940671702,253051148,1.2199014,7.7308464,2.3573446
1750940671719,253067815,1.5184333,8.693181,1.031086
1750940671719,253067815,1.5184333,8.693181,1.031086
1750940671736,253084482,0.6809615,9.565844,-0.885314
1750940671736,253084482,0.6809615,9.565844,-0.885314
1750940671752,253101149,1.2177237,10.359012,-3.8764515
1750940671752,253101149,1.2177237,10.359012,-3.8764515
1750940671769,253117816,2.8228877,11.467899,-6.776295
1750940671769,253117816,2.8228877,11.467899,-6.776295
1750940671786,253134483,2.2621117,10.390105,-7.3302145
1750940671786,253134483,2.2621117,10.390105,-7.3302145
1750940671802,253151150,-0.037164506,9.2891865,-6.1875267
1750940671802,253151150,-0.037164506,9.2891865,-6.1875267
1750940671819,253167817,-0.803782,8.895646,-5.59717
1750940671819,253167817,-0.803782,8.895646,-5.59717
1750940671836,253184484,0.30066678,8.114188,-5.6008663
1750940671836,253184484,0.30066678,8.114188,-5.6008663
1750940671852,253201151,0.57178414,7.1871057,-5.451503
1750940671852,253201151,0.57178414,7.1871057,-5.451503
1750940671869,253217818,1.0643388,7.0495934,-5.3777833
1750940671869,253217818,1.0643388,7.0495934,-5.3777833
1750940671886,253234485,1.0173365,5.757665,-2.978785
1750940671886,253234485,1.0173365,5.757665,-2.978785
1750940671902,253251152,0.2642484,1.3362856,-1.1323109
1750940671902,253251152,0.2642484,1.3362856,-1.1323109
1750940671919,253267819,-1.98728,-7.537539,10.524181
1750940671919,253267819,-1.98728,-7.537539,10.524181
1750940671936,253284486,5.3751636,6.758776,2.8130856
1750940671936,253284486,5.3751636,6.758776,2.8130856
1750940671952,253301153,4.906148,10.846021,5.1840773
1750940671952,253301153,4.906148,10.846021,5.1840773
1750940671969,253317820,-3.6060164,8.467477,4.2129536
1750940671969,253317820,-3.6060164,8.467477,4.2129536
1750940671986,253334487,2.5194116,5.8452096,1.028451
1750940671986,253334487,2.5194116,5.8452096,1.028451
1750940672002,253351154,6.4419746,4.0235815,1.2988548
1750940672002,253351154,6.4419746,4.0235815,1.2988548
1750940672019,253367821,3.0307865,1.5251842,-0.7166691
1750940672019,253367821,3.0307865,1.5251842,-0.7166691
1750940672036,253384488,-1.3512324,0.41654557,-2.388173
1750940672036,253384488,-1.3512324,0.41654557,-2.388173
1750940672052,253401155,-1.7767197,1.3085384,-0.7377491
1750940672052,253401155,-1.7767197,1.3085384,-0.7377491
1750940672069,253417822,1.3595705,1.7677196,0.24839973
1750940672069,253417822,1.3595705,1.7677196,0.24839973
1750940672086,253434489,0.8617743,1.3953453,2.034235
1750940672086,253434489,0.8617743,1.3953453,2.034235
1750940672102,253451156,-0.16834526,0.57792425,0.795537
1750940672102,253451156,-0.16834526,0.57792425,0.795537
1750940672119,253467823,0.59309095,0.4307041,0.17427444
1750940672119,253467823,0.59309095,0.4307041,0.17427444
1750940672136,253484490,0.31794897,0.73658115,0.052679062
1750940672136,253484490,0.31794897,0.73658115,0.052679062
1750940672152,253501157,0.07803709,0.47853944,-0.24969578
1750940672152,253501157,0.07803709,0.47853944,-0.24969578
1750940672169,253517824,1.1786207,0.8100791,-0.036409378
1750940672169,253517824,1.1786207,0.8100791,-0.036409378
1750940672186,253534491,1.5699675,0.92902654,-0.31654072
1750940672186,253534491,1.5699675,0.92902654,-0.31654072
1750940672202,253551158,0.3962668,0.56892,0.37450314
1750940672202,253551158,0.3962668,0.56892,0.37450314
1750940672219,253567825,-0.63505083,0.05711963,0.41245556
1750940672219,253567825,-0.63505083,0.05711963,0.41245556
1750940672236,253584492,-0.75032294,0.087319136,-0.095163345
1750940672236,253584492,-0.75032294,0.087319136,-0.095163345
1750940672252,253601159,-0.040299386,0.34866434,0.47366238
1750940672252,253601159,-0.040299386,0.34866434,0.47366238
1750940672269,253617826,0.5752703,0.5833538,0.31424046
1750940672269,253617826,0.5752703,0.5833538,0.31424046
1750940672286,253634493,0.73534197,0.6566379,0.10693073
1750940672286,253634493,0.73534197,0.6566379,0.10693073
1750940672302,253651160,0.53735644,0.4909337,0.06373596
1750940672302,253651160,0.53735644,0.4909337,0.06373596
1750940672319,253667827,0.25585416,0.48794308,0.12985134
1750940672319,253667827,0.25585416,0.48794308,0.12985134
1750940672336,253684494,0.34366325,0.506511,0.055054665
1750940672336,253684494,0.34366325,0.506511,0.055054665
1750940672352,253701161,-0.016360255,0.18782307,-0.13255596
1750940672352,253701161,-0.016360255,0.18782307,-0.13255596
1750940672369,253717828,0.034769677,-0.07176264,0.07680321
1750940672369,253717828,0.034769677,-0.07176264,0.07680321
1750940672386,253734495,0.25995272,-0.21960863,0.016511917
1750940672386,253734495,0.25995272,-0.21960863,0.016511917
1750940672402,253751162,0.2921196,-0.3520148,0.07789898
1750940672402,253751162,0.2921196,-0.3520148,0.07789898
1750940672419,253767829,0.22380665,-0.29852882,0.054636955
1750940672419,253767829,0.22380665,-0.29852882,0.054636955
1750940672436,253784496,0.27251482,-0.1716081,0.067201614
1750940672436,253784496,0.27251482,-0.1716081,0.067201614
1750940672452,253801163,0.20311002,-0.2227832,0.14377213
1750940672452,253801163,0.20311002,-0.2227832,0.14377213
1750940672469,253817830,0.21360306,-0.29790187,0.45830917
1750940672469,253817830,0.21360306,-0.29790187,0.45830917
1750940672486,253834497,0.030074116,-0.56144464,0.5285187
1750940672486,253834497,0.030074116,-0.56144464,0.5285187
1750940672502,253851164,-0.22130466,-0.808977,0.6426716
1750940672502,253851164,-0.22130466,-0.808977,0.6426716
1750940672519,253867831,0.06988915,-0.7748942,0.54068184
1750940672519,253867831,0.06988915,-0.7748942,0.54068184
1750940672536,253884498,0.055054817,-1.0319159,0.85868263
1750940672536,253884498,0.055054817,-1.0319159,0.85868263
1750940672552,253901165,0.3856535,-1.0839328,1.2844105
1750940672552,253901165,0.3856535,-1.0839328,1.2844105
1750940672569,253917832,0.592928,-1.4851577,1.3989372
1750940672569,253917832,0.592928,-1.4851577,1.3989372
1750940672586,253934499,1.0954692,-1.2743003,1.4121141
1750940672586,253934499,1.0954692,-1.2743003,1.4121141
1750940672602,253951166,1.4548264,-1.6405283,1.392086
1750940672602,253951166,1.4548264,-1.6405283,1.392086
1750940672619,253967833,1.711023,-2.073142,1.662322
1750940672619,253967833,1.711023,-2.073142,1.662322
1750940672636,253984500,1.638828,-3.0841537,1.964364
1750940672636,253984500,1.638828,-3.0841537,1.964364
1750940672652,254001167,0.8887711,-4.757365,2.2134666
1750940672652,254001167,0.8887711,-4.757365,2.2134666
1750940672669,254017834,0.41781366,-6.859176,2.8145828
1750940672669,254017834,0.41781366,-6.859176,2.8145828
1750940672686,254034501,1.5257866,-9.853295,3.1733418
1750940672686,254034501,1.5257866,-9.853295,3.1733418
1750940672702,254051168,1.1524144,-12.316895,2.1753511
1750940672702,254051168,1.1524144,-12.316895,2.1753511
1750940672719,254067835,-0.85248333,-12.360581,2.1982918
1750940672719,254067835,-0.85248333,-12.360581,2.1982918
1750940672736,254084502,-3.6131408,-7.6008344,2.0679102
1750940672736,254084502,-3.6131408,-7.6008344,2.0679102
1750940672752,254101169,-2.63295,-8.510888,3.22184
1750940672752,254101169,-2.63295,-8.510888,3.22184
1750940672769,254117836,1.2384598,-6.311378,1.6513214
1750940672769,254117836,1.2384598,-6.311378,1.6513214
1750940672786,254134503,3.687395,-4.372442,0.44659233
1750940672786,254134503,3.687395,-4.372442,0.44659233
1750940672802,254151170,0.85206735,-2.923032,-0.016561508
1750940672802,254151170,0.85206735,-2.923032,-0.016561508
1750940672819,254167837,-3.4631045,-3.7248163,-1.4371862
1750940672819,254167837,-3.4631045,-3.7248163,-1.4371862
1750940672836,254184504,-4.8204,-7.3417864,-4.791775
1750940672836,254184504,-4.8204,-7.3417864,-4.791775
1750940672852,254201171,-2.4579153,-7.0570874,-9.247619
1750940672852,254201171,-2.4579153,-7.0570874,-9.247619
1750940672869,254217838,-0.30372328,-6.268868,-8.922972
1750940672869,254217838,-0.30372328,-6.268868,-8.922972
1750940672886,254234505,0.56714314,-4.4926424,-6.8536506
1750940672886,254234505,0.56714314,-4.4926424,-6.8536506
1750940672902,254251172,0.8027567,-3.501311,-5.712843
1750940672902,254251172,0.8027567,-3.501311,-5.712843
1750940672919,254267839,-0.38788193,-4.1354275,-5.7130604
1750940672919,254267839,-0.38788193,-4.1354275,-5.7130604
1750940672936,254284506,-0.45357686,-4.7658095,-5.1090813
1750940672936,254284506,-0.45357686,-4.7658095,-5.1090813
1750940672952,254301173,0.39456496,-4.9551716,-3.898847
1750940672952,254301173,0.39456496,-4.9551716,-3.898847
1750940672969,254317840,1.3627393,-4.405471,-2.6934614
1750940672969,254317840,1.3627393,-4.405471,-2.6934614
1750940672986,254334507,1.9221253,-3.8120868,-1.4358253
1750940672986,254334507,1.9221253,-3.8120868,-1.4358253
1750940673002,254351174,1.8915231,-3.8661733,0.45929146
1750940673002,254351174,1.8915231,-3.8661733,0.45929146
1750940673019,254367841,1.9553318,-2.8927493,2.3581724
1750940673019,254367841,1.9553318,-2.8927493,2.3581724
1750940673036,254384508,0.90328425,-1.562788,3.667303
1750940673036,254384508,0.90328425,-1.562788,3.667303
1750940673053,254401175,1.0226147,0.7253427,5.529235
1750940673053,254401175,1.0226147,0.7253427,5.529235
1750940673069,254417842,0.7971252,1.8544601,5.6601677
1750940673069,254417842,0.7971252,1.8544601,5.6601677
1750940673086,254434509,-0.6292109,2.3872612,7.0571404
1750940673086,254434509,-0.6292109,2.3872612,7.0571404
1750940673103,254451176,-3.2380924,4.29531,8.6796665
1750940673103,254451176,-3.2380924,4.29531,8.6796665
1750940673119,254467843,-4.4831166,6.670616,8.941126
1750940673119,254467843,-4.4831166,6.670616,8.941126
1750940673136,254484510,-4.885218,8.373458,6.6513405
1750940673136,254484510,-4.885218,8.373458,6.6513405
1750940673153,254501177,-0.284829,10.66519,1.4928417
1750940673153,254501177,-0.284829,10.66519,1.4928417
1750940673169,254517844,6.3431773,13.283472,-0.20701218
1750940673169,254517844,6.3431773,13.283472,-0.20701218
1750940673186,254534511,-1.9751822,14.157301,-5.202823
1750940673186,254534511,-1.9751822,14.157301,-5.202823
1750940673203,254551178,-0.48469836,15.320835,-10.246204
1750940673203,254551178,-0.48469836,15.320835,-10.246204
1750940673219,254567845,-0.23244755,12.915055,-8.572053
1750940673219,254567845,-0.23244755,12.915055,-8.572053
1750940673236,254584512,-3.0538845,10.597935,-6.16432
1750940673236,254584512,-3.0538845,10.597935,-6.16432
1750940673253,254601179,-1.1791701,10.585984,-5.1873255
1750940673253,254601179,-1.1791701,10.585984,-5.1873255
1750940673269,254617846,1.4310211,8.508283,-3.75071
1750940673269,254617846,1.4310211,8.508283,-3.75071
1750940673286,254634513,1.7631497,8.638014,-5.40666
1750940673286,254634513,1.7631497,8.638014,-5.40666
1750940673303,254651180,3.9139538,3.8257399,-2.9359894
1750940673303,254651180,3.9139538,3.8257399,-2.9359894
1750940673319,254667847,0.42423072,-5.53335,8.841223
1750940673319,254667847,0.42423072,-5.53335,8.841223
1750940673336,254684514,1.420605,3.7594368,3.6999512
1750940673336,254684514,1.420605,3.7594368,3.6999512
1750940673353,254701181,1.1207585,10.115216,3.8240652
1750940673353,254701181,1.1207585,10.115216,3.8240652
1750940673369,254717848,-3.39586,8.012464,3.879425
1750940673369,254717848,-3.39586,8.012464,3.879425
1750940673386,254734515,1.5948819,5.0025954,1.629653
1750940673386,254734515,1.5948819,5.0025954,1.629653
1750940673403,254751182,3.8010006,3.9806495,1.5551825
1750940673403,254751182,3.8010006,3.9806495,1.5551825
1750940673419,254767849,4.727357,2.1584365,-0.03413391
1750940673419,254767849,4.727357,2.1584365,-0.03413391
1750940673436,254784516,0.50911164,0.41724628,-2.7527337
1750940673436,254784516,0.50911164,0.41724628,-2.7527337
1750940673453,254801183,-1.6409866,0.9421373,-1.1385679
1750940673453,254801183,-1.6409866,0.9421373,-1.1385679
1750940673469,254817850,1.1895626,1.8370204,0.30720234
1750940673469,254817850,1.1895626,1.8370204,0.30720234
1750940673486,254834517,1.0400152,1.4660481,2.1365414
1750940673486,254834517,1.0400152,1.4660481,2.1365414
1750940673503,254851184,0.32236424,0.9048001,1.2419844
1750940673503,254851184,0.32236424,0.9048001,1.2419844
1750940673519,254867851,0.62458706,0.5989698,-0.3592739
1750940673519,254867851,0.62458706,0.5989698,-0.3592739
1750940673536,254884518,-0.41718447,0.43740413,-0.12271595
1750940673536,254884518,-0.41718447,0.43740413,-0.12271595
1750940673553,254901185,-0.5803237,0.2910854,-0.07404518
1750940673553,254901185,-0.5803237,0.2910854,-0.07404518
1750940673569,254917852,0.8623568,0.3460678,0.00253582
1750940673569,254917852,0.8623568,0.3460678,0.00253582
1750940673586,254934519,1.7840627,0.25170755,-0.3083334
1750940673586,254934519,1.7840627,0.25170755,-0.3083334
1750940673603,254951186,0.2731219,-0.3289579,-0.01753521
1750940673603,254951186,0.2731219,-0.3289579,-0.01753521
1750940673619,254967853,-1.0668495,-0.50132525,0.2431488
1750940673619,254967853,-1.0668495,-0.50132525,0.2431488
1750940673636,254984520,-0.5285038,-0.20909615,0.5010061
1750940673636,254984520,-0.5285038,-0.20909615,0.5010061
1750940673653,255001187,0.21560216,0.035344552,0.10529518
1750940673653,255001187,0.21560216,0.035344552,0.10529518
1750940673669,255017854,0.5437972,0.07962269,-0.03996849
1750940673669,255017854,0.5437972,0.07962269,-0.03996849
1750940673686,255034521,0.5682819,0.17643644,-0.0018291473
1750940673686,255034521,0.5682819,0.17643644,-0.0018291473
1750940673703,255051188,0.5173974,0.28953063,-0.003815651
1750940673703,255051188,0.5173974,0.28953063,-0.003815651
1750940673719,255067855,0.54854035,0.5127642,0.05709076
1750940673719,255067855,0.54854035,0.5127642,0.05709076
1750940673736,255084522,0.34615922,0.63361275,0.112036705
1750940673736,255084522,0.34615922,0.63361275,0.112036705
1750940673753,255101189,0.38190117,0.66021013,-0.051732063
1750940673753,255101189,0.38190117,0.66021013,-0.051732063
1750940673769,255117856,0.50260735,0.6311467,0.10243225
1750940673769,255117856,0.50260735,0.6311467,0.10243225
1750940673786,255134523,0.4247649,0.37931198,0.18000412
1750940673786,255134523,0.4247649,0.37931198,0.18000412
1750940673803,255151190,0.5017253,0.13759838,0.2788601
1750940673803,255151190,0.5017253,0.13759838,0.2788601
1750940673819,255167857,0.26203272,-0.3886745,0.25151634
1750940673819,255167857,0.26203272,-0.3886745,0.25151634
1750940673836,255184524,0.06093276,-0.6461051,0.25936127
1750940673836,255184524,0.06093276,-0.6461051,0.25936127
1750940673853,255201191,0.14596066,-0.69789684,0.19386196
1750940673853,255201191,0.14596066,-0.69789684,0.19386196
1750940673869,255217858,0.080318265,-0.9010708,0.16136932
1750940673869,255217858,0.080318265,-0.9010708,0.16136932
1750940673886,255234525,0.0901649,-0.84176815,0.17827606
1750940673886,255234525,0.0901649,-0.84176815,0.17827606
1750940673903,255251192,0.068496436,-0.843902,0.550889
1750940673903,255251192,0.068496436,-0.843902,0.550889
1750940673919,255267859,0.20190997,-0.7950291,0.9315386
1750940673919,255267859,0.20190997,-0.7950291,0.9315386
1750940673936,255284526,-0.30265644,-1.5278814,1.5636501
1750940673936,255284526,-0.30265644,-1.5278814,1.5636501
1750940673953,255301193,0.3952983,-1.8619375,2.011324
1750940673953,255301193,0.3952983,-1.8619375,2.011324
1750940673969,255317860,1.0459232,-2.2249515,2.1753464
1750940673969,255317860,1.0459232,-2.2249515,2.1753464
1750940673986,255334527,1.4152371,-2.4073474,2.5630045
1750940673986,255334527,1.4152371,-2.4073474,2.5630045
1750940674003,255351194,1.3484406,-3.3454168,2.8764715
1750940674003,255351194,1.3484406,-3.3454168,2.8764715
1750940674019,255367861,1.2684208,-4.2838817,2.830186
1750940674019,255367861,1.2684208,-4.2838817,2.830186
1750940674036,255384528,0.22360548,-5.823604,2.6472893
1750940674036,255384528,0.22360548,-5.823604,2.6472893
1750940674053,255401195,0.34179154,-7.9319596,3.102069
1750940674053,255401195,0.34179154,-7.9319596,3.102069
1750940674069,255417862,2.0066457,-10.7584,3.235756
1750940674069,255417862,2.0066457,-10.7584,3.235756
1750940674086,255434529,1.9026513,-12.197146,1.2216864
1750940674086,255434529,1.9026513,-12.197146,1.2216864
1750940674103,255451196,-1.3042526,-10.468937,-0.1469307
1750940674103,255451196,-1.3042526,-10.468937,-0.1469307
1750940674119,255467863,-5.555005,-5.354932,0.8367529
1750940674119,255467863,-5.555005,-5.354932,0.8367529
1750940674136,255484530,-2.0669694,-6.4227023,2.8780499
1750940674136,255484530,-2.0669694,-6.4227023,2.8780499
1750940674153,255501197,2.2386851,-8.0160885,0.47443962
1750940674153,255501197,2.2386851,-8.0160885,0.47443962
1750940674169,255517864,0.5389302,-6.2451487,-1.5965538
1750940674169,255517864,0.5389302,-6.2451487,-1.5965538
1750940674186,255534531,-0.09316042,-5.6286845,-2.9781036
1750940674186,255534531,-0.09316042,-5.6286845,-2.9781036
1750940674203,255551198,-2.0329387,-2.879533,-1.0504074
1750940674203,255551198,-2.0329387,-2.879533,-1.0504074
1750940674219,255567865,-5.391762,-5.1434693,-2.0569053
1750940674219,255567865,-5.391762,-5.1434693,-2.0569053
1750940674236,255584532,-5.3351912,-6.0943103,-6.056564
1750940674236,255584532,-5.3351912,-6.0943103,-6.056564
1750940674253,255601199,-2.1068885,-6.0691895,-7.3606863
1750940674253,255601199,-2.1068885,-6.0691895,-7.3606863
1750940674269,255617866,-1.379163,-7.176816,-7.36905
1750940674269,255617866,-1.379163,-7.176816,-7.36905
1750940674286,255634533,-1.20628,-6.8282,-6.8814692
1750940674286,255634533,-1.20628,-6.8282,-6.8814692
1750940674303,255651200,0.37512603,-5.5510354,-5.4226937
1750940674303,255651200,0.37512603,-5.5510354,-5.4226937
1750940674319,255667867,0.34884584,-4.5056696,-4.0529747
1750940674319,255667867,0.34884584,-4.5056696,-4.0529747
1750940674336,255684534,-0.63951504,-4.589435,-3.2734022
1750940674336,255684534,-0.63951504,-4.589435,-3.2734022
1750940674353,255701201,0.26010627,-5.175353,-2.0488706
1750940674353,255701201,0.26010627,-5.175353,-2.0488706
1750940674369,255717868,1.3757732,-4.608318,-0.86964893
1750940674369,255717868,1.3757732,-4.608318,-0.86964893
1750940674386,255734535,2.4095848,-4.086505,0.45249557
1750940674386,255734535,2.4095848,-4.086505,0.45249557
1750940674403,255751202,2.1725266,-3.6566563,1.6776438
1750940674403,255751202,2.1725266,-3.6566563,1.6776438
1750940674419,255767869,0.41404077,-1.5260123,3.9401293
1750940674419,255767869,0.41404077,-1.5260123,3.9401293
1750940674436,255784536,1.0169795,0.6921814,6.172616
1750940674436,255784536,1.0169795,0.6921814,6.172616
1750940674453,255801203,0.4701443,2.2448874,7.3730526
1750940674453,255801203,0.4701443,2.2448874,7.3730526
1750940674469,255817870,-0.88646716,4.8232064,7.4039555
1750940674469,255817870,-0.88646716,4.8232064,7.4039555
1750940674486,255834537,-2.6961694,6.6620755,7.5526886
1750940674486,255834537,-2.6961694,6.6620755,7.5526886
1750940674503,255851204,-3.6018372,8.406746,6.175975
1750940674503,255851204,-3.6018372,8.406746,6.175975
1750940674519,255867871,-0.78167766,10.21229,4.038024
1750940674519,255867871,-0.78167766,10.21229,4.038024
1750940674536,255884538,3.4966056,11.75991,1.83815
1750940674536,255884538,3.4966056,11.75991,1.83815
1750940674553,255901205,3.9784913,14.44944,-0.8522692
1750940674553,255901205,3.9784913,14.44944,-0.8522692
1750940674569,255917872,-1.9795579,15.406347,-6.4802117
1750940674569,255917872,-1.9795579,15.406347,-6.4802117
1750940674586,255934539,0.83281934,17.005621,-12.272354
1750940674586,255934539,0.83281934,17.005621,-12.272354
1750940674603,255951206,-0.028905813,14.744044,-11.217068
1750940674603,255951206,-0.028905813,14.744044,-11.217068
1750940674619,255967873,-2.1581466,12.62876,-7.312794
1750940674619,255967873,-2.1581466,12.62876,-7.312794
1750940674636,255984540,-0.7549197,10.850607,-4.8954363
1750940674636,255984540,-0.7549197,10.850607,-4.8954363
1750940674653,256001207,0.62483716,8.777771,-4.641403
1750940674653,256001207,0.62483716,8.777771,-4.641403
1750940674669,256017874,3.1556928,1.4862752,0.3748169
1750940674669,256017874,3.1556928,1.4862752,0.3748169
1750940674686,256034541,1.427478,-7.0220604,4.755542
1750940674686,256034541,1.427478,-7.0220604,4.755542
1750940674703,256051208,-0.56067914,-1.713784,3.8814325
1750940674703,256051208,-0.56067914,-1.713784,3.8814325
1750940674719,256067875,8.413493,6.5773454,1.6546469
1750940674719,256067875,8.413493,6.5773454,1.6546469
1750940674736,256084542,8.748916,7.6792006,5.0877695
1750940674736,256084542,8.748916,7.6792006,5.0877695
1750940674753,256101209,-0.2679813,7.25857,3.3066883
1750940674753,256101209,-0.2679813,7.25857,3.3066883
1750940674769,256117876,-2.7565856,4.695426,2.5980854
1750940674769,256117876,-2.7565856,4.695426,2.5980854
1750940674786,256134543,1.6852679,3.72622,0.9185972
1750940674786,256134543,1.6852679,3.72622,0.9185972
1750940674803,256151210,3.743053,2.3597164,-1.9693437
1750940674803,256151210,3.743053,2.3597164,-1.9693437
1750940674819,256167877,0.8886037,3.0215058,-0.90154934
1750940674819,256167877,0.8886037,3.0215058,-0.90154934
1750940674836,256184544,0.09455984,2.7428668,0.5790577
1750940674836,256184544,0.09455984,2.7428668,0.5790577
1750940674853,256201211,1.5887163,2.034288,1.2211895
1750940674853,256201211,1.5887163,2.034288,1.2211895
1750940674869,256217878,3.7197332,1.6588539,1.0693617
1750940674869,256217878,3.7197332,1.6588539,1.0693617
1750940674886,256234545,1.3692694,0.8115916,1.5938225
1750940674886,256234545,1.3692694,0.8115916,1.5938225
1750940674903,256251212,0.38531578,0.4325226,-0.13515186
1750940674903,256251212,0.38531578,0.4325226,-0.13515186
1750940674919,256267879,-0.663154,0.05338741,-0.5975046
1750940674919,256267879,-0.663154,0.05338741,-0.5975046
1750940674936,256284546,0.13090819,0.25044873,0.07789421
1750940674936,256284546,0.13090819,0.25044873,0.07789421
1750940674953,256301213,0.74205923,0.4885886,0.4016857
1750940674953,256301213,0.74205923,0.4885886,0.4016857
1750940674969,256317880,0.29391977,0.18721132,-0.07574749
1750940674969,256317880,0.29391977,0.18721132,-0.07574749
1750940674986,256334547,0.637948,0.13216835,-1.1427155
1750940674986,256334547,0.637948,0.13216835,-1.1427155
1750940675003,256351214,-0.09666667,-0.18884028,-0.49916458
1750940675003,256351214,-0.09666667,-0.18884028,-0.49916458
1750940675019,256367881,-0.62437207,-0.12922402,0.4483919
1750940675019,256367881,-0.62437207,-0.12922402,0.4483919
1750940675036,256384548,-0.1981981,-0.30423668,0.30047894
1750940675036,256384548,-0.1981981,-0.30423668,0.30047894
1750940675053,256401215,0.0708203,-0.20646673,0.110113144
1750940675053,256401215,0.0708203,-0.20646673,0.110113144
1750940675069,256417882,0.7158577,-0.08612759,0.13468075
1750940675069,256417882,0.7158577,-0.08612759,0.13468075
1750940675086,256434549,0.7263467,0.26726338,-0.01675415
1750940675086,256434549,0.7263467,0.26726338,-0.01675415
1750940675103,256451216,0.89614505,0.33904815,0.037343025
1750940675103,256451216,0.89614505,0.33904815,0.037343025
1750940675119,256467883,0.6700275,0.25524196,-0.068553925
1750940675119,256467883,0.6700275,0.25524196,-0.068553925
1750940675136,256484550,0.61847085,0.049463864,0.09234142
1750940675136,256484550,0.61847085,0.049463864,0.09234142
1750940675153,256501217,0.37694454,-0.18442188,0.2564001
1750940675153,256501217,0.37694454,-0.18442188,0.2564001
1750940675169,256517884,0.11923344,-0.37614012,0.19844437
1750940675169,256517884,0.11923344,-0.37614012,0.19844437
1750940675186,256534551,0.16272816,-0.5122045,0.15254879
1750940675186,256534551,0.16272816,-0.5122045,0.15254879
1750940675203,256551218,0.22396289,-0.6109476,0.18948269
1750940675203,256551218,0.22396289,-0.6109476,0.18948269
1750940675219,256567885,0.36968663,-0.69101644,0.27429676
1750940675219,256567885,0.36968663,-0.69101644,0.27429676
1750940675236,256584552,0.34354812,-0.8931513,0.3057518
1750940675236,256584552,0.34354812,-0.8931513,0.3057518
1750940675253,256601219,0.07776888,-1.1579093,0.41656494
1750940675253,256601219,0.07776888,-1.1579093,0.41656494
1750940675269,256617886,0.45832807,-0.85499763,0.25726223
1750940675269,256617886,0.45832807,-0.85499763,0.25726223
1750940675286,256634553,0.052044097,-1.105485,0.53226376
1750940675286,256634553,0.052044097,-1.105485,0.53226376
1750940675303,256651220,-0.54905355,-1.4811488,1.2447491
1750940675303,256651220,-0.54905355,-1.4811488,1.2447491
1750940675319,256667887,-0.3401268,-2.1118872,1.8655987
1750940675319,256667887,-0.3401268,-2.1118872,1.8655987
1750940675336,256684554,0.98086137,-2.438536,2.145585
1750940675336,256684554,0.98086137,-2.438536,2.145585
1750940675353,256701221,1.9263004,-2.5197814,2.640355
1750940675353,256701221,1.9263004,-2.5197814,2.640355
1750940675369,256717888,2.236725,-3.4908621,2.9824066
1750940675369,256717888,2.236725,-3.4908621,2.9824066
1750940675386,256734555,2.4642363,-4.8418684,3.4150639
1750940675386,256734555,2.4642363,-4.8418684,3.4150639
1750940675403,256751222,1.2901646,-7.2751503,3.5740442
1750940675403,256751222,1.2901646,-7.2751503,3.5740442
1750940675419,256767889,1.6688572,-10.381501,3.7197304
1750940675419,256767889,1.6688572,-10.381501,3.7197304
1750940675436,256784556,3.362165,-16.097124,4.131301
1750940675436,256784556,3.362165,-16.097124,4.131301
1750940675453,256801223,0.7405968,-16.211842,1.0426426
1750940675453,256801223,0.7405968,-16.211842,1.0426426
1750940675469,256817890,-2.0146348,-9.38225,1.240241
1750940675469,256817890,-2.0146348,-9.38225,1.240241
1750940675486,256834557,-3.534241,-6.2769394,2.905655
1750940675486,256834557,-3.534241,-6.2769394,2.905655
1750940675503,256851224,-0.044780374,-7.3824177,2.5230293
1750940675503,256851224,-0.044780374,-7.3824177,2.5230293
1750940675519,256867891,-0.9717114,-4.938577,0.667202
1750940675519,256867891,-0.9717114,-4.938577,0.667202
1750940675536,256884558,-0.78572714,-4.9959188,-2.229292
1750940675536,256884558,-0.78572714,-4.9959188,-2.229292
1750940675553,256901225,-1.2874836,-4.921192,-1.5505619
1750940675553,256901225,-1.2874836,-4.921192,-1.5505619
1750940675569,256917892,-2.7617376,-7.596041,-6.4522033
1750940675569,256917892,-2.7617376,-7.596041,-6.4522033
1750940675586,256934559,-2.1469104,-6.1576066,-9.661143
1750940675586,256934559,-2.1469104,-6.1576066,-9.661143
1750940675603,256951226,-1.2531651,-5.187106,-8.802492
1750940675603,256951226,-1.2531651,-5.187106,-8.802492
1750940675619,256967893,-0.34376973,-3.7344322,-7.2730727
1750940675619,256967893,-0.34376973,-3.7344322,-7.2730727
1750940675636,256984560,0.21839517,-3.2620316,-6.3395624
1750940675636,256984560,0.21839517,-3.2620316,-6.3395624
1750940675653,257001227,0.31882703,-3.5716002,-6.1849585
1750940675653,257001227,0.31882703,-3.5716002,-6.1849585
1750940675669,257017894,0.5682028,-3.8127515,-5.652933
1750940675669,257017894,0.5682028,-3.8127515,-5.652933
1750940675686,257034561,1.2258517,-3.6999512,-4.733161
1750940675686,257034561,1.2258517,-3.6999512,-4.733161
1750940675703,257051228,1.822897,-3.3738594,-3.805018
1750940675703,257051228,1.822897,-3.3738594,-3.805018
1750940675719,257067895,2.4951208,-3.6090689,-2.0773468
1750940675719,257067895,2.4951208,-3.6090689,-2.0773468
1750940675736,257084562,3.5223465,-3.1177518,0.20452213
1750940675736,257084562,3.5223465,-3.1177518,0.20452213
1750940675753,257101229,3.428625,-1.9410338,2.758483
1750940675753,257101229,3.428625,-1.9410338,2.758483
1750940675769,257117896,1.8637972,0.048471242,5.1299067
1750940675769,257117896,1.8637972,0.048471242,5.1299067
1750940675786,257134563,0.6996892,1.3802378,6.7647915
1750940675786,257134563,0.6996892,1.3802378,6.7647915
1750940675803,257151230,-0.9097288,2.63275,8.449371
1750940675803,257151230,-0.9097288,2.63275,8.449371
1750940675819,257167897,-2.5920355,4.5945253,10.403503
1750940675819,257167897,-2.5920355,4.5945253,10.403503
1750940675836,257184564,-3.1827183,6.8343215,10.939875
1750940675836,257184564,-3.1827183,6.8343215,10.939875
1750940675853,257201231,-5.651437,9.581909,9.610931
1750940675853,257201231,-5.651437,9.581909,9.610931
1750940675869,257217898,9.47187,18.003721,0.3163805
1750940675869,257217898,9.47187,18.003721,0.3163805
1750940675886,257234565,4.0320306,17.75618,-3.5636687
1750940675886,257234565,4.0320306,17.75618,-3.5636687
1750940675903,257251232,-5.788471,14.715766,-9.702771
1750940675903,257251232,-5.788471,14.715766,-9.702771
1750940675919,257267899,-4.131353,13.612349,-10.165785
1750940675919,257267899,-4.131353,13.612349,-10.165785
1750940675936,257284566,-6.002664,10.11003,-5.4771633
1750940675936,257284566,-6.002664,10.11003,-5.4771633
1750940675953,257301233,-4.4155884,8.648569,-3.6058497
1750940675953,257301233,-4.4155884,8.648569,-3.6058497
1750940675969,257317900,-1.934468,7.153715,-2.2278876
1750940675969,257317900,-1.934468,7.153715,-2.2278876
1750940675986,257334567,0.7097871,4.9872956,-1.535532
1750940675986,257334567,0.7097871,4.9872956,-1.535532
1750940676003,257351234,3.1552734,3.362799,-2.8299837
1750940676003,257351234,3.1552734,3.362799,-2.8299837
1750940676019,257367901,3.971964,-0.01411082,0.64182854
1750940676019,257367901,3.971964,-0.01411082,0.64182854
1750940676036,257384568,2.3823571,-2.434362,2.1156778
1750940676036,257384568,2.3823571,-2.434362,2.1156778
1750940676053,257401235,7.2605867,2.8785515,2.9789152
1750940676053,257401235,7.2605867,2.8785515,2.9789152
1750940676069,257417902,6.2089005,11.449039,1.6354694
1750940676069,257417902,6.2089005,11.449039,1.6354694
1750940676086,257434569,-3.636612,5.962104,5.0630217
1750940676086,257434569,-3.636612,5.962104,5.0630217
1750940676103,257451236,-3.2297025,3.0493145,3.3020859
1750940676103,257451236,-3.2297025,3.0493145,3.3020859
1750940676119,257467903,2.4912827,4.6924996,-0.60895634
1750940676119,257467903,2.4912827,4.6924996,-0.60895634
1750940676136,257484570,2.1256819,3.2590272,-1.3803997
1750940676136,257484570,2.1256819,3.2590272,-1.3803997
1750940676153,257501237,5.472351,3.6624985,-0.905756
1750940676153,257501237,5.472351,3.6624985,-0.905756
1750940676169,257517904,3.497406,3.0237417,-0.06676388
1750940676169,257517904,3.497406,3.0237417,-0.06676388
1750940676186,257534571,-0.6590188,1.2123948,0.51272106
1750940676186,257534571,-0.6590188,1.2123948,0.51272106
1750940676203,257551238,-0.81347317,0.14659925,0.49861336
1750940676203,257551238,-0.81347317,0.14659925,0.49861336
1750940676219,257567905,1.1968629,0.57020503,1.4331732
1750940676219,257567905,1.1968629,0.57020503,1.4331732
1750940676236,257584572,0.5190914,0.43693966,1.0651035
1750940676236,257584572,0.5190914,0.43693966,1.0651035
1750940676253,257601239,-0.01133166,0.33176228,-0.21055222
1750940676253,257601239,-0.01133166,0.33176228,-0.21055222
1750940676269,257617906,-0.100370504,0.19464111,-0.23925495
1750940676269,257617906,-0.100370504,0.19464111,-0.23925495
1750940676286,257634573,0.47393733,0.51624656,0.3401699
1750940676286,257634573,0.47393733,0.51624656,0.3401699
1750940676303,257651240,1.5911567,0.6296083,0.4165945
1750940676303,257651240,1.5911567,0.6296083,0.4165945
1750940676319,257667907,0.5712888,0.06645286,-0.20964241
1750940676319,257667907,0.5712888,0.06645286,-0.20964241
1750940676336,257684574,0.11370864,-0.40798447,0.055438995
1750940676336,257684574,0.11370864,-0.40798447,0.055438995
1750940676353,257701241,0.44813007,-0.24429005,0.27490807
1750940676353,257701241,0.44813007,-0.24429005,0.27490807
1750940676369,257717908,0.0661091,-0.45005497,0.066090584
1750940676369,257717908,0.0661091,-0.45005497,0.066090584
1750940676386,257734575,0.08989736,-0.058652483,0.15404224
1750940676386,257734575,0.08989736,-0.058652483,0.15404224
1750940676403,257751242,0.12595893,0.10089509,0.1730051
1750940676403,257751242,0.12595893,0.10089509,0.1730051
1750940676419,257767909,0.22209968,0.2104703,0.08737469
1750940676419,257767909,0.22209968,0.2104703,0.08737469
1750940676436,257784576,0.39303824,0.25983337,-0.15296078
1750940676436,257784576,0.39303824,0.25983337,-0.15296078
1750940676453,257801243,0.31910095,0.19221555,-0.223876
1750940676453,257801243,0.31910095,0.19221555,-0.223876
1750940676469,257817910,0.26034522,0.14412518,-0.28354073
1750940676469,257817910,0.26034522,0.14412518,-0.28354073
1750940676486,257834577,0.24386045,0.036953397,-0.13256836
1750940676486,257834577,0.24386045,0.036953397,-0.13256836
1750940676503,257851244,0.50652325,0.14275974,-0.13998795
1750940676503,257851244,0.50652325,0.14275974,-0.13998795
1750940676519,257867911,0.740635,0.1243872,-0.046094894
1750940676519,257867911,0.740635,0.1243872,-0.046094894
1750940676536,257884578,0.55446845,0.01703258,-0.07903767
1750940676536,257884578,0.55446845,0.01703258,-0.07903767
1750940676553,257901245,0.46085355,-0.07266205,0.007129669
1750940676553,257901245,0.46085355,-0.07266205,0.007129669
1750940676569,257917912,0.4244739,-0.102533884,0.0133190155
1750940676569,257917912,0.4244739,-0.102533884,0.0133190155
1750940676586,257934579,0.3699459,-0.502789,0.34967804
1750940676586,257934579,0.3699459,-0.502789,0.34967804
1750940676603,257951246,0.35720724,-0.28213012,0.43648815
1750940676603,257951246,0.35720724,-0.28213012,0.43648815
1750940676619,257967913,0.3358376,-0.23578404,0.47146988
1750940676619,257967913,0.3358376,-0.23578404,0.47146988
1750940676636,257984580,0.11177547,-0.17665279,0.19581509
1750940676636,257984580,0.11177547,-0.17665279,0.19581509
1750940676653,258001247,0.10188302,-0.29641372,0.12077236
1750940676653,258001247,0.10188302,-0.29641372,0.12077236
1750940676669,258017914,0.12465362,-0.5023818,0.1204195
1750940676669,258017914,0.12465362,-0.5023818,0.1204195
1750940676686,258034581,0.019276204,-0.63145876,-0.054465294
1750940676686,258034581,0.019276204,-0.63145876,-0.054465294
1750940676703,258051248,0.09717181,-0.706657,0.1677208
1750940676703,258051248,0.09717181,-0.706657,0.1677208
1750940676719,258067915,0.21173963,-0.7112048,0.32499218
1750940676719,258067915,0.21173963,-0.7112048,0.32499218
1750940676736,258084582,0.4351051,-0.40337092,0.28258896
1750940676736,258084582,0.4351051,-0.40337092,0.28258896
1750940676753,258101249,0.5382453,-0.7880392,0.7598543
1750940676753,258101249,0.5382453,-0.7880392,0.7598543
1750940676769,258117916,0.6158721,-1.0080678,0.71700096
1750940676769,258117916,0.6158721,-1.0080678,0.71700096
1750940676786,258134583,0.5711782,-0.8009283,0.6271744
1750940676786,258134583,0.5711782,-0.8009283,0.6271744
1750940676803,258151250,0.5177966,-1.2286985,0.96019554
1750940676803,258151250,0.5177966,-1.2286985,0.96019554
1750940676819,258167917,0.30444878,-2.031276,1.7183075
1750940676819,258167917,0.30444878,-2.031276,1.7183075
1750940676836,258184584,-0.4629827,-3.4783146,2.2061434
1750940676836,258184584,-0.4629827,-3.4783146,2.2061434
1750940676853,258201251,-1.2205629,-3.8504546,1.9962244
1750940676853,258201251,-1.2205629,-3.8504546,1.9962244
1750940676869,258217918,-1.6424452,-3.1660025,1.5579014
1750940676869,258217918,-1.6424452,-3.1660025,1.5579014
1750940676886,258234585,-1.437052,-3.1140714,0.9243479
1750940676886,258234585,-1.437052,-3.1140714,0.9243479
1750940676903,258251252,-1.5255913,-3.0973394,0.11829662
1750940676903,258251252,-1.5255913,-3.0973394,0.11829662
1750940676919,258267919,-1.0669082,-1.834998,-0.42940903
1750940676919,258267919,-1.0669082,-1.834998,-0.42940903
1750940676936,258284586,-0.937563,-1.5124142,-1.0344877
1750940676936,258284586,-0.937563,-1.5124142,-1.0344877
1750940676953,258301253,-0.39576137,-0.43705907,-1.4985685
1750940676953,258301253,-0.39576137,-0.43705907,-1.4985685
1750940676969,258317920,0.111822695,-0.46304503,-1.5645466
1750940676969,258317920,0.111822695,-0.46304503,-1.5645466
1750940676986,258334587,0.9543109,-0.5317321,-1.8459225
1750940676986,258334587,0.9543109,-0.5317321,-1.8459225
1750940677003,258351254,1.3778677,0.41014278,-1.8431115
1750940677003,258351254,1.3778677,0.41014278,-1.8431115
1750940677019,258367921,1.5659034,0.8953827,-1.4271688
1750940677019,258367921,1.5659034,0.8953827,-1.4271688
1750940677036,258384588,1.9523019,1.0119263,-1.2202044
1750940677036,258384588,1.9523019,1.0119263,-1.2202044
1750940677053,258401255,2.2345002,1.9090465,-0.5377531
1750940677053,258401255,2.2345002,1.9090465,-0.5377531
1750940677069,258417922,2.3181164,2.6542215,0.05491352
1750940677069,258417922,2.3181164,2.6542215,0.05491352
1750940677086,258434589,2.2120042,2.9468672,0.569314
1750940677086,258434589,2.2120042,2.9468672,0.569314
1750940677103,258451256,2.171055,2.584493,0.8005295
1750940677103,258451256,2.171055,2.584493,0.8005295
1750940677119,258467923,1.130517,2.8545754,1.123723
1750940677119,258467923,1.130517,2.8545754,1.123723
1750940677136,258484590,0.4691375,2.5318322,1.2309103
1750940677136,258484590,0.4691375,2.5318322,1.2309103
1750940677153,258501257,0.07438838,2.4521546,1.3308182
1750940677153,258501257,0.07438838,2.4521546,1.3308182
1750940677169,258517924,-0.47427773,2.6163518,1.488657
1750940677169,258517924,-0.47427773,2.6163518,1.488657
1750940677186,258534591,-1.2091771,2.1737761,1.2373972
1750940677186,258534591,-1.2091771,2.1737761,1.2373972
1750940677203,258551258,-0.6550277,0.70626944,0.90236473
1750940677203,258551258,-0.6550277,0.70626944,0.90236473
1750940677219,258567925,0.053192478,-0.29608896,0.53209305
1750940677219,258567925,0.053192478,-0.29608896,0.53209305
1750940677236,258584592,-0.11640605,-0.27937242,0.41625786
1750940677236,258584592,-0.11640605,-0.27937242,0.41625786
1750940677253,258601259,-0.58863413,-0.06475371,0.19221401
1750940677253,258601259,-0.58863413,-0.06475371,0.19221401
1750940677269,258617926,-0.32476526,-0.053658307,0.172678
1750940677269,258617926,-0.32476526,-0.053658307,0.172678
1750940677286,258634593,0.10092834,-0.17608283,-0.057602882
1750940677286,258634593,0.10092834,-0.17608283,-0.057602882
1750940677303,258651260,0.24813232,-0.18357454,-0.16441059
1750940677303,258651260,0.24813232,-0.18357454,-0.16441059
1750940677319,258667927,0.25884622,-0.2837859,-0.38452244
1750940677319,258667927,0.25884622,-0.2837859,-0.38452244
1750940677336,258684594,0.9847576,-0.83192873,-0.7325306
1750940677336,258684594,0.9847576,-0.83192873,-0.7325306
1750940677353,258701261,1.265905,-0.6326087,-0.9593582
1750940677353,258701261,1.265905,-0.6326087,-0.9593582
1750940677369,258717928,0.8770538,-0.30583546,-0.8586788
1750940677369,258717928,0.8770538,-0.30583546,-0.8586788
1750940677386,258734595,0.6374553,-0.06907333,-0.8035097
1750940677386,258734595,0.6374553,-0.06907333,-0.8035097
1750940677403,258751262,0.30022272,0.15812781,-0.824317
1750940677403,258751262,0.30022272,0.15812781,-0.824317
1750940677419,258767929,0.32617933,0.12972066,-0.8580284
1750940677419,258767929,0.32617933,0.12972066,-0.8580284
1750940677436,258784596,0.8554744,-0.012083334,-0.5705099
1750940677436,258784596,0.8554744,-0.012083334,-0.5705099
1750940677453,258801263,1.271941,0.90536547,0.43256378
1750940677453,258801263,1.271941,0.90536547,0.43256378
1750940677469,258817930,-1.364773,-0.31678826,-0.91308975
1750940677469,258817930,-1.364773,-0.31678826,-0.91308975
1750940677486,258834597,-1.0603427,0.52340674,0.004846573
1750940677486,258834597,-1.0603427,0.52340674,0.004846573
1750940677503,258851264,-1.549468,0.20521753,-0.08460903
1750940677503,258851264,-1.549468,0.20521753,-0.08460903
1750940677519,258867931,-0.6034793,1.753068,0.5405588
1750940677519,258867931,-0.6034793,1.753068,0.5405588
1750940677536,258884598,0.36612317,3.3728588,0.6476002
1750940677536,258884598,0.36612317,3.3728588,0.6476002
1750940677553,258901265,0.7184964,3.3191817,0.34701347
1750940677553,258901265,0.7184964,3.3191817,0.34701347
1750940677569,258917932,1.4595933,3.7607315,0.36677265
1750940677569,258917932,1.4595933,3.7607315,0.36677265
1750940677586,258934599,1.5669705,4.18925,0.46119022
1750940677586,258934599,1.5669705,4.18925,0.46119022
1750940677603,258951266,0.8838536,3.948035,0.32770252
1750940677603,258951266,0.8838536,3.948035,0.32770252
1750940677619,258967933,0.47667524,3.1212552,0.067090034
1750940677619,258967933,0.47667524,3.1212552,0.067090034
1750940677636,258984600,0.9351214,2.2043989,-0.08621597
1750940677636,258984600,0.9351214,2.2043989,-0.08621597
1750940677653,259001267,0.9276978,1.640695,-0.19150639
1750940677653,259001267,0.9276978,1.640695,-0.19150639
1750940677669,259017934,0.55051285,1.1898814,-0.37804222
1750940677669,259017934,0.55051285,1.1898814,-0.37804222
1750940677686,259034601,0.72284037,0.58370453,-0.6652527
1750940677686,259034601,0.72284037,0.58370453,-0.6652527
1750940677703,259051268,1.2584393,-0.59616876,-1.0407314
1750940677703,259051268,1.2584393,-0.59616876,-1.0407314
1750940677719,259067935,1.0780703,-2.0211163,-1.7037115
1750940677719,259067935,1.0780703,-2.0211163,-1.7037115
1750940677736,259084602,1.4414066,-2.9640498,-2.2438068
1750940677736,259084602,1.4414066,-2.9640498,-2.2438068
1750940677753,259101269,1.071231,-3.2760556,-3.018322
1750940677753,259101269,1.071231,-3.2760556,-3.018322
1750940677769,259117936,0.8017556,-4.1363983,-3.790453
1750940677769,259117936,0.8017556,-4.1363983,-3.790453
1750940677786,259134603,1.7699934,-4.895725,-3.3912039
1750940677786,259134603,1.7699934,-4.895725,-3.3912039
1750940677803,259151270,1.6891545,-7.2471766,-5.8299656
1750940677803,259151270,1.6891545,-7.2471766,-5.8299656
1750940677819,259167937,1.7432892,-4.9778194,-2.8217044
1750940677819,259167937,1.7432892,-4.9778194,-2.8217044
1750940677836,259184604,-0.92161274,5.744087,6.059866
1750940677836,259184604,-0.92161274,5.744087,6.059866
1750940677853,259201271,3.0198665,-2.6875842,1.4471493
1750940677853,259201271,3.0198665,-2.6875842,1.4471493
1750940677869,259217938,1.9913918,-5.313184,3.6241207
1750940677869,259217938,1.9913918,-5.313184,3.6241207
1750940677886,259234605,2.6723173,-3.862696,1.918746
1750940677886,259234605,2.6723173,-3.862696,1.918746
1750940677903,259251272,2.4315605,-3.2149844,0.27208424
1750940677903,259251272,2.4315605,-3.2149844,0.27208424
1750940677919,259267939,-0.98732936,-3.8073697,-0.08505058
1750940677919,259267939,-0.98732936,-3.8073697,-0.08505058
1750940677936,259284606,-2.0248857,-3.9299242,0.7464323
1750940677936,259284606,-2.0248857,-3.9299242,0.7464323
1750940677953,259301273,-4.539027,-2.4377236,0.71894073
1750940677953,259301273,-4.539027,-2.4377236,0.71894073
