timestamp_ms,timestamp_μs,freeAcceleration_m/s²_x,freeAcceleration_m/s²_y,freeAcceleration_m/s²_z
1746709146601,231101705,-0.39011782,-0.07634912,-1.0391293
1746709146618,231118372,-0.1031129,0.16304444,-1.3243389
1746709146634,231135039,0.69387126,0.050779015,-0.53722954
1746709146651,231151706,0.976024,-0.22342356,-0.63058186
1746709146668,231168373,0.64166915,-0.20852463,-1.296504
1746709146684,231185040,0.66371346,-0.47259668,-1.3343277
1746709146701,231201707,0.74528676,-0.71493804,-1.4477491
1746709146718,231218374,1.1207637,-0.82116234,-1.2927809
1746709146734,231235041,0.9842395,-0.61372936,-1.2680178
1746709146751,231251708,0.47342023,-0.40040457,-1.6097412
1746709146768,231268375,0.13466734,0.11171759,-1.877984
1746709146784,231285042,-0.37108615,0.3939883,-2.0184827
1746709146801,231301709,-1.0771276,0.43673024,-2.037096
1746709146818,231318376,-1.900203,0.55759555,-2.470231
1746709146834,231335043,-2.386273,0.7013387,-3.475882
1746709146851,231351710,-2.5083268,0.7405554,-3.568122
1746709146868,231368377,-2.1545172,1.1330674,-3.264226
1746709146884,231385044,-1.2953457,1.4241227,-3.1712909
1746709146901,231401711,-0.62317777,1.217589,-2.9352431
1746709146918,231418378,-0.5519156,1.125502,-2.9976435
1746709146934,231435045,-0.7701341,1.9355175,-3.2960672
1746709146951,231451712,-1.1234868,2.6533213,-3.7054172
1746709146968,231468379,-1.662651,3.0107615,-3.9256134
1746709146984,231485046,-2.0431702,3.5864718,-3.1110454
1746709147001,231501713,-1.4927459,4.377324,-1.6648664
1746709147018,231518380,-0.55170846,4.565377,-0.37388897
1746709147034,231535047,0.2653556,4.2796354,0.569005
1746709147051,231551714,0.6141052,3.2760031,1.3406277
1746709147068,231568381,0.38738808,2.296267,2.2132483
1746709147084,231585048,0.38090956,2.3278635,2.8711176
1746709147101,231601715,-0.21908896,2.6120038,1.8191471
1746709147118,231618382,-0.73543584,2.9266124,0.5455723
1746709147134,231635049,-0.626943,2.9992905,-0.81965065
1746709147151,231651716,-0.536438,2.9928465,-2.611607
1746709147168,231668383,-0.74245995,2.7539861,-4.3806996
1746709147184,231685050,-0.73343426,2.3174841,-5.4704685
1746709147201,231701717,-0.33152872,1.3680707,-6.058161
1746709147218,231718384,0.4065274,0.8649948,-6.0352964
1746709147234,231735051,0.2980937,0.27831566,-5.8468895
1746709147251,231751718,-0.61320263,0.7974048,-5.516762
1746709147268,231768385,-1.652719,1.5423149,-4.399278
1746709147284,231785052,-2.005087,1.3141179,-2.9502788
1746709147301,231801719,-1.806614,-0.207011,-1.8199058
1746709147318,231818386,-0.9598099,-1.869938,-0.7698965
1746709147334,231835053,0.8430719,-2.7447782,0.47799397
1746709147351,231851720,1.2749017,-2.4158196,1.3651695
1746709147368,231868387,1.2175146,-1.2094252,1.1805353
1746709147384,231885054,0.9331627,-1.0282394,1.3831892
1746709147401,231901721,0.9792827,-2.440309,1.7857761
1746709147418,231918388,1.751826,-1.8969107,1.1701975
1746709147434,231935055,1.9152061,-2.3379264,0.9727068
1746709147451,231951722,1.9000752,-1.8220246,0.62607765
1746709147468,231968389,1.0634631,-0.042132415,-2.0467563
1746709147484,231985056,0.349086,0.0018187249,-2.5174913
1746709147501,232001723,0.27824602,-0.5010487,-1.0539694
1746709147518,232018390,0.72979796,-0.7939149,0.5226984
1746709147534,232035057,1.0325192,-1.2362928,0.62144756
1746709147551,232051724,0.48747125,-1.6184467,0.36307907
1746709147568,232068391,0.06543018,-1.8422399,0.23267365
1746709147584,232085058,0.09332057,-2.3961854,0.24300385
1746709147601,232101725,0.13232459,-2.4166615,0.4593048
1746709147618,232118392,0.52012104,-2.246901,1.2026024
1746709147634,232135059,1.0486176,-2.1432173,1.8421803
1746709147651,232151726,0.9792714,-2.121355,1.4334106
1746709147668,232168393,0.91366595,-1.9427979,1.2871523
1746709147684,232185060,0.7061936,-2.0111382,1.3896503
1746709147701,232201727,0.46801108,-1.9493043,1.5981588
1746709147718,232218394,0.2706668,-1.6011679,1.676898
1746709147734,232235061,0.41712144,-0.9315099,1.7289009
1746709147751,232251728,0.44124967,-0.6937306,2.302681
1746709147768,232268395,0.19528897,-0.9330986,3.450736
1746709147784,232285062,-0.13581732,-0.42924792,4.700367
1746709147801,232301729,0.03078511,0.7258918,4.454256
1746709147818,232318396,0.65480936,0.49887756,3.1526203
1746709147834,232335063,1.0710386,-0.50024366,2.1489468
1746709147851,232351730,1.065212,-0.8509543,0.7048168
1746709147868,232368397,0.93372786,-0.40223134,0.42210007
1746709147884,232385064,0.4124242,-1.0016136,-0.9880543
1746709147901,232401731,0.20543635,-1.7911893,0.019501686
1746709147918,232418398,0.26558715,-1.3281553,-0.71057224
1746709147934,232435065,0.31895602,-1.6891408,-1.1318331
1746709147951,232451732,0.52981883,-1.6376004,-1.1641588
1746709147968,232468399,0.6340925,-1.5702031,-0.9999962
1746709147984,232485066,0.58702916,-1.8082021,-0.9094181
1746709148001,232501733,0.5993576,-1.9261012,-0.73697376
1746709148018,232518400,0.70544004,-1.8655435,-0.37092018
1746709148034,232535067,0.7449691,-1.6915488,-0.2028513
1746709148051,232551734,0.655068,-1.716357,-0.141922
1746709148068,232568401,0.5518746,-1.7264023,0.08360481
1746709148084,232585068,0.43976572,-1.669644,-0.107393265
1746709148101,232601735,0.34443742,-1.5202893,-0.3358202
1746709148118,232618402,0.23702286,-1.2151338,-0.7404156
1746709148134,232635069,0.121836916,-1.1520119,-1.1309214
1746709148151,232651736,0.004543124,-1.0280029,-0.9188347
1746709148168,232668403,-0.10306171,-0.75667286,-0.602232
1746709148184,232685070,-0.15152597,-0.9211397,-0.75804424
1746709148201,232701737,-0.08761244,-1.0015097,-0.4810419
1746709148218,232718404,0.06259408,-0.9244134,-0.22030163
1746709148234,232735071,0.14429885,-0.7573396,-0.061699867
1746709148251,232751738,0.20075576,-0.6946055,-0.2406807
1746709148268,232768405,0.34265766,-0.6978716,-0.3917265
1746709148284,232785072,0.51550144,-0.7651527,-0.5656338
1746709148301,232801739,0.46571568,-0.9544132,-0.7598543
1746709148318,232818406,0.3506474,-1.0033759,-0.87471676
1746709148334,232835073,0.2776584,-1.0714834,-0.9706917
1746709148351,232851740,0.3020714,-1.2060647,-0.9053354
1746709148368,232868407,0.26247323,-1.3346088,-0.7301092
1746709148384,232885074,0.28697202,-1.3287029,-0.48817348
1746709148401,232901741,0.3873787,-1.316066,-0.41783047
1746709148418,232918408,0.4443249,-1.3544817,-0.49502373
1746709148434,232935075,0.45754933,-1.3184038,-0.58761024
1746709148451,232951742,0.46762034,-1.2555732,-0.698576
1746709148468,232968409,0.46436802,-1.1491199,-0.6904659
1746709148484,232985076,0.48672405,-1.157188,-0.683424
1746709148501,233001743,0.46870297,-1.0819918,-0.62021065
1746709148518,233018410,0.48335615,-1.070587,-0.6817627
1746709148534,233035077,0.44852072,-0.9485698,-0.61578465
1746709148551,233051744,0.41783276,-0.8421632,-0.6717901
1746709148568,233068411,0.44160601,-0.80503833,-0.59170055
1746709148584,233085078,0.40093303,-0.7784145,-0.5606756
1746709148601,233101745,0.3029826,-0.7164293,-0.565464
1746709148618,233118412,0.24468522,-0.8432677,-0.7970638
1746709148634,233135079,0.20404352,-1.0211368,-0.85219765
1746709148651,233151746,0.16004685,-1.1366385,-0.71781445
1746709148668,233168413,0.22502306,-1.2172033,-0.6416311
1746709148684,233185080,0.097240426,-1.2135775,-0.44878578
1746709148701,233201747,0.058175784,-1.206699,-0.2974968
1746709148718,233218414,0.07909084,-1.2842757,-0.32231808
1746709148734,233235081,0.013409101,-1.4310837,-0.3381176
1746709148751,233251748,-0.018732676,-1.8657889,-0.2863016
1746709148768,233268415,0.19152199,-2.2384918,-0.5648184
1746709148784,233285082,0.56767774,-3.149314,-0.10007954
1746709148801,233301749,1.1974038,-3.167615,0.5010948
1746709148818,233318416,1.5051055,-1.4656551,0.50780773
1746709148834,233335083,1.3048127,-0.25761288,1.2390356
1746709148851,233351750,0.40749618,-0.7749421,2.8875246
1746709148868,233368417,-0.058284692,-0.9592899,4.09391
1746709148884,233385084,0.25731862,-1.1555005,4.889288
1746709148901,233401751,0.37185693,-1.6239401,4.956949
1746709148918,233418418,0.7179026,-1.6839052,4.1488514
1746709148934,233435085,1.2442058,-0.7959426,2.595354
1746709148951,233451752,0.9348141,0.31575897,2.0119934
1746709148968,233468419,0.4729693,1.2196385,1.7430134
1746709148984,233485086,0.1796434,1.4623042,1.0267725
1746709149001,233501753,-0.06846616,0.90730613,1.1022205
1746709149018,233518420,-0.28270724,0.42286238,1.1467638
1746709149034,233535087,-0.36477035,0.36778075,0.9636793
1746709149051,233551754,-0.33334297,0.17038415,0.8493557
1746709149068,233568421,-0.27038956,0.16835532,0.7860031
1746709149084,233585088,-0.24268466,0.15971006,0.48020077
1746709149101,233601755,-0.16749536,-0.08265398,0.40881252
1746709149118,233618422,-0.13808641,-0.33587226,0.5926819
1746709149134,233635089,-0.15524685,-0.31813022,0.6122837
1746709149151,233651756,-0.14798279,-0.06378054,0.27270794
1746709149168,233668423,0.2530094,0.30964145,-0.056666374
1746709149184,233685090,-0.056247707,0.29931536,0.3719368
1746709149201,233701757,0.109297946,0.009972924,0.52421093
1746709149218,233718424,0.1263692,0.10159223,-0.060092926
1746709149234,233735091,0.15109286,0.19112436,-0.588644
1746709149251,233751758,0.17599119,0.0880042,-0.9545145
1746709149268,233768425,0.29971287,-0.0874186,-1.2745295
1746709149284,233785092,0.18548848,-0.093935564,-1.416872
1746709149301,233801759,-0.04015198,-0.1082547,-1.686265
1746709149318,233818426,-0.2569067,-0.102298975,-2.142264
1746709149334,233835093,-0.12670055,0.024874086,-2.7530222
1746709149351,233851760,0.14950827,0.39210945,-3.0402865
1746709149368,233868427,0.059710592,0.88469064,-3.490816
1746709149384,233885094,-0.2831697,1.0387691,-4.1121464
1746709149401,233901761,-0.13358766,1.2594087,-3.9956713
1746709149418,233918428,0.019421209,1.0976232,-3.6991014
1746709149434,233935095,0.17021501,1.3589014,-3.1181674
1746709149451,233951762,0.039558496,1.6256723,-2.5659099
1746709149468,233968429,-0.39354005,1.5941534,-1.9856529
1746709149484,233985096,-0.46145076,1.4794137,-1.1913929
1746709149501,234001763,-0.07758459,1.7065686,-0.9256048
1746709149518,234018430,-0.088709496,1.456777,-0.9117937
1746709149534,234035097,-0.1862243,1.6930012,-0.8155298
1746709149551,234051764,-0.29301363,2.1953936,-0.84707737
1746709149568,234068431,-0.39862752,2.4405947,-0.96184444
1746709149584,234085098,-0.3869918,2.614862,-1.0787277
1746709149601,234101765,-0.2693419,2.8328905,-1.0777483
1746709149618,234118432,-0.26320505,2.6542406,-0.8415432
1746709149634,234135099,-0.039010722,1.9487368,-0.22465229
1746709149651,234151766,0.28655636,1.0498323,0.51938057
1746709149668,234168433,0.2511224,0.604297,0.7429714
1746709149684,234185100,-0.14878933,0.69152695,-0.043294907
1746709149701,234201767,-0.4792547,0.9036421,-0.77400017
1746709149718,234218434,-0.47143644,0.8058422,-0.9315777
1746709149734,234235101,-0.41845524,0.7532123,-0.61561203
1746709149751,234251768,-0.33925164,0.560695,-0.33697128
1746709149768,234268435,-0.35579363,0.43547162,0.024226189
1746709149784,234285102,-0.27465966,0.47999027,0.27265263
1746709149801,234301769,-0.29959342,0.60831845,0.32159328
1746709149818,234318436,-0.24207482,0.6947261,0.38868523
1746709149834,234335103,-0.22043832,0.769942,0.26844788
1746709149851,234351770,-0.26850745,0.7718763,-0.09772873
1746709149868,234368437,-0.0883312,0.7869223,-0.1494379
1746709149884,234385104,-0.09390483,0.70740217,-0.024394989
1746709149901,234401771,-0.09363159,0.7505147,0.00096035004
1746709149918,234418438,-0.15903538,0.98720735,-0.2724409
1746709149934,234435105,-0.14494212,1.2283796,-0.73962975
1746709149951,234451772,-0.22294088,1.3462348,-1.0879831
1746709149968,234468439,-0.15237728,1.6753174,-1.0943575
1746709149984,234485106,-0.06113962,1.9433186,-1.0428629
1746709150001,234501773,-0.18013424,2.172182,-1.2035446
1746709150018,234518440,-0.37743002,2.3107402,-1.4047451
1746709150034,234535107,-0.4580749,2.3972025,-1.7906055
1746709150051,234551774,-0.6178388,2.2271504,-2.4693255
1746709150068,234568441,-0.5683913,1.9999124,-2.7136965
1746709150084,234585108,-0.56631017,1.6942323,-2.5149546
1746709150101,234601775,-0.5795893,1.3396884,-2.0732799
1746709150118,234618442,-0.5814247,0.8184913,-1.9804587
1746709150134,234635109,-0.27678826,0.84449476,-1.96033
1746709150151,234651776,-0.42500407,1.4545004,-1.9536681
1746709150168,234668443,-0.10373929,1.7801216,-1.5603428
1746709150184,234685110,0.16951233,1.5943506,-1.0914993
1746709150201,234701777,0.14212999,1.0684872,-0.90946484
1746709150218,234718444,0.30221847,0.9735196,-0.6926317
1746709150234,234735111,-0.050244037,1.3957372,-1.1864119
1746709150251,234751778,-0.37998766,1.1448504,-1.6117783
1746709150268,234768445,-0.19570872,0.8974586,-0.8273449
1746709150284,234785112,0.19936919,0.335235,0.4819355
1746709150301,234801779,0.5465893,-0.29080287,1.4551468
1746709150318,234818446,0.7106468,0.33706626,0.6254339
1746709150334,234835113,0.5187499,0.2269678,0.861907
1746709150351,234851780,0.2754206,0.17022568,0.9584236
1746709150368,234868447,-0.017014924,0.16362646,0.05779934
1746709150384,234885114,-0.0065981024,0.22955987,-1.0013561
1746709150401,234901781,0.0146878185,0.3319315,-1.2199192
1746709150418,234918448,0.008172304,0.026676495,-1.3506317
1746709150434,234935115,-0.20436695,0.056363486,-1.1371536
1746709150451,234951782,-0.45391032,0.053355895,-1.9743676
1746709150468,234968449,-0.9208261,0.22989157,-2.539318
1746709150484,234985116,-0.47612396,-0.33840254,-1.499876
1746709150501,235001783,-0.27838796,-0.33665845,-1.2687635
1746709150518,235018450,-0.85252637,-0.055341806,-1.1296968
1746709150534,235035117,-0.15392376,0.50392205,-0.36893845
1746709150551,235051784,0.77381414,1.1197528,0.18062782
1746709150568,235068451,1.6119157,1.219302,1.2106152
1746709150584,235085118,1.3310077,0.93204993,1.1520185
1746709150601,235101785,0.32518643,0.085310645,1.4529638
1746709150618,235118452,-0.27534473,-0.6182426,1.8824692
1746709150634,235135119,-0.6051282,-0.7312206,1.9309149
1746709150651,235151786,-0.4636649,-0.38373107,1.9181738
1746709150668,235168453,0.2608622,0.09754128,1.7889042
1746709150684,235185120,0.648357,0.45259273,1.18116
1746709150701,235201787,0.51091105,0.64002466,0.7628269
1746709150718,235218454,0.18180186,0.7161735,0.9671259
1746709150734,235235121,-0.1400056,0.6887255,1.7766562
1746709150751,235251788,-0.3614932,0.90305495,2.947301
1746709150768,235268455,-0.23262066,0.8586983,3.991187
1746709150784,235285122,0.1301669,0.75323063,4.366394
1746709150801,235301789,0.06463447,1.2914994,4.5899925
1746709150818,235318456,0.12591669,1.0695976,2.6944065
1746709150834,235335123,0.6981572,1.0383445,0.82135963
1746709150851,235351790,1.0478987,2.0506573,-0.74496365
1746709150868,235368457,0.6817099,0.9645477,-0.053531647
1746709150884,235385124,0.32487422,0.79678303,0.69437504
1746709150901,235401791,0.15735357,0.13207683,0.30736446
1746709150918,235418458,0.12435115,-0.29536924,-0.22757721
1746709150934,235435125,0.20373636,-0.8069038,-0.7578392
1746709150951,235451792,0.17024009,-1.2330052,-0.5564127
1746709150968,235468459,0.37418744,-1.4344654,-0.6534548
1746709150984,235485126,0.13219623,-1.3160094,-0.55570984
1746709151001,235501793,-0.067426875,-1.3104926,-0.45149422
1746709151018,235518460,0.47435674,-1.6663885,-0.58590126
1746709151034,235535127,0.70511615,-1.8192316,-0.27801037
1746709151051,235551794,0.3781367,-1.8295885,-0.0917511
1746709151068,235568461,0.33288077,-2.0266597,0.26885986
1746709151084,235585128,0.035286326,-2.4327328,-0.05092144
1746709151101,235601795,-0.30224946,-2.182924,-0.76395416
1746709151118,235618462,-0.0674825,-1.1443381,-0.8929033
1746709151134,235635129,0.044308595,-0.2792729,-1.1692791
1746709151151,235651796,-0.15662996,0.1383201,-1.1881752
1746709151168,235668463,-0.42421138,0.21717402,-0.9126568
1746709151184,235685130,-0.54215294,0.36444548,-0.6365576
1746709151201,235701797,-0.44794756,0.69439137,-0.6530466
1746709151218,235718464,-0.35496935,0.9043874,-0.9033518
1746709151234,235735131,-0.3477373,0.95564103,-0.9769516
1746709151251,235751798,-0.29975525,1.1255723,-0.7756119
1746709151268,235768465,-0.2413484,1.34429,-0.51815605
1746709151284,235785132,-0.22770105,1.5079092,-0.38678837
1746709151301,235801799,-0.21989006,1.5571116,-0.33764076
1746709151318,235818466,-0.19386284,1.4281638,-0.36675358
1746709151334,235835133,-0.21894051,1.1278605,-0.4151392
1746709151351,235851800,-0.14564668,0.9006963,-0.31877518
1746709151368,235868467,-0.04403053,0.6992319,-0.42556477
1746709151384,235885134,-0.08660394,0.6127743,-0.38314438
1746709151401,235901801,-0.15991046,0.4221855,-0.50129414
1746709151418,235918468,-0.12874797,0.41912714,-0.4000063
1746709151434,235935135,-0.105193146,0.516861,-0.4461937
1746709151451,235951802,-0.21201876,0.5302516,-0.703454
1746709151468,235968469,-0.25333753,0.43151802,-0.64803886
1746709151484,235985136,0.008586949,0.33849522,-0.5670252
1746709151501,236001803,0.23516877,0.09338852,-0.54030037
1746709151518,236018470,0.41643214,-0.19815642,-0.5247345
1746709151534,236035137,0.48475295,-0.04396606,-0.44922447
1746709151551,236051804,0.47291726,0.027237121,-0.5166416
1746709151568,236068471,0.3735343,-0.03995579,-0.62338066
1746709151584,236085138,0.25242835,-0.09949601,-0.7494898
1746709151601,236101805,0.1780235,-0.15203357,-0.8664465
1746709151618,236118472,0.05892658,-0.088689886,-0.731884
1746709151634,236135139,-0.060071398,-0.017368913,-0.5149822
1746709151651,236151806,-0.1091087,0.029826406,-0.5149088
1746709151668,236168473,-0.19267401,0.19859947,-0.5217562
1746709151684,236185140,-0.24349032,0.1402356,-0.35347748
1746709151701,236201807,-0.23796661,0.06078647,-0.4699421
1746709151718,236218474,-0.32045493,-0.04533692,-0.55733585
1746709151734,236235141,-0.3483437,-0.045143247,-0.47615337
1746709151751,236251808,-0.39780065,0.26360482,-0.26898098
1746709151768,236268475,-0.47416118,0.6080869,-0.4418726
1746709151784,236285142,-0.2984754,0.54814565,-0.56947994
1746709151801,236301809,0.056530617,0.15869766,-0.41296196
1746709151818,236318476,0.5123496,-0.28500864,-0.27256298
1746709151834,236335143,0.6682603,-0.40936017,-0.18572426
1746709151851,236351810,0.79877067,-0.8667066,-0.33456802
1746709151868,236368477,1.0864375,-2.1691995,0.2837639
1746709151884,236385144,1.1400622,-2.6110792,1.0189466
1746709151901,236401811,0.8460693,-1.5106595,1.1120844
1746709151918,236418478,0.41104457,-0.38624558,1.1350775
1746709151934,236435145,-0.18015686,0.33162886,1.4903898
1746709151951,236451812,-0.49361384,0.6783426,2.5683165
1746709151968,236468479,-0.5931657,0.60163474,2.7900734
1746709151984,236485146,-0.692998,0.21469939,3.0485487
1746709152001,236501813,-0.49953917,-0.2875501,4.0614357
1746709152018,236518480,-0.2157584,-0.22360638,4.3619995
1746709152034,236535147,-0.08892206,-0.047897484,3.9455338
1746709152051,236551814,-0.062420685,0.4174348,3.440467
1746709152068,236568481,0.008629612,0.9412385,2.90137
1746709152084,236585148,0.014247051,1.3399074,1.9311438
1746709152101,236601815,-0.036188535,1.3616706,1.3456697
1746709152118,236618482,-0.11754971,1.0031617,1.4109926
1746709152134,236635149,-0.19612814,0.8183138,1.5164423
1746709152151,236651816,-0.16962208,0.9152612,1.6822605
1746709152168,236668483,-0.33821812,1.3047262,1.29428
1746709152184,236685150,-0.3478513,1.6257689,0.65381527
1746709152201,236701817,-0.4374924,1.4391273,0.30150795
1746709152218,236718484,-0.488389,1.1337371,-0.359807
1746709152234,236735151,-0.4231915,0.37226263,-0.50206184
1746709152251,236751818,-0.4472199,0.02897443,-0.32976532
1746709152268,236768485,-0.4148966,0.20666187,-0.24085045
1746709152284,236785152,-0.6543674,0.6864,-0.5392065
1746709152301,236801819,-0.47123048,1.0258889,-0.8965225
1746709152318,236818486,-0.17069952,0.53716,-0.3908491
1746709152334,236835153,-0.13525383,-0.07161154,-0.5488596
1746709152351,236851820,0.22468305,-0.22406325,-0.7467489
1746709152368,236868487,0.38695747,-0.25270352,-0.9796915
1746709152384,236885154,0.5728758,0.12721285,-1.4556932
1746709152401,236901821,0.46701747,0.5919517,-1.7800379
1746709152418,236918488,-0.062195387,0.3929008,-2.5913386
1746709152434,236935155,-0.24825886,0.6371781,-2.8721375
1746709152451,236951822,-0.180692,0.55832833,-2.9037104
1746709152468,236968489,-0.046079487,0.7412031,-3.2094193
1746709152484,236985156,0.07433767,1.1728339,-3.073288
1746709152501,237001823,0.3973745,1.1813768,-3.0355449
1746709152518,237018490,0.121730685,1.3799816,-2.7716541
1746709152534,237035157,-0.34578493,1.6134604,-3.0222383
1746709152551,237051824,-1.1081756,1.8985987,-3.3302436
1746709152568,237068491,-1.8751575,1.8122196,-3.520163
1746709152584,237085158,-1.7601326,1.5352075,-3.074871
1746709152601,237101825,-0.5564915,1.9209707,-1.6904974
1746709152618,237118492,0.23509249,2.0217097,-0.35916233
1746709152634,237135159,0.5235726,1.7507882,0.3311882
1746709152651,237151826,0.6320162,2.0161557,0.21196651
1746709152668,237168493,0.17067069,2.155946,-0.20368958
1746709152684,237185160,-0.10011034,2.1582613,-0.6083393
1746709152701,237201827,-0.17946626,2.3215237,-0.7836447
1746709152718,237218494,-0.20170206,2.321925,-0.9324455
1746709152734,237235161,-0.19674985,2.4068031,-1.0656843
1746709152751,237251828,-0.19907483,2.58601,-1.1086187
1746709152768,237268495,-0.4719199,2.6022031,-1.0051813
1746709152784,237285162,-0.694985,2.2368014,-0.89830494
1746709152801,237301829,-0.8446949,1.5886861,-0.5872288
1746709152818,237318496,-0.8587388,1.3284086,-0.04763794
1746709152834,237335163,-0.6877134,1.5628574,0.020133972
1746709152851,237351830,-0.5320499,1.9695387,-0.6805105
1746709152868,237368497,-0.5422602,2.2436237,-1.3753338
1746709152884,237385164,-0.5243883,2.3081617,-1.2864704
1746709152901,237401831,-0.5291846,2.1251817,-0.6267357
1746709152918,237418498,-0.6522231,1.7881842,-0.14391994
1746709152934,237435165,-0.76186883,1.8090758,-0.062675476
1746709152951,237451832,-0.6018512,1.9994725,-0.24228859
1746709152968,237468499,-0.55086726,2.3087974,-0.6765337
1746709152984,237485166,-0.30547762,2.5165768,-0.7114773
1746709153001,237501833,-0.38054594,2.6984293,-0.5361881
1746709153018,237518500,-0.5307905,2.7203364,-0.52823925
1746709153034,237535167,-0.48675802,2.4487553,-0.40461826
1746709153051,237551834,-0.40904948,2.5994549,-1.046092
1746709153068,237568501,-0.6783228,2.9284253,-2.2869673
1746709153084,237585168,-0.87829405,2.8025799,-3.0504441
1746709153101,237601835,-0.87500936,2.5681117,-3.3583264
1746709153118,237618502,-0.5899833,2.229032,-3.3649244
1746709153134,237635169,-0.3989399,1.8668308,-3.076159
1746709153151,237651836,-0.35759944,1.4233805,-2.6637416
1746709153168,237668503,-0.44237953,0.98084366,-2.7327442
1746709153184,237685170,-0.29634777,0.93245125,-2.185588
1746709153201,237701837,0.07902446,0.94239444,-2.4695692
1746709153218,237718504,0.14557114,0.73442715,-2.6926122
1746709153234,237735171,-0.08674382,0.93782294,-2.206811
1746709153251,237751838,-0.12650912,0.6187518,-1.1552896
1746709153268,237768505,0.14962438,0.0037418304,-0.26967812
1746709153284,237785172,0.76453745,0.102953866,-0.13075733
1746709153301,237801839,0.745122,0.18710224,0.14402199
1746709153318,237818506,0.811476,-0.5540276,0.51234436
1746709153334,237835173,0.47504115,-1.0700464,0.3642006
1746709153351,237851840,0.22951874,-0.77652,-0.12192631
1746709153368,237868507,0.13293232,-0.6363497,-0.15443707
1746709153384,237885174,-0.06218734,-0.50130516,-0.5485611
1746709153401,237901841,-0.42291343,-0.12575264,-0.40591908
1746709153418,237918508,0.059161644,0.16567898,-0.13249111
1746709153434,237935175,0.20427933,0.6766651,-0.28234196
1746709153451,237951842,-0.10279082,0.68748784,-0.17157364
1746709153468,237968509,-0.23194565,0.4952466,-0.43572235
1746709153484,237985176,-0.2450577,0.35971037,-0.0096035
1746709153501,238001843,-0.054968204,0.6496976,0.2977419
1746709153518,238018510,0.020199982,1.1175952,-0.478158
1746709153534,238035177,-0.51697797,1.1251595,1.2028961
1746709153551,238051844,-0.103527404,0.9954916,1.1655989
1746709153568,238068511,0.22701071,1.0088705,0.8682909
1746709153584,238085178,0.3012464,1.0563287,0.6382742
1746709153601,238101845,0.31161842,1.1880214,0.60976696
1746709153618,238118512,0.28273675,1.3139741,0.46690464
1746709153634,238135179,0.10830823,1.1661601,0.6264086
1746709153651,238151846,-0.1374874,0.9402665,0.982461
1746709153668,238168513,-0.1211106,0.56463283,1.5975437
1746709153684,238185180,-0.21866128,0.12558411,2.4145517
1746709153701,238201847,-0.41986942,0.11247999,3.4502897
1746709153718,238218514,-0.44250658,0.8735814,4.3248196
1746709153734,238235181,-0.3559255,1.3925974,4.6546526
1746709153751,238251848,-0.16938628,1.5444647,4.437354
1746709153768,238268515,0.07613667,1.2127326,3.0966616
1746709153784,238285182,0.49035624,0.62012666,1.7670898
1746709153801,238301849,0.25347877,0.56493616,0.56341076
1746709153818,238318516,0.1069895,0.9573519,-0.16322994
1746709153834,238335183,0.13354486,0.5807538,-0.3128538
1746709153851,238351850,-0.08259927,-0.06188582,0.0757885
1746709153868,238368517,0.020949086,-0.28409693,-0.037459373
1746709153884,238385184,0.1085741,-0.6335262,-0.4861889
1746709153901,238401851,0.17060101,-0.75891966,-0.5133934
1746709153918,238418518,0.2530195,-0.51618475,-0.34978867
1746709153934,238435185,0.116491824,-0.26674303,-0.35326672
1746709153951,238451852,0.10564083,-0.1996886,-0.32747078
1746709153968,238468519,0.18298256,-0.12851067,-0.35311794
1746709153984,238485186,0.20410655,-0.09979373,-0.20081711
1746709154001,238501853,-0.08264255,-0.0049740574,-0.16462994
1746709154018,238518520,-0.33986562,-0.039797265,0.16968632
1746709154034,238535187,-0.36800858,-0.097166784,0.17398262
1746709154051,238551854,-0.35201165,-0.58744156,-0.24552822
1746709154068,238568521,-0.271779,-0.4896381,-0.35531712
1746709154084,238585188,-0.20283535,-0.7083628,-0.725749
1746709154101,238601855,-0.0076516587,-0.855539,-0.8439989
1746709154118,238618522,-0.18178082,-0.9604423,-1.1245079
1746709154134,238635189,-0.13298959,-0.5174219,-1.1117392
1746709154151,238651856,0.04139713,-0.06948431,-1.0581083
1746709154168,238668523,0.121017106,-0.03201633,-0.83994484
1746709154184,238685190,0.15095498,-0.007787303,-0.6937504
1746709154201,238701857,-0.08350761,0.024353916,-0.38671494
1746709154218,238718524,-0.087896176,0.19534262,-0.29391003
1746709154234,238735191,-0.16205154,0.33867002,-0.30968094
1746709154251,238751858,-0.2381435,0.52596414,-0.45802402
1746709154268,238768525,-0.26789522,0.6445879,-0.6004915
1746709154284,238785192,-0.21634921,0.77752405,-0.644742
1746709154301,238801859,-0.22678706,0.9348131,-0.6112881
1746709154318,238818526,-0.26371035,1.0768065,-0.6831541
1746709154334,238835193,-0.28117365,1.1349248,-0.68056583
1746709154351,238851860,-0.33691305,1.1290567,-0.54824257
1746709154368,238868527,-0.30890718,1.0951066,-0.38004875
1746709154384,238885194,-0.19478391,0.9921186,-0.31046772
1746709154401,238901861,-0.082174815,0.85743093,-0.24104118
1746709154418,238918528,-0.02021954,0.7693794,-0.24296379
1746709154434,238935195,0.030143768,0.7287096,-0.2688446
1746709154451,238951862,-0.053633723,0.611575,-0.33370113
1746709154468,238968529,-0.23133367,0.52361995,-0.42887402
1746709154484,238985196,-0.33830956,0.6024217,-0.5780077
1746709154501,239001863,-0.21436152,0.5712229,-0.7862921
1746709154518,239018530,-0.07319194,0.3782383,-0.91065407
1746709154534,239035197,-0.011151173,0.32878616,-0.71817684
1746709154551,239051864,0.03386928,0.2804486,-0.45958138
1746709154568,239068531,0.07074196,0.32547075,-0.3319254
1746709154584,239085198,0.097324304,0.25373784,-0.40232372
1746709154601,239101865,0.10772417,0.29392138,-0.387887
1746709154618,239118532,-0.057268992,0.25280702,-0.49311256
1746709154634,239135199,-0.13745597,0.16173978,-0.61321735
1746709154651,239151866,-0.10756659,0.20708872,-0.61794853
1746709154668,239168533,-0.12318738,0.10383881,-0.7120609
1746709154684,239185200,-0.15646823,0.0760685,-0.95015526
1746709154701,239201867,-0.21109097,0.13676736,-0.904233
1746709154718,239218534,-0.2582618,0.17563257,-0.83683395
1746709154734,239235201,-0.3176377,0.11264684,-0.7659788
1746709154751,239251868,-0.31894156,0.3811757,-0.3694868
1746709154768,239268535,-0.26372004,0.672677,-0.17452621
1746709154784,239285202,0.015658814,0.5384787,-0.20133114
1746709154801,239301869,0.35920653,0.35108766,-0.43085766
1746709154818,239318536,0.5185848,0.16076672,-0.529253
1746709154834,239335203,0.4953358,0.06193153,-0.42086124
1746709154851,239351870,0.34771883,-0.007062674,-0.4201088
1746709154868,239368537,0.13888967,-0.22907954,-0.5806341
1746709154884,239385204,-0.09989151,-0.64397377,-0.3277626
1746709154901,239401871,-0.1457909,-1.2097563,-0.105041504
1746709154918,239418538,0.016658867,-2.025819,0.38019657
1746709154935,239435205,-0.12352332,-2.541189,0.5151644
1746709154951,239451872,-0.31611237,-2.232976,0.587471
1746709154968,239468539,-0.08507211,-1.239381,1.0221376
1746709154985,239485206,0.59703785,-0.48151028,1.2186184
1746709155001,239501873,0.7493462,0.82271266,1.2959366
1746709155018,239518540,0.5385214,1.4606285,1.4022398
1746709155035,239535207,0.5913118,1.2292203,1.9372101
1746709155051,239551874,0.50070906,0.14934778,2.352088
1746709155068,239568541,0.17595722,-0.79206866,3.1871986
1746709155085,239585208,-0.336518,-1.0858003,3.8161335
1746709155101,239601875,-0.28839865,-0.3576252,3.776246
1746709155118,239618542,-0.32805353,0.41602936,3.7607431
1746709155135,239635209,-0.28852403,0.84836465,3.1719923
1746709155151,239651876,-0.20278314,1.2696099,2.3511677
1746709155168,239668543,-0.20677015,1.8237553,1.0293112
1746709155185,239685210,-0.21346147,1.655195,0.6382055
1746709155201,239701877,-0.052131716,1.3437302,0.6864748
1746709155218,239718544,0.026927834,1.2385924,1.0105362
1746709155235,239735211,-0.02886681,1.3856455,0.83354855
1746709155251,239751878,-0.10580544,1.5164074,0.6546011
1746709155268,239768545,-0.18367791,1.535357,0.46945763
1746709155285,239785212,-0.12099226,1.6919084,0.3063593
1746709155301,239801879,-0.19634652,1.5547184,0.16421318
1746709155318,239818546,-0.22016473,1.1650921,-0.016709328
1746709155335,239835213,-0.4054706,0.51904535,-0.08095646
1746709155351,239851880,-0.3636993,-0.05279577,0.38755322
1746709155368,239868547,-0.41653818,-0.06779952,0.37245178
1746709155385,239885214,-0.31844136,0.057972554,0.27890778
1746709155401,239901881,-0.18810414,0.21060173,0.17686367
1746709155418,239918548,-0.14786679,-0.06299534,0.4693594
1746709155435,239935215,0.03929883,-0.057563305,-0.007455826
1746709155451,239951882,0.18783548,-0.2002931,-0.7958193
1746709155468,239968549,0.2120806,0.08561329,-1.0871162
1746709155485,239985216,0.05685376,-0.09914364,-1.3934231
1746709155501,240001883,-0.24816073,0.14536321,-1.918592
1746709155518,240018550,-0.46117932,0.24418634,-2.4191003
1746709155535,240035217,-0.50128794,0.36461267,-2.5474534
1746709155551,240051884,-0.028411178,0.7679152,-2.7120018
1746709155568,240068551,0.26611817,1.0066425,-3.2074642
1746709155585,240085218,0.617451,1.1065956,-3.469932
1746709155601,240101885,0.9099271,1.421847,-3.6528897
1746709155618,240118552,0.24974924,1.6477746,-3.4699583
1746709155635,240135219,-0.6028214,1.8654752,-3.1885633
1746709155651,240151886,-1.298498,1.8127683,-2.7467246
1746709155668,240168553,-1.1922339,1.8793674,-2.4768906
1746709155685,240185220,-0.9072917,1.8869,-2.077703
1746709155701,240201887,-0.5841125,1.9706554,-1.4744797
1746709155718,240218554,-0.21780197,2.109778,-0.84210205
1746709155735,240235221,0.16876468,2.0904326,-0.3235445
1746709155751,240251888,0.413137,2.007707,-0.095817566
1746709155768,240268555,0.22843494,1.8198177,-0.08796215
1746709155785,240285222,-0.27717003,1.6780032,-0.16183758
1746709155801,240301889,-0.61004263,1.6496702,-0.39433956
1746709155818,240318556,-0.7736099,1.7541212,-0.47372055
1746709155835,240335223,-0.57454294,1.949425,-0.62796783
1746709155851,240351890,-0.51630634,2.1503901,-0.9734316
1746709155868,240368557,-0.6007348,2.2375078,-1.0854578
1746709155885,240385224,-0.47311434,2.1512477,-1.1110945
1746709155901,240401891,-0.5264013,1.8881491,-0.8690243
1746709155918,240418558,-0.6664508,1.4930726,-0.42942142
1746709155935,240435225,-0.756426,1.2064588,-0.12227821
1746709155951,240451892,-0.82264936,1.0814896,0.050164223
1746709155968,240468559,-0.7016114,1.3466249,-0.15277958
1746709155985,240485226,-0.7787901,1.5532298,-0.48256207
1746709156001,240501893,-0.67181134,1.515593,-0.43977547
1746709156018,240518560,-0.5548958,1.3092247,-0.17241383
1746709156035,240535227,-0.4044087,1.1813788,0.10122776
1746709156051,240551894,-0.17077105,1.3188903,0.14182186
1746709156068,240568561,-0.1597647,1.4696741,-0.12576294
1746709156085,240585228,-0.20476872,1.6327771,-0.3671713
1746709156101,240601895,-0.31387812,1.6769232,-0.5429201
1746709156118,240618562,-0.34235346,1.7509886,-0.66681385
1746709156135,240635229,-0.38938403,1.7771475,-0.7578354
1746709156151,240651896,-0.38600945,1.9167984,-0.79037285
1746709156168,240668563,-0.31223217,1.9997793,-0.7757063
1746709156185,240685230,-0.26816794,1.9924695,-0.6179333
1746709156201,240701897,-0.18011624,2.095619,-0.5048485
1746709156218,240718564,-0.2604515,2.1116555,-0.2292223
1746709156235,240735231,-0.5470911,2.2204816,-0.23319626
1746709156251,240751898,-0.7825972,2.617413,-1.2063379
1746709156268,240768565,-1.0129491,2.5790865,-1.4493904
1746709156285,240785232,-0.5738541,2.4743931,-1.4739599
1746709156301,240801899,-0.29889584,2.2576826,-1.6766415
1746709156318,240818566,-0.21962087,2.1224658,-1.7997141
1746709156335,240835233,-0.16746674,2.2358131,-1.7355118
1746709156351,240851900,-0.40900126,2.2606633,-2.6573296
1746709156368,240868567,-0.31425664,2.1628585,-3.7054133
1746709156385,240885234,-0.39888546,1.8339512,-4.319309
1746709156401,240901901,-0.59561104,1.5282078,-4.305451
1746709156418,240918568,-0.36305395,1.6137625,-3.6127772
1746709156435,240935235,-0.18889527,1.3361549,-2.4294605
1746709156451,240951902,0.035924006,0.883652,-1.2039261
1746709156468,240968569,-0.07074788,0.3793216,-0.84167004
1746709156485,240985236,-0.31565875,0.526137,-1.1013708
1746709156501,241001903,-0.41352734,0.7589729,-1.135704
1746709156518,241018570,0.10286502,0.016439155,-0.26386356
1746709156535,241035237,0.24319282,-1.1298327,1.4682903
1746709156551,241051904,0.35989845,-0.6915153,1.1823301
1746709156568,241068571,0.53560376,0.20288897,0.61896133
1746709156585,241085238,0.27899948,0.24143267,-0.23003006
1746709156601,241101905,0.49560356,0.06501679,-0.06735039
1746709156618,241118572,0.5687714,-0.117337376,-0.09293842
1746709156635,241135239,0.5034702,-0.6229467,0.36512947
1746709156651,241151906,0.31405738,-0.7540361,-0.05676174
1746709156668,241168573,-0.16554978,-0.6919953,-0.3631029
1746709156685,241185240,-0.40339428,0.018837672,-0.7234688
1746709156701,241201907,-0.10154987,0.20247413,-0.6007185
1746709156718,241218574,0.26990294,-0.19543593,0.2799902
1746709156735,241235241,0.20161259,-0.25457945,0.8672104
1746709156751,241251908,-0.082085356,0.43727046,0.6878395
1746709156768,241268575,-0.3845897,0.6411272,0.5448408
1746709156785,241285242,-0.60954887,0.570619,0.37501526
1746709156801,241301909,-0.25058115,0.40867153,0.19838333
1746709156818,241318576,0.29623055,0.20588002,0.22785854
1746709156835,241335243,0.3667101,0.33112997,0.68508434
1746709156851,241351910,-0.08131379,0.45242083,0.9489956
1746709156868,241368577,-0.39388525,0.33641717,1.1360626
1746709156885,241385244,-0.498664,0.18272653,1.1972389
1746709156901,241401911,-0.45838484,0.3054291,1.2620611
1746709156918,241418578,-0.31076816,0.510791,1.069088
1746709156935,241435245,-0.058370966,0.7026188,1.1484404
1746709156951,241451912,-0.23377074,0.81654,1.5154114
1746709156968,241468579,-0.46089065,0.92740107,2.1332045
1746709156985,241485246,-0.44834945,1.4663992,2.8166304
1746709157001,241501913,-0.07427101,1.8156348,3.2290134
1746709157018,241518580,0.04047775,1.7857845,3.6914759
1746709157035,241535247,0.15462033,2.128152,3.0418844
1746709157051,241551914,0.47415647,1.7033341,1.6944323
1746709157068,241568581,0.48149395,0.6160788,0.5808487
1746709157085,241585248,0.13288337,0.06888535,0.1960907
1746709157101,241601915,0.1230479,0.11399742,0.4619894
1746709157118,241618582,-0.05273302,-0.13738135,0.69667053
1746709157135,241635249,-0.23562776,-0.18481538,0.41612625
1746709157151,241651916,-0.2742358,-0.12109105,-0.3262396
1746709157168,241668583,-0.3047936,-0.39194193,-0.7961836
1746709157185,241685250,-0.12398934,-0.60626537,-0.634635
1746709157201,241701917,0.060967963,-0.6568701,-0.24741936
1746709157218,241718584,0.1364512,-0.6268124,-0.16881943
1746709157235,241735251,0.14689523,-0.3261309,-0.2555647
1746709157251,241751918,0.16393653,-0.26895538,-0.44775295
1746709157268,241768585,0.1577309,-0.2829274,-0.45646667
1746709157285,241785252,0.5906115,-0.44597265,-0.26178837
1746709157301,241801919,0.88651764,-0.52798146,-0.06270981
1746709157318,241818586,1.0106752,-0.6745021,0.12649632
1746709157335,241835253,0.86805975,-0.40376526,0.2465725
1746709157351,241851920,0.594617,-0.20224313,0.02501297
1746709157368,241868587,0.3395098,-0.10340324,-0.425416
1746709157385,241885254,0.051395856,-0.11594701,-0.77248
1746709157401,241901921,-0.24015786,-0.23407595,-1.3575153
1746709157418,241918588,-0.22693555,-0.09911827,-1.1485062
1746709157435,241935255,-0.3177501,-0.20342551,-0.8448496
1746709157451,241951922,-0.20667416,-0.20012166,-0.5513754
1746709157468,241968589,-0.18655886,-0.11322345,-0.3326893
1746709157485,241985256,-0.24600112,0.08548493,-0.30743885
1746709157501,242001923,-0.40249506,0.27449384,-0.35239697
1746709157518,242018590,-0.5599699,0.389726,-0.37481022
1746709157535,242035257,-0.6846736,0.55070263,-0.43058777
1746709157551,242051924,-0.6175586,0.7158908,-0.3719864
1746709157568,242068591,-0.4812229,0.5655083,-0.7208786
1746709157585,242085258,-0.31506303,0.44052112,-0.5473919
1746709157601,242101925,-0.23884058,0.44025946,-0.5148287
1746709157618,242118592,-0.2584274,0.52523214,-0.723753
1746709157635,242135259,-0.3540762,0.67603993,-0.81317043
1746709157651,242151926,-0.3874087,0.8759131,-0.8864107
1746709157668,242168593,-0.32748744,1.0442609,-0.7867079
1746709157685,242185260,-0.29363072,1.0576034,-0.43951035
1746709157701,242201927,-0.25123143,0.98226243,-0.32482815
1746709157718,242218594,-0.10602602,0.8659311,-0.4716711
1746709157735,242235261,0.070018,0.73293567,-0.4786396
1746709157751,242251928,0.087411165,0.5438842,-0.35436916
1746709157768,242268595,0.055884443,0.436783,-0.2576084
1746709157785,242285262,0.05636558,0.38524005,-0.4371786
1746709157801,242301929,0.12514125,0.27943572,-0.6545296
1746709157818,242318596,0.16822481,0.19835992,-0.6096554
1746709157835,242335263,0.19231418,0.19261101,-0.4762535
1746709157851,242351930,0.21327305,0.24034913,-0.4354334
1746709157868,242368597,0.1624714,0.30700025,-0.4722023
1746709157885,242385264,-0.10666566,0.26345432,-0.52136993
1746709157901,242401931,-0.26791677,0.28396058,-0.41177273
1746709157918,242418598,-0.37265736,0.34598264,-0.5070181
1746709157935,242435265,-0.4051957,0.28316924,-0.7288914
1746709157951,242451932,-0.34014496,0.12993082,-1.0112438
1746709157968,242468599,-0.14087717,-0.16899502,-1.3220873
1746709157985,242485266,0.032542147,-0.18410505,-1.3528576
1746709158001,242501933,0.05017461,-0.034814656,-1.4809914
1746709158018,242518600,0.11563032,-0.31330863,-1.3812971
1746709158035,242535267,0.07681277,-0.119035736,-0.5361967
1746709158051,242551934,0.13697095,-0.005493166,0.23655224
1746709158068,242568601,0.035168536,0.29633427,0.465703
1746709158085,242585268,-0.11787612,0.146558,-0.32171154
1746709158101,242601935,-0.11937891,-0.08086397,-0.44282532
1746709158118,242618602,-0.11385549,-0.4823393,-0.021715164
1746709158135,242635269,-0.046796907,-0.9385537,-0.024303436
1746709158151,242651936,0.28751454,-1.2000239,0.26246738
1746709158168,242668603,0.4695843,-1.7558763,0.34732723
1746709158185,242685270,0.42032713,-1.9973768,0.2527256
1746709158201,242701937,0.3470679,-1.2468013,0.2967577
1746709158218,242718604,0.48416606,-0.6457827,0.7383661
1746709158235,242735271,0.86547744,-0.060498364,1.2613516
1746709158251,242751938,0.786428,0.32244182,1.615344
1746709158268,242768605,0.26241952,0.4709997,1.9471874
1746709158285,242785272,-0.3846629,0.55792856,3.0992184
1746709158301,242801939,-0.6726481,0.37703395,4.53193
1746709158318,242818606,-0.6396124,0.0055779894,4.8612022
1746709158335,242835273,-0.17245008,0.091997035,5.070492
1746709158351,242851940,0.46695969,0.248303,4.1724405
1746709158368,242868607,0.56836414,-0.046258017,3.5843115
1746709158385,242885274,0.2717285,-0.022358,2.8625956
1746709158401,242901941,-0.10206641,0.3291986,2.0071058
1746709158418,242918608,-0.2919249,0.8113259,1.2574539
1746709158435,242935275,-0.29418182,1.1709806,0.78332806
1746709158451,242951942,-0.34007674,1.1398256,0.7072077
1746709158468,242968609,-0.29406852,0.88874364,0.84296227
1746709158485,242985276,-0.28551835,0.40167782,0.6983347
1746709158501,243001943,-0.35460564,0.06571594,0.45184994
1746709158518,243018610,-0.34896922,-0.08506143,0.33332348
1746709158535,243035277,-0.19002524,0.22585827,-0.11453533
1746709158551,243051944,-0.12258457,0.5468801,-0.7783766
1746709158568,243068611,-0.048746835,0.75654596,-1.3271465
1746709158585,243085278,0.044397496,0.8006022,-1.7128725
1746709158601,243101945,0.0032121048,0.7594313,-1.5023813
1746709158618,243118612,-0.05278046,0.8152253,-1.5636768
1746709158635,243135279,-0.08009229,0.7993114,-1.2957478
1746709158651,243151946,-0.30713934,0.18162462,-0.9717665
1746709158668,243168613,-0.55515575,-0.09846081,-1.2155619
1746709158685,243185280,-0.46018568,-0.22656032,-1.4361706
1746709158701,243201947,-0.49542552,-0.36132792,-1.5441694
1746709158718,243218614,-0.7114044,-0.36605543,-1.377799
1746709158735,243235281,-0.82323533,-0.09617852,-1.3481064
1746709158751,243251948,-0.61378056,0.53335893,-1.4573708
1746709158768,243268615,-0.28497377,0.88432544,-1.7509594
1746709158785,243285282,-0.28848583,1.0771954,-2.1941824
1746709158801,243301949,-0.58765924,1.1730627,-2.33459
1746709158818,243318616,-0.46388674,1.2077311,-2.0936608
1746709158835,243335283,0.16775508,1.273174,-2.0582724
1746709158851,243351950,0.62621635,1.1729646,-1.8828306
1746709158868,243368617,1.1160737,1.2482561,-1.9934778
1746709158885,243385284,1.3847907,1.8501642,-1.9451652
1746709158901,243401951,0.9458323,2.173465,-1.8050747
1746709158918,243418618,0.01465798,1.7922943,-1.4969692
1746709158935,243435285,-0.46699512,1.1536903,-1.0396233
1746709158951,243451952,-0.3458769,1.6416018,-0.9904537
1746709158968,243468619,-0.5548153,2.4391782,-1.9192696
1746709158985,243485286,-1.3161819,2.6737852,-3.1383033
1746709159001,243501953,-1.7118098,2.6249964,-3.3586373
1746709159018,243518620,-1.5712701,2.4754922,-2.4586153
1746709159035,243535287,-0.9574516,2.3926158,-0.9867821
1746709159051,243551954,-0.63039994,1.9324157,0.54031944
1746709159068,243568621,-0.38719106,1.9076811,0.98623943
1746709159085,243585288,-0.23401113,1.852044,0.46520424
1746709159101,243601955,-0.84797204,1.1657642,0.2936182
1746709159118,243618622,-0.35292494,1.4111651,0.2822914
1746709159135,243635289,-0.2616912,1.2559669,0.12399864
1746709159151,243651956,-0.11123346,1.4257782,-0.6039734
1746709159168,243668623,-0.1551547,1.4930449,-1.0553789
1746709159185,243685290,-0.2982719,1.3406342,-0.98472404
1746709159201,243701957,-0.3234076,1.1864524,-0.5797014
1746709159218,243718624,-0.27823126,1.0535809,-0.40015984
1746709159235,243735291,-0.18404739,0.8178878,0.23029423
1746709159251,243751958,-0.01728381,0.8764419,0.06909752
1746709159268,243768625,-0.06649209,0.92205954,-0.35830498
1746709159285,243785292,0.027377432,0.9346096,-0.20110226
1746709159301,243801959,0.102648884,0.901938,0.26044083
1746709159318,243818626,0.2016782,0.9425003,0.39958954
1746709159335,243835293,0.1539412,0.9870421,0.09161377
1746709159351,243851960,0.023520939,0.96695906,-0.37879848
1746709159368,243868627,-0.0688164,0.94145757,-0.53654003
1746709159385,243885294,-0.19415587,0.94603425,-0.39903545
1746709159401,243901961,-0.42227733,1.1597124,-0.25212765
1746709159418,243918628,-0.6656115,1.4028695,-0.06730461
1746709159435,243935295,-0.6938859,1.4787782,0.04458809
1746709159451,243951962,-0.57347476,1.283675,-0.011803627
1746709159468,243968629,-0.17279708,1.5156027,-0.333292
1746709159485,243985296,-0.24334392,1.7330189,-0.6619377
1746709159501,244001963,-0.28486982,1.8518504,-0.79704094
1746709159518,244018630,-0.36677873,1.7838949,-0.8833399
1746709159535,244035297,-0.3057351,1.8083606,-0.71618557
1746709159551,244051964,-0.07068106,2.0191786,-0.8348017
1746709159568,244068631,-0.21466966,1.9041972,-1.3921757
1746709159585,244085298,-0.3680569,1.792462,-1.3460846
1746709159601,244101965,-0.2674567,1.6951911,-1.2048197
1746709159618,244118632,-0.6091242,1.8188177,-1.5446768
1746709159635,244135299,-0.92359143,1.8091496,-2.260007
1746709159651,244151966,-0.8407637,1.7362363,-2.8272429
1746709159668,244168633,-0.5901551,1.4420452,-3.4998856
1746709159685,244185300,-0.7115895,1.6811583,-3.9746776
1746709159701,244201967,-0.7286113,1.6508971,-4.210264
1746709159718,244218634,-0.5501481,0.9087316,-3.886558
1746709159735,244235301,-0.50533456,0.22239573,-3.0169992
1746709159751,244251968,-0.48298132,0.8171075,-2.4680772
1746709159768,244268635,-0.53481865,1.7336484,-2.449102
1746709159785,244285302,-0.22270395,1.6241758,-1.6717825
1746709159801,244301969,0.37166607,1.321076,-0.9121628
1746709159818,244318636,0.44115323,0.73851764,-0.67537785
1746709159835,244335303,0.29975757,0.4391918,-0.68280315
1746709159851,244351970,-0.19416201,-0.3036388,-0.4083557
1746709159868,244368637,0.26414338,-1.239956,1.9087925
1746709159885,244385304,0.7019293,-0.9462173,2.1608086
1746709159901,244401971,0.44739303,0.23162425,0.9202728
1746709159918,244418638,-0.08297997,0.79969627,0.06882572
1746709159935,244435305,0.067326464,1.2651774,-0.40481377
1746709159951,244451972,0.29313567,0.53263515,0.19138145
1746709159968,244468639,0.24341075,-0.25154394,0.30395794
1746709159985,244485306,0.34152848,-0.9075869,0.8460932
1746709160001,244501973,0.42727005,-0.46284503,-0.109334946
1746709160018,244518640,0.34866187,0.20409818,-0.26447392
1746709160035,244535307,0.45845434,0.49239168,-0.26899242
1746709160051,244551974,0.18814382,-0.004015634,0.69384575
1746709160068,244568641,-0.14595842,-0.3754173,0.17730808
1746709160085,244585308,-0.163259,-0.2318929,0.25234985
1746709160101,244601975,-0.18437438,-0.034485143,1.2350674
1746709160118,244618642,-0.45646933,0.22657843,1.2495451
1746709160135,244635309,-0.5960537,0.32825962,1.283844
1746709160151,244651976,-0.660027,0.4704914,1.5003967
1746709160168,244668643,-0.67101973,0.8566715,1.3840942
1746709160185,244685310,-0.41925645,0.8099363,1.2341814
1746709160201,244701977,0.03381494,0.55136734,1.0444994
1746709160218,244718644,0.23939858,0.4458746,0.9668274
1746709160235,244735311,0.061666444,0.39091745,0.8746052
1746709160251,244751978,-0.31157237,0.58451813,0.88575554
1746709160268,244768645,-0.66539395,0.9910567,1.0547228
1746709160285,244785312,-0.57256675,1.0229348,1.4876938
1746709160301,244801979,-0.3993127,0.8799108,2.1963797
1746709160318,244818646,-0.40183908,0.7162694,3.407918
1746709160335,244835313,-0.01163575,1.0769031,3.7445736
1746709160351,244851980,0.6056644,1.0868196,2.7466393
1746709160368,244868647,1.0618241,0.28441644,1.8821898
1746709160385,244885314,1.1717985,0.37287402,0.63519096
1746709160401,244901981,1.0646071,1.0214832,0.20179081
1746709160418,244918648,0.72344935,0.9704825,-0.0023698807
1746709160435,244935315,0.39185745,0.18515947,0.14969826
1746709160451,244951982,0.31808195,0.21537854,0.051273346
1746709160468,244968649,0.17026266,0.09933933,-1.1860495
1746709160485,244985316,0.01903984,-0.17097087,-1.3401003
1746709160501,245001983,0.11921572,-0.3715765,-0.95140076
1746709160518,245018650,0.28260264,-0.7365808,-0.65204906
1746709160535,245035317,0.35261437,-1.1111348,-0.3488407
1746709160551,245051984,0.45612994,-1.0925729,-0.10492325
1746709160568,245068651,0.8309832,-1.3255652,-0.03038311
1746709160585,245085318,1.1020304,-1.3995059,0.029105186
1746709160601,245101985,0.91458595,-1.3777642,-0.22564602
1746709160618,245118652,0.7388231,-1.2694434,-0.2485447
1746709160635,245135319,0.44863555,-1.2260208,-0.29282856
1746709160651,245151986,0.05317496,-1.1049807,-0.42783833
1746709160668,245168653,-0.35308602,-1.1403966,-0.73457146
1746709160685,245185320,-0.3733584,-1.1997398,-1.031291
1746709160701,245201987,-0.33137244,-0.7864397,-0.9117842
1746709160718,245218654,-0.5823369,-0.5222108,-0.8809576
1746709160735,245235321,-0.9168184,-0.3333874,-0.51666355
1746709160751,245251988,-1.0804389,-0.08008167,-0.24170494
1746709160768,245268655,-1.1589808,0.0572914,-0.28908443
1746709160785,245285322,-1.152839,0.2480241,-0.5653305
1746709160801,245301989,-1.0767462,0.5035451,-0.7266464
1746709160818,245318656,-0.8762032,0.7678954,-0.5128889
1746709160835,245335323,-0.6592511,1.0401323,-0.17749596
1746709160851,245351990,-0.48527133,1.1990035,-0.04323101
1746709160868,245368657,-0.3239053,1.3241153,-0.22880745
1746709160885,245385324,-0.14972119,1.3150948,-0.43921852
1746709160901,245401991,-0.07515915,1.0112761,-0.6632452
1746709160918,245418658,-0.030909048,0.73199046,-0.75320244
1746709160935,245435325,0.00064020394,0.5569061,-0.53997135
1746709160951,245451992,0.0677124,0.4502805,-0.34675598
1746709160968,245468659,0.16111295,0.29961744,-0.36755276
1746709160985,245485326,0.1558159,0.23160015,-0.47349167
1746709161001,245501993,0.07354145,0.14416596,-0.62490654
1746709161018,245518660,0.06634835,0.08965747,-0.6360798
1746709161035,245535327,0.011484529,0.10892172,-0.52740765
1746709161051,245551994,-0.06254187,0.1382741,-0.33823395
1746709161068,245568661,-0.110804155,0.24210186,-0.35473156
1746709161085,245585328,-0.11346035,0.3269989,-0.47694778
1746709161101,245601995,-0.09001038,0.5239492,-0.4585266
1746709161118,245618662,-0.119021066,0.59557813,-0.33033276
1746709161135,245635329,-0.21358842,0.71869093,-0.19170189
1746709161151,245651996,-0.2203858,0.7357294,-0.33907127
1746709161168,245668663,-0.2197682,0.6105225,-0.57933426
1746709161185,245685330,-0.14486796,0.446716,-0.56054497
1746709161201,245701997,-0.10211363,0.42044783,-0.41825294
1746709161218,245718664,0.008875127,0.4555891,-0.48704815
1746709161235,245735331,0.14366606,0.35459045,-0.8058634
1746709161251,245751998,0.23278958,0.30436105,-0.9039459
1746709161268,245768665,0.19179368,0.32524353,-0.8471737
1746709161285,245785332,0.21280766,0.27387774,-0.6889324
1746709161301,245801999,0.13026746,0.24732827,-0.49076653
1746709161318,245818666,0.040299986,0.091172054,-0.37058735
1746709161335,245835333,-0.032705784,-0.06500595,-0.41864014
1746709161351,245852000,-0.2056717,-0.15215264,-0.5350218
1746709161368,245868667,-0.30623063,-0.2287745,-0.5945349
1746709161385,245885334,-0.21246013,-0.46442297,-0.5670452
1746709161401,245902001,-0.02448583,-0.67434174,-0.6303568
1746709161418,245918668,-0.055234186,-0.8384388,-0.93448925
1746709161435,245935335,-0.10689404,-0.721702,-0.88341904
1746709161451,245952002,-0.19927949,-0.53493077,-0.77290726
1746709161468,245968669,-0.40145475,0.010287519,-0.23076153
1746709161485,245985336,-0.38124856,0.17140393,-0.12609482
1746709161501,246002003,-0.24961798,0.36190692,0.1306591
1746709161518,246018670,0.022557514,0.16206701,-0.32486725
1746709161535,246035337,0.14586319,-0.013137756,-0.37480068
1746709161551,246052004,0.18515104,-0.012289413,-0.41557026
1746709161568,246068671,0.14447084,-0.2541179,-0.6012497
1746709161585,246085338,0.11629608,-0.80171347,-0.5026369
1746709161601,246102005,0.011702524,-1.3078277,-0.12038326
1746709161618,246118672,0.14279439,-1.4802254,-0.051755905
1746709161635,246135339,0.2819739,-1.5962499,-0.19129181
1746709161651,246152006,0.33298704,-2.3334417,0.12216759
1746709161668,246168673,0.41255602,-2.0516858,0.85049534
1746709161685,246185340,0.9468351,-0.17373706,1.4210777
1746709161701,246202007,1.0805371,0.039650977,2.3331661
1746709161718,246218674,0.56593883,0.3300607,3.4612951
1746709161735,246235341,-0.35679027,0.46789196,4.083967
1746709161751,246252008,-0.89902467,-0.2385728,4.935918
1746709161768,246268675,-0.5881471,-0.6348908,4.811371
1746709161785,246285342,-0.022346042,-0.37354445,4.3122196
1746709161801,246302009,0.26191404,-0.11498445,3.4551115
1746709161818,246318676,0.16731755,0.3476659,2.9435873
1746709161835,246335343,-0.117989026,0.6888808,2.0338306
1746709161851,246352010,-0.30923566,0.9893649,1.3299503
1746709161868,246368677,-0.3238041,1.2007205,1.1944513
1746709161885,246385344,-0.36358896,1.0545144,1.2466469
1746709161901,246402011,-0.35194552,0.84778064,1.2326603
1746709161918,246418678,-0.33189574,0.580342,0.99788857
1746709161935,246435345,-0.43162555,0.4621906,0.78458405
1746709161951,246452012,-0.37623456,0.46219796,0.59140396
1746709161968,246468679,-0.31328112,0.5385632,0.4845934
1746709161985,246485346,-0.37778908,0.72646874,-0.0056409836
1746709162001,246502013,-0.32149813,0.7038262,-0.43291664
1746709162018,246518680,-0.35352093,0.37892196,-1.0011978
1746709162035,246535347,-0.56617785,0.057913102,-0.82363605
1746709162051,246552014,-0.64248127,-0.080234,-1.0934496
1746709162068,246568681,-0.5334673,-0.10263804,-1.1130514
1746709162085,246585348,-0.32670218,-0.24199033,-1.0014734
1746709162101,246602015,-0.013363952,-0.27433333,-1.0922184
1746709162118,246618682,0.20697244,-0.2659194,-1.2285929
1746709162135,246635349,0.26277915,-0.3747854,-1.2926044
1746709162151,246652016,-0.102653354,-0.6543936,-1.6241236
1746709162168,246668683,-0.24879563,-0.54476357,-1.8880439
1746709162185,246685350,-0.105875626,-0.096095376,-1.8181176
1746709162201,246702017,-0.24576926,0.20950249,-2.2314672
1746709162218,246718684,-0.2806822,0.69543874,-2.5151339
1746709162235,246735351,-0.04437006,0.9319185,-3.0569906
1746709162251,246752018,0.3215863,1.5480255,-3.319141
1746709162268,246768685,0.08240906,1.6334115,-3.9320998
1746709162285,246785352,0.23860562,2.0131464,-4.2374873
1746709162301,246802019,0.27028802,2.4150474,-4.4336658
1746709162318,246818686,0.019446913,2.5447354,-3.9648175
1746709162335,246835353,-0.19485776,2.36063,-3.2282643
1746709162351,246852020,-0.2782181,1.9006594,-1.974235
1746709162368,246868687,-0.31640786,1.728154,-0.3013096
1746709162385,246885354,-0.43311447,1.1591762,0.9876232
1746709162401,246902021,-0.10255981,1.3564999,1.4208565
1746709162418,246918688,0.1550582,1.8518996,0.6904907
1746709162435,246935355,0.22233102,2.219335,-0.111198425
1746709162451,246952022,0.20768936,2.1271636,-0.30996895
1746709162468,246968689,0.07425011,1.8690238,-0.5015869
1746709162485,246985356,-0.2110483,1.8383013,-0.6224699
1746709162501,247002023,-0.2625221,1.7111356,-0.87939453
1746709162518,247018690,-0.21854214,1.6816273,-0.7597885
1746709162535,247035357,-0.21976621,1.3478405,-0.5482912
1746709162551,247052024,-0.11643505,1.0670935,-0.28457928
1746709162568,247068691,-0.17836401,0.7997231,-0.26369762
1746709162585,247085358,-0.23273969,0.8118091,-0.45649338
1746709162601,247102025,-0.24036527,0.85040534,-0.48437595
1746709162618,247118692,-0.06549612,0.91117203,-0.41984558
1746709162635,247135359,-0.03907666,0.9339786,-0.2791958
1746709162651,247152026,-0.04415409,0.9774789,-0.09796333
1746709162668,247168693,-0.15260805,0.82379276,0.055455208
1746709162685,247185360,-0.23082116,0.65693474,0.22716522
1746709162701,247202027,-0.20730782,0.54388076,0.27085114
1746709162718,247218694,-0.084886424,0.5665517,0.30292892
1746709162735,247235361,0.12921429,0.5461807,0.026885986
1746709162751,247252028,0.12107708,0.5325782,-0.26839733
1746709162768,247268695,0.06832344,0.4737241,-0.45945835
1746709162785,247285362,-0.036787663,0.4471287,-0.3690176
1746709162801,247302029,-0.023391077,0.43426064,-0.010469437
1746709162818,247318696,-0.08805103,0.4785437,0.23939419
1746709162835,247335363,-0.27252835,0.7265016,0.14060116
1746709162851,247352030,-0.39058933,0.8923406,-0.1880455
1746709162868,247368697,-0.40511253,1.05855,-0.31349564
1746709162885,247385364,-0.31356734,1.1749835,-0.20498848
1746709162901,247402031,-0.31958306,1.2784775,-0.15538979
1746709162918,247418698,-0.2686494,1.4926997,-0.30163574
1746709162935,247435365,-0.19979544,1.7194829,-0.49278164
1746709162951,247452032,-0.2416812,1.8250052,-0.6588783
1746709162968,247468699,-0.21455926,1.856906,-0.54928017
1746709162985,247485366,-0.09435778,1.7111387,-0.344532
1746709163001,247502033,-0.17983338,1.7429386,-0.20376301
1746709163018,247518700,-0.3000447,2.071964,-0.21792126
1746709163035,247535367,-0.40385103,2.5326815,-0.46273136
1746709163051,247552034,-0.514441,2.7613251,-0.64371204
1746709163068,247568701,-0.56179065,2.6691236,-0.5725002
1746709163085,247585368,-0.65488803,2.6328387,-0.6823473
1746709163101,247602035,-0.9475654,2.6409605,-1.0297098
1746709163118,247618702,-1.0936515,2.6284475,-1.2804012
1746709163135,247635369,-0.85028136,2.6149578,-1.881629
1746709163151,247652036,-0.8341565,2.5815554,-2.0534945
1746709163168,247668703,-0.78060067,2.2317393,-3.026445
1746709163185,247685370,-0.6348357,1.7133274,-3.9115443
1746709163201,247702037,-0.20247664,1.6395599,-4.289401
1746709163218,247718704,0.16694428,1.9391385,-4.2147446
1746709163235,247735371,0.24572305,1.7557786,-3.9491282
1746709163251,247752038,0.31451753,1.3563051,-3.072587
1746709163268,247768705,-0.22491327,1.0758333,-2.468174
1746709163285,247785372,-0.45449638,0.75409156,-1.3352127
1746709163301,247802039,-0.5550878,-0.15885244,-1.3159256
1746709163318,247818706,-0.8505259,0.0497256,-0.8891592
1746709163335,247835373,-0.17473404,0.124324836,-0.10386944
1746709163351,247852040,0.87013686,-0.68708307,0.85030365
1746709163368,247868707,1.0799357,-1.7880299,1.1864052
1746709163385,247885374,0.5403799,-2.0180504,1.0230122
1746709163401,247902041,-0.16503648,-0.48642722,-0.53180695
1746709163418,247918708,-0.27367318,-0.095798545,-0.49193764
1746709163435,247935375,0.019149138,-0.48047015,-0.13843632
1746709163451,247952042,-0.0427587,-0.5952978,-1.0189657
1746709163468,247968709,-0.5266078,-0.6859331,-2.093007
1746709163485,247985376,-0.9930638,-0.45417476,-2.715353
1746709163501,248002043,-0.42574045,-0.37757832,-2.445376
1746709163518,248018710,0.24607447,0.02760765,-0.9557295
1746709163535,248035377,0.502602,0.18866706,-0.25492954
1746709163551,248052044,0.32456684,-0.55159754,0.77495575
1746709163568,248068711,0.7489952,-0.3950491,1.9940796
1746709163585,248085378,1.1122643,-0.01632248,1.4585314
1746709163601,248102045,1.0292186,-0.1260014,1.0094767
1746709163618,248118712,0.52670234,-0.20797679,0.7122936
1746709163635,248135379,0.08831678,0.07097967,1.1565866
1746709163651,248152046,0.036370475,0.48272115,1.3525953
1746709163668,248168713,-0.15311229,0.7079641,1.4952412
1746709163685,248185380,-0.31455594,0.5794336,1.4125023
1746709163701,248202047,-0.065376535,0.6704309,2.0310144
1746709163718,248218714,0.15964492,0.57411873,2.6186943
1746709163735,248235381,0.072264194,0.31525162,2.9387255
1746709163751,248252048,-0.2555788,0.5270578,3.233532
1746709163768,248268715,0.07825099,0.5229148,3.9065924
1746709163785,248285382,0.20161349,0.5889318,4.139717
1746709163801,248302049,-0.15033706,1.0302533,4.137581
1746709163818,248318716,0.12249583,1.4110373,3.1722984
1746709163835,248335383,0.470476,0.65010756,1.6840334
1746709163851,248352050,0.24140607,-0.42525116,0.68857574
1746709163868,248368717,0.13068825,-0.16727039,0.11120224
1746709163885,248385384,0.14969087,-0.25627056,0.036654472
1746709163901,248402051,-0.29668254,-0.5548921,0.4929552
1746709163918,248418718,-0.55088264,-0.80926055,0.38393116
1746709163935,248435385,-0.3056744,-1.4420865,0.051333427
1746709163951,248452052,0.73234606,-1.7939521,-0.6486006
1746709163968,248468719,0.909286,-1.9500595,-0.81314564
1746709163985,248485386,0.8639719,-2.036822,-0.39527988
1746709164001,248502053,0.90675074,-2.0967197,-0.28914642
1746709164018,248518720,0.8401515,-1.9921459,-0.79322433
1746709164035,248535387,0.6481404,-1.8453802,-1.2969704
1746709164051,248552054,0.536357,-1.6911588,-1.1680136
1746709164068,248568721,0.47208452,-1.3364657,-0.8173313
1746709164085,248585388,0.09948548,-1.1831254,-0.6840849
1746709164101,248602055,-0.3438916,-0.6129834,-0.303298
1746709164118,248618722,-0.6534462,0.05137412,0.0040769577
1746709164135,248635389,-1.0126398,0.66616637,-0.0043907166
1746709164151,248652056,-1.0753973,1.3135544,-0.07628441
1746709164168,248668723,-1.0701716,1.454225,-0.46364307
1746709164185,248685390,-0.8760224,1.5586126,-0.41436768
1746709164201,248702057,-0.7950812,1.1335444,-0.84893036
1746709164218,248718724,-0.5726407,0.8896976,-0.84749985
1746709164235,248735391,-0.35671484,0.6821003,-0.8923645
1746709164251,248752058,-0.20923802,0.64909357,-0.7350645
1746709164268,248768725,-0.19028951,0.46294886,-0.83845425
1746709164285,248785392,-0.056337725,0.4673023,-0.7807541
1746709164301,248802059,0.11149413,0.31745082,-0.80485725
1746709164318,248818726,0.18622853,0.14584254,-0.77360535
1746709164335,248835393,0.22321571,-0.0378465,-0.57930374
1746709164351,248852060,0.28843883,-0.2315678,-0.49427986
1746709164368,248868727,0.34927034,-0.35039166,-0.5075655
1746709164385,248885394,0.337858,-0.35376486,-0.4033203
1746709164401,248902061,0.18018533,-0.19669934,-0.110322
1746709164418,248918728,0.01018434,-0.060241323,0.009414673
1746709164435,248935395,-0.11042485,0.16068514,-0.10107708
1746709164451,248952062,-0.21867865,0.37127486,-0.31139088
1746709164468,248968729,-0.33470735,0.6441202,-0.30378246
1746709164485,248985396,-0.45037657,0.906777,-0.38368988
1746709164501,249002063,-0.4586359,0.9682883,-0.5373125
1746709164518,249018730,-0.33157867,0.93555903,-0.54419327
1746709164535,249035397,-0.16537087,0.85416317,-0.52242565
1746709164551,249052064,-0.23402368,0.76529795,-0.59440804
1746709164568,249068731,-0.33062544,0.46928725,-0.825902
1746709164585,249085398,-0.10134318,0.12795278,-0.5883732
1746709164601,249102065,0.019851135,-0.15024194,-0.49139786
1746709164618,249118732,0.20074914,-0.35543898,-0.67503834
1746709164635,249135399,0.31776083,-0.51283365,-0.9597645
1746709164651,249152066,0.41419497,-0.59251755,-1.206008
1746709164668,249168733,0.37202072,-0.38762715,-1.0463171
1746709164685,249185400,0.27816525,-0.2956745,-0.83852005
1746709164701,249202067,0.03245573,-0.07518758,-0.50695896
1746709164718,249218734,-0.21452273,0.03317625,-0.7056532
1746709164735,249235401,-0.27934873,-0.019045316,-0.9022789
1746709164751,249252068,-0.34874138,-0.3649482,-1.1809702
1746709164768,249268735,-0.40334985,-0.38915622,-1.2083206
1746709164785,249285402,-0.3434479,-0.53475785,-1.2521791
1746709164801,249302069,-0.45052898,-0.3995954,-0.38389683
1746709164818,249318736,-0.59490126,-0.31730434,-0.3555374
1746709164835,249335403,-0.50441766,-0.503138,-0.09018326
1746709164851,249352070,-0.31617197,-0.7923305,0.085300446
1746709164868,249368737,0.23822352,-1.8233382,0.8907099
1746709164885,249385404,1.2166967,-3.3269408,1.3474112
1746709164901,249402071,1.4074968,-2.9325266,0.9920702
1746709164918,249418738,0.4961021,-2.058813,1.9026699
1746709164935,249435405,-0.016503973,-2.3780715,3.0407171
1746709164951,249452072,0.45110747,-2.1343262,3.520197
1746709164968,249468739,1.1703857,-1.3781961,3.6342545
1746709164985,249485406,0.98803747,-0.12782505,4.541774
1746709165001,249502073,0.8235851,0.17354842,4.8806744
1746709165018,249518740,0.86286306,0.2414892,4.398732
1746709165035,249535407,0.4308636,0.17145187,3.383685
1746709165051,249552074,-0.10421124,0.0992136,2.3954687
1746709165068,249568741,-0.34683746,0.16758643,1.5252066
1746709165085,249585408,-0.29814026,0.32874644,1.0311298
1746709165101,249602075,-0.31838894,0.55026096,0.82953167
1746709165118,249618742,-0.3381446,0.52632225,1.1424026
1746709165135,249635409,-0.15119466,0.39352852,1.6150599
1746709165151,249652076,-0.043924432,0.253961,1.5829401
1746709165168,249668743,0.05590953,0.18992656,1.2469578
1746709165185,249685410,0.24638169,0.25421044,1.0191422
1746709165201,249702077,0.3140669,0.36742467,0.57381153
1746709165218,249718744,0.20010321,0.38515753,0.06096363
1746709165235,249735411,0.109907694,0.3777436,-0.4194727
1746709165251,249752078,-0.11004705,0.28044418,-0.47561264
1746709165268,249768745,-0.23644921,0.16305025,-0.55425453
1746709165285,249785412,-0.4032663,-0.1500818,0.0015249252
1746709165301,249802079,-0.91638625,-0.2083675,-0.31507206
1746709165318,249818746,-0.9600684,-0.27558342,-0.7471571
1746709165335,249835413,-0.8487966,-0.33780095,-0.80623055
1746709165351,249852080,-0.518971,-0.23992865,-1.5733652
1746709165368,249868747,-0.37960422,0.050216656,-2.2959461
1746709165385,249885414,-0.1719036,0.11389706,-2.766522
1746709165401,249902081,-0.41186398,-0.19688585,-2.8791156
1746709165418,249918748,-0.07987638,-0.08075568,-2.695672
1746709165435,249935415,0.4829296,0.50142604,-2.250152
1746709165451,249952082,0.6132193,1.0370822,-2.3790574
1746709165468,249968749,0.5740503,1.0501431,-3.0466652
1746709165485,249985416,0.3647312,1.4157479,-3.3165336
1746709165501,250002083,0.24122915,1.8060741,-3.3429823
1746709165518,250018750,-0.042652138,1.819393,-3.3193731
1746709165535,250035417,-0.10816999,1.6013488,-2.937129
1746709165551,250052084,-0.0020134046,1.6643883,-2.0769892
1746709165568,250068751,-0.065484494,1.7717228,-1.6510439
1746709165585,250085418,-0.36117035,1.6014323,-1.1270151
1746709165601,250102085,-0.05329588,1.8115611,-0.6335964
1746709165618,250118752,-0.009594964,1.8827726,-0.587265
1746709165635,250135419,-0.45667118,1.9580061,-0.63991356
1746709165651,250152086,-0.6689307,1.9561679,-0.9133167
1746709165668,250168753,-0.52100635,1.832013,-1.1633091
1746709165685,250185420,-0.45329466,1.9052788,-1.0561237
1746709165701,250202087,-0.39512676,1.8959619,-0.35682964
1746709165718,250218754,-0.16782013,1.7662843,-0.027525902
1746709165735,250235421,0.018604102,1.6814504,0.17405033
1746709165751,250252088,0.08147383,1.6787356,0.03504753
1746709165768,250268755,-0.029476218,1.7717959,-0.31786728
1746709165785,250285422,-0.3953353,1.7768909,-0.8208828
1746709165801,250302089,-0.6468521,1.6259273,-1.1762476
1746709165818,250318756,-0.6709346,1.4510126,-0.97324276
1746709165835,250335423,-0.37973276,1.9142617,-1.4053774
1746709165851,250352090,-0.89260334,0.85320526,-0.3349762
1746709165868,250368757,0.028196607,0.95568085,0.36356735
1746709165885,250385424,-0.2363902,0.8983486,-0.0488739
1746709165901,250402091,-0.5615754,0.6966792,0.49910164
1746709165918,250418758,-0.24210723,1.128603,0.4525442
1746709165935,250435425,-0.42810667,1.3824741,-0.13783455
1746709165951,250452092,-0.3776418,1.563846,-0.46533203
1746709165968,250468759,-0.27756152,1.4452808,-0.40339565
1746709165985,250485426,-0.023871742,1.1932689,-0.18242359
1746709166001,250502093,0.22812459,1.0854384,-0.03306198
1746709166018,250518760,0.17056832,0.98765635,-0.13036728
1746709166035,250535427,0.023812959,0.90614253,-0.2853899
1746709166051,250552094,-0.11512549,0.74857795,-0.2775154
1746709166068,250568761,-0.22853887,0.67475164,-0.15691471
1746709166085,250585428,-0.17600058,0.71971464,-0.054736137
1746709166101,250602095,-0.16347738,0.8025248,-0.051477432
1746709166118,250618762,-0.24575384,1.0477376,-0.14060307
1746709166135,250635429,-0.2770165,1.3293355,-0.2620592
1746709166151,250652096,-0.3299589,1.222258,-0.4122753
1746709166168,250668763,-0.17379183,1.1846294,-0.30640602
1746709166185,250685430,-0.08917306,1.2831942,-0.18050575
1746709166201,250702097,-0.15260649,1.3896451,-0.21219826
1746709166218,250718764,-0.3054356,1.4914309,-0.37136555
1746709166235,250735431,-0.41282386,1.6166916,-0.5089588
1746709166251,250752098,-0.40721804,1.7610251,-0.3131323
1746709166268,250768765,-0.17324154,1.9619938,-0.053201675
1746709166285,250785432,-0.2104427,2.1071274,-0.2952404
1746709166301,250802099,-0.07266149,1.8831918,0.04685974
1746709166318,250818766,-0.01535087,1.9144795,-0.62360096
1746709166335,250835433,0.07135741,1.81281,-1.6754684
1746709166351,250852100,-0.06289218,1.4387879,-1.6178532
1746709166368,250868767,-0.19045249,1.0825438,-0.44190025
1746709166385,250885434,-0.2521035,1.2962902,-0.06739521
1746709166401,250902101,-0.29196504,2.026638,-0.8963909
1746709166418,250918768,-0.50399125,2.0193305,-2.2016988
1746709166435,250935435,-0.42324144,0.9743557,-3.2141895
1746709166451,250952102,-0.36165524,0.7272097,-2.775558
1746709166468,250968769,-0.5267654,0.68011683,-1.9778371
1746709166485,250985436,-0.88714886,0.78107363,-2.0915017
1746709166501,251002103,-0.5267529,0.6421914,-2.271552
1746709166518,251018770,-0.22858648,-0.014245822,-3.5864491
1746709166535,251035437,-0.10022578,-0.5011966,-4.5875263
1746709166551,251052104,0.31431788,-0.1332734,-3.9933486
1746709166568,251068771,0.45150098,0.2884037,-2.36311
1746709166585,251085438,0.4423222,-0.06442157,-0.7574444
1746709166601,251102105,0.3128609,-0.8539766,0.30499554
1746709166618,251118772,0.1325206,-1.3396177,0.37351608
1746709166635,251135439,0.10074042,-1.0723821,0.39317703
1746709166651,251152106,-0.12192162,-0.6598234,-0.18324661
1746709166668,251168773,-0.2271789,0.18265858,-1.2786732
1746709166685,251185440,0.42537454,0.57547545,-1.6167221
1746709166701,251202107,0.33020172,0.55101466,-1.3331451
1746709166718,251218774,-0.18957375,0.033108976,-0.65061474
1746709166735,251235441,-0.6846347,-0.2580694,0.20131397
1746709166751,251252108,-0.46495232,-0.12021622,0.8469839
1746709166768,251268775,0.20801993,0.8835693,0.6619463
1746709166785,251285442,0.75274223,1.453684,0.6090622
1746709166801,251302109,1.0523978,1.0675066,1.2459421
1746709166818,251318776,1.3426753,0.08404691,1.0073605
1746709166835,251335443,0.7621497,-0.63724124,-0.46845818
1746709166851,251352110,0.627007,-0.81181425,0.36785412
1746709166868,251368777,0.24816175,-0.3280048,0.23655415
1746709166885,251385444,-0.11535258,-0.038685624,0.36982155
1746709166901,251402111,-0.28817347,0.008556076,0.6311903
1746709166918,251418778,-0.10559467,0.03494603,0.8227501
1746709166935,251435445,-0.026354078,0.049065564,1.0820723
1746709166951,251452112,-0.2677503,0.069374174,1.6548815
1746709166968,251468779,-0.2895114,-0.091768384,2.3537683
1746709166985,251485446,-0.5389428,-0.24023463,3.1191626
1746709167001,251502113,-0.53260475,-0.17189242,4.5864773
1746709167018,251518780,-0.038774133,0.3448874,7.003235
1746709167035,251535447,-0.11711386,1.6700705,7.026743
1746709167051,251552114,-0.16533197,2.7199655,3.1188993
1746709167068,251568781,0.6491958,0.027996562,-0.19959164
1746709167085,251585448,0.34062582,0.07256494,0.55122757
1746709167101,251602115,0.18423977,0.48596433,0.8013048
1746709167118,251618782,0.24081348,0.2898687,0.93165207
1746709167135,251635449,0.26619878,-0.37337884,0.5426235
1746709167151,251652116,0.41147736,-0.96604615,-0.15374851
1746709167168,251668783,0.34396207,-1.798733,-1.0974693
1746709167185,251685450,0.15636179,-1.8570764,-1.3415804
1746709167201,251702117,0.94753534,-2.4257123,-0.5809736
1746709167218,251718784,1.1442736,-3.3750353,-0.24561405
1746709167235,251735451,0.7743445,-2.9576037,-0.20253468
1746709167251,251752118,0.82417405,-2.6914356,-0.69819355
1746709167268,251768785,0.11769491,-3.1160195,-1.1897421
1746709167285,251785452,-0.43110082,-2.9378948,-1.4427738
1746709167301,251802119,-0.45786098,-1.9962983,-0.78237534
1746709167318,251818786,-0.47934824,-1.3769739,-1.1414356
1746709167335,251835453,-0.58233374,-0.7054851,-0.14799595
1746709167351,251852120,-0.74700195,-0.12394408,0.057019234
1746709167368,251868787,-0.7914561,0.6124291,-0.16675663
1746709167385,251885454,-0.75100154,0.78472906,-0.8010216
1746709167401,251902121,-0.48582637,1.0791585,-0.8321953
1746709167418,251918788,-0.18532147,1.2972298,-0.6555128
1746709167435,251935455,0.0363795,1.5847571,-0.44004154
1746709167451,251952122,0.16673532,1.9026408,-0.2741537
1746709167468,251968789,0.18223609,1.7591503,-0.37063217
1746709167485,251985456,0.16594219,1.4579699,-0.49917603
1746709167501,252002123,0.017793754,0.91611767,-0.661273
1746709167518,252018790,-0.14321132,0.5034619,-0.56579876
1746709167535,252035457,0.00811542,0.33973125,-0.520751
1746709167551,252052124,0.26100895,0.009199961,-0.6869211
1746709167568,252068791,0.33408555,-0.2766622,-0.79340076
1746709167585,252085458,0.30036905,-0.506425,-0.84053993
1746709167601,252102125,0.120393045,-0.62949836,-0.580801
1746709167618,252118792,0.038011283,-0.6417782,-0.38782692
1746709167635,252135459,0.012009491,-0.53929865,-0.25436783
1746709167651,252152126,-0.052316394,-0.21349253,-0.18756104
1746709167668,252168793,-0.20936754,0.09213349,-0.15737057
1746709167685,252185460,-0.29918092,0.1882082,-0.41618443
1746709167701,252202127,-0.3037929,0.2199581,-0.46460533
1746709167718,252218794,-0.27970958,0.3398828,-0.6281948
1746709167735,252235461,-0.28191584,0.5443555,-0.52979374
1746709167751,252252128,-0.29561576,0.7743467,-0.4667015
1746709167768,252268795,-0.3149887,0.763545,-0.5227194
1746709167785,252285462,-0.33851376,0.8003797,-0.41373634
1746709167801,252302129,-0.26770726,0.85709673,-0.3814478
1746709167818,252318796,-0.19338869,0.7157976,-0.5248985
1746709167835,252335463,-0.08469814,0.4550726,-0.622282
1746709167851,252352130,0.061007388,0.216593,-0.4626236
1746709167868,252368797,0.1863603,-0.0031216936,-0.3426485
1746709167885,252385464,0.2683439,-0.105800584,-0.25457573
1746709167901,252402131,0.39386666,-0.35730687,-0.32345676
1746709167918,252418798,0.4750409,-0.56027323,-0.5524845
1746709167935,252435465,0.37973398,-0.62554103,-0.81214905
1746709167951,252452132,0.25912443,-0.49253416,-0.78992844
1746709167968,252468799,0.23711054,-0.40905854,-0.7413864
1746709167985,252485466,0.15328005,-0.28399652,-0.6447506
1746709168001,252502133,0.0797547,-0.25572783,-0.8427849
1746709168018,252518800,0.1274817,-0.15494332,-0.78411007
1746709168035,252535467,0.22672366,-0.074338175,-0.76643467
1746709168051,252552134,0.26960993,-0.24135505,-0.9636555
1746709168068,252568801,0.17794423,-0.23482975,-0.85810566
1746709168085,252585468,-0.08475158,-0.44942823,-0.6397047
1746709168101,252602135,-0.2448395,-0.60813516,-0.42741585
1746709168118,252618802,-0.5233665,-0.6008496,-0.02585888
1746709168135,252635469,-0.79559016,-0.92369735,0.06086731
1746709168151,252652136,-0.9805122,-1.0080285,-0.2032032
1746709168168,252668803,-0.7788952,-1.044736,-0.47120094
1746709168185,252685470,-0.57469404,-1.2815964,-0.14710522
1746709168201,252702137,-0.22834904,-1.689969,0.062457085
1746709168218,252718804,0.25111368,-1.9903388,-0.39960766
1746709168235,252735471,0.58646137,-2.2620137,-0.52547264
1746709168251,252752138,0.8118244,-2.2805815,0.11647606
1746709168268,252768805,1.0035344,-1.5369645,0.6913595
1746709168285,252785472,0.86347145,-0.39738402,1.962884
1746709168301,252802139,0.3835212,1.0876558,2.4396276
1746709168318,252818806,-0.025635371,1.2500858,2.7189407
1746709168335,252835473,0.035263415,1.1423783,3.243266
1746709168351,252852140,-0.095554136,0.42952374,3.5172815
1746709168368,252868807,-0.31356698,-0.31263474,3.5656185
1746709168385,252885474,-0.069624394,-0.6444656,3.6240568
1746709168401,252902141,0.0134479925,-0.33147573,3.3564959
1746709168418,252918808,0.007599217,0.07315691,2.7705145
1746709168435,252935475,0.114065364,0.21016945,2.1754827
1746709168451,252952142,0.20518233,0.32767087,1.6846085
1746709168468,252968809,0.25171036,0.27037087,1.317749
1746709168485,252985476,0.19487223,0.21165514,1.1725616
1746709168501,253002143,0.10731438,0.2550104,1.059411
1746709168518,253018810,-0.0014891551,0.3892762,1.1046658
1746709168535,253035477,-0.104333945,0.43134314,1.0419388
1746709168551,253052144,-0.11576876,0.30137527,0.7815161
1746709168568,253068811,-0.07488332,0.03843864,0.54401875
1746709168585,253085478,-0.015645906,-0.22267568,0.610981
1746709168601,253102145,0.033075895,-0.25923657,0.4485693
1746709168618,253118812,0.038453504,-0.19926247,0.12327576
1746709168635,253135479,0.090604216,-0.25894177,-0.06188488
1746709168651,253152146,0.043164935,-0.23511395,-0.3381977
1746709168668,253168813,-0.20442082,-0.15095775,-0.90650177
1746709168685,253185480,-0.27449784,-0.08127646,-1.3597527
1746709168701,253202147,-0.41621846,-0.19661944,-1.0849495
1746709168718,253218814,-0.59974515,-0.22548904,-1.1969376
1746709168735,253235481,-0.32309636,-0.03718183,-1.2284527
1746709168751,253252148,-0.08863875,-0.18990421,-1.1886749
1746709168768,253268815,-0.090829074,-0.25119346,-1.2781105
1746709168785,253285482,-0.10173762,-0.33286443,-1.5246229
1746709168801,253302149,-0.4948331,-0.27465898,-1.8857098
1746709168818,253318816,-0.5406697,-0.57025987,-1.8970947
1746709168835,253335483,-0.57987386,-0.13655345,-1.5819149
1746709168851,253352150,-0.49979565,0.39743823,-1.7935114
1746709168868,253368817,-0.33450446,0.766978,-2.0962687
1746709168885,253385484,-0.24196652,1.0282379,-2.441423
1746709168901,253402151,-0.21426454,1.2286332,-2.9639273
1746709168918,253418818,-0.104100935,1.3129822,-3.3222747
1746709168935,253435485,0.19406055,1.663625,-3.20583
1746709168951,253452152,0.43236727,1.6182231,-2.8766475
1746709168968,253468819,0.50834984,1.5633426,-2.5918484
1746709168985,253485486,0.26490042,1.5946884,-2.0872407
1746709169001,253502153,-0.24696058,1.7711743,-1.5047884
1746709169018,253518820,-0.3467828,1.0897714,-0.5173998
1746709169035,253535487,-0.19583803,1.2035482,0.43444538
1746709169051,253552154,-0.20897277,1.2514743,0.62029743
1746709169068,253568821,-0.031831708,1.5277399,0.098176
1746709169085,253585488,0.18810079,1.9676787,-0.67736626
1746709169101,253602155,0.44945416,2.226983,-1.2482023
1746709169118,253618822,0.3401676,2.3847501,-1.360734
1746709169135,253635489,0.12578146,2.313483,-1.2171526
1746709169151,253652156,-0.041580115,2.1843286,-0.76417637
1746709169168,253668823,0.046253324,1.8338478,-0.43416023
1746709169185,253685490,0.2106347,1.3389313,-0.16121674
1746709169201,253702157,0.31226715,0.9375146,0.18697357
1746709169218,253718824,0.29400024,0.891523,0.31959152
1746709169235,253735491,0.039021563,0.920075,-0.10906601
1746709169251,253752158,-0.0348127,1.2883179,-0.59227085
1746709169268,253768825,-0.13507168,1.3307935,-0.56107044
1746709169285,253785492,-0.21636814,1.1660436,-0.04019451
1746709169301,253802159,-0.24214801,1.0830405,0.18741512
1746709169318,253818826,-0.23374526,1.1680872,0.09602547
1746709169335,253835493,-0.2334851,1.3647023,-0.12115955
1746709169351,253852160,-0.27927607,1.4517046,-0.33506203
1746709169368,253868827,-0.2882689,1.4171271,-0.47853088
1746709169385,253885494,-0.1772014,1.481743,-0.4932127
1746709169401,253902161,-0.24208252,1.459073,-0.4940691
1746709169418,253918828,-0.21423392,1.5155278,-0.39833164
1746709169435,253935495,-0.10460686,1.5846612,-0.3083315
1746709169451,253952162,-0.107655354,1.7587321,-0.32618332
1746709169468,253968829,-0.0015042422,1.8998648,-0.58721447
1746709169485,253985496,-0.08143628,1.8590916,-0.98015594
1746709169501,254002163,-0.115990594,1.7056681,-1.3004141
1746709169518,254018830,-0.19776247,1.6328777,-1.3544607
1746709169535,254035497,-0.24747801,1.5710877,-1.2158327
1746709169551,254052164,-0.37137604,1.5428438,-0.8319769
1746709169568,254068831,-0.23558657,1.1919539,0.105436325
1746709169585,254085498,-0.37554377,1.4468347,-0.2771349
1746709169601,254102165,-0.46836603,1.7487978,-0.74587536
1746709169618,254118832,-0.38121083,1.6455547,-0.67455673
1746709169635,254135499,-0.25762528,1.5117456,-0.7282419
1746709169651,254152166,-0.10169214,1.3879976,-1.0877123
1746709169668,254168833,0.25875357,1.0338287,-1.9214754
1746709169685,254185500,0.2682076,0.9203432,-2.618672
1746709169701,254202167,0.24616443,0.89948606,-2.0545835
1746709169718,254218834,0.056349963,0.83706766,-1.3204031
1746709169735,254235501,-0.22236879,0.8495629,-1.4353981
1746709169751,254252168,-0.20545769,0.66483504,-2.4215264
1746709169768,254268835,-0.10842803,-0.15424316,-4.0700464
1746709169785,254285502,-0.2347009,-0.033523925,-4.5104055
1746709169801,254302169,-0.57625306,0.35923985,-3.8332639
1746709169818,254318836,-0.16019744,0.2721031,-2.5687642
1746709169835,254335503,0.2886414,-0.12852263,-0.6978903
1746709169851,254352170,0.5982496,-0.27146298,0.40189934
1746709169868,254368837,0.748348,-0.4198065,0.7646017
1746709169885,254385504,0.31184372,-1.0557681,0.33371735
1746709169901,254402171,0.23745503,-1.3135,0.97130394
1746709169918,254418838,0.089711174,-0.5027039,1.221981
1746709169935,254435505,0.073987484,0.6083187,0.8609514
1746709169951,254452172,-0.05951077,0.8081558,0.014532089
1746709169968,254468839,-0.35672948,0.69462484,-0.93014336
1746709169985,254485506,-0.91751385,0.056439035,-1.4224577
1746709170001,254502173,-0.7594125,-0.45930505,-1.4152498
1746709170018,254518840,0.20496517,-0.33310795,-1.3357182
1746709170035,254535507,1.4018567,0.008592062,-1.2191324
1746709170051,254552174,1.5949631,0.5155465,-0.86474323
1746709170068,254568841,0.80792177,0.875093,-0.45595455
1746709170085,254585508,-0.16806464,0.31117496,0.7970228
1746709170101,254602175,-0.111875944,0.1000102,1.2572985
1746709170118,254618842,-0.00636062,-0.269292,1.3840752
1746709170135,254635509,-0.014300023,-0.6551786,1.3962955
1746709170151,254652176,0.10605466,-1.108228,2.2650366
1746709170168,254668843,0.31850553,-0.8872472,2.7032108
1746709170185,254685510,0.13981898,-0.17185912,2.285489
1746709170201,254702177,-0.16131042,0.1505134,1.5923662
1746709170218,254718844,-0.44814962,0.24053615,1.3742971
1746709170235,254735511,-0.42465407,0.19048356,1.446208
1746709170251,254752178,-0.34058413,0.15983546,1.8689098
1746709170268,254768845,-0.21808025,0.43581003,2.847373
1746709170285,254785512,-0.08093024,0.9559421,3.6273375
1746709170301,254802179,0.05844372,1.0841208,4.092515
1746709170318,254818846,-0.1905743,1.2327428,3.3424168
1746709170335,254835513,0.05570222,0.47908616,1.9648228
1746709170351,254852180,0.25101858,-0.3849101,1.3340816
1746709170368,254868847,-0.05842595,0.118187055,0.30816555
1746709170385,254885514,0.20157102,-0.5368961,-0.22215366
1746709170401,254902181,-0.35475475,-0.58111703,0.76379967
1746709170418,254918848,-0.13364376,-0.21416152,0.28825283
1746709170435,254935515,-0.121362224,-0.55587137,-0.008682251
1746709170451,254952182,0.10810383,-1.0101753,-0.6099825
1746709170468,254968849,-0.408704,-1.52875,-0.64932346
1746709170485,254985516,-0.40433136,-1.3981795,-0.4662342
1746709170501,255002183,0.2724732,-1.7367674,-0.2617445
1746709170518,255018850,0.5825579,-2.2308629,-0.54615116
1746709170535,255035517,0.6305864,-2.128908,-0.706131
1746709170551,255052184,0.5802506,-2.103526,-0.663105
1746709170568,255068851,0.5680655,-2.3651724,-0.71563816
1746709170585,255085518,0.14081462,-2.479462,-0.5706129
1746709170601,255102185,-0.049613785,-1.8226683,-0.5789604
1746709170618,255118852,0.10592933,-1.2013036,-0.5685377
1746709170635,255135519,0.2889578,-0.7667736,-0.60144615
1746709170651,255152186,0.15425104,-0.28859502,-0.47724056
1746709170668,255168853,-0.07875401,0.22363712,-0.583622
1746709170685,255185520,-0.25132692,0.52516043,-0.68951035
1746709170701,255202187,-0.25980154,0.8441422,-0.75492287
1746709170718,255218854,-0.20500259,1.0970979,-0.89252853
1746709170735,255235521,-0.11555779,1.2243711,-0.9287548
1746709170751,255252188,-0.18973903,1.2784599,-0.6834526
1746709170768,255268855,-0.3689701,1.1608909,-0.41595554
1746709170785,255285522,-0.35692054,1.1390687,-0.2555294
1746709170801,255302189,-0.24300991,1.0598984,-0.30287743
1746709170818,255318856,-0.14343385,0.8114409,-0.2275486
1746709170835,255335523,0.014534013,0.38368982,-0.21786022
1746709170851,255352190,0.22540952,-0.05639802,-0.3024788
1746709170868,255368857,0.32988325,-0.41000244,-0.577158
1746709170885,255385524,0.33481315,-0.6276359,-0.7129183
1746709170901,255402191,0.2263784,-0.6676249,-0.76143456
1746709170918,255418858,0.084672265,-0.470592,-0.61086464
1746709170935,255435525,-0.09315785,-0.28513834,-0.4214487
1746709170951,255452192,-0.22419386,-0.22002672,-0.15943241
1746709170968,255468859,-0.2118632,-0.15531826,0.016745567
1746709170985,255485526,-0.087678544,0.010551041,-0.24737263
1746709171001,255502193,-0.039837945,0.40824497,-0.5432062
1746709171018,255518860,-0.06877505,0.66505265,-0.7437868
1746709171035,255535527,-0.08753485,0.623319,-0.8504238
1746709171051,255552194,-0.10739448,0.4071777,-0.80714035
1746709171068,255568861,-0.063998826,0.1575763,-0.7355099
1746709171085,255585528,-0.0013020748,0.008790094,-0.7262993
1746709171101,255602195,-0.010719737,-0.110326834,-0.51184845
1746709171118,255618862,0.024924181,-0.17779584,-0.5089779
1746709171135,255635529,0.19560242,-0.20726027,-0.7105427
1746709171151,255652196,0.25457048,-0.42715538,-1.0095348
1746709171168,255668863,0.28874436,-0.63135487,-0.9862728
1746709171185,255685530,0.31964928,-0.7482559,-1.0192795
1746709171201,255702197,0.124478415,-0.64160645,-1.1457081
1746709171218,255718864,0.13633832,-0.44755238,-1.0854235
1746709171235,255735531,0.13830356,-0.29753798,-0.7228174
1746709171251,255752198,0.06827779,-0.39455009,-0.754055
1746709171268,255768865,-0.039360184,-0.4627268,-0.5372639
1746709171285,255785532,-0.15406011,-0.83456475,-0.41757584
1746709171301,255802199,-0.3689277,-0.951845,-0.18400764
1746709171318,255818866,-0.49105686,-1.2016037,0.08868408
1746709171335,255835533,-0.32717705,-2.2007635,-0.1491499
1746709171351,255852200,-0.19947168,-3.5361588,0.40497875
1746709171368,255868867,0.20953256,-3.4203994,1.574853
1746709171385,255885534,1.2565091,-2.6237724,2.352826
1746709171401,255902201,2.0677419,-1.7304382,2.733614
1746709171418,255918868,1.5143234,-0.1215079,1.923954
1746709171435,255935535,0.29212674,0.6704153,2.3850412
1746709171451,255952202,-0.40288815,0.59078586,3.6797838
1746709171468,255968869,-0.47344178,-0.08325455,4.0647907
1746709171485,255985536,-0.18568495,-0.45629746,4.4663153
1746709171501,256002203,0.2907821,-0.3216964,4.2790365
1746709171518,256018870,0.3205864,-0.015543985,3.3748608
1746709171535,256035537,0.13142338,0.36823,2.8175774
1746709171551,256052204,-0.06858461,0.60551804,2.156087
1746709171568,256068871,-0.2325868,0.5591447,1.591363
1746709171585,256085538,-0.082183704,0.23365866,1.4814768
1746709171602,256102205,0.0937011,0.22677222,1.335207
1746709171618,256118872,0.20067295,0.4297535,1.0946188
1746709171635,256135539,0.056935456,0.5654938,0.9674301
1746709171652,256152206,-0.023139067,0.3163057,0.94975376
1746709171668,256168873,-0.12820223,-0.07833414,0.84424114
1746709171685,256185540,-0.16669317,-0.45982158,0.59163666
1746709171702,256202207,-0.07776664,-0.45378473,0.29019356
1746709171718,256218874,0.11490533,-0.23728605,-0.2857952
1746709171735,256235541,0.15697047,0.02890693,-0.8404207
1746709171752,256252208,0.20009226,0.33544356,-1.3546324
1746709171768,256268875,-0.010013827,0.4232526,-1.5851927
1746709171785,256285542,-0.18802458,0.08020427,-1.4116688
1746709171802,256302209,-0.7146416,-0.105707325,-1.7345352
1746709171818,256318876,-0.73310727,-0.49788314,-1.3000507
1746709171835,256335543,-0.65208226,-0.7569737,-0.9866972
1746709171852,256352210,-0.54772174,-0.8872689,-1.0887909
1746709171868,256368877,-0.2339508,-0.89026403,-1.5168085
1746709171885,256385544,-0.19611105,-0.7505916,-1.8486547
1746709171902,256402211,0.13868119,-0.6160768,-1.9302316
1746709171918,256418878,0.18870573,-0.43074924,-1.8901362
1746709171935,256435545,-0.15566358,-0.082177,-2.3727183
1746709171952,256452212,-0.5146462,0.06250004,-2.8508224
1746709171968,256468879,-0.021501612,0.6555062,-3.318841
1746709171985,256485546,0.075019605,1.309598,-3.9688306
1746709172002,256502213,-0.052587233,1.7858529,-4.7136517
1746709172018,256518880,0.0098815635,2.0787537,-4.3986773
1746709172035,256535547,0.116053686,1.9147121,-3.6511626
1746709172052,256552214,0.14248627,1.6923934,-2.4624753
1746709172068,256568881,0.17560273,1.3078995,-1.0657253
1746709172085,256585548,0.90457404,1.8531028,-0.27136326
1746709172102,256602215,0.31252688,1.7930511,0.1766653
1746709172118,256618882,-0.016178092,1.9289474,0.58956337
1746709172135,256635549,0.043176893,2.2392552,0.46569538
1746709172152,256652216,-0.31138974,2.3598263,0.30226135
1746709172168,256668883,-0.47784254,2.4380233,-0.059220314
1746709172185,256685550,-0.46250942,2.2249842,-0.35884666
1746709172202,256702217,-0.15916224,2.1075983,-0.5508089
1746709172218,256718884,-0.18200503,1.9577637,-0.48491383
1746709172235,256735551,-0.23327991,1.6847807,-0.36941242
1746709172252,256752218,-0.35342506,1.3527056,-0.32548237
1746709172268,256768885,-0.6696352,1.1412185,-0.4604063
1746709172285,256785552,-0.8134295,1.2240571,-0.8676739
1746709172302,256802219,-0.83010566,1.5567393,-1.1948309
1746709172318,256818886,-0.87071383,1.6524568,-1.183816
1746709172335,256835553,-0.8935047,1.4630126,-0.6744051
1746709172352,256852220,-0.90914875,1.0898333,-0.03674507
1746709172368,256868887,-0.84423906,0.843096,0.45468616
1746709172385,256885554,-0.58690846,0.8797899,0.6492233
1746709172402,256902221,-0.3967003,0.9811148,0.31776905
1746709172418,256918888,-0.31719965,1.0698193,-0.35659218
1746709172435,256935555,-0.13893029,0.95101166,-0.774806
1746709172452,256952222,0.11164919,0.78086597,-0.7960043
1746709172468,256968889,0.35012433,0.7827258,-0.62477875
1746709172485,256985556,0.41923016,0.8985655,-0.43858528
1746709172502,257002223,0.27707884,0.8800295,-0.26721382
1746709172518,257018890,0.22305319,0.6622852,0.040597916
1746709172535,257035557,0.2613023,0.4049878,0.34796906
1746709172552,257052224,0.4215272,0.42955503,0.65399075
1746709172568,257068891,0.2011059,0.52717495,0.66714
1746709172585,257085558,0.0804593,0.7748942,0.38781834
1746709172602,257102225,0.1371613,1.0265921,0.18726826
1746709172618,257118892,0.28543666,1.1035473,0.05354309
1746709172635,257135559,0.22791818,1.1313399,-0.36848354
1746709172652,257152226,0.10034525,1.1896842,-0.65904045
1746709172668,257168893,-0.13597354,1.121998,-0.9601717
1746709172685,257185560,-0.18744132,1.3356339,-1.4531794
1746709172702,257202227,-0.38393727,1.315045,-1.6494417
1746709172718,257218894,-0.27947825,1.4261765,-1.4900303
1746709172735,257235561,-0.18405062,1.39654,-1.0897751
1746709172752,257252228,-0.25547788,1.220903,-0.5136156
1746709172768,257268895,-0.22837448,0.9840093,0.5770626
1746709172785,257285562,-0.5726104,1.4641001,0.34216022
1746709172802,257302229,-0.87755644,1.9153113,-0.8376961
1746709172818,257318896,-0.8518072,2.2170584,-1.5174885
1746709172835,257335563,-0.42788863,2.312404,-2.232204
1746709172852,257352230,-0.14725044,1.6871151,-2.721859
1746709172868,257368897,0.09439126,0.58264375,-3.516807
1746709172885,257385564,0.37819487,0.13556787,-4.170039
1746709172902,257402231,0.61207175,0.5329395,-4.2398653
1746709172918,257418898,0.5806254,0.7443913,-3.8794436
1746709172935,257435565,0.35322556,0.34402522,-2.8151364
1746709172952,257452232,0.29433426,-0.42786303,-2.2065616
1746709172968,257468899,0.34397247,-0.12803246,-2.2149754
1746709172985,257485566,0.18553576,1.264053,-2.3961382
1746709173002,257502233,0.21697822,1.5456859,-2.2847824
1746709173018,257518900,0.6027158,1.1674314,-1.2226124
1746709173035,257535567,0.52040845,0.21724655,0.595603
1746709173052,257552234,1.1838276,-1.346889,1.9354992
1746709173068,257568901,0.9736638,-3.2341485,3.5014038
1746709173085,257585568,1.1428972,-1.5373064,1.5097027
1746709173102,257602235,0.6470148,0.19401886,0.7926073
1746709173118,257618902,0.15241426,1.0773308,-0.052319527
1746709173135,257635569,0.56217086,1.0784343,-0.6931591
1746709173152,257652236,0.5085657,0.4906438,-1.1059561
1746709173168,257668903,0.16729084,0.656943,-2.4363627
1746709173185,257685570,-0.5149973,0.3597906,-2.201468
1746709173202,257702237,-0.4893072,-0.19498332,-0.45205307
1746709173218,257718904,-0.33245876,-0.5053047,-0.58919525
1746709173235,257735571,-0.07354783,-0.3401277,-1.8338494
1746709173252,257752238,-0.5310108,-0.23162849,0.24233246
1746709173268,257768905,-0.8778448,-0.27520368,1.7695255
1746709173285,257785572,-1.2547264,-0.6371194,2.0712337
1746709173302,257802239,-0.6576822,-0.95444727,2.6104727
1746709173318,257818906,0.12985142,-0.8118022,2.335596
1746709173335,257835573,0.7466739,-0.49312523,1.4984465
1746709173352,257852240,0.87800896,-0.19944933,0.6435261
1746709173368,257868907,0.69020575,-0.20805502,0.9801817
1746709173385,257885574,0.30510825,-0.32430634,1.5705957
1746709173402,257902241,0.0989227,-0.19824414,1.5986366
1746709173418,257918908,-0.12210669,-0.080336146,1.9747381
1746709173435,257935575,-0.40107903,0.60306233,3.349412
1746709173452,257952242,-0.5790062,0.941515,4.9693155
1746709173468,257968909,-0.54633874,1.4230276,5.6541862
1746709173485,257985576,-0.62883234,2.0269582,5.107915
1746709173502,258002243,0.017694514,1.4603362,2.2128725
1746709173518,258018910,0.44617733,1.3210577,0.004210472
1746709173535,258035577,0.4779106,0.74200153,-0.72181034
1746709173552,258052244,-0.041204948,-0.9133331,0.58256626
1746709173568,258068911,-0.635967,-0.8273415,1.7242289
1746709173585,258085578,-0.29353642,-1.1645454,0.46967602
1746709173602,258102245,-0.64279824,-1.6674298,-0.52181816
1746709173618,258118912,0.61450094,-1.8190359,-1.2127666
1746709173635,258135579,1.2287146,-3.0003397,-0.62079716
1746709173652,258152246,1.1114855,-3.669271,-0.5792742
1746709173668,258168913,0.8250068,-3.053689,-0.77527714
1746709173685,258185580,0.5716483,-3.1190138,-1.234211
1746709173702,258202247,0.25586158,-3.534387,-1.4550142
1746709173718,258218914,-0.10865875,-3.3618982,-1.3770323
1746709173735,258235581,-0.27880704,-2.4551969,-1.2242832
1746709173752,258252248,-0.030456994,-1.7600889,-0.57788754
1746709173768,258268915,-0.03160364,-1.1005442,0.13067818
1746709173785,258285582,-0.24095233,0.12562256,0.43016243
1746709173802,258302249,-0.26333305,1.118167,-0.097070694
1746709173818,258318916,-0.31779385,1.6998018,-0.44903374
1746709173835,258335583,-0.3323242,1.9558662,-0.7010431
1746709173852,258352250,-0.10102461,1.8183422,-0.70307446
1746709173868,258368917,0.040760383,1.5997134,-0.7358799
1746709173885,258385584,0.1430448,1.3009787,-0.6262207
1746709173902,258402251,0.13398275,0.9992775,-0.45311546
1746709173918,258418918,0.12252352,0.7772843,-0.6664076
1746709173935,258435585,0.063475974,0.4573056,-0.86959934
1746709173952,258452252,0.011205012,0.16548106,-0.36217117
1746709173968,258468919,-0.04690098,-0.24182795,-0.19264889
1746709173985,258485586,-0.045331277,-0.53901815,-0.31802654
1746709174002,258502253,-0.09162399,-0.5894938,-0.6667576
1746709174018,258518920,-0.13482572,-0.45423555,-0.9782572
1746709174035,258535587,-0.22474591,-0.46717733,-0.8941984
1746709174052,258552254,-0.34971017,-0.33516645,-0.4055519
1746709174068,258568921,-0.3767733,-0.1906048,-0.018492699
1746709174085,258585588,-0.28266454,-0.052959718,0.08010578
1746709174102,258602255,-0.28573585,0.18937783,0.015498161
1746709174118,258618922,-0.26960936,0.5488915,-0.09531975
1746709174135,258635589,-0.18298684,0.8590881,-0.4128294
1746709174152,258652256,-0.14498277,0.96103036,-0.7931299
1746709174168,258668923,-0.20965926,0.7051494,-0.92550755
1746709174185,258685590,-0.28802043,0.3587677,-0.95585155
1746709174202,258702257,-0.19410008,0.095861465,-0.88590336
1746709174218,258718924,-0.0070187817,-0.11724484,-0.7467203
1746709174235,258735591,0.22953236,-0.28098568,-0.6508808
1746709174252,258752258,0.39985925,-0.23219906,-0.5274868
1746709174268,258768925,0.4537333,-0.28714418,-0.7331953
1746709174285,258785592,0.38505787,-0.22257935,-0.6040497
1746709174302,258802259,0.28613004,-0.33263326,-0.5131855
1746709174318,258818926,0.26835486,-0.40213904,-0.3906374
1746709174335,258835593,0.19962141,-0.5608937,-0.50794315
1746709174352,258852260,0.22148558,-0.7646814,-1.0749025
1746709174368,258868927,0.07677399,-0.85821116,-1.2418308
1746709174385,258885594,-0.114328496,-0.79709417,-1.3053675
1746709174402,258902261,-0.34705985,-0.77083075,-1.3591299
1746709174418,258918928,-0.41515672,-0.67034894,-0.7532797
1746709174435,258935595,-0.4731964,-0.64593774,-0.35032845
1746709174452,258952262,-0.33349067,-0.62017,0.031736374
1746709174468,258968929,-0.112049,-0.4300749,-0.07584572
1746709174485,258985596,0.15668504,-0.4651139,-0.23612022
1746709174502,259002263,0.3550922,-0.8623214,-0.19837475
1746709174518,259018930,0.41928354,-1.7631419,0.3573389
1746709174535,259035597,0.3085934,-2.7145667,1.0130777
1746709174552,259052264,0.16329287,-2.4854217,0.9464569
1746709174568,259068931,0.1414781,-1.8498611,1.2324152
1746709174585,259085598,0.24046597,-1.2782538,1.8516178
1746709174602,259102265,0.7960112,-0.3493447,2.3378134
1746709174618,259118932,1.0332028,-0.11005867,3.66084
1746709174635,259135599,0.6295106,-0.77673995,4.6856003
1746709174652,259152266,0.042559773,-1.2540747,4.6912174
1746709174668,259168933,-0.28282413,-1.3135881,4.744193
1746709174685,259185600,-0.20509034,-1.2314175,4.9296093
1746709174702,259202267,-0.22191216,-1.0047743,4.2509394
1746709174718,259218934,-0.18042256,-0.7940244,3.4188967
1746709174735,259235601,-0.07036735,-0.15926193,2.3631706
1746709174752,259252268,0.009270535,0.37646085,1.8266897
1746709174768,259268935,0.117931694,0.2546425,1.7590971
1746709174785,259285602,0.3474425,-0.042915605,1.6886854
1746709174802,259302269,0.4299617,-0.26739636,1.7717094
1746709174818,259318936,0.15114573,-0.4190289,1.7344007
1746709174835,259335603,0.06571616,-0.47370508,1.6975403
1746709174852,259352270,-0.05583555,-0.4788175,0.9907799
1746709174868,259368937,-0.21098942,-0.2979193,0.040797234
1746709174885,259385604,-0.31566992,-0.34843302,-0.280694
1746709174902,259402271,-0.40012965,-0.43659434,-0.522913
1746709174918,259418938,-0.22998376,-0.6865159,-0.6386175
1746709174935,259435605,-0.5698009,-0.6152365,-1.4375134
1746709174952,259452272,0.42470768,-0.7627241,-0.32047558
1746709174968,259468939,0.93402106,-0.5413931,-0.93295383
1746709174985,259485606,0.83979315,-0.5972095,-1.8585911
1746709175002,259502273,0.6599002,-0.5397486,-2.25042
1746709175018,259518940,0.7162764,-0.51193696,-2.640616
1746709175035,259535607,0.7805031,-0.25409612,-2.9588337
1746709175052,259552274,0.55992913,0.4575547,-3.4116735
1746709175068,259568941,0.073920146,1.219756,-4.100249
1746709175085,259585608,-0.49765813,1.3528229,-4.626726
1746709175102,259602275,-0.713881,1.9674245,-4.9145694
1746709175118,259618942,-0.9530253,2.4827483,-5.0794935
1746709175135,259635609,-1.2099862,2.8396847,-5.586655
1746709175152,259652276,-1.2499683,3.122352,-6.039429
1746709175168,259668943,-0.7480705,3.764904,-5.762745
1746709175185,259685610,-0.73443127,3.5628953,-4.976843
1746709175202,259702277,-0.7542791,3.183419,-3.648272
1746709175218,259718944,-0.05744691,2.937402,-1.506835
1746709175235,259735611,0.14662272,1.6065897,1.852107
1746709175252,259752278,0.10821022,0.6585389,4.345872
1746709175268,259768945,0.24354464,0.6092355,5.0878744
1746709175285,259785612,-0.1726119,1.08122,3.3301296
1746709175302,259802279,-0.5436766,1.5880373,0.9234171
1746709175318,259818946,-0.5548709,1.6186888,-0.5029907
1746709175335,259835613,-0.47920698,1.5464388,-1.2027636
1746709175352,259852280,-0.5545677,1.4454484,-1.553052
1746709175368,259868947,-0.49250835,1.4713798,-1.8851957
1746709175385,259885614,-0.24502641,1.65066,-2.2124767
1746709175402,259902281,-0.50143903,1.5488633,-2.1912374
1746709175418,259918948,-0.36760917,1.4712827,-1.4574347
1746709175435,259935615,-0.13621707,1.1385803,-0.26378822
1746709175452,259952282,0.041045137,0.7850401,0.79292965
1746709175468,259968949,0.14124969,0.39687675,1.4778214
1746709175485,259985616,-0.014928095,0.24121518,1.0164757
1746709175502,260002283,-0.10596973,0.45675185,0.21971703
1746709175518,260018950,-0.26297775,0.5968802,-0.3935175
1746709175535,260035617,-0.2065918,0.53613317,-0.34893036
1746709175552,260052284,-0.15382184,0.31290025,-0.15098381
1746709175568,260068951,-0.16789153,0.24951601,-0.0008869171
1746709175585,260085618,-0.23153819,0.549499,-0.2434969
1746709175602,260102285,-0.24189444,0.8403066,-0.68642807
1746709175618,260118952,-0.076798156,0.9377638,-0.7968092
1746709175635,260135619,0.10760383,0.90391815,-0.6897173
1746709175652,260152286,0.28145298,0.88048214,-0.5050068
1746709175668,260168953,0.29512426,0.7993002,-0.32215405
1746709175685,260185620,0.3469968,0.7248496,-0.1150198
1746709175702,260202287,0.31216893,0.6652805,0.015200615
1746709175718,260218954,0.15263432,0.6531355,0.14474869
1746709175735,260235621,0.114225626,0.7223076,0.21070194
1746709175752,260252288,0.10157524,0.7639282,0.21335983
1746709175768,260268955,0.087107696,0.8063574,0.07551956
1746709175785,260285622,0.06922085,0.93092406,0.069563866
1746709175802,260302289,-0.08774247,1.4239181,0.38579082
1746709175818,260318956,-0.1984263,1.5814054,0.17000961
1746709175835,260335623,-0.1784438,1.7115692,-0.36862755
1746709175852,260352290,-0.35078213,1.781478,-0.69789124
1746709175868,260368957,-0.24891298,1.8507874,-0.7528429
1746709175885,260385624,-0.09744271,1.8625687,-0.63638496
1746709175902,260402291,-0.14473805,1.629354,-1.0513849
1746709175918,260418958,-0.06549243,1.4091128,-1.3855515
1746709175935,260435625,-0.11836766,1.8026233,-2.2326903
1746709175952,260452292,-0.45918122,1.9794227,-2.6875372
1746709175968,260468959,-0.27456018,1.891478,-2.253985
1746709175985,260485626,-0.32507533,1.7101775,-2.108696
1746709176002,260502293,-0.27587476,1.7636231,-2.4732556
1746709176018,260518960,-0.3351197,1.5287883,-2.9898715
1746709176035,260535627,-0.25402772,0.77888477,-3.5408468
1746709176052,260552294,-0.042992607,0.2459503,-3.063521
1746709176068,260568961,0.2611397,0.61679965,-2.0333247
1746709176085,260585628,0.6151377,0.4093993,-1.3866396
1746709176102,260602295,0.46380213,-0.55598426,-1.2821045
1746709176118,260618962,0.56055516,-0.78348154,-2.065988
1746709176135,260635629,0.31980994,-0.027355304,-2.9458237
1746709176152,260652296,-0.33642063,0.5405616,-2.092123
1746709176168,260668963,-1.4985757,-0.017365392,-0.7347927
1746709176185,260685630,-2.1085436,-1.6918578,1.1812305
1746709176202,260702297,-1.7183057,-3.6944337,4.0110855
1746709176218,260718964,-0.6357473,-2.532394,1.533495
1746709176235,260735631,0.44421065,-0.16685107,-1.0830002
1746709176252,260752298,0.4994388,1.4369129,-1.2659969
1746709176268,260768965,0.40723535,1.6340142,-0.13079453
1746709176285,260785632,0.91273236,0.92370933,-0.21221542
1746709176302,260802299,1.2440947,-0.19101216,-0.058644295
