timestamp_ms,timestamp_μs,freeAcceleration_m/s²_x,freeAcceleration_m/s²_y,freeAcceleration_m/s²_z
1750940533121,114471525,0.03361663,-0.109440885,-0.019584656
1750940533121,114471525,0.03361663,-0.109440885,-0.019584656
1750940533138,114488192,-0.07846062,-0.071556665,-0.06708813
1750940533138,114488192,-0.07846062,-0.071556665,-0.06708813
1750940533154,114504859,-0.18100671,0.04722091,-0.06963158
1750940533154,114504859,-0.18100671,0.04722091,-0.06963158
1750940533171,114521526,-0.274131,0.11430609,-0.0894804
1750940533171,114521526,-0.274131,0.11430609,-0.0894804
1750940533188,114538193,-0.068516664,0.082381286,-0.12858486
1750940533188,114538193,-0.068516664,0.082381286,-0.12858486
1750940533204,114554860,0.13318896,0.01951961,-0.11744213
1750940533204,114554860,0.13318896,0.01951961,-0.11744213
1750940533221,114571527,0.22278744,0.019388743,-0.09261036
1750940533221,114571527,0.22278744,0.019388743,-0.09261036
1750940533238,114588194,0.31468242,-0.07539304,-0.05796051
1750940533238,114588194,0.31468242,-0.07539304,-0.05796051
1750940533254,114604861,0.0682579,-0.05457125,-0.11163521
1750940533254,114604861,0.0682579,-0.05457125,-0.11163521
1750940533271,114621528,0.1594988,-0.09436795,0.08443737
1750940533271,114621528,0.1594988,-0.09436795,0.08443737
1750940533288,114638195,0.33153397,-0.14242235,0.2429409
1750940533288,114638195,0.33153397,-0.14242235,0.2429409
1750940533304,114654862,0.26120016,-0.07247788,0.18584919
1750940533304,114654862,0.26120016,-0.07247788,0.18584919
1750940533321,114671529,0.23831336,0.1321317,0.10113716
1750940533321,114671529,0.23831336,0.1321317,0.10113716
1750940533338,114688196,0.51446474,0.33742735,0.076690674
1750940533338,114688196,0.51446474,0.33742735,0.076690674
1750940533354,114704863,0.3844589,0.3006029,-0.34824848
1750940533354,114704863,0.3844589,0.3006029,-0.34824848
1750940533371,114721530,0.3660829,0.18841718,-0.7651253
1750940533371,114721530,0.3660829,0.18841718,-0.7651253
1750940533388,114738197,0.96270674,0.3661415,-0.6230116
1750940533388,114738197,0.96270674,0.3661415,-0.6230116
1750940533404,114754864,2.0892253,0.6851193,0.17641163
1750940533404,114754864,2.0892253,0.6851193,0.17641163
1750940533421,114771531,2.5036123,1.115903,0.81573296
1750940533421,114771531,2.5036123,1.115903,0.81573296
1750940533438,114788198,2.3502204,1.398346,1.3924131
1750940533438,114788198,2.3502204,1.398346,1.3924131
1750940533454,114804865,2.3516314,1.9332641,2.3786097
1750940533454,114804865,2.3516314,1.9332641,2.3786097
1750940533471,114821532,3.4447546,2.4735746,3.0751343
1750940533471,114821532,3.4447546,2.4735746,3.0751343
1750940533488,114838199,2.3492742,1.301804,2.47023
1750940533488,114838199,2.3492742,1.301804,2.47023
1750940533504,114854866,2.1518438,0.88025147,2.3299818
1750940533504,114854866,2.1518438,0.88025147,2.3299818
1750940533521,114871533,1.7254912,0.11340757,2.0314732
1750940533521,114871533,1.7254912,0.11340757,2.0314732
1750940533538,114888200,2.2726119,-1.4282584,2.5217505
1750940533538,114888200,2.2726119,-1.4282584,2.5217505
1750940533554,114904867,3.417589,-1.3655223,0.97867393
1750940533554,114904867,3.417589,-1.3655223,0.97867393
1750940533571,114921534,4.2660832,0.64813393,0.04966736
1750940533571,114921534,4.2660832,0.64813393,0.04966736
1750940533588,114938201,3.9151642,2.6741912,-1.3019247
1750940533588,114938201,3.9151642,2.6741912,-1.3019247
1750940533604,114954868,4.7967954,2.563968,-2.1626039
1750940533604,114954868,4.7967954,2.563968,-2.1626039
1750940533621,114971535,6.057744,2.6210485,-3.5982685
1750940533621,114971535,6.057744,2.6210485,-3.5982685
1750940533638,114988202,5.0201015,3.364788,-3.6822963
1750940533638,114988202,5.0201015,3.364788,-3.6822963
1750940533654,115004869,4.5660663,3.9604735,-3.3734837
1750940533654,115004869,4.5660663,3.9604735,-3.3734837
1750940533671,115021536,4.7547784,4.1203613,-3.1624308
1750940533671,115021536,4.7547784,4.1203613,-3.1624308
1750940533688,115038203,4.616554,4.1399846,-2.6257486
1750940533688,115038203,4.616554,4.1399846,-2.6257486
1750940533704,115054870,4.2665906,4.2868114,-1.7522001
1750940533704,115054870,4.2665906,4.2868114,-1.7522001
1750940533721,115071537,3.7006419,4.3275785,-0.63784885
1750940533721,115071537,3.7006419,4.3275785,-0.63784885
1750940533738,115088204,2.9914725,4.211087,0.61928177
1750940533738,115088204,2.9914725,4.211087,0.61928177
1750940533754,115104871,2.4519403,3.5736008,2.0041838
1750940533754,115104871,2.4519403,3.5736008,2.0041838
1750940533771,115121538,1.4984487,2.5179381,3.088395
1750940533771,115121538,1.4984487,2.5179381,3.088395
1750940533788,115138205,-0.07974987,1.7603316,3.7228985
1750940533788,115138205,-0.07974987,1.7603316,3.7228985
1750940533804,115154872,-1.166982,0.5530877,4.0899734
1750940533804,115154872,-1.166982,0.5530877,4.0899734
1750940533821,115171539,-2.52485,-1.0422921,3.6059465
1750940533821,115171539,-2.52485,-1.0422921,3.6059465
1750940533838,115188206,-3.2365656,-2.4421628,3.161149
1750940533838,115188206,-3.2365656,-2.4421628,3.161149
1750940533854,115204873,-5.4213686,-4.698727,1.2307348
1750940533854,115204873,-5.4213686,-4.698727,1.2307348
1750940533871,115221540,-6.36342,-5.7240787,-0.6785612
1750940533871,115221540,-6.36342,-5.7240787,-0.6785612
1750940533888,115238207,-6.6977444,-3.8857017,-1.2947378
1750940533888,115238207,-6.6977444,-3.8857017,-1.2947378
1750940533904,115254874,-7.097941,-2.7253766,-2.6019516
1750940533904,115254874,-7.097941,-2.7253766,-2.6019516
1750940533921,115271541,-8.556699,-3.867032,-5.6183243
1750940533921,115271541,-8.556699,-3.867032,-5.6183243
1750940533938,115288208,-8.865478,-5.550353,-7.3445406
1750940533938,115288208,-8.865478,-5.550353,-7.3445406
1750940533954,115304875,-8.628804,-6.250942,-8.529453
1750940533954,115304875,-8.628804,-6.250942,-8.529453
1750940533971,115321542,-8.878389,-6.7756476,-9.527526
1750940533971,115321542,-8.878389,-6.7756476,-9.527526
1750940533988,115338209,-9.233366,-7.055047,-7.065489
1750940533988,115338209,-9.233366,-7.055047,-7.065489
1750940534004,115354876,-5.0912166,-2.139461,-4.1599255
1750940534004,115354876,-5.0912166,-2.139461,-4.1599255
1750940534021,115371543,4.9167457,5.5668573,11.863289
1750940534021,115371543,4.9167457,5.5668573,11.863289
1750940534038,115388210,-3.598922,0.6594677,-2.6733847
1750940534038,115388210,-3.598922,0.6594677,-2.6733847
1750940534054,115404877,-11.042142,0.14823669,2.4895048
1750940534054,115404877,-11.042142,0.14823669,2.4895048
1750940534071,115421544,-5.1958323,-5.731644,3.9189043
1750940534071,115421544,-5.1958323,-5.731644,3.9189043
1750940534088,115438211,-2.25159,-6.113044,0.8754368
1750940534088,115438211,-2.25159,-6.113044,0.8754368
1750940534104,115454878,-3.657935,-2.5546312,-0.11698723
1750940534104,115454878,-3.657935,-2.5546312,-0.11698723
1750940534121,115471545,-4.3392057,-1.8510176,-0.9850826
1750940534121,115471545,-4.3392057,-1.8510176,-0.9850826
1750940534138,115488212,-3.23032,-1.5934824,-0.18435669
1750940534138,115488212,-3.23032,-1.5934824,-0.18435669
1750940534154,115504879,-3.9518614,0.10997385,-0.17605972
1750940534154,115504879,-3.9518614,0.10997385,-0.17605972
1750940534171,115521546,-2.977118,-0.3612841,0.6083412
1750940534171,115521546,-2.977118,-0.3612841,0.6083412
1750940534188,115538213,-3.188324,0.30016604,1.4801712
1750940534188,115538213,-3.188324,0.30016604,1.4801712
1750940534204,115554880,-3.164919,1.0887544,0.8040304
1750940534204,115554880,-3.164919,1.0887544,0.8040304
1750940534221,115571547,-1.7671518,0.037022017,0.058267593
1750940534221,115571547,-1.7671518,0.037022017,0.058267593
1750940534238,115588214,-0.86038524,-0.49500385,0.1671896
1750940534238,115588214,-0.86038524,-0.49500385,0.1671896
1750940534254,115604881,-0.862877,-0.46308544,-0.38938332
1750940534254,115604881,-0.862877,-0.46308544,-0.38938332
1750940534271,115621548,-0.70303774,-0.6413373,-0.32587433
1750940534271,115621548,-0.70303774,-0.6413373,-0.32587433
1750940534288,115638215,-0.45272353,-1.0779233,0.06263924
1750940534288,115638215,-0.45272353,-1.0779233,0.06263924
1750940534304,115654882,-0.9516544,-0.81820667,0.22926903
1750940534304,115654882,-0.9516544,-0.81820667,0.22926903
1750940534321,115671549,-0.5885403,-0.19654165,0.19071007
1750940534321,115671549,-0.5885403,-0.19654165,0.19071007
1750940534338,115688216,-0.34047908,0.1673389,0.2807436
1750940534338,115688216,-0.34047908,0.1673389,0.2807436
1750940534354,115704883,-0.77107644,0.5770892,0.2731018
1750940534354,115704883,-0.77107644,0.5770892,0.2731018
1750940534371,115721550,-1.221085,0.15798834,-0.13300323
1750940534371,115721550,-1.221085,0.15798834,-0.13300323
1750940534388,115738217,-0.96014816,-0.25516003,-0.08057308
1750940534388,115738217,-0.96014816,-0.25516003,-0.08057308
1750940534404,115754884,-0.97110903,-0.49255428,0.2610922
1750940534404,115754884,-0.97110903,-0.49255428,0.2610922
1750940534421,115771551,-0.9699074,-0.5195002,0.15690231
1750940534421,115771551,-0.9699074,-0.5195002,0.15690231
1750940534438,115788218,-1.2519624,-0.2941101,0.05054283
1750940534438,115788218,-1.2519624,-0.2941101,0.05054283
1750940534454,115804885,-1.2555321,-0.24510074,0.01659298
1750940534454,115804885,-1.2555321,-0.24510074,0.01659298
1750940534471,115821552,-1.1975884,-0.08171466,-0.0086250305
1750940534471,115821552,-1.1975884,-0.08171466,-0.0086250305
1750940534488,115838219,-0.7357072,-0.24390203,-0.117853165
1750940534488,115838219,-0.7357072,-0.24390203,-0.117853165
1750940534504,115854886,-0.48464805,-0.20130873,-0.19443989
1750940534504,115854886,-0.48464805,-0.20130873,-0.19443989
1750940534521,115871553,-0.043364868,-0.10130166,-0.13606739
1750940534521,115871553,-0.043364868,-0.10130166,-0.13606739
1750940534538,115888220,0.28388408,-0.0021984733,0.047756195
1750940534538,115888220,0.28388408,-0.0021984733,0.047756195
1750940534554,115904887,0.48039484,0.050255213,0.25222206
1750940534554,115904887,0.48039484,0.050255213,0.25222206
1750940534571,115921554,0.3980122,0.33134523,0.548748
1750940534571,115921554,0.3980122,0.33134523,0.548748
1750940534588,115938221,0.48503453,0.70541114,0.8779259
1750940534588,115938221,0.48503453,0.70541114,0.8779259
1750940534604,115954888,0.28416514,1.1213855,0.834589
1750940534604,115954888,0.28416514,1.1213855,0.834589
1750940534621,115971555,-0.024688905,1.8625827,0.9165602
1750940534621,115971555,-0.024688905,1.8625827,0.9165602
1750940534638,115988222,0.6392169,2.2078245,1.6136045
1750940534638,115988222,0.6392169,2.2078245,1.6136045
1750940534654,116004889,1.9597095,2.4608488,2.3155622
1750940534654,116004889,1.9597095,2.4608488,2.3155622
1750940534671,116021556,2.4608412,3.058776,2.4602613
1750940534671,116021556,2.4608412,3.058776,2.4602613
1750940534688,116038223,2.5763512,4.1707,2.5361404
1750940534688,116038223,2.5763512,4.1707,2.5361404
1750940534704,116054890,3.9311838,5.1955223,2.787428
1750940534704,116054890,3.9311838,5.1955223,2.787428
1750940534721,116071557,6.0359735,6.70069,3.025138
1750940534721,116071557,6.0359735,6.70069,3.025138
1750940534738,116088224,8.489468,9.852221,3.7804155
1750940534738,116088224,8.489468,9.852221,3.7804155
1750940534754,116104891,11.49734,11.842049,2.1143093
1750940534754,116104891,11.49734,11.842049,2.1143093
1750940534771,116121558,11.955319,7.05484,3.8405151
1750940534771,116121558,11.955319,7.05484,3.8405151
1750940534788,116138225,12.37208,2.8828928,6.324404
1750940534788,116138225,12.37208,2.8828928,6.324404
1750940534804,116154892,9.629783,4.4374456,4.0911474
1750940534804,116154892,9.629783,4.4374456,4.0911474
1750940534821,116171559,5.293813,8.79752,1.283081
1750940534821,116171559,5.293813,8.79752,1.283081
1750940534838,116188226,4.0468845,6.4945445,0.36179733
1750940534838,116188226,4.0468845,6.4945445,0.36179733
1750940534854,116204893,3.8983855,0.95665604,-0.5368576
1750940534854,116204893,3.8983855,0.95665604,-0.5368576
1750940534871,116221560,10.860861,-1.1540573,-2.0607195
1750940534871,116221560,10.860861,-1.1540573,-2.0607195
1750940534888,116238227,7.728169,0.51214784,-6.982177
1750940534888,116238227,7.728169,0.51214784,-6.982177
1750940534904,116254894,4.837998,2.576904,-8.115338
1750940534904,116254894,4.837998,2.576904,-8.115338
1750940534921,116271561,4.0562997,3.0162716,-7.987665
1750940534921,116271561,4.0562997,3.0162716,-7.987665
1750940534938,116288228,3.4689646,2.2569745,-7.3307714
1750940534938,116288228,3.4689646,2.2569745,-7.3307714
1750940534954,116304895,3.6736386,0.8009083,-6.320359
1750940534954,116304895,3.6736386,0.8009083,-6.320359
1750940534971,116321562,3.9104218,0.5002268,-5.4842777
1750940534971,116321562,3.9104218,0.5002268,-5.4842777
1750940534988,116338229,4.563587,1.1309655,-4.7789674
1750940534988,116338229,4.563587,1.1309655,-4.7789674
1750940535004,116354896,4.712234,1.9383004,-4.0069075
1750940535004,116354896,4.712234,1.9383004,-4.0069075
1750940535021,116371563,3.7825232,2.5978916,-2.7725039
1750940535021,116371563,3.7825232,2.5978916,-2.7725039
1750940535038,116388230,2.1400025,2.9199789,-1.2235136
1750940535038,116388230,2.1400025,2.9199789,-1.2235136
1750940535054,116404897,0.8693179,2.7907844,0.64574337
1750940535054,116404897,0.8693179,2.7907844,0.64574337
1750940535071,116421564,0.62916046,1.9744799,2.6656933
1750940535071,116421564,0.62916046,1.9744799,2.6656933
1750940535088,116438231,-0.57176363,1.2603511,4.326603
1750940535088,116438231,-0.57176363,1.2603511,4.326603
1750940535104,116454898,-1.7225885,-0.37352344,5.4907675
1750940535104,116454898,-1.7225885,-0.37352344,5.4907675
1750940535121,116471565,-3.882999,-2.2809594,6.88912
1750940535121,116471565,-3.882999,-2.2809594,6.88912
1750940535138,116488232,-9.148699,-3.3581724,9.331078
1750940535138,116488232,-9.148699,-3.3581724,9.331078
1750940535154,116504899,-14.134719,-7.3912325,9.899979
1750940535154,116504899,-14.134719,-7.3912325,9.899979
1750940535171,116521566,-12.113136,-16.70241,5.770829
1750940535171,116521566,-12.113136,-16.70241,5.770829
1750940535188,116538233,-13.996283,-18.516472,-1.1616278
1750940535188,116538233,-13.996283,-18.516472,-1.1616278
1750940535204,116554900,-29.55964,-7.867007,-16.83292
1750940535204,116554900,-29.55964,-7.867007,-16.83292
1750940535221,116571567,-24.84317,-10.417805,-21.712486
1750940535221,116571567,-24.84317,-10.417805,-21.712486
1750940535238,116588234,-14.782699,-13.975781,-15.669909
1750940535238,116588234,-14.782699,-13.975781,-15.669909
1750940535254,116604901,-8.259897,-12.273122,-6.103593
1750940535254,116604901,-8.259897,-12.273122,-6.103593
1750940535271,116621568,9.657739,1.8755683,17.194067
1750940535271,116621568,9.657739,1.8755683,17.194067
1750940535288,116638235,-4.9900203,0.85952735,-2.9477053
1750940535288,116638235,-4.9900203,0.85952735,-2.9477053
1750940535304,116654902,-15.220554,0.18445385,5.6426115
1750940535304,116654902,-15.220554,0.18445385,5.6426115
1750940535321,116671569,-10.031871,-4.788302,4.427394
1750940535321,116671569,-10.031871,-4.788302,4.427394
1750940535338,116688236,-2.577822,-10.0070505,1.2419062
1750940535338,116688236,-2.577822,-10.0070505,1.2419062
1750940535354,116704903,-4.652944,-5.0246964,1.3574572
1750940535354,116704903,-4.652944,-5.0246964,1.3574572
1750940535371,116721570,-6.8306327,-0.27253023,-0.09499645
1750940535371,116721570,-6.8306327,-0.27253023,-0.09499645
1750940535388,116738237,-4.3733697,-0.8012336,-0.72302437
1750940535388,116738237,-4.3733697,-0.8012336,-0.72302437
1750940535404,116754904,-4.5610723,-0.27185446,0.16721058
1750940535404,116754904,-4.5610723,-0.27185446,0.16721058
1750940535421,116771571,-2.9879541,-0.68888223,1.1615353
1750940535421,116771571,-2.9879541,-0.68888223,1.1615353
1750940535438,116788238,-2.3258839,-0.3359023,2.398491
1750940535438,116788238,-2.3258839,-0.3359023,2.398491
1750940535454,116804905,-2.5237737,0.5293496,1.0163708
1750940535454,116804905,-2.5237737,0.5293496,1.0163708
1750940535471,116821572,-1.8385192,0.20535745,-0.22271252
1750940535471,116821572,-1.8385192,0.20535745,-0.22271252
1750940535488,116838239,-0.70092696,-1.0714387,-0.24328709
1750940535488,116838239,-0.70092696,-1.0714387,-0.24328709
1750940535504,116854906,0.02889767,-1.6669408,0.04115486
1750940535504,116854906,0.02889767,-1.6669408,0.04115486
1750940535521,116871573,-0.5888751,-1.1009074,-0.14948177
1750940535521,116871573,-0.5888751,-1.1009074,-0.14948177
1750940535538,116888240,-1.0534308,-0.39049992,-0.061400414
1750940535538,116888240,-1.0534308,-0.39049992,-0.061400414
1750940535554,116904907,-1.1836536,0.034403786,-0.2681942
1750940535554,116904907,-1.1836536,0.034403786,-0.2681942
1750940535571,116921574,-1.1785384,0.30423802,-0.35123634
1750940535571,116921574,-1.1785384,0.30423802,-0.35123634
1750940535588,116938241,-0.14982739,-0.058526978,-0.25662518
1750940535588,116938241,-0.14982739,-0.058526978,-0.25662518
1750940535604,116954908,0.29854405,-0.36977983,-0.26787758
1750940535604,116954908,0.29854405,-0.36977983,-0.26787758
1750940535621,116971575,0.10879772,-0.42606094,-0.2018032
1750940535621,116971575,0.10879772,-0.42606094,-0.2018032
1750940535638,116988242,-0.26981425,-0.20653737,0.1805811
1750940535638,116988242,-0.26981425,-0.20653737,0.1805811
1750940535654,117004909,-0.8303734,-0.0008905874,0.5037575
1750940535654,117004909,-0.8303734,-0.0008905874,0.5037575
1750940535671,117021576,-1.210238,-0.024958909,0.13619709
1750940535671,117021576,-1.210238,-0.024958909,0.13619709
1750940535688,117038243,-1.3580716,0.0817854,-0.044602394
1750940535688,117038243,-1.3580716,0.0817854,-0.044602394
1750940535704,117054910,-1.0847027,0.107396744,-0.016376495
1750940535704,117054910,-1.0847027,0.107396744,-0.016376495
1750940535721,117071577,-0.7107209,0.2064407,0.31584263
1750940535721,117071577,-0.7107209,0.2064407,0.31584263
1750940535738,117088244,0.19964255,0.19643424,0.77053547
1750940535738,117088244,0.19964255,0.19643424,0.77053547
1750940535754,117104911,0.5996181,0.5971331,0.96854687
1750940535754,117104911,0.5996181,0.5971331,0.96854687
1750940535771,117121578,0.88985825,1.0738097,1.1648703
1750940535771,117121578,0.88985825,1.0738097,1.1648703
1750940535788,117138245,0.8152718,1.5523266,1.3825321
1750940535788,117138245,0.8152718,1.5523266,1.3825321
1750940535804,117154912,-0.38498262,2.3828976,1.3386478
1750940535804,117154912,-0.38498262,2.3828976,1.3386478
1750940535821,117171579,0.19583417,2.5025835,1.9332876
1750940535821,117171579,0.19583417,2.5025835,1.9332876
1750940535838,117188246,1.4976327,2.626334,2.6613827
1750940535838,117188246,1.4976327,2.626334,2.6613827
1750940535854,117204913,2.5780683,3.326989,3.2962599
1750940535854,117204913,2.5780683,3.326989,3.2962599
1750940535871,117221580,3.6811972,4.346989,3.5221663
1750940535871,117221580,3.6811972,4.346989,3.5221663
1750940535888,117238247,6.400334,5.400224,3.352621
1750940535888,117238247,6.400334,5.400224,3.352621
1750940535904,117254914,8.6539545,8.360419,3.9403296
1750940535904,117254914,8.6539545,8.360419,3.9403296
1750940535921,117271581,10.922712,10.064955,2.5945606
1750940535921,117271581,10.922712,10.064955,2.5945606
1750940535938,117288248,14.578143,5.876527,2.4543343
1750940535938,117288248,14.578143,5.876527,2.4543343
1750940535954,117304915,10.374193,-2.0395606,3.20228
1750940535954,117304915,10.374193,-2.0395606,3.20228
1750940535971,117321582,9.099295,3.745634,6.5295963
1750940535971,117321582,9.099295,3.745634,6.5295963
1750940535988,117338249,7.301757,8.95237,1.7091923
1750940535988,117338249,7.301757,8.95237,1.7091923
1750940536004,117354916,5.474925,6.274174,-0.426939
1750940536004,117354916,5.474925,6.274174,-0.426939
1750940536021,117371583,6.9334702,1.2711045,-1.3472977
1750940536021,117371583,6.9334702,1.2711045,-1.3472977
1750940536038,117388250,5.971496,-0.45382693,0.39774227
1750940536038,117388250,5.971496,-0.45382693,0.39774227
1750940536054,117404917,10.228981,0.046233878,-6.6431303
1750940536054,117404917,10.228981,0.046233878,-6.6431303
1750940536071,117421584,5.4740505,2.1912732,-9.017085
1750940536071,117421584,5.4740505,2.1912732,-9.017085
1750940536088,117438251,5.097273,3.0360615,-9.041767
1750940536088,117438251,5.097273,3.0360615,-9.041767
1750940536104,117454918,4.9866776,2.7166042,-7.8250575
1750940536104,117454918,4.9866776,2.7166042,-7.8250575
1750940536121,117471585,4.037825,2.4456565,-6.3223658
1750940536121,117471585,4.037825,2.4456565,-6.3223658
1750940536138,117488252,3.0512803,3.058962,-5.303394
1750940536138,117488252,3.0512803,3.058962,-5.303394
1750940536154,117504919,3.7359335,2.9184475,-4.2898483
1750940536154,117504919,3.7359335,2.9184475,-4.2898483
1750940536171,117521586,3.3267095,3.0170171,-2.6051126
1750940536171,117521586,3.3267095,3.0170171,-2.6051126
1750940536188,117538253,0.7482711,3.7332745,-1.1185904
1750940536188,117538253,0.7482711,3.7332745,-1.1185904
1750940536204,117554920,-0.31470993,3.7812095,0.780447
1750940536204,117554920,-0.31470993,3.7812095,0.780447
1750940536221,117571587,-0.6040406,2.4820967,2.6700602
1750940536221,117571587,-0.6040406,2.4820967,2.6700602
1750940536238,117588254,-1.9075284,1.2586589,3.8477936
1750940536238,117588254,-1.9075284,1.2586589,3.8477936
1750940536254,117604921,-2.9318926,-0.38280037,5.1027355
1750940536254,117604921,-2.9318926,-0.38280037,5.1027355
1750940536271,117621588,-4.393086,-2.2525775,5.7066298
1750940536271,117621588,-4.393086,-2.2525775,5.7066298
1750940536288,117638255,-4.3529763,-4.9769,7.494463
1750940536288,117638255,-4.3529763,-4.9769,7.494463
1750940536304,117654922,-6.593606,-7.343738,9.315453
1750940536304,117654922,-6.593606,-7.343738,9.315453
1750940536321,117671589,-10.040245,-10.225764,9.01475
1750940536321,117671589,-10.040245,-10.225764,9.01475
1750940536338,117688256,-12.971196,-12.501619,2.112195
1750940536338,117688256,-12.971196,-12.501619,2.112195
1750940536354,117704923,-20.424606,-13.809673,-6.2051554
1750940536354,117704923,-20.424606,-13.809673,-6.2051554
1750940536371,117721590,-27.186008,-10.2496805,-20.422756
1750940536371,117721590,-27.186008,-10.2496805,-20.422756
1750940536388,117738257,-14.410556,-13.11233,-16.758038
1750940536388,117738257,-14.410556,-13.11233,-16.758038
1750940536404,117754924,-12.665103,-12.478691,-11.604647
1750940536404,117754924,-12.665103,-12.478691,-11.604647
1750940536421,117771591,-7.745163,-8.710589,-3.0795732
1750940536421,117771591,-7.745163,-8.710589,-3.0795732
1750940536438,117788258,2.9013743,4.5481367,11.055225
1750940536438,117788258,2.9013743,4.5481367,11.055225
1750940536454,117804925,-8.45158,2.9166162,-0.60033035
1750940536454,117804925,-8.45158,2.9166162,-0.60033035
1750940536471,117821592,-17.49964,-1.0010642,6.136118
1750940536471,117821592,-17.49964,-1.0010642,6.136118
1750940536488,117838259,-8.772751,-8.115341,6.1494303
1750940536488,117838259,-8.772751,-8.115341,6.1494303
1750940536504,117854926,0.91913223,-7.5193086,-0.05322838
1750940536504,117854926,0.91913223,-7.5193086,-0.05322838
1750940536521,117871593,-4.279067,-4.516449,-1.9177356
1750940536521,117871593,-4.279067,-4.516449,-1.9177356
1750940536538,117888260,-7.9252377,1.6274041,-0.08916283
1750940536538,117888260,-7.9252377,1.6274041,-0.08916283
1750940536554,117904927,-5.950334,0.70352435,-0.5291872
1750940536554,117904927,-5.950334,0.70352435,-0.5291872
1750940536571,117921594,-3.2981405,-1.5170529,0.21550941
1750940536571,117921594,-3.2981405,-1.5170529,0.21550941
1750940536588,117938261,-2.2533648,-1.0280291,1.2781811
1750940536588,117938261,-2.2533648,-1.0280291,1.2781811
1750940536604,117954928,-2.5005465,0.07098179,2.6808214
1750940536604,117954928,-2.5005465,0.07098179,2.6808214
1750940536621,117971595,-2.7485821,1.008472,0.95495796
1750940536621,117971595,-2.7485821,1.008472,0.95495796
1750940536638,117988262,-1.8598943,0.022953663,-0.33485985
1750940536638,117988262,-1.8598943,0.022953663,-0.33485985
1750940536654,118004929,-0.8959185,-1.3991312,-0.49748993
1750940536654,118004929,-0.8959185,-1.3991312,-0.49748993
1750940536671,118021596,-0.0643887,-2.0299652,-0.05923271
1750940536671,118021596,-0.0643887,-2.0299652,-0.05923271
1750940536688,118038263,-0.8577892,-0.63696444,-0.09545708
1750940536688,118038263,-0.8577892,-0.63696444,-0.09545708
1750940536704,118054930,-1.1135114,0.6076128,0.3301487
1750940536704,118054930,-1.1135114,0.6076128,0.3301487
1750940536721,118071597,-1.1951182,0.74634093,0.14572334
1750940536721,118071597,-1.1951182,0.74634093,0.14572334
1750940536738,118088264,-1.4073334,0.75808114,-0.17826271
1750940536738,118088264,-1.4073334,0.75808114,-0.17826271
1750940536754,118104931,-0.6089374,-0.16124873,-0.26637554
1750940536754,118104931,-0.6089374,-0.16124873,-0.26637554
1750940536771,118121598,-0.13182223,-0.57098913,-0.18615246
1750940536771,118121598,-0.13182223,-0.57098913,-0.18615246
1750940536788,118138265,-0.6224523,-0.3231859,-0.28329945
1750940536788,118138265,-0.6224523,-0.3231859,-0.28329945
1750940536804,118154932,-1.0770767,0.08243124,-0.017599106
1750940536804,118154932,-1.0770767,0.08243124,-0.017599106
1750940536821,118171599,-1.0676011,0.09528447,0.10730457
1750940536821,118171599,-1.0676011,0.09528447,0.10730457
1750940536838,118188266,-1.4077585,0.18993461,0.09246254
1750940536838,118188266,-1.4077585,0.18993461,0.09246254
1750940536854,118204933,-1.3474162,0.15233044,0.06590462
1750940536854,118204933,-1.3474162,0.15233044,0.06590462
1750940536871,118221600,-1.0667139,0.13083766,0.14848328
1750940536871,118221600,-1.0667139,0.13083766,0.14848328
1750940536888,118238267,-0.79767406,0.38656968,0.35758495
1750940536888,118238267,-0.79767406,0.38656968,0.35758495
1750940536904,118254934,-0.2206095,0.70376956,0.58436584
1750940536904,118254934,-0.2206095,0.70376956,0.58436584
1750940536921,118271601,0.36679202,1.0030556,0.88551044
1750940536921,118271601,0.36679202,1.0030556,0.88551044
1750940536938,118288268,0.7857506,1.1003495,0.8653736
1750940536938,118288268,0.7857506,1.1003495,0.8653736
1750940536954,118304935,0.120929,1.307732,0.9007149
1750940536954,118304935,0.120929,1.307732,0.9007149
1750940536971,118321602,-0.20492136,1.6900046,1.1257029
1750940536971,118321602,-0.20492136,1.6900046,1.1257029
1750940536988,118338269,1.3672788,1.1427902,2.0560312
1750940536988,118338269,1.3672788,1.1427902,2.0560312
1750940537004,118354936,2.2168465,1.2642969,2.8019753
1750940537004,118354936,2.2168465,1.2642969,2.8019753
1750940537021,118371603,2.4846697,2.271253,3.0522976
1750940537021,118371603,2.4846697,2.271253,3.0522976
1750940537038,118388270,2.570538,3.901335,3.475274
1750940537038,118388270,2.570538,3.901335,3.475274
1750940537054,118404937,3.7284584,5.7954645,3.8618383
1750940537054,118404937,3.7284584,5.7954645,3.8618383
1750940537071,118421604,6.8907413,8.697234,4.7667665
1750940537071,118421604,6.8907413,8.697234,4.7667665
1750940537088,118438271,10.760964,13.035118,5.739479
1750940537088,118438271,10.760964,13.035118,5.739479
1750940537104,118454938,14.142787,9.346923,1.0500622
1750940537104,118454938,14.142787,9.346923,1.0500622
1750940537121,118471605,9.8017845,-0.26539305,1.907588
1750940537121,118471605,9.8017845,-0.26539305,1.907588
1750940537138,118488272,5.8824315,0.2824094,5.93688
1750940537138,118488272,5.8824315,0.2824094,5.93688
1750940537154,118504939,6.2281766,4.5862827,4.3755417
1750940537154,118504939,6.2281766,4.5862827,4.3755417
1750940537171,118521606,4.6172376,2.3592656,1.0351858
1750940537171,118521606,4.6172376,2.3592656,1.0351858
1750940537188,118538273,5.2812004,1.0737896,-1.308384
1750940537188,118538273,5.2812004,1.0737896,-1.308384
1750940537204,118554940,5.479976,1.6703031,-0.91387653
1750940537204,118554940,5.479976,1.6703031,-0.91387653
1750940537221,118571607,7.9147334,0.81241894,-7.147528
1750940537221,118571607,7.9147334,0.81241894,-7.147528
1750940537238,118588274,6.4043703,0.32051757,-10.160031
1750940537238,118588274,6.4043703,0.32051757,-10.160031
1750940537254,118604941,4.3123007,1.6018507,-8.708164
1750940537254,118604941,4.3123007,1.6018507,-8.708164
1750940537271,118621608,1.9527267,1.6684299,-7.3600087
1750940537271,118621608,1.9527267,1.6684299,-7.3600087
1750940537288,118638275,2.0374842,1.395953,-6.7190685
1750940537288,118638275,2.0374842,1.395953,-6.7190685
1750940537304,118654942,2.3434825,1.1203281,-6.283759
1750940537304,118654942,2.3434825,1.1203281,-6.283759
1750940537321,118671609,2.2771142,1.6528269,-5.3534265
1750940537321,118671609,2.2771142,1.6528269,-5.3534265
1750940537338,118688276,2.0274525,2.2582953,-4.359828
1750940537338,118688276,2.0274525,2.2582953,-4.359828
1750940537354,118704943,1.3314043,2.6505835,-3.241928
1750940537354,118704943,1.3314043,2.6505835,-3.241928
1750940537371,118721610,0.8314082,3.0579147,-1.5099335
1750940537371,118721610,0.8314082,3.0579147,-1.5099335
1750940537388,118738277,-0.7218524,3.7681901,0.586606
1750940537388,118738277,-0.7218524,3.7681901,0.586606
1750940537404,118754944,-2.3984394,3.6185443,2.7513628
1750940537404,118754944,-2.3984394,3.6185443,2.7513628
1750940537421,118771611,-3.7089088,1.1865525,4.707424
1750940537421,118771611,-3.7089088,1.1865525,4.707424
1750940537438,118788278,-5.264569,0.19255015,6.0652456
1750940537438,118788278,-5.264569,0.19255015,6.0652456
1750940537454,118804945,-7.5858293,-1.4084356,7.9722424
1750940537454,118804945,-7.5858293,-1.4084356,7.9722424
1750940537471,118821612,-10.390462,-5.667546,9.006989
1750940537471,118821612,-10.390462,-5.667546,9.006989
1750940537488,118838279,-13.33143,-8.610018,8.060812
1750940537488,118838279,-13.33143,-8.610018,8.060812
1750940537504,118854946,-16.606247,-9.931851,1.3072863
1750940537504,118854946,-16.606247,-9.931851,1.3072863
1750940537521,118871613,-16.760431,-11.322138,-5.1848407
1750940537521,118871613,-16.760431,-11.322138,-5.1848407
1750940537538,118888280,-13.359056,-16.228912,-10.718986
1750940537538,118888280,-13.359056,-16.228912,-10.718986
1750940537554,118904947,-8.8345,-15.187562,-12.03305
1750940537554,118904947,-8.8345,-15.187562,-12.03305
1750940537571,118921614,-7.9566894,-10.028749,-10.668752
1750940537571,118921614,-7.9566894,-10.028749,-10.668752
1750940537588,118938281,-6.216957,-3.0514803,-3.8762832
1750940537588,118938281,-6.216957,-3.0514803,-3.8762832
1750940537604,118954948,9.06015,1.7951978,12.830847
1750940537604,118954948,9.06015,1.7951978,12.830847
1750940537621,118971615,4.7460084,-2.4319296,7.931175
1750940537621,118971615,4.7460084,-2.4319296,7.931175
1750940537638,118988282,-23.279873,-3.238476,-0.94796467
1750940537638,118988282,-23.279873,-3.238476,-0.94796467
1750940537654,119004949,-18.963396,-0.8466452,1.3031044
1750940537654,119004949,-18.963396,-0.8466452,1.3031044
1750940537671,119021616,-1.7910084,-3.391087,1.3157759
1750940537671,119021616,-1.7910084,-3.391087,1.3157759
1750940537688,119038283,-5.656909,-1.0989267,-4.452624
1750940537688,119038283,-5.656909,-1.0989267,-4.452624
1750940537704,119054950,-6.929934,0.43108475,-1.4410162
1750940537704,119054950,-6.929934,0.43108475,-1.4410162
1750940537721,119071617,-4.912408,-0.2059455,0.6886072
1750940537721,119071617,-4.912408,-0.2059455,0.6886072
1750940537738,119088284,-3.2907455,-1.4703475,1.8502445
1750940537738,119088284,-3.2907455,-1.4703475,1.8502445
1750940537754,119104951,-0.17089069,-1.71726,0.6014662
1750940537754,119104951,-0.17089069,-1.71726,0.6014662
1750940537771,119121618,-1.0832939,-0.8629776,0.25976562
1750940537771,119121618,-1.0832939,-0.8629776,0.25976562
1750940537788,119138285,-1.6409314,-0.22155207,1.2868118
1750940537788,119138285,-1.6409314,-0.22155207,1.2868118
1750940537804,119154952,-1.2802801,-0.4194672,0.12788391
1750940537804,119154952,-1.2802801,-0.4194672,0.12788391
1750940537821,119171619,0.018787159,-0.5888279,0.06618023
1750940537821,119171619,0.018787159,-0.5888279,0.06618023
1750940537838,119188286,0.2946512,-0.43434256,-0.05956173
1750940537838,119188286,0.2946512,-0.43434256,-0.05956173
1750940537854,119204953,-0.91231006,0.2339119,-0.16788769
1750940537854,119204953,-0.91231006,0.2339119,-0.16788769
1750940537871,119221620,-1.092202,0.27631298,0.1607399
1750940537871,119221620,-1.092202,0.27631298,0.1607399
1750940537888,119238287,-0.29858536,0.1382041,0.13600922
1750940537888,119238287,-0.29858536,0.1382041,0.13600922
1750940537904,119254954,-0.48640063,0.14865813,-0.13459969
1750940537904,119254954,-0.48640063,0.14865813,-0.13459969
1750940537921,119271621,-0.23043951,0.1272133,-0.04824829
1750940537921,119271621,-0.23043951,0.1272133,-0.04824829
1750940537938,119288288,-0.78163004,-0.13088527,-0.1383543
1750940537938,119288288,-0.78163004,-0.13088527,-0.1383543
1750940537954,119304955,-1.364233,0.043914486,0.0014505386
1750940537954,119304955,-1.364233,0.043914486,0.0014505386
1750940537971,119321622,-1.459709,-0.029530754,-0.15176105
1750940537971,119321622,-1.459709,-0.029530754,-0.15176105
1750940537988,119338289,-0.9305908,-0.25913164,0.058335304
1750940537988,119338289,-0.9305908,-0.25913164,0.058335304
1750940538004,119354956,-0.7488827,-0.5273817,0.13743877
1750940538004,119354956,-0.7488827,-0.5273817,0.13743877
1750940538021,119371623,-1.1545434,-0.31300017,-0.0840292
1750940538021,119371623,-1.1545434,-0.31300017,-0.0840292
1750940538038,119388290,-0.9453686,-0.2777363,-0.24716187
1750940538038,119388290,-0.9453686,-0.2777363,-0.24716187
1750940538054,119404957,-0.95741653,-0.039557323,-0.14018154
1750940538054,119404957,-0.95741653,-0.039557323,-0.14018154
1750940538071,119421624,-0.8445503,0.06247768,0.057811737
1750940538071,119421624,-0.8445503,0.06247768,0.057811737
1750940538088,119438291,-0.2703454,0.18869947,0.29145527
1750940538088,119438291,-0.2703454,0.18869947,0.29145527
1750940538104,119454958,0.1471512,0.1812166,0.12775898
1750940538104,119454958,0.1471512,0.1812166,0.12775898
1750940538121,119471625,0.4063137,0.993934,0.62052727
1750940538121,119471625,0.4063137,0.993934,0.62052727
1750940538138,119488292,0.01425465,0.58635294,0.6408596
1750940538138,119488292,0.01425465,0.58635294,0.6408596
1750940538154,119504959,0.023455115,0.002255134,-0.09187508
1750940538154,119504959,0.023455115,0.002255134,-0.09187508
1750940538171,119521626,0.24502921,-0.07625301,-0.42251873
1750940538171,119521626,0.24502921,-0.07625301,-0.42251873
1750940538188,119538293,1.0372636,-0.3429564,-0.46383095
1750940538188,119538293,1.0372636,-0.3429564,-0.46383095
1750940538204,119554960,2.5924783,-1.081186,0.6891489
1750940538204,119554960,2.5924783,-1.081186,0.6891489
1750940538221,119571627,3.6420681,-1.2361102,0.048031807
1750940538221,119571627,3.6420681,-1.2361102,0.048031807
1750940538238,119588294,2.4959168,-0.86223805,-0.5824814
1750940538238,119588294,2.4959168,-0.86223805,-0.5824814
1750940538254,119604961,1.6641827,-0.19930996,-0.53314877
1750940538254,119604961,1.6641827,-0.19930996,-0.53314877
1750940538271,119621628,0.30986518,1.0787319,0.6314373
1750940538271,119621628,0.30986518,1.0787319,0.6314373
1750940538288,119638295,0.2953525,2.1386564,1.677208
1750940538288,119638295,0.2953525,2.1386564,1.677208
1750940538304,119654962,-2.076351,0.97967964,1.3475351
1750940538304,119654962,-2.076351,0.97967964,1.3475351
1750940538321,119671629,-2.9311082,1.0584389,1.1890402
1750940538321,119671629,-2.9311082,1.0584389,1.1890402
1750940538338,119688296,-3.74568,0.38740203,0.99816227
1750940538338,119688296,-3.74568,0.38740203,0.99816227
1750940538354,119704963,-3.0284178,0.33938676,0.964241
1750940538354,119704963,-3.0284178,0.33938676,0.964241
1750940538371,119721630,-2.589976,0.37191886,0.5963526
1750940538371,119721630,-2.589976,0.37191886,0.5963526
1750940538388,119738297,-3.2618206,-0.40294915,0.4791603
1750940538388,119738297,-3.2618206,-0.40294915,0.4791603
1750940538404,119754964,-3.470198,-1.8207567,0.15254688
1750940538404,119754964,-3.470198,-1.8207567,0.15254688
1750940538421,119771631,-2.8460686,-1.5147194,-0.18765736
1750940538421,119771631,-2.8460686,-1.5147194,-0.18765736
1750940538438,119788298,-2.9410858,-1.657284,-0.23713875
1750940538438,119788298,-2.9410858,-1.657284,-0.23713875
1750940538454,119804965,-3.363865,-3.037044,-0.09417057
1750940538454,119804965,-3.363865,-3.037044,-0.09417057
1750940538471,119821632,-3.2588139,-3.2889988,0.16123867
1750940538471,119821632,-3.2588139,-3.2889988,0.16123867
1750940538488,119838299,-2.7164865,-2.2824442,0.38019657
1750940538488,119838299,-2.7164865,-2.2824442,0.38019657
1750940538504,119854966,-3.2818863,-1.2578084,0.37539482
1750940538504,119854966,-3.2818863,-1.2578084,0.37539482
1750940538521,119871633,-4.0503335,-2.2081466,0.62528896
1750940538521,119871633,-4.0503335,-2.2081466,0.62528896
1750940538538,119888300,-4.1951017,-3.06995,0.30691433
1750940538538,119888300,-4.1951017,-3.06995,0.30691433
1750940538554,119904967,-4.921927,-1.7215487,-0.38166904
1750940538554,119904967,-4.921927,-1.7215487,-0.38166904
1750940538571,119921634,-5.473713,-2.046423,-0.7945223
1750940538571,119921634,-5.473713,-2.046423,-0.7945223
1750940538588,119938301,-5.6060643,-2.2467313,-0.76600075
1750940538588,119938301,-5.6060643,-2.2467313,-0.76600075
1750940538604,119954968,-5.5686145,-2.0589986,-0.72020245
1750940538604,119954968,-5.5686145,-2.0589986,-0.72020245
1750940538621,119971635,-5.776956,-2.3938541,-0.6196518
1750940538621,119971635,-5.776956,-2.3938541,-0.6196518
1750940538638,119988302,-5.584628,-2.16548,-0.32275772
1750940538638,119988302,-5.584628,-2.16548,-0.32275772
1750940538654,120004969,-5.1892095,-2.036689,-0.09188652
1750940538654,120004969,-5.1892095,-2.036689,-0.09188652
1750940538671,120021636,-4.4712663,-2.0172176,0.25591373
1750940538671,120021636,-4.4712663,-2.0172176,0.25591373
1750940538688,120038303,-3.7108624,-2.114862,0.6012678
1750940538688,120038303,-3.7108624,-2.114862,0.6012678
1750940538704,120054970,-2.6437144,-1.9940203,1.0329428
1750940538704,120054970,-2.6437144,-1.9940203,1.0329428
1750940538721,120071637,-1.3144305,-1.7222226,1.0911436
1750940538721,120071637,-1.3144305,-1.7222226,1.0911436
1750940538738,120088304,1.0970597,-0.6607078,0.83276176
1750940538738,120088304,1.0970597,-0.6607078,0.83276176
1750940538754,120104971,1.8266579,0.38316703,0.13908386
1750940538754,120104971,1.8266579,0.38316703,0.13908386
1750940538771,120121638,2.278739,1.5885695,-0.3233242
1750940538771,120121638,2.278739,1.5885695,-0.3233242
1750940538788,120138305,2.521211,2.078021,-0.91840553
1750940538788,120138305,2.521211,2.078021,-0.91840553
1750940538804,120154972,2.9351203,2.4075873,-1.6951752
1750940538804,120154972,2.9351203,2.4075873,-1.6951752
1750940538821,120171639,3.8454118,2.708622,-2.3692746
1750940538821,120171639,3.8454118,2.708622,-2.3692746
1750940538838,120188306,4.245006,3.0868683,-2.8764796
1750940538838,120188306,4.245006,3.0868683,-2.8764796
1750940538854,120204973,4.6492395,3.67403,-3.3117113
1750940538854,120204973,4.6492395,3.67403,-3.3117113
1750940538871,120221640,5.072036,4.628699,-3.7954726
1750940538871,120221640,5.072036,4.628699,-3.7954726
1750940538888,120238307,5.451521,5.144824,-4.3736725
1750940538888,120238307,5.451521,5.144824,-4.3736725
1750940538904,120254974,5.3012376,5.5156064,-4.3714137
1750940538904,120254974,5.3012376,5.5156064,-4.3714137
1750940538921,120271641,3.9223087,5.3365345,-2.6253786
1750940538921,120271641,3.9223087,5.3365345,-2.6253786
1750940538938,120288308,-5.1884174,-0.62713575,1.751337
1750940538938,120288308,-5.1884174,-0.62713575,1.751337
1750940538954,120304975,-8.415614,-2.0760157,3.9644346
1750940538954,120304975,-8.415614,-2.0760157,3.9644346
1750940538971,120321642,2.080113,-0.36720642,-0.19296455
1750940538971,120321642,2.080113,-0.36720642,-0.19296455
1750940538988,120338309,4.878987,1.0907905,2.7276173
1750940538988,120338309,4.878987,1.0907905,2.7276173
1750940539004,120354976,0.9488447,2.9576015,3.571701
1750940539004,120354976,0.9488447,2.9576015,3.571701
1750940539021,120371643,-0.85953426,3.8876023,0.39092445
1750940539021,120371643,-0.85953426,3.8876023,0.39092445
1750940539038,120388310,0.32961634,2.1599438,0.33018112
1750940539038,120388310,0.32961634,2.1599438,0.33018112
1750940539054,120404977,2.1881485,0.33191115,-0.07595253
1750940539054,120404977,2.1881485,0.33191115,-0.07595253
1750940539071,120421644,1.5074179,0.72273755,-0.010560989
1750940539071,120421644,1.5074179,0.72273755,-0.010560989
1750940539088,120438311,1.3666489,0.52306676,0.28097153
1750940539088,120438311,1.3666489,0.52306676,0.28097153
1750940539104,120454978,1.333717,0.3452266,0.47031403
1750940539104,120454978,1.333717,0.3452266,0.47031403
1750940539121,120471645,1.3327528,0.06257379,0.88884354
1750940539121,120471645,1.3327528,0.06257379,0.88884354
1750940539138,120488312,0.860604,0.4660834,1.7625055
1750940539138,120488312,0.860604,0.4660834,1.7625055
1750940539154,120504979,-0.07025191,0.9606258,1.056963
1750940539154,120504979,-0.07025191,0.9606258,1.056963
1750940539171,120521646,-0.63274956,1.0085039,-0.19895649
1750940539171,120521646,-0.63274956,1.0085039,-0.19895649
1750940539188,120538313,-0.6773113,0.64049816,-0.40933228
1750940539188,120538313,-0.6773113,0.64049816,-0.40933228
1750940539204,120554980,-0.395035,0.016013585,-0.21609402
1750940539204,120554980,-0.395035,0.016013585,-0.21609402
1750940539221,120571647,-0.5571333,0.26776415,-0.019940376
1750940539221,120571647,-0.5571333,0.26776415,-0.019940376
1750940539238,120588314,-0.8464132,0.92286956,-0.039527893
1750940539238,120588314,-0.8464132,0.92286956,-0.039527893
1750940539254,120604981,-0.85091335,1.018392,-0.09883976
1750940539254,120604981,-0.85091335,1.018392,-0.09883976
1750940539271,120621648,-0.5055948,0.80141735,-0.15463734
1750940539271,120621648,-0.5055948,0.80141735,-0.15463734
1750940539288,120638315,-0.8784591,0.83498,-0.3438654
1750940539288,120638315,-0.8784591,0.83498,-0.3438654
1750940539304,120654982,-0.8207642,0.721131,-0.20014954
1750940539304,120654982,-0.8207642,0.721131,-0.20014954
1750940539321,120671649,-0.7656378,0.05504789,0.07126522
1750940539321,120671649,-0.7656378,0.05504789,0.07126522
1750940539338,120688316,-0.5382581,-0.04724561,0.16734695
1750940539338,120688316,-0.5382581,-0.04724561,0.16734695
1750940539354,120704983,-0.5952204,-0.3040942,0.07701397
1750940539354,120704983,-0.5952204,-0.3040942,0.07701397
1750940539371,120721650,-1.0842748,0.061525293,-0.086224556
1750940539371,120721650,-1.0842748,0.061525293,-0.086224556
1750940539388,120738317,-1.0680218,0.21676655,0.0608387
1750940539388,120738317,-1.0680218,0.21676655,0.0608387
1750940539404,120754984,-0.76195747,0.20886225,0.008678436
1750940539404,120754984,-0.76195747,0.20886225,0.008678436
1750940539421,120771651,-0.99935323,0.35071653,-0.056485176
1750940539421,120771651,-0.99935323,0.35071653,-0.056485176
1750940539438,120788318,-1.0057341,0.19185011,0.20853043
1750940539438,120788318,-1.0057341,0.19185011,0.20853043
1750940539454,120804985,-0.4058566,-0.117686056,0.23456955
1750940539454,120804985,-0.4058566,-0.117686056,0.23456955
1750940539471,120821652,-0.7049518,-0.23331913,0.48025608
1750940539471,120821652,-0.7049518,-0.23331913,0.48025608
1750940539488,120838319,-1.4794672,-0.016895903,0.5565853
1750940539488,120838319,-1.4794672,-0.016895903,0.5565853
1750940539504,120854986,-1.2331688,-0.2356315,0.1869669
1750940539504,120854986,-1.2331688,-0.2356315,0.1869669
1750940539521,120871653,-1.886938,-0.3790516,0.26139355
1750940539521,120871653,-1.886938,-0.3790516,0.26139355
1750940539538,120888320,-1.508544,-0.7961259,0.58228874
1750940539538,120888320,-1.508544,-0.7961259,0.58228874
1750940539554,120904987,-1.5985875,-0.8728576,1.3179007
1750940539554,120904987,-1.5985875,-0.8728576,1.3179007
1750940539571,120921654,-2.914841,-1.4390982,2.417756
1750940539571,120921654,-2.914841,-1.4390982,2.417756
1750940539588,120938321,-3.0931082,-2.5142732,3.1193323
1750940539588,120938321,-3.0931082,-2.5142732,3.1193323
1750940539604,120954988,-2.850454,-3.4963353,3.4467497
1750940539604,120954988,-2.850454,-3.4963353,3.4467497
1750940539621,120971655,-3.5692377,-4.416997,3.603589
1750940539621,120971655,-3.5692377,-4.416997,3.603589
1750940539638,120988322,-5.70821,-5.6904984,3.6586132
1750940539638,120988322,-5.70821,-5.6904984,3.6586132
1750940539654,121004989,-8.656721,-7.731207,3.3445263
1750940539654,121004989,-8.656721,-7.731207,3.3445263
1750940539671,121021656,-11.255441,-12.088854,3.0913754
1750940539671,121021656,-11.255441,-12.088854,3.0913754
1750940539688,121038323,-14.734836,-13.258276,2.352973
1750940539688,121038323,-14.734836,-13.258276,2.352973
1750940539704,121054990,-10.795159,-3.501123,2.0744991
1750940539704,121054990,-10.795159,-3.501123,2.0744991
1750940539721,121071657,-10.078591,-0.4324151,2.398757
1750940539721,121071657,-10.078591,-0.4324151,2.398757
1750940539738,121088324,-10.153933,-7.3303533,1.0784597
1750940539738,121088324,-10.153933,-7.3303533,1.0784597
1750940539754,121104991,-7.3075905,-5.8467593,-2.245452
1750940539754,121104991,-7.3075905,-5.8467593,-2.245452
1750940539771,121121658,-7.3314548,-4.589199,-3.7125688
1750940539771,121121658,-7.3314548,-4.589199,-3.7125688
1750940539788,121138325,-3.505627,1.6243303,0.16652775
1750940539788,121138325,-3.505627,1.6243303,0.16652775
1750940539804,121154992,-8.534597,1.2325629,-3.166833
1750940539804,121154992,-8.534597,1.2325629,-3.166833
1750940539821,121171659,-6.487486,-0.11729636,-8.240616
1750940539821,121171659,-6.487486,-0.11729636,-8.240616
1750940539838,121188326,-4.209626,-2.7323344,-8.765169
1750940539838,121188326,-4.209626,-2.7323344,-8.765169
1750940539854,121204993,-3.8537447,-2.5430803,-8.557491
1750940539854,121204993,-3.8537447,-2.5430803,-8.557491
1750940539871,121221660,-2.9502215,-2.405317,-7.849824
1750940539871,121221660,-2.9502215,-2.405317,-7.849824
1750940539888,121238327,-2.5945983,-2.2294855,-6.80779
1750940539888,121238327,-2.5945983,-2.2294855,-6.80779
1750940539904,121254994,-2.4874234,-2.0530596,-5.9726167
1750940539904,121254994,-2.4874234,-2.0530596,-5.9726167
1750940539921,121271661,-3.1412,-2.4009237,-5.3847103
1750940539921,121271661,-3.1412,-2.4009237,-5.3847103
1750940539938,121288328,-2.2903917,-3.3540998,-4.0157003
1750940539938,121288328,-2.2903917,-3.3540998,-4.0157003
1750940539954,121304995,-1.394195,-4.2043653,-1.8530064
1750940539954,121304995,-1.394195,-4.2043653,-1.8530064
1750940539971,121321662,-1.0652708,-4.4600534,0.40168762
1750940539971,121321662,-1.0652708,-4.4600534,0.40168762
1750940539988,121338329,-0.04590241,-3.2232697,2.59062
1750940539988,121338329,-0.04590241,-3.2232697,2.59062
1750940540004,121354996,0.37381738,-2.4809074,4.175006
1750940540004,121354996,0.37381738,-2.4809074,4.175006
1750940540021,121371663,0.8980947,-1.7670228,5.7437267
1750940540021,121371663,0.8980947,-1.7670228,5.7437267
1750940540038,121388330,1.9424756,-0.39966342,7.4939632
1750940540038,121388330,1.9424756,-0.39966342,7.4939632
1750940540054,121404997,3.4299722,2.6012752,9.419195
1750940540054,121404997,3.4299722,2.6012752,9.419195
1750940540071,121421664,6.9655185,4.914871,12.341177
1750940540071,121421664,6.9655185,4.914871,12.341177
1750940540088,121438331,9.047728,10.66186,13.901157
1750940540088,121438331,9.047728,10.66186,13.901157
1750940540104,121454998,9.858398,18.871387,2.166113
1750940540104,121454998,9.858398,18.871387,2.166113
1750940540121,121471665,22.582525,18.938505,-10.129351
1750940540121,121471665,22.582525,18.938505,-10.129351
1750940540138,121488332,22.570553,12.354944,-18.398317
1750940540138,121488332,22.570553,12.354944,-18.398317
1750940540154,121504999,12.119636,14.148916,-12.695306
1750940540154,121504999,12.119636,14.148916,-12.695306
1750940540171,121521666,9.014142,17.237595,-8.512221
1750940540171,121521666,9.014142,17.237595,-8.512221
1750940540188,121538333,-0.9180102,1.7275567,4.4233675
1750940540188,121538333,-0.9180102,1.7275567,4.4233675
1750940540204,121555000,-1.3482329,-6.3834624,3.9761333
1750940540204,121555000,-1.3482329,-6.3834624,3.9761333
1750940540221,121571667,10.908143,-2.4909265,-1.6691856
1750940540221,121571667,10.908143,-2.4909265,-1.6691856
1750940540238,121588334,10.354908,2.7055676,7.153614
1750940540238,121588334,10.354908,2.7055676,7.153614
1750940540254,121605001,-0.8405079,10.173998,5.0120068
1750940540254,121605001,-0.8405079,10.173998,5.0120068
1750940540271,121621668,-6.1231546,10.910814,1.3522625
1750940540271,121621668,-6.1231546,10.910814,1.3522625
1750940540288,121638335,3.6859362,4.646802,1.9468374
1750940540288,121638335,3.6859362,4.646802,1.9468374
1750940540304,121655002,6.189928,0.08524863,-0.18500996
1750940540304,121655002,6.189928,0.08524863,-0.18500996
1750940540321,121671669,3.2776008,0.48119903,-0.8400831
1750940540321,121671669,3.2776008,0.48119903,-0.8400831
1750940540338,121688336,3.2199864,0.18762493,0.100278854
1750940540338,121688336,3.2199864,0.18762493,0.100278854
1750940540354,121705003,3.210509,-0.40587378,1.1097708
1750940540354,121705003,3.210509,-0.40587378,1.1097708
1750940540371,121721670,1.3864683,0.70407164,1.8499594
1750940540371,121721670,1.3864683,0.70407164,1.8499594
1750940540388,121738337,0.22870964,0.94646484,1.4725161
1750940540388,121738337,0.22870964,0.94646484,1.4725161
1750940540404,121755004,-0.7503214,1.3627064,0.3111019
1750940540404,121755004,-0.7503214,1.3627064,0.3111019
1750940540421,121771671,-1.29817,1.4841504,-0.22569084
1750940540421,121771671,-1.29817,1.4841504,-0.22569084
1750940540438,121788338,-0.58775234,0.8879679,-0.44450474
1750940540438,121788338,-0.58775234,0.8879679,-0.44450474
1750940540454,121805005,-0.29136926,0.49672413,0.24355984
1750940540454,121805005,-0.29136926,0.49672413,0.24355984
1750940540471,121821672,-0.023385266,0.013217439,-0.58319664
1750940540471,121821672,-0.023385266,0.013217439,-0.58319664
1750940540488,121838339,-0.686301,0.037345998,-0.38574028
1750940540488,121838339,-0.686301,0.037345998,-0.38574028
1750940540504,121855006,-1.2954055,0.41684183,0.14463234
1750940540504,121855006,-1.2954055,0.41684183,0.14463234
1750940540521,121871673,-2.7228181,0.97177106,-0.22769547
1750940540521,121871673,-2.7228181,0.97177106,-0.22769547
1750940540538,121888340,-0.9470615,0.2477868,0.018735886
1750940540538,121888340,-0.9470615,0.2477868,0.018735886
1750940540554,121905007,-0.18446614,-0.061075475,0.1957798
1750940540554,121905007,-0.18446614,-0.061075475,0.1957798
1750940540571,121921674,0.35271686,-0.30248433,0.31460285
1750940540571,121921674,0.35271686,-0.30248433,0.31460285
1750940540588,121938341,0.04117332,-0.07828664,0.2269764
1750940540588,121938341,0.04117332,-0.07828664,0.2269764
1750940540604,121955008,-0.2290069,0.3654638,0.11953449
1750940540604,121955008,-0.2290069,0.3654638,0.11953449
1750940540621,121971675,-0.26624596,0.48217958,0.11188698
1750940540621,121971675,-0.26624596,0.48217958,0.11188698
1750940540638,121988342,-0.23901716,0.37623343,-0.032176018
1750940540638,121988342,-0.23901716,0.37623343,-0.032176018
1750940540654,122005009,-0.260659,-0.0043733665,0.11144924
1750940540654,122005009,-0.260659,-0.0043733665,0.11144924
1750940540671,122021676,-0.5378128,-0.39838323,0.48854065
1750940540671,122021676,-0.5378128,-0.39838323,0.48854065
1750940540688,122038343,-0.64831185,-0.8274046,0.67025757
1750940540688,122038343,-0.64831185,-0.8274046,0.67025757
1750940540704,122055010,-1.1889441,-1.0705342,0.7958231
1750940540704,122055010,-1.1889441,-1.0705342,0.7958231
1750940540721,122071677,-1.2704995,-1.5487579,0.9843178
1750940540721,122071677,-1.2704995,-1.5487579,0.9843178
1750940540738,122088344,-1.2195662,-1.8368798,1.1883135
1750940540738,122088344,-1.2195662,-1.8368798,1.1883135
1750940540754,122105011,-0.57201034,-1.9460884,1.1527004
1750940540754,122105011,-0.57201034,-1.9460884,1.1527004
1750940540771,122121678,-1.6462208,-2.2205553,1.9615355
1750940540771,122121678,-1.6462208,-2.2205553,1.9615355
1750940540788,122138345,-2.7785969,-2.7692661,2.8024864
1750940540788,122138345,-2.7785969,-2.7692661,2.8024864
1750940540804,122155012,-3.6137352,-3.7834954,3.007287
1750940540804,122155012,-3.6137352,-3.7834954,3.007287
1750940540821,122171679,-4.391648,-5.169196,3.2197332
1750940540821,122171679,-4.391648,-5.169196,3.2197332
1750940540838,122188346,-5.854238,-6.963903,2.8060398
1750940540838,122188346,-5.854238,-6.963903,2.8060398
1750940540854,122205013,-5.9171543,-10.744521,3.0595884
1750940540854,122205013,-5.9171543,-10.744521,3.0595884
1750940540871,122221680,-8.273059,-13.848719,2.002533
1750940540871,122221680,-8.273059,-13.848719,2.002533
1750940540888,122238347,-10.299541,-9.528693,1.0240726
1750940540888,122238347,-10.299541,-9.528693,1.0240726
1750940540904,122255014,-11.753444,-1.1752385,1.2061996
1750940540904,122255014,-11.753444,-1.1752385,1.2061996
1750940540921,122271681,-9.373638,-4.077676,4.1652374
1750940540921,122271681,-9.373638,-4.077676,4.1652374
1750940540938,122288348,-5.4567575,-8.795629,2.0927486
1750940540938,122288348,-5.4567575,-8.795629,2.0927486
1750940540954,122305015,-2.620385,-5.2716074,0.88272285
1750940540954,122305015,-2.620385,-5.2716074,0.88272285
1750940540971,122321682,-6.0837727,-2.6803012,-0.778718
1750940540971,122321682,-6.0837727,-2.6803012,-0.778718
1750940540988,122338349,-8.856387,-2.3558345,-1.0374069
1750940540988,122338349,-8.856387,-2.3558345,-1.0374069
1750940541004,122355016,-9.382642,-3.3797612,-8.082471
1750940541004,122355016,-9.382642,-3.3797612,-8.082471
1750940541021,122371683,-6.4326396,-3.2013524,-10.387634
1750940541021,122371683,-6.4326396,-3.2013524,-10.387634
1750940541038,122388350,-4.333869,-3.8520563,-9.042745
1750940541038,122388350,-4.333869,-3.8520563,-9.042745
1750940541054,122405017,-2.0508337,-3.1614325,-7.458804
1750940541054,122405017,-2.0508337,-3.1614325,-7.458804
1750940541071,122421684,-1.6324534,-2.225996,-6.70992
1750940541071,122421684,-1.6324534,-2.225996,-6.70992
1750940541088,122438351,-2.413986,-1.8145249,-6.181922
1750940541088,122438351,-2.413986,-1.8145249,-6.181922
1750940541104,122455018,-3.0936487,-2.3758483,-5.9883065
1750940541104,122455018,-3.0936487,-2.3758483,-5.9883065
1750940541121,122471685,-2.9477296,-2.822647,-4.76921
1750940541121,122471685,-2.9477296,-2.822647,-4.76921
1750940541138,122488352,-1.7228217,-2.7440257,-3.6334143
1750940541138,122488352,-1.7228217,-2.7440257,-3.6334143
1750940541154,122505019,-1.0220416,-3.190287,-1.4220991
1750940541154,122505019,-1.0220416,-3.190287,-1.4220991
1750940541171,122521686,-0.8934926,-3.083778,0.49985313
1750940541171,122521686,-0.8934926,-3.083778,0.49985313
1750940541188,122538353,-0.40898713,-2.4326193,2.9142447
1750940541188,122538353,-0.40898713,-2.4326193,2.9142447
1750940541204,122555020,0.2508705,-1.0523992,5.012554
1750940541204,122555020,0.2508705,-1.0523992,5.012554
1750940541221,122571687,1.6870422,1.0834829,6.021407
1750940541221,122571687,1.6870422,1.0834829,6.021407
1750940541238,122588354,0.72532636,3.0891988,6.8269596
1750940541238,122588354,0.72532636,3.0891988,6.8269596
1750940541254,122605021,0.27828258,4.932256,8.708422
1750940541254,122605021,0.27828258,4.932256,8.708422
1750940541271,122621688,1.4035474,6.8057866,11.0083065
1750940541271,122621688,1.4035474,6.8057866,11.0083065
1750940541288,122638355,1.9752314,12.74976,10.718351
1750940541288,122638355,1.9752314,12.74976,10.718351
1750940541304,122655022,8.3097925,13.1388,3.1804066
1750940541304,122655022,8.3097925,13.1388,3.1804066
1750940541321,122671689,18.939404,10.982107,-3.7890048
1750940541321,122671689,18.939404,10.982107,-3.7890048
1750940541338,122688356,15.286451,15.662206,-13.145279
1750940541338,122688356,15.286451,15.662206,-13.145279
1750940541354,122705023,8.675904,15.4627285,-10.932904
1750940541354,122705023,8.675904,15.4627285,-10.932904
1750940541371,122721690,5.566555,13.18884,-8.017308
1750940541371,122721690,5.566555,13.18884,-8.017308
1750940541388,122738357,7.7845216,14.528691,-8.749335
1750940541388,122738357,7.7845216,14.528691,-8.749335
1750940541404,122755024,5.1065774,3.826967,1.6700268
1750940541404,122755024,5.1065774,3.826967,1.6700268
1750940541421,122771691,1.1701552,-6.4106836,9.114765
1750940541421,122771691,1.1701552,-6.4106836,9.114765
1750940541438,122788358,12.741392,2.4593358,-0.2106924
1750940541438,122788358,12.741392,2.4593358,-0.2106924
1750940541455,122805025,5.951048,9.038181,7.778015
1750940541455,122805025,5.951048,9.038181,7.778015
1750940541471,122821692,-2.555171,7.6540537,3.733552
1750940541471,122821692,-2.555171,7.6540537,3.733552
1750940541488,122838359,1.6652629,3.152172,-1.3978872
1750940541488,122838359,1.6652629,3.152172,-1.3978872
1750940541505,122855026,4.8968897,1.6203616,-0.41071033
1750940541505,122855026,4.8968897,1.6203616,-0.41071033
1750940541521,122871693,5.483947,0.588779,0.078614235
1750940541521,122871693,5.483947,0.588779,0.078614235
1750940541538,122888360,2.7584388,0.95860493,-0.046751022
1750940541538,122888360,2.7584388,0.95860493,-0.046751022
1750940541555,122905027,1.6929008,1.2328922,0.99098206
1750940541555,122905027,1.6929008,1.2328922,0.99098206
1750940541571,122921694,0.64085186,0.81601214,1.8464403
1750940541571,122921694,0.64085186,0.81601214,1.8464403
1750940541588,122938361,1.213771,0.29109812,1.6442165
1750940541588,122938361,1.213771,0.29109812,1.6442165
1750940541605,122955028,1.0922815,0.32014844,0.7816553
1750940541605,122955028,1.0922815,0.32014844,0.7816553
1750940541621,122971695,-0.35622108,1.014186,-0.00946331
1750940541621,122971695,-0.35622108,1.014186,-0.00946331
1750940541638,122988362,-0.96938956,1.4072927,-0.14020443
1750940541638,122988362,-0.96938956,1.4072927,-0.14020443
1750940541655,123005029,-0.64406556,0.81866044,-0.1168375
1750940541655,123005029,-0.64406556,0.81866044,-0.1168375
1750940541671,123021696,0.3297424,0.028242761,0.5022087
1750940541671,123021696,0.3297424,0.028242761,0.5022087
1750940541688,123038363,0.43807334,-0.14694469,0.30041695
1750940541688,123038363,0.43807334,-0.14694469,0.30041695
1750940541705,123055030,-0.5532272,0.13069429,-0.049098015
1750940541705,123055030,-0.5532272,0.13069429,-0.049098015
1750940541721,123071697,-1.3813387,0.45254913,-0.18899155
1750940541721,123071697,-1.3813387,0.45254913,-0.18899155
1750940541738,123088364,-1.2823497,0.5004024,-0.2035017
1750940541738,123088364,-1.2823497,0.5004024,-0.2035017
1750940541755,123105031,-1.2505819,0.18540154,-0.24506664
1750940541755,123105031,-1.2505819,0.18540154,-0.24506664
1750940541771,123121698,-0.3655228,-0.032316398,-0.02965355
1750940541771,123121698,-0.3655228,-0.032316398,-0.02965355
1750940541788,123138365,-0.3282261,-0.14728297,0.24339676
1750940541788,123138365,-0.3282261,-0.14728297,0.24339676
1750940541805,123155032,0.046939954,0.0960823,0.0785408
1750940541805,123155032,0.046939954,0.0960823,0.0785408
1750940541821,123171699,0.03725201,0.20377262,-0.07393074
1750940541821,123171699,0.03725201,0.20377262,-0.07393074
1750940541838,123188366,-0.2718749,0.2821869,-0.1722765
1750940541838,123188366,-0.2718749,0.2821869,-0.1722765
1750940541855,123205033,-0.6869143,0.2940827,-0.18436718
1750940541855,123205033,-0.6869143,0.2940827,-0.18436718
1750940541871,123221700,-0.9169429,0.062230702,-0.0131082535
1750940541871,123221700,-0.9169429,0.062230702,-0.0131082535
1750940541888,123238367,-0.944346,-0.31595233,0.22319889
1750940541888,123238367,-0.944346,-0.31595233,0.22319889
1750940541905,123255034,-0.9255978,-0.6043764,0.33347988
1750940541905,123255034,-0.9255978,-0.6043764,0.33347988
1750940541921,123271701,-0.8473188,-1.0641452,0.5520582
1750940541921,123271701,-0.8473188,-1.0641452,0.5520582
1750940541938,123288368,-0.84757096,-1.293799,0.7651491
1750940541938,123288368,-0.84757096,-1.293799,0.7651491
1750940541955,123305035,-1.17811,-1.472879,1.0237379
1750940541955,123305035,-1.17811,-1.472879,1.0237379
1750940541971,123321702,-0.9283736,-1.7182903,1.0260477
1750940541971,123321702,-0.9283736,-1.7182903,1.0260477
1750940541988,123338369,-0.4044525,-1.8605181,1.1720037
1750940541988,123338369,-0.4044525,-1.8605181,1.1720037
1750940542005,123355036,-1.6523508,-2.184828,1.6436052
1750940542005,123355036,-1.6523508,-2.184828,1.6436052
1750940542021,123371703,-2.1561744,-2.5157182,1.9967976
1750940542021,123371703,-2.1561744,-2.5157182,1.9967976
1750940542038,123388370,-2.6963663,-3.7220495,2.3460188
1750940542038,123388370,-2.6963663,-3.7220495,2.3460188
1750940542055,123405037,-3.09811,-5.094559,2.501831
1750940542055,123405037,-3.09811,-5.094559,2.501831
1750940542071,123421704,-3.4708397,-6.9732456,2.3433084
1750940542071,123421704,-3.4708397,-6.9732456,2.3433084
1750940542088,123438371,-5.4562488,-10.018127,2.5561295
1750940542088,123438371,-5.4562488,-10.018127,2.5561295
1750940542105,123455038,-8.133259,-13.680209,2.4404793
1750940542105,123455038,-8.133259,-13.680209,2.4404793
1750940542121,123471705,-12.085841,-13.370629,0.37567806
1750940542121,123471705,-12.085841,-13.370629,0.37567806
1750940542138,123488372,-11.114483,-5.053298,2.9514017
1750940542138,123488372,-11.114483,-5.053298,2.9514017
1750940542155,123505039,-8.892395,-7.200299,4.766754
1750940542155,123505039,-8.892395,-7.200299,4.766754
1750940542171,123521706,-4.3434258,-9.944329,2.996356
1750940542171,123521706,-4.3434258,-9.944329,2.996356
1750940542188,123538373,-3.4484942,-6.8454347,1.6100531
1750940542188,123538373,-3.4484942,-6.8454347,1.6100531
1750940542205,123555040,-5.6189303,-5.3411245,-1.7582388
1750940542205,123555040,-5.6189303,-5.3411245,-1.7582388
1750940542221,123571707,-5.9675384,-2.428383,-1.0292282
1750940542221,123571707,-5.9675384,-2.428383,-1.0292282
1750940542238,123588374,-8.545618,-4.563573,-5.4758816
1750940542238,123588374,-8.545618,-4.563573,-5.4758816
1750940542255,123605041,-4.5849476,-3.4003253,-8.892869
1750940542255,123605041,-4.5849476,-3.4003253,-8.892869
1750940542271,123621708,-4.4916935,-3.5280101,-8.921702
1750940542271,123621708,-4.4916935,-3.5280101,-8.921702
1750940542288,123638375,-3.1039853,-3.2199924,-8.03092
1750940542288,123638375,-3.1039853,-3.2199924,-8.03092
1750940542305,123655042,-2.7964225,-1.9730206,-7.0088186
1750940542305,123655042,-2.7964225,-1.9730206,-7.0088186
1750940542321,123671709,-3.1089945,-1.3958755,-6.1889076
1750940542321,123671709,-3.1089945,-1.3958755,-6.1889076
1750940542338,123688376,-3.4697793,-1.9876788,-5.786588
1750940542338,123688376,-3.4697793,-1.9876788,-5.786588
1750940542355,123705043,-3.8724825,-2.9562624,-4.7987084
1750940542355,123705043,-3.8724825,-2.9562624,-4.7987084
1750940542371,123721710,-3.1276913,-3.2853847,-3.4070702
1750940542371,123721710,-3.1276913,-3.2853847,-3.4070702
1750940542388,123738377,-1.171038,-3.3372855,-1.5325203
1750940542388,123738377,-1.171038,-3.3372855,-1.5325203
1750940542405,123755044,-0.9591446,-3.000767,0.72552395
1750940542405,123755044,-0.9591446,-3.000767,0.72552395
1750940542421,123771711,-0.8146462,-2.296183,3.320819
1750940542421,123771711,-0.8146462,-2.296183,3.320819
1750940542438,123788378,0.15709698,-0.13406217,4.666707
1750940542438,123788378,0.15709698,-0.13406217,4.666707
1750940542455,123805045,1.3415627,1.6517323,5.6621933
1750940542455,123805045,1.3415627,1.6517323,5.6621933
1750940542471,123821712,1.9493133,3.6166446,6.169897
1750940542471,123821712,1.9493133,3.6166446,6.169897
1750940542488,123838379,-0.3568952,6.340952,6.6935406
1750940542488,123838379,-0.3568952,6.340952,6.6935406
1750940542505,123855046,-0.07071503,8.709765,8.309954
1750940542505,123855046,-0.07071503,8.709765,8.309954
1750940542521,123871713,1.101484,12.555778,9.11059
1750940542521,123871713,1.101484,12.555778,9.11059
1750940542538,123888380,3.1039379,13.756946,5.178214
1750940542538,123888380,3.1039379,13.756946,5.178214
1750940542555,123905047,16.002562,9.260577,-1.1827297
1750940542555,123905047,16.002562,9.260577,-1.1827297
1750940542571,123921714,17.484291,16.414694,-8.159982
1750940542571,123921714,17.484291,16.414694,-8.159982
1750940542588,123938381,9.194487,20.61396,-14.4976015
1750940542588,123938381,9.194487,20.61396,-14.4976015
1750940542605,123955048,7.493647,14.264408,-12.9398
1750940542605,123955048,7.493647,14.264408,-12.9398
1750940542621,123971715,7.490444,13.45961,-7.1279993
1750940542621,123971715,7.490444,13.45961,-7.1279993
1750940542638,123988382,6.0208282,6.900103,-1.5263405
1750940542638,123988382,6.0208282,6.900103,-1.5263405
1750940542655,124005049,-4.2361073,-6.6486382,10.005363
1750940542655,124005049,-4.2361073,-6.6486382,10.005363
1750940542671,124021716,4.6699,-1.3641725,0.28543186
1750940542671,124021716,4.6699,-1.3641725,0.28543186
1750940542688,124038383,14.097638,1.289978,4.4359703
1750940542688,124038383,14.097638,1.289978,4.4359703
1750940542705,124055050,4.306937,7.030033,6.110365
1750940542705,124055050,4.306937,7.030033,6.110365
1750940542721,124071717,-4.650738,9.672952,1.8909864
1750940542721,124071717,-4.650738,9.672952,1.8909864
1750940542738,124088384,-1.5859107,6.268438,0.96764946
1750940542738,124088384,-1.5859107,6.268438,0.96764946
1750940542755,124105051,3.3347723,3.1854396,0.22779179
1750940542755,124105051,3.3347723,3.1854396,0.22779179
1750940542771,124121718,6.267058,-0.15257905,-1.1971569
1750940542771,124121718,6.267058,-0.15257905,-1.1971569
1750940542788,124138385,5.2269945,-0.6443469,-0.51159763
1750940542788,124138385,5.2269945,-0.6443469,-0.51159763
1750940542805,124155052,4.241224,-0.33302155,1.3251457
1750940542805,124155052,4.241224,-0.33302155,1.3251457
1750940542821,124171719,2.4990737,-0.57141465,2.409071
1750940542821,124171719,2.4990737,-0.57141465,2.409071
1750940542838,124188386,1.6046398,0.2301818,2.2734919
1750940542838,124188386,1.6046398,0.2301818,2.2734919
1750940542855,124205053,-0.18284477,0.77212024,0.43412495
1750940542855,124205053,-0.18284477,0.77212024,0.43412495
1750940542871,124221720,-1.3340161,1.527673,-0.43807316
1750940542871,124221720,-1.3340161,1.527673,-0.43807316
1750940542888,124238387,-1.2488139,1.2259959,-0.43416214
1750940542888,124238387,-1.2488139,1.2259959,-0.43416214
1750940542905,124255054,-0.8043619,0.49224928,-0.24548244
1750940542905,124255054,-0.8043619,0.49224928,-0.24548244
1750940542921,124271721,0.026669119,-0.66863877,0.26240635
1750940542921,124271721,0.026669119,-0.66863877,0.26240635
1750940542938,124288388,-0.4962694,-0.78515935,0.17393112
1750940542938,124288388,-0.4962694,-0.78515935,0.17393112
1750940542955,124305055,-0.5823344,-0.37994173,0.17738724
1750940542955,124305055,-0.5823344,-0.37994173,0.17738724
1750940542971,124321722,-1.8053671,0.075867675,0.22027302
1750940542971,124321722,-1.8053671,0.075867675,0.22027302
1750940542988,124338389,-1.7605698,0.3385068,-0.18987465
1750940542988,124338389,-1.7605698,0.3385068,-0.18987465
1750940543005,124355056,-0.5202032,-0.10903197,-0.07079506
1750940543005,124355056,-0.5202032,-0.10903197,-0.07079506
1750940543021,124371723,-0.2592169,-0.14395028,0.22333527
1750940543021,124371723,-0.2592169,-0.14395028,0.22333527
1750940543038,124388390,0.74199504,-0.26665533,0.13180542
1750940543038,124388390,0.74199504,-0.26665533,0.13180542
1750940543055,124405057,0.34207362,-0.0318991,0.12502575
1750940543055,124405057,0.34207362,-0.0318991,0.12502575
1750940543071,124421724,0.07880307,0.40973064,-0.12582111
1750940543071,124421724,0.07880307,0.40973064,-0.12582111
1750940543088,124438391,-0.10663937,0.6119234,-0.24741077
1750940543088,124438391,-0.10663937,0.6119234,-0.24741077
1750940543105,124455058,-0.090803035,0.46475664,-0.11572361
1750940543105,124455058,-0.090803035,0.46475664,-0.11572361
1750940543121,124471725,-0.039863534,0.12708344,0.30222893
1750940543121,124471725,-0.039863534,0.12708344,0.30222893
1750940543138,124488392,0.13308543,-0.3180853,0.5350523
1750940543138,124488392,0.13308543,-0.3180853,0.5350523
1750940543155,124505059,-0.011220797,-0.5969634,0.43195915
1750940543155,124505059,-0.011220797,-0.5969634,0.43195915
1750940543171,124521726,-0.23095728,-0.9303132,0.48736382
1750940543171,124521726,-0.23095728,-0.9303132,0.48736382
1750940543188,124538393,-0.892962,-1.0209177,0.53962994
1750940543188,124538393,-0.892962,-1.0209177,0.53962994
1750940543205,124555060,-1.2446007,-1.12274,0.70267296
1750940543205,124555060,-1.2446007,-1.12274,0.70267296
1750940543221,124571727,-1.3344582,-1.3258362,0.7460575
1750940543221,124571727,-1.3344582,-1.3258362,0.7460575
1750940543238,124588394,-0.9456851,-1.8273431,0.736722
1750940543238,124588394,-0.9456851,-1.8273431,0.736722
1750940543255,124605061,-1.5747968,-2.3024328,1.6860046
1750940543255,124605061,-1.5747968,-2.3024328,1.6860046
1750940543271,124621728,-1.7609111,-3.338334,2.6064262
1750940543271,124621728,-1.7609111,-3.338334,2.6064262
1750940543288,124638395,-2.2605908,-4.9513736,3.276166
1750940543288,124638395,-2.2605908,-4.9513736,3.276166
1750940543305,124655062,-2.6386392,-7.077859,3.7890282
1750940543305,124655062,-2.6386392,-7.077859,3.7890282
1750940543321,124671729,-4.1823597,-10.300278,4.1071205
1750940543321,124671729,-4.1823597,-10.300278,4.1071205
1750940543338,124688396,-10.310081,-14.272767,2.97507
1750940543338,124688396,-10.310081,-14.272767,2.97507
1750940543355,124705063,-10.978026,-15.844043,3.8887167
1750940543355,124705063,-10.978026,-15.844043,3.8887167
1750940543371,124721730,-10.209704,-7.781785,3.5621939
1750940543371,124721730,-10.209704,-7.781785,3.5621939
1750940543388,124738397,-11.112365,-8.226469,1.0744257
1750940543388,124738397,-11.112365,-8.226469,1.0744257
1750940543405,124755064,-9.031501,-5.8264713,3.4189463
1750940543405,124755064,-9.031501,-5.8264713,3.4189463
1750940543421,124771731,-5.203554,-2.8303304,1.1178169
1750940543421,124771731,-5.203554,-2.8303304,1.1178169
1750940543438,124788398,-3.72753,-3.808929,-0.93106365
1750940543438,124788398,-3.72753,-3.808929,-0.93106365
1750940543455,124805065,-5.538313,-2.4413874,-3.5926032
1750940543455,124805065,-5.538313,-2.4413874,-3.5926032
1750940543471,124821732,-9.880779,-5.1122828,-9.175749
1750940543471,124821732,-9.880779,-5.1122828,-9.175749
1750940543488,124838399,-4.242634,-3.6013978,-10.497951
1750940543488,124838399,-4.242634,-3.6013978,-10.497951
1750940543505,124855066,-3.0503018,-2.6194375,-8.999652
1750940543505,124855066,-3.0503018,-2.6194375,-8.999652
1750940543521,124871733,-2.9414384,-1.7042476,-7.8986087
1750940543521,124871733,-2.9414384,-1.7042476,-7.8986087
1750940543538,124888400,-3.4749005,-1.9165007,-7.490705
1750940543538,124888400,-3.4749005,-1.9165007,-7.490705
1750940543555,124905067,-4.336723,-2.0190341,-6.496361
1750940543555,124905067,-4.336723,-2.0190341,-6.496361
1750940543571,124921734,-4.202198,-1.6938381,-5.522348
1750940543571,124921734,-4.202198,-1.6938381,-5.522348
1750940543588,124938401,-4.250486,-1.5976145,-4.0574017
1750940543588,124938401,-4.250486,-1.5976145,-4.0574017
1750940543605,124955068,-3.5612648,-1.2825614,-2.004024
1750940543605,124955068,-3.5612648,-1.2825614,-2.004024
1750940543621,124971735,-2.4407012,-1.4312851,0.8360987
1750940543621,124971735,-2.4407012,-1.4312851,0.8360987
1750940543638,124988402,-1.6586494,0.4105877,3.7989483
1750940543638,124988402,-1.6586494,0.4105877,3.7989483
1750940543655,125005069,-2.0417984,4.8075013,6.271372
1750940543655,125005069,-2.0417984,4.8075013,6.271372
1750940543671,125021736,-3.3282764,7.053723,6.6698875
1750940543671,125021736,-3.3282764,7.053723,6.6698875
1750940543688,125038403,-3.997008,9.500831,7.6849804
1750940543688,125038403,-3.997008,9.500831,7.6849804
1750940543705,125055070,-2.6609306,12.333834,9.298454
1750940543705,125055070,-2.6609306,12.333834,9.298454
1750940543721,125071737,0.069199614,12.913975,6.716898
1750940543721,125071737,0.069199614,12.913975,6.716898
1750940543738,125088404,0.50118667,12.319773,2.5885239
1750940543738,125088404,0.50118667,12.319773,2.5885239
1750940543755,125105071,2.8934355,11.532521,2.1446915
1750940543755,125105071,2.8934355,11.532521,2.1446915
1750940543771,125121738,4.1920605,12.11885,0.6592531
1750940543771,125121738,4.1920605,12.11885,0.6592531
1750940543788,125138405,6.3885875,12.261037,-1.7380152
1750940543788,125138405,6.3885875,12.261037,-1.7380152
1750940543805,125155072,14.189033,5.5899234,-4.8623734
1750940543805,125155072,14.189033,5.5899234,-4.8623734
1750940543821,125171739,11.543099,6.184945,-6.857581
1750940543821,125171739,11.543099,6.184945,-6.857581
1750940543838,125188406,11.661964,4.5132713,-5.256266
1750940543838,125188406,11.661964,4.5132713,-5.256266
1750940543855,125205073,10.533828,4.0643177,-3.7313652
1750940543855,125205073,10.533828,4.0643177,-3.7313652
1750940543871,125221740,9.23057,2.8607295,-3.3055983
1750940543871,125221740,9.23057,2.8607295,-3.3055983
1750940543888,125238407,8.014638,2.5614278,-2.5263462
1750940543888,125238407,8.014638,2.5614278,-2.5263462
1750940543905,125255074,6.3331337,2.1963863,-2.139841
1750940543905,125255074,6.3331337,2.1963863,-2.139841
1750940543921,125271741,4.353151,2.1873913,-2.5993047
1750940543921,125271741,4.353151,2.1873913,-2.5993047
1750940543938,125288408,4.0272655,0.59653574,-2.8501296
1750940543938,125288408,4.0272655,0.59653574,-2.8501296
1750940543955,125305075,2.1231134,8.413638,-3.382824
1750940543955,125305075,2.1231134,8.413638,-3.382824
1750940543971,125321742,-2.7200217,3.4419677,5.0389185
1750940543971,125321742,-2.7200217,3.4419677,5.0389185
1750940543988,125338409,-0.19499896,-5.7793374,7.369835
1750940543988,125338409,-0.19499896,-5.7793374,7.369835
1750940544005,125355076,19.04426,0.41657186,4.817503
1750940544005,125355076,19.04426,0.41657186,4.817503
1750940544021,125371743,2.1089363,-7.2295365,9.027304
1750940544021,125371743,2.1089363,-7.2295365,9.027304
1750940544038,125388410,-0.16857213,2.0493174,-1.1981554
1750940544038,125388410,-0.16857213,2.0493174,-1.1981554
1750940544055,125405077,0.80044705,-1.4664418,-2.2113948
1750940544055,125405077,0.80044705,-1.4664418,-2.2113948
1750940544071,125421744,1.441642,-2.6258628,1.5654135
1750940544071,125421744,1.441642,-2.6258628,1.5654135
1750940544088,125438411,0.49915227,0.9564714,2.2042704
1750940544088,125438411,0.49915227,0.9564714,2.2042704
1750940544105,125455078,1.6311909,-0.4348307,0.13770771
1750940544105,125455078,1.6311909,-0.4348307,0.13770771
1750940544121,125471745,1.0668528,-1.1312033,0.17158508
1750940544121,125471745,1.0668528,-1.1312033,0.17158508
1750940544138,125488412,0.3669895,-0.6474302,0.76080227
1750940544138,125488412,0.3669895,-0.6474302,0.76080227
1750940544155,125505079,0.1756271,-0.21756561,0.7167816
1750940544155,125505079,0.1756271,-0.21756561,0.7167816
1750940544171,125521746,0.4928796,-1.5641336,0.37747574
1750940544171,125521746,0.4928796,-1.5641336,0.37747574
1750940544188,125538413,0.05471508,-0.791338,0.44997883
1750940544188,125538413,0.05471508,-0.791338,0.44997883
1750940544205,125555080,0.023142084,-0.54433393,0.3551283
1750940544205,125555080,0.023142084,-0.54433393,0.3551283
1750940544221,125571747,0.043344527,-0.9452043,0.4736433
1750940544221,125571747,0.043344527,-0.9452043,0.4736433
1750940544238,125588414,-0.25563937,-1.3401713,0.54177094
1750940544238,125588414,-0.25563937,-1.3401713,0.54177094
1750940544255,125605081,-0.195716,-1.9214164,0.61050034
1750940544255,125605081,-0.195716,-1.9214164,0.61050034
1750940544271,125621748,-0.4062728,-1.4803383,0.5461817
1750940544271,125621748,-0.4062728,-1.4803383,0.5461817
1750940544288,125638415,-0.3405506,-0.17176467,0.46197796
1750940544288,125638415,-0.3405506,-0.17176467,0.46197796
1750940544305,125655082,-0.36906013,-0.28592312,0.28030014
1750940544305,125655082,-0.36906013,-0.28592312,0.28030014
1750940544321,125671749,-0.59666204,-1.2115835,0.019384384
1750940544321,125671749,-0.59666204,-1.2115835,0.019384384
1750940544338,125688416,-1.0352347,-3.0371299,0.20474339
1750940544338,125688416,-1.0352347,-3.0371299,0.20474339
1750940544355,125705083,-1.7743218,-5.8675423,0.23279381
1750940544355,125705083,-1.7743218,-5.8675423,0.23279381
1750940544371,125721750,-2.7821481,-4.7517023,0.30512238
1750940544371,125721750,-2.7821481,-4.7517023,0.30512238
1750940544388,125738417,-2.9291623,-3.0805836,0.38163662
1750940544388,125738417,-2.9291623,-3.0805836,0.38163662
1750940544405,125755084,-2.9617023,-1.6935586,0.14263535
1750940544405,125755084,-2.9617023,-1.6935586,0.14263535
1750940544421,125771751,-2.3897276,-0.88395506,-0.40271568
1750940544421,125771751,-2.3897276,-0.88395506,-0.40271568
1750940544438,125788418,-1.6972148,0.06598795,-0.5809202
1750940544438,125788418,-1.6972148,0.06598795,-0.5809202
1750940544455,125805085,-0.6973298,1.4934835,-0.7376814
1750940544455,125805085,-0.6973298,1.4934835,-0.7376814
1750940544471,125821752,0.4729914,1.6383185,-0.8738136
1750940544471,125821752,0.4729914,1.6383185,-0.8738136
1750940544488,125838419,1.679108,2.204364,-0.6343136
1750940544488,125838419,1.679108,2.204364,-0.6343136
1750940544505,125855086,2.52109,1.9212043,-0.42616558
1750940544505,125855086,2.52109,1.9212043,-0.42616558
1750940544521,125871753,2.7011554,1.4999679,-0.3751297
1750940544521,125871753,2.7011554,1.4999679,-0.3751297
1750940544538,125888420,2.6996238,1.0928375,-0.73842525
1750940544538,125888420,2.6996238,1.0928375,-0.73842525
1750940544555,125905087,2.7780876,1.1238153,-0.9740696
1750940544555,125905087,2.7780876,1.1238153,-0.9740696
1750940544571,125921754,2.6257398,1.3264194,-0.40106583
1750940544571,125921754,2.6257398,1.3264194,-0.40106583
1750940544588,125938421,2.0596879,0.95320755,-0.11895275
1750940544588,125938421,2.0596879,0.95320755,-0.11895275
1750940544605,125955088,1.7792367,0.83036315,-0.19170094
1750940544605,125955088,1.7792367,0.83036315,-0.19170094
1750940544621,125971755,1.4009184,0.61586046,0.15622616
1750940544621,125971755,1.4009184,0.61586046,0.15622616
1750940544638,125988422,0.1005292,-0.026906714,0.91341686
1750940544638,125988422,0.1005292,-0.026906714,0.91341686
1750940544655,126005089,-1.0497494,-0.22401452,1.2480049
1750940544655,126005089,-1.0497494,-0.22401452,1.2480049
1750940544671,126021756,-1.6040395,-0.34343636,1.1894035
1750940544671,126021756,-1.6040395,-0.34343636,1.1894035
1750940544688,126038423,-1.7579584,-0.2338321,1.1335669
1750940544688,126038423,-1.7579584,-0.2338321,1.1335669
1750940544705,126055090,-1.2576437,0.0011117534,0.96068096
1750940544705,126055090,-1.2576437,0.0011117534,0.96068096
1750940544721,126071757,-0.80445755,0.11197887,0.6980314
1750940544721,126071757,-0.80445755,0.11197887,0.6980314
1750940544738,126088424,-0.42221576,0.017592257,0.44796658
1750940544738,126088424,-0.42221576,0.017592257,0.44796658
1750940544755,126105091,-0.5824763,-0.11349049,0.33191013
1750940544755,126105091,-0.5824763,-0.11349049,0.33191013
1750940544771,126121758,-0.4272638,-0.010744939,0.29764843
1750940544771,126121758,-0.4272638,-0.010744939,0.29764843
1750940544788,126138425,-0.23945457,0.16820066,0.3071804
1750940544788,126138425,-0.23945457,0.16820066,0.3071804
1750940544805,126155092,-0.08371097,0.3257194,0.2897501
1750940544805,126155092,-0.08371097,0.3257194,0.2897501
1750940544821,126171759,-0.12849313,0.53729653,0.41854382
1750940544821,126171759,-0.12849313,0.53729653,0.41854382
1750940544838,126188426,-0.18733425,0.8112747,0.4841814
1750940544838,126188426,-0.18733425,0.8112747,0.4841814
1750940544855,126205093,-0.38935623,0.91489553,0.5742521
1750940544855,126205093,-0.38935623,0.91489553,0.5742521
1750940544871,126221760,-0.2587547,1.5114279,0.7518425
1750940544871,126221760,-0.2587547,1.5114279,0.7518425
1750940544888,126238427,-0.072470725,2.0728624,0.953187
1750940544888,126238427,-0.072470725,2.0728624,0.953187
1750940544905,126255094,0.021594035,2.7777503,1.1791601
1750940544905,126255094,0.021594035,2.7777503,1.1791601
1750940544921,126271761,1.0161998,3.8805711,1.1199446
1750940544921,126271761,1.0161998,3.8805711,1.1199446
1750940544938,126288428,2.1919794,5.1519775,0.8370514
1750940544938,126288428,2.1919794,5.1519775,0.8370514
1750940544955,126305095,3.7142963,6.8877997,0.5271883
1750940544955,126305095,3.7142963,6.8877997,0.5271883
1750940544971,126321762,4.9548674,7.600287,0.62534237
1750940544971,126321762,4.9548674,7.600287,0.62534237
1750940544988,126338429,6.844622,7.877435,0.410038
1750940544988,126338429,6.844622,7.877435,0.410038
1750940545005,126355096,3.4581826,5.7988844,1.8348436
1750940545005,126355096,3.4581826,5.7988844,1.8348436
1750940545021,126371763,5.242606,3.5341103,3.9952526
1750940545021,126371763,5.242606,3.5341103,3.9952526
1750940545038,126388430,7.4281125,2.7949014,4.793931
1750940545038,126388430,7.4281125,2.7949014,4.793931
1750940545055,126405097,4.271147,1.2717369,4.4148035
1750940545055,126405097,4.271147,1.2717369,4.4148035
1750940545071,126421764,3.5948775,2.6982398,2.1030426
1750940545071,126421764,3.5948775,2.6982398,2.1030426
1750940545088,126438431,7.083873,6.4993377,-1.7561398
1750940545088,126438431,7.083873,6.4993377,-1.7561398
1750940545105,126455098,7.0019493,8.608254,-3.61271
1750940545105,126455098,7.0019493,8.608254,-3.61271
1750940545121,126471765,4.1731515,6.0348506,-4.97716
1750940545121,126471765,4.1731515,6.0348506,-4.97716
1750940545138,126488432,2.8863995,4.6235895,-4.265002
1750940545138,126488432,2.8863995,4.6235895,-4.265002
1750940545155,126505099,4.7571826,4.155501,-4.401723
1750940545155,126505099,4.7571826,4.155501,-4.401723
1750940545171,126521766,4.5065165,3.6876812,-3.9841523
1750940545171,126521766,4.5065165,3.6876812,-3.9841523
1750940545188,126538433,2.2449768,4.276433,-3.5238585
1750940545188,126538433,2.2449768,4.276433,-3.5238585
1750940545205,126555100,1.4026585,4.130424,-3.3102856
1750940545205,126555100,1.4026585,4.130424,-3.3102856
1750940545221,126571767,1.6595132,3.8972282,-2.8759398
1750940545221,126571767,1.6595132,3.8972282,-2.8759398
1750940545238,126588434,1.7362322,3.3289268,-2.3493543
1750940545238,126588434,1.7362322,3.3289268,-2.3493543
1750940545255,126605101,1.9274774,3.157273,-1.7050409
1750940545255,126605101,1.9274774,3.157273,-1.7050409
1750940545271,126621768,1.5892618,2.6491942,-0.6492605
1750940545271,126621768,1.5892618,2.6491942,-0.6492605
1750940545288,126638435,1.5249699,1.8959098,0.5815439
1750940545288,126638435,1.5249699,1.8959098,0.5815439
1750940545305,126655102,1.8266115,0.6080431,1.5908709
1750940545305,126655102,1.8266115,0.6080431,1.5908709
1750940545321,126671769,1.454876,-0.6554408,3.1619358
1750940545321,126671769,1.454876,-0.6554408,3.1619358
1750940545338,126688436,0.86903167,-2.4120638,4.760227
1750940545338,126688436,0.86903167,-2.4120638,4.760227
1750940545355,126705103,0.68151504,-3.8570857,5.195689
1750940545355,126705103,0.68151504,-3.8570857,5.195689
1750940545371,126721770,0.43139815,-4.9738617,5.335247
1750940545371,126721770,0.43139815,-4.9738617,5.335247
1750940545388,126738437,-1.6314502,-6.1982675,5.456377
1750940545388,126738437,-1.6314502,-6.1982675,5.456377
1750940545405,126755104,-3.5122838,-7.8252707,5.1299925
1750940545405,126755104,-3.5122838,-7.8252707,5.1299925
1750940545421,126771771,-3.7367334,-9.534204,4.395649
1750940545421,126771771,-3.7367334,-9.534204,4.395649
1750940545438,126788438,-6.511712,-9.599591,3.12533
1750940545438,126788438,-6.511712,-9.599591,3.12533
1750940545455,126805105,-9.751359,-9.316845,-0.40560436
1750940545455,126805105,-9.751359,-9.316845,-0.40560436
1750940545471,126821772,-9.930422,-13.730707,-4.058522
1750940545471,126821772,-9.930422,-13.730707,-4.058522
1750940545488,126838439,-15.8957815,-14.200188,-13.2516575
1750940545488,126838439,-15.8957815,-14.200188,-13.2516575
1750940545505,126855106,-14.233411,-12.213664,-16.711485
1750940545505,126855106,-14.233411,-12.213664,-16.711485
1750940545521,126871773,-8.791221,-12.543206,-12.813845
1750940545521,126871773,-8.791221,-12.543206,-12.813845
1750940545538,126888440,-5.776631,-12.002724,-7.204359
1750940545538,126888440,-5.776631,-12.002724,-7.204359
1750940545555,126905107,-1.5859056,-2.5124252,1.499527
1750940545555,126905107,-1.5859056,-2.5124252,1.499527
1750940545571,126921774,6.154224,4.467376,9.18026
1750940545571,126921774,6.154224,4.467376,9.18026
1750940545588,126938441,-6.400409,-2.0620701,-2.0557742
1750940545588,126938441,-6.400409,-2.0620701,-2.0557742
1750940545605,126955108,-10.787195,-2.465207,6.283081
1750940545605,126955108,-10.787195,-2.465207,6.283081
1750940545621,126971775,-7.466481,-6.7268324,4.5825396
1750940545621,126971775,-7.466481,-6.7268324,4.5825396
1750940545638,126988442,-5.2239566,-6.219309,1.1545877
1750940545638,126988442,-5.2239566,-6.219309,1.1545877
1750940545655,127005109,-0.38770756,-5.771931,2.2289762
1750940545655,127005109,-0.38770756,-5.771931,2.2289762
1750940545671,127021776,-0.048385303,-4.073534,-0.63346195
1750940545671,127021776,-0.048385303,-4.073534,-0.63346195
1750940545688,127038443,-2.1848793,-2.197148,-2.3770137
1750940545688,127038443,-2.1848793,-2.197148,-2.3770137
1750940545705,127055110,-2.8003526,-2.2362409,-1.2553806
1750940545705,127055110,-2.8003526,-2.2362409,-1.2553806
1750940545721,127071777,-3.2032616,-1.2949198,0.5026636
1750940545721,127071777,-3.2032616,-1.2949198,0.5026636
1750940545738,127088444,-4.929015,-0.50098866,2.0565462
1750940545738,127088444,-4.929015,-0.50098866,2.0565462
1750940545755,127105111,-5.012085,0.22090769,2.5327177
1750940545755,127105111,-5.012085,0.22090769,2.5327177
1750940545771,127121778,-1.5786943,-0.74835366,0.023874283
1750940545771,127121778,-1.5786943,-0.74835366,0.023874283
1750940545788,127138445,0.6282118,-1.814312,-0.5096636
1750940545788,127138445,0.6282118,-1.814312,-0.5096636
1750940545805,127155112,0.37694913,-1.5342238,-0.087973595
1750940545805,127155112,0.37694913,-1.5342238,-0.087973595
1750940545821,127171779,-0.19985819,-1.0086195,-0.35417938
1750940545821,127171779,-0.19985819,-1.0086195,-0.35417938
1750940545838,127188446,-1.0848339,-0.32390985,-0.16404343
1750940545838,127188446,-1.0848339,-0.32390985,-0.16404343
1750940545855,127205113,-0.8358681,0.034069296,-0.58172226
1750940545855,127205113,-0.8358681,0.034069296,-0.58172226
1750940545871,127221780,-0.114047654,0.0148773575,-0.2818985
1750940545871,127221780,-0.114047654,0.0148773575,-0.2818985
1750940545888,127238447,0.5344069,-0.2444159,0.11466503
1750940545888,127238447,0.5344069,-0.2444159,0.11466503
1750940545905,127255114,0.82758677,-0.96862996,0.21234035
1750940545905,127255114,0.82758677,-0.96862996,0.21234035
1750940545921,127271781,-0.5464647,-0.73607665,-0.05602932
1750940545921,127271781,-0.5464647,-0.73607665,-0.05602932
1750940545938,127288448,-1.4426208,-0.6616522,0.028255463
1750940545938,127288448,-1.4426208,-0.6616522,0.028255463
1750940545955,127305115,-1.7683332,-0.6602007,-0.15129852
1750940545955,127305115,-1.7683332,-0.6602007,-0.15129852
1750940545971,127321782,-1.4424605,-0.52815,-0.44156265
1750940545971,127321782,-1.4424605,-0.52815,-0.44156265
1750940545988,127338449,-0.64855117,-0.74026126,0.026964188
1750940545988,127338449,-0.64855117,-0.74026126,0.026964188
1750940546005,127355116,-0.68136203,-0.7461475,0.15287876
1750940546005,127355116,-0.68136203,-0.7461475,0.15287876
1750940546021,127371783,-0.5365042,-0.53930366,0.15894985
1750940546021,127371783,-0.5365042,-0.53930366,0.15894985
1750940546038,127388450,-0.50059605,-0.27996573,0.17250156
1750940546038,127388450,-0.50059605,-0.27996573,0.17250156
1750940546055,127405117,-0.39520526,0.00974103,0.08366394
1750940546055,127405117,-0.39520526,0.00974103,0.08366394
1750940546071,127421784,-0.09912079,0.21814026,0.12418747
1750940546071,127421784,-0.09912079,0.21814026,0.12418747
1750940546088,127438451,0.13598679,0.22165367,0.17036915
1750940546088,127438451,0.13598679,0.22165367,0.17036915
1750940546105,127455118,0.4606302,0.16201046,0.28952885
1750940546105,127455118,0.4606302,0.16201046,0.28952885
1750940546121,127471785,1.0770403,0.017255759,0.49092293
1750940546121,127471785,1.0770403,0.017255759,0.49092293
1750940546138,127488452,-0.20015435,0.20178895,0.34051037
1750940546138,127488452,-0.20015435,0.20178895,0.34051037
1750940546155,127505119,0.30509457,0.4267866,0.91864586
1750940546155,127505119,0.30509457,0.4267866,0.91864586
1750940546171,127521786,0.5098126,0.5680899,1.6760244
1750940546171,127521786,0.5098126,0.5680899,1.6760244
1750940546188,127538453,-0.029048415,1.9128191,2.5308056
1750940546188,127538453,-0.029048415,1.9128191,2.5308056
1750940546205,127555120,-0.97190464,2.9846632,3.0603647
1750940546205,127555120,-0.97190464,2.9846632,3.0603647
1750940546221,127571787,-1.0806565,3.9160848,3.324174
1750940546221,127571787,-1.0806565,3.9160848,3.324174
1750940546238,127588454,0.046810318,4.790461,3.2857876
1750940546238,127588454,0.046810318,4.790461,3.2857876
1750940546255,127605121,1.2050397,6.265361,3.8704538
1750940546255,127605121,1.2050397,6.265361,3.8704538
1750940546271,127621788,4.20488,8.625354,4.096282
1750940546271,127621788,4.20488,8.625354,4.096282
1750940546288,127638455,7.5500665,13.036095,4.837327
1750940546288,127638455,7.5500665,13.036095,4.837327
1750940546305,127655122,9.445012,17.192896,5.2487316
1750940546305,127655122,9.445012,17.192896,5.2487316
1750940546321,127671789,10.782775,7.4152737,0.5329046
1750940546321,127671789,10.782775,7.4152737,0.5329046
1750940546338,127688456,7.671812,-0.49433032,3.5024462
1750940546338,127688456,7.671812,-0.49433032,3.5024462
1750940546355,127705123,6.3226075,5.626481,4.8994083
1750940546355,127705123,6.3226075,5.626481,4.8994083
1750940546371,127721790,4.6421833,8.357562,-0.05380249
1750940546371,127721790,4.6421833,8.357562,-0.05380249
1750940546388,127738457,4.596428,6.13508,-1.7411404
1750940546388,127738457,4.596428,6.13508,-1.7411404
1750940546405,127755124,5.4091473,2.846951,-2.2362962
1750940546405,127755124,5.4091473,2.846951,-2.2362962
1750940546421,127771791,4.6484866,-0.96029043,-0.795351
1750940546421,127771791,4.6484866,-0.96029043,-0.795351
1750940546438,127788458,7.026711,-0.89316905,-4.000424
1750940546438,127788458,7.026711,-0.89316905,-4.000424
1750940546455,127805125,5.445978,0.503851,-6.62335
1750940546455,127805125,5.445978,0.503851,-6.62335
1750940546471,127821792,3.3829174,1.3424836,-6.9611063
1750940546471,127821792,3.3829174,1.3424836,-6.9611063
1750940546488,127838459,2.4733284,2.6817298,-7.713279
1750940546488,127838459,2.4733284,2.6817298,-7.713279
1750940546505,127855126,3.091405,1.9729178,-7.1843996
1750940546505,127855126,3.091405,1.9729178,-7.1843996
1750940546521,127871793,3.7762988,1.7223305,-6.710602
1750940546521,127871793,3.7762988,1.7223305,-6.710602
1750940546538,127888460,3.3981683,2.169634,-5.39601
1750940546538,127888460,3.3981683,2.169634,-5.39601
1750940546555,127905127,2.8836436,2.613123,-4.3951497
1750940546555,127905127,2.8836436,2.613123,-4.3951497
1750940546571,127921794,2.4222963,2.0396845,-2.7695718
1750940546571,127921794,2.4222963,2.0396845,-2.7695718
1750940546588,127938461,0.51158977,2.5805464,-0.57875824
1750940546588,127938461,0.51158977,2.5805464,-0.57875824
1750940546605,127955128,-0.35880357,2.619917,0.99702454
1750940546605,127955128,-0.35880357,2.619917,0.99702454
1750940546621,127971795,-0.58880943,1.2692924,2.5573492
1750940546621,127971795,-0.58880943,1.2692924,2.5573492
1750940546638,127988462,0.15572974,-0.18070106,4.182868
1750940546638,127988462,0.15572974,-0.18070106,4.182868
1750940546655,128005129,-1.3744725,-1.6080217,5.2736635
1750940546655,128005129,-1.3744725,-1.6080217,5.2736635
1750940546671,128021796,-3.929698,-2.591083,7.1823006
1750940546671,128021796,-3.929698,-2.591083,7.1823006
1750940546688,128038463,-4.1627517,-5.059618,8.919979
1750940546688,128038463,-4.1627517,-5.059618,8.919979
1750940546705,128055130,-6.409902,-8.147815,10.263554
1750940546705,128055130,-6.409902,-8.147815,10.263554
1750940546721,128071797,-11.103147,-10.916536,8.79818
1750940546721,128071797,-11.103147,-10.916536,8.79818
1750940546738,128088464,-9.140816,-16.24763,0.63568115
1750940546738,128088464,-9.140816,-16.24763,0.63568115
1750940546755,128105131,-17.515184,-19.142265,-14.859674
1750940546755,128105131,-17.515184,-19.142265,-14.859674
1750940546771,128121798,-19.961105,-13.976714,-20.61261
1750940546771,128121798,-19.961105,-13.976714,-20.61261
1750940546788,128138465,-7.6962147,-14.290786,-12.814251
1750940546788,128138465,-7.6962147,-14.290786,-12.814251
1750940546805,128155132,-5.9372625,-15.479133,-7.3006
1750940546805,128155132,-5.9372625,-15.479133,-7.3006
1750940546821,128171799,-3.200894,-3.4888563,2.4992409
1750940546821,128171799,-3.200894,-3.4888563,2.4992409
1750940546838,128188466,4.184413,5.371769,8.427977
1750940546838,128188466,4.184413,5.371769,8.427977
1750940546855,128205133,-11.129724,1.6933126,-1.9530396
1750940546855,128205133,-11.129724,1.6933126,-1.9530396
1750940546871,128221800,-13.831008,-4.744234,5.9858885
1750940546871,128221800,-13.831008,-4.744234,5.9858885
1750940546888,128238467,-4.650192,-9.806502,4.837325
1750940546888,128238467,-4.650192,-9.806502,4.837325
1750940546905,128255134,3.8791008,-8.687278,1.078474
1750940546905,128255134,3.8791008,-8.687278,1.078474
1750940546921,128271801,-4.3940797,-5.0912104,-0.35039425
1750940546921,128271801,-4.3940797,-5.0912104,-0.35039425
1750940546938,128288468,-8.98931,-0.4584539,-0.25130367
1750940546938,128288468,-8.98931,-0.4584539,-0.25130367
1750940546955,128305135,-7.960364,0.69999766,-0.6783867
1750940546955,128305135,-7.960364,0.69999766,-0.6783867
1750940546971,128321802,-3.835848,-0.7119058,-0.03188324
1750940546971,128321802,-3.835848,-0.7119058,-0.03188324
1750940546988,128338469,-2.6028824,-0.7765097,0.3523512
1750940546988,128338469,-2.6028824,-0.7765097,0.3523512
1750940547005,128355136,-2.9447026,0.25528577,1.7666912
1750940547005,128355136,-2.9447026,0.25528577,1.7666912
1750940547021,128371803,-2.1262205,-0.42628077,1.8148918
1750940547021,128371803,-2.1262205,-0.42628077,1.8148918
1750940547038,128388470,-0.11554977,-1.3335599,0.1485939
1750940547038,128388470,-0.11554977,-1.3335599,0.1485939
1750940547055,128405137,0.9659006,-1.9852422,-0.29600906
1750940547055,128405137,0.9659006,-1.9852422,-0.29600906
1750940547071,128421804,0.3273336,-1.5357535,-0.06334877
1750940547071,128421804,0.3273336,-1.5357535,-0.06334877
1750940547088,128438471,-0.79568917,-0.6673266,0.08102608
1750940547088,128438471,-0.79568917,-0.6673266,0.08102608
1750940547105,128455138,-1.3510721,0.17686938,-0.118359566
1750940547105,128455138,-1.3510721,0.17686938,-0.118359566
1750940547121,128471805,-0.98971987,0.057639297,-0.5621643
1750940547121,128471805,-0.98971987,0.057639297,-0.5621643
1750940547138,128488472,-0.65174764,-0.046836246,0.0902071
1750940547138,128488472,-0.65174764,-0.046836246,0.0902071
1750940547155,128505139,0.5610957,-0.49162355,0.34970093
1750940547155,128505139,0.5610957,-0.49162355,0.34970093
1750940547171,128521806,0.8350572,-0.8885571,-0.0052900314
1750940547171,128521806,0.8350572,-0.8885571,-0.0052900314
1750940547188,128538473,-0.40812165,-0.35885307,-0.19568634
1750940547188,128538473,-0.40812165,-0.35885307,-0.19568634
1750940547205,128555140,-1.1782588,-0.024376323,0.1951704
1750940547205,128555140,-1.1782588,-0.024376323,0.1951704
1750940547221,128571807,-1.2153323,0.0029990969,0.12711811
1750940547221,128571807,-1.2153323,0.0029990969,0.12711811
1750940547238,128588474,-1.2922419,-0.29765937,-0.18833828
1750940547238,128588474,-1.2922419,-0.29765937,-0.18833828
1750940547255,128605141,-0.7200813,-0.5183583,-0.16217327
1750940547255,128605141,-0.7200813,-0.5183583,-0.16217327
1750940547271,128621808,-0.45376426,-0.50276446,0.07196522
1750940547271,128621808,-0.45376426,-0.50276446,0.07196522
1750940547288,128638475,-0.38858706,-0.2010641,0.21411324
1750940547288,128638475,-0.38858706,-0.2010641,0.21411324
1750940547305,128655142,-0.22904815,0.39441532,0.51308346
1750940547305,128655142,-0.22904815,0.39441532,0.51308346
1750940547321,128671809,-0.23994787,0.8617335,0.56346226
1750940547321,128671809,-0.23994787,0.8617335,0.56346226
1750940547338,128688476,0.1756681,1.29394,0.7584419
1750940547338,128688476,0.1756681,1.29394,0.7584419
1750940547355,128705143,0.47594076,1.4631194,0.9971914
1750940547355,128705143,0.47594076,1.4631194,0.9971914
1750940547371,128721810,-0.66369593,1.415186,0.8547745
1750940547371,128721810,-0.66369593,1.415186,0.8547745
1750940547388,128738477,-0.15547952,1.646297,1.3831758
1750940547388,128738477,-0.15547952,1.646297,1.3831758
1750940547405,128755144,1.4277416,1.9811918,2.5849228
1750940547405,128755144,1.4277416,1.9811918,2.5849228
1750940547421,128771811,1.9099694,3.07146,3.4006853
1750940547421,128771811,1.9099694,3.07146,3.4006853
1750940547438,128788478,1.3706058,4.386856,3.6872807
1750940547438,128788478,1.3706058,4.386856,3.6872807
1750940547455,128805145,1.4895071,6.2666383,3.9804344
1750940547455,128805145,1.4895071,6.2666383,3.9804344
1750940547471,128821812,3.5539143,8.340299,3.7613268
1750940547471,128821812,3.5539143,8.340299,3.7613268
1750940547488,128838479,4.2940016,13.704301,4.8170958
1750940547488,128838479,4.2940016,13.704301,4.8170958
1750940547505,128855146,6.2855673,16.869278,4.2223587
1750940547505,128855146,6.2855673,16.869278,4.2223587
1750940547521,128871813,9.916349,7.800765,0.94129276
1750940547521,128871813,9.916349,7.800765,0.94129276
1750940547538,128888480,8.889912,2.7672865,3.4348793
1750940547538,128888480,8.889912,2.7672865,3.4348793
1750940547555,128905147,6.809459,7.9315457,3.9485369
1750940547555,128905147,6.809459,7.9315457,3.9485369
1750940547571,128921814,2.6728683,9.001469,0.3981228
1750940547571,128921814,2.6728683,9.001469,0.3981228
1750940547588,128938481,1.9241003,4.2444015,-0.030269623
1750940547588,128938481,1.9241003,4.2444015,-0.030269623
1750940547605,128955148,4.812447,1.3453419,0.32437325
1750940547605,128955148,4.812447,1.3453419,0.32437325
1750940547621,128971815,8.026039,2.772777,-1.1805191
1750940547621,128971815,8.026039,2.772777,-1.1805191
1750940547638,128988482,5.865798,3.338312,-7.5872965
1750940547638,128988482,5.865798,3.338312,-7.5872965
1750940547655,129005149,4.1347322,3.9807556,-9.045904
1750940547655,129005149,4.1347322,3.9807556,-9.045904
1750940547671,129021816,3.733356,3.894648,-8.826097
1750940547671,129021816,3.733356,3.894648,-8.826097
1750940547688,129038483,2.019821,3.7098403,-7.77147
1750940547688,129038483,2.019821,3.7098403,-7.77147
1750940547705,129055150,1.2202601,2.3432071,-6.4507947
1750940547705,129055150,1.2202601,2.3432071,-6.4507947
1750940547721,129071817,1.696071,2.0896494,-5.7881284
1750940547721,129071817,1.696071,2.0896494,-5.7881284
1750940547738,129088484,2.9571226,2.7674725,-5.0518312
1750940547738,129088484,2.9571226,2.7674725,-5.0518312
1750940547755,129105151,2.3534744,3.27398,-3.7917638
1750940547755,129105151,2.3534744,3.27398,-3.7917638
1750940547771,129121818,0.68303525,3.4231615,-2.208517
1750940547771,129121818,0.68303525,3.4231615,-2.208517
1750940547788,129138485,-0.6513172,3.1849418,-0.36885548
1750940547788,129138485,-0.6513172,3.1849418,-0.36885548
1750940547805,129155152,-1.156773,2.716052,1.2330828
1750940547805,129155152,-1.156773,2.716052,1.2330828
1750940547821,129171819,-0.4196402,1.4689437,3.1233988
1750940547821,129171819,-0.4196402,1.4689437,3.1233988
1750940547838,129188486,-0.98238695,-0.3099072,4.695401
1750940547838,129188486,-0.98238695,-0.3099072,4.695401
1750940547855,129205153,-2.188405,-1.7987326,6.3997383
1750940547855,129205153,-2.188405,-1.7987326,6.3997383
1750940547871,129221820,-3.4793792,-4.375608,7.9792213
1750940547871,129221820,-3.4793792,-4.375608,7.9792213
1750940547888,129238487,-4.2079177,-7.8808775,10.626303
1750940547888,129238487,-4.2079177,-7.8808775,10.626303
1750940547905,129255154,-11.265902,-11.037316,10.53714
1750940547905,129255154,-11.265902,-11.037316,10.53714
1750940547921,129271821,-7.2006907,-16.905296,3.5517101
1750940547921,129271821,-7.2006907,-16.905296,3.5517101
1750940547938,129288488,-9.531001,-21.779732,-5.292069
1750940547938,129288488,-9.531001,-21.779732,-5.292069
1750940547955,129305155,-19.523954,-21.135893,-19.443195
1750940547955,129305155,-19.523954,-21.135893,-19.443195
1750940547971,129321822,-13.269083,-17.55746,-17.466026
1750940547971,129321822,-13.269083,-17.55746,-17.466026
1750940547988,129338489,-8.8842325,-16.056358,-11.964542
1750940547988,129338489,-8.8842325,-16.056358,-11.964542
1750940548005,129355156,-3.840598,-0.0657669,5.001604
1750940548005,129355156,-3.840598,-0.0657669,5.001604
1750940548021,129371823,-0.41639212,7.3225694,8.539593
1750940548021,129371823,-0.41639212,7.3225694,8.539593
1750940548038,129388490,-10.916707,-2.8162289,-2.9439764
1750940548038,129388490,-10.916707,-2.8162289,-2.9439764
1750940548055,129405157,-8.787077,-9.442573,7.871441
1750940548055,129405157,-8.787077,-9.442573,7.871441
1750940548071,129421824,3.4270844,-11.012955,5.7164965
1750940548071,129421824,3.4270844,-11.012955,5.7164965
1750940548088,129438491,3.502194,-6.225278,0.23262978
1750940548088,129438491,3.502194,-6.225278,0.23262978
1750940548105,129455158,-8.832236,-4.2039046,-1.592906
1750940548105,129455158,-8.832236,-4.2039046,-1.592906
1750940548121,129471825,-6.4880214,-1.743493,0.38014698
1750940548121,129471825,-6.4880214,-1.743493,0.38014698
1750940548138,129488492,-5.8012605,-0.32599118,-1.961204
1750940548138,129488492,-5.8012605,-0.32599118,-1.961204
1750940548155,129505159,-1.1241933,-2.312993,0.764843
1750940548155,129505159,-1.1241933,-2.312993,0.764843
1750940548171,129521826,-1.0455894,-1.1434178,1.2850275
1750940548171,129521826,-1.0455894,-1.1434178,1.2850275
1750940548188,129538493,-1.9448766,-0.58582145,1.8088017
1750940548188,129538493,-1.9448766,-0.58582145,1.8088017
1750940548205,129555160,-2.5553114,-0.22584039,0.6835327
1750940548205,129555160,-2.5553114,-0.22584039,0.6835327
1750940548221,129571827,-0.8811365,-0.86293346,0.27196503
1750940548221,129571827,-0.8811365,-0.86293346,0.27196503
1750940548238,129588494,-0.19476976,-1.2504749,-0.10690498
1750940548238,129588494,-0.19476976,-1.2504749,-0.10690498
1750940548255,129605161,0.17412737,-1.3666152,0.043560028
1750940548255,129605161,0.17412737,-1.3666152,0.043560028
1750940548271,129621828,-0.5923007,-0.9337969,-0.0027217865
1750940548271,129621828,-0.5923007,-0.9337969,-0.0027217865
1750940548288,129638495,-0.81780094,-0.4839089,0.044175148
1750940548288,129638495,-0.81780094,-0.4839089,0.044175148
1750940548305,129655162,-1.032293,-0.0767311,-0.003926277
1750940548305,129655162,-1.032293,-0.0767311,-0.003926277
1750940548321,129671829,-0.79519045,0.04373411,0.03742504
1750940548321,129671829,-0.79519045,0.04373411,0.03742504
1750940548338,129688496,0.14840187,-0.15373099,0.006959915
1750940548338,129688496,0.14840187,-0.15373099,0.006959915
1750940548355,129705163,0.403059,-0.26754278,0.029738426
1750940548355,129705163,0.403059,-0.26754278,0.029738426
1750940548371,129721830,-0.14430968,-0.15227379,0.08008766
1750940548371,129721830,-0.14430968,-0.15227379,0.08008766
1750940548388,129738497,-0.5727772,-0.012483869,0.13829231
1750940548388,129738497,-0.5727772,-0.012483869,0.13829231
1750940548405,129755164,-1.2420602,-0.09005874,-0.14187336
1750940548405,129755164,-1.2420602,-0.09005874,-0.14187336
1750940548421,129771831,-1.1071672,-0.33216283,-0.12841702
1750940548421,129771831,-1.1071672,-0.33216283,-0.12841702
1750940548438,129788498,-0.7081587,-0.45607415,-0.117593765
1750940548438,129788498,-0.7081587,-0.45607415,-0.117593765
1750940548455,129805165,-0.4849394,-0.3774973,-0.11322117
1750940548455,129805165,-0.4849394,-0.3774973,-0.11322117
1750940548471,129821832,-0.48593763,-0.25760964,-0.13710976
1750940548471,129821832,-0.48593763,-0.25760964,-0.13710976
1750940548488,129838499,-0.4248967,0.13814308,0.0734396
1750940548488,129838499,-0.4248967,0.13814308,0.0734396
1750940548505,129855166,-0.28458384,0.57075506,0.14826202
1750940548505,129855166,-0.28458384,0.57075506,0.14826202
1750940548521,129871833,0.16307417,1.0864314,0.22542095
1750940548521,129871833,0.16307417,1.0864314,0.22542095
1750940548538,129888500,0.42438337,1.3893498,0.40451717
1750940548538,129888500,0.42438337,1.3893498,0.40451717
1750940548555,129905167,0.68661046,1.6219047,0.9813595
1750940548555,129905167,0.68661046,1.6219047,0.9813595
1750940548571,129921834,-0.84804326,1.383652,0.79060745
1750940548571,129921834,-0.84804326,1.383652,0.79060745
1750940548588,129938501,-0.8157825,1.5623392,1.3592653
1750940548588,129938501,-0.8157825,1.5623392,1.3592653
1750940548605,129955168,0.21584937,2.1909328,2.7577515
1750940548605,129955168,0.21584937,2.1909328,2.7577515
1750940548621,129971835,0.6180596,3.1042972,3.0556288
1750940548621,129971835,0.6180596,3.1042972,3.0556288
1750940548638,129988502,-0.28081295,3.742909,3.1168795
1750940548638,129988502,-0.28081295,3.742909,3.1168795
1750940548655,130005169,0.072458655,5.447313,3.4338026
1750940548655,130005169,0.072458655,5.447313,3.4338026
1750940548671,130021836,1.5101677,7.445474,3.9045324
1750940548671,130021836,1.5101677,7.445474,3.9045324
1750940548688,130038503,3.7302265,11.053097,4.08879
1750940548688,130038503,3.7302265,11.053097,4.08879
1750940548705,130055170,7.8277607,17.162489,4.5550127
1750940548705,130055170,7.8277607,17.162489,4.5550127
1750940548721,130071837,8.793818,15.078481,1.7534418
1750940548721,130071837,8.793818,15.078481,1.7534418
1750940548738,130088504,6.4472194,5.454251,1.9650908
1750940548738,130088504,6.4472194,5.454251,1.9650908
1750940548755,130105171,4.1809616,4.833443,4.8707905
1750940548755,130105171,4.1809616,4.833443,4.8707905
1750940548771,130121838,2.750587,9.843457,1.1942501
1750940548771,130121838,2.750587,9.843457,1.1942501
1750940548788,130138505,2.4513788,6.583912,-0.6387634
1750940548788,130138505,2.4513788,6.583912,-0.6387634
1750940548805,130155172,5.0688357,4.690045,-2.8144622
1750940548805,130155172,5.0688357,4.690045,-2.8144622
1750940548821,130171839,4.1662807,-0.6307538,-0.6131115
1750940548821,130171839,4.1662807,-0.6307538,-0.6131115
1750940548838,130188506,8.253973,2.4858925,-3.0021548
1750940548838,130188506,8.253973,2.4858925,-3.0021548
1750940548855,130205173,4.295237,3.0371785,-7.293433
1750940548855,130205173,4.295237,3.0371785,-7.293433
1750940548871,130221840,1.7689258,4.384134,-7.9119205
1750940548871,130221840,1.7689258,4.384134,-7.9119205
1750940548888,130238507,2.2221346,3.7506359,-8.011963
1750940548888,130238507,2.2221346,3.7506359,-8.011963
1750940548905,130255174,2.1339698,3.4569538,-7.8349457
1750940548905,130255174,2.1339698,3.4569538,-7.8349457
1750940548921,130271841,1.5610384,3.2504447,-6.6797824
1750940548921,130271841,1.5610384,3.2504447,-6.6797824
1750940548938,130288508,1.3026392,3.1647992,-5.394551
1750940548938,130288508,1.3026392,3.1647992,-5.394551
1750940548955,130305175,1.1099586,4.0004277,-4.346864
1750940548955,130305175,1.1099586,4.0004277,-4.346864
1750940548971,130321842,-0.25058284,4.90007,-1.9489889
1750940548971,130321842,-0.25058284,4.90007,-1.9489889
1750940548988,130338509,-2.7891505,4.3939013,-0.36774635
1750940548988,130338509,-2.7891505,4.3939013,-0.36774635
1750940549005,130355176,-2.0387704,3.5793746,0.9118538
1750940549005,130355176,-2.0387704,3.5793746,0.9118538
1750940549021,130371843,-1.2160019,1.7691573,2.5404406
1750940549021,130371843,-1.2160019,1.7691573,2.5404406
1750940549038,130388510,-2.004734,-0.082644366,4.7169266
1750940549038,130388510,-2.004734,-0.082644366,4.7169266
1750940549055,130405177,-2.993807,-1.8206431,6.0306263
1750940549055,130405177,-2.993807,-1.8206431,6.0306263
1750940549071,130421844,-1.6694431,-3.5077286,6.115329
1750940549071,130421844,-1.6694431,-3.5077286,6.115329
1750940549088,130438511,-0.50901634,-5.4225664,7.049017
1750940549088,130438511,-0.50901634,-5.4225664,7.049017
1750940549105,130455178,-2.0275297,-7.4892373,9.581434
1750940549105,130455178,-2.0275297,-7.4892373,9.581434
1750940549121,130471845,-4.604519,-10.518094,8.465942
1750940549121,130471845,-4.604519,-10.518094,8.465942
1750940549138,130488512,-4.6340876,-11.704455,3.566681
1750940549138,130488512,-4.6340876,-11.704455,3.566681
1750940549155,130505179,-13.562384,-12.482117,-1.7840385
1750940549155,130505179,-13.562384,-12.482117,-1.7840385
1750940549171,130521846,-17.96212,-18.848679,-12.672741
1750940549171,130521846,-17.96212,-18.848679,-12.672741
1750940549188,130538513,-6.679378,-19.997564,-18.623928
1750940549188,130538513,-6.679378,-19.997564,-18.623928
1750940549205,130555180,-3.1406415,-15.735727,-12.185596
1750940549205,130555180,-3.1406415,-15.735727,-12.185596
1750940549221,130571847,-1.221881,-13.422278,-7.3988814
1750940549221,130571847,-1.221881,-13.422278,-7.3988814
1750940549238,130588514,-1.750458,-5.5975847,-0.9207573
1750940549238,130588514,-1.750458,-5.5975847,-0.9207573
1750940549255,130605181,4.6926,6.595028,8.385124
1750940549255,130605181,4.6926,6.595028,8.385124
1750940549271,130621848,6.2049613,0.9972066,4.45747
1750940549271,130621848,6.2049613,0.9972066,4.45747
1750940549288,130638515,-5.651003,-9.91536,6.024967
1750940549288,130638515,-5.651003,-9.91536,6.024967
1750940549305,130655182,-9.9609995,-8.78219,5.883813
1750940549305,130655182,-9.9609995,-8.78219,5.883813
1750940549321,130671849,-6.371925,-5.0558515,-2.5628
1750940549321,130671849,-6.371925,-5.0558515,-2.5628
1750940549338,130688516,-1.0083367,-5.918453,1.719245
1750940549338,130688516,-1.0083367,-5.918453,1.719245
1750940549355,130705183,-9.629057,-2.3876562,-0.6897297
1750940549355,130705183,-9.629057,-2.3876562,-0.6897297
1750940549371,130721850,-7.5123982,-1.1413704,-1.1914129
1750940549371,130721850,-7.5123982,-1.1413704,-1.1914129
1750940549388,130738517,-6.5358186,-1.57862,0.1290102
1750940549388,130738517,-6.5358186,-1.57862,0.1290102
1750940549405,130755184,-2.5001695,-2.0411315,0.6903839
1750940549405,130755184,-2.5001695,-2.0411315,0.6903839
1750940549421,130771851,-0.22761375,-1.9321108,1.6878033
1750940549421,130771851,-0.22761375,-1.9321108,1.6878033
1750940549438,130788518,-1.7768509,-0.8216723,1.3981113
1750940549438,130788518,-1.7768509,-0.8216723,1.3981113
1750940549455,130805185,-2.0529263,-0.71494555,0.5266485
1750940549455,130805185,-2.0529263,-0.71494555,0.5266485
1750940549471,130821852,0.95805484,-0.8837632,-0.13657856
1750940549471,130821852,0.95805484,-0.8837632,-0.13657856
1750940549488,130838519,0.5159078,-0.6101719,-0.4627924
1750940549488,130838519,0.5159078,-0.6101719,-0.4627924
1750940549505,130855186,-1.2669383,0.35831854,-0.17281723
1750940549505,130855186,-1.2669383,0.35831854,-0.17281723
1750940549521,130871853,-0.7928514,0.51306033,0.059864998
1750940549521,130871853,-0.7928514,0.51306033,0.059864998
1750940549538,130888520,-0.029052662,0.06707512,0.34361362
1750940549538,130888520,-0.029052662,0.06707512,0.34361362
1750940549555,130905187,0.86805415,-0.18695764,0.20875931
1750940549555,130905187,0.86805415,-0.18695764,0.20875931
1750940549571,130921854,0.47012264,-0.21689942,-0.35723495
1750940549571,130921854,0.47012264,-0.21689942,-0.35723495
1750940549588,130938521,0.32009593,-0.12779073,-0.19551182
1750940549588,130938521,0.32009593,-0.12779073,-0.19551182
1750940549605,130955188,-0.42467675,-0.072196476,0.22268867
1750940549605,130955188,-0.42467675,-0.072196476,0.22268867
1750940549621,130971855,-1.406821,-0.22766359,0.010251045
1750940549621,130971855,-1.406821,-0.22766359,0.010251045
1750940549638,130988522,-1.1940175,-0.32935303,-0.13470268
1750940549638,130988522,-1.1940175,-0.32935303,-0.13470268
1750940549655,131005189,-0.9092781,-0.35116276,-0.12580585
1750940549655,131005189,-0.9092781,-0.35116276,-0.12580585
1750940549671,131021856,-0.6965825,-0.18062708,0.060046196
1750940549671,131021856,-0.6965825,-0.18062708,0.060046196
1750940549688,131038523,-0.45176896,-0.3363595,-0.07516384
1750940549688,131038523,-0.45176896,-0.3363595,-0.07516384
1750940549705,131055190,-0.9660688,-0.35802707,-0.21463871
1750940549705,131055190,-0.9660688,-0.35802707,-0.21463871
1750940549721,131071857,-0.61581975,-0.3404006,-0.032006264
1750940549721,131071857,-0.61581975,-0.3404006,-0.032006264
1750940549738,131088524,-0.8176805,-0.09972679,0.33136368
1750940549738,131088524,-0.8176805,-0.09972679,0.33136368
1750940549755,131105191,-1.0028089,0.022145888,0.36493874
1750940549755,131105191,-1.0028089,0.022145888,0.36493874
1750940549771,131121858,-0.8811185,-0.037858177,0.21010303
1750940549771,131121858,-0.8811185,-0.037858177,0.21010303
1750940549788,131138525,-0.6171888,-0.13915157,0.1286993
1750940549788,131138525,-0.6171888,-0.13915157,0.1286993
1750940549805,131155192,0.06810306,-0.391454,0.018881798
1750940549805,131155192,0.06810306,-0.391454,0.018881798
1750940549821,131171859,0.14344212,-0.31229332,0.21780872
1750940549821,131171859,0.14344212,-0.31229332,0.21780872
1750940549838,131188526,0.26444465,-0.018306606,0.5273142
1750940549838,131188526,0.26444465,-0.018306606,0.5273142
1750940549855,131205193,0.0045925207,0.049800027,0.54954815
1750940549855,131205193,0.0045925207,0.049800027,0.54954815
1750940549871,131221860,-0.3656691,0.20534694,0.4633274
1750940549871,131221860,-0.3656691,0.20534694,0.4633274
1750940549888,131238527,-0.1047404,0.2236864,0.18753529
1750940549888,131238527,-0.1047404,0.2236864,0.18753529
1750940549905,131255194,-0.5631677,0.69583875,0.46335697
1750940549905,131255194,-0.5631677,0.69583875,0.46335697
1750940549921,131271861,-0.64737344,0.17311972,-0.031306267
1750940549921,131271861,-0.64737344,0.17311972,-0.031306267
1750940549938,131288528,-0.5721705,-0.008899615,-0.23779869
1750940549938,131288528,-0.5721705,-0.008899615,-0.23779869
1750940549955,131305195,-1.2648553,-0.1322734,-0.16781616
1750940549955,131305195,-1.2648553,-0.1322734,-0.16781616
1750940549971,131321862,-1.951689,0.63553786,0.5852032
1750940549971,131321862,-1.951689,0.63553786,0.5852032
1750940549988,131338529,-2.5075636,1.4522947,1.0403814
1750940549988,131338529,-2.5075636,1.4522947,1.0403814
1750940550005,131355196,-0.751487,1.9286397,1.8273821
1750940550005,131355196,-0.751487,1.9286397,1.8273821
1750940550021,131371863,0.8066782,2.0245218,1.9403229
1750940550021,131371863,0.8066782,2.0245218,1.9403229
1750940550038,131388530,1.6786871,1.735855,1.8805027
1750940550038,131388530,1.6786871,1.735855,1.8805027
1750940550055,131405197,1.3764642,1.1456262,2.0514755
1750940550055,131405197,1.3764642,1.1456262,2.0514755
1750940550071,131421864,1.1833187,0.9000279,1.9892282
1750940550071,131421864,1.1833187,0.9000279,1.9892282
1750940550088,131438531,0.5401307,0.10323527,1.6435022
1750940550088,131438531,0.5401307,0.10323527,1.6435022
1750940550105,131455198,0.65425485,-0.55306137,0.9335947
1750940550105,131455198,0.65425485,-0.55306137,0.9335947
1750940550121,131471865,1.1924394,-0.49865806,0.6600523
1750940550121,131471865,1.1924394,-0.49865806,0.6600523
1750940550138,131488532,2.064221,0.054571137,-0.018902779
1750940550138,131488532,2.064221,0.054571137,-0.018902779
1750940550155,131505199,1.016372,-0.046282604,-0.22414303
1750940550155,131505199,1.016372,-0.046282604,-0.22414303
1750940550171,131521866,0.8398303,-0.29366797,-0.76467323
1750940550171,131521866,0.8398303,-0.29366797,-0.76467323
1750940550188,131538533,1.1891577,0.22702233,-1.2665672
1750940550188,131538533,1.1891577,0.22702233,-1.2665672
1750940550205,131555200,1.1641426,0.72835845,-1.2703829
1750940550205,131555200,1.1641426,0.72835845,-1.2703829
1750940550221,131571867,0.41057944,0.15207162,-1.0560856
1750940550221,131571867,0.41057944,0.15207162,-1.0560856
1750940550238,131588534,0.025195275,0.55816346,-1.2028894
1750940550238,131588534,0.025195275,0.55816346,-1.2028894
1750940550255,131605201,-0.21282904,1.0450687,-1.2952871
1750940550255,131605201,-0.21282904,1.0450687,-1.2952871
1750940550271,131621868,-0.7331947,1.2824948,-1.2668095
1750940550271,131621868,-0.7331947,1.2824948,-1.2668095
1750940550288,131638535,-0.9193231,1.7189434,-1.3282518
1750940550288,131638535,-0.9193231,1.7189434,-1.3282518
1750940550305,131655202,-1.3183248,1.5612706,-0.91624355
1750940550305,131655202,-1.3183248,1.5612706,-0.91624355
1750940550321,131671869,-1.6045573,1.2048043,-0.5789976
1750940550321,131671869,-1.6045573,1.2048043,-0.5789976
1750940550338,131688536,-2.1446476,0.6106935,-0.43328094
1750940550338,131688536,-2.1446476,0.6106935,-0.43328094
1750940550355,131705203,-2.5824084,0.32599935,-0.5219469
1750940550355,131705203,-2.5824084,0.32599935,-0.5219469
1750940550371,131721870,-2.4987686,0.45703682,-0.63701344
1750940550371,131721870,-2.4987686,0.45703682,-0.63701344
1750940550388,131738537,-1.7813663,-0.6830244,-0.4385481
1750940550388,131738537,-1.7813663,-0.6830244,-0.4385481
1750940550405,131755204,-1.2007753,-0.79497546,-0.85090446
1750940550405,131755204,-1.2007753,-0.79497546,-0.85090446
1750940550421,131771871,-0.8968361,-0.81302947,-1.4460878
1750940550421,131771871,-0.8968361,-0.81302947,-1.4460878
1750940550438,131788538,-1.0544034,-0.8532702,-1.9177122
1750940550438,131788538,-1.0544034,-0.8532702,-1.9177122
1750940550455,131805205,-0.78487736,-1.5120779,-1.7134151
1750940550455,131805205,-0.78487736,-1.5120779,-1.7134151
1750940550471,131821872,-0.49798194,-1.8192426,-0.93361855
1750940550471,131821872,-0.49798194,-1.8192426,-0.93361855
1750940550488,131838539,-0.65018487,-1.598457,-0.47104168
1750940550488,131838539,-0.65018487,-1.598457,-0.47104168
1750940550505,131855206,-0.44586855,-1.4899582,-0.3016472
1750940550505,131855206,-0.44586855,-1.4899582,-0.3016472
1750940550521,131871873,-0.25613868,-1.3116319,-0.19459915
1750940550521,131871873,-0.25613868,-1.3116319,-0.19459915
1750940550538,131888540,-0.56686866,-1.3018695,0.09352875
1750940550538,131888540,-0.56686866,-1.3018695,0.09352875
1750940550555,131905207,-0.2794341,-1.6873543,0.58251095
1750940550555,131905207,-0.2794341,-1.6873543,0.58251095
1750940550571,131921874,-0.56102914,-1.0345758,0.985796
1750940550571,131921874,-0.56102914,-1.0345758,0.985796
1750940550588,131938541,-0.6077304,-0.7307186,1.685338
1750940550588,131938541,-0.6077304,-0.7307186,1.685338
1750940550605,131955208,-1.1288128,-0.14296989,1.587739
1750940550605,131955208,-1.1288128,-0.14296989,1.587739
1750940550621,131971875,-1.0617661,-0.54995024,2.1383114
1750940550621,131971875,-1.0617661,-0.54995024,2.1383114
1750940550638,131988542,-0.92012596,-1.6826239,2.5973797
1750940550638,131988542,-0.92012596,-1.6826239,2.5973797
1750940550655,132005209,-0.28783327,-2.322299,2.0849676
1750940550655,132005209,-0.28783327,-2.322299,2.0849676
1750940550671,132021876,-0.07774094,-2.0328965,2.0297375
1750940550671,132021876,-0.07774094,-2.0328965,2.0297375
1750940550688,132038543,-0.30103886,-1.5188102,1.2848921
1750940550688,132038543,-0.30103886,-1.5188102,1.2848921
1750940550705,132055210,-0.77478975,-1.2896265,0.7313833
1750940550705,132055210,-0.77478975,-1.2896265,0.7313833
1750940550721,132071877,-1.0428216,-0.658328,0.0507164
1750940550721,132071877,-1.0428216,-0.658328,0.0507164
1750940550738,132088544,-1.4900409,-0.11063316,-0.099033356
1750940550738,132088544,-1.4900409,-0.11063316,-0.099033356
1750940550755,132105211,-0.96243966,-0.340698,-0.3933668
1750940550755,132105211,-0.96243966,-0.340698,-0.3933668
1750940550771,132121878,-0.9476762,-0.513635,-0.27293777
1750940550771,132121878,-0.9476762,-0.513635,-0.27293777
1750940550788,132138545,-1.6260793,-1.0394517,0.1376648
1750940550788,132138545,-1.6260793,-1.0394517,0.1376648
1750940550805,132155212,-1.1527846,-1.6791722,-0.12846279
1750940550805,132155212,-1.1527846,-1.6791722,-0.12846279
1750940550821,132171879,-1.6243589,-2.9327507,0.23299026
1750940550821,132171879,-1.6243589,-2.9327507,0.23299026
1750940550838,132188546,-2.2364736,-3.5206392,0.17191315
1750940550838,132188546,-2.2364736,-3.5206392,0.17191315
1750940550855,132205213,-3.0891306,-3.410373,-0.108478546
1750940550855,132205213,-3.0891306,-3.410373,-0.108478546
1750940550871,132221880,-3.5517983,-3.095875,-0.13356304
1750940550871,132221880,-3.5517983,-3.095875,-0.13356304
1750940550888,132238547,-3.081162,-1.8343596,0.29823494
1750940550888,132238547,-3.081162,-1.8343596,0.29823494
1750940550905,132255214,-3.5146973,-2.705137,0.17982864
1750940550905,132255214,-3.5146973,-2.705137,0.17982864
1750940550921,132271881,-3.488869,-3.8615386,0.21336365
1750940550921,132271881,-3.488869,-3.8615386,0.21336365
1750940550938,132288548,-2.8549464,-3.6067364,0.19182873
1750940550938,132288548,-2.8549464,-3.6067364,0.19182873
1750940550955,132305215,-2.0339584,-2.0263877,0.32311535
1750940550955,132305215,-2.0339584,-2.0263877,0.32311535
1750940550971,132321882,-1.9190344,-0.82740986,0.24992561
1750940550971,132321882,-1.9190344,-0.82740986,0.24992561
1750940550988,132338549,-1.3704572,-0.323553,-0.22331905
1750940550988,132338549,-1.3704572,-0.323553,-0.22331905
1750940551005,132355216,-1.6279122,1.0168757,-0.7808342
1750940551005,132355216,-1.6279122,1.0168757,-0.7808342
1750940551021,132371883,-1.2474273,3.0272217,-1.807909
1750940551021,132371883,-1.2474273,3.0272217,-1.807909
1750940551038,132388550,-1.2402287,3.3952363,-2.279705
1750940551038,132388550,-1.2402287,3.3952363,-2.279705
1750940551055,132405217,-0.1305823,3.3201635,-2.86208
1750940551055,132405217,-0.1305823,3.3201635,-2.86208
1750940551071,132421884,1.0657176,4.009011,-3.9224153
1750940551071,132421884,1.0657176,4.009011,-3.9224153
1750940551088,132438551,0.5252674,4.638236,-4.1754365
1750940551088,132438551,0.5252674,4.638236,-4.1754365
1750940551105,132455218,0.39977953,4.969643,-4.70559
1750940551105,132455218,0.39977953,4.969643,-4.70559
1750940551121,132471885,1.2449366,5.60373,-5.3120346
1750940551121,132471885,1.2449366,5.60373,-5.3120346
1750940551138,132488552,1.3128583,5.820628,-5.725064
1750940551138,132488552,1.3128583,5.820628,-5.725064
1750940551155,132505219,1.8360609,6.406739,-6.2052402
1750940551155,132505219,1.8360609,6.406739,-6.2052402
1750940551171,132521886,1.2348039,3.2315643,-3.2428417
1750940551171,132521886,1.2348039,3.2315643,-3.2428417
1750940551188,132538553,-8.487407,-14.484984,9.585703
1750940551188,132538553,-8.487407,-14.484984,9.585703
1750940551205,132555220,0.042819273,-1.3527576,4.5743723
1750940551205,132555220,0.042819273,-1.3527576,4.5743723
1750940551221,132571887,13.150282,4.69892,5.5630198
1750940551221,132571887,13.150282,4.69892,5.5630198
1750940551238,132588554,4.489101,4.863505,6.353834
1750940551238,132588554,4.489101,4.863505,6.353834
1750940551255,132605221,0.69379514,4.9335384,-0.098734856
1750940551255,132605221,0.69379514,4.9335384,-0.098734856
1750940551271,132621888,-0.12694485,3.8929627,1.1129513
1750940551271,132621888,-0.12694485,3.8929627,1.1129513
1750940551288,132638555,0.602084,2.015089,-1.2975807
1750940551288,132638555,0.602084,2.015089,-1.2975807
1750940551305,132655222,-0.081413925,2.1074193,-1.6525841
1750940551305,132655222,-0.081413925,2.1074193,-1.6525841
1750940551321,132671889,1.2956456,1.5443499,-0.27741814
1750940551321,132671889,1.2956456,1.5443499,-0.27741814
1750940551338,132688556,1.9266421,1.1118981,0.59924126
1750940551338,132688556,1.9266421,1.1118981,0.59924126
1750940551355,132705223,1.2780654,1.2297337,2.271656
1750940551355,132705223,1.2780654,1.2297337,2.271656
1750940551371,132721890,0.1744912,0.8031979,1.2464285
1750940551371,132721890,0.1744912,0.8031979,1.2464285
1750940551388,132738557,-0.019247148,1.2080605,0.27589417
1750940551388,132738557,-0.019247148,1.2080605,0.27589417
1750940551405,132755224,0.38266447,0.6517757,-0.04160309
1750940551405,132755224,0.38266447,0.6517757,-0.04160309
1750940551421,132771891,0.38688216,0.61819214,-0.5144119
1750940551421,132771891,0.38688216,0.61819214,-0.5144119
1750940551438,132788558,0.6611406,0.2084198,-0.80427647
1750940551438,132788558,0.6611406,0.2084198,-0.80427647
1750940551455,132805225,0.07340255,0.54095703,0.26106358
1750940551455,132805225,0.07340255,0.54095703,0.26106358
1750940551471,132821892,-0.70836663,0.63428396,0.6692219
1750940551471,132821892,-0.70836663,0.63428396,0.6692219
1750940551488,132838559,-0.69121426,0.46331823,0.10401535
1750940551488,132838559,-0.69121426,0.46331823,0.10401535
1750940551505,132855226,-0.92826474,0.31349915,-0.17782307
1750940551505,132855226,-0.92826474,0.31349915,-0.17782307
1750940551521,132871893,-0.7797039,0.30446276,0.07956028
1750940551521,132871893,-0.7797039,0.30446276,0.07956028
1750940551538,132888560,-0.22647898,0.045194656,0.043712616
1750940551538,132888560,-0.22647898,0.045194656,0.043712616
1750940551555,132905227,-0.084392235,-0.034243412,-0.097548485
1750940551555,132905227,-0.084392235,-0.034243412,-0.097548485
1750940551571,132921894,-0.43998212,0.100133695,0.046541214
1750940551571,132921894,-0.43998212,0.100133695,0.046541214
1750940551588,132938561,-0.5711592,0.22409208,0.2571106
1750940551588,132938561,-0.5711592,0.22409208,0.2571106
1750940551605,132955228,-0.37317678,0.24160086,0.1609211
1750940551605,132955228,-0.37317678,0.24160086,0.1609211
1750940551621,132971895,-0.27191514,0.273416,0.07728386
1750940551621,132971895,-0.27191514,0.273416,0.07728386
1750940551638,132988562,-0.12371844,0.27727464,0.23727226
1750940551638,132988562,-0.12371844,0.27727464,0.23727226
1750940551655,133005229,-0.20910576,0.2929333,0.38792706
1750940551655,133005229,-0.20910576,0.2929333,0.38792706
1750940551671,133021896,-0.12905593,0.255385,0.33162785
1750940551671,133021896,-0.12905593,0.255385,0.33162785
1750940551688,133038563,-0.26820168,0.15401295,0.31309414
1750940551688,133038563,-0.26820168,0.15401295,0.31309414
1750940551705,133055230,-0.35651165,-0.066276506,0.40372276
1750940551705,133055230,-0.35651165,-0.066276506,0.40372276
1750940551721,133071897,-0.6775643,-0.30462268,0.5155449
1750940551721,133071897,-0.6775643,-0.30462268,0.5155449
1750940551738,133088564,-1.1006218,-0.44016048,0.7518673
1750940551738,133088564,-1.1006218,-0.44016048,0.7518673
1750940551755,133105231,-1.526902,-0.9551057,0.9625149
1750940551755,133105231,-1.526902,-0.9551057,0.9625149
1750940551771,133121898,-0.8931162,-1.5303793,1.2751942
1750940551771,133121898,-0.8931162,-1.5303793,1.2751942
1750940551788,133138565,-0.3828777,-2.1073925,1.5510921
1750940551788,133138565,-0.3828777,-2.1073925,1.5510921
1750940551805,133155232,-1.044075,-2.6102293,2.1664972
1750940551805,133155232,-1.044075,-2.6102293,2.1664972
1750940551821,133171899,-1.6019785,-3.0918443,2.3529215
1750940551821,133171899,-1.6019785,-3.0918443,2.3529215
1750940551838,133188566,-1.6005338,-4.126549,2.9025183
1750940551838,133188566,-1.6005338,-4.126549,2.9025183
1750940551855,133205233,-1.488519,-5.562915,3.2038708
1750940551855,133205233,-1.488519,-5.562915,3.2038708
1750940551871,133221900,-2.8809865,-7.4223495,3.007988
1750940551871,133221900,-2.8809865,-7.4223495,3.007988
1750940551888,133238567,-5.417173,-10.6932535,2.5903654
1750940551888,133238567,-5.417173,-10.6932535,2.5903654
1750940551905,133255234,-5.568692,-15.783222,3.7813425
1750940551905,133255234,-5.568692,-15.783222,3.7813425
1750940551921,133271901,-7.4112773,-16.911333,1.8393574
1750940551921,133271901,-7.4112773,-16.911333,1.8393574
1750940551938,133288568,-10.543806,-3.4163918,1.9418106
1750940551938,133288568,-10.543806,-3.4163918,1.9418106
1750940551955,133305235,-10.205425,-5.225994,3.4248466
1750940551955,133305235,-10.205425,-5.225994,3.4248466
1750940551971,133321902,-5.34561,-9.072693,2.1287804
1750940551971,133321902,-5.34561,-9.072693,2.1287804
1750940551988,133338569,-0.83137923,-4.88618,1.7381201
1750940551988,133338569,-0.83137923,-4.88618,1.7381201
1750940552005,133355236,-5.954462,-2.753596,-0.21532726
1750940552005,133355236,-5.954462,-2.753596,-0.21532726
1750940552021,133371903,-7.077531,-2.6911054,0.22688007
1750940552021,133371903,-7.077531,-2.6911054,0.22688007
1750940552038,133388570,-8.232703,-4.390635,-8.161339
1750940552038,133388570,-8.232703,-4.390635,-8.161339
1750940552055,133405237,-5.3652043,-4.356223,-10.942521
1750940552055,133405237,-5.3652043,-4.356223,-10.942521
1750940552071,133421904,-2.8611553,-4.5980325,-9.385513
1750940552071,133421904,-2.8611553,-4.5980325,-9.385513
1750940552088,133438571,-0.8684814,-3.5370097,-7.641373
1750940552088,133438571,-0.8684814,-3.5370097,-7.641373
1750940552105,133455238,-0.34393728,-2.7909808,-6.5126834
1750940552105,133455238,-0.34393728,-2.7909808,-6.5126834
1750940552121,133471905,-1.8829284,-2.7304187,-5.979556
1750940552121,133471905,-1.8829284,-2.7304187,-5.979556
1750940552138,133488572,-2.3350663,-2.9490283,-5.2797422
1750940552138,133488572,-2.3350663,-2.9490283,-5.2797422
1750940552155,133505239,-1.6036767,-3.8452797,-3.9893289
1750940552155,133505239,-1.6036767,-3.8452797,-3.9893289
1750940552171,133521906,-0.057217974,-4.198961,-2.2397695
1750940552171,133521906,-0.057217974,-4.198961,-2.2397695
1750940552188,133538573,1.4764727,-3.865013,-0.53611565
1750940552188,133538573,1.4764727,-3.865013,-0.53611565
1750940552205,133555240,1.6336164,-3.2743883,0.8129301
1750940552205,133555240,1.6336164,-3.2743883,0.8129301
1750940552221,133571907,1.2762733,-2.3811154,2.7923374
1750940552221,133571907,1.2762733,-2.3811154,2.7923374
1750940552238,133588574,1.2004107,-0.94078255,3.9964857
1750940552238,133588574,1.2004107,-0.94078255,3.9964857
1750940552255,133605241,1.1915207,1.469496,5.2190027
1750940552255,133605241,1.1915207,1.469496,5.2190027
1750940552271,133621908,2.7815511,3.4339833,6.327326
1750940552271,133621908,2.7815511,3.4339833,6.327326
1750940552288,133638575,1.8775933,4.894748,7.560646
1750940552288,133638575,1.8775933,4.894748,7.560646
1750940552305,133655242,2.643651,8.144036,10.38459
1750940552305,133655242,2.643651,8.144036,10.38459
1750940552321,133671909,8.0771055,12.224512,8.391495
1750940552321,133671909,8.0771055,12.224512,8.391495
1750940552338,133688576,2.0027153,15.361175,2.50416
1750940552338,133688576,2.0027153,15.361175,2.50416
1750940552355,133705243,5.0315304,21.043705,-3.4826927
1750940552355,133705243,5.0315304,21.043705,-3.4826927
1750940552371,133721910,14.626161,23.635311,-17.69588
1750940552371,133721910,14.626161,23.635311,-17.69588
1750940552388,133738577,8.950281,18.196323,-17.644154
1750940552388,133738577,8.950281,18.196323,-17.644154
1750940552405,133755244,4.0771775,16.179628,-9.65208
1750940552405,133755244,4.0771775,16.179628,-9.65208
1750940552421,133771911,1.3029639,8.6402855,1.3385801
1750940552421,133771911,1.3029639,8.6402855,1.3385801
1750940552438,133788578,-4.316198,-6.54708,8.483477
1750940552438,133788578,-4.316198,-6.54708,8.483477
1750940552455,133805245,1.7001956,-3.243295,-0.6767082
1750940552455,133805245,1.7001956,-3.243295,-0.6767082
1750940552471,133821912,12.175505,4.8863,0.98518944
1750940552471,133821912,12.175505,4.8863,0.98518944
1750940552488,133838579,4.019135,8.561244,7.889353
1750940552488,133838579,4.019135,8.561244,7.889353
1750940552505,133855246,-4.299534,8.62542,2.807663
1750940552505,133855246,-4.299534,8.62542,2.807663
1750940552521,133871913,-5.0832295,5.484098,0.2382555
1750940552521,133871913,-5.0832295,5.484098,0.2382555
1750940552538,133888580,4.1292586,5.768336,0.3007927
1750940552538,133888580,4.1292586,5.768336,0.3007927
1750940552555,133905247,4.8854136,2.3358817,0.15667439
1750940552555,133905247,4.8854136,2.3358817,0.15667439
1750940552571,133921914,5.5470705,2.0789945,-0.044081688
1750940552571,133921914,5.5470705,2.0789945,-0.044081688
1750940552588,133938581,1.9104806,1.8152361,1.0878363
1750940552588,133938581,1.9104806,1.8152361,1.0878363
1750940552605,133955248,1.6196636,1.351828,0.9132805
1750940552605,133955248,1.6196636,1.351828,0.9132805
1750940552621,133971915,2.04006,0.89992845,1.5617867
1750940552621,133971915,2.04006,0.89992845,1.5617867
1750940552638,133988582,0.86601615,1.1732045,1.4063101
1750940552638,133988582,0.86601615,1.1732045,1.4063101
1750940552655,134005249,-0.84855866,1.245384,0.13453674
1750940552655,134005249,-0.84855866,1.245384,0.13453674
1750940552671,134021916,-1.3392667,1.3917445,-0.5251503
1750940552671,134021916,-1.3392667,1.3917445,-0.5251503
1750940552688,134038583,-0.38120896,0.9201179,0.04069996
1750940552688,134038583,-0.38120896,0.9201179,0.04069996
1750940552705,134055250,0.52196866,0.33750635,0.66407776
1750940552705,134055250,0.52196866,0.33750635,0.66407776
1750940552721,134071917,0.29796198,-0.2897633,-0.06545067
1750940552721,134071917,0.29796198,-0.2897633,-0.06545067
1750940552738,134088584,-0.5822756,-0.1374379,-0.71069145
1750940552738,134088584,-0.5822756,-0.1374379,-0.71069145
1750940552755,134105251,-1.5482063,-0.12357964,-0.049090385
1750940552755,134105251,-1.5482063,-0.12357964,-0.049090385
1750940552771,134121918,-1.9573369,-0.04670102,0.10050583
1750940552771,134121918,-1.9573369,-0.04670102,0.10050583
1750940552788,134138585,-1.4083918,0.11767533,-0.26700115
1750940552788,134138585,-1.4083918,0.11767533,-0.26700115
1750940552805,134155252,-0.53230864,0.05758029,-0.14284515
1750940552805,134155252,-0.53230864,0.05758029,-0.14284515
1750940552821,134171919,0.29042333,0.20207225,-0.033011436
1750940552821,134171919,0.29042333,0.20207225,-0.033011436
1750940552838,134188586,0.45984995,0.22646601,0.059415817
1750940552838,134188586,0.45984995,0.22646601,0.059415817
1750940552855,134205253,-0.20354453,0.5082787,0.013281822
1750940552855,134205253,-0.20354453,0.5082787,0.013281822
1750940552871,134221920,-0.2907052,0.53126323,0.12059212
1750940552871,134221920,-0.2907052,0.53126323,0.12059212
1750940552888,134238587,-0.02347266,0.4756264,0.010855675
1750940552888,134238587,-0.02347266,0.4756264,0.010855675
1750940552905,134255254,-0.31534615,0.14217705,0.043837547
1750940552905,134255254,-0.31534615,0.14217705,0.043837547
1750940552921,134271921,-0.2430833,-0.30981824,0.18652439
1750940552921,134271921,-0.2430833,-0.30981824,0.18652439
1750940552938,134288588,-0.55661386,-0.7326511,0.4400158
1750940552938,134288588,-0.55661386,-0.7326511,0.4400158
1750940552955,134305255,-0.81540567,-1.1321676,0.5728636
1750940552955,134305255,-0.81540567,-1.1321676,0.5728636
1750940552971,134321922,-0.7529937,-1.3818295,0.8537731
1750940552971,134321922,-0.7529937,-1.3818295,0.8537731
1750940552988,134338589,-0.9371764,-1.486036,1.3662977
1750940552988,134338589,-0.9371764,-1.486036,1.3662977
1750940553005,134355256,-0.5968301,-1.5108924,1.3199596
1750940553005,134355256,-0.5968301,-1.5108924,1.3199596
1750940553021,134371923,-0.33143976,-2.063368,1.656477
1750940553021,134371923,-0.33143976,-2.063368,1.656477
1750940553038,134388590,-0.34998956,-2.2921534,1.9608917
1750940553038,134388590,-0.34998956,-2.2921534,1.9608917
1750940553055,134405257,-0.70020485,-3.2728083,2.5520878
1750940553055,134405257,-0.70020485,-3.2728083,2.5520878
1750940553071,134421924,-0.9662112,-4.274492,2.933319
1750940553071,134421924,-0.9662112,-4.274492,2.933319
1750940553088,134438591,-1.3039728,-5.943779,3.4769049
1750940553088,134438591,-1.3039728,-5.943779,3.4769049
1750940553105,134455258,-2.4288483,-8.567029,3.6862383
1750940553105,134455258,-2.4288483,-8.567029,3.6862383
1750940553121,134471925,-4.827668,-13.500282,3.1420994
1750940553121,134471925,-4.827668,-13.500282,3.1420994
1750940553138,134488592,-7.7018657,-17.45944,2.8454847
1750940553138,134488592,-7.7018657,-17.45944,2.8454847
1750940553155,134505259,-6.2120442,-13.943441,0.78340626
1750940553155,134505259,-6.2120442,-13.943441,0.78340626
1750940553171,134521926,-5.76165,-6.1997166,3.890252
1750940553171,134521926,-5.76165,-6.1997166,3.890252
1750940553188,134538593,-6.010359,-10.289669,3.5465393
1750940553188,134538593,-6.010359,-10.289669,3.5465393
1750940553205,134555260,-1.5837373,-6.4969926,1.5315294
1750940553205,134555260,-1.5837373,-6.4969926,1.5315294
1750940553221,134571927,-2.2285492,-2.0004177,1.6097803
1750940553221,134571927,-2.2285492,-2.0004177,1.6097803
1750940553238,134588594,-6.536723,-2.950632,-0.089621544
1750940553238,134588594,-6.536723,-2.950632,-0.089621544
1750940553255,134605261,-6.839197,-7.8013263,-3.2277641
1750940553255,134605261,-6.839197,-7.8013263,-3.2277641
1750940553271,134621928,-4.1137304,-6.4116325,-8.908658
1750940553271,134621928,-4.1137304,-6.4116325,-8.908658
1750940553288,134638595,-3.5128562,-4.7251525,-10.095317
1750940553288,134638595,-3.5128562,-4.7251525,-10.095317
1750940553305,134655262,-1.5974432,-4.3511424,-7.971551
1750940553305,134655262,-1.5974432,-4.3511424,-7.971551
1750940553321,134671929,-1.2774364,-3.1035707,-6.524766
1750940553321,134671929,-1.2774364,-3.1035707,-6.524766
1750940553338,134688596,-2.2741225,-2.8250074,-6.328738
1750940553338,134688596,-2.2741225,-2.8250074,-6.328738
1750940553355,134705263,-2.3751824,-3.4229457,-6.1806164
1750940553355,134705263,-2.3751824,-3.4229457,-6.1806164
1750940553371,134721930,-1.3937345,-4.198133,-4.55864
1750940553371,134721930,-1.3937345,-4.198133,-4.55864
1750940553388,134738597,0.44704044,-3.5022626,-3.0606432
1750940553388,134738597,0.44704044,-3.5022626,-3.0606432
1750940553405,134755264,1.4670047,-2.860261,-1.8026009
1750940553405,134755264,1.4670047,-2.860261,-1.8026009
1750940553421,134771931,0.82655674,-2.58622,-0.5041485
1750940553421,134771931,0.82655674,-2.58622,-0.5041485
1750940553438,134788598,-0.019093147,-1.5697293,1.44559
1750940553438,134788598,-0.019093147,-1.5697293,1.44559
1750940553455,134805265,-0.35253045,-0.08467498,3.0801792
1750940553455,134805265,-0.35253045,-0.08467498,3.0801792
1750940553471,134821932,-0.11199094,1.7625986,3.932557
1750940553471,134821932,-0.11199094,1.7625986,3.932557
1750940553488,134838599,1.2747806,3.4230733,5.5194273
1750940553488,134838599,1.2747806,3.4230733,5.5194273
1750940553505,134855266,0.7593828,6.1157756,7.102648
1750940553505,134855266,0.7593828,6.1157756,7.102648
1750940553521,134871933,2.4281368,9.781291,9.088114
1750940553521,134871933,2.4281368,9.781291,9.088114
1750940553538,134888600,8.46673,15.247011,8.674906
1750940553538,134888600,8.46673,15.247011,8.674906
1750940553555,134905267,-0.8010282,19.053179,0.47327423
1750940553555,134905267,-0.8010282,19.053179,0.47327423
1750940553571,134921934,0.6868153,25.408966,-4.087078
1750940553571,134921934,0.6868153,25.408966,-4.087078
1750940553588,134938601,13.3905525,25.853333,-18.394836
1750940553588,134938601,13.3905525,25.853333,-18.394836
1750940553605,134955268,9.580978,21.710165,-17.997631
1750940553605,134955268,9.580978,21.710165,-17.997631
1750940553621,134971935,3.29958,16.167196,-7.765462
1750940553621,134971935,3.29958,16.167196,-7.765462
1750940553638,134988602,-2.285812,-9.792623,16.16377
1750940553638,134988602,-2.285812,-9.792623,16.16377
1750940553655,135005269,-8.219521,-10.954073,2.8734598
1750940553655,135005269,-8.219521,-10.954073,2.8734598
1750940553671,135021936,13.147387,2.8737297,-4.3629327
1750940553671,135021936,13.147387,2.8737297,-4.3629327
1750940553688,135038603,10.384171,5.332691,5.502573
1750940553688,135038603,10.384171,5.332691,5.502573
1750940553705,135055270,1.0328276,9.137121,4.577916
1750940553705,135055270,1.0328276,9.137121,4.577916
1750940553721,135071937,-7.6588554,10.605233,4.3507586
1750940553721,135071937,-7.6588554,10.605233,4.3507586
1750940553738,135088604,1.8209442,5.3766265,2.6072855
1750940553738,135088604,1.8209442,5.3766265,2.6072855
1750940553755,135105271,4.2044706,4.5542917,-0.61931324
1750940553755,135105271,4.2044706,4.5542917,-0.61931324
1750940553771,135121938,3.797266,2.0850904,-1.3433952
1750940553771,135121938,3.797266,2.0850904,-1.3433952
1750940553788,135138605,2.7309492,2.1997685,-0.3639803
1750940553788,135138605,2.7309492,2.1997685,-0.3639803
1750940553805,135155272,0.41671532,1.4982221,1.3972139
1750940553805,135155272,0.41671532,1.4982221,1.3972139
1750940553821,135171939,1.2769264,1.256209,1.7094717
1750940553821,135171939,1.2769264,1.256209,1.7094717
1750940553838,135188606,1.5155202,0.80791754,1.8273449
1750940553838,135188606,1.5155202,0.80791754,1.8273449
1750940553855,135205273,-0.64553607,0.71113265,0.43896866
1750940553855,135205273,-0.64553607,0.71113265,0.43896866
1750940553871,135221940,-1.7411469,0.564923,-0.38905144
1750940553871,135221940,-1.7411469,0.564923,-0.38905144
1750940553888,135238607,-1.19859,0.5848905,0.14014816
1750940553888,135238607,-1.19859,0.5848905,0.14014816
1750940553905,135255274,-0.518086,0.28252128,0.15177631
1750940553905,135255274,-0.518086,0.28252128,0.15177631
1750940553921,135271941,-0.30959496,0.015312649,-0.37020683
1750940553921,135271941,-0.30959496,0.015312649,-0.37020683
1750940553938,135288608,-0.6168848,-0.14340591,-0.3008318
1750940553938,135288608,-0.6168848,-0.14340591,-0.3008318
1750940553955,135305275,-0.89397806,-0.044194546,-0.1068964
1750940553955,135305275,-0.89397806,-0.044194546,-0.1068964
1750940553971,135321942,-2.3038187,0.086051814,-0.2082529
1750940553971,135321942,-2.3038187,0.086051814,-0.2082529
1750940553988,135338609,-1.767515,0.36223045,-0.4878626
1750940553988,135338609,-1.767515,0.36223045,-0.4878626
1750940554005,135355276,0.005474279,0.3497866,-0.2528162
1750940554005,135355276,0.005474279,0.3497866,-0.2528162
1750940554021,135371943,0.49202332,0.34211227,-0.18372154
1750940554021,135371943,0.49202332,0.34211227,-0.18372154
1750940554038,135388610,0.67093337,0.15095417,0.108039856
1750940554038,135388610,0.67093337,0.15095417,0.108039856
1750940554055,135405277,0.0896772,0.055134837,0.18884277
1750940554055,135405277,0.0896772,0.055134837,0.18884277
1750940554071,135421944,-0.31228784,0.20492852,0.37986183
1750940554071,135421944,-0.31228784,0.20492852,0.37986183
1750940554088,135438611,-0.27716678,0.29027897,0.1961708
1750940554088,135438611,-0.27716678,0.29027897,0.1961708
1750940554105,135455278,-0.57112765,-0.0009396485,0.24258709
1750940554105,135455278,-0.57112765,-0.0009396485,0.24258709
1750940554121,135471945,-0.25424287,-0.10507634,0.30740833
1750940554121,135471945,-0.25424287,-0.10507634,0.30740833
1750940554138,135488612,-0.53811055,-0.70431614,0.23263836
1750940554138,135488612,-0.53811055,-0.70431614,0.23263836
1750940554155,135505279,-0.80002195,-1.0685607,0.318408
1750940554155,135505279,-0.80002195,-1.0685607,0.318408
1750940554171,135521946,-0.7609266,-1.4545128,0.5787592
1750940554171,135521946,-0.7609266,-1.4545128,0.5787592
1750940554188,135538613,-1.041856,-1.7555177,0.7533512
1750940554188,135538613,-1.041856,-1.7555177,0.7533512
1750940554205,135555280,-1.0640001,-1.9857649,1.0159922
1750940554205,135555280,-1.0640001,-1.9857649,1.0159922
1750940554221,135571947,-0.11276944,-1.9069815,1.1815939
1750940554221,135571947,-0.11276944,-1.9069815,1.1815939
1750940554238,135588614,0.68487144,-2.118948,1.5182695
1750940554238,135588614,0.68487144,-2.118948,1.5182695
1750940554255,135605281,0.555731,-2.6129262,1.6992779
1750940554255,135605281,0.555731,-2.6129262,1.6992779
1750940554271,135621948,-0.7781228,-3.8131976,2.6969814
1750940554271,135621948,-0.7781228,-3.8131976,2.6969814
1750940554288,135638615,-1.1728262,-5.268783,2.9050484
1750940554288,135638615,-1.1728262,-5.268783,2.9050484
1750940554305,135655282,-1.9808335,-7.1674733,3.1728745
1750940554305,135655282,-1.9808335,-7.1674733,3.1728745
1750940554321,135671949,-2.7617445,-10.324697,3.2422895
1750940554321,135671949,-2.7617445,-10.324697,3.2422895
1750940554338,135688616,-3.798363,-15.545956,3.8532438
1750940554338,135688616,-3.798363,-15.545956,3.8532438
1750940554355,135705283,-6.2815022,-17.584887,1.8569708
1750940554355,135705283,-6.2815022,-17.584887,1.8569708
1750940554371,135721950,-6.7297645,-10.211865,0.78080654
1750940554371,135721950,-6.7297645,-10.211865,0.78080654
1750940554388,135738617,-4.487897,-5.5197515,5.1572666
1750940554388,135738617,-4.487897,-5.5197515,5.1572666
1750940554405,135755284,-1.5541968,-10.671926,3.3950958
1750940554405,135755284,-1.5541968,-10.671926,3.3950958
1750940554421,135771951,0.83186156,-7.8213387,0.57939625
1750940554421,135771951,0.83186156,-7.8213387,0.57939625
1750940554438,135788618,-4.16538,-2.822784,0.916131
1750940554438,135788618,-4.16538,-2.822784,0.916131
1750940554455,135805285,-6.3771396,-2.665543,-0.61629486
1750940554455,135805285,-6.3771396,-2.665543,-0.61629486
1750940554471,135821952,-6.205925,-5.539635,-3.7611217
1750940554471,135821952,-6.205925,-5.539635,-3.7611217
1750940554488,135838619,-4.235499,-6.3051515,-9.781333
1750940554488,135838619,-4.235499,-6.3051515,-9.781333
1750940554505,135855286,-2.8304603,-6.018232,-10.651445
1750940554505,135855286,-2.8304603,-6.018232,-10.651445
1750940554521,135871953,-0.52891344,-4.962826,-8.848356
1750940554521,135871953,-0.52891344,-4.962826,-8.848356
1750940554538,135888620,0.17507267,-2.6441536,-6.990136
1750940554538,135888620,0.17507267,-2.6441536,-6.990136
1750940554555,135905287,-1.0814275,-2.6018076,-6.075218
1750940554555,135905287,-1.0814275,-2.6018076,-6.075218
1750940554571,135921954,-2.0172331,-2.916601,-5.6476884
1750940554571,135921954,-2.0172331,-2.916601,-5.6476884
1750940554588,135938621,-1.781445,-4.1333766,-4.6968718
1750940554588,135938621,-1.781445,-4.1333766,-4.6968718
1750940554605,135955288,-0.21782835,-4.5295086,-3.1187954
1750940554605,135955288,-0.21782835,-4.5295086,-3.1187954
1750940554621,135971955,1.2926327,-4.112805,-1.8152943
1750940554621,135971955,1.2926327,-4.112805,-1.8152943
1750940554638,135988622,1.8783399,-3.2385612,-0.12020302
1750940554638,135988622,1.8783399,-3.2385612,-0.12020302
1750940554655,136005289,0.7108197,-2.6295826,1.9751291
1750940554655,136005289,0.7108197,-2.6295826,1.9751291
1750940554671,136021956,-1.1950214,-1.3503962,3.7415838
1750940554671,136021956,-1.1950214,-1.3503962,3.7415838
1750940554688,136038623,-0.92493033,0.5715246,4.777396
1750940554688,136038623,-0.92493033,0.5715246,4.777396
1750940554705,136055290,0.5091708,2.3108697,5.9388485
1750940554705,136055290,0.5091708,2.3108697,5.9388485
1750940554721,136071957,-0.44939068,3.4393115,7.152153
1750940554721,136071957,-0.44939068,3.4393115,7.152153
1750940554738,136088624,-0.59258693,6.046873,9.197279
1750940554738,136088624,-0.59258693,6.046873,9.197279
1750940554755,136105291,-0.8311696,10.21206,10.821905
1750940554755,136105291,-0.8311696,10.21206,10.821905
1750940554771,136121958,-1.8122925,13.76681,7.530573
1750940554771,136121958,-1.8122925,13.76681,7.530573
1750940554788,136138625,2.9591155,15.89245,0.8520336
1750940554788,136138625,2.9591155,15.89245,0.8520336
1750940554805,136155292,17.353327,24.433502,-14.063271
1750940554805,136155292,17.353327,24.433502,-14.063271
1750940554821,136171959,6.514139,22.74818,-18.434467
1750940554821,136171959,6.514139,22.74818,-18.434467
1750940554838,136188626,-2.2828817,16.396065,-10.384757
1750940554838,136188626,-2.2828817,16.396065,-10.384757
1750940554855,136205293,-1.5782534,15.594147,-7.634819
1750940554855,136205293,-1.5782534,15.594147,-7.634819
1750940554871,136221960,1.2586129,3.097646,1.6678667
1750940554871,136221960,1.2586129,3.097646,1.6678667
1750940554888,136238627,-3.5434911,-8.47667,9.058943
1750940554888,136238627,-3.5434911,-8.47667,9.058943
1750940554905,136255294,7.9370227,4.4679976,0.6354656
1750940554905,136255294,7.9370227,4.4679976,0.6354656
1750940554921,136271961,6.4165115,11.557306,8.24239
1750940554921,136271961,6.4165115,11.557306,8.24239
1750940554938,136288628,-2.885124,8.988064,4.9868107
1750940554938,136288628,-2.885124,8.988064,4.9868107
1750940554955,136305295,-3.3624277,4.7319703,-1.2419758
1750940554955,136305295,-3.3624277,4.7319703,-1.2419758
1750940554971,136321962,0.4908854,5.1578593,0.64248466
1750940554971,136321962,0.4908854,5.1578593,0.64248466
1750940554988,136338629,6.4809613,3.5627842,-0.5890236
1750940554988,136338629,6.4809613,3.5627842,-0.5890236
1750940555005,136355296,7.0646696,1.9807991,-0.65411663
1750940555005,136355296,7.0646696,1.9807991,-0.65411663
1750940555021,136371963,2.4878533,2.2729192,1.140377
1750940555021,136371963,2.4878533,2.2729192,1.140377
1750940555038,136388630,1.5674298,1.3014319,1.136056
1750940555038,136388630,1.5674298,1.3014319,1.136056
1750940555055,136405297,1.3900197,0.83765435,1.66677
1750940555055,136405297,1.3900197,0.83765435,1.66677
1750940555071,136421964,0.63070595,0.92518425,1.5365896
1750940555071,136421964,0.63070595,0.92518425,1.5365896
1750940555088,136438631,-0.7185564,0.8029732,-0.2785635
1750940555088,136438631,-0.7185564,0.8029732,-0.2785635
1750940555105,136455298,-1.4138236,0.8013972,-0.45424652
1750940555105,136455298,-1.4138236,0.8013972,-0.45424652
1750940555121,136471965,-1.7182102,0.49947926,0.16306496
1750940555121,136471965,-1.7182102,0.49947926,0.16306496
1750940555138,136488632,-0.511137,0.03555711,0.15947723
1750940555138,136488632,-0.511137,0.03555711,0.15947723
1750940555155,136505299,0.28913122,-0.32496884,0.568882
1750940555155,136505299,0.28913122,-0.32496884,0.568882
1750940555171,136521966,0.043319046,-0.12396632,0.20801735
1750940555171,136521966,0.043319046,-0.12396632,0.20801735
1750940555188,136538633,-0.06582792,0.07056729,-0.01849556
1750940555188,136538633,-0.06582792,0.07056729,-0.01849556
1750940555205,136555300,-1.0560766,-0.04068584,0.02540493
1750940555205,136555300,-1.0560766,-0.04068584,0.02540493
1750940555221,136571967,-0.78079176,0.11862637,-0.20605278
1750940555221,136571967,-0.78079176,0.11862637,-0.20605278
1750940555238,136588634,-0.5408674,0.046311885,-0.10167408
1750940555238,136588634,-0.5408674,0.046311885,-0.10167408
1750940555255,136605301,-0.18792008,0.07066608,0.033236504
1750940555255,136605301,-0.18792008,0.07066608,0.033236504
1750940555271,136621968,0.11745427,0.16330214,-0.10346413
1750940555271,136621968,0.11745427,0.16330214,-0.10346413
1750940555288,136638635,0.118448906,0.17428534,-0.15541744
1750940555288,136638635,0.118448906,0.17428534,-0.15541744
1750940555305,136655302,0.081758805,0.27637467,-0.04554367
1750940555305,136655302,0.081758805,0.27637467,-0.04554367
1750940555321,136671969,-0.20608185,0.28636524,0.19910336
1750940555321,136671969,-0.20608185,0.28636524,0.19910336
1750940555338,136688636,-0.3735572,0.092877455,0.39806652
1750940555338,136688636,-0.3735572,0.092877455,0.39806652
1750940555355,136705303,0.019342141,-0.10269705,0.44390297
1750940555355,136705303,0.019342141,-0.10269705,0.44390297
1750940555371,136721970,-0.021957466,-0.48885727,0.37377644
1750940555371,136721970,-0.021957466,-0.48885727,0.37377644
1750940555388,136738637,-0.4010701,-1.1892011,0.26578522
1750940555388,136738637,-0.4010701,-1.1892011,0.26578522
1750940555405,136755304,-1.0512894,-1.6773212,0.13661194
1750940555405,136755304,-1.0512894,-1.6773212,0.13661194
1750940555421,136771971,-0.603801,-1.6820325,0.30631638
1750940555421,136771971,-0.603801,-1.6820325,0.30631638
1750940555438,136788638,-0.038461886,-1.2498894,0.62350464
1750940555438,136788638,-0.038461886,-1.2498894,0.62350464
1750940555455,136805305,-1.5595529,-2.1250777,1.9712715
1750940555455,136805305,-1.5595529,-2.1250777,1.9712715
1750940555471,136821972,-1.2999439,-2.4981642,2.5612497
1750940555471,136821972,-1.2999439,-2.4981642,2.5612497
1750940555488,136838639,-0.7069174,-3.4203603,2.9887533
1750940555488,136838639,-0.7069174,-3.4203603,2.9887533
1750940555505,136855306,-0.2607873,-3.9378977,2.8654556
1750940555505,136855306,-0.2607873,-3.9378977,2.8654556
1750940555521,136871973,-0.032385238,-5.0728035,3.0609741
1750940555521,136871973,-0.032385238,-5.0728035,3.0609741
1750940555538,136888640,-0.63241696,-7.2399263,3.318594
1750940555538,136888640,-0.63241696,-7.2399263,3.318594
1750940555555,136905307,-1.8976367,-10.603617,3.464468
1750940555555,136905307,-1.8976367,-10.603617,3.464468
1750940555571,136921974,-0.56036127,-15.932154,4.1025248
1750940555571,136921974,-0.56036127,-15.932154,4.1025248
1750940555588,136938641,-5.0356927,-17.194448,1.9247427
1750940555588,136938641,-5.0356927,-17.194448,1.9247427
1750940555605,136955308,-8.064044,-9.633174,-1.5453558
1750940555605,136955308,-8.064044,-9.633174,-1.5453558
1750940555621,136971975,-7.0441217,-3.2903054,3.3238764
1750940555621,136971975,-7.0441217,-3.2903054,3.3238764
1750940555638,136988642,-2.632892,-8.700751,3.474677
1750940555638,136988642,-2.632892,-8.700751,3.474677
1750940555655,137005309,-2.8400474,-5.0663347,2.0921679
1750940555655,137005309,-2.8400474,-5.0663347,2.0921679
1750940555671,137021976,-5.285781,-4.104408,-1.090127
1750940555671,137021976,-5.285781,-4.104408,-1.090127
1750940555688,137038643,-5.330239,-3.779591,-1.4769049
1750940555688,137038643,-5.330239,-3.779591,-1.4769049
1750940555705,137055310,-5.8299923,-7.091499,-6.583214
1750940555705,137055310,-5.8299923,-7.091499,-6.583214
1750940555721,137071977,-3.9517689,-5.8122625,-9.524924
1750940555721,137071977,-3.9517689,-5.8122625,-9.524924
1750940555738,137088644,-2.855417,-3.6881754,-8.888837
1750940555738,137088644,-2.855417,-3.6881754,-8.888837
1750940555755,137105311,-1.826711,-3.1290245,-7.813367
1750940555755,137105311,-1.826711,-3.1290245,-7.813367
1750940555771,137121978,-1.7645113,-2.719002,-7.087202
1750940555771,137121978,-1.7645113,-2.719002,-7.087202
1750940555788,137138645,-2.3828619,-2.9817123,-6.6305323
1750940555788,137138645,-2.3828619,-2.9817123,-6.6305323
1750940555805,137155312,-2.3287945,-3.689227,-5.9843645
1750940555805,137155312,-2.3287945,-3.689227,-5.9843645
1750940555821,137171979,-1.674237,-3.9646604,-4.729419
1750940555821,137171979,-1.674237,-3.9646604,-4.729419
1750940555838,137188646,-0.95080245,-3.5074303,-3.2809663
1750940555838,137188646,-0.95080245,-3.5074303,-3.2809663
1750940555855,137205313,-0.05739969,-3.6058285,-1.1189241
1750940555855,137205313,-0.05739969,-3.6058285,-1.1189241
1750940555871,137221980,1.4185526,-3.3076398,0.89887524
1750940555871,137221980,1.4185526,-3.3076398,0.89887524
1750940555888,137238647,1.5251784,-1.1672238,3.295332
1750940555888,137238647,1.5251784,-1.1672238,3.295332
1750940555905,137255314,-0.85647774,0.6348356,4.4018507
1750940555905,137255314,-0.85647774,0.6348356,4.4018507
1750940555921,137271981,-0.42604566,2.032039,6.1270714
1750940555921,137271981,-0.42604566,2.032039,6.1270714
1750940555938,137288648,-1.1438718,3.7110322,7.3719044
1750940555938,137288648,-1.1438718,3.7110322,7.3719044
1750940555955,137305315,-2.6652052,6.2738204,8.639111
1750940555955,137305315,-2.6652052,6.2738204,8.639111
1750940555971,137321982,-3.7481,7.714061,8.233545
1750940555971,137321982,-3.7481,7.714061,8.233545
1750940555988,137338649,-4.3924823,8.897629,6.735243
1750940555988,137338649,-4.3924823,8.897629,6.735243
1750940556005,137355316,-2.281804,10.574206,4.075552
1750940556005,137355316,-2.281804,10.574206,4.075552
1750940556021,137371983,-1.2896671,11.869276,1.9307966
1750940556021,137371983,-1.2896671,11.869276,1.9307966
1750940556038,137388650,4.1623735,13.020775,-1.5132856
1750940556038,137388650,4.1623735,13.020775,-1.5132856
1750940556055,137405317,6.0894113,13.999286,-7.592867
1750940556055,137405317,6.0894113,13.999286,-7.592867
1750940556071,137421984,4.6051836,12.236325,-9.690067
1750940556071,137421984,4.6051836,12.236325,-9.690067
1750940556088,137438651,5.26235,10.922894,-6.896189
1750940556088,137438651,5.26235,10.922894,-6.896189
1750940556105,137455318,4.5372586,9.893434,-4.194494
1750940556105,137455318,4.5372586,9.893434,-4.194494
1750940556121,137471985,4.9122295,7.405449,-3.3297415
1750940556121,137471985,4.9122295,7.405449,-3.3297415
1750940556138,137488652,5.1413274,5.730178,-3.443643
1750940556138,137488652,5.1413274,5.730178,-3.443643
1750940556155,137505319,5.000141,4.026089,-2.656777
1750940556155,137505319,5.000141,4.026089,-2.656777
1750940556171,137521986,3.4959698,2.5244646,-3.2567596
1750940556171,137521986,3.4959698,2.5244646,-3.2567596
1750940556188,137538653,3.3200395,1.2158046,-3.30725
1750940556188,137538653,3.3200395,1.2158046,-3.30725
1750940556205,137555320,-5.8363223,5.3503184,-2.2529702
1750940556205,137555320,-5.8363223,5.3503184,-2.2529702
1750940556221,137571987,-3.79277,-2.1558924,7.942045
1750940556221,137571987,-3.79277,-2.1558924,7.942045
1750940556238,137588654,8.334313,-0.8540933,7.3912163
1750940556238,137588654,8.334313,-0.8540933,7.3912163
1750940556255,137605321,5.598717,1.3256853,4.9951982
1750940556255,137605321,5.598717,1.3256853,4.9951982
1750940556271,137621988,0.52900106,10.000272,0.78967476
1750940556271,137621988,0.52900106,10.000272,0.78967476
1750940556288,137638655,1.3605734,5.6868477,2.0170174
1750940556288,137638655,1.3605734,5.6868477,2.0170174
1750940556305,137655322,7.180221,-0.84043264,0.42346478
1750940556305,137655322,7.180221,-0.84043264,0.42346478
1750940556321,137671989,4.2843027,-0.6355891,0.32555008
1750940556321,137671989,4.2843027,-0.6355891,0.32555008
1750940556338,137688656,1.2793471,1.739625,1.0814905
1750940556338,137688656,1.2793471,1.739625,1.0814905
1750940556355,137705323,-0.22110394,1.6773888,0.46440983
1750940556355,137705323,-0.22110394,1.6773888,0.46440983
1750940556371,137721990,-0.3691929,1.6138602,0.9748421
1750940556371,137721990,-0.3691929,1.6138602,0.9748421
1750940556388,137738657,0.5973978,0.22609124,1.204339
1750940556388,137738657,0.5973978,0.22609124,1.204339
1750940556405,137755324,0.8424735,-1.0196109,1.1159115
1750940556405,137755324,0.8424735,-1.0196109,1.1159115
1750940556421,137771991,0.70224774,-0.91742414,0.22576904
1750940556421,137771991,0.70224774,-0.91742414,0.22576904
1750940556438,137788658,0.44193563,-0.22710699,-0.09947014
1750940556438,137788658,0.44193563,-0.22710699,-0.09947014
1750940556455,137805325,0.08050758,-0.011079984,0.34143734
1750940556455,137805325,0.08050758,-0.011079984,0.34143734
1750940556471,137821992,0.028513547,0.30887914,0.48759937
1750940556471,137821992,0.028513547,0.30887914,0.48759937
1750940556488,137838659,0.23557952,-0.08193644,0.30461597
1750940556488,137838659,0.23557952,-0.08193644,0.30461597
1750940556505,137855326,-0.16113675,0.24506944,0.09133434
1750940556505,137855326,-0.16113675,0.24506944,0.09133434
1750940556521,137871993,-0.14153466,-0.07688857,0.1571331
1750940556521,137871993,-0.14153466,-0.07688857,0.1571331
1750940556538,137888660,-0.19310625,-0.25711432,0.1993885
1750940556538,137888660,-0.19310625,-0.25711432,0.1993885
1750940556555,137905327,-0.61646616,0.15618192,0.19319439
1750940556555,137905327,-0.61646616,0.15618192,0.19319439
1750940556571,137921994,-0.45242688,-0.05221978,0.3054638
1750940556571,137921994,-0.45242688,-0.05221978,0.3054638
1750940556588,137938661,0.48709106,-0.6850538,0.38633823
1750940556588,137938661,0.48709106,-0.6850538,0.38633823
1750940556605,137955328,0.5393524,-1.1023271,0.27257156
1750940556605,137955328,0.5393524,-1.1023271,0.27257156
1750940556621,137971995,0.14565848,-0.97413796,0.31420517
1750940556621,137971995,0.14565848,-0.97413796,0.31420517
1750940556638,137988662,0.3708402,-1.0721451,0.42200184
1750940556638,137988662,0.3708402,-1.0721451,0.42200184
1750940556655,138005329,-0.06922554,-1.2301768,0.7425976
1750940556655,138005329,-0.06922554,-1.2301768,0.7425976
1750940556671,138021996,-0.00044791997,-1.7153858,0.50190353
1750940556671,138021996,-0.00044791997,-1.7153858,0.50190353
1750940556688,138038663,0.42967236,-2.6416059,-0.07975292
1750940556688,138038663,0.42967236,-2.6416059,-0.07975292
1750940556705,138055330,2.2905269,-5.252238,-0.24701118
1750940556705,138055330,2.2905269,-5.252238,-0.24701118
1750940556721,138071997,1.7781094,-6.719432,0.18123722
1750940556721,138071997,1.7781094,-6.719432,0.18123722
1750940556738,138088664,-0.52117276,-4.8001323,0.6239319
1750940556738,138088664,-0.52117276,-4.8001323,0.6239319
1750940556755,138105331,-0.6083357,-4.5178113,0.061058044
1750940556755,138105331,-0.6083357,-4.5178113,0.061058044
1750940556771,138121998,-1.6210349,-2.7487166,-0.541481
1750940556771,138121998,-1.6210349,-2.7487166,-0.541481
1750940556788,138138665,-1.7120448,-1.2865095,-0.7499409
1750940556788,138138665,-1.7120448,-1.2865095,-0.7499409
1750940556805,138155332,-1.895167,0.42595363,-0.93547153
1750940556805,138155332,-1.895167,0.42595363,-0.93547153
1750940556821,138171999,-1.2486484,2.0262778,-0.9428396
1750940556821,138171999,-1.2486484,2.0262778,-0.9428396
1750940556838,138188666,-0.37393764,3.1768374,-0.7669678
1750940556838,138188666,-0.37393764,3.1768374,-0.7669678
1750940556855,138205333,0.5379952,3.4310462,-0.77305984
1750940556855,138205333,0.5379952,3.4310462,-0.77305984
1750940556871,138222000,1.2158537,2.789933,-0.7719021
1750940556871,138222000,1.2158537,2.789933,-0.7719021
1750940556888,138238667,1.5790104,2.9245727,-0.39479828
1750940556888,138238667,1.5790104,2.9245727,-0.39479828
1750940556905,138255334,2.2347941,3.6724076,-0.036179543
1750940556905,138255334,2.2347941,3.6724076,-0.036179543
1750940556921,138272001,2.7088473,4.2847476,0.04553795
1750940556921,138272001,2.7088473,4.2847476,0.04553795
1750940556938,138288668,2.173721,3.5377488,-0.16011047
1750940556938,138288668,2.173721,3.5377488,-0.16011047
1750940556955,138305335,0.70900255,0.7593667,-0.34986877
1750940556955,138305335,0.70900255,0.7593667,-0.34986877
1750940556971,138322002,-0.5400319,-0.089648925,0.25859737
1750940556971,138322002,-0.5400319,-0.089648925,0.25859737
1750940556988,138338669,-1.2934175,-0.90065664,0.9278755
1750940556988,138338669,-1.2934175,-0.90065664,0.9278755
1750940557005,138355336,-1.6261437,-0.99048513,1.1240749
1750940557005,138355336,-1.6261437,-0.99048513,1.1240749
1750940557021,138372003,-1.5046617,-0.9741423,1.1645222
1750940557021,138372003,-1.5046617,-0.9741423,1.1645222
1750940557038,138388670,-1.1177776,-0.61347264,1.0591431
1750940557038,138388670,-1.1177776,-0.61347264,1.0591431
1750940557055,138405337,-0.6221389,-0.21079306,0.8118248
1750940557055,138405337,-0.6221389,-0.21079306,0.8118248
1750940557071,138422004,-0.010373684,0.32288155,0.43694115
1750940557071,138422004,-0.010373684,0.32288155,0.43694115
1750940557088,138438671,0.26728976,0.19495794,0.23027706
1750940557088,138438671,0.26728976,0.19495794,0.23027706
1750940557105,138455338,0.0670512,-0.3276024,0.112662315
1750940557105,138455338,0.0670512,-0.3276024,0.112662315
1750940557121,138472005,-0.056107562,-0.70674527,-0.0062294006
1750940557121,138472005,-0.056107562,-0.70674527,-0.0062294006
1750940557138,138488672,-0.25668406,-0.8981713,0.01127243
1750940557138,138488672,-0.25668406,-0.8981713,0.01127243
1750940557155,138505339,-0.34238476,-1.124963,-0.013225555
1750940557155,138505339,-0.34238476,-1.124963,-0.013225555
1750940557171,138522006,-0.22778027,-0.96268284,0.02585125
1750940557171,138522006,-0.22778027,-0.96268284,0.02585125
1750940557188,138538673,-0.0020969985,-0.3981253,0.118377686
1750940557188,138538673,-0.0020969985,-0.3981253,0.118377686
1750940557205,138555340,0.27122313,0.16137591,-0.050441742
1750940557205,138555340,0.27122313,0.16137591,-0.050441742
1750940557221,138572007,0.3773882,0.43697497,-0.24228382
1750940557221,138572007,0.3773882,0.43697497,-0.24228382
1750940557238,138588674,0.50297165,0.5802906,-0.26257515
1750940557238,138588674,0.50297165,0.5802906,-0.26257515
1750940557255,138605341,0.17451623,-0.047338925,-0.21482563
1750940557255,138605341,0.17451623,-0.047338925,-0.21482563
1750940557271,138622008,-0.11758838,-0.24964766,-0.10732746
1750940557271,138622008,-0.11758838,-0.24964766,-0.10732746
1750940557288,138638675,-0.32635304,-0.075537324,0.14938354
1750940557288,138638675,-0.32635304,-0.075537324,0.14938354
1750940557305,138655342,-0.50599355,0.2812895,0.6253576
1750940557305,138655342,-0.50599355,0.2812895,0.6253576
1750940557321,138672009,-0.85731566,-0.034286216,0.9854803
1750940557321,138672009,-0.85731566,-0.034286216,0.9854803
1750940557338,138688676,-0.92819256,0.27562076,1.012538
1750940557338,138688676,-0.92819256,0.27562076,1.012538
1750940557355,138705343,-1.1575669,0.32627058,1.3083735
1750940557355,138705343,-1.1575669,0.32627058,1.3083735
1750940557371,138722010,-1.3579521,0.53660387,1.3825188
1750940557371,138722010,-1.3579521,0.53660387,1.3825188
1750940557388,138738677,-1.5304518,0.97779316,1.4495287
1750940557388,138738677,-1.5304518,0.97779316,1.4495287
1750940557405,138755344,-1.8048751,1.3438703,1.8004837
1750940557405,138755344,-1.8048751,1.3438703,1.8004837
1750940557421,138772011,-2.0101137,2.1409724,2.1945953
1750940557421,138772011,-2.0101137,2.1409724,2.1945953
1750940557438,138788678,-2.3554041,2.3430858,2.3105402
1750940557438,138788678,-2.3554041,2.3430858,2.3105402
1750940557455,138805345,-2.449471,3.0604703,2.0766
1750940557455,138805345,-2.449471,3.0604703,2.0766
1750940557471,138822012,-2.489241,5.12974,1.6201639
1750940557471,138822012,-2.489241,5.12974,1.6201639
1750940557488,138838679,-2.0994635,7.4917936,1.4310303
1750940557488,138838679,-2.0994635,7.4917936,1.4310303
1750940557505,138855346,-1.0790132,9.264012,0.5934038
1750940557505,138855346,-1.0790132,9.264012,0.5934038
1750940557521,138872013,-0.32500437,8.944062,-0.7333832
1750940557521,138872013,-0.32500437,8.944062,-0.7333832
1750940557538,138888680,3.5076349,8.261974,0.355381
1750940557538,138888680,3.5076349,8.261974,0.355381
1750940557555,138905347,5.2461333,6.721755,2.927947
1750940557555,138905347,5.2461333,6.721755,2.927947
1750940557571,138922014,2.8938706,4.9883876,2.5777988
1750940557571,138922014,2.8938706,4.9883876,2.5777988
1750940557588,138938681,3.6884344,3.1132352,1.7887602
1750940557588,138938681,3.6884344,3.1132352,1.7887602
1750940557605,138955348,5.4522667,5.9696703,-0.513999
1750940557605,138955348,5.4522667,5.9696703,-0.513999
1750940557621,138972015,3.6569571,10.587631,-2.5663276
1750940557621,138972015,3.6569571,10.587631,-2.5663276
1750940557638,138988682,0.32231238,7.540725,-3.4676414
1750940557638,138988682,0.32231238,7.540725,-3.4676414
1750940557655,139005349,-1.6631688,5.608042,-4.157103
1750940557655,139005349,-1.6631688,5.608042,-4.157103
1750940557671,139022016,-0.09495993,4.59585,-4.2784224
1750940557671,139022016,-0.09495993,4.59585,-4.2784224
1750940557688,139038683,1.8228966,5.2139187,-4.5287666
1750940557688,139038683,1.8228966,5.2139187,-4.5287666
1750940557705,139055350,0.9946604,4.2930937,-3.8505864
1750940557705,139055350,0.9946604,4.2930937,-3.8505864
1750940557721,139072017,-0.19837713,4.0564523,-3.5631013
1750940557721,139072017,-0.19837713,4.0564523,-3.5631013
1750940557738,139088684,-0.45505026,3.858256,-3.1600904
1750940557738,139088684,-0.45505026,3.858256,-3.1600904
1750940557755,139105351,0.11580922,3.828414,-2.6255407
1750940557755,139105351,0.11580922,3.828414,-2.6255407
1750940557771,139122018,0.33442163,3.479387,-1.743864
1750940557771,139122018,0.33442163,3.479387,-1.743864
1750940557788,139138685,1.271765,3.4774778,-1.3830566
1750940557788,139138685,1.271765,3.4774778,-1.3830566
1750940557805,139155352,2.7795522,3.7209485,-0.24090672
1750940557805,139155352,2.7795522,3.7209485,-0.24090672
1750940557821,139172019,4.0965195,3.5656574,0.46594238
1750940557821,139172019,4.0965195,3.5656574,0.46594238
1750940557838,139188686,4.309879,2.7566047,1.6316986
1750940557838,139188686,4.309879,2.7566047,1.6316986
1750940557855,139205353,3.7118113,1.1896513,2.9594812
1750940557855,139205353,3.7118113,1.1896513,2.9594812
1750940557871,139222020,4.0195656,-0.13678613,3.4809198
1750940557871,139222020,4.0195656,-0.13678613,3.4809198
1750940557888,139238687,4.44346,-1.1313819,3.9010782
1750940557888,139238687,4.44346,-1.1313819,3.9010782
1750940557905,139255354,3.265637,-2.6944587,4.2460966
1750940557905,139255354,3.265637,-2.6944587,4.2460966
1750940557921,139272021,1.8263836,-4.1277857,4.3703547
1750940557921,139272021,1.8263836,-4.1277857,4.3703547
1750940557938,139288688,1.7224829,-5.3515544,4.1984406
1750940557938,139288688,1.7224829,-5.3515544,4.1984406
1750940557955,139305355,1.8842723,-6.2007055,3.7421694
1750940557955,139305355,1.8842723,-6.2007055,3.7421694
1750940557971,139322022,1.7240008,-6.8577595,3.4044924
1750940557971,139322022,1.7240008,-6.8577595,3.4044924
1750940557988,139338689,1.5274949,-7.5778775,2.980936
1750940557988,139338689,1.5274949,-7.5778775,2.980936
1750940558005,139355356,-1.3306172,-9.055628,1.3425283
1750940558005,139355356,-1.3306172,-9.055628,1.3425283
1750940558021,139372023,-2.4639199,-10.694948,-0.41756916
1750940558021,139372023,-2.4639199,-10.694948,-0.41756916
1750940558038,139388690,-3.726802,-12.726646,-3.4579334
1750940558038,139388690,-3.726802,-12.726646,-3.4579334
1750940558055,139405357,-2.075719,-13.804616,-7.7035656
1750940558055,139405357,-2.075719,-13.804616,-7.7035656
1750940558071,139422024,-2.0553439,-14.24058,-10.370888
1750940558071,139422024,-2.0553439,-14.24058,-10.370888
1750940558088,139438691,0.12645346,-13.81577,-9.965563
1750940558088,139438691,0.12645346,-13.81577,-9.965563
1750940558105,139455358,1.0126379,-12.788962,-8.345664
1750940558105,139455358,1.0126379,-12.788962,-8.345664
1750940558122,139472025,-1.3802038,-10.112297,-5.1688952
1750940558122,139472025,-1.3802038,-10.112297,-5.1688952
1750940558138,139488692,-3.4429657,-8.104545,-4.0968523
1750940558138,139488692,-3.4429657,-8.104545,-4.0968523
1750940558155,139505359,-2.3583488,5.366906,7.8335037
1750940558155,139505359,-2.3583488,5.366906,7.8335037
1750940558172,139522026,-2.9894981,-1.5293925,4.7068224
1750940558172,139522026,-2.9894981,-1.5293925,4.7068224
1750940558188,139538693,-16.010519,-10.429371,2.6501884
1750940558188,139538693,-16.010519,-10.429371,2.6501884
1750940558205,139555360,-11.1739435,-9.938041,3.029891
1750940558205,139555360,-11.1739435,-9.938041,3.029891
1750940558222,139572027,5.5064836,-7.417805,3.5142775
1750940558222,139572027,5.5064836,-7.417805,3.5142775
1750940558238,139588694,-1.825332,-4.41022,0.35439396
1750940558238,139588694,-1.825332,-4.41022,0.35439396
1750940558255,139605361,-1.6529514,-2.2569542,-1.4053268
1750940558255,139605361,-1.6529514,-2.2569542,-1.4053268
1750940558272,139622028,-2.2555635,-2.7515419,-2.6372862
1750940558272,139622028,-2.2555635,-2.7515419,-2.6372862
1750940558288,139638695,-2.5998409,-2.7075558,0.2346983
1750940558288,139638695,-2.5998409,-2.7075558,0.2346983
1750940558305,139655362,-1.9332596,-2.1182146,1.6546688
1750940558305,139655362,-1.9332596,-2.1182146,1.6546688
1750940558322,139672029,-1.1934285,-2.191377,2.0939045
1750940558322,139672029,-1.1934285,-2.191377,2.0939045
1750940558338,139688696,-2.0608966,-1.6016836,0.43401623
1750940558338,139688696,-2.0608966,-1.6016836,0.43401623
1750940558355,139705363,-1.7872539,-1.5614381,-0.019508362
1750940558355,139705363,-1.7872539,-1.5614381,-0.019508362
1750940558372,139722030,0.91420954,-1.4479355,0.17961884
1750940558372,139722030,0.91420954,-1.4479355,0.17961884
1750940558388,139738697,0.5888485,-0.86161137,-0.9360924
1750940558388,139738697,0.5888485,-0.86161137,-0.9360924
1750940558405,139755364,-0.57241744,-0.62645584,-0.6461172
1750940558405,139755364,-0.57241744,-0.62645584,-0.6461172
1750940558422,139772031,-0.98868746,-0.47300908,0.90201664
1750940558422,139772031,-0.98868746,-0.47300908,0.90201664
1750940558438,139788698,-0.41844943,-0.2105311,0.30576706
1750940558438,139788698,-0.41844943,-0.2105311,0.30576706
1750940558455,139805365,0.40119705,-0.2621552,-0.3278303
1750940558455,139805365,0.40119705,-0.2621552,-0.3278303
1750940558472,139822032,0.90353155,-0.23011978,-0.14773655
1750940558472,139822032,0.90353155,-0.23011978,-0.14773655
1750940558488,139838699,0.1489906,-0.35672623,-0.2264862
1750940558488,139838699,0.1489906,-0.35672623,-0.2264862
1750940558505,139855366,-0.32375762,-0.4746242,0.04501438
1750940558505,139855366,-0.32375762,-0.4746242,0.04501438
1750940558522,139872033,-0.77093595,-0.54863757,0.25482178
1750940558522,139872033,-0.77093595,-0.54863757,0.25482178
1750940558538,139888700,-1.0924385,-0.82501024,0.09489155
1750940558538,139888700,-1.0924385,-0.82501024,0.09489155
1750940558555,139905367,-0.59060436,-0.85637426,-0.09847641
1750940558555,139905367,-0.59060436,-0.85637426,-0.09847641
1750940558572,139922034,-0.43826208,-0.90881866,-0.045220375
1750940558572,139922034,-0.43826208,-0.90881866,-0.045220375
1750940558588,139938701,-0.41792306,-0.85501593,0.10601711
1750940558588,139938701,-0.41792306,-0.85501593,0.10601711
1750940558605,139955368,-0.5512509,-0.6341376,0.32152748
1750940558605,139955368,-0.5512509,-0.6341376,0.32152748
1750940558622,139972035,-0.43952617,-0.040040556,0.44928265
1750940558622,139972035,-0.43952617,-0.040040556,0.44928265
1750940558638,139988702,-0.85007274,0.2274184,0.4469242
1750940558638,139988702,-0.85007274,0.2274184,0.4469242
1750940558655,140005369,-0.053529117,0.7256735,0.27096558
1750940558655,140005369,-0.053529117,0.7256735,0.27096558
1750940558672,140022036,0.55880874,1.0557653,0.48036766
1750940558672,140022036,0.55880874,1.0557653,0.48036766
1750940558688,140038703,0.26652533,0.8089466,0.7212391
1750940558688,140038703,0.26652533,0.8089466,0.7212391
1750940558705,140055370,0.05738181,1.0144109,1.1044874
1750940558705,140055370,0.05738181,1.0144109,1.1044874
1750940558722,140072037,-0.7434765,1.1144603,1.52602
1750940558722,140072037,-0.7434765,1.1144603,1.52602
1750940558738,140088704,-0.008290319,2.074876,2.4778576
1750940558738,140088704,-0.008290319,2.074876,2.4778576
1750940558755,140105371,-0.3581574,2.6365774,3.016985
1750940558755,140105371,-0.3581574,2.6365774,3.016985
1750940558772,140122038,-0.85194737,3.505789,3.5595455
1750940558772,140122038,-0.85194737,3.505789,3.5595455
1750940558788,140138705,-1.5237671,4.6867495,3.841773
1750940558788,140138705,-1.5237671,4.6867495,3.841773
1750940558805,140155372,-0.5148795,6.8768497,3.95119
1750940558805,140155372,-0.5148795,6.8768497,3.95119
1750940558822,140172039,0.5278196,10.0338955,3.9024744
1750940558822,140172039,0.5278196,10.0338955,3.9024744
1750940558838,140188706,-1.0198101,15.240572,5.067484
1750940558838,140188706,-1.0198101,15.240572,5.067484
1750940558855,140205373,2.3141055,16.244827,1.4603376
1750940558855,140205373,2.3141055,16.244827,1.4603376
1750940558872,140222040,3.6302903,6.8252606,1.5850592
1750940558872,140222040,3.6302903,6.8252606,1.5850592
1750940558888,140238707,3.458792,6.3527536,3.3965483
1750940558888,140238707,3.458792,6.3527536,3.3965483
1750940558905,140255374,0.09376145,7.863124,2.7897167
1750940558905,140255374,0.09376145,7.863124,2.7897167
1750940558922,140272041,0.3088464,4.408283,0.9850769
1750940558922,140272041,0.3088464,4.408283,0.9850769
1750940558938,140288708,1.6865628,3.7055686,-0.7994642
1750940558938,140288708,1.6865628,3.7055686,-0.7994642
1750940558955,140305375,4.4907527,6.879044,-1.4593945
1750940558955,140305375,4.4907527,6.879044,-1.4593945
1750940558972,140322042,2.9679296,8.657781,-6.452771
1750940558972,140322042,2.9679296,8.657781,-6.452771
1750940558988,140338709,1.5798242,6.5183644,-8.594514
1750940558988,140338709,1.5798242,6.5183644,-8.594514
1750940559005,140355376,0.6847858,4.7860885,-7.9915133
1750940559005,140355376,0.6847858,4.7860885,-7.9915133
1750940559022,140372043,0.22328408,3.8935907,-6.6744385
1750940559022,140372043,0.22328408,3.8935907,-6.6744385
1750940559038,140388710,1.0915825,3.9988668,-6.063668
1750940559038,140388710,1.0915825,3.9988668,-6.063668
1750940559055,140405377,0.8394239,3.7797582,-5.708202
1750940559055,140405377,0.8394239,3.7797582,-5.708202
1750940559072,140422044,-0.09656475,4.0258365,-4.82769
1750940559072,140422044,-0.09656475,4.0258365,-4.82769
1750940559088,140438711,-0.6628898,4.0196314,-3.9572234
1750940559088,140438711,-0.6628898,4.0196314,-3.9572234
1750940559105,140455378,-1.2677563,3.6690447,-3.2974272
1750940559105,140455378,-1.2677563,3.6690447,-3.2974272
1750940559122,140472045,-1.4088985,3.2005482,-2.1950336
1750940559122,140472045,-1.4088985,3.2005482,-2.1950336
1750940559138,140488712,-1.2844528,2.6671846,-0.053604126
1750940559138,140488712,-1.2844528,2.6671846,-0.053604126
1750940559155,140505379,-1.2838666,1.9346308,2.201703
1750940559155,140505379,-1.2838666,1.9346308,2.201703
1750940559172,140522046,-1.9006791,0.56979173,4.267276
1750940559172,140522046,-1.9006791,0.56979173,4.267276
1750940559188,140538713,-1.0052403,-1.4538682,5.3922396
1750940559188,140538713,-1.0052403,-1.4538682,5.3922396
1750940559205,140555380,-0.5041015,-4.0903997,6.141754
1750940559205,140555380,-0.5041015,-4.0903997,6.141754
1750940559222,140572047,1.598298,-5.453134,7.2697163
1750940559222,140572047,1.598298,-5.453134,7.2697163
1750940559238,140588714,2.3229415,-8.567878,9.644323
1750940559238,140588714,2.3229415,-8.567878,9.644323
1750940559255,140605381,1.6050904,-12.903605,10.163576
1750940559255,140605381,1.6050904,-12.903605,10.163576
1750940559272,140622048,-2.031507,-16.676325,1.764782
1750940559272,140622048,-2.031507,-16.676325,1.764782
1750940559288,140638715,-3.2300668,-19.587887,-4.1090093
1750940559288,140638715,-3.2300668,-19.587887,-4.1090093
1750940559305,140655382,-2.9051678,-24.57689,-12.39028
1750940559305,140655382,-2.9051678,-24.57689,-12.39028
1750940559322,140672049,-2.987221,-21.897638,-16.659628
1750940559322,140672049,-2.987221,-21.897638,-16.659628
1750940559338,140688716,-1.9160795,-17.577341,-12.523187
1750940559338,140688716,-1.9160795,-17.577341,-12.523187
1750940559355,140705383,-1.7159754,-14.205356,-6.5865035
1750940559355,140705383,-1.7159754,-14.205356,-6.5865035
1750940559372,140722050,-2.5522218,5.3904595,10.044226
1750940559372,140722050,-2.5522218,5.3904595,10.044226
1750940559388,140738717,-3.694719,2.4239922,0.85830975
1750940559388,140738717,-3.694719,2.4239922,0.85830975
1750940559405,140755384,-13.258714,-8.370805,0.81309414
1750940559405,140755384,-13.258714,-8.370805,0.81309414
1750940559422,140772051,0.8324608,-10.881239,7.9344254
1750940559422,140772051,0.8324608,-10.881239,7.9344254
1750940559438,140788718,6.4321666,-8.202224,3.8217783
1750940559438,140788718,6.4321666,-8.202224,3.8217783
1750940559455,140805385,0.47537908,-4.7694864,1.6466398
1750940559455,140805385,0.47537908,-4.7694864,1.6466398
1750940559472,140822052,-7.055365,-5.05297,-0.8874912
1750940559472,140822052,-7.055365,-5.05297,-0.8874912
1750940559488,140838719,-0.41384766,-2.6973968,-0.7864971
1750940559488,140838719,-0.41384766,-2.6973968,-0.7864971
1750940559505,140855386,-0.8435797,-2.3218658,-0.6517916
1750940559505,140855386,-0.8435797,-2.3218658,-0.6517916
1750940559522,140872053,0.10803924,-2.3942552,0.80785084
1750940559522,140872053,0.10803924,-2.3942552,0.80785084
1750940559538,140888720,-0.80624723,-1.5163032,1.5429354
1750940559538,140888720,-0.80624723,-1.5163032,1.5429354
1750940559555,140905387,-2.1039305,-1.3582804,1.1545525
1750940559555,140905387,-2.1039305,-1.3582804,1.1545525
1750940559572,140922054,-1.4495392,-0.88079417,0.42583656
1750940559572,140922054,-1.4495392,-0.88079417,0.42583656
1750940559588,140938721,-0.1688361,-0.75407636,-0.14240074
1750940559588,140938721,-0.1688361,-0.75407636,-0.14240074
1750940559605,140955388,0.61469615,-0.42219362,-0.019907951
1750940559605,140955388,0.61469615,-0.42219362,-0.019907951
1750940559622,140972055,0.2736212,-0.32722923,0.068834305
1750940559622,140972055,0.2736212,-0.32722923,0.068834305
1750940559638,140988722,-0.71622807,-0.50501275,-0.15040588
1750940559638,140988722,-0.71622807,-0.50501275,-0.15040588
1750940559655,141005389,-0.54980946,-0.18128912,-0.30962563
1750940559655,141005389,-0.54980946,-0.18128912,-0.30962563
1750940559672,141022056,-0.016496597,-0.22142087,-0.0920372
1750940559672,141022056,-0.016496597,-0.22142087,-0.0920372
1750940559688,141038723,0.12570347,-0.15405497,-0.123952866
1750940559688,141038723,0.12570347,-0.15405497,-0.123952866
1750940559705,141055390,0.7136382,0.07457733,-0.12017918
1750940559705,141055390,0.7136382,0.07457733,-0.12017918
1750940559722,141072057,0.3073283,-0.35581854,-0.025156975
1750940559722,141072057,0.3073283,-0.35581854,-0.025156975
1750940559738,141088724,-0.37148076,-0.74601316,0.1436472
1750940559738,141088724,-0.37148076,-0.74601316,0.1436472
1750940559755,141105391,-0.42425954,-1.0203147,0.2268467
1750940559755,141105391,-0.42425954,-1.0203147,0.2268467
1750940559772,141122058,-0.44386724,-1.1033945,-0.16486359
1750940559772,141122058,-0.44386724,-1.1033945,-0.16486359
1750940559788,141138725,-0.097770825,-0.97362626,-0.23747635
1750940559788,141138725,-0.097770825,-0.97362626,-0.23747635
1750940559805,141155392,0.19896832,-0.65947455,-0.17134666
1750940559805,141155392,0.19896832,-0.65947455,-0.17134666
1750940559822,141172059,-0.10536267,-0.555847,-0.15131474
1750940559822,141172059,-0.10536267,-0.555847,-0.15131474
1750940559838,141188726,-0.5356224,-0.28544572,-0.16167068
1750940559838,141188726,-0.5356224,-0.28544572,-0.16167068
1750940559855,141205393,-0.038672436,0.06344862,-0.11295891
1750940559855,141205393,-0.038672436,0.06344862,-0.11295891
1750940559872,141222060,0.16759582,0.45353103,0.07514572
1750940559872,141222060,0.16759582,0.45353103,0.07514572
1750940559888,141238727,-0.40516642,0.47494826,0.2484026
1750940559888,141238727,-0.40516642,0.47494826,0.2484026
1750940559905,141255394,-0.93143815,0.7207204,0.67340565
1750940559905,141255394,-0.93143815,0.7207204,0.67340565
1750940559922,141272061,-0.55877435,1.029481,0.8455677
1750940559922,141272061,-0.55877435,1.029481,0.8455677
1750940559938,141288728,-0.5325708,1.1464518,0.71702766
1750940559938,141288728,-0.5325708,1.1464518,0.71702766
1750940559955,141305395,-1.1799937,1.2223253,1.0389652
1750940559955,141305395,-1.1799937,1.2223253,1.0389652
1750940559972,141322062,-0.60923976,1.9737839,1.6881218
1750940559972,141322062,-0.60923976,1.9737839,1.6881218
1750940559988,141338729,-0.4460914,2.4633682,2.19736
1750940559988,141338729,-0.4460914,2.4633682,2.19736
1750940560005,141355396,-1.1784815,2.7670786,2.1246138
1750940560005,141355396,-1.1784815,2.7670786,2.1246138
1750940560022,141372063,-1.9357009,3.7869935,2.4371119
1750940560022,141372063,-1.9357009,3.7869935,2.4371119
1750940560038,141388730,-2.488332,5.1497717,2.6762228
1750940560038,141388730,-2.488332,5.1497717,2.6762228
1750940560055,141405397,-2.102665,8.331339,2.9388456
1750940560055,141405397,-2.102665,8.331339,2.9388456
1750940560072,141422064,-1.1839839,13.850855,3.2694168
1750940560072,141422064,-1.1839839,13.850855,3.2694168
1750940560088,141438731,-0.8019394,14.365428,2.131465
1750940560088,141438731,-0.8019394,14.365428,2.131465
1750940560105,141455398,2.104341,10.809455,3.9660034
1750940560105,141455398,2.104341,10.809455,3.9660034
1750940560122,141472065,2.2854214,6.633074,4.870392
1750940560122,141472065,2.2854214,6.633074,4.870392
1750940560138,141488732,-1.8820488,9.817034,5.121395
1750940560138,141488732,-1.8820488,9.817034,5.121395
1750940560155,141505399,-3.0607305,7.740894,1.8380718
1750940560155,141505399,-3.0607305,7.740894,1.8380718
1750940560172,141522066,-0.38222772,6.516289,0.29508972
1750940560172,141522066,-0.38222772,6.516289,0.29508972
1750940560188,141538733,2.2135677,6.124239,-2.2141762
1750940560188,141538733,2.2135677,6.124239,-2.2141762
1750940560205,141555400,4.360725,8.574558,-3.4737086
1750940560205,141555400,4.360725,8.574558,-3.4737086
1750940560222,141572067,1.4864602,8.434421,-7.5752153
1750940560222,141572067,1.4864602,8.434421,-7.5752153
1750940560238,141588734,0.95648366,6.5435324,-9.208143
1750940560238,141588734,0.95648366,6.5435324,-9.208143
1750940560255,141605401,0.64423317,5.3466887,-8.000347
1750940560255,141605401,0.64423317,5.3466887,-8.000347
1750940560272,141622068,0.46952784,4.2472363,-6.8190804
1750940560272,141622068,0.46952784,4.2472363,-6.8190804
1750940560288,141638735,1.1674591,3.9669096,-6.2571135
1750940560288,141638735,1.1674591,3.9669096,-6.2571135
1750940560305,141655402,1.2932513,4.060748,-5.4056087
1750940560305,141655402,1.2932513,4.060748,-5.4056087
1750940560322,141672069,1.2282008,4.2403626,-4.1380577
1750940560322,141672069,1.2282008,4.2403626,-4.1380577
1750940560338,141688736,0.9374817,4.249681,-2.8674679
1750940560338,141688736,0.9374817,4.249681,-2.8674679
1750940560355,141705403,-0.22716784,3.659725,-1.0336246
1750940560355,141705403,-0.22716784,3.659725,-1.0336246
1750940560372,141722070,-1.2650914,2.7604399,1.140379
1750940560372,141722070,-1.2650914,2.7604399,1.140379
1750940560388,141738737,-1.4346564,1.4088196,3.184287
1750940560388,141738737,-1.4346564,1.4088196,3.184287
1750940560405,141755404,-0.51261914,0.12565228,5.0326138
1750940560405,141755404,-0.51261914,0.12565228,5.0326138
1750940560422,141772071,0.35545668,-1.9923066,5.6691256
1750940560422,141772071,0.35545668,-1.9923066,5.6691256
1750940560438,141788738,0.32634568,-4.4603424,6.0244627
1750940560438,141788738,0.32634568,-4.4603424,6.0244627
1750940560455,141805405,2.642231,-6.042127,7.206005
1750940560455,141805405,2.642231,-6.042127,7.206005
1750940560472,141822072,3.9565172,-9.0187645,8.793217
1750940560472,141822072,3.9565172,-9.0187645,8.793217
1750940560488,141838739,4.916544,-12.8327875,7.1909466
1750940560488,141838739,4.916544,-12.8327875,7.1909466
1750940560505,141855406,0.31638032,-15.813651,1.5079947
1750940560505,141855406,0.31638032,-15.813651,1.5079947
1750940560522,141872073,-5.877097,-19.85158,-5.167788
1750940560522,141872073,-5.877097,-19.85158,-5.167788
1750940560538,141888740,-0.20912588,-23.881374,-11.706402
1750940560538,141888740,-0.20912588,-23.881374,-11.706402
1750940560555,141905407,2.3885806,-19.80028,-13.289385
1750940560555,141905407,2.3885806,-19.80028,-13.289385
1750940560572,141922074,1.598509,-15.723738,-11.02094
1750940560572,141922074,1.598509,-15.723738,-11.02094
1750940560588,141938741,1.1633009,-15.951916,-6.762125
1750940560588,141938741,1.1633009,-15.951916,-6.762125
1750940560605,141955408,-2.4834092,-6.3160634,1.4397278
1750940560605,141955408,-2.4834092,-6.3160634,1.4397278
1750940560622,141972075,-0.7578117,7.4392767,5.1155186
1750940560622,141972075,-0.7578117,7.4392767,5.1155186
1750940560638,141988742,-1.6376683,4.1878,2.5651932
1750940560638,141988742,-1.6376683,4.1878,2.5651932
1750940560655,142005409,-10.890587,-9.970003,1.6142931
1750940560655,142005409,-10.890587,-9.970003,1.6142931
1750940560672,142022076,-1.60183,-9.969762,6.241665
1750940560672,142022076,-1.60183,-9.969762,6.241665
1750940560688,142038743,5.420995,-5.855174,3.2210531
1750940560688,142038743,5.420995,-5.855174,3.2210531
1750940560705,142055410,2.056801,-4.933325,0.70440197
1750940560705,142055410,2.056801,-4.933325,0.70440197
1750940560722,142072077,-4.917389,-4.717701,0.5395155
1750940560722,142072077,-4.917389,-4.717701,0.5395155
1750940560738,142088744,-5.3117313,-3.0951385,-1.1916656
1750940560738,142088744,-5.3117313,-3.0951385,-1.1916656
1750940560755,142105411,-2.5771022,-2.1539657,-0.9938154
1750940560755,142105411,-2.5771022,-2.1539657,-0.9938154
1750940560772,142122078,-3.497693,-2.3644476,0.08071518
1750940560772,142122078,-3.497693,-2.3644476,0.08071518
1750940560788,142138745,-2.5245569,-1.8767078,1.0851488
1750940560788,142138745,-2.5245569,-1.8767078,1.0851488
1750940560805,142155412,-1.3727506,-1.3786054,1.5937939
1750940560805,142155412,-1.3727506,-1.3786054,1.5937939
1750940560822,142172079,-0.9720864,-0.92203164,0.6135311
1750940560822,142172079,-0.9720864,-0.92203164,0.6135311
1750940560838,142188746,1.2894827,-0.7332092,-0.3141346
1750940560838,142188746,1.2894827,-0.7332092,-0.3141346
1750940560855,142205413,1.1746739,-0.6065593,-0.32625008
1750940560855,142205413,1.1746739,-0.6065593,-0.32625008
1750940560872,142222080,-0.5751033,-0.22486342,0.6314001
1750940560872,142222080,-0.5751033,-0.22486342,0.6314001
1750940560888,142238747,-0.836356,-0.039971046,0.19604397
1750940560888,142238747,-0.836356,-0.039971046,0.19604397
1750940560905,142255414,-0.79885006,-0.044267636,-0.11316872
1750940560905,142255414,-0.79885006,-0.044267636,-0.11316872
1750940560922,142272081,-0.26943615,0.05509237,0.2714491
1750940560922,142272081,-0.26943615,0.05509237,0.2714491
1750940560938,142288748,0.16261528,-0.015087125,-0.03848362
1750940560938,142288748,0.16261528,-0.015087125,-0.03848362
1750940560955,142305415,0.017382603,0.13482212,-0.07716751
1750940560955,142305415,0.017382603,0.13482212,-0.07716751
1750940560972,142322082,-0.13878009,0.11816772,0.23282242
1750940560972,142322082,-0.13878009,0.11816772,0.23282242
1750940560988,142338749,-0.6313691,-0.16362713,0.18250656
1750940560988,142338749,-0.6313691,-0.16362713,0.18250656
1750940561005,142355416,-0.9237607,-0.30772123,0.18002796
1750940561005,142355416,-0.9237607,-0.30772123,0.18002796
1750940561022,142372083,-0.65216297,-0.3166222,0.27206993
1750940561022,142372083,-0.65216297,-0.3166222,0.27206993
1750940561038,142388750,-0.37554133,-0.39486536,0.15169907
1750940561038,142388750,-0.37554133,-0.39486536,0.15169907
1750940561055,142405417,-0.6715134,-0.58220744,0.14212894
1750940561055,142405417,-0.6715134,-0.58220744,0.14212894
1750940561072,142422084,-0.887723,-0.499992,0.06728363
1750940561072,142422084,-0.887723,-0.499992,0.06728363
1750940561088,142438751,-1.1025778,-0.35003582,0.15497208
1750940561088,142438751,-1.1025778,-0.35003582,0.15497208
1750940561105,142455418,-0.9368295,0.18288925,0.427845
1750940561105,142455418,-0.9368295,0.18288925,0.427845
1750940561122,142472085,0.08188666,0.6152469,0.7032232
1750940561122,142472085,0.08188666,0.6152469,0.7032232
1750940561138,142488752,-0.40031773,0.66667587,0.6239805
1750940561138,142488752,-0.40031773,0.66667587,0.6239805
1750940561155,142505419,-0.54780346,1.0571195,0.74138355
1750940561155,142505419,-0.54780346,1.0571195,0.74138355
1750940561172,142522086,-1.0379292,0.9427173,0.46384907
1750940561172,142522086,-1.0379292,0.9427173,0.46384907
1750940561188,142538753,-0.98520756,1.2066103,0.66944504
1750940561188,142538753,-0.98520756,1.2066103,0.66944504
1750940561205,142555420,-0.21402349,1.9737707,1.3604975
1750940561205,142555420,-0.21402349,1.9737707,1.3604975
1750940561222,142572087,-0.115830004,2.424558,2.107955
1750940561222,142572087,-0.115830004,2.424558,2.107955
1750940561238,142588754,-0.5408077,3.356401,2.7856064
1750940561238,142588754,-0.5408077,3.356401,2.7856064
1750940561255,142605421,-1.842831,4.1042776,2.872654
1750940561255,142605421,-1.842831,4.1042776,2.872654
1750940561272,142622088,-2.7320907,5.527436,2.9166985
1750940561272,142622088,-2.7320907,5.527436,2.9166985
1750940561288,142638755,-2.161338,8.265861,3.0838661
1750940561288,142638755,-2.161338,8.265861,3.0838661
1750940561305,142655422,-0.83515435,13.260854,2.816001
1750940561305,142655422,-0.83515435,13.260854,2.816001
1750940561322,142672089,-3.365845,15.96138,2.5661135
1750940561322,142672089,-3.365845,15.96138,2.5661135
1750940561338,142688756,0.6143772,12.289345,3.1269073
1750940561338,142688756,0.6143772,12.289345,3.1269073
1750940561355,142705423,5.2453566,7.5559573,3.6813736
1750940561355,142705423,5.2453566,7.5559573,3.6813736
1750940561372,142722090,0.79517907,7.673131,3.3630943
1750940561372,142722090,0.79517907,7.673131,3.3630943
1750940561388,142738757,-1.5320892,6.870872,0.7176895
1750940561388,142738757,-1.5320892,6.870872,0.7176895
1750940561405,142755424,-1.5950518,4.371612,0.0273695
1750940561405,142755424,-1.5950518,4.371612,0.0273695
1750940561422,142772091,2.2816858,4.3026156,-1.2718945
1750940561422,142772091,2.2816858,4.3026156,-1.2718945
1750940561438,142788758,4.805532,8.301577,-4.5700054
1750940561438,142788758,4.805532,8.301577,-4.5700054
1750940561455,142805425,2.7354772,7.0208235,-9.171437
1750940561455,142805425,2.7354772,7.0208235,-9.171437
1750940561472,142822092,-0.08751091,4.9860334,-8.959609
1750940561472,142822092,-0.08751091,4.9860334,-8.959609
1750940561488,142838759,-0.6572735,4.0398145,-7.479288
1750940561488,142838759,-0.6572735,4.0398145,-7.479288
1750940561505,142855426,-0.63473433,2.9918737,-6.646201
1750940561505,142855426,-0.63473433,2.9918737,-6.646201
1750940561522,142872093,0.63159084,3.582686,-6.5074234
1750940561522,142872093,0.63159084,3.582686,-6.5074234
1750940561538,142888760,0.9832232,4.043723,-5.9380827
1750940561538,142888760,0.9832232,4.043723,-5.9380827
1750940561555,142905427,1.0492566,3.849587,-5.0510197
1750940561555,142905427,1.0492566,3.849587,-5.0510197
1750940561572,142922094,0.5182114,3.3246825,-3.7921753
1750940561572,142922094,0.5182114,3.3246825,-3.7921753
1750940561588,142938761,-0.7617317,3.1944065,-1.969163
1750940561588,142938761,-0.7617317,3.1944065,-1.969163
1750940561605,142955428,-1.8612901,2.8716197,0.13301659
1750940561605,142955428,-1.8612901,2.8716197,0.13301659
1750940561622,142972095,-2.1813679,1.1744394,3.0832062
1750940561622,142972095,-2.1813679,1.1744394,3.0832062
1750940561638,142988762,-1.4386834,-0.3846582,5.4744587
1750940561638,142988762,-1.4386834,-0.3846582,5.4744587
1750940561655,143005429,0.6472466,-2.2374349,7.0355034
1750940561655,143005429,0.6472466,-2.2374349,7.0355034
1750940561672,143022096,1.0465482,-3.601754,6.4342384
1750940561672,143022096,1.0465482,-3.601754,6.4342384
1750940561688,143038763,2.8124623,-4.3514223,7.5979404
1750940561688,143038763,2.8124623,-4.3514223,7.5979404
1750940561705,143055430,4.472175,-7.591385,9.138674
1750940561705,143055430,4.472175,-7.591385,9.138674
1750940561722,143072097,2.5821323,-10.313417,7.4055614
1750940561722,143072097,2.5821323,-10.313417,7.4055614
1750940561738,143088764,2.8594792,-8.436279,4.1322384
1750940561738,143088764,2.8594792,-8.436279,4.1322384
1750940561755,143105431,-5.9182158,-12.414474,-1.0696468
1750940561755,143105431,-5.9182158,-12.414474,-1.0696468
1750940561772,143122098,-0.5142823,-14.037499,-1.7087812
1750940561772,143122098,-0.5142823,-14.037499,-1.7087812
1750940561788,143138765,4.28068,-13.983832,-7.1120305
1750940561788,143138765,4.28068,-13.983832,-7.1120305
1750940561805,143155432,-1.7606212,-13.130763,-8.626183
1750940561805,143155432,-1.7606212,-13.130763,-8.626183
1750940561822,143172099,-0.99029404,-11.277447,-6.4473705
1750940561822,143172099,-0.99029404,-11.277447,-6.4473705
1750940561838,143188766,0.4590471,-10.414082,-4.1033173
1750940561838,143188766,0.4590471,-10.414082,-4.1033173
1750940561855,143205433,-1.2252214,-8.555229,-3.276043
1750940561855,143205433,-1.2252214,-8.555229,-3.276043
1750940561872,143222100,-2.4055605,-6.196798,-3.4354258
1750940561872,143222100,-2.4055605,-6.196798,-3.4354258
1750940561888,143238767,-2.8477452,-7.3208447,-5.1798677
1750940561888,143238767,-2.8477452,-7.3208447,-5.1798677
1750940561905,143255434,-1.5368943,-3.3791132,-1.2392149
1750940561905,143255434,-1.5368943,-3.3791132,-1.2392149
1750940561922,143272101,1.7188964,5.3249598,7.5394
1750940561922,143272101,1.7188964,5.3249598,7.5394
1750940561938,143288768,4.983935,-0.54952,2.6847153
1750940561938,143288768,4.983935,-0.54952,2.6847153
1750940561955,143305435,-4.675536,-10.978132,2.2062016
1750940561955,143305435,-4.675536,-10.978132,2.2062016
1750940561972,143322102,-0.742909,-6.317904,6.2604904
1750940561972,143322102,-0.742909,-6.317904,6.2604904
1750940561988,143338769,-5.7358932,-4.694588,-0.44138718
1750940561988,143338769,-5.7358932,-4.694588,-0.44138718
1750940562005,143355436,-4.1674757,-2.501659,0.038793564
1750940562005,143355436,-4.1674757,-2.501659,0.038793564
1750940562022,143372103,-3.425815,-2.351824,-0.92387486
1750940562022,143372103,-3.425815,-2.351824,-0.92387486
1750940562038,143388770,-0.11920371,-2.4117553,-0.51773643
1750940562038,143388770,-0.11920371,-2.4117553,-0.51773643
1750940562055,143405437,0.3096013,-2.3185742,0.6561899
1750940562055,143405437,0.3096013,-2.3185742,0.6561899
1750940562072,143422104,0.018952781,-2.334618,0.8634453
1750940562072,143422104,0.018952781,-2.334618,0.8634453
1750940562088,143438771,-1.0840446,-1.6014742,0.73242664
1750940562088,143438771,-1.0840446,-1.6014742,0.73242664
1750940562105,143455438,-1.4418237,-1.2243347,0.9789667
1750940562105,143455438,-1.4418237,-1.2243347,0.9789667
1750940562122,143472105,-0.49774346,-0.4636879,0.42918396
1750940562122,143472105,-0.49774346,-0.4636879,0.42918396
1750940562138,143488772,-0.47317716,-0.65461135,-0.28801823
1750940562138,143488772,-0.47317716,-0.65461135,-0.28801823
1750940562155,143505439,0.0026068315,-0.44753686,-0.39391613
1750940562155,143505439,0.0026068315,-0.44753686,-0.39391613
1750940562172,143522106,-0.20290484,-0.4639054,-0.07886028
1750940562172,143522106,-0.20290484,-0.4639054,-0.07886028
1750940562188,143538773,-0.31551895,-0.20808497,0.10462093
1750940562188,143538773,-0.31551895,-0.20808497,0.10462093
1750940562205,143555440,0.38883498,0.5257684,0.27326202
1750940562205,143555440,0.38883498,0.5257684,0.27326202
1750940562222,143572107,-0.031798966,0.07616472,0.17353916
1750940562222,143572107,-0.031798966,0.07616472,0.17353916
1750940562238,143588774,-0.45363453,-0.027145648,-0.00092220306
1750940562238,143588774,-0.45363453,-0.027145648,-0.00092220306
1750940562255,143605441,-0.74308,-0.19803159,-0.2664528
1750940562255,143605441,-0.74308,-0.19803159,-0.2664528
1750940562272,143622108,-0.69737023,-0.2901169,0.06965923
1750940562272,143622108,-0.69737023,-0.2901169,0.06965923
1750940562288,143638775,-0.830641,-0.38818255,-0.15454769
1750940562288,143638775,-0.830641,-0.38818255,-0.15454769
1750940562305,143655442,-0.40370286,0.122038074,-0.1325388
1750940562305,143655442,-0.40370286,0.122038074,-0.1325388
1750940562322,143672109,-0.30252254,0.1635384,-0.18097687
1750940562322,143672109,-0.30252254,0.1635384,-0.18097687
1750940562338,143688776,-0.7652916,0.0006037085,-0.005088806
1750940562338,143688776,-0.7652916,0.0006037085,-0.005088806
1750940562355,143705443,-0.5665993,-0.19926247,-0.016990662
1750940562355,143705443,-0.5665993,-0.19926247,-0.016990662
1750940562372,143722110,-0.6323097,-0.20843053,-0.024930954
1750940562372,143722110,-0.6323097,-0.20843053,-0.024930954
1750940562388,143738777,-0.6072029,-0.22121905,-0.031196594
1750940562388,143738777,-0.6072029,-0.22121905,-0.031196594
1750940562405,143755444,-0.6283298,-0.20437421,-0.10292721
1750940562405,143755444,-0.6283298,-0.20437421,-0.10292721
1750940562422,143772111,-0.3680145,0.095418125,0.25610924
1750940562422,143772111,-0.3680145,0.095418125,0.25610924
1750940562438,143788778,-0.67719734,-0.14716071,0.34883308
1750940562438,143788778,-0.67719734,-0.14716071,0.34883308
1750940562455,143805445,-0.7776771,-0.3651558,0.31742668
1750940562455,143805445,-0.7776771,-0.3651558,0.31742668
1750940562472,143822112,-0.25871736,-0.37104782,0.1334858
1750940562472,143822112,-0.25871736,-0.37104782,0.1334858
1750940562488,143838779,-0.16810209,-0.32248002,0.11301327
1750940562488,143838779,-0.16810209,-0.32248002,0.11301327
1750940562505,143855446,-0.048620325,-0.13390326,0.11304474
1750940562505,143855446,-0.048620325,-0.13390326,0.11304474
1750940562522,143872113,-0.1665053,0.033809017,0.105223656
1750940562522,143872113,-0.1665053,0.033809017,0.105223656
1750940562538,143888780,-0.02901891,0.31429362,0.19491768
1750940562538,143888780,-0.02901891,0.31429362,0.19491768
1750940562555,143905447,-0.12343749,0.32858258,0.2564335
1750940562555,143905447,-0.12343749,0.32858258,0.2564335
1750940562572,143922114,0.11321803,0.5226191,0.35021877
1750940562572,143922114,0.11321803,0.5226191,0.35021877
1750940562588,143938781,-0.014702012,0.29946065,0.2783184
1750940562588,143938781,-0.014702012,0.29946065,0.2783184
1750940562605,143955448,-0.102937326,0.28152037,0.21394062
1750940562605,143955448,-0.102937326,0.28152037,0.21394062
1750940562622,143972115,-0.055461165,0.3698972,0.48517418
1750940562622,143972115,-0.055461165,0.3698972,0.48517418
1750940562638,143988782,0.018856224,0.5930478,0.6171522
1750940562638,143988782,0.018856224,0.5930478,0.6171522
1750940562655,144005449,-0.24182537,0.59255654,0.52661705
1750940562655,144005449,-0.24182537,0.59255654,0.52661705
1750940562672,144022116,-0.6623147,1.1474425,0.99290943
1750940562672,144022116,-0.6623147,1.1474425,0.99290943
1750940562688,144038783,-0.85973966,2.028784,1.931859
1750940562688,144038783,-0.85973966,2.028784,1.931859
1750940562705,144055450,-1.05105,2.425383,2.285594
1750940562705,144055450,-1.05105,2.425383,2.285594
1750940562722,144072117,-1.070127,2.049035,2.4038372
1750940562722,144072117,-1.070127,2.049035,2.4038372
1750940562738,144088784,0.5289329,2.0776312,2.0835752
1750940562738,144088784,0.5289329,2.0776312,2.0835752
1750940562755,144105451,1.3381437,0.9117744,1.3628035
1750940562755,144105451,1.3381437,0.9117744,1.3628035
1750940562772,144122118,1.2636117,0.40212283,0.771451
1750940562772,144122118,1.2636117,0.40212283,0.771451
1750940562788,144138785,1.5253069,-0.094194844,-0.027881622
1750940562788,144138785,1.5253069,-0.094194844,-0.027881622
1750940562805,144155452,1.3347406,-0.9397713,-0.4352045
1750940562805,144155452,1.3347406,-0.9397713,-0.4352045
1750940562822,144172119,1.2619879,-0.6836353,-0.8279505
1750940562822,144172119,1.2619879,-0.6836353,-0.8279505
1750940562838,144188786,1.4894094,-0.00917923,-1.0004444
1750940562838,144188786,1.4894094,-0.00917923,-1.0004444
1750940562855,144205453,1.0299323,0.75157505,-1.1552162
1750940562855,144205453,1.0299323,0.75157505,-1.1552162
1750940562872,144222120,0.18176073,0.47274375,-1.1429844
1750940562872,144222120,0.18176073,0.47274375,-1.1429844
1750940562888,144238787,-0.35081878,0.51800525,-0.98536205
1750940562888,144238787,-0.35081878,0.51800525,-0.98536205
1750940562905,144255454,-0.45146197,0.7507133,-0.93627834
1750940562905,144255454,-0.45146197,0.7507133,-0.93627834
1750940562922,144272121,-0.90666646,0.5700137,-0.9183979
1750940562922,144272121,-0.90666646,0.5700137,-0.9183979
1750940562938,144288788,-1.0227085,0.49713147,-0.654953
1750940562938,144288788,-1.0227085,0.49713147,-0.654953
1750940562955,144305455,-1.2836369,0.3703641,-0.50274086
1750940562955,144305455,-1.2836369,0.3703641,-0.50274086
